outer,inner,seed,kind,group,category,pairs,mean_h1_logit_margin_contribution
0,0,42,family,time_location_scale,h1_rescue,356,0.7967880841999466
0,0,42,family,time_location_scale,str_rescue,188,-0.7232502839242192
0,0,42,family,time_shape,h1_rescue,356,0.7745237599888385
0,0,42,family,time_shape,str_rescue,188,-0.536290797240474
0,0,42,family,derivative,h1_rescue,356,0.04141385024538266
0,0,42,family,derivative,str_rescue,188,-0.07947673590866322
0,0,42,family,spectral_global,h1_rescue,356,0.3271972862625317
0,0,42,family,spectral_global,str_rescue,188,-0.29243626567391173
0,0,42,family,band_absolute,h1_rescue,356,0.704309800579715
0,0,42,family,band_absolute,str_rescue,188,-0.2005057580080328
0,0,42,family,band_fraction,h1_rescue,356,1.9841963426139397
0,0,42,family,band_fraction,str_rescue,188,-1.3215936141528968
0,0,42,activity,CrossArms,h1_rescue,356,0.32348400062738353
0,0,42,activity,CrossArms,str_rescue,188,0.08503163065771352
0,0,42,activity,DrinkGlas,h1_rescue,356,-0.7619535614166831
0,0,42,activity,DrinkGlas,str_rescue,188,-0.2572325082278443
0,0,42,activity,Entrainment,h1_rescue,356,0.5891949393197665
0,0,42,activity,Entrainment,str_rescue,188,-0.12525231638756848
0,0,42,activity,HoldWeight,h1_rescue,356,0.7135601524643556
0,0,42,activity,HoldWeight,str_rescue,188,-0.3496537074624385
0,0,42,activity,LiftHold,h1_rescue,356,-0.060991307686477175
0,0,42,activity,LiftHold,str_rescue,188,-1.061482874059779
0,0,42,activity,PointFinger,h1_rescue,356,0.0524374580844183
0,0,42,activity,PointFinger,str_rescue,188,-0.8397010316724567
0,0,42,activity,Relaxed,h1_rescue,356,0.2532345894007333
0,0,42,activity,Relaxed,str_rescue,188,0.1405765133814014
0,0,42,activity,RelaxedTask,h1_rescue,356,1.0301594185924878
0,0,42,activity,RelaxedTask,str_rescue,188,0.8143037626786385
0,0,42,activity,StretchHold,h1_rescue,356,0.4029406944297533
0,0,42,activity,StretchHold,str_rescue,188,-0.4657350176082531
0,0,42,activity,TouchIndex,h1_rescue,356,-0.036229109693495506
0,0,42,activity,TouchIndex,str_rescue,188,-0.7350888575862234
0,0,42,activity,TouchNose,h1_rescue,356,2.1225918497681144
0,0,42,activity,TouchNose,str_rescue,188,-0.3593190486213868
0,0,42,wrist,left,h1_rescue,356,1.0446138623185548
0,0,42,wrist,left,str_rescue,188,-1.0869890996491862
0,0,42,wrist,right,h1_rescue,356,3.5838152615717997
0,0,42,wrist,right,str_rescue,188,-2.066564355259012
0,0,43,family,time_location_scale,h1_rescue,304,0.8907500400361129
0,0,43,family,time_location_scale,str_rescue,256,-0.8723349732420445
0,0,43,family,time_shape,h1_rescue,304,0.7013441792204956
0,0,43,family,time_shape,str_rescue,256,-0.38637260732742185
0,0,43,family,derivative,h1_rescue,304,0.17605570984446892
0,0,43,family,derivative,str_rescue,256,-0.20406064752002218
0,0,43,family,spectral_global,h1_rescue,304,0.42269428187533026
0,0,43,family,spectral_global,str_rescue,256,-0.6544979767218349
0,0,43,family,band_absolute,h1_rescue,304,0.7411821668699801
0,0,43,family,band_absolute,str_rescue,256,-0.376500059439369
0,0,43,family,band_fraction,h1_rescue,304,1.9788853346867201
0,0,43,family,band_fraction,str_rescue,256,-1.4672380546008286
0,0,43,activity,CrossArms,h1_rescue,304,0.35658921841431396
0,0,43,activity,CrossArms,str_rescue,256,-0.03576212494293986
0,0,43,activity,DrinkGlas,h1_rescue,304,-0.47666175847126996
0,0,43,activity,DrinkGlas,str_rescue,256,-0.9376901454688772
0,0,43,activity,Entrainment,h1_rescue,304,0.35023125686251527
0,0,43,activity,Entrainment,str_rescue,256,0.31023611610588175
0,0,43,activity,HoldWeight,h1_rescue,304,1.2650250286568816
0,0,43,activity,HoldWeight,str_rescue,256,-0.8250384683409901
0,0,43,activity,LiftHold,h1_rescue,304,0.16656566766494685
0,0,43,activity,LiftHold,str_rescue,256,-1.0788263888776704
0,0,43,activity,PointFinger,h1_rescue,304,0.03763268568600851
0,0,43,activity,PointFinger,str_rescue,256,-1.0087459759209205
0,0,43,activity,Relaxed,h1_rescue,304,0.28325770861780414
0,0,43,activity,Relaxed,str_rescue,256,0.05622771633673776
0,0,43,activity,RelaxedTask,h1_rescue,304,1.0260414078850502
0,0,43,activity,RelaxedTask,str_rescue,256,0.7156956936583643
0,0,43,activity,StretchHold,h1_rescue,304,0.3150459357292394
0,0,43,activity,StretchHold,str_rescue,256,-0.4594411153669494
0,0,43,activity,TouchIndex,h1_rescue,304,-0.03029196186978132
0,0,43,activity,TouchIndex,str_rescue,256,-0.6896190539633391
0,0,43,activity,TouchNose,h1_rescue,304,1.6174765233574027
0,0,43,activity,TouchNose,str_rescue,256,-0.008040572070815481
0,0,43,wrist,left,h1_rescue,304,1.3444453008405786
0,0,43,wrist,left,str_rescue,256,-1.3949364840751008
0,0,43,wrist,right,h1_rescue,304,3.566466411692531
0,0,43,wrist,right,str_rescue,256,-2.5660678347764216
0,0,44,family,time_location_scale,h1_rescue,369,1.1736506813009608
0,0,44,family,time_location_scale,str_rescue,240,-0.506015657155913
0,0,44,family,time_shape,h1_rescue,369,0.9834193723432213
0,0,44,family,time_shape,str_rescue,240,-0.7284103840911055
0,0,44,family,derivative,h1_rescue,369,0.24021253970443537
0,0,44,family,derivative,str_rescue,240,-0.11785448412723204
0,0,44,family,spectral_global,h1_rescue,369,0.394619906079428
0,0,44,family,spectral_global,str_rescue,240,-0.7527550487390408
0,0,44,family,band_absolute,h1_rescue,369,0.7745539769987687
0,0,44,family,band_absolute,str_rescue,240,-0.5375894660240432
0,0,44,family,band_fraction,h1_rescue,369,1.7827802124693723
0,0,44,family,band_fraction,str_rescue,240,-1.2475586070216151
0,0,44,activity,CrossArms,h1_rescue,369,0.37611405108138196
0,0,44,activity,CrossArms,str_rescue,240,-0.32528926631615607
0,0,44,activity,DrinkGlas,h1_rescue,369,-0.4065027328686048
0,0,44,activity,DrinkGlas,str_rescue,240,-0.5596038779485304
0,0,44,activity,Entrainment,h1_rescue,369,0.5112583727423353
0,0,44,activity,Entrainment,str_rescue,240,0.030486456198104122
0,0,44,activity,HoldWeight,h1_rescue,369,0.5611560459340383
0,0,44,activity,HoldWeight,str_rescue,240,-0.312150838251768
0,0,44,activity,LiftHold,h1_rescue,369,0.141281008911663
0,0,44,activity,LiftHold,str_rescue,240,-1.1674851416062897
0,0,44,activity,PointFinger,h1_rescue,369,0.17702768115429848
0,0,44,activity,PointFinger,str_rescue,240,-0.7625677421112722
0,0,44,activity,Relaxed,h1_rescue,369,0.3314425909147348
0,0,44,activity,Relaxed,str_rescue,240,0.046198104949289075
0,0,44,activity,RelaxedTask,h1_rescue,369,1.50003604996068
0,0,44,activity,RelaxedTask,str_rescue,240,0.8174207362498562
0,0,44,activity,StretchHold,h1_rescue,369,0.13719944523650274
0,0,44,activity,StretchHold,str_rescue,240,-0.4874023737753618
0,0,44,activity,TouchIndex,h1_rescue,369,0.10773482044979918
0,0,44,activity,TouchIndex,str_rescue,240,-0.8243436611243117
0,0,44,activity,TouchNose,h1_rescue,369,1.9124893553793598
0,0,44,activity,TouchNose,str_rescue,240,-0.3454460434225063
0,0,44,wrist,left,h1_rescue,369,2.1459861966427107
0,0,44,wrist,left,str_rescue,240,-1.2027224367248943
0,0,44,wrist,right,h1_rescue,369,3.203250492253475
0,0,44,wrist,right,str_rescue,240,-2.6874612104340545
0,1,42,family,time_location_scale,h1_rescue,344,3.1402234459626324
0,1,42,family,time_location_scale,str_rescue,306,-1.4031416312599971
0,1,42,family,time_shape,h1_rescue,344,0.8974827220647843
0,1,42,family,time_shape,str_rescue,306,-0.3081010572233926
0,1,42,family,derivative,h1_rescue,344,0.5552065225258381
0,1,42,family,derivative,str_rescue,306,-0.039072068494157
0,1,42,family,spectral_global,h1_rescue,344,2.1543088244949415
0,1,42,family,spectral_global,str_rescue,306,-1.5343045660684291
0,1,42,family,band_absolute,h1_rescue,344,1.4555817559999686
0,1,42,family,band_absolute,str_rescue,306,-1.4302703731362192
0,1,42,family,band_fraction,h1_rescue,344,0.9327440533314636
0,1,42,family,band_fraction,str_rescue,306,-0.7044739762281298
0,1,42,activity,CrossArms,h1_rescue,344,0.6482546387913735
0,1,42,activity,CrossArms,str_rescue,306,-0.7215448863113946
0,1,42,activity,DrinkGlas,h1_rescue,344,2.039002577249633
0,1,42,activity,DrinkGlas,str_rescue,306,-0.39970702820858406
0,1,42,activity,Entrainment,h1_rescue,344,-0.14974565736181442
0,1,42,activity,Entrainment,str_rescue,306,0.3946511157760517
0,1,42,activity,HoldWeight,h1_rescue,344,1.2491551203623494
0,1,42,activity,HoldWeight,str_rescue,306,-1.1163352389193317
0,1,42,activity,LiftHold,h1_rescue,344,-0.23492819320337927
0,1,42,activity,LiftHold,str_rescue,306,-1.4190371862102864
0,1,42,activity,PointFinger,h1_rescue,344,0.7275735736428028
0,1,42,activity,PointFinger,str_rescue,306,-0.6601652137580352
0,1,42,activity,Relaxed,h1_rescue,344,-1.1116592299124315
0,1,42,activity,Relaxed,str_rescue,306,1.1155046521219596
0,1,42,activity,RelaxedTask,h1_rescue,344,0.4735487737500961
0,1,42,activity,RelaxedTask,str_rescue,306,0.9752539164600889
0,1,42,activity,StretchHold,h1_rescue,344,4.2812499529452746
0,1,42,activity,StretchHold,str_rescue,306,-3.5487291350143506
0,1,42,activity,TouchIndex,h1_rescue,344,0.3583183562203462
0,1,42,activity,TouchIndex,str_rescue,306,-0.677782239024712
0,1,42,activity,TouchNose,h1_rescue,344,0.8547774118953783
0,1,42,activity,TouchNose,str_rescue,306,0.638527570678268
0,1,42,wrist,left,h1_rescue,344,3.273844942437716
0,1,42,wrist,left,str_rescue,306,-3.2226248564658633
0,1,42,wrist,right,h1_rescue,344,5.861702381941914
0,1,42,wrist,right,str_rescue,306,-2.1967388159444656
0,1,43,family,time_location_scale,h1_rescue,411,2.50839855938314
0,1,43,family,time_location_scale,str_rescue,302,-0.668940729543708
0,1,43,family,time_shape,h1_rescue,411,1.2879179214744487
0,1,43,family,time_shape,str_rescue,302,-0.5741094794443183
0,1,43,family,derivative,h1_rescue,411,0.005086906657786642
0,1,43,family,derivative,str_rescue,302,0.3313474808673737
0,1,43,family,spectral_global,h1_rescue,411,2.943381494002196
0,1,43,family,spectral_global,str_rescue,302,-1.721376654896172
0,1,43,family,band_absolute,h1_rescue,411,1.2116927925794818
0,1,43,family,band_absolute,str_rescue,302,-1.5363753429427918
0,1,43,family,band_fraction,h1_rescue,411,1.2883438909126501
0,1,43,family,band_fraction,str_rescue,302,-0.7400970719712429
0,1,43,activity,CrossArms,h1_rescue,411,2.199893669432597
0,1,43,activity,CrossArms,str_rescue,302,-1.57184002332928
0,1,43,activity,DrinkGlas,h1_rescue,411,2.482429276717706
0,1,43,activity,DrinkGlas,str_rescue,302,-0.3980846229073157
0,1,43,activity,Entrainment,h1_rescue,411,0.43176290228724146
0,1,43,activity,Entrainment,str_rescue,302,0.2340205512746255
0,1,43,activity,HoldWeight,h1_rescue,411,2.605322558868146
0,1,43,activity,HoldWeight,str_rescue,302,-1.2976263325839905
0,1,43,activity,LiftHold,h1_rescue,411,0.09138280869374961
0,1,43,activity,LiftHold,str_rescue,302,-1.62194525766876
0,1,43,activity,PointFinger,h1_rescue,411,1.0755796460052238
0,1,43,activity,PointFinger,str_rescue,302,-0.5590865047608399
0,1,43,activity,Relaxed,h1_rescue,411,-3.179249294826943
0,1,43,activity,Relaxed,str_rescue,302,1.757209926614707
0,1,43,activity,RelaxedTask,h1_rescue,411,-0.34104479479925937
0,1,43,activity,RelaxedTask,str_rescue,302,1.3416974434501936
0,1,43,activity,StretchHold,h1_rescue,411,1.5392252146799357
0,1,43,activity,StretchHold,str_rescue,302,-2.6266836987145203
0,1,43,activity,TouchIndex,h1_rescue,411,0.621429913302036
0,1,43,activity,TouchIndex,str_rescue,302,-0.6464278088234804
0,1,43,activity,TouchNose,h1_rescue,411,1.71808966464927
0,1,43,activity,TouchNose,str_rescue,302,0.47921452951780036
0,1,43,wrist,left,h1_rescue,411,3.712429449251722
0,1,43,wrist,left,str_rescue,302,-2.647375924767892
0,1,43,wrist,right,h1_rescue,411,5.532392115757979
0,1,43,wrist,right,str_rescue,302,-2.26217587316297
0,1,44,family,time_location_scale,h1_rescue,399,2.0302480903789
0,1,44,family,time_location_scale,str_rescue,235,-0.7921797557885318
0,1,44,family,time_shape,h1_rescue,399,0.9918194280277717
0,1,44,family,time_shape,str_rescue,235,-0.5755757062079921
0,1,44,family,derivative,h1_rescue,399,0.2012398843584678
0,1,44,family,derivative,str_rescue,235,-0.049810973682171446
0,1,44,family,spectral_global,h1_rescue,399,1.8653217697970643
0,1,44,family,spectral_global,str_rescue,235,-0.6341385193524827
0,1,44,family,band_absolute,h1_rescue,399,1.0240452085106493
0,1,44,family,band_absolute,str_rescue,235,-1.1526855505243503
0,1,44,family,band_fraction,h1_rescue,399,0.6422401739707337
0,1,44,family,band_fraction,str_rescue,235,-0.4273353801046823
0,1,44,activity,CrossArms,h1_rescue,399,0.568796380561617
0,1,44,activity,CrossArms,str_rescue,235,-1.0114384823437812
0,1,44,activity,DrinkGlas,h1_rescue,399,2.232253693755571
0,1,44,activity,DrinkGlas,str_rescue,235,-0.015381109318196405
0,1,44,activity,Entrainment,h1_rescue,399,0.6107755945272076
0,1,44,activity,Entrainment,str_rescue,235,0.27612051123790143
0,1,44,activity,HoldWeight,h1_rescue,399,0.034041873609603784
0,1,44,activity,HoldWeight,str_rescue,235,-1.1381228429015084
0,1,44,activity,LiftHold,h1_rescue,399,-0.04691632349883536
0,1,44,activity,LiftHold,str_rescue,235,-0.7263000516555009
0,1,44,activity,PointFinger,h1_rescue,399,0.6721236385050646
0,1,44,activity,PointFinger,str_rescue,235,-0.8237989936408004
0,1,44,activity,Relaxed,h1_rescue,399,-1.7721887518133002
0,1,44,activity,Relaxed,str_rescue,235,0.5504201453533486
0,1,44,activity,RelaxedTask,h1_rescue,399,0.2858869375394877
0,1,44,activity,RelaxedTask,str_rescue,235,1.0067030498684197
0,1,44,activity,StretchHold,h1_rescue,399,2.823260603811083
0,1,44,activity,StretchHold,str_rescue,235,-2.389630708749615
0,1,44,activity,TouchIndex,h1_rescue,399,0.4255073918427374
0,1,44,activity,TouchIndex,str_rescue,235,-0.47511051544418575
0,1,44,activity,TouchNose,h1_rescue,399,0.9213735162033508
0,1,44,activity,TouchNose,str_rescue,235,1.114813111933707
0,1,44,wrist,left,h1_rescue,399,3.1111679600652598
0,1,44,wrist,left,str_rescue,235,-2.0200812538014783
0,1,44,wrist,right,h1_rescue,399,3.64374659497833
0,1,44,wrist,right,str_rescue,235,-1.6116446318587392
0,2,42,family,time_location_scale,h1_rescue,223,3.7707006842440802
0,2,42,family,time_location_scale,str_rescue,283,-2.1795225180048305
0,2,42,family,time_shape,h1_rescue,223,0.009681142194581086
0,2,42,family,time_shape,str_rescue,283,0.3446974719666496
0,2,42,family,derivative,h1_rescue,223,0.5666688807917034
0,2,42,family,derivative,str_rescue,283,-0.08299349487752129
0,2,42,family,spectral_global,h1_rescue,223,0.8353737389316996
0,2,42,family,spectral_global,str_rescue,283,-0.8926690482289438
0,2,42,family,band_absolute,h1_rescue,223,1.0065005415303305
0,2,42,family,band_absolute,str_rescue,283,-0.6475851793374368
0,2,42,family,band_fraction,h1_rescue,223,-0.24228849343664668
0,2,42,family,band_fraction,str_rescue,283,-0.5428367751017258
0,2,42,activity,CrossArms,h1_rescue,223,0.09391533430427852
0,2,42,activity,CrossArms,str_rescue,283,-0.7966823422930496
0,2,42,activity,DrinkGlas,h1_rescue,223,0.8969178247427045
0,2,42,activity,DrinkGlas,str_rescue,283,0.10791433082326707
0,2,42,activity,Entrainment,h1_rescue,223,0.00230739077379456
0,2,42,activity,Entrainment,str_rescue,283,-0.9030318426811639
0,2,42,activity,HoldWeight,h1_rescue,223,3.444270748771292
0,2,42,activity,HoldWeight,str_rescue,283,-0.5992315436300217
0,2,42,activity,LiftHold,h1_rescue,223,0.7129724160813612
0,2,42,activity,LiftHold,str_rescue,283,-0.021911375874236274
0,2,42,activity,PointFinger,h1_rescue,223,-0.11133509536612304
0,2,42,activity,PointFinger,str_rescue,283,-0.36645977341607233
0,2,42,activity,Relaxed,h1_rescue,223,-0.2732297872331192
0,2,42,activity,Relaxed,str_rescue,283,-0.08762708591686559
0,2,42,activity,RelaxedTask,h1_rescue,223,0.6485907422869659
0,2,42,activity,RelaxedTask,str_rescue,283,-0.9892298260720893
0,2,42,activity,StretchHold,h1_rescue,223,0.4753850770301519
0,2,42,activity,StretchHold,str_rescue,283,-0.3102159014073771
0,2,42,activity,TouchIndex,h1_rescue,223,-0.18981679643666358
0,2,42,activity,TouchIndex,str_rescue,283,-0.3024344208033921
0,2,42,activity,TouchNose,h1_rescue,223,0.24665863930110313
0,2,42,activity,TouchNose,str_rescue,283,0.26800023768718906
0,2,42,wrist,left,h1_rescue,223,1.0326209186619961
0,2,42,wrist,left,str_rescue,283,-1.9907639267384125
0,2,42,wrist,right,h1_rescue,223,4.914015575593758
0,2,42,wrist,right,str_rescue,283,-2.0101456168453984
0,2,43,family,time_location_scale,h1_rescue,239,1.2465390940730974
0,2,43,family,time_location_scale,str_rescue,265,-1.8587778922401872
0,2,43,family,time_shape,h1_rescue,239,0.912006693270078
0,2,43,family,time_shape,str_rescue,265,0.18784237392335523
0,2,43,family,derivative,h1_rescue,239,0.22809149290773797
0,2,43,family,derivative,str_rescue,265,-0.05197373024819069
0,2,43,family,spectral_global,h1_rescue,239,1.0836572440059173
0,2,43,family,spectral_global,str_rescue,265,-0.8689723895591657
0,2,43,family,band_absolute,h1_rescue,239,0.15397058353148907
0,2,43,family,band_absolute,str_rescue,265,-0.568049872041224
0,2,43,family,band_fraction,h1_rescue,239,1.2668053944796074
0,2,43,family,band_fraction,str_rescue,265,-0.6858008637668462
0,2,43,activity,CrossArms,h1_rescue,239,-0.46727565760276407
0,2,43,activity,CrossArms,str_rescue,265,-0.6141427076990044
0,2,43,activity,DrinkGlas,h1_rescue,239,1.3561202737198976
0,2,43,activity,DrinkGlas,str_rescue,265,0.14094759924429315
0,2,43,activity,Entrainment,h1_rescue,239,0.34503418912273165
0,2,43,activity,Entrainment,str_rescue,265,-0.9745263532106389
0,2,43,activity,HoldWeight,h1_rescue,239,0.7037893553893606
0,2,43,activity,HoldWeight,str_rescue,265,-0.3425355476520535
0,2,43,activity,LiftHold,h1_rescue,239,0.6382736273328844
0,2,43,activity,LiftHold,str_rescue,265,0.04330423265872604
0,2,43,activity,PointFinger,h1_rescue,239,-0.14881418930116203
0,2,43,activity,PointFinger,str_rescue,265,-0.5057369027836606
0,2,43,activity,Relaxed,h1_rescue,239,0.6820395135156294
0,2,43,activity,Relaxed,str_rescue,265,-0.14074210824949826
0,2,43,activity,RelaxedTask,h1_rescue,239,0.9743052758643556
0,2,43,activity,RelaxedTask,str_rescue,265,-1.0467649997212112
0,2,43,activity,StretchHold,h1_rescue,239,0.5007416991689945
0,2,43,activity,StretchHold,str_rescue,265,-0.25085367647317125
0,2,43,activity,TouchIndex,h1_rescue,239,-0.26298086652902886
0,2,43,activity,TouchIndex,str_rescue,265,-0.2750433595829435
0,2,43,activity,TouchNose,h1_rescue,239,0.5698372815870284
0,2,43,activity,TouchNose,str_rescue,265,0.12036144953690033
0,2,43,wrist,left,h1_rescue,239,1.3359753542203454
0,2,43,wrist,left,str_rescue,265,-1.7828805234772827
0,2,43,wrist,right,h1_rescue,239,3.555095148047585
0,2,43,wrist,right,str_rescue,265,-2.0628518504549795
0,2,44,family,time_location_scale,h1_rescue,344,1.9247027710904516
0,2,44,family,time_location_scale,str_rescue,217,-1.074028100471018
0,2,44,family,time_shape,h1_rescue,344,0.791174711593264
0,2,44,family,time_shape,str_rescue,217,0.09148864904805933
0,2,44,family,derivative,h1_rescue,344,0.3465636461515626
0,2,44,family,derivative,str_rescue,217,-0.02478930613373396
0,2,44,family,spectral_global,h1_rescue,344,1.1955956366707594
0,2,44,family,spectral_global,str_rescue,217,-1.2623597192586542
0,2,44,family,band_absolute,h1_rescue,344,0.3193910890439623
0,2,44,family,band_absolute,str_rescue,217,-0.8001437468527358
0,2,44,family,band_fraction,h1_rescue,344,0.9504359061359317
0,2,44,family,band_fraction,str_rescue,217,-0.9055867937158203
0,2,44,activity,CrossArms,h1_rescue,344,-0.1562251691295814
0,2,44,activity,CrossArms,str_rescue,217,-0.9332305177794711
0,2,44,activity,DrinkGlas,h1_rescue,344,1.135296435583112
0,2,44,activity,DrinkGlas,str_rescue,217,0.47568057793552326
0,2,44,activity,Entrainment,h1_rescue,344,0.2684745540003472
0,2,44,activity,Entrainment,str_rescue,217,-0.14240740011227776
0,2,44,activity,HoldWeight,h1_rescue,344,0.759688499831164
0,2,44,activity,HoldWeight,str_rescue,217,-0.3776344834600389
0,2,44,activity,LiftHold,h1_rescue,344,0.5035870497150868
0,2,44,activity,LiftHold,str_rescue,217,0.020360172429360016
0,2,44,activity,PointFinger,h1_rescue,344,0.23671459244903315
0,2,44,activity,PointFinger,str_rescue,217,-0.9787737100810023
0,2,44,activity,Relaxed,h1_rescue,344,0.4940621641312032
0,2,44,activity,Relaxed,str_rescue,217,-0.2622001420405011
0,2,44,activity,RelaxedTask,h1_rescue,344,1.3563225313938938
0,2,44,activity,RelaxedTask,str_rescue,217,-1.491336070424085
0,2,44,activity,StretchHold,h1_rescue,344,0.40666720707964155
0,2,44,activity,StretchHold,str_rescue,217,0.03795002336392248
0,2,44,activity,TouchIndex,h1_rescue,344,-0.04468283530156008
0,2,44,activity,TouchIndex,str_rescue,217,-0.5239427003668925
0,2,44,activity,TouchNose,h1_rescue,344,0.5679587309335914
0,2,44,activity,TouchNose,str_rescue,217,0.20011523315155796
0,2,44,wrist,left,h1_rescue,344,1.414574239663466
0,2,44,wrist,left,str_rescue,217,-0.9032496882290014
0,2,44,wrist,right,h1_rescue,344,4.11328952102247
0,2,44,wrist,right,str_rescue,217,-3.072169329154906
1,0,42,family,time_location_scale,h1_rescue,424,2.273995039029373
1,0,42,family,time_location_scale,str_rescue,233,-1.118271249759391
1,0,42,family,time_shape,h1_rescue,424,0.3038545451497135
1,0,42,family,time_shape,str_rescue,233,-0.7139988159902072
1,0,42,family,derivative,h1_rescue,424,0.6426943520291912
1,0,42,family,derivative,str_rescue,233,-0.35047871046605245
1,0,42,family,spectral_global,h1_rescue,424,0.44377422527344096
1,0,42,family,spectral_global,str_rescue,233,-0.3367409432417386
1,0,42,family,band_absolute,h1_rescue,424,0.966077227959434
1,0,42,family,band_absolute,str_rescue,233,-0.6025714165896051
1,0,42,family,band_fraction,h1_rescue,424,0.7716643092850027
1,0,42,family,band_fraction,str_rescue,233,-0.9424178131919968
1,0,42,activity,CrossArms,h1_rescue,424,0.012381371259571144
1,0,42,activity,CrossArms,str_rescue,233,0.47722830905918356
1,0,42,activity,DrinkGlas,h1_rescue,424,1.9810067937083229
1,0,42,activity,DrinkGlas,str_rescue,233,-2.104730366268292
1,0,42,activity,Entrainment,h1_rescue,424,-0.30906073026329944
1,0,42,activity,Entrainment,str_rescue,233,0.5212075456077865
1,0,42,activity,HoldWeight,h1_rescue,424,0.601791522576794
1,0,42,activity,HoldWeight,str_rescue,233,-0.38698058402456736
1,0,42,activity,LiftHold,h1_rescue,424,0.44516939501090264
1,0,42,activity,LiftHold,str_rescue,233,-0.8646459220171382
1,0,42,activity,PointFinger,h1_rescue,424,0.23793507745176876
1,0,42,activity,PointFinger,str_rescue,233,-0.011143504015718871
1,0,42,activity,Relaxed,h1_rescue,424,0.12786386628433816
1,0,42,activity,Relaxed,str_rescue,233,-1.0297477528742893
1,0,42,activity,RelaxedTask,h1_rescue,424,0.4375677509489361
1,0,42,activity,RelaxedTask,str_rescue,233,0.24426352828623968
1,0,42,activity,StretchHold,h1_rescue,424,1.6994251774354856
1,0,42,activity,StretchHold,str_rescue,233,-1.095547684717279
1,0,42,activity,TouchIndex,h1_rescue,424,-0.6774113240959436
1,0,42,activity,TouchIndex,str_rescue,233,-0.11829583547897135
1,0,42,activity,TouchNose,h1_rescue,424,0.8453907984092806
1,0,42,activity,TouchNose,str_rescue,233,0.3039133172040568
1,0,42,wrist,left,h1_rescue,424,2.71703631031181
1,0,42,wrist,left,str_rescue,233,-3.831164035872178
1,0,42,wrist,right,h1_rescue,424,2.685023388414343
1,0,42,wrist,right,str_rescue,233,-0.23331491336681606
1,0,43,family,time_location_scale,h1_rescue,335,1.86246066194419
1,0,43,family,time_location_scale,str_rescue,264,-0.648355332529432
1,0,43,family,time_shape,h1_rescue,335,0.4859818521951448
1,0,43,family,time_shape,str_rescue,264,-0.939037898645877
1,0,43,family,derivative,h1_rescue,335,0.4804401717276177
1,0,43,family,derivative,str_rescue,264,0.012233257908837114
1,0,43,family,spectral_global,h1_rescue,335,0.3729583267108476
1,0,43,family,spectral_global,str_rescue,264,-0.48062416917570594
1,0,43,family,band_absolute,h1_rescue,335,0.678740037264254
1,0,43,family,band_absolute,str_rescue,264,-0.2847879131536678
1,0,43,family,band_fraction,h1_rescue,335,1.104239326471422
1,0,43,family,band_fraction,str_rescue,264,-0.8929057875397541
1,0,43,activity,CrossArms,h1_rescue,335,0.5504489526755995
1,0,43,activity,CrossArms,str_rescue,264,-0.2483742848888759
1,0,43,activity,DrinkGlas,h1_rescue,335,1.0444707680990912
1,0,43,activity,DrinkGlas,str_rescue,264,-0.2931795816257233
1,0,43,activity,Entrainment,h1_rescue,335,-0.24663850283451444
1,0,43,activity,Entrainment,str_rescue,264,0.24165535110116382
1,0,43,activity,HoldWeight,h1_rescue,335,1.0123934552971843
1,0,43,activity,HoldWeight,str_rescue,264,-0.06568143677412996
1,0,43,activity,LiftHold,h1_rescue,335,-0.31325749708202133
1,0,43,activity,LiftHold,str_rescue,264,-0.1182095990850301
1,0,43,activity,PointFinger,h1_rescue,335,0.4378537317224237
1,0,43,activity,PointFinger,str_rescue,264,-0.04154225802264198
1,0,43,activity,Relaxed,h1_rescue,335,0.3246079466874382
1,0,43,activity,Relaxed,str_rescue,264,-0.9289377981189484
1,0,43,activity,RelaxedTask,h1_rescue,335,0.1509765182632281
1,0,43,activity,RelaxedTask,str_rescue,264,0.19092484041500993
1,0,43,activity,StretchHold,h1_rescue,335,1.2869619997734654
1,0,43,activity,StretchHold,str_rescue,264,-0.7284203538017165
1,0,43,activity,TouchIndex,h1_rescue,335,-0.49564855797520996
1,0,43,activity,TouchIndex,str_rescue,264,-1.3001242136644375
1,0,43,activity,TouchNose,h1_rescue,335,1.2326515616867941
1,0,43,activity,TouchNose,str_rescue,264,0.05841149132972922
1,0,43,wrist,left,h1_rescue,335,1.5898119671288522
1,0,43,wrist,left,str_rescue,264,-1.8781502396231173
1,0,43,wrist,right,h1_rescue,335,3.3950084091846224
1,0,43,wrist,right,str_rescue,264,-1.3553276035124837
1,0,44,family,time_location_scale,h1_rescue,410,2.845992237410513
1,0,44,family,time_location_scale,str_rescue,308,-1.0977864379421256
1,0,44,family,time_shape,h1_rescue,410,0.470013100326572
1,0,44,family,time_shape,str_rescue,308,-0.6015407515328853
1,0,44,family,derivative,h1_rescue,410,0.6695674826888806
1,0,44,family,derivative,str_rescue,308,-0.2775238805167468
1,0,44,family,spectral_global,h1_rescue,410,0.5707544231434357
1,0,44,family,spectral_global,str_rescue,308,-0.4441789570765519
1,0,44,family,band_absolute,h1_rescue,410,1.1251323349298759
1,0,44,family,band_absolute,str_rescue,308,-0.5373585885367881
1,0,44,family,band_fraction,h1_rescue,410,0.769403964836883
1,0,44,family,band_fraction,str_rescue,308,-0.7864530419796357
1,0,44,activity,CrossArms,h1_rescue,410,0.10926019362937717
1,0,44,activity,CrossArms,str_rescue,308,0.17955865639363328
1,0,44,activity,DrinkGlas,h1_rescue,410,2.453872743034595
1,0,44,activity,DrinkGlas,str_rescue,308,-1.9013511104385559
1,0,44,activity,Entrainment,h1_rescue,410,-0.22288637358254096
1,0,44,activity,Entrainment,str_rescue,308,0.3233784011490214
1,0,44,activity,HoldWeight,h1_rescue,410,0.3718179851815093
1,0,44,activity,HoldWeight,str_rescue,308,-0.23550758413689582
1,0,44,activity,LiftHold,h1_rescue,410,0.2849087500631403
1,0,44,activity,LiftHold,str_rescue,308,-0.46447654521733334
1,0,44,activity,PointFinger,h1_rescue,410,0.2169762063258597
1,0,44,activity,PointFinger,str_rescue,308,0.037807047063866214
1,0,44,activity,Relaxed,h1_rescue,410,0.14241772327332958
1,0,44,activity,Relaxed,str_rescue,308,-0.9180655741082318
1,0,44,activity,RelaxedTask,h1_rescue,410,0.48195819304743287
1,0,44,activity,RelaxedTask,str_rescue,308,0.2904201597638936
1,0,44,activity,StretchHold,h1_rescue,410,2.1115100911692273
1,0,44,activity,StretchHold,str_rescue,308,-0.8231861388840638
1,0,44,activity,TouchIndex,h1_rescue,410,-0.575575431323972
1,0,44,activity,TouchIndex,str_rescue,308,-0.3810428070396883
1,0,44,activity,TouchNose,h1_rescue,410,1.0766034625182046
1,0,44,activity,TouchNose,str_rescue,308,0.14762383786962113
1,0,44,wrist,left,h1_rescue,410,3.5617621788856577
1,0,44,wrist,left,str_rescue,308,-3.704732775210818
1,0,44,wrist,right,h1_rescue,410,2.8891013644505015
1,0,44,wrist,right,str_rescue,308,-0.04010888237391801
1,1,42,family,time_location_scale,h1_rescue,249,2.152068985912256
1,1,42,family,time_location_scale,str_rescue,183,-1.779675742673124
1,1,42,family,time_shape,h1_rescue,249,-0.02906229044171487
1,1,42,family,time_shape,str_rescue,183,0.1790928585376596
1,1,42,family,derivative,h1_rescue,249,0.311422109878073
1,1,42,family,derivative,str_rescue,183,0.12128553728691589
1,1,42,family,spectral_global,h1_rescue,249,0.8294687016617677
1,1,42,family,spectral_global,str_rescue,183,-1.0484256554844786
1,1,42,family,band_absolute,h1_rescue,249,0.40351481668086747
1,1,42,family,band_absolute,str_rescue,183,-0.7221984436193818
1,1,42,family,band_fraction,h1_rescue,249,0.6752965114919537
1,1,42,family,band_fraction,str_rescue,183,-0.6440716388715986
1,1,42,activity,CrossArms,h1_rescue,249,0.12203212792080946
1,1,42,activity,CrossArms,str_rescue,183,-0.20587276381636238
1,1,42,activity,DrinkGlas,h1_rescue,249,1.0400029508940416
1,1,42,activity,DrinkGlas,str_rescue,183,-0.31382916334337413
1,1,42,activity,Entrainment,h1_rescue,249,0.3520013448225879
1,1,42,activity,Entrainment,str_rescue,183,-0.17344943819048922
1,1,42,activity,HoldWeight,h1_rescue,249,1.6561123363276722
1,1,42,activity,HoldWeight,str_rescue,183,-0.4013522992682924
1,1,42,activity,LiftHold,h1_rescue,249,0.05963958842685485
1,1,42,activity,LiftHold,str_rescue,183,-0.5389538231511607
1,1,42,activity,PointFinger,h1_rescue,249,-0.026414027405256994
1,1,42,activity,PointFinger,str_rescue,183,-1.3774306805040377
1,1,42,activity,Relaxed,h1_rescue,249,-0.16823486515312008
1,1,42,activity,Relaxed,str_rescue,183,-0.07308639109078713
1,1,42,activity,RelaxedTask,h1_rescue,249,0.7947196362142402
1,1,42,activity,RelaxedTask,str_rescue,183,-0.14999704301000177
1,1,42,activity,StretchHold,h1_rescue,249,-0.43245552482358574
1,1,42,activity,StretchHold,str_rescue,183,-0.388439417067475
1,1,42,activity,TouchIndex,h1_rescue,249,0.45639913502964374
1,1,42,activity,TouchIndex,str_rescue,183,-0.19763139319007722
1,1,42,activity,TouchNose,h1_rescue,249,0.488906132929318
1,1,42,activity,TouchNose,str_rescue,183,-0.07395067219194879
1,1,42,wrist,left,h1_rescue,249,1.2986127549865607
1,1,42,wrist,left,str_rescue,183,-1.4219606035061445
1,1,42,wrist,right,h1_rescue,249,3.0440960801966397
1,1,42,wrist,right,str_rescue,183,-2.4720324813178634
1,1,43,family,time_location_scale,h1_rescue,436,2.946476872283944
1,1,43,family,time_location_scale,str_rescue,214,-4.288584570011738
1,1,43,family,time_shape,h1_rescue,436,0.535511167803122
1,1,43,family,time_shape,str_rescue,214,-0.0998980446639607
1,1,43,family,derivative,h1_rescue,436,0.1704016665425349
1,1,43,family,derivative,str_rescue,214,0.4746338184802851
1,1,43,family,spectral_global,h1_rescue,436,2.367546917962041
1,1,43,family,spectral_global,str_rescue,214,-4.8331484664946895
1,1,43,family,band_absolute,h1_rescue,436,0.9113909103687569
1,1,43,family,band_absolute,str_rescue,214,-2.974022602406735
1,1,43,family,band_fraction,h1_rescue,436,1.368440698618946
1,1,43,family,band_fraction,str_rescue,214,-1.3718755614238203
1,1,43,activity,CrossArms,h1_rescue,436,1.9838773298277628
1,1,43,activity,CrossArms,str_rescue,214,-6.037104517570161
1,1,43,activity,DrinkGlas,h1_rescue,436,1.8311850002771888
1,1,43,activity,DrinkGlas,str_rescue,214,-0.9241692012950219
1,1,43,activity,Entrainment,h1_rescue,436,0.18089244833746917
1,1,43,activity,Entrainment,str_rescue,214,-0.828106917386227
1,1,43,activity,HoldWeight,h1_rescue,436,2.4052475325085534
1,1,43,activity,HoldWeight,str_rescue,214,-1.517836071457938
1,1,43,activity,LiftHold,h1_rescue,436,0.34479268044850336
1,1,43,activity,LiftHold,str_rescue,214,-0.4668026834413988
1,1,43,activity,PointFinger,h1_rescue,436,0.6040604472907877
1,1,43,activity,PointFinger,str_rescue,214,-1.2523175344723205
1,1,43,activity,Relaxed,h1_rescue,436,0.024926803600116166
1,1,43,activity,Relaxed,str_rescue,214,-0.052974261753343986
1,1,43,activity,RelaxedTask,h1_rescue,436,0.1295217387326766
1,1,43,activity,RelaxedTask,str_rescue,214,0.5546454840065834
1,1,43,activity,StretchHold,h1_rescue,436,-0.3062396692024218
1,1,43,activity,StretchHold,str_rescue,214,-2.6040962093582114
1,1,43,activity,TouchIndex,h1_rescue,436,0.5404860837816744
1,1,43,activity,TouchIndex,str_rescue,214,-0.03365165044717377
1,1,43,activity,TouchNose,h1_rescue,436,0.5610178379770331
1,1,43,activity,TouchNose,str_rescue,214,0.06951813665455649
1,1,43,wrist,left,h1_rescue,436,2.0818831904377912
1,1,43,wrist,left,str_rescue,214,-1.480734219588111
1,1,43,wrist,right,h1_rescue,436,6.217885043141546
1,1,43,wrist,right,str_rescue,214,-11.612161206932546
1,1,44,family,time_location_scale,h1_rescue,367,3.2963673219476313
1,1,44,family,time_location_scale,str_rescue,212,-4.987585790089663
1,1,44,family,time_shape,h1_rescue,367,0.31820087131351915
1,1,44,family,time_shape,str_rescue,212,0.15913652224367553
1,1,44,family,derivative,h1_rescue,367,0.33382845046963877
1,1,44,family,derivative,str_rescue,212,0.20876937654223143
1,1,44,family,spectral_global,h1_rescue,367,2.3470312031490246
1,1,44,family,spectral_global,str_rescue,212,-4.553935546439875
1,1,44,family,band_absolute,h1_rescue,367,2.1054675157702407
1,1,44,family,band_absolute,str_rescue,212,-3.3111665598790934
1,1,44,family,band_fraction,h1_rescue,367,1.3496072543275952
1,1,44,family,band_fraction,str_rescue,212,-1.2104908872630662
1,1,44,activity,CrossArms,h1_rescue,367,1.329637841307369
1,1,44,activity,CrossArms,str_rescue,212,-7.309882310467268
1,1,44,activity,DrinkGlas,h1_rescue,367,2.081376060192832
1,1,44,activity,DrinkGlas,str_rescue,212,-0.6435923732092487
1,1,44,activity,Entrainment,h1_rescue,367,0.059261652761789255
1,1,44,activity,Entrainment,str_rescue,212,0.18924517357434104
1,1,44,activity,HoldWeight,h1_rescue,367,2.004039357461318
1,1,44,activity,HoldWeight,str_rescue,212,-2.3527920392442776
1,1,44,activity,LiftHold,h1_rescue,367,1.2397412602855882
1,1,44,activity,LiftHold,str_rescue,212,-0.7046654146482815
1,1,44,activity,PointFinger,h1_rescue,367,0.9628408864183603
1,1,44,activity,PointFinger,str_rescue,212,-1.5816546968459226
1,1,44,activity,Relaxed,h1_rescue,367,0.3255828544821368
1,1,44,activity,Relaxed,str_rescue,212,-0.16740357861575844
1,1,44,activity,RelaxedTask,h1_rescue,367,0.47083868880789526
1,1,44,activity,RelaxedTask,str_rescue,212,0.1687393263318358
1,1,44,activity,StretchHold,h1_rescue,367,0.658105778186269
1,1,44,activity,StretchHold,str_rescue,212,-1.3332886454913664
1,1,44,activity,TouchIndex,h1_rescue,367,0.4370893705146631
1,1,44,activity,TouchIndex,str_rescue,212,-0.08806985284582522
1,1,44,activity,TouchNose,h1_rescue,367,0.1819888665594268
1,1,44,activity,TouchNose,str_rescue,212,0.12809152657598333
1,1,44,wrist,left,h1_rescue,367,2.900830691469468
1,1,44,wrist,left,str_rescue,212,-4.7528554747171325
1,1,44,wrist,right,h1_rescue,367,6.849671925508176
1,1,44,wrist,right,str_rescue,212,-8.942417410168666
1,2,42,family,time_location_scale,h1_rescue,368,2.87700199422573
1,2,42,family,time_location_scale,str_rescue,255,-3.859615704877795
1,2,42,family,time_shape,h1_rescue,368,0.5204073617800067
1,2,42,family,time_shape,str_rescue,255,-0.20573219430514633
1,2,42,family,derivative,h1_rescue,368,0.40504130352172324
1,2,42,family,derivative,str_rescue,255,-0.7691976159125299
1,2,42,family,spectral_global,h1_rescue,368,1.0172799966488535
1,2,42,family,spectral_global,str_rescue,255,-0.5881240195737228
1,2,42,family,band_absolute,h1_rescue,368,2.0810946515735096
1,2,42,family,band_absolute,str_rescue,255,-0.47694007601182464
1,2,42,family,band_fraction,h1_rescue,368,1.2881487032622667
1,2,42,family,band_fraction,str_rescue,255,-0.55946874797537
1,2,42,activity,CrossArms,h1_rescue,368,1.0063264039066802
1,2,42,activity,CrossArms,str_rescue,255,-0.08157185990065059
1,2,42,activity,DrinkGlas,h1_rescue,368,-0.33565146214057956
1,2,42,activity,DrinkGlas,str_rescue,255,1.2965337781420925
1,2,42,activity,Entrainment,h1_rescue,368,1.354093010544752
1,2,42,activity,Entrainment,str_rescue,255,-0.6604945490731883
1,2,42,activity,HoldWeight,h1_rescue,368,-2.7340051240143945
1,2,42,activity,HoldWeight,str_rescue,255,-0.80227644044409
1,2,42,activity,LiftHold,h1_rescue,368,0.20228614254559305
1,2,42,activity,LiftHold,str_rescue,255,-0.4993913430634335
1,2,42,activity,PointFinger,h1_rescue,368,0.432421844168257
1,2,42,activity,PointFinger,str_rescue,255,0.2242621250970346
1,2,42,activity,Relaxed,h1_rescue,368,-0.20766487723057628
1,2,42,activity,Relaxed,str_rescue,255,-1.7481182443636056
1,2,42,activity,RelaxedTask,h1_rescue,368,6.533408615429497
1,2,42,activity,RelaxedTask,str_rescue,255,-4.10746402739369
1,2,42,activity,StretchHold,h1_rescue,368,0.2187687758993978
1,2,42,activity,StretchHold,str_rescue,255,-0.04750477184983792
1,2,42,activity,TouchIndex,h1_rescue,368,0.3934841344148329
1,2,42,activity,TouchIndex,str_rescue,255,-0.09511319600114057
1,2,42,activity,TouchNose,h1_rescue,368,1.3255065474886274
1,2,42,activity,TouchNose,str_rescue,255,0.06206017019412421
1,2,42,wrist,left,h1_rescue,368,5.600228987133619
1,2,42,wrist,left,str_rescue,255,-2.0239286896227306
1,2,42,wrist,right,h1_rescue,368,2.5887450238784795
1,2,42,wrist,right,str_rescue,255,-4.435149669033654
1,2,43,family,time_location_scale,h1_rescue,401,2.998321801770565
1,2,43,family,time_location_scale,str_rescue,292,-2.7274780402146552
1,2,43,family,time_shape,h1_rescue,401,0.6458655053787267
1,2,43,family,time_shape,str_rescue,292,-0.3426413544529404
1,2,43,family,derivative,h1_rescue,401,0.40903910245553815
1,2,43,family,derivative,str_rescue,292,-0.5239306847276923
1,2,43,family,spectral_global,h1_rescue,401,1.4100945801050264
1,2,43,family,spectral_global,str_rescue,292,-0.9655123593370882
1,2,43,family,band_absolute,h1_rescue,401,1.8295214407629825
1,2,43,family,band_absolute,str_rescue,292,-0.4867813221033099
1,2,43,family,band_fraction,h1_rescue,401,1.5349289617408846
1,2,43,family,band_fraction,str_rescue,292,-0.6728689563015686
1,2,43,activity,CrossArms,h1_rescue,401,1.9243475311037166
1,2,43,activity,CrossArms,str_rescue,292,-0.6236973849552064
1,2,43,activity,DrinkGlas,h1_rescue,401,-0.11809840183303312
1,2,43,activity,DrinkGlas,str_rescue,292,0.6958315174244322
1,2,43,activity,Entrainment,h1_rescue,401,1.2941710738732224
1,2,43,activity,Entrainment,str_rescue,292,-0.35134045319669976
1,2,43,activity,HoldWeight,h1_rescue,401,-2.355216937949807
1,2,43,activity,HoldWeight,str_rescue,292,-0.5348817086654419
1,2,43,activity,LiftHold,h1_rescue,401,0.17167875523977552
1,2,43,activity,LiftHold,str_rescue,292,-0.23887356257889147
1,2,43,activity,PointFinger,h1_rescue,401,0.35953314359695143
1,2,43,activity,PointFinger,str_rescue,292,-0.020767036941509963
1,2,43,activity,Relaxed,h1_rescue,401,-0.08767386801071649
1,2,43,activity,Relaxed,str_rescue,292,-0.7286824372621538
1,2,43,activity,RelaxedTask,h1_rescue,401,5.424474769789912
1,2,43,activity,RelaxedTask,str_rescue,292,-3.4003713177986885
1,2,43,activity,StretchHold,h1_rescue,401,0.28607477808951404
1,2,43,activity,StretchHold,str_rescue,292,-0.12109851813073783
1,2,43,activity,TouchIndex,h1_rescue,401,0.44273666472530454
1,2,43,activity,TouchIndex,str_rescue,292,-0.2584153211604631
1,2,43,activity,TouchNose,h1_rescue,401,1.4857438835888825
1,2,43,activity,TouchNose,str_rescue,292,-0.1369164938718929
1,2,43,wrist,left,h1_rescue,401,5.686444042027121
1,2,43,wrist,left,str_rescue,292,-1.8638250326476244
1,2,43,wrist,right,h1_rescue,401,3.141327350186612
1,2,43,wrist,right,str_rescue,292,-3.8553876844896267
1,2,44,family,time_location_scale,h1_rescue,425,1.7046025252757557
1,2,44,family,time_location_scale,str_rescue,181,-3.273821861831364
1,2,44,family,time_shape,h1_rescue,425,0.7631400328779998
1,2,44,family,time_shape,str_rescue,181,-0.1856464836739107
1,2,44,family,derivative,h1_rescue,425,0.4183575658439734
1,2,44,family,derivative,str_rescue,181,-0.7431240867461866
1,2,44,family,spectral_global,h1_rescue,425,1.2117146398048368
1,2,44,family,spectral_global,str_rescue,181,-0.3659828595888232
1,2,44,family,band_absolute,h1_rescue,425,1.3063489797327599
1,2,44,family,band_absolute,str_rescue,181,-0.7504190285468345
1,2,44,family,band_fraction,h1_rescue,425,1.7434377645520345
1,2,44,family,band_fraction,str_rescue,181,-0.3987955963659721
1,2,44,activity,CrossArms,h1_rescue,425,-0.047108195849244916
1,2,44,activity,CrossArms,str_rescue,181,0.07004355565565319
1,2,44,activity,DrinkGlas,h1_rescue,425,0.6714242617377096
1,2,44,activity,DrinkGlas,str_rescue,181,1.3676005490731717
1,2,44,activity,Entrainment,h1_rescue,425,1.1267781243316315
1,2,44,activity,Entrainment,str_rescue,181,-0.7632139968337951
1,2,44,activity,HoldWeight,h1_rescue,425,-1.1144882253652757
1,2,44,activity,HoldWeight,str_rescue,181,-0.5314640021127082
1,2,44,activity,LiftHold,h1_rescue,425,0.28048732946042965
1,2,44,activity,LiftHold,str_rescue,181,-0.25219650400914706
1,2,44,activity,PointFinger,h1_rescue,425,0.21179370446575843
1,2,44,activity,PointFinger,str_rescue,181,0.30100233838999524
1,2,44,activity,Relaxed,h1_rescue,425,0.24688840914470409
1,2,44,activity,Relaxed,str_rescue,181,-1.8131238601394923
1,2,44,activity,RelaxedTask,h1_rescue,425,3.7686081356949517
1,2,44,activity,RelaxedTask,str_rescue,181,-4.112797726463905
1,2,44,activity,StretchHold,h1_rescue,425,0.3773692595347947
1,2,44,activity,StretchHold,str_rescue,181,-0.10226145214741297
1,2,44,activity,TouchIndex,h1_rescue,425,0.16055916104863152
1,2,44,activity,TouchIndex,str_rescue,181,0.030145231568408957
1,2,44,activity,TouchNose,h1_rescue,425,1.4652895438832698
1,2,44,activity,TouchNose,str_rescue,181,0.08847595026614337
1,2,44,wrist,left,h1_rescue,425,5.296229615658832
1,2,44,wrist,left,str_rescue,181,-2.399260995003726
1,2,44,wrist,right,h1_rescue,425,1.851371892428532
1,2,44,wrist,right,str_rescue,181,-3.31852892174936
2,0,42,family,time_location_scale,h1_rescue,267,1.871407353146967
2,0,42,family,time_location_scale,str_rescue,307,-2.1135999980077176
2,0,42,family,time_shape,h1_rescue,267,0.3989289231182132
2,0,42,family,time_shape,str_rescue,307,0.45631841714372257
2,0,42,family,derivative,h1_rescue,267,0.148949952885312
2,0,42,family,derivative,str_rescue,307,-0.5913340204982473
2,0,42,family,spectral_global,h1_rescue,267,1.0247449072554993
2,0,42,family,spectral_global,str_rescue,307,-0.6097382701160134
2,0,42,family,band_absolute,h1_rescue,267,0.9214554002837468
2,0,42,family,band_absolute,str_rescue,307,-6.144405885158133
2,0,42,family,band_fraction,h1_rescue,267,1.6927889942310808
2,0,42,family,band_fraction,str_rescue,307,1.3849557385232292
2,0,42,activity,CrossArms,h1_rescue,267,0.1490455054845918
2,0,42,activity,CrossArms,str_rescue,307,-2.4248434289695715
2,0,42,activity,DrinkGlas,h1_rescue,267,0.08455303391430673
2,0,42,activity,DrinkGlas,str_rescue,307,2.0950845301049412
2,0,42,activity,Entrainment,h1_rescue,267,0.07208313488686453
2,0,42,activity,Entrainment,str_rescue,307,0.46515850790334595
2,0,42,activity,HoldWeight,h1_rescue,267,0.633394072995356
2,0,42,activity,HoldWeight,str_rescue,307,-0.9920477223450991
2,0,42,activity,LiftHold,h1_rescue,267,-0.21033473182597753
2,0,42,activity,LiftHold,str_rescue,307,0.11489418045482347
2,0,42,activity,PointFinger,h1_rescue,267,1.3507815454912455
2,0,42,activity,PointFinger,str_rescue,307,-0.29216407159359287
2,0,42,activity,Relaxed,h1_rescue,267,0.10840933794056583
2,0,42,activity,Relaxed,str_rescue,307,-5.056215322449864
2,0,42,activity,RelaxedTask,h1_rescue,267,0.6802283518714134
2,0,42,activity,RelaxedTask,str_rescue,307,-1.3418391449012435
2,0,42,activity,StretchHold,h1_rescue,267,1.585707190925603
2,0,42,activity,StretchHold,str_rescue,307,-0.21168788566256835
2,0,42,activity,TouchIndex,h1_rescue,267,0.8126927069184907
2,0,42,activity,TouchIndex,str_rescue,307,-0.44531444899525685
2,0,42,activity,TouchNose,h1_rescue,267,0.7917153823183598
2,0,42,activity,TouchNose,str_rescue,307,0.4711707883409402
2,0,42,wrist,left,h1_rescue,267,1.7294090355613505
2,0,42,wrist,left,str_rescue,307,-5.52526643701138
2,0,42,wrist,right,h1_rescue,267,4.328866495359469
2,0,42,wrist,right,str_rescue,307,-2.0925375811017535
2,0,43,family,time_location_scale,h1_rescue,320,1.5424260896104893
2,0,43,family,time_location_scale,str_rescue,300,-1.7507630311415072
2,0,43,family,time_shape,h1_rescue,320,0.7275122200990097
2,0,43,family,time_shape,str_rescue,300,-0.13586476447683912
2,0,43,family,derivative,h1_rescue,320,-0.0996758127719646
2,0,43,family,derivative,str_rescue,300,-0.33284584907955833
2,0,43,family,spectral_global,h1_rescue,320,0.7207822258558938
2,0,43,family,spectral_global,str_rescue,300,-1.039822171550613
2,0,43,family,band_absolute,h1_rescue,320,0.44638918083967727
2,0,43,family,band_absolute,str_rescue,300,-4.551604532492583
2,0,43,family,band_fraction,h1_rescue,320,1.5936728485813039
2,0,43,family,band_fraction,str_rescue,300,0.9293439691683638
2,0,43,activity,CrossArms,h1_rescue,320,0.11525883859631669
2,0,43,activity,CrossArms,str_rescue,300,-2.1441509940778087
2,0,43,activity,DrinkGlas,h1_rescue,320,0.038165476065312155
2,0,43,activity,DrinkGlas,str_rescue,300,1.305851659496105
2,0,43,activity,Entrainment,h1_rescue,320,0.16332663034344796
2,0,43,activity,Entrainment,str_rescue,300,0.26567667189905847
2,0,43,activity,HoldWeight,h1_rescue,320,0.4916454787914678
2,0,43,activity,HoldWeight,str_rescue,300,-0.705595078623157
2,0,43,activity,LiftHold,h1_rescue,320,-0.33737164168132483
2,0,43,activity,LiftHold,str_rescue,300,0.10346565973178423
2,0,43,activity,PointFinger,h1_rescue,320,1.0834397719154076
2,0,43,activity,PointFinger,str_rescue,300,-0.5928586157631005
2,0,43,activity,Relaxed,h1_rescue,320,-0.01778135814864168
2,0,43,activity,Relaxed,str_rescue,300,-3.673596799165571
2,0,43,activity,RelaxedTask,h1_rescue,320,0.761157942932247
2,0,43,activity,RelaxedTask,str_rescue,300,-1.0100932138277607
2,0,43,activity,StretchHold,h1_rescue,320,0.5532615095396616
2,0,43,activity,StretchHold,str_rescue,300,-0.2249703980070883
2,0,43,activity,TouchIndex,h1_rescue,320,0.6458697655026941
2,0,43,activity,TouchIndex,str_rescue,300,-0.46518087441278005
2,0,43,activity,TouchNose,h1_rescue,320,1.4341343383578236
2,0,43,activity,TouchNose,str_rescue,300,0.25989560317759264
2,0,43,wrist,left,h1_rescue,320,1.2896762858196067
2,0,43,wrist,left,str_rescue,300,-4.258045322180728
2,0,43,wrist,right,h1_rescue,320,3.641430466394803
2,0,43,wrist,right,str_rescue,300,-2.6235110573919878
2,0,44,family,time_location_scale,h1_rescue,259,1.5561040803033777
2,0,44,family,time_location_scale,str_rescue,223,-0.5315086173147645
2,0,44,family,time_shape,h1_rescue,259,0.4116527747207032
2,0,44,family,time_shape,str_rescue,223,0.31570893015224727
2,0,44,family,derivative,h1_rescue,259,-0.06005327755874588
2,0,44,family,derivative,str_rescue,223,-0.23816666727874256
2,0,44,family,spectral_global,h1_rescue,259,0.5129185402511975
2,0,44,family,spectral_global,str_rescue,223,0.5080482169177538
2,0,44,family,band_absolute,h1_rescue,259,0.6566973668749332
2,0,44,family,band_absolute,str_rescue,223,-5.433802187190703
2,0,44,family,band_fraction,h1_rescue,259,1.3407742814477759
2,0,44,family,band_fraction,str_rescue,223,1.3982093150104575
2,0,44,activity,CrossArms,h1_rescue,259,-1.602379845929032
2,0,44,activity,CrossArms,str_rescue,223,1.7561195040637796
2,0,44,activity,DrinkGlas,h1_rescue,259,0.15563722152949036
2,0,44,activity,DrinkGlas,str_rescue,223,2.548660507673744
2,0,44,activity,Entrainment,h1_rescue,259,0.41170379780195293
2,0,44,activity,Entrainment,str_rescue,223,0.02586114378702483
2,0,44,activity,HoldWeight,h1_rescue,259,-0.016752857229567836
2,0,44,activity,HoldWeight,str_rescue,223,-0.2673356726416478
2,0,44,activity,LiftHold,h1_rescue,259,-0.031807489676365895
2,0,44,activity,LiftHold,str_rescue,223,0.32232274068245426
2,0,44,activity,PointFinger,h1_rescue,259,1.6868168929408707
2,0,44,activity,PointFinger,str_rescue,223,-0.13767153460170367
2,0,44,activity,Relaxed,h1_rescue,259,0.1531627761898842
2,0,44,activity,Relaxed,str_rescue,223,-5.866363943073923
2,0,44,activity,RelaxedTask,h1_rescue,259,1.1763051702824914
2,0,44,activity,RelaxedTask,str_rescue,223,-2.0255782752748313
2,0,44,activity,StretchHold,h1_rescue,259,0.7671010636342247
2,0,44,activity,StretchHold,str_rescue,223,-0.05422609457992682
2,0,44,activity,TouchIndex,h1_rescue,259,0.7477889930478936
2,0,44,activity,TouchIndex,str_rescue,223,-0.7106254413537679
2,0,44,activity,TouchNose,h1_rescue,259,0.9705180434474008
2,0,44,activity,TouchNose,str_rescue,223,0.42732605561505677
2,0,44,wrist,left,h1_rescue,259,1.1025435466270455
2,0,44,wrist,left,str_rescue,223,-4.5032055819285155
2,0,44,wrist,right,h1_rescue,259,3.3155502194121973
2,0,44,wrist,right,str_rescue,223,0.5216945722247889
2,1,42,family,time_location_scale,h1_rescue,367,2.8411876017937083
2,1,42,family,time_location_scale,str_rescue,294,-2.5891782481760512
2,1,42,family,time_shape,h1_rescue,367,0.9992698222809148
2,1,42,family,time_shape,str_rescue,294,-0.7631759313004219
2,1,42,family,derivative,h1_rescue,367,0.06122276541764389
2,1,42,family,derivative,str_rescue,294,-0.12221704597339934
2,1,42,family,spectral_global,h1_rescue,367,2.9435349725614945
2,1,42,family,spectral_global,str_rescue,294,-0.9623035521964969
2,1,42,family,band_absolute,h1_rescue,367,1.3304195206164497
2,1,42,family,band_absolute,str_rescue,294,-0.578110719694441
2,1,42,family,band_fraction,h1_rescue,367,1.0124652288413525
2,1,42,family,band_fraction,str_rescue,294,-0.044012928220804694
2,1,42,activity,CrossArms,h1_rescue,367,-0.270458033491991
2,1,42,activity,CrossArms,str_rescue,294,-0.1415163150995219
2,1,42,activity,DrinkGlas,h1_rescue,367,1.095858044167198
2,1,42,activity,DrinkGlas,str_rescue,294,-2.373058810409573
2,1,42,activity,Entrainment,h1_rescue,367,0.0511194783160311
2,1,42,activity,Entrainment,str_rescue,294,0.29678489027300803
2,1,42,activity,HoldWeight,h1_rescue,367,2.48026415321626
2,1,42,activity,HoldWeight,str_rescue,294,-1.5965645539888194
2,1,42,activity,LiftHold,h1_rescue,367,1.2423640600065207
2,1,42,activity,LiftHold,str_rescue,294,0.5138199041617982
2,1,42,activity,PointFinger,h1_rescue,367,0.818904533620982
2,1,42,activity,PointFinger,str_rescue,294,-0.26383465942984297
2,1,42,activity,Relaxed,h1_rescue,367,-0.049205195454178084
2,1,42,activity,Relaxed,str_rescue,294,-0.4551828848786751
2,1,42,activity,RelaxedTask,h1_rescue,367,-0.4407490489800876
2,1,42,activity,RelaxedTask,str_rescue,294,0.5943422701886761
2,1,42,activity,StretchHold,h1_rescue,367,3.3702734397293344
2,1,42,activity,StretchHold,str_rescue,294,-1.2927910738672868
2,1,42,activity,TouchIndex,h1_rescue,367,0.5334250860581141
2,1,42,activity,TouchIndex,str_rescue,294,-0.12856666812424772
2,1,42,activity,TouchNose,h1_rescue,367,0.3563033943233785
2,1,42,activity,TouchNose,str_rescue,294,-0.21243052438713447
2,1,42,wrist,left,h1_rescue,367,2.2091410769274296
2,1,42,wrist,left,str_rescue,294,-2.108247816183063
2,1,42,wrist,right,h1_rescue,367,6.978958834584123
2,1,42,wrist,right,str_rescue,294,-2.9507506093785474
2,1,43,family,time_location_scale,h1_rescue,253,3.261680459388628
2,1,43,family,time_location_scale,str_rescue,395,-3.2941752175404435
2,1,43,family,time_shape,h1_rescue,253,1.0028879703158478
2,1,43,family,time_shape,str_rescue,395,-0.8827517766470715
2,1,43,family,derivative,h1_rescue,253,-0.08275910190669877
2,1,43,family,derivative,str_rescue,395,-0.05648263563274202
2,1,43,family,spectral_global,h1_rescue,253,3.16425178033798
2,1,43,family,spectral_global,str_rescue,395,-1.5603318553098569
2,1,43,family,band_absolute,h1_rescue,253,1.1187323772416522
2,1,43,family,band_absolute,str_rescue,395,-0.3148185726834468
2,1,43,family,band_fraction,h1_rescue,253,1.00855211562165
2,1,43,family,band_fraction,str_rescue,395,-0.13603311566669465
2,1,43,activity,CrossArms,h1_rescue,253,-0.1944784305412144
2,1,43,activity,CrossArms,str_rescue,395,-0.563955907076128
2,1,43,activity,DrinkGlas,h1_rescue,253,1.062262003986174
2,1,43,activity,DrinkGlas,str_rescue,395,-2.497113257369665
2,1,43,activity,Entrainment,h1_rescue,253,-0.4524705871432449
2,1,43,activity,Entrainment,str_rescue,395,0.39886268193659197
2,1,43,activity,HoldWeight,h1_rescue,253,2.724305293642442
2,1,43,activity,HoldWeight,str_rescue,395,-1.9481361265718342
2,1,43,activity,LiftHold,h1_rescue,253,1.4322874039076132
2,1,43,activity,LiftHold,str_rescue,395,0.17976071209139963
2,1,43,activity,PointFinger,h1_rescue,253,0.9444887222241349
2,1,43,activity,PointFinger,str_rescue,395,-0.2736605981692324
2,1,43,activity,Relaxed,h1_rescue,253,0.15392400146421034
2,1,43,activity,Relaxed,str_rescue,395,-0.7667126211618509
2,1,43,activity,RelaxedTask,h1_rescue,253,-0.4305643797911373
2,1,43,activity,RelaxedTask,str_rescue,395,0.8567426746596193
2,1,43,activity,StretchHold,h1_rescue,253,3.155413496666797
2,1,43,activity,StretchHold,str_rescue,395,-1.0975300303395665
2,1,43,activity,TouchIndex,h1_rescue,253,0.4294716473404266
2,1,43,activity,TouchIndex,str_rescue,395,-0.14277928440743967
2,1,43,activity,TouchNose,h1_rescue,253,0.6487064292428563
2,1,43,activity,TouchNose,str_rescue,395,-0.3900714170721567
2,1,43,wrist,left,h1_rescue,253,1.328928930269729
2,1,43,wrist,left,str_rescue,395,-2.0290903207308624
2,1,43,wrist,right,h1_rescue,253,8.144416670729317
2,1,43,wrist,right,str_rescue,395,-4.215502852749388
2,1,44,family,time_location_scale,h1_rescue,279,0.9246339274036255
2,1,44,family,time_location_scale,str_rescue,253,-1.6656825382667244
2,1,44,family,time_shape,h1_rescue,279,0.4866803344309651
2,1,44,family,time_shape,str_rescue,253,-0.3246103964025306
2,1,44,family,derivative,h1_rescue,279,0.4007939325114668
2,1,44,family,derivative,str_rescue,253,-0.5153429342388662
2,1,44,family,spectral_global,h1_rescue,279,0.48760460353954277
2,1,44,family,spectral_global,str_rescue,253,-0.5414155882642394
2,1,44,family,band_absolute,h1_rescue,279,0.2850459495951508
2,1,44,family,band_absolute,str_rescue,253,-0.1603359980089398
2,1,44,family,band_fraction,h1_rescue,279,0.6769216797164748
2,1,44,family,band_fraction,str_rescue,253,-0.14529840311766562
2,1,44,activity,CrossArms,h1_rescue,279,-0.3910408797179069
2,1,44,activity,CrossArms,str_rescue,253,-0.18032438355910002
2,1,44,activity,DrinkGlas,h1_rescue,279,-0.10598069114365784
2,1,44,activity,DrinkGlas,str_rescue,253,-1.0105089518299777
2,1,44,activity,Entrainment,h1_rescue,279,0.4149802636018441
2,1,44,activity,Entrainment,str_rescue,253,-0.040500442569121234
2,1,44,activity,HoldWeight,h1_rescue,279,0.34847596186261076
2,1,44,activity,HoldWeight,str_rescue,253,0.5664912577679391
2,1,44,activity,LiftHold,h1_rescue,279,0.3357029175795536
2,1,44,activity,LiftHold,str_rescue,253,0.8320149424828303
2,1,44,activity,PointFinger,h1_rescue,279,0.5354930948168931
2,1,44,activity,PointFinger,str_rescue,253,-0.154273699319147
2,1,44,activity,Relaxed,h1_rescue,279,-0.2591782409201485
2,1,44,activity,Relaxed,str_rescue,253,-0.17511346477798928
2,1,44,activity,RelaxedTask,h1_rescue,279,0.8385523224314584
2,1,44,activity,RelaxedTask,str_rescue,253,-1.225199342717542
2,1,44,activity,StretchHold,h1_rescue,279,0.6650902241690108
2,1,44,activity,StretchHold,str_rescue,253,-1.3443443103662962
2,1,44,activity,TouchIndex,h1_rescue,279,0.4571656426544188
2,1,44,activity,TouchIndex,str_rescue,253,-0.1555339389092164
2,1,44,activity,TouchNose,h1_rescue,279,0.42241981186314903
2,1,44,activity,TouchNose,str_rescue,253,-0.46539352450134575
2,1,44,wrist,left,h1_rescue,279,2.2905832785677034
2,1,44,wrist,left,str_rescue,253,-2.176124673456523
2,1,44,wrist,right,h1_rescue,279,0.9710971486295231
2,1,44,wrist,right,str_rescue,253,-1.17656118484244
2,2,42,family,time_location_scale,h1_rescue,213,2.3867219890946516
2,2,42,family,time_location_scale,str_rescue,309,0.3219589879615158
2,2,42,family,time_shape,h1_rescue,213,-0.44098227753888514
2,2,42,family,time_shape,str_rescue,309,-0.7641831102160639
2,2,42,family,derivative,h1_rescue,213,0.5901511759427915
2,2,42,family,derivative,str_rescue,309,0.00885783173975377
2,2,42,family,spectral_global,h1_rescue,213,0.7970770312445481
2,2,42,family,spectral_global,str_rescue,309,-0.7743283167317637
2,2,42,family,band_absolute,h1_rescue,213,1.4119312080162243
2,2,42,family,band_absolute,str_rescue,309,-0.42176290397836536
2,2,42,family,band_fraction,h1_rescue,213,0.7943953929097526
2,2,42,family,band_fraction,str_rescue,309,-1.6829295722232802
2,2,42,activity,CrossArms,h1_rescue,213,-0.5252336940392485
2,2,42,activity,CrossArms,str_rescue,309,-0.22802088417731883
2,2,42,activity,DrinkGlas,h1_rescue,213,0.9327082068148558
2,2,42,activity,DrinkGlas,str_rescue,309,-0.38041404368417153
2,2,42,activity,Entrainment,h1_rescue,213,0.2924265106651075
2,2,42,activity,Entrainment,str_rescue,309,0.08208376622199584
2,2,42,activity,HoldWeight,h1_rescue,213,0.9794337920607382
2,2,42,activity,HoldWeight,str_rescue,309,-0.26434772813461827
2,2,42,activity,LiftHold,h1_rescue,213,1.6044924680082089
2,2,42,activity,LiftHold,str_rescue,309,-1.1577875080855669
2,2,42,activity,PointFinger,h1_rescue,213,0.30935683957072824
2,2,42,activity,PointFinger,str_rescue,309,-0.26942214954633814
2,2,42,activity,Relaxed,h1_rescue,213,0.029373068988593022
2,2,42,activity,Relaxed,str_rescue,309,-0.17871281851159398
2,2,42,activity,RelaxedTask,h1_rescue,213,1.641947871267096
2,2,42,activity,RelaxedTask,str_rescue,309,0.5252026758004894
2,2,42,activity,StretchHold,h1_rescue,213,0.1592077247330373
2,2,42,activity,StretchHold,str_rescue,309,-0.9419177832180603
2,2,42,activity,TouchIndex,h1_rescue,213,0.46839601903432754
2,2,42,activity,TouchIndex,str_rescue,309,-0.5958219250111028
2,2,42,activity,TouchNose,h1_rescue,213,-0.35281428743436233
2,2,42,activity,TouchNose,str_rescue,309,0.09677131489807814
2,2,42,wrist,left,h1_rescue,213,3.978180852899676
2,2,42,wrist,left,str_rescue,309,-1.925429390805131
2,2,42,wrist,right,h1_rescue,213,1.5611136667694074
2,2,42,wrist,right,str_rescue,309,-1.386957692643075
2,2,43,family,time_location_scale,h1_rescue,174,1.982315401607779
2,2,43,family,time_location_scale,str_rescue,376,0.279492936646253
2,2,43,family,time_shape,h1_rescue,174,0.7308076905315459
2,2,43,family,time_shape,str_rescue,376,-1.0574599307555048
2,2,43,family,derivative,h1_rescue,174,0.47289302679715156
2,2,43,family,derivative,str_rescue,376,0.14482598977725963
2,2,43,family,spectral_global,h1_rescue,174,0.8865737426137613
2,2,43,family,spectral_global,str_rescue,376,-0.8475015814184556
2,2,43,family,band_absolute,h1_rescue,174,1.792399223034027
2,2,43,family,band_absolute,str_rescue,376,-0.3228117997212862
2,2,43,family,band_fraction,h1_rescue,174,1.1154527979865927
2,2,43,family,band_fraction,str_rescue,376,-1.706836746773859
2,2,43,activity,CrossArms,h1_rescue,174,0.7968182866231318
2,2,43,activity,CrossArms,str_rescue,376,-1.0837597693182515
2,2,43,activity,DrinkGlas,h1_rescue,174,0.32144228972778444
2,2,43,activity,DrinkGlas,str_rescue,376,-0.05129280661929599
2,2,43,activity,Entrainment,h1_rescue,174,-0.0008537835449673612
2,2,43,activity,Entrainment,str_rescue,376,0.017928724123163337
2,2,43,activity,HoldWeight,h1_rescue,174,0.030017003561998504
2,2,43,activity,HoldWeight,str_rescue,376,-0.13311439245995055
2,2,43,activity,LiftHold,h1_rescue,174,0.7108535989014297
2,2,43,activity,LiftHold,str_rescue,376,-0.5686320931922713
2,2,43,activity,PointFinger,h1_rescue,174,0.21038818138212698
2,2,43,activity,PointFinger,str_rescue,376,-0.3247881324449115
2,2,43,activity,Relaxed,h1_rescue,174,0.9589927163282299
2,2,43,activity,Relaxed,str_rescue,376,-0.6951081994954924
2,2,43,activity,RelaxedTask,h1_rescue,174,2.6699417855693577
2,2,43,activity,RelaxedTask,str_rescue,376,0.3984046229600648
2,2,43,activity,StretchHold,h1_rescue,174,0.5845837586723106
2,2,43,activity,StretchHold,str_rescue,376,-0.5754143856463895
2,2,43,activity,TouchIndex,h1_rescue,174,0.7111854524106375
2,2,43,activity,TouchIndex,str_rescue,376,-0.6030866019698563
2,2,43,activity,TouchNose,h1_rescue,174,-0.012927407061182061
2,2,43,activity,TouchNose,str_rescue,376,0.10857190181759403
2,2,43,wrist,left,h1_rescue,174,3.584216529952269
2,2,43,wrist,left,str_rescue,376,-0.9083727636485255
2,2,43,wrist,right,h1_rescue,174,3.396225352618592
2,2,43,wrist,right,str_rescue,376,-2.6019183685970684
2,2,44,family,time_location_scale,h1_rescue,273,2.1708891670328088
2,2,44,family,time_location_scale,str_rescue,229,0.08867940429535251
2,2,44,family,time_shape,h1_rescue,273,-0.04356875188708731
2,2,44,family,time_shape,str_rescue,229,-0.7216669924985368
2,2,44,family,derivative,h1_rescue,273,0.6323838133430352
2,2,44,family,derivative,str_rescue,229,0.08248523975385505
2,2,44,family,spectral_global,h1_rescue,273,0.7920603348484259
2,2,44,family,spectral_global,str_rescue,229,-0.7436879984021842
2,2,44,family,band_absolute,h1_rescue,273,1.6228890796717124
2,2,44,family,band_absolute,str_rescue,229,-0.6228853451567399
2,2,44,family,band_fraction,h1_rescue,273,0.4155998893708084
2,2,44,family,band_fraction,str_rescue,229,-1.1078922410201069
2,2,44,activity,CrossArms,h1_rescue,273,-0.6536866975696121
2,2,44,activity,CrossArms,str_rescue,229,-0.4803363577321123
2,2,44,activity,DrinkGlas,h1_rescue,273,0.8346211031533444
2,2,44,activity,DrinkGlas,str_rescue,229,-0.5722543701976452
2,2,44,activity,Entrainment,h1_rescue,273,0.37856580654581873
2,2,44,activity,Entrainment,str_rescue,229,0.00041415048580803677
2,2,44,activity,HoldWeight,h1_rescue,273,-0.35100284970229767
2,2,44,activity,HoldWeight,str_rescue,229,-0.18496414419210452
2,2,44,activity,LiftHold,h1_rescue,273,0.08903374412594053
2,2,44,activity,LiftHold,str_rescue,229,-0.7041557268444081
2,2,44,activity,PointFinger,h1_rescue,273,-0.04090029209334293
2,2,44,activity,PointFinger,str_rescue,229,-0.3051242979073703
2,2,44,activity,Relaxed,h1_rescue,273,1.099162892142938
2,2,44,activity,Relaxed,str_rescue,229,0.15806182713184685
2,2,44,activity,RelaxedTask,h1_rescue,273,3.221235426873924
2,2,44,activity,RelaxedTask,str_rescue,229,0.2234639654002828
2,2,44,activity,StretchHold,h1_rescue,273,0.48452022257270577
2,2,44,activity,StretchHold,str_rescue,229,-0.7892338121754826
2,2,44,activity,TouchIndex,h1_rescue,273,0.2639523709104239
2,2,44,activity,TouchIndex,str_rescue,229,-0.7638766756272791
2,2,44,activity,TouchNose,h1_rescue,273,0.26475180541986126
2,2,44,activity,TouchNose,str_rescue,229,0.39303750863010023
2,2,44,wrist,left,h1_rescue,273,3.575305962211869
2,2,44,wrist,left,str_rescue,229,-2.348635552562881
2,2,44,wrist,right,h1_rescue,273,2.014947570167835
2,2,44,wrist,right,str_rescue,229,-0.6763323804654796
3,0,42,family,time_location_scale,h1_rescue,418,3.2442625819411024
3,0,42,family,time_location_scale,str_rescue,193,-0.5518247437573757
3,0,42,family,time_shape,h1_rescue,418,1.0884413255213439
3,0,42,family,time_shape,str_rescue,193,0.526649328287783
3,0,42,family,derivative,h1_rescue,418,0.622302539057572
3,0,42,family,derivative,str_rescue,193,0.5821884190032138
3,0,42,family,spectral_global,h1_rescue,418,1.598631444963398
3,0,42,family,spectral_global,str_rescue,193,-4.35695748012995
3,0,42,family,band_absolute,h1_rescue,418,1.3521146139147007
3,0,42,family,band_absolute,str_rescue,193,-1.1242030520338864
3,0,42,family,band_fraction,h1_rescue,418,1.003207733481855
3,0,42,family,band_fraction,str_rescue,193,-1.1089667098989802
3,0,42,activity,CrossArms,h1_rescue,418,0.11641809402082111
3,0,42,activity,CrossArms,str_rescue,193,0.09394763310359644
3,0,42,activity,DrinkGlas,h1_rescue,418,0.9841402225015917
3,0,42,activity,DrinkGlas,str_rescue,193,-1.0488854396963043
3,0,42,activity,Entrainment,h1_rescue,418,1.0262983129577399
3,0,42,activity,Entrainment,str_rescue,193,0.7080073575343789
3,0,42,activity,HoldWeight,h1_rescue,418,3.5297087500224755
3,0,42,activity,HoldWeight,str_rescue,193,-1.1548367461215185
3,0,42,activity,LiftHold,h1_rescue,418,0.48872666455328634
3,0,42,activity,LiftHold,str_rescue,193,-0.07380358234393558
3,0,42,activity,PointFinger,h1_rescue,418,0.9498997665188958
3,0,42,activity,PointFinger,str_rescue,193,-0.5679595732032426
3,0,42,activity,Relaxed,h1_rescue,418,-0.34853043811103407
3,0,42,activity,Relaxed,str_rescue,193,1.7258451840813707
3,0,42,activity,RelaxedTask,h1_rescue,418,1.6524751931323067
3,0,42,activity,RelaxedTask,str_rescue,193,-5.226686030653534
3,0,42,activity,StretchHold,h1_rescue,418,-0.39091629043798193
3,0,42,activity,StretchHold,str_rescue,193,0.36189738688429746
3,0,42,activity,TouchIndex,h1_rescue,418,0.2587741257061587
3,0,42,activity,TouchIndex,str_rescue,193,-1.2765474690712393
3,0,42,activity,TouchNose,h1_rescue,418,0.6419658380157137
3,0,42,activity,TouchNose,str_rescue,193,0.42590704095693915
3,0,42,wrist,left,h1_rescue,418,2.328315288982637
3,0,42,wrist,left,str_rescue,193,0.045278117982581204
3,0,42,wrist,right,h1_rescue,418,6.5806449498973345
3,0,42,wrist,right,str_rescue,193,-6.078392356511772
3,0,43,family,time_location_scale,h1_rescue,481,2.118962752200654
3,0,43,family,time_location_scale,str_rescue,215,-0.1688318703885168
3,0,43,family,time_shape,h1_rescue,481,0.8870521668959009
3,0,43,family,time_shape,str_rescue,215,0.3398164753214012
3,0,43,family,derivative,h1_rescue,481,0.5295240695827336
3,0,43,family,derivative,str_rescue,215,0.4441081911451668
3,0,43,family,spectral_global,h1_rescue,481,1.2556730347795289
3,0,43,family,spectral_global,str_rescue,215,-3.3781560203864385
3,0,43,family,band_absolute,h1_rescue,481,0.9897415500268236
3,0,43,family,band_absolute,str_rescue,215,-0.7654322788090281
3,0,43,family,band_fraction,h1_rescue,481,1.009479791116475
3,0,43,family,band_fraction,str_rescue,215,-1.2931519647472511
3,0,43,activity,CrossArms,h1_rescue,481,-0.049210279305215106
3,0,43,activity,CrossArms,str_rescue,215,0.15506885085848068
3,0,43,activity,DrinkGlas,h1_rescue,481,0.8339250832753073
3,0,43,activity,DrinkGlas,str_rescue,215,-0.9901943528549665
3,0,43,activity,Entrainment,h1_rescue,481,0.877656175426208
3,0,43,activity,Entrainment,str_rescue,215,0.511220773386208
3,0,43,activity,HoldWeight,h1_rescue,481,1.684356557221519
3,0,43,activity,HoldWeight,str_rescue,215,-0.3793893020671282
3,0,43,activity,LiftHold,h1_rescue,481,0.48121449877867767
3,0,43,activity,LiftHold,str_rescue,215,-0.16265967644926732
3,0,43,activity,PointFinger,h1_rescue,481,0.5377706130757637
3,0,43,activity,PointFinger,str_rescue,215,-0.25231237607744983
3,0,43,activity,Relaxed,h1_rescue,481,-0.021791235863214166
3,0,43,activity,Relaxed,str_rescue,215,0.9451862607129594
3,0,43,activity,RelaxedTask,h1_rescue,481,0.8322037551230088
3,0,43,activity,RelaxedTask,str_rescue,215,-3.1937377144404735
3,0,43,activity,StretchHold,h1_rescue,481,-0.09849290435756564
3,0,43,activity,StretchHold,str_rescue,215,0.2533558248735698
3,0,43,activity,TouchIndex,h1_rescue,481,0.16794381432321548
3,0,43,activity,TouchIndex,str_rescue,215,-1.2515075863024854
3,0,43,activity,TouchNose,h1_rescue,481,1.5448572869044102
3,0,43,activity,TouchNose,str_rescue,215,-0.4566781695041119
3,0,43,wrist,left,h1_rescue,481,2.902528794836765
3,0,43,wrist,left,str_rescue,215,-0.17191591413957028
3,0,43,wrist,right,h1_rescue,481,3.8879045697653507
3,0,43,wrist,right,str_rescue,215,-4.649731553725093
3,0,44,family,time_location_scale,h1_rescue,387,2.3237253633201176
3,0,44,family,time_location_scale,str_rescue,214,0.035949818436401354
3,0,44,family,time_shape,h1_rescue,387,0.902775012591029
3,0,44,family,time_shape,str_rescue,214,0.4407591893482063
3,0,44,family,derivative,h1_rescue,387,0.6717715386127232
3,0,44,family,derivative,str_rescue,214,0.530114717218638
3,0,44,family,spectral_global,h1_rescue,387,1.0419430291152614
3,0,44,family,spectral_global,str_rescue,214,-4.206223507138195
3,0,44,family,band_absolute,h1_rescue,387,1.364962051906333
3,0,44,family,band_absolute,str_rescue,214,-1.2458156217982017
3,0,44,family,band_fraction,h1_rescue,387,0.8329129251279181
3,0,44,family,band_fraction,str_rescue,214,-1.2706737729300812
3,0,44,activity,CrossArms,h1_rescue,387,0.14174131114236785
3,0,44,activity,CrossArms,str_rescue,214,0.19379178191611168
3,0,44,activity,DrinkGlas,h1_rescue,387,0.39161154190796243
3,0,44,activity,DrinkGlas,str_rescue,214,-0.9818254768384302
3,0,44,activity,Entrainment,h1_rescue,387,1.2250445000626076
3,0,44,activity,Entrainment,str_rescue,214,0.6405139266679749
3,0,44,activity,HoldWeight,h1_rescue,387,1.9667489416811466
3,0,44,activity,HoldWeight,str_rescue,214,-0.5301493778823676
3,0,44,activity,LiftHold,h1_rescue,387,0.5497377859879724
3,0,44,activity,LiftHold,str_rescue,214,0.027754885144828313
3,0,44,activity,PointFinger,h1_rescue,387,0.2081850270654697
3,0,44,activity,PointFinger,str_rescue,214,0.13129846080950658
3,0,44,activity,Relaxed,h1_rescue,387,0.22531219338960284
3,0,44,activity,Relaxed,str_rescue,214,1.224107327096612
3,0,44,activity,RelaxedTask,h1_rescue,387,0.5106322547163491
3,0,44,activity,RelaxedTask,str_rescue,214,-4.975393248032452
3,0,44,activity,StretchHold,h1_rescue,387,0.21564363135946008
3,0,44,activity,StretchHold,str_rescue,214,0.0667351841679847
3,0,44,activity,TouchIndex,h1_rescue,387,0.48164771949273405
3,0,44,activity,TouchIndex,str_rescue,214,-1.263344027011468
3,0,44,activity,TouchNose,h1_rescue,387,1.221785013867708
3,0,44,activity,TouchNose,str_rescue,214,-0.2493786129015288
3,0,44,wrist,left,h1_rescue,387,3.1297450926738972
3,0,44,wrist,left,str_rescue,214,-0.7459502289458954
3,0,44,wrist,right,h1_rescue,387,4.008344827999483
3,0,44,wrist,right,str_rescue,214,-4.969938947917333
3,1,42,family,time_location_scale,h1_rescue,294,1.2312508758683944
3,1,42,family,time_location_scale,str_rescue,242,-3.586839075297902
3,1,42,family,time_shape,h1_rescue,294,0.69885857164898
3,1,42,family,time_shape,str_rescue,242,0.5876983679879579
3,1,42,family,derivative,h1_rescue,294,0.3768556650426784
3,1,42,family,derivative,str_rescue,242,-0.7176865889657266
3,1,42,family,spectral_global,h1_rescue,294,0.9325904461736937
3,1,42,family,spectral_global,str_rescue,242,-0.5790308526974471
3,1,42,family,band_absolute,h1_rescue,294,0.5452657898234273
3,1,42,family,band_absolute,str_rescue,242,-0.591527199230481
3,1,42,family,band_fraction,h1_rescue,294,1.6454487371466153
3,1,42,family,band_fraction,str_rescue,242,-0.6810342598361712
3,1,42,activity,CrossArms,h1_rescue,294,-0.7119923115814976
3,1,42,activity,CrossArms,str_rescue,242,0.8047230813183038
3,1,42,activity,DrinkGlas,h1_rescue,294,0.5448121568129677
3,1,42,activity,DrinkGlas,str_rescue,242,-0.8446223820990273
3,1,42,activity,Entrainment,h1_rescue,294,0.7923818105307848
3,1,42,activity,Entrainment,str_rescue,242,-0.5626723637407711
3,1,42,activity,HoldWeight,h1_rescue,294,0.4707151874667545
3,1,42,activity,HoldWeight,str_rescue,242,-0.36814380650675693
3,1,42,activity,LiftHold,h1_rescue,294,-0.0073521738839126514
3,1,42,activity,LiftHold,str_rescue,242,-0.4060685704063047
3,1,42,activity,PointFinger,h1_rescue,294,0.17064768202116082
3,1,42,activity,PointFinger,str_rescue,242,0.09360663740850349
3,1,42,activity,Relaxed,h1_rescue,294,0.20396902286885113
3,1,42,activity,Relaxed,str_rescue,242,-0.5082359442636553
3,1,42,activity,RelaxedTask,h1_rescue,294,2.3346740445395158
3,1,42,activity,RelaxedTask,str_rescue,242,-1.6806227121403594
3,1,42,activity,StretchHold,h1_rescue,294,0.1680425283135267
3,1,42,activity,StretchHold,str_rescue,242,-2.0156176061262694
3,1,42,activity,TouchIndex,h1_rescue,294,0.49474888638158165
3,1,42,activity,TouchIndex,str_rescue,242,-0.44333793006575345
3,1,42,activity,TouchNose,h1_rescue,294,0.9696232522340561
3,1,42,activity,TouchNose,str_rescue,242,0.36257198858232254
3,1,42,wrist,left,h1_rescue,294,4.907113299905178
3,1,42,wrist,left,str_rescue,242,-3.3906053078779514
3,1,42,wrist,right,h1_rescue,294,0.5231567857986109
3,1,42,wrist,right,str_rescue,242,-2.1778143001618164
3,1,43,family,time_location_scale,h1_rescue,369,1.3158561839970095
3,1,43,family,time_location_scale,str_rescue,154,-4.179929940069638
3,1,43,family,time_shape,h1_rescue,369,1.0641245471909813
3,1,43,family,time_shape,str_rescue,154,0.40755572742496476
3,1,43,family,derivative,h1_rescue,369,0.2789546464323554
3,1,43,family,derivative,str_rescue,154,-0.5703682869436414
3,1,43,family,spectral_global,h1_rescue,369,1.035498790424074
3,1,43,family,spectral_global,str_rescue,154,-0.975665014094248
3,1,43,family,band_absolute,h1_rescue,369,0.7839496551570558
3,1,43,family,band_absolute,str_rescue,154,-1.1154572931823474
3,1,43,family,band_fraction,h1_rescue,369,1.0011190150367992
3,1,43,family,band_fraction,str_rescue,154,-0.46823962280909326
3,1,43,activity,CrossArms,h1_rescue,369,0.4991880136169314
3,1,43,activity,CrossArms,str_rescue,154,-1.2882929256407147
3,1,43,activity,DrinkGlas,h1_rescue,369,-0.0197435255804649
3,1,43,activity,DrinkGlas,str_rescue,154,-0.4301915184713561
3,1,43,activity,Entrainment,h1_rescue,369,0.7883340697378436
3,1,43,activity,Entrainment,str_rescue,154,-0.29983535653520377
3,1,43,activity,HoldWeight,h1_rescue,369,0.10546235032287603
3,1,43,activity,HoldWeight,str_rescue,154,-1.260947217721896
3,1,43,activity,LiftHold,h1_rescue,369,-0.015818950232993696
3,1,43,activity,LiftHold,str_rescue,154,-0.2671109785671956
3,1,43,activity,PointFinger,h1_rescue,369,0.34587047192751874
3,1,43,activity,PointFinger,str_rescue,154,0.150280776053127
3,1,43,activity,Relaxed,h1_rescue,369,0.17001046984177315
3,1,43,activity,Relaxed,str_rescue,154,-0.709724141690729
3,1,43,activity,RelaxedTask,h1_rescue,369,2.767452606297526
3,1,43,activity,RelaxedTask,str_rescue,154,-0.6287545332464485
3,1,43,activity,StretchHold,h1_rescue,369,-0.1381189583972783
3,1,43,activity,StretchHold,str_rescue,154,-2.487402741826632
3,1,43,activity,TouchIndex,h1_rescue,369,0.07146737798059004
3,1,43,activity,TouchIndex,str_rescue,154,-0.2632733511650547
3,1,43,activity,TouchNose,h1_rescue,369,0.9053989127239523
3,1,43,activity,TouchNose,str_rescue,154,0.5831475591380999
3,1,43,wrist,left,h1_rescue,369,3.7161370585540645
3,1,43,wrist,left,str_rescue,154,-3.4795297602911854
3,1,43,wrist,right,h1_rescue,369,1.7633657796842108
3,1,43,wrist,right,str_rescue,154,-3.4225746693828247
3,1,44,family,time_location_scale,h1_rescue,360,1.093194831698083
3,1,44,family,time_location_scale,str_rescue,272,-3.7590235750305054
3,1,44,family,time_shape,h1_rescue,360,0.8195743090248292
3,1,44,family,time_shape,str_rescue,272,0.47841899116668596
3,1,44,family,derivative,h1_rescue,360,0.4070400649541761
3,1,44,family,derivative,str_rescue,272,-0.6604550836498353
3,1,44,family,spectral_global,h1_rescue,360,1.3494871286679184
3,1,44,family,spectral_global,str_rescue,272,-0.9398708955767721
3,1,44,family,band_absolute,h1_rescue,360,0.8579936246507951
3,1,44,family,band_absolute,str_rescue,272,-0.9807722863533767
3,1,44,family,band_fraction,h1_rescue,360,1.7640619497888737
3,1,44,family,band_fraction,str_rescue,272,-0.6012153589522122
3,1,44,activity,CrossArms,h1_rescue,360,-0.19786730668002256
3,1,44,activity,CrossArms,str_rescue,272,0.04326097807016584
3,1,44,activity,DrinkGlas,h1_rescue,360,0.7763617145534611
3,1,44,activity,DrinkGlas,str_rescue,272,-1.1761911460575307
3,1,44,activity,Entrainment,h1_rescue,360,0.38330091337984573
3,1,44,activity,Entrainment,str_rescue,272,-0.20967250695115983
3,1,44,activity,HoldWeight,h1_rescue,360,1.0444710629969634
3,1,44,activity,HoldWeight,str_rescue,272,-1.1065531573818217
3,1,44,activity,LiftHold,h1_rescue,360,0.25933109503487617
3,1,44,activity,LiftHold,str_rescue,272,-0.5342817826774547
3,1,44,activity,PointFinger,h1_rescue,360,0.332309123951155
3,1,44,activity,PointFinger,str_rescue,272,0.18725832659645397
3,1,44,activity,Relaxed,h1_rescue,360,0.11334191035649704
3,1,44,activity,Relaxed,str_rescue,272,-0.2553372694845816
3,1,44,activity,RelaxedTask,h1_rescue,360,2.060005927977669
3,1,44,activity,RelaxedTask,str_rescue,272,-1.4099798042028326
3,1,44,activity,StretchHold,h1_rescue,360,0.07367706807507479
3,1,44,activity,StretchHold,str_rescue,272,-2.010789934354842
3,1,44,activity,TouchIndex,h1_rescue,360,0.5263195308999863
3,1,44,activity,TouchIndex,str_rescue,272,-0.33027886114197497
3,1,44,activity,TouchNose,h1_rescue,360,0.92010086823917
3,1,44,activity,TouchNose,str_rescue,272,0.3396469491895638
3,1,44,wrist,left,h1_rescue,360,5.133865526943891
3,1,44,wrist,left,str_rescue,272,-4.0162314382023645
3,1,44,wrist,right,h1_rescue,360,1.1574863818407861
3,1,44,wrist,right,str_rescue,272,-2.4466867701936517
3,2,42,family,time_location_scale,h1_rescue,284,0.6560784321519251
3,2,42,family,time_location_scale,str_rescue,291,-2.255912195836507
3,2,42,family,time_shape,h1_rescue,284,0.287309527250356
3,2,42,family,time_shape,str_rescue,291,-0.6468553276915627
3,2,42,family,derivative,h1_rescue,284,0.2778289322031474
3,2,42,family,derivative,str_rescue,291,-0.04137407272327502
3,2,42,family,spectral_global,h1_rescue,284,0.37752627313795195
3,2,42,family,spectral_global,str_rescue,291,-1.847510131820281
3,2,42,family,band_absolute,h1_rescue,284,0.40299971607831025
3,2,42,family,band_absolute,str_rescue,291,-2.9135294542925787
3,2,42,family,band_fraction,h1_rescue,284,1.7737744395256483
3,2,42,family,band_fraction,str_rescue,291,-0.557084348798243
3,2,42,activity,CrossArms,h1_rescue,284,-0.1359707020629613
3,2,42,activity,CrossArms,str_rescue,291,0.05459993044856798
3,2,42,activity,DrinkGlas,h1_rescue,284,1.006677220993652
3,2,42,activity,DrinkGlas,str_rescue,291,-4.480515192171122
3,2,42,activity,Entrainment,h1_rescue,284,0.3344637458561045
3,2,42,activity,Entrainment,str_rescue,291,-0.029012337779506778
3,2,42,activity,HoldWeight,h1_rescue,284,0.7690996409937164
3,2,42,activity,HoldWeight,str_rescue,291,-2.137736087277871
3,2,42,activity,LiftHold,h1_rescue,284,0.3462642250819588
3,2,42,activity,LiftHold,str_rescue,291,-0.8473284810131283
3,2,42,activity,PointFinger,h1_rescue,284,0.9168081228335977
3,2,42,activity,PointFinger,str_rescue,291,-0.4988937990904079
3,2,42,activity,Relaxed,h1_rescue,284,-0.38819675240060775
3,2,42,activity,Relaxed,str_rescue,291,-0.8818118800885476
3,2,42,activity,RelaxedTask,h1_rescue,284,0.237040845003715
3,2,42,activity,RelaxedTask,str_rescue,291,1.3354246460293369
3,2,42,activity,StretchHold,h1_rescue,284,0.2958780933503427
3,2,42,activity,StretchHold,str_rescue,291,-1.4106620858505443
3,2,42,activity,TouchIndex,h1_rescue,284,0.08008074467370163
3,2,42,activity,TouchIndex,str_rescue,291,0.20824080972485198
3,2,42,activity,TouchNose,h1_rescue,284,0.31337213602411934
3,2,42,activity,TouchNose,str_rescue,291,0.42542894590592123
3,2,42,wrist,left,h1_rescue,284,2.0588089812303756
3,2,42,wrist,left,str_rescue,291,-1.0191681234459808
3,2,42,wrist,right,h1_rescue,284,1.7167083391169586
3,2,42,wrist,right,str_rescue,291,-7.2430974077164825
3,2,43,family,time_location_scale,h1_rescue,378,0.6634451921792589
3,2,43,family,time_location_scale,str_rescue,198,-0.7594739071877483
3,2,43,family,time_shape,h1_rescue,378,0.996370614341741
3,2,43,family,time_shape,str_rescue,198,-0.660042860230104
3,2,43,family,derivative,h1_rescue,378,0.10232973780224931
3,2,43,family,derivative,str_rescue,198,-0.0644058798730953
3,2,43,family,spectral_global,h1_rescue,378,0.9007120817656146
3,2,43,family,spectral_global,str_rescue,198,-0.411440540039197
3,2,43,family,band_absolute,h1_rescue,378,-0.09346386603433884
3,2,43,family,band_absolute,str_rescue,198,-1.0752906270989517
3,2,43,family,band_fraction,h1_rescue,378,1.7079231893204
3,2,43,family,band_fraction,str_rescue,198,-0.3961399371384674
3,2,43,activity,CrossArms,h1_rescue,378,-0.09630514424148298
3,2,43,activity,CrossArms,str_rescue,198,0.6448447976483056
3,2,43,activity,DrinkGlas,h1_rescue,378,0.9114381008214923
3,2,43,activity,DrinkGlas,str_rescue,198,-2.5880625402335284
3,2,43,activity,Entrainment,h1_rescue,378,0.37637155870359984
3,2,43,activity,Entrainment,str_rescue,198,-0.07773098440063209
3,2,43,activity,HoldWeight,h1_rescue,378,0.9464418485110105
3,2,43,activity,HoldWeight,str_rescue,198,0.05040681194961342
3,2,43,activity,LiftHold,h1_rescue,378,0.3639210780999465
3,2,43,activity,LiftHold,str_rescue,198,-0.43938159834117113
3,2,43,activity,PointFinger,h1_rescue,378,0.36725676808147145
3,2,43,activity,PointFinger,str_rescue,198,-0.22528482911598124
3,2,43,activity,Relaxed,h1_rescue,378,0.19623776735189835
3,2,43,activity,Relaxed,str_rescue,198,-0.11648531851903855
3,2,43,activity,RelaxedTask,h1_rescue,378,0.45053144854809746
3,2,43,activity,RelaxedTask,str_rescue,198,0.03327197553106756
3,2,43,activity,StretchHold,h1_rescue,378,0.27065027342939246
3,2,43,activity,StretchHold,str_rescue,198,-1.0144226418602205
3,2,43,activity,TouchIndex,h1_rescue,378,-0.08589415562842279
3,2,43,activity,TouchIndex,str_rescue,198,0.09613580417065834
3,2,43,activity,TouchNose,h1_rescue,378,0.5766674056979227
3,2,43,activity,TouchNose,str_rescue,198,0.26991477160336164
3,2,43,wrist,left,h1_rescue,378,2.557945969964807
3,2,43,wrist,left,str_rescue,198,-1.6085285586676323
3,2,43,wrist,right,h1_rescue,378,1.719370979410116
3,2,43,wrist,right,str_rescue,198,-1.7582651928999378
3,2,44,family,time_location_scale,h1_rescue,298,0.9219372830945574
3,2,44,family,time_location_scale,str_rescue,258,-2.0663561506743275
3,2,44,family,time_shape,h1_rescue,298,0.4837196844194906
3,2,44,family,time_shape,str_rescue,258,-0.6410726958764351
3,2,44,family,derivative,h1_rescue,298,0.29351095816504097
3,2,44,family,derivative,str_rescue,258,-0.056549403974537206
3,2,44,family,spectral_global,h1_rescue,298,0.388518641380095
3,2,44,family,spectral_global,str_rescue,258,-1.3246797918465276
3,2,44,family,band_absolute,h1_rescue,298,0.24660473264316943
3,2,44,family,band_absolute,str_rescue,258,-2.6478169070316158
3,2,44,family,band_fraction,h1_rescue,298,1.6314739973960035
3,2,44,family,band_fraction,str_rescue,258,-0.3902470773727242
3,2,44,activity,CrossArms,h1_rescue,298,-0.4434361292915429
3,2,44,activity,CrossArms,str_rescue,258,0.3949048396410446
3,2,44,activity,DrinkGlas,h1_rescue,298,0.9554098574391325
3,2,44,activity,DrinkGlas,str_rescue,258,-4.083809329889239
3,2,44,activity,Entrainment,h1_rescue,298,0.3023558559539496
3,2,44,activity,Entrainment,str_rescue,258,0.10771622765850965
3,2,44,activity,HoldWeight,h1_rescue,298,1.1099081454979869
3,2,44,activity,HoldWeight,str_rescue,258,-1.993178698313852
3,2,44,activity,LiftHold,h1_rescue,298,0.2514372285335905
3,2,44,activity,LiftHold,str_rescue,258,-0.8322697312797301
3,2,44,activity,PointFinger,h1_rescue,298,0.713891231327449
3,2,44,activity,PointFinger,str_rescue,258,-0.5231591689969063
3,2,44,activity,Relaxed,h1_rescue,298,-0.09920972940868898
3,2,44,activity,Relaxed,str_rescue,258,-0.9186148768069136
3,2,44,activity,RelaxedTask,h1_rescue,298,0.3798009636212798
3,2,44,activity,RelaxedTask,str_rescue,258,1.1718406153656151
3,2,44,activity,StretchHold,h1_rescue,298,0.1318443463285213
3,2,44,activity,StretchHold,str_rescue,258,-0.9161759051203959
3,2,44,activity,TouchIndex,h1_rescue,298,0.2266127657096772
3,2,44,activity,TouchIndex,str_rescue,258,0.1311234454968973
3,2,44,activity,TouchNose,h1_rescue,298,0.43715076138700226
3,2,44,activity,TouchNose,str_rescue,258,0.33490055546880226
3,2,44,wrist,left,h1_rescue,298,2.4236456232557573
3,2,44,wrist,left,str_rescue,258,-0.915817107509787
3,2,44,wrist,right,h1_rescue,298,1.5421196738425962
3,2,44,wrist,right,str_rescue,258,-6.2109049192663965
4,0,42,family,time_location_scale,h1_rescue,305,2.6692407849050737
4,0,42,family,time_location_scale,str_rescue,165,-0.37756057606446247
4,0,42,family,time_shape,h1_rescue,305,0.40487015217923955
4,0,42,family,time_shape,str_rescue,165,0.21436473244373935
4,0,42,family,derivative,h1_rescue,305,0.3910480763847501
4,0,42,family,derivative,str_rescue,165,0.04890025402679288
4,0,42,family,spectral_global,h1_rescue,305,1.6625641278943957
4,0,42,family,spectral_global,str_rescue,165,-0.41854979332823944
4,0,42,family,band_absolute,h1_rescue,305,0.6688490240569324
4,0,42,family,band_absolute,str_rescue,165,-1.156729011358553
4,0,42,family,band_fraction,h1_rescue,305,0.8988371189542976
4,0,42,family,band_fraction,str_rescue,165,-0.4192981421946823
4,0,42,activity,CrossArms,h1_rescue,305,-0.37611676521592297
4,0,42,activity,CrossArms,str_rescue,165,1.1609138374021906
4,0,42,activity,DrinkGlas,h1_rescue,305,1.8338316687426734
4,0,42,activity,DrinkGlas,str_rescue,165,-0.9365621632324943
4,0,42,activity,Entrainment,h1_rescue,305,1.8551736045238851
4,0,42,activity,Entrainment,str_rescue,165,-1.6947547923241806
4,0,42,activity,HoldWeight,h1_rescue,305,1.1265913547945652
4,0,42,activity,HoldWeight,str_rescue,165,0.21430273386472057
4,0,42,activity,LiftHold,h1_rescue,305,0.5119122226556144
4,0,42,activity,LiftHold,str_rescue,165,0.022397561469433194
4,0,42,activity,PointFinger,h1_rescue,305,0.27778222394420904
4,0,42,activity,PointFinger,str_rescue,165,-0.3035873152375393
4,0,42,activity,Relaxed,h1_rescue,305,0.21386150848767696
4,0,42,activity,Relaxed,str_rescue,165,0.02077656377471274
4,0,42,activity,RelaxedTask,h1_rescue,305,0.43289147508938913
4,0,42,activity,RelaxedTask,str_rescue,165,0.26468302295021545
4,0,42,activity,StretchHold,h1_rescue,305,-0.1228059637942346
4,0,42,activity,StretchHold,str_rescue,165,-0.4612506833374427
4,0,42,activity,TouchIndex,h1_rescue,305,-0.023981380801414206
4,0,42,activity,TouchIndex,str_rescue,165,-0.40029490697943254
4,0,42,activity,TouchNose,h1_rescue,305,0.9662693359482486
4,0,42,activity,TouchNose,str_rescue,165,0.004503605174410638
4,0,42,wrist,left,h1_rescue,305,2.3850781906257037
4,0,42,wrist,left,str_rescue,165,-2.2534571092750415
4,0,42,wrist,right,h1_rescue,305,4.310331093748979
4,0,42,wrist,right,str_rescue,165,0.1445845727996334
4,0,43,family,time_location_scale,h1_rescue,335,2.831389726885341
4,0,43,family,time_location_scale,str_rescue,183,-0.7381570011752894
4,0,43,family,time_shape,h1_rescue,335,1.2122156540626767
4,0,43,family,time_shape,str_rescue,183,-0.4302643611837822
4,0,43,family,derivative,h1_rescue,335,0.2827555502792387
4,0,43,family,derivative,str_rescue,183,0.008459274222056251
4,0,43,family,spectral_global,h1_rescue,335,1.3988432532346908
4,0,43,family,spectral_global,str_rescue,183,-0.26644048047352487
4,0,43,family,band_absolute,h1_rescue,335,0.5088512937120363
4,0,43,family,band_absolute,str_rescue,183,-0.9190462645827318
4,0,43,family,band_fraction,h1_rescue,335,0.6536124207427705
4,0,43,family,band_fraction,str_rescue,183,-0.49543603714463236
4,0,43,activity,CrossArms,h1_rescue,335,-0.03545020456311598
4,0,43,activity,CrossArms,str_rescue,183,0.8536830454005139
4,0,43,activity,DrinkGlas,h1_rescue,335,1.6480932478191699
4,0,43,activity,DrinkGlas,str_rescue,183,-0.7286310073181882
4,0,43,activity,Entrainment,h1_rescue,335,1.744042006360753
4,0,43,activity,Entrainment,str_rescue,183,-1.4584074535531462
4,0,43,activity,HoldWeight,h1_rescue,335,0.530587216480323
4,0,43,activity,HoldWeight,str_rescue,183,0.1779622346142194
4,0,43,activity,LiftHold,h1_rescue,335,0.5954521807199105
4,0,43,activity,LiftHold,str_rescue,183,-0.4299676126328426
4,0,43,activity,PointFinger,h1_rescue,335,0.06054566920999476
4,0,43,activity,PointFinger,str_rescue,183,-0.1830112974197067
4,0,43,activity,Relaxed,h1_rescue,335,0.6422328290926296
4,0,43,activity,Relaxed,str_rescue,183,-0.1187271592743736
4,0,43,activity,RelaxedTask,h1_rescue,335,0.8013817604953453
4,0,43,activity,RelaxedTask,str_rescue,183,0.05260318317296581
4,0,43,activity,StretchHold,h1_rescue,335,-0.27964971096394386
4,0,43,activity,StretchHold,str_rescue,183,-0.4995308778006036
4,0,43,activity,TouchIndex,h1_rescue,335,0.09500509641997987
4,0,43,activity,TouchIndex,str_rescue,183,-0.5894548520211547
4,0,43,activity,TouchNose,h1_rescue,335,1.0854278078457098
4,0,43,activity,TouchNose,str_rescue,183,0.08259692649441223
4,0,43,wrist,left,h1_rescue,335,2.4173854118644065
4,0,43,wrist,left,str_rescue,183,-2.365061162821269
4,0,43,wrist,right,h1_rescue,335,4.470282487052342
4,0,43,wrist,right,str_rescue,183,-0.47582370751663833
4,0,44,family,time_location_scale,h1_rescue,283,3.0928946936870054
4,0,44,family,time_location_scale,str_rescue,188,-0.5863461546144806
4,0,44,family,time_shape,h1_rescue,283,0.7178942508048375
4,0,44,family,time_shape,str_rescue,188,-0.47277506819265847
4,0,44,family,derivative,h1_rescue,283,0.7510476032117247
4,0,44,family,derivative,str_rescue,188,-0.010156983774596586
4,0,44,family,spectral_global,h1_rescue,283,1.0602430501891875
4,0,44,family,spectral_global,str_rescue,188,-0.25494170429633406
4,0,44,family,band_absolute,h1_rescue,283,0.9113417593895686
4,0,44,family,band_absolute,str_rescue,188,-0.941787361535117
4,0,44,family,band_fraction,h1_rescue,283,0.5581230306404633
4,0,44,family,band_fraction,str_rescue,188,-0.6868338991018982
4,0,44,activity,CrossArms,h1_rescue,283,-0.42674073914868355
4,0,44,activity,CrossArms,str_rescue,188,1.0554816167071284
4,0,44,activity,DrinkGlas,h1_rescue,283,1.9479774746922718
4,0,44,activity,DrinkGlas,str_rescue,188,-0.7839699487001798
4,0,44,activity,Entrainment,h1_rescue,283,2.1045820475082246
4,0,44,activity,Entrainment,str_rescue,188,-1.7549999342953244
4,0,44,activity,HoldWeight,h1_rescue,283,-0.308383309404142
4,0,44,activity,HoldWeight,str_rescue,188,0.7929255043799649
4,0,44,activity,LiftHold,h1_rescue,283,0.7541695283571657
4,0,44,activity,LiftHold,str_rescue,188,-0.7565869419025274
4,0,44,activity,PointFinger,h1_rescue,283,-0.0530688533557474
4,0,44,activity,PointFinger,str_rescue,188,-0.12473241327419028
4,0,44,activity,Relaxed,h1_rescue,283,0.7182776159543508
4,0,44,activity,Relaxed,str_rescue,188,-0.0872972263120549
4,0,44,activity,RelaxedTask,h1_rescue,283,1.0533020330577294
4,0,44,activity,RelaxedTask,str_rescue,188,0.04267225461414168
4,0,44,activity,StretchHold,h1_rescue,283,-0.177787387314926
4,0,44,activity,StretchHold,str_rescue,188,-0.5339773934015789
4,0,44,activity,TouchIndex,h1_rescue,283,0.07708969504234833
4,0,44,activity,TouchIndex,str_rescue,188,-0.695790190589552
4,0,44,activity,TouchNose,h1_rescue,283,1.4021262825341956
4,0,44,activity,TouchNose,str_rescue,188,-0.10656649874091047
4,0,44,wrist,left,h1_rescue,283,2.749818300881858
4,0,44,wrist,left,str_rescue,188,-2.4589070541455214
4,0,44,wrist,right,h1_rescue,283,4.341726087040923
4,0,44,wrist,right,str_rescue,188,-0.4939341173695692
4,1,42,family,time_location_scale,h1_rescue,241,1.123489260613211
4,1,42,family,time_location_scale,str_rescue,304,-3.1661019700983775
4,1,42,family,time_shape,h1_rescue,241,-0.17697470472165758
4,1,42,family,time_shape,str_rescue,304,0.4103621780303924
4,1,42,family,derivative,h1_rescue,241,0.6404560959661342
4,1,42,family,derivative,str_rescue,304,-0.9025673218509495
4,1,42,family,spectral_global,h1_rescue,241,-0.2608927739974358
4,1,42,family,spectral_global,str_rescue,304,0.23748122076263253
4,1,42,family,band_absolute,h1_rescue,241,2.465607466961761
4,1,42,family,band_absolute,str_rescue,304,-1.7769018593111061
4,1,42,family,band_fraction,h1_rescue,241,0.7865959531941452
4,1,42,family,band_fraction,str_rescue,304,-0.5162471155445322
4,1,42,activity,CrossArms,h1_rescue,241,0.08283634483270182
4,1,42,activity,CrossArms,str_rescue,304,-0.007737020505026717
4,1,42,activity,DrinkGlas,h1_rescue,241,-0.2693410705437859
4,1,42,activity,DrinkGlas,str_rescue,304,0.12525786381821094
4,1,42,activity,Entrainment,h1_rescue,241,0.9845111724395165
4,1,42,activity,Entrainment,str_rescue,304,-0.49916262083125673
4,1,42,activity,HoldWeight,h1_rescue,241,-0.4453788482376025
4,1,42,activity,HoldWeight,str_rescue,304,-1.4991364924245516
4,1,42,activity,LiftHold,h1_rescue,241,-1.1817010672077128
4,1,42,activity,LiftHold,str_rescue,304,-0.5494132235313259
4,1,42,activity,PointFinger,h1_rescue,241,-0.005630105616087975
4,1,42,activity,PointFinger,str_rescue,304,-0.23240538513504805
4,1,42,activity,Relaxed,h1_rescue,241,2.2201261950361055
4,1,42,activity,Relaxed,str_rescue,304,-2.013759995937635
4,1,42,activity,RelaxedTask,h1_rescue,241,2.380382036433845
4,1,42,activity,RelaxedTask,str_rescue,304,0.031171813769260013
4,1,42,activity,StretchHold,h1_rescue,241,-0.3368731601831675
4,1,42,activity,StretchHold,str_rescue,304,-1.2021923082714607
4,1,42,activity,TouchIndex,h1_rescue,241,0.20282249073912254
4,1,42,activity,TouchIndex,str_rescue,304,-0.3776834453117551
4,1,42,activity,TouchNose,h1_rescue,241,0.9465273103232186
4,1,42,activity,TouchNose,str_rescue,304,0.5110859463486487
4,1,42,wrist,left,h1_rescue,241,3.3075102596337445
4,1,42,wrist,left,str_rescue,304,-2.783583828601527
4,1,42,wrist,right,h1_rescue,241,1.2707710383824151
4,1,42,wrist,right,str_rescue,304,-2.9303910394104085
4,1,43,family,time_location_scale,h1_rescue,289,0.5691434470371237
4,1,43,family,time_location_scale,str_rescue,307,-2.5537535195654955
4,1,43,family,time_shape,h1_rescue,289,0.5438056417141806
4,1,43,family,time_shape,str_rescue,307,0.08746770887055783
4,1,43,family,derivative,h1_rescue,289,0.5539765018150982
4,1,43,family,derivative,str_rescue,307,-0.7005114600194755
4,1,43,family,spectral_global,h1_rescue,289,0.33224731937503327
4,1,43,family,spectral_global,str_rescue,307,-0.24022273284157233
4,1,43,family,band_absolute,h1_rescue,289,2.8286649937750634
4,1,43,family,band_absolute,str_rescue,307,-1.4217308262905186
4,1,43,family,band_fraction,h1_rescue,289,1.472907270199006
4,1,43,family,band_fraction,str_rescue,307,-0.6672275152048278
4,1,43,activity,CrossArms,h1_rescue,289,1.083477970423944
4,1,43,activity,CrossArms,str_rescue,307,-0.7361749009909321
4,1,43,activity,DrinkGlas,h1_rescue,289,-0.35484844832897466
4,1,43,activity,DrinkGlas,str_rescue,307,-0.21813159948252037
4,1,43,activity,Entrainment,h1_rescue,289,1.1756042302425487
4,1,43,activity,Entrainment,str_rescue,307,-1.1028117818953875
4,1,43,activity,HoldWeight,h1_rescue,289,-0.3083881312172188
4,1,43,activity,HoldWeight,str_rescue,307,-1.1598526530294073
4,1,43,activity,LiftHold,h1_rescue,289,-1.932136369361095
4,1,43,activity,LiftHold,str_rescue,307,-0.30365221978864415
4,1,43,activity,PointFinger,h1_rescue,289,0.12372617997358754
4,1,43,activity,PointFinger,str_rescue,307,-0.2843187743943534
4,1,43,activity,Relaxed,h1_rescue,289,2.1497838528175035
4,1,43,activity,Relaxed,str_rescue,307,-1.0160063221906745
4,1,43,activity,RelaxedTask,h1_rescue,289,3.0894647344120947
4,1,43,activity,RelaxedTask,str_rescue,307,0.3703995007628042
4,1,43,activity,StretchHold,h1_rescue,289,-0.5958263249647755
4,1,43,activity,StretchHold,str_rescue,307,-1.0335145436121131
4,1,43,activity,TouchIndex,h1_rescue,289,0.30229896744023027
4,1,43,activity,TouchIndex,str_rescue,307,-0.18287620313126352
4,1,43,activity,TouchNose,h1_rescue,289,1.567588512477657
4,1,43,activity,TouchNose,str_rescue,307,0.17096115270115977
4,1,43,wrist,left,h1_rescue,289,2.873484224274697
4,1,43,wrist,left,str_rescue,307,-2.386249128397529
4,1,43,wrist,right,h1_rescue,289,3.4272609496408117
4,1,43,wrist,right,str_rescue,307,-3.1097292166537946
4,1,44,family,time_location_scale,h1_rescue,370,1.7003332715225725
4,1,44,family,time_location_scale,str_rescue,282,-3.751250753780688
4,1,44,family,time_shape,h1_rescue,370,0.47053695488405684
4,1,44,family,time_shape,str_rescue,282,0.3709125604120276
4,1,44,family,derivative,h1_rescue,370,0.6237606485297743
4,1,44,family,derivative,str_rescue,282,-0.9937415051330695
4,1,44,family,spectral_global,h1_rescue,370,0.3685571771200947
4,1,44,family,spectral_global,str_rescue,282,-0.1959204813712454
4,1,44,family,band_absolute,h1_rescue,370,2.198895318440623
4,1,44,family,band_absolute,str_rescue,282,-2.0431256900037034
4,1,44,family,band_fraction,h1_rescue,370,1.0609589854195722
4,1,44,family,band_fraction,str_rescue,282,-0.2941521885182616
4,1,44,activity,CrossArms,h1_rescue,370,-0.018016464817029523
4,1,44,activity,CrossArms,str_rescue,282,0.07788322789041309
4,1,44,activity,DrinkGlas,h1_rescue,370,0.6257185397658396
4,1,44,activity,DrinkGlas,str_rescue,282,-0.16458632824940475
4,1,44,activity,Entrainment,h1_rescue,370,0.5029032017900037
4,1,44,activity,Entrainment,str_rescue,282,-0.622148573409338
4,1,44,activity,HoldWeight,h1_rescue,370,0.10149350772307908
4,1,44,activity,HoldWeight,str_rescue,282,-2.062181374034582
4,1,44,activity,LiftHold,h1_rescue,370,-0.8975940471558497
4,1,44,activity,LiftHold,str_rescue,282,-0.5004842546248681
4,1,44,activity,PointFinger,h1_rescue,370,0.28671658742036454
4,1,44,activity,PointFinger,str_rescue,282,-0.3126978712034317
4,1,44,activity,Relaxed,h1_rescue,370,1.9692171983298317
4,1,44,activity,Relaxed,str_rescue,282,-1.7723279921102875
4,1,44,activity,RelaxedTask,h1_rescue,370,2.2639554474745003
4,1,44,activity,RelaxedTask,str_rescue,282,-0.75890849431724
4,1,44,activity,StretchHold,h1_rescue,370,-0.027406062361678793
4,1,44,activity,StretchHold,str_rescue,282,-0.9714544753611091
4,1,44,activity,TouchIndex,h1_rescue,370,0.2227261182252061
4,1,44,activity,TouchIndex,str_rescue,282,-0.43925200634245715
4,1,44,activity,TouchNose,h1_rescue,370,1.3933283295224226
4,1,44,activity,TouchNose,str_rescue,282,0.6188800833673646
4,1,44,wrist,left,h1_rescue,370,3.6187243552347446
4,1,44,wrist,left,str_rescue,282,-2.615848684760514
4,1,44,wrist,right,h1_rescue,370,2.8043180006819513
4,1,44,wrist,right,str_rescue,282,-4.2914293736344185
4,2,42,family,time_location_scale,h1_rescue,246,3.4006483768549307
4,2,42,family,time_location_scale,str_rescue,220,-0.13931130530877087
4,2,42,family,time_shape,h1_rescue,246,0.09044448777599509
4,2,42,family,time_shape,str_rescue,220,-0.8816662949024181
4,2,42,family,derivative,h1_rescue,246,0.5572431630456782
4,2,42,family,derivative,str_rescue,220,-0.21677186233820978
4,2,42,family,spectral_global,h1_rescue,246,0.3261726055984804
4,2,42,family,spectral_global,str_rescue,220,-0.7065938545558236
4,2,42,family,band_absolute,h1_rescue,246,0.9067096570091902
4,2,42,family,band_absolute,str_rescue,220,-0.4535860923680051
4,2,42,family,band_fraction,h1_rescue,246,0.8399080212212171
4,2,42,family,band_fraction,str_rescue,220,-0.8681056245513207
4,2,42,activity,CrossArms,h1_rescue,246,0.15647692321209614
4,2,42,activity,CrossArms,str_rescue,220,0.12575190807086906
4,2,42,activity,DrinkGlas,h1_rescue,246,1.035205926791656
4,2,42,activity,DrinkGlas,str_rescue,220,-1.3255956678435048
4,2,42,activity,Entrainment,h1_rescue,246,-0.4367406936314569
4,2,42,activity,Entrainment,str_rescue,220,-0.45321320540564847
4,2,42,activity,HoldWeight,h1_rescue,246,1.968806831321775
4,2,42,activity,HoldWeight,str_rescue,220,-0.01822773204635656
4,2,42,activity,LiftHold,h1_rescue,246,0.862765613174905
4,2,42,activity,LiftHold,str_rescue,220,-0.5718672191062425
4,2,42,activity,PointFinger,h1_rescue,246,0.3685746471333208
4,2,42,activity,PointFinger,str_rescue,220,-0.05954918041546463
4,2,42,activity,Relaxed,h1_rescue,246,0.19281654495210987
4,2,42,activity,Relaxed,str_rescue,220,-0.20009561882502397
4,2,42,activity,RelaxedTask,h1_rescue,246,-0.014625735958048952
4,2,42,activity,RelaxedTask,str_rescue,220,-0.27562451643679503
4,2,42,activity,StretchHold,h1_rescue,246,0.6425461526811164
4,2,42,activity,StretchHold,str_rescue,220,0.373436750403165
4,2,42,activity,TouchIndex,h1_rescue,246,0.35143737270136194
4,2,42,activity,TouchIndex,str_rescue,220,-0.34316311774198327
4,2,42,activity,TouchNose,h1_rescue,246,0.9938627291266533
4,2,42,activity,TouchNose,str_rescue,220,-0.5178874346775615
4,2,42,wrist,left,h1_rescue,246,1.295747654837864
4,2,42,wrist,left,str_rescue,220,-1.6151283135973824
4,2,42,wrist,right,h1_rescue,246,4.82537865666763
4,2,42,wrist,right,str_rescue,220,-1.6509067204271626
4,2,43,family,time_location_scale,h1_rescue,236,2.6715759222919053
4,2,43,family,time_location_scale,str_rescue,189,0.7959418807383878
4,2,43,family,time_shape,h1_rescue,236,0.9672347909391898
4,2,43,family,time_shape,str_rescue,189,-0.7805723835515094
4,2,43,family,derivative,h1_rescue,236,0.425733694579481
4,2,43,family,derivative,str_rescue,189,-0.27481094230098724
4,2,43,family,spectral_global,h1_rescue,236,0.6541334599421813
4,2,43,family,spectral_global,str_rescue,189,-0.7104598848615818
4,2,43,family,band_absolute,h1_rescue,236,0.9822722496853097
4,2,43,family,band_absolute,str_rescue,189,-0.31758546050680814
4,2,43,family,band_fraction,h1_rescue,236,1.8409531063483426
4,2,43,family,band_fraction,str_rescue,189,-1.2287257540843903
4,2,43,activity,CrossArms,h1_rescue,236,0.5918246423276784
4,2,43,activity,CrossArms,str_rescue,189,-0.13243949697582372
4,2,43,activity,DrinkGlas,h1_rescue,236,0.6327345644443166
4,2,43,activity,DrinkGlas,str_rescue,189,-1.2980322024363384
4,2,43,activity,Entrainment,h1_rescue,236,-0.46666898534463974
4,2,43,activity,Entrainment,str_rescue,189,-0.2485552581293769
4,2,43,activity,HoldWeight,h1_rescue,236,0.3404549140550671
4,2,43,activity,HoldWeight,str_rescue,189,0.6962574570193542
4,2,43,activity,LiftHold,h1_rescue,236,0.11700132789646808
4,2,43,activity,LiftHold,str_rescue,189,-0.20711586526764392
4,2,43,activity,PointFinger,h1_rescue,236,0.3870222269515776
4,2,43,activity,PointFinger,str_rescue,189,0.038051459375733725
4,2,43,activity,Relaxed,h1_rescue,236,0.8258569094121186
4,2,43,activity,Relaxed,str_rescue,189,-0.35151106649633385
4,2,43,activity,RelaxedTask,h1_rescue,236,0.668596738233707
4,2,43,activity,RelaxedTask,str_rescue,189,-0.26052274609575155
4,2,43,activity,StretchHold,h1_rescue,236,2.6506685669751278
4,2,43,activity,StretchHold,str_rescue,189,-0.06741200506360424
4,2,43,activity,TouchIndex,h1_rescue,236,0.8103888908984834
4,2,43,activity,TouchIndex,str_rescue,189,-0.2655314651238356
4,2,43,activity,TouchNose,h1_rescue,236,0.9840234279365034
4,2,43,activity,TouchNose,str_rescue,189,-0.41940135537326945
4,2,43,wrist,left,h1_rescue,236,3.7297256646338846
4,2,43,wrist,left,str_rescue,189,-2.2850275231384862
4,2,43,wrist,right,h1_rescue,236,3.812177559152524
4,2,43,wrist,right,str_rescue,189,-0.2311850214284013
4,2,44,family,time_location_scale,h1_rescue,315,3.0915794044747282
4,2,44,family,time_location_scale,str_rescue,240,0.6132373619002902
4,2,44,family,time_shape,h1_rescue,315,0.8294793666659755
4,2,44,family,time_shape,str_rescue,240,-1.1586870141575916
4,2,44,family,derivative,h1_rescue,315,0.5824705825979973
4,2,44,family,derivative,str_rescue,240,-0.24579017696131675
4,2,44,family,spectral_global,h1_rescue,315,1.1438061236625305
4,2,44,family,spectral_global,str_rescue,240,-1.1108904174345833
4,2,44,family,band_absolute,h1_rescue,315,0.7663574619468402
4,2,44,family,band_absolute,str_rescue,240,-0.18876760152083266
4,2,44,family,band_fraction,h1_rescue,315,1.7647861752216245
4,2,44,family,band_fraction,str_rescue,240,-1.242282821224845
4,2,44,activity,CrossArms,h1_rescue,315,-0.44250480796005737
4,2,44,activity,CrossArms,str_rescue,240,0.4811214896358004
4,2,44,activity,DrinkGlas,h1_rescue,315,1.3577476524416474
4,2,44,activity,DrinkGlas,str_rescue,240,-1.3592572436192882
4,2,44,activity,Entrainment,h1_rescue,315,-0.41967958183893317
4,2,44,activity,Entrainment,str_rescue,240,-0.43375449258587123
4,2,44,activity,HoldWeight,h1_rescue,315,0.9820699316367353
4,2,44,activity,HoldWeight,str_rescue,240,0.3580003219341702
4,2,44,activity,LiftHold,h1_rescue,315,1.0607076606381114
4,2,44,activity,LiftHold,str_rescue,240,-0.7977451095765751
4,2,44,activity,PointFinger,h1_rescue,315,0.371306767166649
4,2,44,activity,PointFinger,str_rescue,240,-0.011308523267436706
4,2,44,activity,Relaxed,h1_rescue,315,0.9083529592125611
4,2,44,activity,Relaxed,str_rescue,240,-0.5306458590590435
4,2,44,activity,RelaxedTask,h1_rescue,315,0.3804105428563408
4,2,44,activity,RelaxedTask,str_rescue,240,-0.38815736926038974
4,2,44,activity,StretchHold,h1_rescue,315,2.2496227357925123
4,2,44,activity,StretchHold,str_rescue,240,0.11978225818205776
4,2,44,activity,TouchIndex,h1_rescue,315,0.4363438339303717
4,2,44,activity,TouchIndex,str_rescue,240,-0.19549027991106047
4,2,44,activity,TouchNose,h1_rescue,315,1.2941014206937573
4,2,44,activity,TouchNose,str_rescue,240,-0.5757258618712426
4,2,44,wrist,left,h1_rescue,315,3.8080945619370716
4,2,44,wrist,left,str_rescue,240,-2.2820906210619736
4,2,44,wrist,right,h1_rescue,315,4.3703845526326255
4,2,44,wrist,right,str_rescue,240,-1.051090048336903
