outer,inner,seed,pca_k,stage,auroc,ba,macro_f1,pd_recall,dd_recall,log_loss,delta_auroc
0,0,42,16,score_only,0.6782911944202267,0.6166085440278989,0.6244913059563448,0.8783783783783784,0.3548387096774194,0.7343850607255502,0.0
0,0,42,8,activity_raw,0.6913687881429816,0.5895815170008718,0.5935483870967742,0.8243243243243243,0.3548387096774194,0.7594833573948339,0.013077593722754965
0,0,42,16,activity_raw,0.7310374891020052,0.6301220575414124,0.6406388642413487,0.9054054054054054,0.3548387096774194,0.7073785011206357,0.052746294681778494
0,0,42,32,activity_raw,0.7367044463818658,0.6207497820401047,0.629943871557238,0.918918918918919,0.3225806451612903,0.7873476956417661,0.05841325196163916
0,0,42,8,activity_context,0.6822144725370531,0.5963382737576286,0.6011396011396011,0.8378378378378378,0.3548387096774194,0.7774775018891464,0.003923278116826467
0,0,42,16,activity_context,0.7122929380993896,0.6233653007846556,0.6325,0.8918918918918919,0.3548387096774194,0.7305670501490623,0.03400174367916298
0,0,42,32,activity_context,0.7192676547515258,0.6665213600697472,0.6847670016969064,0.9459459459459459,0.3870967741935484,0.8017858933543539,0.04097646033129909
0,0,42,8,subject_embedding,0.7070619006102877,0.6488666085440279,0.6592957577214278,0.8783783783783784,0.41935483870967744,0.6994052738958518,0.028770706190061057
0,0,42,16,subject_embedding,0.6695727986050566,0.5344376634699215,0.5331090013219565,0.8108108108108109,0.25806451612903225,0.8654208282903911,-0.008718395815170088
0,0,42,32,subject_embedding,0.6787271142109852,0.5895815170008718,0.5935483870967742,0.8243243243243243,0.3548387096774194,1.064325700065041,0.00043591979075852105
0,0,42,8,structured_embedding,0.6918047079337402,0.6421098517872712,0.6509971509971509,0.8648648648648649,0.41935483870967744,0.7486130077847265,0.013513513513513487
0,0,42,16,structured_embedding,0.7027027027027027,0.6514821272885789,0.6590909090909092,0.8513513513513513,0.45161290322580644,0.7661028914310144,0.02441150828247607
0,0,42,32,structured_embedding,0.7092414995640802,0.6312118570183086,0.6346391289707037,0.8108108108108109,0.45161290322580644,1.1686164117598001,0.03095030514385355
0,0,42,8,decision_input,0.7000871839581516,0.6327375762859634,0.642161635832522,0.8783783783783784,0.3870967741935484,0.7018052279925537,0.021795989537924942
0,0,42,16,decision_input,0.6870095902353966,0.6192240627724499,0.6260683760683761,0.8513513513513513,0.3870967741935484,0.865028233214985,0.008718395815169977
0,0,42,32,decision_input,0.7088055797733217,0.6218395815170009,0.6267629858961128,0.8243243243243243,0.41935483870967744,1.1767976394767425,0.03051438535309503
0,0,43,16,score_only,0.7306015693112468,0.6327375762859634,0.642161635832522,0.8783783783783784,0.3870967741935484,0.6490081872391489,0.0
0,0,43,8,activity_raw,0.7576285963382738,0.6649956408020924,0.6759259259259259,0.8783783783783784,0.45161290322580644,0.6554651004963149,0.027027027027027084
0,0,43,16,activity_raw,0.7367044463818658,0.6098517872711422,0.616601752677702,0.8648648648648649,0.3548387096774194,0.7207775374663306,0.006102877070619073
0,0,43,32,activity_raw,0.7205754141238012,0.6327375762859634,0.642161635832522,0.8783783783783784,0.3870967741935484,0.7989869610312488,-0.01002615518744554
0,0,43,8,activity_context,0.7537053182214473,0.6488666085440279,0.6592957577214278,0.8783783783783784,0.41935483870967744,0.6771610891318051,0.023103748910200506
0,0,43,16,activity_context,0.7175239755884917,0.6098517872711422,0.616601752677702,0.8648648648648649,0.3548387096774194,0.7931969880897751,-0.013077593722755076
0,0,43,32,activity_context,0.7118570183086312,0.6327375762859634,0.642161635832522,0.8783783783783784,0.3870967741935484,0.8677000745056855,-0.018744551002615517
0,0,43,8,subject_embedding,0.7279860505666957,0.6743679163034002,0.6834415584415585,0.8648648648648649,0.4838709677419355,0.6758633929632106,-0.0026155187445510153
0,0,43,16,subject_embedding,0.7353966870095903,0.6421098517872712,0.6509971509971509,0.8648648648648649,0.41935483870967744,0.7687441061072826,0.0047951176983435095
0,0,43,32,subject_embedding,0.7027027027027026,0.6218395815170009,0.6267629858961128,0.8243243243243243,0.41935483870967744,0.9641632491413606,-0.027898866608544126
0,0,43,8,structured_embedding,0.7244986922406276,0.6421098517872712,0.6509971509971509,0.8648648648648649,0.41935483870967744,0.6879843896948177,-0.006102877070619184
0,0,43,16,structured_embedding,0.6887532693984306,0.6072362685265911,0.614019520851819,0.8918918918918919,0.3225806451612903,0.8281522311586396,-0.041848299912816134
0,0,43,32,structured_embedding,0.6543156059285091,0.6124673060156931,0.6181818181818182,0.8378378378378378,0.3870967741935484,1.145971881973729,-0.07628596338273763
0,0,43,8,decision_input,0.7567567567567568,0.6904969485614647,0.6990024079807362,0.8648648648648649,0.5161290322580645,0.7473676619564261,0.026155187445510042
0,0,43,16,decision_input,0.7397558849171753,0.6676111595466434,0.6749226006191951,0.8513513513513513,0.4838709677419355,0.7979151847976743,0.009154315605928498
0,0,43,32,decision_input,0.7445510026155188,0.6998692240627724,0.7053541362666966,0.8513513513513513,0.5483870967741935,0.8824605177978156,0.013949433304272008
0,0,44,16,score_only,0.6952920662598081,0.6072362685265911,0.614019520851819,0.8918918918918919,0.3225806451612903,0.7355874788522125,0.0
0,0,44,8,activity_raw,0.7040104620749782,0.5937227550130776,0.5985941546429893,0.8648648648648649,0.3225806451612903,0.7218285367915436,0.008718395815170088
0,0,44,16,activity_raw,0.7271142109851787,0.6139930252833479,0.6219135802469136,0.9054054054054054,0.3225806451612903,0.7021146783025589,0.031822144725370594
0,0,44,32,activity_raw,0.7397558849171751,0.7013949433304272,0.7188412852969814,0.918918918918919,0.4838709677419355,0.7856479763903389,0.04446381865736704
0,0,44,8,activity_context,0.7009590235396687,0.6098517872711422,0.616601752677702,0.8648648648648649,0.3548387096774194,0.7238044923035544,0.005666957279860552
0,0,44,16,activity_context,0.7214472537053181,0.6207497820401047,0.629943871557238,0.918918918918919,0.3225806451612903,0.7044596504021823,0.026155187445510042
0,0,44,32,activity_context,0.7323452484742807,0.675893635571055,0.6938775510204082,0.9324324324324325,0.41935483870967744,0.8095793012402189,0.037053182214472624
0,0,44,8,subject_embedding,0.7157802964254577,0.6275065387968614,0.6381230116648993,0.9324324324324325,0.3225806451612903,0.7258027018490658,0.0204882301656496
0,0,44,16,subject_embedding,0.6804707933740192,0.6004795117698344,0.60625,0.8783783783783784,0.3225806451612903,0.972923215282056,-0.014821272885788939
0,0,44,32,subject_embedding,0.586312118570183,0.5760680034873583,0.5786033711730306,0.7972972972972973,0.3548387096774194,1.4492281165424736,-0.10897994768962516
0,0,44,8,structured_embedding,0.7105492589363557,0.5869659982563208,0.5910418695228822,0.8513513513513513,0.3225806451612903,0.730239214316092,0.01525719267654757
0,0,44,16,structured_embedding,0.7201394943330427,0.6649956408020924,0.6759259259259259,0.8783783783783784,0.45161290322580644,0.7552545644897715,0.02484742807323459
0,0,44,32,structured_embedding,0.7170880557977332,0.6124673060156931,0.6181818181818182,0.8378378378378378,0.3870967741935484,0.8469840566161522,0.021795989537925053
0,0,44,8,decision_input,0.7118570183086312,0.6004795117698344,0.60625,0.8783783783783784,0.3225806451612903,0.7535474586655301,0.016564952048823134
0,0,44,16,decision_input,0.7205754141238012,0.6301220575414124,0.6406388642413487,0.9054054054054054,0.3548387096774194,0.7927596453889464,0.02528334786399311
0,0,44,32,decision_input,0.6852659110723627,0.6514821272885789,0.6590909090909092,0.8513513513513513,0.45161290322580644,1.284369605478799,-0.010026155187445429
0,1,42,16,score_only,0.7251141552511415,0.7079908675799087,0.712022367194781,0.8493150684931506,0.5666666666666667,0.6482468217654788,0.0
0,1,42,8,activity_raw,0.7461187214611872,0.6600456621004567,0.6516093835242771,0.7534246575342466,0.5666666666666667,0.8817749885656617,0.02100456621004565
0,1,42,16,activity_raw,0.767123287671233,0.6954337899543379,0.6578073089700996,0.6575342465753424,0.7333333333333333,1.3485752287142938,0.04200913242009141
0,1,42,32,activity_raw,0.7515981735159817,0.634703196347032,0.5996212498754112,0.6027397260273972,0.6666666666666666,1.7782323015437043,0.026484018264840148
0,1,42,8,activity_context,0.7520547945205479,0.7002283105022831,0.687878787878788,0.7671232876712328,0.6333333333333333,0.9121526706106753,0.026940639269406375
0,1,42,16,activity_context,0.7438356164383562,0.6531963470319635,0.6432900432900432,0.7397260273972602,0.5666666666666667,1.0191026246644563,0.018721461187214627
0,1,42,32,activity_context,0.7429223744292238,0.6611872146118721,0.6150668764752164,0.589041095890411,0.7333333333333333,2.1192353259298233,0.017808219178082285
0,1,42,8,subject_embedding,0.7470319634703196,0.6844748858447489,0.6880242311276794,0.8356164383561644,0.5333333333333333,0.7012544755099439,0.021917808219178103
0,1,42,16,subject_embedding,0.7191780821917808,0.6668949771689497,0.6599911971830985,0.7671232876712328,0.5666666666666667,0.8453500385640496,-0.005936073059360725
0,1,42,32,subject_embedding,0.715068493150685,0.680593607305936,0.6769713261648745,0.7945205479452054,0.5666666666666667,0.9227670110174894,-0.010045662100456543
0,1,42,8,structured_embedding,0.723744292237443,0.6698630136986301,0.657145925051004,0.7397260273972602,0.6,0.9661547241147022,-0.001369863013698569
0,1,42,16,structured_embedding,0.7132420091324201,0.6219178082191781,0.5993038493038494,0.6438356164383562,0.6,1.2747846094756405,-0.01187214611872145
0,1,42,32,structured_embedding,0.7178082191780821,0.6248858447488584,0.5955904560555724,0.6164383561643836,0.6333333333333333,1.2448959851503716,-0.007305936073059405
0,1,42,8,decision_input,0.7429223744292238,0.682648401826484,0.6583747927031509,0.6986301369863014,0.6666666666666666,0.9793157593038653,0.017808219178082285
0,1,42,16,decision_input,0.7109589041095891,0.6621004566210045,0.6330788804071247,0.6575342465753424,0.6666666666666666,1.3402693281874005,-0.014155251141552472
0,1,42,32,decision_input,0.7109589041095891,0.6719178082191781,0.6370683579985905,0.6438356164383562,0.7,1.5622436877685546,-0.014155251141552472
0,1,43,16,score_only,0.6926940639269407,0.654109589041096,0.6555978323532803,0.8082191780821918,0.5,0.7658618866278761,0.0
0,1,43,8,activity_raw,0.7095890410958904,0.6815068493150684,0.6899458157736303,0.863013698630137,0.5,0.7903615587080755,0.01689497716894972
0,1,43,16,activity_raw,0.7269406392694064,0.7011415525114155,0.7031015796148968,0.8356164383561644,0.5666666666666667,0.9351593637763598,0.03424657534246578
0,1,43,32,activity_raw,0.7433789954337899,0.7070776255707762,0.6965630114566285,0.7808219178082192,0.6333333333333333,1.3013191027431408,0.05068493150684927
0,1,43,8,activity_context,0.7,0.641324200913242,0.648635477582846,0.8493150684931506,0.43333333333333335,0.789205749455587,0.007305936073059294
0,1,43,16,activity_context,0.7009132420091325,0.6874429223744292,0.6855850763143019,0.8082191780821918,0.5666666666666667,1.0449595589223086,0.008219178082191858
0,1,43,32,activity_context,0.7315068493150685,0.6737442922374429,0.6684426684426684,0.7808219178082192,0.5666666666666667,1.3308624295366065,0.038812785388127824
0,1,43,8,subject_embedding,0.7027397260273973,0.6168949771689498,0.6157150932730356,0.7671232876712328,0.4666666666666667,0.9463875960904661,0.010045662100456654
0,1,43,16,subject_embedding,0.6776255707762558,0.6031963470319635,0.5998445998445998,0.7397260273972602,0.4666666666666667,1.1641342057017643,-0.015068493150684814
0,1,43,32,subject_embedding,0.6881278538812786,0.6168949771689498,0.6157150932730356,0.7671232876712328,0.4666666666666667,1.154169288902321,-0.004566210045662045
0,1,43,8,structured_embedding,0.6611872146118721,0.630593607305936,0.6318459587224721,0.7945205479452054,0.4666666666666667,0.9991515336525126,-0.03150684931506853
0,1,43,16,structured_embedding,0.6981735159817352,0.6374429223744292,0.6400279589934762,0.8082191780821918,0.4666666666666667,1.0005680846751128,0.005479452054794498
0,1,43,32,structured_embedding,0.695890410958904,0.6168949771689498,0.6157150932730356,0.7671232876712328,0.4666666666666667,1.0380366543995856,0.0031963470319633647
0,1,43,8,decision_input,0.6863013698630137,0.6198630136986301,0.614656690140845,0.7397260273972602,0.5,1.0348516888233272,-0.006392694063926951
0,1,43,16,decision_input,0.6963470319634703,0.6404109589041096,0.6390050876201243,0.7808219178082192,0.5,1.2574983244147482,0.0036529680365295913
0,1,43,32,decision_input,0.6808219178082192,0.6463470319634703,0.6350263073123591,0.726027397260274,0.5666666666666667,1.4783800252653876,-0.01187214611872145
0,1,44,16,score_only,0.6675799086757991,0.6639269406392694,0.6622950819672131,0.7945205479452054,0.5333333333333333,0.7670527903707629,0.0
0,1,44,8,activity_raw,0.6721461187214612,0.6404109589041096,0.6390050876201243,0.7808219178082192,0.5,0.7905822973463763,0.004566210045662156
0,1,44,16,activity_raw,0.6954337899543379,0.6639269406392694,0.6622950819672131,0.7945205479452054,0.5333333333333333,0.8143424854087756,0.027853881278538828
0,1,44,32,activity_raw,0.7077625570776257,0.660958904109589,0.6640260950605779,0.821917808219178,0.5,1.181134447328494,0.040182648401826615
0,1,44,8,activity_context,0.6634703196347032,0.654109589041096,0.6555978323532803,0.8082191780821918,0.5,0.7809540384517532,-0.004109589041095929
0,1,44,16,activity_context,0.6876712328767125,0.6404109589041096,0.6390050876201243,0.7808219178082192,0.5,0.7884563140426507,0.02009132420091342
0,1,44,32,activity_context,0.6853881278538814,0.6207762557077625,0.6240433298010126,0.8082191780821918,0.43333333333333335,1.1637411776056727,0.017808219178082285
0,1,44,8,subject_embedding,0.6684931506849315,0.5972602739726027,0.5997880607559166,0.7945205479452054,0.4,0.8895556115510478,0.0009132420091324533
0,1,44,16,subject_embedding,0.6223744292237443,0.6178082191780823,0.6235380116959064,0.8356164383561644,0.4,1.0699720056575803,-0.045205479452054775
0,1,44,32,subject_embedding,0.5890410958904109,0.6550228310502283,0.6655844155844156,0.8767123287671232,0.43333333333333335,1.272653721307831,-0.07853881278538821
0,1,44,8,structured_embedding,0.6625570776255707,0.6707762557077626,0.6707762557077626,0.8082191780821918,0.5333333333333333,0.8120515580099242,-0.005022831050228382
0,1,44,16,structured_embedding,0.6593607305936072,0.6874429223744292,0.6855850763143019,0.8082191780821918,0.5666666666666667,0.8640968677009271,-0.008219178082191858
0,1,44,32,structured_embedding,0.6164383561643836,0.654109589041096,0.6555978323532803,0.8082191780821918,0.5,1.151317786005983,-0.0511415525114155
0,1,44,8,decision_input,0.6662100456621004,0.6335616438356164,0.6308243727598566,0.7671232876712328,0.5,0.8366107929163767,-0.00136986301369868
0,1,44,16,decision_input,0.6712328767123288,0.6365296803652968,0.6291325695581015,0.7397260273972602,0.5333333333333333,1.2911538936074956,0.0036529680365297024
0,1,44,32,decision_input,0.641095890410959,0.6472602739726028,0.6472602739726028,0.7945205479452054,0.5,1.4912458067399177,-0.026484018264840037
0,2,42,16,score_only,0.7888521492678318,0.7073689182805858,0.7137278828553997,0.863013698630137,0.5517241379310345,0.5583536306827709,0.0
0,2,42,8,activity_raw,0.7997165800661313,0.7142182333490789,0.722962962962963,0.8767123287671232,0.5517241379310345,0.5512796663087206,0.010864430798299574
0,2,42,16,activity_raw,0.824279641001417,0.7350023618327822,0.7350023618327822,0.8493150684931506,0.6206896551724138,0.5832435066756245,0.03542749173358528
0,2,42,32,activity_raw,0.7846008502598015,0.6903637222484648,0.6842829301845694,0.7945205479452054,0.5862068965517241,1.1158109499579532,-0.004251299008030229
0,2,42,8,activity_context,0.8049126121870571,0.6865847897968824,0.6993464052287581,0.8904109589041096,0.4827586206896552,0.556849260311645,0.01606046291922536
0,2,42,16,activity_context,0.8271138403401039,0.7314596126594237,0.738621110433191,0.8767123287671232,0.5862068965517241,0.5808507407450176,0.038261691072272175
0,2,42,32,activity_context,0.7817666509211147,0.7007557864903164,0.6899696048632218,0.7808219178082192,0.6206896551724138,1.1934290738124496,-0.007085498346717012
0,2,42,8,subject_embedding,0.7482286254133207,0.6627302786962683,0.6627302786962683,0.8082191780821918,0.5172413793103449,0.7495684487391557,-0.04062352385451107
0,2,42,16,subject_embedding,0.7359470949456778,0.6868209730751063,0.6868209730751063,0.821917808219178,0.5517241379310345,0.7994624462792025,-0.05290505432215398
0,2,42,32,subject_embedding,0.6948512045347189,0.6421823334907888,0.6375100309526539,0.7671232876712328,0.5172413793103449,1.266378889085546,-0.09400094473311282
0,2,42,8,structured_embedding,0.7997165800661313,0.7522437411431271,0.7496201052016365,0.8493150684931506,0.6551724137931034,0.6478308384387931,0.010864430798299574
0,2,42,16,structured_embedding,0.8044402456306095,0.7316957959376476,0.7219445706497047,0.8082191780821918,0.6551724137931034,0.6772639282872609,0.015588096362777693
0,2,42,32,structured_embedding,0.7812942843646671,0.7387812942843647,0.7132352941176471,0.7534246575342466,0.7241379310344828,0.8689588840380641,-0.007557864903164679
0,2,42,8,decision_input,0.7945205479452054,0.7385451110061407,0.7310558294164852,0.821917808219178,0.6551724137931034,0.721571521211314,0.005668398677373676
0,2,42,16,decision_input,0.7416154936230515,0.7111478507321681,0.6951853901494189,0.7671232876712328,0.6551724137931034,1.0292063995491614,-0.0472366556447803
0,2,42,32,decision_input,0.7444496929617384,0.6528105810108644,0.630277185501066,0.684931506849315,0.6206896551724138,1.4004814609224139,-0.04440245630609341
0,2,43,16,score_only,0.7727916863486065,0.6140765233821446,0.6232954545454545,0.9178082191780822,0.3103448275862069,0.5392365701888071,0.0
0,2,43,8,activity_raw,0.7727916863486066,0.6176192725555031,0.6267786963003117,0.8904109589041096,0.3448275862068966,0.5494214635085314,1.1102230246251565e-16
0,2,43,16,activity_raw,0.7543693906471421,0.6176192725555031,0.6267786963003117,0.8904109589041096,0.3448275862068966,0.5809930214804012,-0.018422295701464364
0,2,43,32,activity_raw,0.7222484648086916,0.634860651865848,0.6458333333333334,0.8904109589041096,0.3793103448275862,0.6642032447205618,-0.05054322153991486
0,2,43,8,activity_context,0.7628719886632026,0.6313179026924893,0.6436058700209644,0.9178082191780822,0.3448275862068966,0.5508894522738554,-0.009919697685403905
0,2,43,16,activity_context,0.752479924421351,0.6280113367973548,0.6373930217248189,0.8767123287671232,0.3793103448275862,0.5848750109312362,-0.02031176192725548
0,2,43,32,activity_context,0.6844591402928673,0.6693434104865376,0.6820779220779221,0.8904109589041096,0.4482758620689655,0.8321751956865028,-0.08833254605573926
0,2,43,8,subject_embedding,0.7926310817194143,0.6452527161076995,0.6555844155844156,0.8767123287671232,0.41379310344827586,0.5310208809287632,0.01983939537080781
0,2,43,16,subject_embedding,0.7737364194615022,0.6832782239017477,0.6888346552776083,0.8493150684931506,0.5172413793103449,0.5969462769878995,0.0009447331128956682
0,2,43,32,subject_embedding,0.6504487482286253,0.6244685876239962,0.6351128233351678,0.9041095890410958,0.3448275862068966,0.9728412208813348,-0.1223429381199812
0,2,43,8,structured_embedding,0.7760982522437412,0.6452527161076995,0.6555844155844156,0.8767123287671232,0.41379310344827586,0.5537997496896793,0.003306565895134672
0,2,43,16,structured_embedding,0.7316957959376477,0.6211620217288616,0.6290909090909091,0.863013698630137,0.3793103448275862,0.6491900556173502,-0.041095890410958846
0,2,43,32,structured_embedding,0.7288615965989608,0.6624940954180444,0.673202614379085,0.8767123287671232,0.4482758620689655,0.6960702553518093,-0.04393008974964574
0,2,43,8,decision_input,0.7935758148323099,0.6452527161076995,0.6555844155844156,0.8767123287671232,0.41379310344827586,0.5373607853118889,0.020784128483703368
0,2,43,16,decision_input,0.7633443552196505,0.6487954652810581,0.6558790453579908,0.8493150684931506,0.4482758620689655,0.6024016019536965,-0.009447331128956016
0,2,43,32,decision_input,0.7132735002361833,0.6110061407652339,0.6141549725442342,0.8082191780821918,0.41379310344827586,0.8107588090892037,-0.05951818611242321
0,2,44,16,score_only,0.7005196032120926,0.6072272083136514,0.6150943396226416,0.9041095890410958,0.3103448275862069,0.5530867410192891,0.0
0,2,44,8,activity_raw,0.7142182333490789,0.634860651865848,0.6458333333333334,0.8904109589041096,0.3793103448275862,0.5534330171005942,0.013698630136986245
0,2,44,16,activity_raw,0.718941898913557,0.6624940954180444,0.673202614379085,0.8767123287671232,0.4482758620689655,0.5663395816228048,0.018422295701464364
0,2,44,32,activity_raw,0.7529522909777987,0.7038261691072272,0.7160931174089069,0.8904109589041096,0.5172413793103449,0.5744773585754954,0.05243268776570609
0,2,44,8,activity_context,0.7113840340103921,0.6521020311761927,0.6642527978933509,0.8904109589041096,0.41379310344827586,0.5633488160711677,0.010864430798299463
0,2,44,16,activity_context,0.7161076995748701,0.6589513462446859,0.6730769230769231,0.9041095890410958,0.41379310344827586,0.5764097272365523,0.01558809636277747
0,2,44,32,activity_context,0.7628719886632027,0.6865847897968824,0.6993464052287581,0.8904109589041096,0.4827586206896552,0.5498491160302735,0.062352385451110104
0,2,44,8,subject_embedding,0.6891828058573454,0.6176192725555031,0.6267786963003117,0.8904109589041096,0.3448275862068966,0.5814332598399288,-0.011336797354747241
0,2,44,16,subject_embedding,0.7165800661313179,0.6211620217288616,0.6290909090909091,0.863013698630137,0.3793103448275862,0.5732883200138493,0.01606046291922525
0,2,44,32,subject_embedding,0.6910722720831366,0.6624940954180444,0.673202614379085,0.8767123287671232,0.4482758620689655,0.603314576626403,-0.009447331128956016
0,2,44,8,structured_embedding,0.7264997638167218,0.6521020311761927,0.6642527978933509,0.8904109589041096,0.41379310344827586,0.5615182524798672,0.025980160604629154
0,2,44,16,structured_embedding,0.7170524326877658,0.6589513462446859,0.6730769230769231,0.9041095890410958,0.41379310344827586,0.5887408311885588,0.01653282947567314
0,2,44,32,structured_embedding,0.7383089277279168,0.6556447803495513,0.6644736842105263,0.863013698630137,0.4482758620689655,0.590537827913496,0.037789324515824174
0,2,44,8,decision_input,0.6962683042040624,0.6039206424185168,0.6105332455562871,0.863013698630137,0.3448275862068966,0.5757475531117544,-0.004251299008030229
0,2,44,16,decision_input,0.726027397260274,0.6107699574870099,0.6185897435897436,0.8767123287671232,0.3448275862068966,0.576377708507186,0.025507794048181376
0,2,44,32,decision_input,0.7085498346717052,0.6556447803495513,0.6644736842105263,0.863013698630137,0.4482758620689655,0.6186395124723835,0.008030231459612569
1,0,42,16,score_only,0.6290322580645161,0.5817349607672189,0.5824496288441146,0.9054054054054054,0.25806451612903225,0.6507158772233463,0.0
1,0,42,8,activity_raw,0.6360069747166521,0.5911072362685266,0.5949074074074074,0.8918918918918919,0.2903225806451613,0.7102303773460362,0.006974716652136004
1,0,42,16,activity_raw,0.6669572798605056,0.6488666085440279,0.6592957577214278,0.8783783783783784,0.41935483870967744,0.7177825360203435,0.037925021795989444
1,0,42,32,activity_raw,0.7284219703574542,0.6931124673060156,0.6966666666666667,0.8378378378378378,0.5483870967741935,0.773686628527952,0.09938971229293803
1,0,42,8,activity_context,0.6386224934612031,0.6004795117698344,0.60625,0.8783783783783784,0.3225806451612903,0.7155188978552093,0.009590235396687019
1,0,42,16,activity_context,0.6464690496948561,0.5843504795117699,0.5874001774622892,0.8783783783783784,0.2903225806451613,0.7519176452150189,0.017436791630339954
1,0,42,32,activity_context,0.6961639058413251,0.6567131647776809,0.6567131647776809,0.7972972972972973,0.5161290322580645,0.7246955290570293,0.06713164777680902
1,0,42,8,subject_embedding,0.6281604184829992,0.5963382737576286,0.6011396011396011,0.8378378378378378,0.3548387096774194,0.7372126940010095,-0.0008718395815169311
1,0,42,16,subject_embedding,0.6272885789014822,0.5708369659982563,0.5726970033296338,0.8513513513513513,0.2903225806451613,0.7869431225023698,-0.0017436791630339732
1,0,42,32,subject_embedding,0.5793374019180471,0.5869659982563208,0.5910418695228822,0.8513513513513513,0.3225806451612903,0.9520801495301574,-0.04969485614646907
1,0,42,8,structured_embedding,0.6900610287707061,0.6166085440278989,0.6244913059563448,0.8783783783783784,0.3548387096774194,0.6422074929212295,0.06102877070618995
1,0,42,16,structured_embedding,0.6795989537925021,0.6421098517872712,0.6509971509971509,0.8648648648648649,0.41935483870967744,0.6619710187664614,0.050566695727986
1,0,42,32,structured_embedding,0.7136006974716652,0.6540976460331299,0.6582107980693681,0.8243243243243243,0.4838709677419355,0.6963441750945971,0.08456843940714909
1,0,42,8,decision_input,0.6277244986922406,0.6004795117698344,0.60625,0.8783783783783784,0.3225806451612903,0.7107845862556256,-0.0013077593722755632
1,0,42,16,decision_input,0.6625980819529207,0.6166085440278989,0.6244913059563448,0.8783783783783784,0.3548387096774194,0.6967328310550188,0.03356582388840457
1,0,42,32,decision_input,0.677855274629468,0.5802092414995641,0.5835837038817451,0.8378378378378378,0.3225806451612903,1.069195226377308,0.048823016564951915
1,0,43,16,score_only,0.6813426329555361,0.6259808195292067,0.6340584064415336,0.8648648648648649,0.3870967741935484,0.7503007116955586,0.0
1,0,43,8,activity_raw,0.7027027027027026,0.6676111595466434,0.6749226006191951,0.8513513513513513,0.4838709677419355,0.7536261919646954,0.021360069747166532
1,0,43,16,activity_raw,0.7327811682650391,0.681124673060157,0.6920821114369502,0.8783783783783784,0.4838709677419355,0.8343018333027044,0.05143853530950304
1,0,43,32,activity_raw,0.7497820401046208,0.6931124673060156,0.6966666666666667,0.8378378378378378,0.5483870967741935,0.8970896606810735,0.0684394071490847
1,0,43,8,activity_context,0.7022667829119442,0.6608544027898866,0.6665154264972777,0.8378378378378378,0.4838709677419355,0.7499455159371035,0.020924149956408122
1,0,43,16,activity_context,0.7275501307759372,0.681124673060157,0.6920821114369502,0.8783783783783784,0.4838709677419355,0.8219965883333737,0.04620749782040112
1,0,43,32,activity_context,0.7306015693112466,0.6676111595466434,0.6749226006191951,0.8513513513513513,0.4838709677419355,1.0038716252353912,0.04925893635571055
1,0,43,8,subject_embedding,0.7040104620749783,0.6353530950305144,0.6428152492668622,0.8513513513513513,0.41935483870967744,0.7985005981310563,0.022667829119442207
1,0,43,16,subject_embedding,0.6857018308631212,0.6150828247602441,0.6188747731397459,0.8108108108108109,0.41935483870967744,0.9088227328183501,0.0043591979075850995
1,0,43,32,subject_embedding,0.7262423714036618,0.6244551002615518,0.6266666666666667,0.7972972972972973,0.45161290322580644,1.0816975959576813,0.04489973844812567
1,0,43,8,structured_embedding,0.6647776809067131,0.6353530950305144,0.6428152492668622,0.8513513513513513,0.41935483870967744,0.8050649967705766,-0.016564952048823023
1,0,43,16,structured_embedding,0.6987794245858762,0.6649956408020924,0.6759259259259259,0.8783783783783784,0.45161290322580644,0.7853829626950103,0.017436791630340065
1,0,43,32,structured_embedding,0.7179598953792502,0.7040104620749782,0.7167155425219941,0.8918918918918919,0.5161290322580645,0.8385687009102339,0.0366172624237141
1,0,43,8,decision_input,0.6625980819529206,0.6098517872711422,0.616601752677702,0.8648648648648649,0.3548387096774194,0.8713923829528446,-0.018744551002615517
1,0,43,16,decision_input,0.7131647776809067,0.6676111595466434,0.6749226006191951,0.8513513513513513,0.4838709677419355,0.9365809016288165,0.031822144725370594
1,0,43,32,decision_input,0.7284219703574543,0.6728421970357454,0.6712018140589568,0.7972972972972973,0.5483870967741935,1.176883305240913,0.047079337401918164
1,0,44,16,score_only,0.6678291194420227,0.6233653007846556,0.6325,0.8918918918918919,0.3548387096774194,0.7270312227791935,0.0
1,0,44,8,activity_raw,0.6896251089799478,0.6233653007846556,0.6325,0.8918918918918919,0.3548387096774194,0.7845239579142764,0.021795989537925053
1,0,44,16,activity_raw,0.7053182214472536,0.6447253705318221,0.6508427932576539,0.8378378378378378,0.45161290322580644,0.8648198244306148,0.03748910200523092
1,0,44,32,activity_raw,0.6852659110723627,0.590671316477768,0.5877984084880636,0.7297297297297297,0.45161290322580644,1.5925609161379772,0.017436791630339954
1,0,44,8,activity_context,0.7053182214472538,0.6514821272885789,0.6590909090909092,0.8513513513513513,0.45161290322580644,0.805724835783254,0.037489102005231034
1,0,44,16,activity_context,0.7061900610287707,0.6608544027898866,0.6665154264972777,0.8378378378378378,0.4838709677419355,0.8716596996669523,0.038360941586747965
1,0,44,32,activity_context,0.6970357454228422,0.6135571054925893,0.6100795755968169,0.7432432432432432,0.4838709677419355,1.5702838943556028,0.029206625980819467
1,0,44,8,subject_embedding,0.7031386224934612,0.6192240627724499,0.6260683760683761,0.8513513513513513,0.3870967741935484,0.8224917618480041,0.03530950305143843
1,0,44,16,subject_embedding,0.6551874455100262,0.590671316477768,0.5877984084880636,0.7297297297297297,0.45161290322580644,1.5495445194253383,-0.012641673931996555
1,0,44,32,subject_embedding,0.6442894507410637,0.5542720139494333,0.5506732073896253,0.6891891891891891,0.41935483870967744,1.5971993686277437,-0.023539668700959027
1,0,44,8,structured_embedding,0.6909328683522232,0.5693112467306016,0.5712341197822142,0.7837837837837838,0.3548387096774194,0.928515765855608,0.023103748910200506
1,0,44,16,structured_embedding,0.6904969485614647,0.590671316477768,0.5877984084880636,0.7297297297297297,0.45161290322580644,1.2043409987943452,0.022667829119441985
1,0,44,32,structured_embedding,0.6987794245858762,0.6041848299912816,0.6031746031746031,0.7567567567567568,0.45161290322580644,1.1292036080751802,0.03095030514385344
1,0,44,8,decision_input,0.6774193548387096,0.5895815170008718,0.5935483870967742,0.8243243243243243,0.3548387096774194,1.1943477254136654,0.009590235396686908
1,0,44,16,decision_input,0.6708805579773321,0.6083260680034873,0.6110674598720395,0.7972972972972973,0.41935483870967744,1.572591632499469,0.0030514385353094253
1,0,44,32,decision_input,0.6730601569311246,0.590671316477768,0.5877984084880636,0.7297297297297297,0.45161290322580644,1.6068693123301097,0.00523103748910192
1,1,42,16,score_only,0.7716216216216216,0.7261261261261261,0.7435897435897436,0.918918918918919,0.5333333333333333,0.5409330479966232,0.0
1,1,42,8,activity_raw,0.7702702702702702,0.6689189189189189,0.6737539212269084,0.8378378378378378,0.5,0.5356009158696946,-0.0013513513513514486
1,1,42,16,activity_raw,0.7738738738738739,0.6923423423423423,0.6979202974323225,0.8513513513513513,0.5333333333333333,0.5492915421315598,0.0022522522522522292
1,1,42,32,activity_raw,0.7720720720720721,0.7018018018018017,0.6892872385830133,0.7702702702702703,0.6333333333333333,0.7786975394247901,0.00045045045045044585
1,1,42,8,activity_context,0.7671171171171172,0.6621621621621622,0.6652873563218391,0.8243243243243243,0.5,0.5445030764819632,-0.0045045045045044585
1,1,42,16,activity_context,0.7743243243243243,0.6788288288288289,0.6805824138323285,0.8243243243243243,0.5333333333333333,0.5687213986114344,0.002702702702702675
1,1,42,32,activity_context,0.7716216216216216,0.6752252252252252,0.6698412698412699,0.7837837837837838,0.5666666666666667,0.8334330859115996,0.0
1,1,42,8,subject_embedding,0.7509009009009009,0.6558558558558558,0.6666666666666667,0.8783783783783784,0.43333333333333335,0.5390280795446987,-0.02072072072072073
1,1,42,16,subject_embedding,0.7202702702702704,0.6387387387387388,0.6413793103448276,0.8108108108108109,0.4666666666666667,0.609279816452469,-0.05135135135135127
1,1,42,32,subject_embedding,0.6472972972972973,0.6157657657657658,0.6233295866117148,0.8648648648648649,0.36666666666666664,0.7378519684849827,-0.12432432432432428
1,1,42,8,structured_embedding,0.7644144144144145,0.631981981981982,0.6332612899556365,0.7972972972972973,0.4666666666666667,0.5677918352774418,-0.007207207207207134
1,1,42,16,structured_embedding,0.6990990990990991,0.6184684684684685,0.6172632987621278,0.7702702702702703,0.4666666666666667,0.7975989954945407,-0.07252252252252256
1,1,42,32,structured_embedding,0.713963963963964,0.6581081081081082,0.6421645292461683,0.7162162162162162,0.6,0.9623474791684116,-0.057657657657657624
1,1,42,8,decision_input,0.7783783783783784,0.6490990990990991,0.6581862446743761,0.8648648648648649,0.43333333333333335,0.5130787567571777,0.006756756756756799
1,1,42,16,decision_input,0.7189189189189189,0.6554054054054055,0.6569218518939824,0.8108108108108109,0.5,0.6207845186214791,-0.05270270270270272
1,1,42,32,decision_input,0.6846846846846847,0.5918918918918918,0.5935632183908046,0.7837837837837838,0.4,0.8440587098283537,-0.08693693693693694
1,1,43,16,score_only,0.7022522522522522,0.6648648648648648,0.6504201680672269,0.7297297297297297,0.6,0.7073939333342594,0.0
1,1,43,8,activity_raw,0.6941441441441442,0.6085585585585586,0.6096007280172904,0.7837837837837838,0.43333333333333335,0.7138557385483598,-0.008108108108108025
1,1,43,16,activity_raw,0.7346846846846847,0.622072072072072,0.6254211688160799,0.8108108108108109,0.43333333333333335,0.7336104310765902,0.032432432432432545
1,1,43,32,activity_raw,0.7675675675675676,0.6788288288288289,0.6805824138323285,0.8243243243243243,0.5333333333333333,0.7354584995330958,0.06531531531531543
1,1,43,8,activity_context,0.6878378378378378,0.5716216216216217,0.5708709713393554,0.7432432432432432,0.4,0.7241631073061687,-0.014414414414414378
1,1,43,16,activity_context,0.7157657657657658,0.6554054054054055,0.6569218518939824,0.8108108108108109,0.5,0.7522017452852647,0.013513513513513598
1,1,43,32,activity_context,0.7522522522522522,0.6252252252252253,0.6252252252252253,0.7837837837837838,0.4666666666666667,0.7810144760277911,0.050000000000000044
1,1,43,8,subject_embedding,0.6698198198198199,0.6549549549549549,0.6448997012377293,0.7432432432432432,0.5666666666666667,0.8376424721880478,-0.03243243243243232
1,1,43,16,subject_embedding,0.659009009009009,0.6414414414414414,0.6285714285714286,0.7162162162162162,0.5666666666666667,0.962170260729435,-0.043243243243243135
1,1,43,32,subject_embedding,0.6225225225225225,0.5310810810810811,0.5266222081083942,0.6621621621621622,0.4,1.62701030926294,-0.07972972972972969
1,1,43,8,structured_embedding,0.6972972972972973,0.6382882882882883,0.6307692307692307,0.7432432432432432,0.5333333333333333,0.7446724719373286,-0.004954954954954904
1,1,43,16,structured_embedding,0.7328828828828828,0.6554054054054055,0.6569218518939824,0.8108108108108109,0.5,0.8253713363929018,0.03063063063063065
1,1,43,32,structured_embedding,0.7279279279279279,0.6486486486486487,0.6486486486486487,0.7972972972972973,0.5,0.908170621443348,0.025675675675675746
1,1,43,8,decision_input,0.6851351351351351,0.6617117117117117,0.6531468531468532,0.7567567567567568,0.5666666666666667,0.7834582576210978,-0.017117117117117053
1,1,43,16,decision_input,0.6824324324324325,0.6216216216216216,0.6163194444444444,0.7432432432432432,0.5,0.9309679919602398,-0.01981981981981973
1,1,43,32,decision_input,0.6603603603603603,0.6247747747747747,0.6146924949719488,0.7162162162162162,0.5333333333333333,1.557780302520438,-0.04189189189189191
1,1,44,16,score_only,0.7315315315315316,0.7189189189189189,0.7189189189189189,0.8378378378378378,0.6,0.6888046664010299,0.0
1,1,44,8,activity_raw,0.7626126126126126,0.7256756756756757,0.7279035377090206,0.8513513513513513,0.6,0.7143057819925109,0.031081081081080986
1,1,44,16,activity_raw,0.7788288288288288,0.7590090090090089,0.7564402810304449,0.8513513513513513,0.6666666666666666,0.718148091234051,0.04729729729729715
1,1,44,32,activity_raw,0.7842342342342343,0.7481981981981982,0.715068493150685,0.7297297297297297,0.7666666666666667,1.5386325052960725,0.05270270270270272
1,1,44,8,activity_context,0.7594594594594595,0.7256756756756757,0.7279035377090206,0.8513513513513513,0.6,0.7198562239024248,0.027927927927927865
1,1,44,16,activity_context,0.768918918918919,0.7590090090090089,0.7564402810304449,0.8513513513513513,0.6666666666666666,0.7422457133505191,0.03738738738738734
1,1,44,32,activity_context,0.7815315315315315,0.7112612612612612,0.6767919799498747,0.6891891891891891,0.7333333333333333,1.5779356908462545,0.04999999999999993
1,1,44,8,subject_embedding,0.6761261261261262,0.5855855855855856,0.5897435897435898,0.8378378378378378,0.3333333333333333,0.8540193397910881,-0.055405405405405395
1,1,44,16,subject_embedding,0.6635135135135135,0.6121621621621622,0.6168746286393345,0.8243243243243243,0.4,1.1085221512454404,-0.0680180180180181
1,1,44,32,subject_embedding,0.7009009009009008,0.6189189189189189,0.6248196248196248,0.8378378378378378,0.4,1.0250108784377636,-0.030630630630630762
1,1,44,8,structured_embedding,0.7653153153153153,0.7054054054054054,0.7012814847547504,0.8108108108108109,0.6,0.7322995045631496,0.03378378378378366
1,1,44,16,structured_embedding,0.7891891891891891,0.7189189189189189,0.7189189189189189,0.8378378378378378,0.6,0.7596595956507477,0.05765765765765751
1,1,44,32,structured_embedding,0.7882882882882882,0.6783783783783783,0.6670934699103712,0.7567567567567568,0.6,0.8795056029113584,0.05675675675675662
1,1,44,8,decision_input,0.7333333333333334,0.6986486486486486,0.6926108374384237,0.7972972972972973,0.6,0.8439896456212399,0.0018018018018017834
1,1,44,16,decision_input,0.7504504504504504,0.6851351351351351,0.6755244755244756,0.7702702702702703,0.6,1.1593494191276799,0.018918918918918837
1,1,44,32,decision_input,0.7454954954954955,0.7085585585585585,0.6979020979020979,0.7837837837837838,0.6333333333333333,1.2283378123342854,0.013963963963963932
1,2,42,16,score_only,0.7027397260273973,0.5716894977168949,0.5727284892278871,0.8767123287671232,0.26666666666666666,0.643528520433905,0.0
1,2,42,8,activity_raw,0.7337899543378995,0.5815068493150685,0.5849473547380736,0.863013698630137,0.3,0.6203403957215341,0.031050228310502193
1,2,42,16,activity_raw,0.7337899543378995,0.6079908675799086,0.6141358641358642,0.8493150684931506,0.36666666666666664,0.6541020562750669,0.031050228310502193
1,2,42,32,activity_raw,0.7378995433789954,0.6883561643835616,0.6988304093567251,0.8767123287671232,0.5,0.747453283318644,0.03515981735159812
1,2,42,8,activity_context,0.7388127853881279,0.5981735159817352,0.6038461538461539,0.863013698630137,0.3333333333333333,0.6179010397036399,0.036073059360730575
1,2,42,16,activity_context,0.7315068493150685,0.621689497716895,0.6302564102564102,0.8767123287671232,0.36666666666666664,0.6559850977701622,0.02876712328767117
1,2,42,32,activity_context,0.7552511415525114,0.6883561643835616,0.6988304093567251,0.8767123287671232,0.5,0.7515883599892762,0.05251141552511407
1,2,42,8,subject_embedding,0.7013698630136986,0.6079908675799086,0.6141358641358642,0.8493150684931506,0.36666666666666664,0.6669769402315182,-0.00136986301369868
1,2,42,16,subject_embedding,0.6885844748858447,0.6579908675799087,0.6651414810355207,0.8493150684931506,0.4666666666666667,0.7051305280785741,-0.014155251141552583
1,2,42,32,subject_embedding,0.7004566210045662,0.6041095890410959,0.6076190476190476,0.8082191780821918,0.4,0.8362375528558597,-0.0022831050228311334
1,2,42,8,structured_embedding,0.7100456621004567,0.6148401826484018,0.6221378874130297,0.863013698630137,0.36666666666666664,0.6604303444319679,0.007305936073059405
1,2,42,16,structured_embedding,0.728310502283105,0.6678082191780822,0.6725538678912045,0.8356164383561644,0.5,0.6852809207567971,0.025570776255707695
1,2,42,32,structured_embedding,0.7598173515981734,0.6648401826484018,0.6737329434697856,0.863013698630137,0.4666666666666667,0.7335573063171028,0.057077625570776114
1,2,42,8,decision_input,0.6968036529680366,0.671689497716895,0.6824515969909977,0.8767123287671232,0.4666666666666667,0.6770416885789354,-0.005936073059360725
1,2,42,16,decision_input,0.6904109589041096,0.6079908675799086,0.6141358641358642,0.8493150684931506,0.36666666666666664,0.6894417692555034,-0.012328767123287676
1,2,42,32,decision_input,0.7319634703196347,0.6648401826484018,0.6737329434697856,0.863013698630137,0.4666666666666667,0.7446540779007962,0.029223744292237397
1,2,43,16,score_only,0.7045662100456621,0.541324200913242,0.5382383966244726,0.8493150684931506,0.23333333333333334,0.6454021483520246,0.0
1,2,43,8,activity_raw,0.7534246575342466,0.5579908675799087,0.5581697647211751,0.8493150684931506,0.26666666666666666,0.6077307827210416,0.04885844748858448
1,2,43,16,activity_raw,0.7844748858447488,0.5716894977168949,0.5727284892278871,0.8767123287671232,0.26666666666666666,0.6013672426811639,0.07990867579908667
1,2,43,32,activity_raw,0.7831050228310503,0.5657534246575342,0.5584626755358463,0.9315068493150684,0.2,0.6640974183728515,0.07853881278538821
1,2,43,8,activity_context,0.7506849315068492,0.5579908675799087,0.5581697647211751,0.8493150684931506,0.26666666666666666,0.6142899911336845,0.04611872146118712
1,2,43,16,activity_context,0.7703196347031963,0.5579908675799087,0.5581697647211751,0.8493150684931506,0.26666666666666666,0.6123802959175084,0.0657534246575342
1,2,43,32,activity_context,0.7894977168949772,0.6020547945205479,0.6081521739130434,0.9041095890410958,0.3,0.7373275375558883,0.08493150684931505
1,2,43,8,subject_embedding,0.7232876712328767,0.5716894977168949,0.5727284892278871,0.8767123287671232,0.26666666666666666,0.6308764103608034,0.018721461187214627
1,2,43,16,subject_embedding,0.7410958904109589,0.6246575342465753,0.6316438525095573,0.8493150684931506,0.4,0.6716349945153196,0.0365296803652968
1,2,43,32,subject_embedding,0.706392694063927,0.5737442922374429,0.5755327917108206,0.7808219178082192,0.36666666666666664,0.8367702829452984,0.0018264840182649067
1,2,43,8,structured_embedding,0.7552511415525114,0.5785388127853881,0.5801630434782609,0.8904109589041096,0.26666666666666666,0.5765925435842948,0.05068493150684927
1,2,43,16,structured_embedding,0.7767123287671233,0.6118721461187214,0.6197257383966245,0.8904109589041096,0.3333333333333333,0.5594455337928711,0.07214611872146115
1,2,43,32,structured_embedding,0.7730593607305936,0.6520547945205479,0.665280124788769,0.9041095890410958,0.4,0.6344720200218366,0.06849315068493145
1,2,43,8,decision_input,0.7470319634703196,0.5579908675799087,0.5581697647211751,0.8493150684931506,0.26666666666666666,0.6123151104313079,0.042465753424657526
1,2,43,16,decision_input,0.7534246575342466,0.5883561643835616,0.5925632911392404,0.8767123287671232,0.3,0.649539578348908,0.04885844748858448
1,2,43,32,decision_input,0.7977168949771689,0.641324200913242,0.648635477582846,0.8493150684931506,0.43333333333333335,0.7034831464423119,0.0931506849315068
1,2,44,16,score_only,0.6429223744292238,0.630593607305936,0.6318459587224721,0.7945205479452054,0.4666666666666667,0.7918544286232425,0.0
1,2,44,8,activity_raw,0.6488584474885846,0.6041095890410959,0.6076190476190476,0.8082191780821918,0.4,0.8117583092493491,0.005936073059360725
1,2,44,16,activity_raw,0.6401826484018266,0.5844748858447488,0.5884115884115885,0.8356164383561644,0.3333333333333333,0.9028833382257092,-0.002739726027397249
1,2,44,32,activity_raw,0.6547945205479452,0.5942922374429224,0.5984405458089669,0.821917808219178,0.36666666666666664,1.377109791763704,0.011872146118721338
1,2,44,8,activity_context,0.6543378995433791,0.6041095890410959,0.6076190476190476,0.8082191780821918,0.4,0.8065784679102613,0.011415525114155223
1,2,44,16,activity_context,0.6534246575342465,0.5942922374429224,0.5984405458089669,0.821917808219178,0.36666666666666664,0.8465927096787212,0.010502283105022658
1,2,44,32,activity_context,0.6812785388127853,0.6148401826484018,0.6221378874130297,0.863013698630137,0.36666666666666664,1.3648332501176663,0.038356164383561486
1,2,44,8,subject_embedding,0.6378995433789955,0.6246575342465753,0.6316438525095573,0.8493150684931506,0.4,0.9677566996436535,-0.005022831050228382
1,2,44,16,subject_embedding,0.6968036529680366,0.630593607305936,0.6318459587224721,0.7945205479452054,0.4666666666666667,1.0399647641194882,0.05388127853881275
1,2,44,32,subject_embedding,0.691324200913242,0.6472602739726028,0.6472602739726028,0.7945205479452054,0.5,1.2338485686344463,0.04840182648401814
1,2,44,8,structured_embedding,0.6639269406392695,0.6276255707762557,0.6321428571428571,0.821917808219178,0.43333333333333335,0.8585985099848947,0.02100456621004565
1,2,44,16,structured_embedding,0.6602739726027398,0.6011415525114155,0.6062399802688372,0.8356164383561644,0.36666666666666664,0.9197817038055746,0.017351598173515947
1,2,44,32,structured_embedding,0.6863013698630137,0.5776255707762556,0.5808361080281169,0.821917808219178,0.3333333333333333,1.066609744570295,0.04337899543378987
1,2,44,8,decision_input,0.6301369863013698,0.6276255707762557,0.6321428571428571,0.821917808219178,0.43333333333333335,0.9298145469698428,-0.012785388127854014
1,2,44,16,decision_input,0.6726027397260274,0.5874429223744292,0.590728476821192,0.8082191780821918,0.36666666666666664,1.0977909185776178,0.029680365296803513
1,2,44,32,decision_input,0.7191780821917808,0.6639269406392694,0.6622950819672131,0.7945205479452054,0.5333333333333333,1.3445258314544035,0.07625570776255697
2,0,42,16,score_only,0.7122929380993898,0.6837401918047079,0.6903357531760436,0.8513513513513513,0.5161290322580645,0.7286870825451324,0.0
2,0,42,8,activity_raw,0.7079337401918048,0.6323016564952049,0.6222633364168979,0.7162162162162162,0.5483870967741935,1.6199978548055374,-0.0043591979075849885
2,0,42,16,activity_raw,0.6687009590235397,0.6281604184829992,0.6115388461153884,0.6756756756756757,0.5806451612903226,2.736246367422439,-0.04359197907585011
2,0,42,32,activity_raw,0.6952920662598082,0.6349171752397559,0.6195652173913043,0.6891891891891891,0.5806451612903226,2.5032173824155817,-0.017000871839581544
2,0,42,8,activity_context,0.6756756756756757,0.6349171752397559,0.6195652173913043,0.6891891891891891,0.5806451612903226,2.5090676461971095,-0.0366172624237141
2,0,42,16,activity_context,0.6721883173496076,0.6349171752397559,0.6195652173913043,0.6891891891891891,0.5806451612903226,2.8630175283401935,-0.04010462074978216
2,0,42,32,activity_context,0.6922406277244987,0.6052746294681779,0.5905409459054094,0.6621621621621622,0.5483870967741935,2.489465698678608,-0.02005231037489108
2,0,42,8,subject_embedding,0.6761115954664342,0.6660854402789886,0.6628852739726028,0.7837837837837838,0.5483870967741935,1.8159842080685844,-0.03618134263295558
2,0,42,16,subject_embedding,0.6787271142109852,0.6135571054925893,0.6100795755968169,0.7432432432432432,0.4838709677419355,2.3047177057850012,-0.03356582388840457
2,0,42,32,subject_embedding,0.6673931996512642,0.6458151700087184,0.6383467278989667,0.7432432432432432,0.5483870967741935,2.3520085964410797,-0.04489973844812556
2,0,42,8,structured_embedding,0.6939843068875327,0.6713164777680907,0.6571428571428571,0.7297297297297297,0.6129032258064516,1.6386198898180826,-0.018308631211857107
2,0,42,16,structured_embedding,0.7314734088927637,0.6323016564952049,0.6222633364168979,0.7162162162162162,0.5483870967741935,1.5794578495060936,0.019180470793373927
2,0,42,32,structured_embedding,0.7279860505666957,0.6458151700087184,0.6383467278989667,0.7432432432432432,0.5483870967741935,1.5754259305812324,0.01569311246730598
2,0,42,8,decision_input,0.6931124673060156,0.6510462074978204,0.6325367463253675,0.6891891891891891,0.6129032258064516,2.332662290960527,-0.01918047079337415
2,0,42,16,decision_input,0.6835222319093287,0.6323016564952049,0.6222633364168979,0.7162162162162162,0.5483870967741935,2.4436288557250267,-0.028770706190061057
2,0,42,32,decision_input,0.6983435047951176,0.6458151700087184,0.6383467278989667,0.7432432432432432,0.5483870967741935,2.382824955627978,-0.013949433304272119
2,0,43,16,score_only,0.6861377506538796,0.5812990409764603,0.5804988662131519,0.7432432432432432,0.41935483870967744,0.8790271868311023,0.0
2,0,43,8,activity_raw,0.6900610287707062,0.5948125544899738,0.5956650896688305,0.7702702702702703,0.41935483870967744,0.9051665448051617,0.0039232781168265785
2,0,43,16,activity_raw,0.6804707933740192,0.5948125544899738,0.5956650896688305,0.7702702702702703,0.41935483870967744,0.9991500165876182,-0.005666957279860441
2,0,43,32,activity_raw,0.6961639058413251,0.5771578029642546,0.5725915875169607,0.7027027027027027,0.45161290322580644,1.532030435157495,0.01002615518744554
2,0,43,8,activity_context,0.6891891891891893,0.5812990409764603,0.5804988662131519,0.7432432432432432,0.41935483870967744,0.8953500162585409,0.0030514385353096474
2,0,43,16,activity_context,0.6795989537925022,0.5719267654751525,0.5725602376499065,0.7567567567567568,0.3870967741935484,0.9820958402062108,-0.006538796861377372
2,0,43,32,activity_context,0.7205754141238012,0.6041848299912816,0.6031746031746031,0.7567567567567568,0.45161290322580644,1.313389412184867,0.03443766346992161
2,0,43,8,subject_embedding,0.7005231037489101,0.6068003487358327,0.6022727272727273,0.7297297297297297,0.4838709677419355,0.9205270807802329,0.014385353095030529
2,0,43,16,subject_embedding,0.7197035745422842,0.6484306887532694,0.6357142857142857,0.7162162162162162,0.5806451612903226,1.0189879959149235,0.03356582388840457
2,0,43,32,subject_embedding,0.7258064516129032,0.6484306887532694,0.6357142857142857,0.7162162162162162,0.5806451612903226,1.0893924332502058,0.03966870095902364
2,0,43,8,structured_embedding,0.6826503923278117,0.6068003487358327,0.6022727272727273,0.7297297297297297,0.4838709677419355,1.1813495254014643,-0.0034873583260679464
2,0,43,16,structured_embedding,0.6665213600697472,0.5812990409764603,0.5804988662131519,0.7432432432432432,0.41935483870967744,1.2698647767520184,-0.019616390584132448
2,0,43,32,structured_embedding,0.6586748038360941,0.5932868352223191,0.5867854183927093,0.7027027027027027,0.4838709677419355,1.4358309487033019,-0.027462946817785494
2,0,43,8,decision_input,0.6787271142109852,0.5839145597210114,0.5801767676767677,0.7162162162162162,0.45161290322580644,1.176378354347689,-0.007410636442894414
2,0,43,16,decision_input,0.6913687881429816,0.6094158674803836,0.6006783842121493,0.7027027027027027,0.5161290322580645,1.3580372349914855,0.005231037489102031
2,0,43,32,decision_input,0.7070619006102877,0.6052746294681779,0.5905409459054094,0.6621621621621622,0.5483870967741935,1.533071416605034,0.020924149956408122
2,0,44,16,score_only,0.6791630340017436,0.6030950305143854,0.6088210551616393,0.8513513513513513,0.3548387096774194,0.6098736704078618,0.0
2,0,44,8,activity_raw,0.6782911944202266,0.6743679163034002,0.6834415584415585,0.8648648648648649,0.4838709677419355,0.6150314271226249,-0.0008718395815170421
2,0,44,16,activity_raw,0.6739319965126417,0.6421098517872712,0.6509971509971509,0.8648648648648649,0.41935483870967744,0.6268386088892957,-0.00523103748910192
2,0,44,32,activity_raw,0.6490845684394071,0.6166085440278989,0.6244913059563448,0.8783783783783784,0.3548387096774194,0.7141243840548961,-0.03007846556233651
2,0,44,8,activity_context,0.6931124673060157,0.6676111595466434,0.6749226006191951,0.8513513513513513,0.4838709677419355,0.6129278138882951,0.013949433304272119
2,0,44,16,activity_context,0.6861377506538797,0.6514821272885789,0.6590909090909092,0.8513513513513513,0.45161290322580644,0.6175214738199271,0.006974716652136115
2,0,44,32,activity_context,0.6817785527462946,0.5843504795117699,0.5874001774622892,0.8783783783783784,0.2903225806451613,0.7140518021694672,0.0026155187445510153
2,0,44,8,subject_embedding,0.6660854402789886,0.6353530950305144,0.6428152492668622,0.8513513513513513,0.41935483870967744,0.6031485804933834,-0.013077593722754965
2,0,44,16,subject_embedding,0.6547515257192676,0.6488666085440279,0.6592957577214278,0.8783783783783784,0.41935483870967744,0.636252539708854,-0.024411508282475958
2,0,44,32,subject_embedding,0.5915431560592851,0.5640802092414996,0.5654819863680622,0.8378378378378378,0.2903225806451613,0.7967930611118454,-0.08761987794245851
2,0,44,8,structured_embedding,0.6865736704446381,0.6259808195292067,0.6340584064415336,0.8648648648648649,0.3870967741935484,0.591339637871432,0.007410636442894525
2,0,44,16,structured_embedding,0.6669572798605057,0.6218395815170009,0.6267629858961128,0.8243243243243243,0.41935483870967744,0.6493212728373303,-0.012205754141237923
2,0,44,32,structured_embedding,0.6734960767218832,0.6582388840453357,0.6674486803519062,0.8648648648648649,0.45161290322580644,0.7302102391161939,-0.005666957279860441
2,0,44,8,decision_input,0.7031386224934613,0.6582388840453357,0.6674486803519062,0.8648648648648649,0.45161290322580644,0.5777053974007964,0.02397558849171766
2,0,44,16,decision_input,0.6761115954664342,0.6421098517872712,0.6509971509971509,0.8648648648648649,0.41935483870967744,0.6006556735694892,-0.0030514385353094253
2,0,44,32,decision_input,0.6360069747166521,0.6124673060156931,0.6181818181818182,0.8378378378378378,0.3870967741935484,0.7748617817392667,-0.043156059285091475
2,1,42,16,score_only,0.6653153153153154,0.6391891891891892,0.649306856500562,0.8783783783783784,0.4,0.8862366803535059,0.0
2,1,42,8,activity_raw,0.6725225225225225,0.6157657657657658,0.6233295866117148,0.8648648648648649,0.36666666666666664,0.8790896375562913,0.007207207207207134
2,1,42,16,activity_raw,0.7157657657657658,0.6657657657657658,0.6748436748436748,0.8648648648648649,0.4666666666666667,1.031498642020055,0.05045045045045038
2,1,42,32,activity_raw,0.7189189189189189,0.6819819819819819,0.6783031374281927,0.7972972972972973,0.5666666666666667,1.3721502368857084,0.0536036036036035
2,1,42,8,activity_context,0.6693693693693694,0.6324324324324324,0.641025641025641,0.8648648648648649,0.4,0.8732547157924988,0.004054054054054013
2,1,42,16,activity_context,0.7202702702702704,0.659009009009009,0.6663101604278074,0.8513513513513513,0.4666666666666667,1.0357648951600515,0.05495495495495495
2,1,42,32,activity_context,0.7274774774774775,0.6986486486486486,0.6926108374384237,0.7972972972972973,0.6,1.4457845223311951,0.06216216216216208
2,1,42,8,subject_embedding,0.6382882882882883,0.5986486486486486,0.6012547926106657,0.7972972972972973,0.4,1.2619545742252458,-0.027027027027027084
2,1,42,16,subject_embedding,0.65,0.6018018018018019,0.6018018018018019,0.7702702702702703,0.43333333333333335,1.7419489101000178,-0.015315315315315381
2,1,42,32,subject_embedding,0.664864864864865,0.6148648648648649,0.6083916083916083,0.7297297297297297,0.5,1.640302293056347,-0.00045045045045044585
2,1,42,8,structured_embedding,0.6941441441441442,0.6490990990990991,0.6581862446743761,0.8648648648648649,0.43333333333333335,1.1732156359453645,0.028828828828828756
2,1,42,16,structured_embedding,0.6585585585585585,0.6423423423423423,0.6498316498316499,0.8513513513513513,0.43333333333333335,1.3601279363719585,-0.00675675675675691
2,1,42,32,structured_embedding,0.6626126126126126,0.622072072072072,0.6254211688160799,0.8108108108108109,0.43333333333333335,1.3526407895590633,-0.002702702702702786
2,1,42,8,decision_input,0.6896396396396396,0.6153153153153152,0.6174712643678161,0.7972972972972973,0.43333333333333335,1.3459125058907244,0.024324324324324187
2,1,42,16,decision_input,0.6603603603603603,0.6018018018018019,0.6018018018018019,0.7702702702702703,0.43333333333333335,1.5354844040113496,-0.004954954954955126
2,1,42,32,decision_input,0.6662162162162163,0.6351351351351351,0.6323464427750773,0.7702702702702703,0.5,1.9421476568298728,0.0009009009009008917
2,1,43,16,score_only,0.7626126126126127,0.6788288288288289,0.6805824138323285,0.8243243243243243,0.5333333333333333,0.671209872797195,0.0
2,1,43,8,activity_raw,0.7806306306306308,0.7319819819819819,0.7202797202797203,0.7972972972972973,0.6666666666666666,0.9505061060328336,0.018018018018018056
2,1,43,16,activity_raw,0.7558558558558558,0.6581081081081082,0.6421645292461683,0.7162162162162162,0.6,1.3593932886567557,-0.00675675675675691
2,1,43,32,activity_raw,0.772972972972973,0.681081081081081,0.6475279106858054,0.6621621621621622,0.7,2.0859416140086577,0.010360360360360255
2,1,43,8,activity_context,0.7729729729729731,0.7018018018018017,0.6892872385830133,0.7702702702702703,0.6333333333333333,0.967277574740458,0.010360360360360366
2,1,43,16,activity_context,0.7626126126126126,0.6846846846846847,0.6601307189542484,0.7027027027027027,0.6666666666666666,1.432816853665025,-1.1102230246251565e-16
2,1,43,32,activity_context,0.7734234234234234,0.6842342342342342,0.6428220979295456,0.6351351351351351,0.7333333333333333,2.1129836995453664,0.0108108108108107
2,1,43,8,subject_embedding,0.7243243243243244,0.7018018018018017,0.6892872385830133,0.7702702702702703,0.6333333333333333,0.9710275764861414,-0.03828828828828834
2,1,43,16,subject_embedding,0.713063063063063,0.6549549549549549,0.6448997012377293,0.7432432432432432,0.5666666666666667,1.3167130204496824,-0.04954954954954971
2,1,43,32,subject_embedding,0.7148648648648649,0.6747747747747748,0.6554865424430641,0.7162162162162162,0.6333333333333333,1.56484491717402,-0.047747747747747815
2,1,43,8,structured_embedding,0.7567567567567568,0.6986486486486486,0.6926108374384237,0.7972972972972973,0.6,1.042142315552981,-0.005855855855855907
2,1,43,16,structured_embedding,0.7657657657657658,0.6779279279279279,0.6517503805175038,0.6891891891891891,0.6666666666666666,1.2353359875876462,0.003153153153153121
2,1,43,32,structured_embedding,0.7693693693693693,0.6945945945945946,0.6643807987091569,0.6891891891891891,0.7,1.2538259815917874,0.006756756756756577
2,1,43,8,decision_input,0.7468468468468468,0.704954954954955,0.6855385257011781,0.7432432432432432,0.6666666666666666,1.2933771473465936,-0.015765765765765938
2,1,43,16,decision_input,0.7594594594594594,0.7013513513513514,0.6728564180618974,0.7027027027027027,0.7,1.9340816732713093,-0.003153153153153343
2,1,43,32,decision_input,0.7490990990990992,0.6878378378378378,0.6559398496240602,0.6756756756756757,0.7,2.0572236389537517,-0.013513513513513487
2,1,44,16,score_only,0.6873873873873874,0.5990990990990991,0.6050632911392405,0.8648648648648649,0.3333333333333333,0.5786817312775607,0.0
2,1,44,8,activity_raw,0.6612612612612613,0.6490990990990991,0.6581862446743761,0.8648648648648649,0.43333333333333335,0.6713849510276724,-0.02612612612612608
2,1,44,16,activity_raw,0.668018018018018,0.6288288288288288,0.6334586466165414,0.8243243243243243,0.43333333333333335,0.6689630360664662,-0.019369369369369394
2,1,44,32,activity_raw,0.7211711711711711,0.6355855855855856,0.641592394533571,0.8378378378378378,0.43333333333333335,0.6547877059670216,0.03378378378378377
2,1,44,8,activity_context,0.6761261261261262,0.5954954954954955,0.5998075998075998,0.8243243243243243,0.36666666666666664,0.6565300156752973,-0.011261261261261146
2,1,44,16,activity_context,0.677927927927928,0.622072072072072,0.6254211688160799,0.8108108108108109,0.43333333333333335,0.6763087834129403,-0.009459459459459363
2,1,44,32,activity_context,0.7184684684684685,0.6121621621621622,0.6168746286393345,0.8243243243243243,0.4,0.6795009780228457,0.031081081081081097
2,1,44,8,subject_embedding,0.6522522522522523,0.609009009009009,0.6153846153846154,0.8513513513513513,0.36666666666666664,0.6882354145631133,-0.03513513513513511
2,1,44,16,subject_embedding,0.6108108108108109,0.5720720720720721,0.5747955747955749,0.8108108108108109,0.3333333333333333,0.7538873459401553,-0.07657657657657646
2,1,44,32,subject_embedding,0.6400900900900902,0.5788288288288288,0.582227632379793,0.8243243243243243,0.3333333333333333,0.8178247861188782,-0.04729729729729715
2,1,44,8,structured_embedding,0.6815315315315316,0.6423423423423423,0.6498316498316499,0.8513513513513513,0.43333333333333335,0.6043531762552766,-0.005855855855855796
2,1,44,16,structured_embedding,0.6815315315315315,0.6022522522522522,0.6075471698113208,0.8378378378378378,0.36666666666666664,0.6369637668716135,-0.005855855855855907
2,1,44,32,structured_embedding,0.6621621621621622,0.6387387387387388,0.6413793103448276,0.8108108108108109,0.4666666666666667,0.7676673137294912,-0.02522522522522519
2,1,44,8,decision_input,0.6536036036036036,0.6355855855855856,0.641592394533571,0.8378378378378378,0.43333333333333335,0.6763780552587645,-0.03378378378378377
2,1,44,16,decision_input,0.6851351351351351,0.6522522522522523,0.6578947368421053,0.8378378378378378,0.4666666666666667,0.6604853445473877,-0.0022522522522522292
2,1,44,32,decision_input,0.6572072072072072,0.6518018018018018,0.647071702244116,0.7702702702702703,0.5333333333333333,0.9617815575836778,-0.030180180180180205
2,2,42,16,score_only,0.7552511415525115,0.6883561643835616,0.6988304093567251,0.8767123287671232,0.5,0.6425976603398372,0.0
2,2,42,8,activity_raw,0.7529680365296804,0.6844748858447489,0.6880242311276794,0.8356164383561644,0.5333333333333333,0.6487249874750677,-0.0022831050228311334
2,2,42,16,activity_raw,0.7538812785388127,0.660958904109589,0.6640260950605779,0.821917808219178,0.5,0.7029110186225898,-0.001369863013698791
2,2,42,32,activity_raw,0.7885844748858448,0.6844748858447489,0.6880242311276794,0.8356164383561644,0.5333333333333333,0.6982711314505023,0.033333333333333326
2,2,42,8,activity_context,0.7470319634703196,0.6844748858447489,0.6880242311276794,0.8356164383561644,0.5333333333333333,0.6582736279564837,-0.008219178082191858
2,2,42,16,activity_context,0.7479452054794521,0.654109589041096,0.6555978323532803,0.8082191780821918,0.5,0.718053879597988,-0.007305936073059405
2,2,42,32,activity_context,0.7593607305936074,0.6207762557077625,0.6240433298010126,0.8082191780821918,0.43333333333333335,0.8043985403239009,0.004109589041095929
2,2,42,8,subject_embedding,0.7228310502283106,0.6442922374429223,0.6482985988461085,0.821917808219178,0.4666666666666667,0.7223768024218367,-0.03242009132420087
2,2,42,16,subject_embedding,0.7132420091324201,0.6639269406392694,0.6622950819672131,0.7945205479452054,0.5333333333333333,0.7414827412087545,-0.04200913242009141
2,2,42,32,subject_embedding,0.6771689497716895,0.5678082191780822,0.5700189753320684,0.8356164383561644,0.3,0.9028872137660898,-0.07808219178082199
2,2,42,8,structured_embedding,0.7625570776255708,0.6776255707762557,0.6793497059840885,0.821917808219178,0.5333333333333333,0.6636376224679112,0.007305936073059294
2,2,42,16,structured_embedding,0.7721461187214612,0.6972602739726027,0.6913086913086912,0.7945205479452054,0.6,0.7939633063811034,0.01689497716894972
2,2,42,32,structured_embedding,0.7853881278538815,0.6844748858447489,0.6880242311276794,0.8356164383561644,0.5333333333333333,0.8013676198696725,0.03013698630136996
2,2,42,8,decision_input,0.7561643835616438,0.6874429223744292,0.6855850763143019,0.8082191780821918,0.5666666666666667,0.6484391127826536,0.0009132420091323423
2,2,42,16,decision_input,0.7269406392694064,0.6874429223744292,0.6855850763143019,0.8082191780821918,0.5666666666666667,0.8366788713987551,-0.028310502283105055
2,2,42,32,decision_input,0.7538812785388128,0.6904109589041096,0.6826584507042254,0.7808219178082192,0.6,1.0491424594592647,-0.00136986301369868
2,2,43,16,score_only,0.8036529680365296,0.6990867579908675,0.718835304822566,0.9315068493150684,0.4666666666666667,0.5587870091339373,0.0
2,2,43,8,activity_raw,0.7917808219178082,0.6785388127853882,0.6913086913086912,0.8904109589041096,0.4666666666666667,0.5740631833897454,-0.01187214611872145
2,2,43,16,activity_raw,0.7744292237442922,0.6981735159817352,0.7057142857142857,0.863013698630137,0.5333333333333333,0.6129663630057702,-0.029223744292237397
2,2,43,32,activity_raw,0.7981735159817351,0.6776255707762557,0.6793497059840885,0.821917808219178,0.5333333333333333,0.612659818593822,-0.005479452054794498
2,2,43,8,activity_context,0.7968036529680366,0.6883561643835616,0.6988304093567251,0.8767123287671232,0.5,0.5784426763474686,-0.006849315068493067
2,2,43,16,activity_context,0.7735159817351598,0.7050228310502282,0.71475015051174,0.8767123287671232,0.5333333333333333,0.6089234938250359,-0.03013698630136985
2,2,43,32,activity_context,0.7995433789954338,0.6874429223744292,0.6855850763143019,0.8082191780821918,0.5666666666666667,0.6253008200304078,-0.004109589041095818
2,2,43,8,subject_embedding,0.7675799086757991,0.6678082191780822,0.6725538678912045,0.8356164383561644,0.5,0.6299953614365598,-0.036073059360730575
2,2,43,16,subject_embedding,0.7666666666666667,0.6383561643835616,0.6481973434535104,0.8767123287671232,0.4,0.6400328554405305,-0.03698630136986292
2,2,43,32,subject_embedding,0.6885844748858447,0.6002283105022831,0.6002283105022831,0.7671232876712328,0.43333333333333335,1.076496434552881,-0.1150684931506849
2,2,43,8,structured_embedding,0.7721461187214611,0.6815068493150684,0.6899458157736303,0.863013698630137,0.5,0.6175944047403269,-0.03150684931506853
2,2,43,16,structured_embedding,0.7808219178082192,0.710958904109589,0.7088750706613907,0.821917808219178,0.6,0.7572668428410172,-0.022831050228310446
2,2,43,32,structured_embedding,0.7808219178082192,0.6972602739726027,0.6913086913086912,0.7945205479452054,0.6,0.7673846369651729,-0.022831050228310446
2,2,43,8,decision_input,0.7730593607305937,0.691324200913242,0.6968091369363005,0.8493150684931506,0.5333333333333333,0.6239822630736384,-0.030593607305935966
2,2,43,16,decision_input,0.7589041095890411,0.6776255707762557,0.6793497059840885,0.821917808219178,0.5333333333333333,0.6947191387983308,-0.04474885844748855
2,2,43,32,decision_input,0.6940639269406392,0.623744292237443,0.623744292237443,0.7808219178082192,0.4666666666666667,1.1793289605913473,-0.1095890410958904
2,2,44,16,score_only,0.6913242009132421,0.6422374429223744,0.6554262009902315,0.9178082191780822,0.36666666666666664,0.5453710204306165,0.0
2,2,44,8,activity_raw,0.7575342465753424,0.7255707762557078,0.7427572427572428,0.9178082191780822,0.5333333333333333,0.5163691591087176,0.06621004566210031
2,2,44,16,activity_raw,0.7474885844748859,0.702054794520548,0.7170329670329669,0.9041095890410958,0.5,0.5233266890655976,0.05616438356164377
2,2,44,32,activity_raw,0.7557077625570775,0.6815068493150684,0.6899458157736303,0.863013698630137,0.5,0.5493873601604016,0.06438356164383541
2,2,44,8,activity_context,0.7310502283105023,0.6853881278538813,0.7003162555344719,0.9041095890410958,0.4666666666666667,0.5306947785128331,0.039726027397260166
2,2,44,16,activity_context,0.776255707762557,0.7285388127853881,0.7395544852498495,0.8904109589041096,0.5666666666666667,0.5021610957912667,0.08493150684931494
2,2,44,32,activity_context,0.7639269406392694,0.7118721461187214,0.7239278752436646,0.8904109589041096,0.5333333333333333,0.5350674800646368,0.07260273972602727
2,2,44,8,subject_embedding,0.7009132420091324,0.6922374429223744,0.7094871794871795,0.9178082191780822,0.4666666666666667,0.5460993093930039,0.009589041095890316
2,2,44,16,subject_embedding,0.7168949771689498,0.6785388127853882,0.6913086913086912,0.8904109589041096,0.4666666666666667,0.5492298543068319,0.025570776255707695
2,2,44,32,subject_embedding,0.6821917808219178,0.6942922374429223,0.6942922374429223,0.821917808219178,0.5666666666666667,0.6213029815531123,-0.009132420091324311
2,2,44,8,structured_embedding,0.760730593607306,0.6922374429223744,0.7094871794871795,0.9178082191780822,0.4666666666666667,0.5036699058076628,0.0694063926940639
2,2,44,16,structured_embedding,0.7721461187214612,0.7353881278538812,0.7490253411306043,0.9041095890410958,0.5666666666666667,0.4963111866982626,0.08082191780821912
2,2,44,32,structured_embedding,0.726027397260274,0.7079908675799087,0.712022367194781,0.8493150684931506,0.5666666666666667,0.6981674684643466,0.034703196347031895
2,2,44,8,decision_input,0.7146118721461188,0.7226027397260274,0.7456128948394645,0.9452054794520548,0.5,0.5373996683248679,0.023287671232876672
2,2,44,16,decision_input,0.7100456621004568,0.6883561643835616,0.6988304093567251,0.8767123287671232,0.5,0.5713367340237915,0.01872146118721474
2,2,44,32,decision_input,0.6963470319634703,0.6579908675799087,0.6651414810355207,0.8493150684931506,0.4666666666666667,0.6504679941564243,0.00502283105022816
3,0,42,16,score_only,0.7035745422842198,0.6743679163034002,0.6834415584415585,0.8648648648648649,0.4838709677419355,0.7247721427749202,0.0
3,0,42,8,activity_raw,0.7035745422842197,0.6676111595466434,0.6749226006191951,0.8513513513513513,0.4838709677419355,0.7209578425098766,-1.1102230246251565e-16
3,0,42,16,activity_raw,0.7053182214472536,0.6769834350479511,0.6817824671680324,0.8378378378378378,0.5161290322580645,0.7618969835105563,0.0017436791630338622
3,0,42,32,activity_raw,0.7192676547515257,0.6514821272885789,0.6590909090909092,0.8513513513513513,0.45161290322580644,0.8700283839551883,0.01569311246730587
3,0,42,8,activity_context,0.7027027027027027,0.6743679163034002,0.6834415584415585,0.8648648648648649,0.4838709677419355,0.724207880981323,-0.0008718395815170421
3,0,42,16,activity_context,0.7027027027027026,0.7107672188317349,0.7257834757834758,0.9054054054054054,0.5161290322580645,0.7932289718990021,-0.0008718395815171531
3,0,42,32,activity_context,0.7153443766346992,0.6743679163034002,0.6834415584415585,0.8648648648648649,0.4838709677419355,0.9806485828028361,0.011769834350479402
3,0,42,8,subject_embedding,0.6800348735832606,0.6312118570183086,0.6346391289707037,0.8108108108108109,0.45161290322580644,0.8138004795484599,-0.023539668700959138
3,0,42,16,subject_embedding,0.6381865736704446,0.6540976460331299,0.6582107980693681,0.8243243243243243,0.4838709677419355,0.9714227623559203,-0.06538796861377516
3,0,42,32,subject_embedding,0.6246730601569311,0.6405841325196164,0.6418747937066784,0.7972972972972973,0.4838709677419355,1.2011369681769888,-0.07890148212728865
3,0,42,8,structured_embedding,0.7332170880557978,0.6863557105492589,0.6880844977445264,0.8243243243243243,0.5483870967741935,0.87757376271768,0.02964254577157799
3,0,42,16,structured_embedding,0.7140366172624237,0.6312118570183086,0.6346391289707037,0.8108108108108109,0.45161290322580644,0.8939558707052739,0.01046207497820395
3,0,42,32,structured_embedding,0.7249346120313862,0.6634699215344377,0.6649796457256023,0.8108108108108109,0.5161290322580645,0.9720212744837,0.02136006974716642
3,0,42,8,decision_input,0.6992153443766347,0.6379686137750654,0.6426950998185118,0.8243243243243243,0.45161290322580644,0.8578435325404075,-0.0043591979075850995
3,0,42,16,decision_input,0.6809067131647778,0.6458151700087184,0.6383467278989667,0.7432432432432432,0.5483870967741935,1.3038750250149997,-0.022667829119441985
3,0,42,32,decision_input,0.6739319965126417,0.6323016564952049,0.6222633364168979,0.7162162162162162,0.5483870967741935,1.3873752945534896,-0.0296425457715781
3,0,43,16,score_only,0.6857018308631211,0.7092414995640802,0.7111893497634503,0.8378378378378378,0.5806451612903226,0.7944246130985024,0.0
3,0,43,8,activity_raw,0.7140366172624236,0.6837401918047079,0.6903357531760436,0.8513513513513513,0.5161290322580645,0.7717004321458535,0.028334786399302536
3,0,43,16,activity_raw,0.7580645161290323,0.675893635571055,0.6938775510204082,0.9324324324324325,0.41935483870967744,0.7810670396913235,0.07236268526591116
3,0,43,32,activity_raw,0.7380122057541412,0.6421098517872712,0.6509971509971509,0.8648648648648649,0.41935483870967744,1.0045549991464164,0.052310374891020084
3,0,43,8,activity_context,0.7079337401918047,0.6837401918047079,0.6903357531760436,0.8513513513513513,0.5161290322580645,0.770417010174695,0.022231909328683575
3,0,43,16,activity_context,0.7545771578029643,0.6623801220575414,0.6762856085830559,0.9054054054054054,0.41935483870967744,0.8015066567799629,0.06887532693984322
3,0,43,32,activity_context,0.7371403661726242,0.6488666085440279,0.6592957577214278,0.8783783783783784,0.41935483870967744,0.9960441917608,0.05143853530950315
3,0,43,8,subject_embedding,0.6678291194420227,0.6957279860505667,0.6938775510204082,0.8108108108108109,0.5806451612903226,0.9079046714344532,-0.017872711421098364
3,0,43,16,subject_embedding,0.6660854402789886,0.6499564080209241,0.6485260770975056,0.7837837837837838,0.5161290322580645,0.9840621041931361,-0.019616390584132448
3,0,43,32,subject_embedding,0.6155187445510026,0.6567131647776809,0.6567131647776809,0.7972972972972973,0.5161290322580645,1.4043194650277018,-0.07018308631211845
3,0,43,8,structured_embedding,0.7061900610287707,0.6795989537925022,0.6795989537925022,0.8108108108108109,0.5483870967741935,0.8734252358655689,0.0204882301656496
3,0,43,16,structured_embedding,0.6896251089799478,0.6540976460331299,0.6582107980693681,0.8243243243243243,0.4838709677419355,1.0228702730379384,0.0039232781168266895
3,0,43,32,structured_embedding,0.6782911944202267,0.6634699215344377,0.6649796457256023,0.8108108108108109,0.5161290322580645,1.08464329657057,-0.007410636442894414
3,0,43,8,decision_input,0.7018308631211857,0.6931124673060156,0.6966666666666667,0.8378378378378378,0.5483870967741935,0.8440385857954534,0.016129032258064613
3,0,43,16,decision_input,0.6961639058413251,0.6540976460331299,0.6582107980693681,0.8243243243243243,0.4838709677419355,1.0478780221879544,0.010462074978204061
3,0,43,32,decision_input,0.6634699215344377,0.6728421970357454,0.6712018140589568,0.7972972972972973,0.5483870967741935,1.4407761417938454,-0.022231909328683352
3,0,44,16,score_only,0.7262423714036618,0.6447253705318221,0.6508427932576539,0.8378378378378378,0.45161290322580644,0.6949970591801148,0.0
3,0,44,8,activity_raw,0.7789886660854403,0.6717523975588492,0.684533109001322,0.8918918918918919,0.45161290322580644,0.6811435343465376,0.052746294681778494
3,0,44,16,activity_raw,0.7724498692240628,0.6556233653007847,0.6677215189873418,0.8918918918918919,0.41935483870967744,0.7089212158188913,0.04620749782040101
3,0,44,32,activity_raw,0.7454228421970357,0.6540976460331299,0.6582107980693681,0.8243243243243243,0.4838709677419355,0.9739032760969054,0.019180470793373927
3,0,44,8,activity_context,0.7746294681778553,0.6972537053182215,0.7077922077922078,0.8783783783783784,0.5161290322580645,0.6844699554087262,0.048387096774193505
3,0,44,16,activity_context,0.7772449869224062,0.6488666085440279,0.6592957577214278,0.8783783783783784,0.41935483870967744,0.7386850385675804,0.05100261551874441
3,0,44,32,activity_context,0.7497820401046207,0.6608544027898866,0.6665154264972777,0.8378378378378378,0.4838709677419355,0.920283232011447,0.023539668700958916
3,0,44,8,subject_embedding,0.7227550130775937,0.6499564080209241,0.6485260770975056,0.7837837837837838,0.5161290322580645,0.8988723572965535,-0.0034873583260680574
3,0,44,16,subject_embedding,0.6996512641673932,0.661944202266783,0.652029826014913,0.7432432432432432,0.5806451612903226,1.0610644761946386,-0.026591107236268563
3,0,44,32,subject_embedding,0.7101133391455972,0.6593286835222318,0.6546419098143237,0.7702702702702703,0.5483870967741935,1.2920719337399647,-0.016129032258064613
3,0,44,8,structured_embedding,0.7593722755013078,0.7159982563208369,0.72,0.8513513513513513,0.5806451612903226,0.8606199672837346,0.033129904097646046
3,0,44,16,structured_embedding,0.7637314734088928,0.6634699215344377,0.6649796457256023,0.8108108108108109,0.5161290322580645,0.8523775440232699,0.037489102005231034
3,0,44,32,structured_embedding,0.7763731473408892,0.7092414995640802,0.7111893497634503,0.8378378378378378,0.5806451612903226,0.7987933547633758,0.05013077593722748
3,0,44,8,decision_input,0.7262423714036617,0.6431996512641673,0.6404109589041096,0.7702702702702703,0.5161290322580645,1.1084943357528452,-1.1102230246251565e-16
3,0,44,16,decision_input,0.7092414995640803,0.6713164777680907,0.6571428571428571,0.7297297297297297,0.6129032258064516,1.3846939002332705,-0.017000871839581433
3,0,44,32,decision_input,0.7183958151700087,0.6671752397558849,0.6452702702702703,0.6891891891891891,0.6451612903225806,1.7484027534401456,-0.007846556233653046
3,1,42,16,score_only,0.7266782911944203,0.5937227550130776,0.5985941546429893,0.8648648648648649,0.3225806451612903,0.5703256989012176,0.0
3,1,42,8,activity_raw,0.6987794245858762,0.6394943330427201,0.6503884572697003,0.8918918918918919,0.3870967741935484,0.6113973459685527,-0.027898866608544126
3,1,42,16,activity_raw,0.7253705318221447,0.6394943330427201,0.6503884572697003,0.8918918918918919,0.3870967741935484,0.6081461098058197,-0.0013077593722755632
3,1,42,32,activity_raw,0.7467306015693113,0.6649956408020924,0.6759259259259259,0.8783783783783784,0.45161290322580644,0.7116928593366382,0.02005231037489097
3,1,42,8,activity_context,0.6865736704446381,0.6327375762859634,0.642161635832522,0.8783783783783784,0.3870967741935484,0.6244813039982012,-0.04010462074978216
3,1,42,16,activity_context,0.7223190932868352,0.6488666085440279,0.6592957577214278,0.8783783783783784,0.41935483870967744,0.6315818792525733,-0.0043591979075850995
3,1,42,32,activity_context,0.6987794245858762,0.6353530950305144,0.6428152492668622,0.8513513513513513,0.41935483870967744,0.7325050883929094,-0.027898866608544126
3,1,42,8,subject_embedding,0.7166521360069747,0.6233653007846556,0.6325,0.8918918918918919,0.3548387096774194,0.5634931203019047,-0.01002615518744554
3,1,42,16,subject_embedding,0.7310374891020053,0.6394943330427201,0.6503884572697003,0.8918918918918919,0.3870967741935484,0.6013784124416488,0.0043591979075849885
3,1,42,32,subject_embedding,0.6909328683522231,0.6421098517872712,0.6509971509971509,0.8648648648648649,0.41935483870967744,0.6925265573673846,-0.03574542284219717
3,1,42,8,structured_embedding,0.7327811682650393,0.6582388840453357,0.6674486803519062,0.8648648648648649,0.45161290322580644,0.5852175849551978,0.006102877070618962
3,1,42,16,structured_embedding,0.7144725370531823,0.6327375762859634,0.642161635832522,0.8783783783783784,0.3870967741935484,0.6167538975543985,-0.012205754141238034
3,1,42,32,structured_embedding,0.6782911944202267,0.6447253705318221,0.6508427932576539,0.8378378378378378,0.45161290322580644,0.8229550376720677,-0.048387096774193616
3,1,42,8,decision_input,0.7109851787271142,0.6072362685265911,0.614019520851819,0.8918918918918919,0.3225806451612903,0.5717793952097432,-0.015693112467306092
3,1,42,16,decision_input,0.7197035745422843,0.6447253705318221,0.6508427932576539,0.8378378378378378,0.45161290322580644,0.6469255951970059,-0.006974716652136004
3,1,42,32,decision_input,0.7136006974716653,0.6285963382737576,0.6347402597402598,0.8378378378378378,0.41935483870967744,0.7655383892514064,-0.013077593722754965
3,1,43,16,score_only,0.6556233653007848,0.6098517872711422,0.616601752677702,0.8648648648648649,0.3548387096774194,0.7247303910702985,0.0
3,1,43,8,activity_raw,0.6695727986050565,0.5802092414995641,0.5835837038817451,0.8378378378378378,0.3225806451612903,0.8442636335494635,0.013949433304271674
3,1,43,16,activity_raw,0.6752397558849172,0.5802092414995641,0.5835837038817451,0.8378378378378378,0.3225806451612903,0.8833441447113463,0.019616390584132448
3,1,43,32,activity_raw,0.6887532693984306,0.6379686137750654,0.6426950998185118,0.8243243243243243,0.45161290322580644,1.0763259816455903,0.033129904097645824
3,1,43,8,activity_context,0.6691368788142981,0.5869659982563208,0.5910418695228822,0.8513513513513513,0.3225806451612903,0.829331050504221,0.013513513513513264
3,1,43,16,activity_context,0.6761115954664342,0.5869659982563208,0.5910418695228822,0.8513513513513513,0.3225806451612903,0.8549264907681301,0.02048823016564938
3,1,43,32,activity_context,0.6774193548387096,0.6150828247602441,0.6188747731397459,0.8108108108108109,0.41935483870967744,1.1505779194590118,0.02179598953792483
3,1,43,8,subject_embedding,0.6865736704446382,0.5937227550130776,0.5985941546429893,0.8648648648648649,0.3225806451612903,0.6922623340592179,0.03095030514385344
3,1,43,16,subject_embedding,0.6835222319093287,0.6004795117698344,0.60625,0.8783783783783784,0.3225806451612903,0.8195276970076137,0.027898866608543904
3,1,43,32,subject_embedding,0.65693112467306,0.6285963382737576,0.6347402597402598,0.8378378378378378,0.41935483870967744,1.0515313959094748,0.00130775937227523
3,1,43,8,structured_embedding,0.6691368788142982,0.6030950305143854,0.6088210551616393,0.8513513513513513,0.3548387096774194,0.7307870985574155,0.013513513513513375
3,1,43,16,structured_embedding,0.6795989537925022,0.5989537925021796,0.6026831785345717,0.8108108108108109,0.3870967741935484,0.8197022464150199,0.023975588491717437
3,1,43,32,structured_embedding,0.6473408892763731,0.5854402789886661,0.5874957907733753,0.7837837837837838,0.3870967741935484,1.305192528548377,-0.008282476024411678
3,1,43,8,decision_input,0.6569311246730603,0.5708369659982563,0.5726970033296338,0.8513513513513513,0.2903225806451613,0.7454395493609117,0.0013077593722754521
3,1,43,16,decision_input,0.6791630340017437,0.5843504795117699,0.5874001774622892,0.8783783783783784,0.2903225806451613,0.9306509170544057,0.023539668700958916
3,1,43,32,decision_input,0.6573670444638186,0.6150828247602441,0.6188747731397459,0.8108108108108109,0.41935483870967744,1.2883551620585574,0.0017436791630337511
3,1,44,16,score_only,0.7109851787271142,0.5963382737576286,0.6011396011396011,0.8378378378378378,0.3548387096774194,0.6285168647456509,0.0
3,1,44,8,activity_raw,0.7131647776809067,0.6421098517872712,0.6509971509971509,0.8648648648648649,0.41935483870967744,0.6411579209040088,0.0021795989537924942
3,1,44,16,activity_raw,0.7336530078465563,0.6717523975588492,0.684533109001322,0.8918918918918919,0.45161290322580644,0.6267462013956394,0.022667829119442096
3,1,44,32,activity_raw,0.7506538796861377,0.7175239755884917,0.7350078115611105,0.918918918918919,0.5161290322580645,0.7677842623430265,0.03966870095902353
3,1,44,8,activity_context,0.7297297297297297,0.6743679163034002,0.6834415584415585,0.8648648648648649,0.4838709677419355,0.607122658738124,0.018744551002615517
3,1,44,16,activity_context,0.7231909328683522,0.6649956408020924,0.6759259259259259,0.8783783783783784,0.45161290322580644,0.6528406236691335,0.012205754141238034
3,1,44,32,activity_context,0.7367044463818657,0.6904969485614647,0.6990024079807362,0.8648648648648649,0.5161290322580645,0.7820849184449811,0.02571926765475152
3,1,44,8,subject_embedding,0.6857018308631211,0.6030950305143854,0.6088210551616393,0.8513513513513513,0.3548387096774194,0.6836676152548804,-0.02528334786399311
3,1,44,16,subject_embedding,0.6752397558849172,0.6098517872711422,0.616601752677702,0.8648648648648649,0.3548387096774194,0.7652741857150027,-0.03574542284219695
3,1,44,32,subject_embedding,0.6900610287707062,0.6166085440278989,0.6244913059563448,0.8783783783783784,0.3548387096774194,0.8078883693687712,-0.02092414995640801
3,1,44,8,structured_embedding,0.7109851787271142,0.6540976460331299,0.6582107980693681,0.8243243243243243,0.4838709677419355,0.6731410464497181,0.0
3,1,44,16,structured_embedding,0.6979075850043592,0.6972537053182215,0.7077922077922078,0.8783783783783784,0.5161290322580645,0.7176109894179483,-0.013077593722754965
3,1,44,32,structured_embedding,0.7275501307759373,0.6743679163034002,0.6834415584415585,0.8648648648648649,0.4838709677419355,0.9008061941594815,0.016564952048823134
3,1,44,8,decision_input,0.6952920662598082,0.6192240627724499,0.6260683760683761,0.8513513513513513,0.3870967741935484,0.6890470957799213,-0.01569311246730598
3,1,44,16,decision_input,0.6804707933740193,0.6259808195292067,0.6340584064415336,0.8648648648648649,0.3870967741935484,0.8573163551715716,-0.03051438535309492
3,1,44,32,decision_input,0.7074978204010463,0.6785091543156059,0.6932814021421616,0.9054054054054054,0.45161290322580644,0.9661850211989776,-0.0034873583260679464
3,2,42,16,score_only,0.8050228310502283,0.7785388127853881,0.7840167753960858,0.8904109589041096,0.6666666666666666,0.5315727258534069,0.0
3,2,42,8,activity_raw,0.8246575342465754,0.8118721461187215,0.8118721461187215,0.8904109589041096,0.7333333333333333,0.5289876866867106,0.01963470319634708
3,2,42,16,activity_raw,0.8228310502283106,0.7952054794520548,0.7981090741381298,0.8904109589041096,0.7,0.6084073492455633,0.017808219178082285
3,2,42,32,activity_raw,0.812785388127854,0.730593607305936,0.7190398254228041,0.7945205479452054,0.6666666666666666,1.0929343962538351,0.007762557077625631
3,2,42,8,activity_context,0.828310502283105,0.8118721461187215,0.8118721461187215,0.8904109589041096,0.7333333333333333,0.5322043120603202,0.023287671232876672
3,2,42,16,activity_context,0.8273972602739725,0.8118721461187215,0.8118721461187215,0.8904109589041096,0.7333333333333333,0.6160826465570635,0.02237442922374422
3,2,42,32,activity_context,0.8091324200913242,0.7639269406392694,0.7456243960055836,0.7945205479452054,0.7333333333333333,1.0814814120704777,0.004109589041095929
3,2,42,8,subject_embedding,0.808675799086758,0.7344748858447488,0.7321650650084794,0.8356164383561644,0.6333333333333333,0.5896824872626938,0.0036529680365297024
3,2,42,16,subject_embedding,0.7771689497716896,0.6972602739726027,0.6913086913086912,0.7945205479452054,0.6,0.68982813550707,-0.027853881278538717
3,2,42,32,subject_embedding,0.7954337899543379,0.7207762557077626,0.7141747141747141,0.8082191780821918,0.6333333333333333,0.7526860757904807,-0.009589041095890427
3,2,42,8,structured_embedding,0.7675799086757991,0.760958904109589,0.7506602112676056,0.821917808219178,0.7,1.0676115896122984,-0.037442922374429255
3,2,42,16,structured_embedding,0.771689497716895,0.7207762557077626,0.7141747141747141,0.8082191780821918,0.6333333333333333,1.0848839044400762,-0.033333333333333326
3,2,42,32,structured_embedding,0.7698630136986302,0.7070776255707762,0.6965630114566285,0.7808219178082192,0.6333333333333333,1.079795736716398,-0.03515981735159812
3,2,42,8,decision_input,0.8196347031963469,0.7502283105022831,0.7275997037977362,0.7671232876712328,0.7333333333333333,1.0338657739651078,0.014611872146118587
3,2,42,16,decision_input,0.7899543378995434,0.7296803652968036,0.701077943615257,0.726027397260274,0.7333333333333333,1.4153730511162077,-0.015068493150684925
3,2,42,32,decision_input,0.7831050228310502,0.7296803652968036,0.701077943615257,0.726027397260274,0.7333333333333333,1.4339948155928695,-0.021917808219178103
3,2,43,16,score_only,0.719634703196347,0.621689497716895,0.6302564102564102,0.8767123287671232,0.36666666666666664,0.5918219635025621,0.0
3,2,43,8,activity_raw,0.7109589041095891,0.660958904109589,0.6640260950605779,0.821917808219178,0.5,0.6306153458954739,-0.008675799086757974
3,2,43,16,activity_raw,0.715068493150685,0.6579908675799087,0.6651414810355207,0.8493150684931506,0.4666666666666667,0.6534027082469313,-0.004566210045662045
3,2,43,32,activity_raw,0.7054794520547946,0.660958904109589,0.6640260950605779,0.821917808219178,0.5,0.7258707684745599,-0.014155251141552472
3,2,43,8,activity_context,0.7114155251141553,0.6442922374429223,0.6482985988461085,0.821917808219178,0.4666666666666667,0.6364480028813044,-0.008219178082191747
3,2,43,16,activity_context,0.7013698630136986,0.6442922374429223,0.6482985988461085,0.821917808219178,0.4666666666666667,0.6588254026897225,-0.0182648401826484
3,2,43,32,activity_context,0.7232876712328767,0.6374429223744292,0.6400279589934762,0.8082191780821918,0.4666666666666667,0.6858968650061235,0.0036529680365297024
3,2,43,8,subject_embedding,0.7228310502283104,0.6844748858447489,0.6880242311276794,0.8356164383561644,0.5333333333333333,0.6250961580363893,0.0031963470319633647
3,2,43,16,subject_embedding,0.702283105022831,0.6442922374429223,0.6482985988461085,0.821917808219178,0.4666666666666667,0.6970234707699177,-0.01735159817351606
3,2,43,32,subject_embedding,0.6885844748858447,0.6639269406392694,0.6622950819672131,0.7945205479452054,0.5333333333333333,0.7863733899622645,-0.031050228310502304
3,2,43,8,structured_embedding,0.706392694063927,0.6815068493150684,0.6899458157736303,0.863013698630137,0.5,0.6221394321299859,-0.013242009132420018
3,2,43,16,structured_embedding,0.719634703196347,0.691324200913242,0.6968091369363005,0.8493150684931506,0.5333333333333333,0.6249550856596209,0.0
3,2,43,32,structured_embedding,0.6977168949771689,0.654109589041096,0.6555978323532803,0.8082191780821918,0.5,0.7632514748164233,-0.021917808219178103
3,2,43,8,decision_input,0.7287671232876712,0.6776255707762557,0.6793497059840885,0.821917808219178,0.5333333333333333,0.6090454414514517,0.0091324200913242
3,2,43,16,decision_input,0.6986301369863014,0.6442922374429223,0.6482985988461085,0.821917808219178,0.4666666666666667,0.6913208545968514,-0.02100456621004565
3,2,43,32,decision_input,0.6867579908675799,0.6678082191780822,0.6725538678912045,0.8356164383561644,0.5,0.7829919128977104,-0.0328767123287671
3,2,44,16,score_only,0.7835616438356164,0.7550228310502283,0.7600186393289842,0.8767123287671232,0.6333333333333333,0.5717248782996764,0.0
3,2,44,8,activity_raw,0.7808219178082191,0.7148401826484019,0.7210644059813964,0.863013698630137,0.5666666666666667,0.6003646888483624,-0.00273972602739736
3,2,44,16,activity_raw,0.8082191780821918,0.7050228310502282,0.71475015051174,0.8767123287671232,0.5333333333333333,0.5736715800339046,0.024657534246575352
3,2,44,32,activity_raw,0.7863013698630137,0.6981735159817352,0.7057142857142857,0.863013698630137,0.5333333333333333,0.6749293398483042,0.002739726027397249
3,2,44,8,activity_context,0.7904109589041095,0.7148401826484019,0.7210644059813964,0.863013698630137,0.5666666666666667,0.6034652670411706,0.006849315068493067
3,2,44,16,activity_context,0.7867579908675799,0.6883561643835616,0.6988304093567251,0.8767123287671232,0.5,0.5993693071276034,0.0031963470319634757
3,2,44,32,activity_context,0.7940639269406392,0.6648401826484018,0.6737329434697856,0.863013698630137,0.4666666666666667,0.6667104923094587,0.01050228310502277
3,2,44,8,subject_embedding,0.7538812785388128,0.7413242009132419,0.7413242009132419,0.8493150684931506,0.6333333333333333,0.6185830746613361,-0.029680365296803624
3,2,44,16,subject_embedding,0.7146118721461187,0.7011415525114155,0.7031015796148968,0.8356164383561644,0.5666666666666667,0.7667791548760337,-0.06894977168949779
3,2,44,32,subject_embedding,0.6849315068493151,0.7002283105022831,0.687878787878788,0.7671232876712328,0.6333333333333333,1.0449195745642446,-0.0986301369863013
3,2,44,8,structured_embedding,0.7863013698630137,0.7246575342465753,0.7268534532457052,0.8493150684931506,0.6,0.6037099572115203,0.002739726027397249
3,2,44,16,structured_embedding,0.8050228310502283,0.6746575342465753,0.6811904761904761,0.8493150684931506,0.5,0.6358029881126975,0.021461187214611877
3,2,44,32,structured_embedding,0.823744292237443,0.7050228310502282,0.71475015051174,0.8767123287671232,0.5333333333333333,0.5663197151240025,0.040182648401826615
3,2,44,8,decision_input,0.7639269406392695,0.7413242009132419,0.7413242009132419,0.8493150684931506,0.6333333333333333,0.6090250920527176,-0.01963470319634697
3,2,44,16,decision_input,0.7698630136986301,0.7011415525114155,0.7031015796148968,0.8356164383561644,0.5666666666666667,0.6908170252312531,-0.013698630136986356
3,2,44,32,decision_input,0.7456621004566211,0.7413242009132419,0.7413242009132419,0.8493150684931506,0.6333333333333333,0.8910549854918817,-0.03789954337899537
4,0,42,16,score_only,0.7493461203138624,0.6514821272885789,0.6590909090909092,0.8513513513513513,0.45161290322580644,0.6950956837616731,0.0
4,0,42,8,activity_raw,0.7523975588491718,0.6743679163034002,0.6834415584415585,0.8648648648648649,0.4838709677419355,0.6970363707488447,0.0030514385353094253
4,0,42,16,activity_raw,0.7397558849171751,0.6837401918047079,0.6903357531760436,0.8513513513513513,0.5161290322580645,0.7757107127753456,-0.009590235396687241
4,0,42,32,activity_raw,0.7388840453356582,0.6660854402789886,0.6628852739726028,0.7837837837837838,0.5483870967741935,1.2183098127594945,-0.010462074978204172
4,0,42,8,activity_context,0.7510897994768962,0.6676111595466434,0.6749226006191951,0.8513513513513513,0.4838709677419355,0.7019825924109381,0.0017436791630338622
4,0,42,16,activity_context,0.7419354838709677,0.6769834350479511,0.6817824671680324,0.8378378378378378,0.5161290322580645,0.7698251268647059,-0.007410636442894636
4,0,42,32,activity_context,0.7109851787271142,0.6957279860505667,0.6938775510204082,0.8108108108108109,0.5806451612903226,1.2321268534078655,-0.03836094158674819
4,0,42,8,subject_embedding,0.7393199651264167,0.6837401918047079,0.6903357531760436,0.8513513513513513,0.5161290322580645,0.7658909244357802,-0.010026155187445651
4,0,42,16,subject_embedding,0.7066259808195292,0.6676111595466434,0.6749226006191951,0.8513513513513513,0.4838709677419355,0.8993597767997619,-0.042720139494333176
4,0,42,32,subject_embedding,0.6961639058413251,0.6421098517872712,0.6509971509971509,0.8648648648648649,0.41935483870967744,1.0565949319668595,-0.05318221447253724
4,0,42,8,structured_embedding,0.7510897994768962,0.6998692240627724,0.7053541362666966,0.8513513513513513,0.5483870967741935,0.7687340904217782,0.0017436791630338622
4,0,42,16,structured_embedding,0.7170880557977332,0.6473408892763732,0.65,0.8108108108108109,0.4838709677419355,0.9107995181327563,-0.032258064516129226
4,0,42,32,structured_embedding,0.7105492589363557,0.6540976460331299,0.6582107980693681,0.8243243243243243,0.4838709677419355,1.059532868399754,-0.03879686137750671
4,0,42,8,decision_input,0.7406277244986923,0.7092414995640802,0.7111893497634503,0.8378378378378378,0.5806451612903226,0.8706487652301191,-0.008718395815170088
4,0,42,16,decision_input,0.7423714036617263,0.6676111595466434,0.6749226006191951,0.8513513513513513,0.4838709677419355,0.9195293835669728,-0.006974716652136115
4,0,42,32,decision_input,0.7061900610287707,0.6567131647776809,0.6567131647776809,0.7972972972972973,0.5161290322580645,1.2021848969768334,-0.0431560592850917
4,0,43,16,score_only,0.7441150828247602,0.6582388840453357,0.6674486803519062,0.8648648648648649,0.45161290322580644,0.7323341697522088,0.0
4,0,43,8,activity_raw,0.7454228421970357,0.6582388840453357,0.6674486803519062,0.8648648648648649,0.45161290322580644,0.7440855880322372,0.0013077593722754521
4,0,43,16,activity_raw,0.7471665213600697,0.6837401918047079,0.6903357531760436,0.8513513513513513,0.5161290322580645,0.7979388643008309,0.0030514385353094253
4,0,43,32,activity_raw,0.7537053182214473,0.6743679163034002,0.6834415584415585,0.8648648648648649,0.4838709677419355,0.8354018116503346,0.009590235396687019
4,0,43,8,activity_context,0.7484742807323452,0.6582388840453357,0.6674486803519062,0.8648648648648649,0.45161290322580644,0.7442160292559935,0.0043591979075849885
4,0,43,16,activity_context,0.7602441150828246,0.6649956408020924,0.6759259259259259,0.8783783783783784,0.45161290322580644,0.7645677069974471,0.01612903225806439
4,0,43,32,activity_context,0.7698343504795118,0.6649956408020924,0.6759259259259259,0.8783783783783784,0.45161290322580644,0.8323238532811009,0.02571926765475152
4,0,43,8,subject_embedding,0.7462946817785526,0.6837401918047079,0.6903357531760436,0.8513513513513513,0.5161290322580645,0.7575037926799564,0.0021795989537923832
4,0,43,16,subject_embedding,0.7035745422842197,0.6514821272885789,0.6590909090909092,0.8513513513513513,0.45161290322580644,0.9711724405322725,-0.04054054054054057
4,0,43,32,subject_embedding,0.7009590235396687,0.6473408892763732,0.65,0.8108108108108109,0.4838709677419355,1.1198165181808786,-0.043156059285091586
4,0,43,8,structured_embedding,0.7462946817785527,0.6514821272885789,0.6590909090909092,0.8513513513513513,0.45161290322580644,0.7747212036198184,0.0021795989537924942
4,0,43,16,structured_embedding,0.7258064516129032,0.6676111595466434,0.6749226006191951,0.8513513513513513,0.4838709677419355,0.840764064584513,-0.018308631211856996
4,0,43,32,structured_embedding,0.6965998256320837,0.6150828247602441,0.6188747731397459,0.8108108108108109,0.41935483870967744,1.0951559142936742,-0.047515257192676574
4,0,43,8,decision_input,0.7323452484742806,0.6608544027898866,0.6665154264972777,0.8378378378378378,0.4838709677419355,0.9062982684711063,-0.011769834350479624
4,0,43,16,decision_input,0.7471665213600697,0.6540976460331299,0.6582107980693681,0.8243243243243243,0.4838709677419355,0.8861825252317989,0.0030514385353094253
4,0,43,32,decision_input,0.7157802964254577,0.6634699215344377,0.6649796457256023,0.8108108108108109,0.5161290322580645,1.2519271831907515,-0.028334786399302536
4,0,44,16,score_only,0.7689625108979947,0.6717523975588492,0.684533109001322,0.8918918918918919,0.45161290322580644,0.5445195745514293,0.0
4,0,44,8,activity_raw,0.7946817785527464,0.6837401918047079,0.6903357531760436,0.8513513513513513,0.5161290322580645,0.5463220784399457,0.025719267654751632
4,0,44,16,activity_raw,0.7750653879686138,0.6837401918047079,0.6903357531760436,0.8513513513513513,0.5161290322580645,0.5875750552818426,0.006102877070619073
4,0,44,32,activity_raw,0.7959895379250217,0.6676111595466434,0.6749226006191951,0.8513513513513513,0.4838709677419355,0.5890450402695694,0.027027027027026973
4,0,44,8,activity_context,0.7911944202266783,0.7066259808195292,0.7141560798548094,0.8648648648648649,0.5483870967741935,0.5405711139919815,0.022231909328683575
4,0,44,16,activity_context,0.7768090671316478,0.6353530950305144,0.6428152492668622,0.8513513513513513,0.41935483870967744,0.5793068568272932,0.007846556233653046
4,0,44,32,activity_context,0.7824760244115083,0.6998692240627724,0.7053541362666966,0.8513513513513513,0.5483870967741935,0.5981103567160658,0.013513513513513598
4,0,44,8,subject_embedding,0.7693984306887532,0.713382737576286,0.7230822153422772,0.8783783783783784,0.5483870967741935,0.5545375655274345,0.00043591979075852105
4,0,44,16,subject_embedding,0.7131647776809067,0.6447253705318221,0.6508427932576539,0.8378378378378378,0.45161290322580644,0.7244466111051928,-0.05579773321708803
4,0,44,32,subject_embedding,0.6822144725370533,0.6270706190061028,0.6258503401360545,0.7702702702702703,0.4838709677419355,1.0064433044341017,-0.08674803836094147
4,0,44,8,structured_embedding,0.7772449869224063,0.6743679163034002,0.6834415584415585,0.8648648648648649,0.4838709677419355,0.5525214043330697,0.008282476024411567
4,0,44,16,structured_embedding,0.7606800348735833,0.6931124673060156,0.6966666666666667,0.8378378378378378,0.5483870967741935,0.5809323674038303,-0.008282476024411456
4,0,44,32,structured_embedding,0.7772449869224063,0.6743679163034002,0.6834415584415585,0.8648648648648649,0.4838709677419355,0.6307177642156734,0.008282476024411567
4,0,44,8,decision_input,0.7632955536181343,0.6972537053182215,0.7077922077922078,0.8783783783783784,0.5161290322580645,0.5576121027799054,-0.005666957279860441
4,0,44,16,decision_input,0.7746294681778553,0.7092414995640802,0.7111893497634503,0.8378378378378378,0.5806451612903226,0.5970552824435704,0.005666957279860552
4,0,44,32,decision_input,0.7236268526591108,0.6312118570183086,0.6346391289707037,0.8108108108108109,0.45161290322580644,0.9168859108940407,-0.04533565823888397
4,1,42,16,score_only,0.6970357454228423,0.6634699215344377,0.6649796457256023,0.8108108108108109,0.5161290322580645,0.8548277081285226,0.0
4,1,42,8,activity_raw,0.6931124673060157,0.6608544027898866,0.6665154264972777,0.8378378378378378,0.4838709677419355,0.9260484123603053,-0.0039232781168265785
4,1,42,16,activity_raw,0.7162162162162162,0.6676111595466434,0.6749226006191951,0.8513513513513513,0.4838709677419355,0.9479297388244818,0.019180470793373927
4,1,42,32,activity_raw,0.6983435047951176,0.6551874455100262,0.6438482886216466,0.7297297297297297,0.5806451612903226,2.050171171095369,0.0013077593722753411
4,1,42,8,activity_context,0.6896251089799478,0.6608544027898866,0.6665154264972777,0.8378378378378378,0.4838709677419355,0.8996690494186179,-0.007410636442894525
4,1,42,16,activity_context,0.7136006974716652,0.6608544027898866,0.6665154264972777,0.8378378378378378,0.4838709677419355,0.9732983237807891,0.016564952048822912
4,1,42,32,activity_context,0.7018308631211856,0.6645597210113339,0.6489005978315938,0.7162162162162162,0.6129032258064516,2.171709244047193,0.0047951176983432875
4,1,42,8,subject_embedding,0.6752397558849172,0.6525719267654752,0.6464646464646464,0.7567567567567568,0.5483870967741935,1.089651703055797,-0.021795989537925053
4,1,42,16,subject_embedding,0.6416739319965127,0.6000435919790759,0.594509967644296,0.7162162162162162,0.4838709677419355,1.5082436101552852,-0.05536181342632962
4,1,42,32,subject_embedding,0.6381865736704446,0.6000435919790759,0.594509967644296,0.7162162162162162,0.4838709677419355,1.7382232533204995,-0.05884917175239768
4,1,42,8,structured_embedding,0.6957279860505666,0.6795989537925022,0.6795989537925022,0.8108108108108109,0.5483870967741935,1.4063314619773013,-0.0013077593722756742
4,1,42,16,structured_embedding,0.6996512641673932,0.6660854402789886,0.6628852739726028,0.7837837837837838,0.5483870967741935,1.361989792796007,0.0026155187445509043
4,1,42,32,structured_embedding,0.6809067131647776,0.6458151700087184,0.6383467278989667,0.7432432432432432,0.5483870967741935,1.4798936349381477,-0.016129032258064724
4,1,42,8,decision_input,0.6965998256320838,0.6525719267654752,0.6464646464646464,0.7567567567567568,0.5483870967741935,1.269566900258462,-0.00043591979075852105
4,1,42,16,decision_input,0.6848299912816042,0.6687009590235398,0.660265108026302,0.7567567567567568,0.5806451612903226,1.6689711436050998,-0.012205754141238145
4,1,42,32,decision_input,0.6996512641673932,0.6578029642545772,0.6407004830917875,0.7027027027027027,0.6129032258064516,2.1833095554852706,0.0026155187445509043
4,1,43,16,score_only,0.6765475152571927,0.5948125544899738,0.5956650896688305,0.7702702702702703,0.41935483870967744,0.8667322430403126,0.0
4,1,43,8,activity_raw,0.7166521360069747,0.6338273757628596,0.6338273757628596,0.7837837837837838,0.4838709677419355,0.8844602639080816,0.04010462074978205
4,1,43,16,activity_raw,0.6865736704446381,0.5786835222319093,0.5800000000000001,0.7702702702702703,0.3870967741935484,1.2195122851220157,0.010026155187445429
4,1,43,32,activity_raw,0.6918047079337403,0.6739319965126417,0.6535346465353464,0.7027027027027027,0.6451612903225806,2.3679538428542437,0.01525719267654757
4,1,43,8,activity_context,0.7061900610287707,0.6176983435047951,0.6187699416877545,0.7837837837837838,0.45161290322580644,0.8801201796526588,0.02964254577157799
4,1,43,16,activity_context,0.6839581517000871,0.5974280732345248,0.5954623287671232,0.7432432432432432,0.45161290322580644,1.1654545165751402,0.007410636442894414
4,1,43,32,activity_context,0.6852659110723627,0.6551874455100262,0.6438482886216466,0.7297297297297297,0.5806451612903226,2.171158806840677,0.008718395815169977
4,1,43,8,subject_embedding,0.6748038360941587,0.6458151700087184,0.6383467278989667,0.7432432432432432,0.5483870967741935,1.024683711902718,-0.0017436791630339732
4,1,43,16,subject_embedding,0.6817785527462947,0.6578029642545772,0.6407004830917875,0.7027027027027027,0.6129032258064516,1.3365488203354292,0.005231037489102031
4,1,43,32,subject_embedding,0.6704446381865736,0.6671752397558849,0.6452702702702703,0.6891891891891891,0.6451612903225806,1.640998231832861,-0.006102877070619073
4,1,43,8,structured_embedding,0.6883173496076721,0.6203138622493461,0.6179366438356164,0.7567567567567568,0.4838709677419355,1.0969748091615106,0.011769834350479402
4,1,43,16,structured_embedding,0.6795989537925021,0.6525719267654752,0.6464646464646464,0.7567567567567568,0.5483870967741935,1.400553548007624,0.0030514385353094253
4,1,43,32,structured_embedding,0.6726242371403661,0.6484306887532694,0.6357142857142857,0.7162162162162162,0.5806451612903226,1.4706146212954412,-0.0039232781168265785
4,1,43,8,decision_input,0.6922406277244987,0.6593286835222318,0.6546419098143237,0.7702702702702703,0.5483870967741935,1.1151294613230927,0.01569311246730598
4,1,43,16,decision_input,0.6935483870967742,0.6645597210113339,0.6489005978315938,0.7162162162162162,0.6129032258064516,1.777866307551541,0.017000871839581544
4,1,43,32,decision_input,0.7074978204010461,0.7223190932868353,0.6906912804399057,0.7027027027027027,0.7419354838709677,2.0812669076794235,0.03095030514385344
4,1,44,16,score_only,0.6299040976460333,0.5854402789886661,0.5874957907733753,0.7837837837837838,0.3870967741935484,0.8045207910243368,0.0
4,1,44,8,activity_raw,0.6259808195292067,0.6109415867480383,0.6109415867480383,0.7702702702702703,0.45161290322580644,0.8564587732799531,-0.0039232781168265785
4,1,44,16,activity_raw,0.6822144725370531,0.6379686137750654,0.6426950998185118,0.8243243243243243,0.45161290322580644,0.844037637310742,0.05231037489101986
4,1,44,32,activity_raw,0.6717523975588491,0.6057105492589363,0.6103896103896104,0.8243243243243243,0.3870967741935484,0.9786867522074221,0.0418482999128158
4,1,44,8,activity_context,0.6560592850915432,0.6150828247602441,0.6188747731397459,0.8108108108108109,0.41935483870967744,0.828965823846554,0.02615518744550993
4,1,44,16,activity_context,0.6870095902353968,0.6379686137750654,0.6426950998185118,0.8243243243243243,0.45161290322580644,0.851287556656067,0.05710549258936348
4,1,44,32,activity_context,0.6717523975588492,0.6015693112467306,0.6033333333333333,0.7837837837837838,0.41935483870967744,1.0393763871145973,0.04184829991281591
4,1,44,8,subject_embedding,0.6394943330427201,0.5854402789886661,0.5874957907733753,0.7837837837837838,0.3870967741935484,0.8404926589010213,0.009590235396686797
4,1,44,16,subject_embedding,0.6381865736704446,0.6015693112467306,0.6033333333333333,0.7837837837837838,0.41935483870967744,0.8714293606431518,0.008282476024411345
4,1,44,32,subject_embedding,0.6089799476896252,0.6015693112467306,0.6033333333333333,0.7837837837837838,0.41935483870967744,1.1830707960369045,-0.020924149956408122
4,1,44,8,structured_embedding,0.6277244986922406,0.5854402789886661,0.5874957907733753,0.7837837837837838,0.3870967741935484,0.9171983764523269,-0.0021795989537927163
4,1,44,16,structured_embedding,0.6024411508282476,0.5948125544899738,0.5956650896688305,0.7702702702702703,0.41935483870967744,1.1054558058781494,-0.027462946817785716
4,1,44,32,structured_embedding,0.59590235396687,0.5839145597210114,0.5801767676767677,0.7162162162162162,0.45161290322580644,1.2416207048336272,-0.03400174367916331
4,1,44,8,decision_input,0.6421098517872711,0.5719267654751525,0.5725602376499065,0.7567567567567568,0.3870967741935484,0.9143124999010546,0.012205754141237812
4,1,44,16,decision_input,0.6364428945074107,0.6312118570183086,0.6346391289707037,0.8108108108108109,0.45161290322580644,0.9851445205557237,0.006538796861377372
4,1,44,32,decision_input,0.6534437663469921,0.590671316477768,0.5877984084880636,0.7297297297297297,0.45161290322580644,1.4313340843332694,0.023539668700958805
4,2,42,16,score_only,0.8045662100456621,0.6678082191780822,0.6725538678912045,0.8356164383561644,0.5,0.5238558569889408,0.0
4,2,42,8,activity_raw,0.8004566210045663,0.6678082191780822,0.6725538678912045,0.8356164383561644,0.5,0.5489601544262126,-0.004109589041095818
4,2,42,16,activity_raw,0.7949771689497717,0.6746575342465753,0.6811904761904761,0.8493150684931506,0.5,0.5707703450935052,-0.009589041095890427
4,2,42,32,activity_raw,0.7762557077625571,0.6668949771689497,0.6599911971830985,0.7671232876712328,0.5666666666666667,0.8906293730820595,-0.028310502283104944
4,2,42,8,activity_context,0.7972602739726027,0.660958904109589,0.6640260950605779,0.821917808219178,0.5,0.5512047038999232,-0.007305936073059405
4,2,42,16,activity_context,0.8027397260273973,0.6883561643835616,0.6988304093567251,0.8767123287671232,0.5,0.5530094236982322,-0.0018264840182647957
4,2,42,32,activity_context,0.7831050228310502,0.6737442922374429,0.6684426684426684,0.7808219178082192,0.5666666666666667,0.8383138188708414,-0.021461187214611877
4,2,42,8,subject_embedding,0.8091324200913242,0.7178082191780821,0.7178082191780821,0.8356164383561644,0.6,0.5442684950679227,0.004566210045662156
4,2,42,16,subject_embedding,0.7844748858447489,0.6933789954337899,0.6792655427896488,0.7534246575342466,0.6333333333333333,0.6477414603458787,-0.020091324200913196
4,2,42,32,subject_embedding,0.7735159817351598,0.6531963470319635,0.6432900432900432,0.7397260273972602,0.5666666666666667,0.8029793586228028,-0.031050228310502304
4,2,42,8,structured_embedding,0.7442922374429224,0.6207762557077625,0.6240433298010126,0.8082191780821918,0.43333333333333335,0.7798899867473978,-0.0602739726027397
4,2,42,16,structured_embedding,0.7885844748858448,0.7404109589041096,0.7235047782669387,0.7808219178082192,0.7,0.7702801921249982,-0.015981735159817267
4,2,42,32,structured_embedding,0.7840182648401827,0.713013698630137,0.6883672404799166,0.726027397260274,0.7,0.8540024593488282,-0.020547945205479423
4,2,42,8,decision_input,0.7730593607305937,0.6639269406392694,0.6622950819672131,0.7945205479452054,0.5333333333333333,0.7104942256913783,-0.03150684931506842
4,2,42,16,decision_input,0.7657534246575343,0.7168949771689497,0.7013851605282937,0.7671232876712328,0.6666666666666666,0.8194570054564395,-0.038812785388127824
4,2,42,32,decision_input,0.7684931506849315,0.6748858447488584,0.6321428571428571,0.6164383561643836,0.7333333333333333,1.1863929411124918,-0.036073059360730575
4,2,43,16,score_only,0.7949771689497717,0.6589041095890411,0.6740506329113924,0.9178082191780822,0.4,0.4952099424708959,0.0
4,2,43,8,activity_raw,0.7716894977168949,0.6815068493150684,0.6899458157736303,0.863013698630137,0.5,0.5460957259505519,-0.023287671232876783
4,2,43,16,activity_raw,0.7648401826484018,0.6952054794520548,0.7078554692317178,0.8904109589041096,0.5,0.553662136440101,-0.03013698630136985
4,2,43,32,activity_raw,0.7730593607305937,0.6785388127853882,0.6913086913086912,0.8904109589041096,0.4666666666666667,0.5654792107665166,-0.021917808219177992
4,2,43,8,activity_context,0.7762557077625571,0.6883561643835616,0.6988304093567251,0.8767123287671232,0.5,0.5416583518068315,-0.018721461187214516
4,2,43,16,activity_context,0.7634703196347032,0.6952054794520548,0.7078554692317178,0.8904109589041096,0.5,0.5504628100125798,-0.03150684931506842
4,2,43,32,activity_context,0.7789954337899543,0.6383561643835616,0.6481973434535104,0.8767123287671232,0.4,0.5804316209487947,-0.01598173515981738
4,2,43,8,subject_embedding,0.7547945205479453,0.721689497716895,0.7302380952380952,0.8767123287671232,0.5666666666666667,0.5788442042357677,-0.04018264840182639
4,2,43,16,subject_embedding,0.7388127853881279,0.6481735159817352,0.6570477247502775,0.863013698630137,0.43333333333333335,0.6756761599660883,-0.05616438356164377
4,2,43,32,subject_embedding,0.7050228310502283,0.6570776255707762,0.6538978494623655,0.7808219178082192,0.5333333333333333,0.8578649584742942,-0.08995433789954332
4,2,43,8,structured_embedding,0.7780821917808219,0.7118721461187214,0.7239278752436646,0.8904109589041096,0.5333333333333333,0.5187750017134491,-0.01689497716894972
4,2,43,16,structured_embedding,0.7616438356164384,0.6785388127853882,0.6913086913086912,0.8904109589041096,0.4666666666666667,0.5657759681225415,-0.033333333333333215
4,2,43,32,structured_embedding,0.7570776255707763,0.671689497716895,0.6824515969909977,0.8767123287671232,0.4666666666666667,0.6058680775154274,-0.03789954337899537
4,2,43,8,decision_input,0.7625570776255708,0.6883561643835616,0.6988304093567251,0.8767123287671232,0.5,0.5553157216834906,-0.03242009132420087
4,2,43,16,decision_input,0.7648401826484019,0.721689497716895,0.7302380952380952,0.8767123287671232,0.5666666666666667,0.5676285169669616,-0.03013698630136974
4,2,43,32,decision_input,0.726027397260274,0.6874429223744292,0.6855850763143019,0.8082191780821918,0.5666666666666667,0.8794961844661997,-0.06894977168949767
4,2,44,16,score_only,0.7821917808219178,0.7315068493150685,0.7360205032618825,0.863013698630137,0.6,0.541010790693164,0.0
4,2,44,8,activity_raw,0.7885844748858447,0.7452054794520548,0.7547619047619047,0.8904109589041096,0.6,0.5420219573900179,0.006392694063926951
4,2,44,16,activity_raw,0.7808219178082192,0.7050228310502282,0.71475015051174,0.8767123287671232,0.5333333333333333,0.6263763732588411,-0.001369863013698569
4,2,44,32,activity_raw,0.7867579908675799,0.6981735159817352,0.7057142857142857,0.863013698630137,0.5333333333333333,0.7077326133088251,0.004566210045662156
4,2,44,8,activity_context,0.7885844748858447,0.7452054794520548,0.7547619047619047,0.8904109589041096,0.6,0.546503699856707,0.006392694063926951
4,2,44,16,activity_context,0.7726027397260273,0.7383561643835617,0.7453196750264923,0.8767123287671232,0.6,0.6035537362039474,-0.009589041095890427
4,2,44,32,activity_context,0.7552511415525114,0.7118721461187214,0.7239278752436646,0.8904109589041096,0.5333333333333333,0.7183503044304752,-0.026940639269406375
4,2,44,8,subject_embedding,0.7831050228310502,0.7178082191780821,0.7178082191780821,0.8356164383561644,0.6,0.5725187511442651,0.0009132420091324533
4,2,44,16,subject_embedding,0.7515981735159818,0.7178082191780821,0.7178082191780821,0.8356164383561644,0.6,0.7175880992318765,-0.030593607305935966
4,2,44,32,subject_embedding,0.7251141552511415,0.680593607305936,0.6769713261648745,0.7945205479452054,0.5666666666666667,1.0322962628703551,-0.057077625570776225
4,2,44,8,structured_embedding,0.7552511415525114,0.7315068493150685,0.7360205032618825,0.863013698630137,0.6,0.637168254905481,-0.026940639269406375
4,2,44,16,structured_embedding,0.7310502283105023,0.7452054794520548,0.7547619047619047,0.8904109589041096,0.6,0.764018673880973,-0.0511415525114155
4,2,44,32,structured_embedding,0.7319634703196347,0.6904109589041096,0.6826584507042254,0.7808219178082192,0.6,0.9817934217965599,-0.05022831050228305
4,2,44,8,decision_input,0.7794520547945206,0.7178082191780821,0.7178082191780821,0.8356164383561644,0.6,0.6250361183197811,-0.002739726027397138
4,2,44,16,decision_input,0.7611872146118722,0.7511415525114156,0.7461917562724014,0.8356164383561644,0.6666666666666666,0.699795793288181,-0.02100456621004554
4,2,44,32,decision_input,0.7593607305936074,0.7276255707762557,0.7231182795698925,0.821917808219178,0.6333333333333333,1.1573185572746552,-0.022831050228310334
