outer,inner,seed,pca_k,stage,increment_r2,increment_mae,increment_spearman,corrected_auroc,corrected_auroc_delta,true_increment_sd,pred_increment_sd
0,0,42,8,activity_raw,0.47770948600332164,0.6546416115516519,0.6333920796184948,0.6922406277244987,0.013949433304272008,1.1470326502029364,0.7673070430755615
0,0,42,16,activity_raw,0.869922168752283,0.3243397999229137,0.954644412191582,0.7244986922406278,0.04620749782040112,1.1470326502029364,0.8461195230484009
0,0,42,32,activity_raw,0.8582350017886964,0.3478244597551005,0.9337860252954592,0.7223190932868352,0.04402789886660852,1.1470326502029364,0.8531156182289124
0,0,42,8,activity_context,0.37177439849671856,0.722632382829782,0.5433340244661,0.6913687881429816,0.013077593722754965,1.1470326502029364,0.6712291836738586
0,0,42,16,activity_context,0.8627010692673366,0.3343631892707921,0.9382956665975534,0.7118570183086312,0.03356582388840457,1.1470326502029364,0.8413558006286621
0,0,42,32,activity_context,0.853475739910781,0.34932271474835486,0.9272651876425461,0.7197035745422843,0.04141238012205761,1.1470326502029364,0.846887469291687
0,0,42,8,subject_embedding,0.376036600486906,0.7282080360870832,0.5381712626995646,0.7035745422842197,0.025283347863993,1.1470326502029364,0.5777273774147034
0,0,42,16,subject_embedding,0.41464813251808685,0.7104071955414256,0.5609475430230147,0.6974716652136007,0.019180470793374038,1.1470326502029364,0.6076655983924866
0,0,42,32,subject_embedding,0.39306075793698547,0.72770800359472,0.5625958946713664,0.7048823016564952,0.026591107236268563,1.1470326502029364,0.7102229595184326
0,0,42,8,structured_embedding,0.3031933021576232,0.7702090423102332,0.4694588430437487,0.7031386224934612,0.02484742807323448,1.1470326502029364,0.7035792469978333
0,0,42,16,structured_embedding,0.33721910978974,0.7624129995786475,0.5169811320754717,0.7066259808195292,0.028334786399302536,1.1470326502029364,0.7252243161201477
0,0,42,32,structured_embedding,0.5123776877858122,0.6390053582107247,0.6611548828529961,0.7140366172624236,0.03574542284219695,1.1470326502029364,0.8933109641075134
0,0,42,8,decision_input,0.37446994529408706,0.7335001929310644,0.5259174787476675,0.7035745422842197,0.025283347863993,1.1470326502029364,0.6943853497505188
0,0,42,16,decision_input,0.424603008507179,0.7009743868137548,0.5649492017416545,0.7088055797733217,0.03051438535309503,1.1470326502029364,0.7044143676757812
0,0,42,32,decision_input,0.48657044451574527,0.6902630976681464,0.6331536388140161,0.7022667829119442,0.023975588491717548,1.1470326502029364,0.8065487742424011
0,0,43,8,activity_raw,0.7279075954995313,0.4874498588103861,0.8289964752228903,0.7593722755013077,0.028770706190060946,1.2164742462403721,0.8307490944862366
0,0,43,16,activity_raw,0.8168493120972297,0.3924741963266951,0.9290586771718846,0.7489102005231038,0.018308631211856996,1.2164742462403721,0.8095624446868896
0,0,43,32,activity_raw,0.8051304398071139,0.4086022778539584,0.9154260833506116,0.7615518744551003,0.03095030514385355,1.2164742462403721,0.8228635191917419
0,0,43,8,activity_context,0.7288169784706029,0.47454692024621065,0.8561476259589467,0.7428073234524848,0.012205754141238034,1.2164742462403721,0.8116785883903503
0,0,43,16,activity_context,0.7736542031279711,0.4324049256785258,0.8840866680489322,0.7441150828247602,0.013513513513513487,1.2164742462403721,0.8209085464477539
0,0,43,32,activity_context,0.7914731469658067,0.41378869695250403,0.9081173543437694,0.7419354838709677,0.011333914559720992,1.2164742462403721,0.8231034278869629
0,0,43,8,subject_embedding,0.30394764540890395,0.7684292021785677,0.6252643582832262,0.7510897994768962,0.02048823016564949,1.2164742462403721,0.956020712852478
0,0,43,16,subject_embedding,0.39650847341365847,0.7155045301890469,0.6297947335683185,0.7445510026155187,0.013949433304271897,1.2164742462403721,0.9480087757110596
0,0,43,32,subject_embedding,0.5335064216121745,0.6431047273731428,0.6821895086046029,0.7458587619877943,0.01525719267654757,1.2164742462403721,1.0386499166488647
0,0,43,8,structured_embedding,0.4564390257992256,0.6835826866601243,0.6001658718639851,0.7685265911072363,0.037925021795989555,1.2164742462403721,0.8176931738853455
0,0,43,16,structured_embedding,0.610828573730414,0.596418270250751,0.7192722371967654,0.7454228421970357,0.014821272885788939,1.2164742462403721,1.0229816436767578
0,0,43,32,structured_embedding,0.7194178739983319,0.4957283275070561,0.8234397677793904,0.7545771578029643,0.023975588491717548,1.2164742462403721,0.994318962097168
0,0,43,8,decision_input,0.4781550889752,0.6860180987850184,0.6342421729214183,0.7449869224062773,0.014385353095030529,1.2164742462403721,0.9840084314346313
0,0,43,16,decision_input,0.5736036325029779,0.6231492120891059,0.7153535144101181,0.7476024411508283,0.017000871839581544,1.2164742462403721,1.0282655954360962
0,0,43,32,decision_input,0.6466579997272526,0.5442890034710413,0.7727140783744557,0.7449869224062773,0.014385353095030529,1.2164742462403721,1.0712414979934692
0,0,44,8,activity_raw,0.3846808193811305,0.4200089425301469,0.6844287787684015,0.7157802964254577,0.0204882301656496,0.6622536626051502,0.543485701084137
0,0,44,16,activity_raw,0.7321099943733098,0.27743971271000467,0.8640265394982376,0.7288578901482128,0.03356582388840468,0.6622536626051502,0.5767185688018799
0,0,44,32,activity_raw,0.7433408719122032,0.27128549760717785,0.8751606883682355,0.7284219703574542,0.033129904097646046,0.6622536626051502,0.5784891247749329
0,0,44,8,activity_context,0.37456757886677927,0.423230884265169,0.6675513166079203,0.7162162162162162,0.020924149956408122,0.6622536626051502,0.5313303470611572
0,0,44,16,activity_context,0.6272234703795818,0.32839506690537473,0.8145034211071946,0.7310374891020052,0.03574542284219706,0.6622536626051502,0.5467093586921692
0,0,44,32,activity_context,0.6952475587544578,0.2961015437583807,0.8492121086460709,0.7323452484742807,0.037053182214472624,0.6622536626051502,0.5616468787193298
0,0,44,8,subject_embedding,0.18406947445019473,0.4697530073813184,0.49354136429608125,0.6961639058413251,0.0008718395815170421,0.6622536626051502,0.46440115571022034
0,0,44,16,subject_embedding,0.15507457840351457,0.4729896133775684,0.48232427949409085,0.6900610287707062,-0.00523103748910192,0.6622536626051502,0.5218027234077454
0,0,44,32,subject_embedding,0.09648434925844462,0.49197174090719364,0.5110201119635082,0.6900610287707062,-0.00523103748910192,0.6622536626051502,0.6061022877693176
0,0,44,8,structured_embedding,0.2510436452299418,0.4404249404236021,0.6192204022392701,0.7149084568439407,0.01961639058413256,0.6622536626051502,0.5582771897315979
0,0,44,16,structured_embedding,0.27764120773053214,0.4184905636618277,0.715944432925565,0.7197035745422843,0.02441150828247618,0.6622536626051502,0.6685798168182373
0,0,44,32,structured_embedding,0.2492619812785769,0.4521275920396294,0.6771615177275554,0.7310374891020053,0.03574542284219717,0.6622536626051502,0.7091536521911621
0,0,44,8,decision_input,0.28251704886345597,0.439976956968423,0.6216981132075472,0.7000871839581516,0.0047951176983435095,0.6622536626051502,0.5293604135513306
0,0,44,16,decision_input,0.3054235923529195,0.4389109468540656,0.6650114036906489,0.7088055797733217,0.013513513513513598,0.6622536626051502,0.6536729335784912
0,0,44,32,decision_input,0.1365781456724866,0.4835539341323405,0.6457287995023844,0.7070619006102877,0.011769834350479624,0.6622536626051502,0.7280741333961487
0,1,42,8,activity_raw,0.8921287180277908,1.25298153756941,0.9499406932302422,0.7589041095890411,0.03378995433789955,4.93933739761646,3.98457407951355
0,1,42,16,activity_raw,0.9148247535024973,1.1222736942216014,0.9676558450116417,0.7707762557077625,0.045662100456621,4.93933739761646,3.9687421321868896
0,1,42,32,activity_raw,0.9023098646505905,1.2274560200847362,0.9582656064666345,0.7744292237442922,0.049315068493150704,4.93933739761646,3.960773229598999
0,1,42,8,activity_context,0.8687803035863214,1.3307799146634853,0.9401990071607433,0.7621004566210046,0.03698630136986303,4.93933739761646,4.026705741882324
0,1,42,16,activity_context,0.8716037352161997,1.3293039391834311,0.9352897245530027,0.765296803652968,0.040182648401826504,4.93933739761646,4.063999652862549
0,1,42,32,activity_context,0.866021243466435,1.408453305607571,0.9363001361859157,0.7712328767123289,0.04611872146118734,4.93933739761646,4.105978488922119
0,1,42,8,subject_embedding,0.8333380888261329,1.6608460972501837,0.9069762333611563,0.7461187214611872,0.02100456621004565,4.93933739761646,4.371396541595459
0,1,42,16,subject_embedding,0.8351371629152221,1.6631097533726198,0.9059768044633836,0.7374429223744292,0.012328767123287676,4.93933739761646,4.4547648429870605
0,1,42,32,subject_embedding,0.7667161979504368,1.8629417292076094,0.8764552124060976,0.7242009132420092,-0.0009132420091323423,4.93933739761646,4.503188610076904
0,1,42,8,structured_embedding,0.822205609690269,1.6923620865757014,0.8975640293458684,0.7328767123287672,0.007762557077625631,4.93933739761646,4.420933246612549
0,1,42,16,structured_embedding,0.7900433325989618,1.7600175011544401,0.8858015200105436,0.7296803652968036,0.004566210045662045,4.93933739761646,4.365255355834961
0,1,42,32,structured_embedding,0.8062910328464747,1.6938526803981002,0.9037582919650311,0.734703196347032,0.009589041095890427,4.93933739761646,4.513377666473389
0,1,42,8,decision_input,0.8415515162020646,1.6318108282195045,0.9123577735799323,0.7406392694063927,0.015525114155251152,4.93933739761646,4.447076320648193
0,1,42,16,decision_input,0.8211294066097208,1.7005551927011768,0.907305715415367,0.7356164383561644,0.01050228310502288,4.93933739761646,4.523504734039307
0,1,42,32,decision_input,0.7859786203884954,1.8139936438521025,0.8924680402407416,0.728310502283105,0.0031963470319634757,4.93933739761646,4.652803421020508
0,1,43,8,activity_raw,0.6231897833492912,1.1894425033714573,0.6876400298730396,0.7205479452054795,0.027853881278538828,2.4419545689937334,1.8433873653411865
0,1,43,16,activity_raw,0.8327376464248872,0.7457113641273808,0.9068005095989106,0.7429223744292237,0.05022831050228305,2.4419545689937334,1.8908864259719849
0,1,43,32,activity_raw,0.8375158224746642,0.7565686871003784,0.9012322628827484,0.7397260273972602,0.04703196347031957,2.4419545689937334,1.954973816871643
0,1,43,8,activity_context,0.6050218160553659,1.1795072666447435,0.6735052497473972,0.7109589041095891,0.0182648401826484,2.4419545689937334,1.8463280200958252
0,1,43,16,activity_context,0.7301059562422583,0.9374233272618546,0.8171264771778763,0.7246575342465754,0.03196347031963476,2.4419545689937334,1.8876256942749023
0,1,43,32,activity_context,0.779557039818819,0.8631555261153806,0.8508105258533586,0.7301369863013699,0.037442922374429255,2.4419545689937334,1.9427292346954346
0,1,43,8,subject_embedding,0.5609021041273828,1.2559523276491795,0.6287835522558538,0.6831050228310502,-0.009589041095890427,2.4419545689937334,1.7074867486953735
0,1,43,16,subject_embedding,0.5958041428829022,1.1971148452204208,0.6529785177700654,0.6863013698630137,-0.006392694063926951,2.4419545689937334,1.759763479232788
0,1,43,32,subject_embedding,0.5584460589382478,1.244306121638554,0.636065105653912,0.6840182648401826,-0.008675799086758085,2.4419545689937334,1.868175983428955
0,1,43,8,structured_embedding,0.4598238951477329,1.4581342965548336,0.5589113912928877,0.6917808219178082,-0.0009132420091324533,2.4419545689937334,1.9624687433242798
0,1,43,16,structured_embedding,0.71349626217267,1.048610476411761,0.7805759346307605,0.712785388127854,0.020091324200913308,2.4419545689937334,2.07818603515625
0,1,43,32,structured_embedding,0.7599477340725049,0.9626538901614673,0.7950072486051927,0.7342465753424657,0.04155251141552507,2.4419545689937334,2.085923671722412
0,1,43,8,decision_input,0.494977915429742,1.3898427925555532,0.5659842727232791,0.6958904109589041,0.0031963470319634757,2.4419545689937334,1.7724254131317139
0,1,43,16,decision_input,0.5746169825606566,1.257380810743468,0.6113210033826826,0.6977168949771689,0.005022831050228271,2.4419545689937334,2.00571608543396
0,1,43,32,decision_input,0.6323222105816352,1.1391636767817443,0.6998198831436981,0.702283105022831,0.009589041095890316,2.4419545689937334,2.0938689708709717
0,1,44,8,activity_raw,0.46360518104773785,0.6206067093130132,0.6553507885603831,0.6735159817351598,0.005936073059360725,1.1089355113781543,1.0438357591629028
0,1,44,16,activity_raw,0.6402733253660067,0.5168723432834564,0.8257259587927778,0.6881278538812785,0.020547945205479423,1.1089355113781543,1.1782842874526978
0,1,44,32,activity_raw,0.6521132874179336,0.506387895271048,0.8157316698150507,0.6954337899543379,0.027853881278538828,1.1089355113781543,1.1467934846878052
0,1,44,8,activity_context,0.4295125050665626,0.6696497157813964,0.6526051047752932,0.6561643835616439,-0.011415525114155223,1.1089355113781543,1.0833367109298706
0,1,44,16,activity_context,0.55882479032895,0.5788574580333413,0.7672319114352238,0.6748858447488585,0.007305936073059405,1.1089355113781543,1.175439476966858
0,1,44,32,activity_context,0.6032584418764155,0.5472977099931904,0.7944141809076133,0.6744292237442923,0.006849315068493178,1.1089355113781543,1.1472547054290771
0,1,44,8,subject_embedding,0.3814558957616412,0.6982802795391851,0.615340684444054,0.6721461187214611,0.004566210045662045,1.1089355113781543,0.8490864634513855
0,1,44,16,subject_embedding,0.3869150583912444,0.6685090417900811,0.663785529148179,0.6894977168949772,0.021917808219178103,1.1089355113781543,0.9945194125175476
0,1,44,32,subject_embedding,0.5018361387436377,0.6150801357691156,0.7305056451258622,0.680365296803653,0.012785388127853903,1.1089355113781543,1.067441701889038
0,1,44,8,structured_embedding,0.3111326328244083,0.720946686763743,0.5290493344462505,0.6684931506849315,0.0009132420091324533,1.1089355113781543,0.9224834442138672
0,1,44,16,structured_embedding,0.3330174875516736,0.7173410001394306,0.602721521767781,0.6931506849315069,0.025570776255707806,1.1089355113781543,1.0753343105316162
0,1,44,32,structured_embedding,0.48834112764033055,0.6147051570611727,0.7513398936871238,0.673972602739726,0.006392694063926951,1.1089355113781543,1.2206069231033325
0,1,44,8,decision_input,0.3798832468946287,0.6905354509887905,0.5908052541404912,0.6680365296803653,0.0004566210045662267,1.1089355113781543,0.850589394569397
0,1,44,16,decision_input,0.5368421005822972,0.5873048847314315,0.727046083556649,0.6767123287671233,0.0091324200913242,1.1089355113781543,1.0643341541290283
0,1,44,32,decision_input,0.4869313439645341,0.6411217222107279,0.7402802794007821,0.6657534246575343,-0.0018264840182647957,1.1089355113781543,1.2606966495513916
0,2,42,8,activity_raw,0.6190147257894774,0.9496585175650563,0.7570157929556519,0.8200283419933868,0.031176192725555052,1.8328353434121234,1.4391202926635742
0,2,42,16,activity_raw,0.8737466368723789,0.5312872521966306,0.9235062284069641,0.8304204062352386,0.04156825696740685,1.8328353434121234,1.5665414333343506
0,2,42,32,activity_raw,0.8675730669259021,0.5487827547363345,0.913520421145484,0.8238072744449694,0.034955125177137614,1.8328353434121234,1.5905836820602417
0,2,42,8,activity_context,0.5180868672202356,1.0465682222983803,0.6550881815765816,0.8058573452999528,0.017005196032121028,1.8328353434121234,1.3311275243759155
0,2,42,16,activity_context,0.8195701657970806,0.6193117663043529,0.8712362384153892,0.8290033065658952,0.0401511572980634,1.8328353434121234,1.5277632474899292
0,2,42,32,activity_context,0.8510758543140183,0.574010643800534,0.8918298454631299,0.8190836088804913,0.030231459612659495,1.8328353434121234,1.569409728050232
0,2,42,8,subject_embedding,0.28998069631994505,1.2474800108429995,0.4888352341801856,0.7897968823807274,0.0009447331128956682,1.8328353434121234,1.4459871053695679
0,2,42,16,subject_embedding,0.36031823493304393,1.1577989987138275,0.5983285364515892,0.7883797827113841,-0.00047236655644766756,1.8328353434121234,1.5096449851989746
0,2,42,32,subject_embedding,0.3151207440068171,1.2013959645910899,0.5884105829200852,0.8006613131790269,0.01180916391119513,1.8328353434121234,1.6062089204788208
0,2,42,8,structured_embedding,0.5606540727337537,0.999714771689854,0.6657072903178382,0.7869626830420406,-0.0018894662257911143,1.8328353434121234,1.5102319717407227
0,2,42,16,structured_embedding,0.6771502083292977,0.889365757661103,0.7403577022465239,0.7968823807274446,0.008030231459612791,1.8328353434121234,1.5347100496292114
0,2,42,32,structured_embedding,0.630398969193543,0.9283035370132918,0.7096651983873431,0.7931034482758621,0.00425129900803034,1.8328353434121234,1.6269021034240723
0,2,42,8,decision_input,0.5845376961278645,0.9680637630831889,0.6864818406455151,0.786017949929145,-0.0028341993386867825,1.8328353434121234,1.4939135313034058
0,2,42,16,decision_input,0.5338268052631714,1.0061137592871836,0.6782036855884331,0.7874350495984884,-0.0014170996693433358,1.8328353434121234,1.4943645000457764
0,2,42,32,decision_input,0.6617985149195338,0.832851669238393,0.7717626702704535,0.7916863486065187,0.0028341993386868936,1.8328353434121234,1.5871864557266235
0,2,43,8,activity_raw,0.7787808439805403,0.30552956537112247,0.9136674375604323,0.7704298535663675,-0.002361832782239004,0.8882106865938093,0.6906309127807617
0,2,43,16,activity_raw,0.9063435758013355,0.21324715261681465,0.9639244335627166,0.7600377893245158,-0.012753897024090688,0.8882106865938093,0.738624632358551
0,2,43,32,activity_raw,0.8881200302868704,0.2306669964202477,0.9335485804434241,0.7538970240906944,-0.018894662257912143,0.8882106865938093,0.7627436518669128
0,2,43,8,activity_context,0.68663756855497,0.3721922728404078,0.8597689580494314,0.7661785545583373,-0.006613131790269233,0.8882106865938093,0.6616163849830627
0,2,43,16,activity_context,0.8564100228695144,0.2649888392572067,0.9474359771785288,0.7581483230987246,-0.014643363249881913,0.8882106865938093,0.7084614038467407
0,2,43,32,activity_context,0.8661667396528843,0.255154523060048,0.9363871281474235,0.7557864903164856,-0.017005196032120917,0.8882106865938093,0.7346318364143372
0,2,43,8,subject_embedding,0.636732631033707,0.43058129787255506,0.8281038840605934,0.786017949929145,0.013226263580538467,0.8882106865938093,0.5878384709358215
0,2,43,16,subject_embedding,0.7508866334747388,0.35035621018450513,0.8783608800628778,0.7760982522437412,0.003306565895134672,0.8882106865938093,0.6844229102134705
0,2,43,32,subject_embedding,0.7150312743040252,0.3715044589927928,0.831892383984258,0.7779877184695323,0.0051960321209257865,0.8882106865938093,0.7534179091453552
0,2,43,8,structured_embedding,0.583224079816337,0.45233711982072305,0.7714573284855613,0.776570618800189,0.0037789324515824507,0.8882106865938093,0.6329011917114258
0,2,43,16,structured_embedding,0.7608574317887318,0.3402238741989547,0.8519092343272021,0.7628719886632026,-0.009919697685403905,0.8882106865938093,0.7106727957725525
0,2,43,32,structured_embedding,0.7811441735877833,0.3402033238839002,0.8791638158675947,0.7709022201228153,-0.0018894662257912254,0.8882106865938093,0.7866902947425842
0,2,43,8,decision_input,0.6947280489999179,0.39713043395646436,0.8465148627941036,0.781294284364667,0.008502598016060459,0.8882106865938093,0.657611072063446
0,2,43,16,decision_input,0.7498432160585353,0.35295752450325374,0.8787566934877382,0.7775153519130846,0.004723665564478119,0.8882106865938093,0.709132969379425
0,2,43,32,decision_input,0.7589623282201166,0.33839103142957017,0.8651407116725379,0.7732640529050543,0.0004723665564477786,0.8882106865938093,0.760818362236023
0,2,44,8,activity_raw,0.5565583627729207,0.49978632759964936,0.776252325403871,0.7184695323571091,0.017949929145016474,0.9554234618598015,0.5607625246047974
0,2,44,16,activity_raw,0.8534236535324147,0.28372121192834526,0.9655303051721507,0.7189418989135569,0.018422295701464253,0.9554234618598015,0.6668383479118347
0,2,44,32,activity_raw,0.8458221253484215,0.27869489669756903,0.9547754889709417,0.7028814359943316,0.002361832782239004,0.9554234618598015,0.7097897529602051
0,2,44,8,activity_context,0.5953335081458955,0.475229930615703,0.8178692797892011,0.7123287671232876,0.01180916391119502,0.9554234618598015,0.5665878653526306
0,2,44,16,activity_context,0.7454434673157102,0.38598403185854396,0.8843659351657611,0.7179971658006613,0.017477562588568696,0.9554234618598015,0.6466431021690369
0,2,44,32,activity_context,0.8375802594760735,0.29305239355214413,0.9455021458742106,0.7042985356636751,0.0037789324515824507,0.9554234618598015,0.7151577472686768
0,2,44,8,subject_embedding,0.3932610135975999,0.5568316699820524,0.6253343209820696,0.6825696740670761,-0.017949929145016474,0.9554234618598015,0.6113928556442261
0,2,44,16,subject_embedding,0.4898830649996847,0.5303600137459346,0.6744717304397487,0.6967406707605102,-0.0037789324515824507,0.9554234618598015,0.6492892503738403
0,2,44,32,subject_embedding,0.4476215963884691,0.5710193280534712,0.6378646431176528,0.6872933396315541,-0.013226263580538467,0.9554234618598015,0.725529134273529
0,2,44,8,structured_embedding,0.5902161306095809,0.4649256544848258,0.7619464973339138,0.7123287671232876,0.01180916391119502,0.9554234618598015,0.6670612692832947
0,2,44,16,structured_embedding,0.6581404268485356,0.42395299939290737,0.7962691757468152,0.711384034010392,0.010864430798299352,0.9554234618598015,0.6859497427940369
0,2,44,32,structured_embedding,0.7211203432822686,0.38313335918533115,0.8439024941900244,0.7014643363249882,0.0009447331128955572,0.9554234618598015,0.7611998319625854
0,2,44,8,decision_input,0.46633400471564745,0.5465777765213825,0.6656394365878621,0.7024090694378837,0.0018894662257911143,0.9554234618598015,0.5739044547080994
0,2,44,16,decision_input,0.6264736233404496,0.4768976201913539,0.7733346150148996,0.7042985356636751,0.0037789324515824507,0.9554234618598015,0.6874558329582214
0,2,44,32,decision_input,0.7323443689539049,0.4006779490743065,0.847724920978677,0.7085498346717053,0.00803023145961268,0.9554234618598015,0.7124121189117432
1,0,42,8,activity_raw,0.5179726798756388,0.6072587794381852,0.722309765705992,0.6499564080209241,0.02092414995640801,1.0994674597920873,0.6113861799240112
1,0,42,16,activity_raw,0.8678716213111508,0.31675861456418897,0.9478643997511922,0.6438535309503051,0.014821272885788939,1.0994674597920873,0.8087596297264099
1,0,42,32,activity_raw,0.857887740373874,0.3250862090485574,0.9421729214182044,0.6429816913687881,0.013949433304272008,1.0994674597920873,0.8180083632469177
1,0,42,8,activity_context,0.5044274210911516,0.6087042623714998,0.724466099937798,0.6434176111595467,0.014385353095030529,1.0994674597920873,0.6233606934547424
1,0,42,16,activity_context,0.7915600825452982,0.388584833203335,0.9000207339829982,0.6403661726242371,0.011333914559720992,1.0994674597920873,0.7951954007148743
1,0,42,32,activity_context,0.8603341556989677,0.32688856973575786,0.9313601492846775,0.6482127288578902,0.019180470793374038,1.0994674597920873,0.8487595319747925
1,0,42,8,subject_embedding,0.5324633972658099,0.5940035058321579,0.7268297739995853,0.6460331299040977,0.017000871839581544,1.0994674597920873,0.6451619267463684
1,0,42,16,subject_embedding,0.5575238541270069,0.5750616244220151,0.7442048517520216,0.6355710549258936,0.006538796861377483,1.0994674597920873,0.6917658448219299
1,0,42,32,subject_embedding,0.5278565227920554,0.5965530713471546,0.7094235952726519,0.6460331299040978,0.017000871839581655,1.0994674597920873,0.7131762504577637
1,0,42,8,structured_embedding,0.6607785166347,0.49830595291716584,0.8355276798673025,0.6521360069747166,0.023103748910200506,1.0994674597920873,0.7364791035652161
1,0,42,16,structured_embedding,0.7918764849172242,0.382211815802343,0.8923180592991913,0.6599825632083697,0.03095030514385355,1.0994674597920873,0.9018247723579407
1,0,42,32,structured_embedding,0.808581826208281,0.38308247557602737,0.8976570599212108,0.6525719267654752,0.023539668700959027,1.0994674597920873,0.970363974571228
1,0,42,8,decision_input,0.5538657444760782,0.583020013121542,0.7462264150943396,0.6521360069747166,0.023103748910200506,1.0994674597920873,0.6539869904518127
1,0,42,16,decision_input,0.783476631289027,0.406023621231977,0.8934480613725896,0.6569311246730601,0.027898866608544015,1.0994674597920873,0.8015519976615906
1,0,42,32,decision_input,0.7800102931708425,0.39733046681919465,0.87988803649181,0.6543156059285091,0.025283347863993,1.0994674597920873,0.8470801115036011
1,0,43,8,activity_raw,0.44146973307750936,1.2971884277873216,0.6943085216670123,0.7018308631211857,0.0204882301656496,2.2064342660742584,1.0026148557662964
1,0,43,16,activity_raw,0.7041931176238829,0.9486270118842438,0.9307484967862326,0.7183958151700088,0.037053182214472735,2.2064342660742584,1.1939712762832642
1,0,43,32,activity_raw,0.7125751092424069,0.9439170320402396,0.9278975741239892,0.7183958151700087,0.037053182214472624,2.2064342660742584,1.215040683746338
1,0,43,8,activity_context,0.43605837966873584,1.3032974519370384,0.6743416960398092,0.7074978204010463,0.026155187445510153,2.2064342660742584,1.0702370405197144
1,0,43,16,activity_context,0.6783547092449764,0.9863109983250025,0.9044474393530996,0.7214472537053183,0.04010462074978216,2.2064342660742584,1.2187336683273315
1,0,43,32,activity_context,0.705581577400461,0.94407473341295,0.9242069251503213,0.7179598953792503,0.036617262423714214,2.2064342660742584,1.2438385486602783
1,0,43,8,subject_embedding,0.4652697076686968,1.26261801021129,0.7221231598590089,0.6970357454228422,0.015693112467306092,2.2064342660742584,0.9808993339538574
1,0,43,16,subject_embedding,0.4897871928841433,1.2362365440544514,0.7147729628861704,0.6918047079337402,0.010462074978204061,2.2064342660742584,1.104760766029358
1,0,43,32,subject_embedding,0.48448011105241784,1.2421573039019767,0.684687953555878,0.6970357454228422,0.015693112467306092,2.2064342660742584,1.1756482124328613
1,0,43,8,structured_embedding,0.4397922531837467,1.313948197310545,0.6738233464648559,0.6874455100261551,0.006102877070618962,2.2064342660742584,1.1266535520553589
1,0,43,16,structured_embedding,0.5570826632651469,1.1633328852657325,0.7311009744972009,0.7022667829119442,0.020924149956408122,2.2064342660742584,1.3047876358032227
1,0,43,32,structured_embedding,0.573381529498592,1.147718700646018,0.7716462782500517,0.7044463818657367,0.023103748910200617,2.2064342660742584,1.4206931591033936
1,0,43,8,decision_input,0.41932521102817855,1.342170512166621,0.6442152187435206,0.6891891891891891,0.007846556233653046,2.2064342660742584,1.0012179613113403
1,0,43,16,decision_input,0.5356204090779335,1.16653419881481,0.7438316400580551,0.6987794245858762,0.017436791630340065,2.2064342660742584,1.2840346097946167
1,0,43,32,decision_input,0.633156065450209,1.008164982303663,0.7766846361185983,0.7183958151700087,0.037053182214472624,2.2064342660742584,1.4844844341278076
1,0,44,8,activity_raw,0.6933420884686592,0.8404181780692059,0.8436035662450756,0.6891891891891891,0.02136006974716642,1.9232865536225172,1.438836693763733
1,0,44,16,activity_raw,0.7999635837689776,0.6653945221691658,0.9074227659133319,0.6983435047951176,0.03051438535309492,1.9232865536225172,1.5998635292053223
1,0,44,32,activity_raw,0.7905475201592291,0.6747091114680528,0.8995542193655399,0.6909328683522232,0.023103748910200506,1.9232865536225172,1.5913842916488647
1,0,44,8,activity_context,0.7029536109114859,0.7762457411569952,0.8345739166493883,0.6957279860505667,0.027898866608544015,1.9232865536225172,1.498320460319519
1,0,44,16,activity_context,0.7445670372737989,0.7274144373738182,0.8659444329255649,0.6952920662598081,0.027462946817785383,1.9232865536225172,1.5181556940078735
1,0,44,32,activity_context,0.7498302425289021,0.7251081816906472,0.8716255442670537,0.6870095902353968,0.019180470793374038,1.9232865536225172,1.5168503522872925
1,0,44,8,subject_embedding,0.3566003607890641,1.2446360008433788,0.5658407630105744,0.6691368788142982,0.0013077593722754521,1.9232865536225172,1.303303599357605
1,0,44,16,subject_embedding,0.36337210130664876,1.1684526191973614,0.5981132075471697,0.6730601569311246,0.00523103748910192,1.9232865536225172,1.5107816457748413
1,0,44,32,subject_embedding,0.3182003401877441,1.194249434551703,0.5836616213974706,0.6743679163034002,0.006538796861377483,1.9232865536225172,1.684747338294983
1,0,44,8,structured_embedding,0.5697096762144702,0.9855277155593812,0.7450031100974497,0.6822144725370531,0.014385353095030418,1.9232865536225172,1.693536400794983
1,0,44,16,structured_embedding,0.6571971881268275,0.8778664434162243,0.8000725689404934,0.7088055797733218,0.04097646033129909,1.9232865536225172,1.7468386888504028
1,0,44,32,structured_embedding,0.6826858731423464,0.888508548795112,0.8384926394360356,0.7114210985178726,0.043591979075849885,1.9232865536225172,1.8441941738128662
1,0,44,8,decision_input,0.4833058289486566,1.1048983432951558,0.6604499274310595,0.6625980819529207,-0.005231037489102031,1.9232865536225172,1.5052483081817627
1,0,44,16,decision_input,0.574719517214362,0.9690831360074834,0.7425565001036699,0.6604184829991282,-0.007410636442894525,1.9232865536225172,1.6656666994094849
1,0,44,32,decision_input,0.5922425983733394,0.9136104867711075,0.7607609371760315,0.7048823016564952,0.03705318221447251,1.9232865536225172,1.8167520761489868
1,1,42,8,activity_raw,0.3254123543367573,0.9841602523948525,0.578267363704257,0.7738738738738739,0.0022522522522522292,1.5205766134720093,1.1958469152450562
1,1,42,16,activity_raw,0.7042170720357446,0.6474409479628332,0.8559586045022939,0.7788288288288289,0.007207207207207245,1.5205766134720093,1.2661843299865723
1,1,42,32,activity_raw,0.7295246561895856,0.6136919953044315,0.8567374373199617,0.7774774774774775,0.005855855855855907,1.5205766134720093,1.301619291305542
1,1,42,8,activity_context,0.3311217561570984,0.9805442646450706,0.5894590846047156,0.7702702702702703,-0.0013513513513513375,1.5205766134720093,1.182354211807251
1,1,42,16,activity_context,0.7021446562035631,0.6262850201560445,0.8417369038728263,0.7788288288288289,0.007207207207207245,1.5205766134720093,1.232292890548706
1,1,42,32,activity_context,0.7357495767029703,0.6139413520440733,0.8370745759095275,0.7711711711711712,-0.00045045045045044585,1.5205766134720093,1.3180946111679077
1,1,42,8,subject_embedding,0.3344562356171745,0.9543086272873418,0.586706497386109,0.7882882882882883,0.01666666666666672,1.5205766134720093,1.0265388488769531
1,1,42,16,subject_embedding,0.31908436601832424,0.9498491572277937,0.5871652619225436,0.7774774774774775,0.005855855855855907,1.5205766134720093,1.1093586683273315
1,1,42,32,subject_embedding,0.26817416919328607,0.998150285711386,0.5496959351328284,0.7779279279279279,0.006306306306306242,1.5205766134720093,1.2393171787261963
1,1,42,8,structured_embedding,0.2939148426499878,0.9692082723690709,0.5669156086631815,0.754954954954955,-0.016666666666666607,1.5205766134720093,1.197257399559021
1,1,42,16,structured_embedding,0.5474078889752129,0.7861992050744868,0.7325189373733064,0.7423423423423424,-0.029279279279279202,1.5205766134720093,1.4323444366455078
1,1,42,32,structured_embedding,0.5711097189824492,0.7736784561838289,0.7184466019417477,0.7243243243243244,-0.04729729729729726,1.5205766134720093,1.4302213191986084
1,1,42,8,decision_input,0.3383635743386325,0.9502118065665748,0.5961271737970768,0.7770270270270271,0.005405405405405461,1.5205766134720093,1.1801522970199585
1,1,42,16,decision_input,0.4348210428881193,0.8361056517214341,0.655233116398165,0.7585585585585586,-0.01306306306306304,1.5205766134720093,1.242401123046875
1,1,42,32,decision_input,0.6047671092280056,0.7223297108403224,0.7296063160140831,0.7599099099099099,-0.011711711711711703,1.5205766134720093,1.306451678276062
1,1,43,8,activity_raw,0.37701612564025144,0.6853881874377639,0.5899391870265657,0.7153153153153153,0.013063063063063152,1.0965648121951037,0.5495723485946655
1,1,43,16,activity_raw,0.661125151743492,0.504518698729022,0.8434759415341941,0.7364864864864864,0.03423423423423422,1.0965648121951037,0.6846423149108887
1,1,43,32,activity_raw,0.6189808490271251,0.5182039387166795,0.8112984103275367,0.7324324324324325,0.030180180180180316,1.0965648121951037,0.7009994387626648
1,1,43,8,activity_context,0.3785957107038226,0.675385569221553,0.5796223194281448,0.7081081081081082,0.005855855855856018,1.0965648121951037,0.5725650787353516
1,1,43,16,activity_context,0.6252829960940318,0.5288581376229011,0.7965432625626802,0.7292792792792793,0.027027027027027084,1.0965648121951037,0.698070764541626
1,1,43,32,activity_context,0.6352432855565385,0.5082500726536501,0.81891603542089,0.7265765765765765,0.024324324324324298,1.0965648121951037,0.7032262682914734
1,1,43,8,subject_embedding,0.26136724964170666,0.7486230825685977,0.5404032860343541,0.7130630630630631,0.010810810810810922,1.0965648121951037,0.7230693697929382
1,1,43,16,subject_embedding,0.23485925264848817,0.7676185268668866,0.4798890429958391,0.7045045045045046,0.0022522522522524513,1.0965648121951037,0.7302853465080261
1,1,43,32,subject_embedding,0.2787868409047153,0.7408848014175808,0.5081510722287422,0.7270270270270269,0.024774774774774744,1.0965648121951037,0.7097870707511902
1,1,43,8,structured_embedding,0.09427394827194369,0.8166125203194091,0.28572495465699355,0.7009009009009008,-0.0013513513513513375,1.0965648121951037,0.6312562227249146
1,1,43,16,structured_embedding,0.39638332265417575,0.6733606259199304,0.5758348447668836,0.7297297297297297,0.02747747747747753,1.0965648121951037,0.7306208610534668
1,1,43,32,structured_embedding,0.28231132794753944,0.6923544194029514,0.551296276538995,0.7301801801801802,0.027927927927927976,1.0965648121951037,0.765953004360199
1,1,43,8,decision_input,0.1828215041276472,0.7871969968216853,0.3768697322095381,0.7004504504504504,-0.0018018018018017834,1.0965648121951037,0.5841560959815979
1,1,43,16,decision_input,0.25932362829379485,0.7561893132190091,0.5119172090045877,0.7058558558558559,0.003603603603603678,1.0965648121951037,0.748375415802002
1,1,43,32,decision_input,0.346799998488996,0.6689792218421762,0.6057505601194922,0.7279279279279279,0.025675675675675746,1.0965648121951037,0.8345433473587036
1,1,44,8,activity_raw,0.8718290958330002,0.4342469308463696,0.9487677371172518,0.7621621621621623,0.03063063063063065,1.4972017719896544,1.2710556983947754
1,1,44,16,activity_raw,0.9350629024817594,0.3005048598566574,0.9712685372879548,0.777927927927928,0.04639639639639637,1.4972017719896544,1.3137497901916504
1,1,44,32,activity_raw,0.9221893199855624,0.3291260690974748,0.9645044276112239,0.7743243243243243,0.04279279279279269,1.4972017719896544,1.339302897453308
1,1,44,8,activity_context,0.863353143347414,0.4596583723058834,0.9468259895444363,0.7567567567567567,0.02522522522522508,1.4972017719896544,1.2268353700637817
1,1,44,16,activity_context,0.9169989316467138,0.34558706902584213,0.9683879227568549,0.7716216216216216,0.040090090090090014,1.4972017719896544,1.2300519943237305
1,1,44,32,activity_context,0.9120034065480285,0.3522785677931617,0.9622532806998828,0.7698198198198198,0.03828828828828823,1.4972017719896544,1.292579174041748
1,1,44,8,subject_embedding,0.4661273859372619,0.8656199709543514,0.6821828656780113,0.7495495495495496,0.018018018018017945,1.4972017719896544,1.04081130027771
1,1,44,16,subject_embedding,0.4324644521359595,0.9329244844417075,0.656332017497066,0.7432432432432433,0.011711711711711703,1.4972017719896544,1.1952165365219116
1,1,44,32,subject_embedding,0.43844843386413035,0.8853418707483585,0.679803691454177,0.741891891891892,0.010360360360360366,1.4972017719896544,1.3135156631469727
1,1,44,8,structured_embedding,0.5864742120075738,0.707504147903933,0.742611757174864,0.7581081081081081,0.026576576576576527,1.4972017719896544,1.231011986732483
1,1,44,16,structured_embedding,0.5597517710298203,0.777261468500532,0.7419289448415664,0.7536036036036036,0.022072072072071958,1.4972017719896544,1.3255354166030884
1,1,44,32,structured_embedding,0.5798752766205539,0.7739731488704705,0.7589459084604716,0.7725225225225225,0.040990990990990905,1.4972017719896544,1.3359224796295166
1,1,44,8,decision_input,0.4760734335586775,0.8566278433475832,0.7031686759842101,0.7364864864864865,0.004954954954954904,1.4972017719896544,1.095258116722107
1,1,44,16,decision_input,0.5374681993812662,0.8057913948292854,0.7265763362850741,0.7490990990990992,0.01756756756756761,1.4972017719896544,1.3170197010040283
1,1,44,32,decision_input,0.6333881280559526,0.7318636167972078,0.7824175824175824,0.7554054054054055,0.023873873873873852,1.4972017719896544,1.3756154775619507
1,2,42,8,activity_raw,0.5330474378678636,0.5238155088477181,0.7684400123006634,0.7319634703196347,0.029223744292237397,1.0428613808050882,0.8356088995933533
1,2,42,16,activity_raw,0.9207629366676626,0.21333990883005344,0.9587927777533718,0.7315068493150685,0.02876712328767117,1.0428613808050882,0.9211480617523193
1,2,42,32,activity_raw,0.9017277210475391,0.24248143679867679,0.9460637877256952,0.7296803652968037,0.026940639269406375,1.0428613808050882,0.9479228854179382
1,2,42,8,activity_context,0.5392679015425956,0.5299027080037115,0.7600711681237096,0.7429223744292238,0.040182648401826504,1.0428613808050882,0.842924177646637
1,2,42,16,activity_context,0.8672820735748239,0.2804532669345091,0.936519790888723,0.7315068493150685,0.02876712328767117,1.0428613808050882,0.9041067361831665
1,2,42,32,activity_context,0.8784911877900803,0.2650259602780452,0.939880507841673,0.7342465753424657,0.03150684931506842,1.0428613808050882,0.9392220377922058
1,2,42,8,subject_embedding,0.2912285503790565,0.7081935988298584,0.5346065984272723,0.708675799086758,0.005936073059360725,1.0428613808050882,0.5886104106903076
1,2,42,16,subject_embedding,0.28182728249580413,0.72510501733136,0.5393511400079075,0.7223744292237442,0.01963470319634686,1.0428613808050882,0.667745053768158
1,2,42,32,subject_embedding,0.2689681680754781,0.7290714329529585,0.5341782717567983,0.7342465753424657,0.03150684931506842,1.0428613808050882,0.7965925335884094
1,2,42,8,structured_embedding,0.41992997937385645,0.6109291598999705,0.6746804024074156,0.6968036529680366,-0.005936073059360725,1.0428613808050882,0.868792712688446
1,2,42,16,structured_embedding,0.511702736972263,0.5858416634080046,0.7490445020427887,0.7063926940639269,0.0036529680365295913,1.0428613808050882,1.054784893989563
1,2,42,32,structured_embedding,0.6618435489662741,0.4795933020343219,0.845385054694021,0.7004566210045663,-0.0022831050228310223,1.0428613808050882,1.0770541429519653
1,2,42,8,decision_input,0.49577926580633536,0.5794540196572707,0.7161402275622721,0.7013698630136987,-0.001369863013698569,1.0428613808050882,0.8032607436180115
1,2,42,16,decision_input,0.39941703236699977,0.6344386126065534,0.6788758072310328,0.7141552511415525,0.011415525114155223,1.0428613808050882,0.9738112688064575
1,2,42,32,decision_input,0.5282043091665858,0.596702390588029,0.7521196678820893,0.7273972602739727,0.024657534246575352,1.0428613808050882,1.0759875774383545
1,2,43,8,activity_raw,0.6697814932888508,0.4929387414729519,0.8368624522251021,0.7515981735159818,0.04703196347031968,1.0900375294348368,0.7191013097763062
1,2,43,16,activity_raw,0.8791034581919025,0.29997591289204956,0.9529170144532795,0.773972602739726,0.0694063926940639,1.0900375294348368,0.8732629418373108
1,2,43,32,activity_raw,0.8786402119202766,0.3114647933819782,0.9516979308526996,0.7726027397260274,0.06803652968036533,1.0900375294348368,0.9051461219787598
1,2,43,8,activity_context,0.6454973358828034,0.4988084986530855,0.8318982559416598,0.7493150684931507,0.04474885844748855,1.0900375294348368,0.7325429320335388
1,2,43,16,activity_context,0.8271124904197075,0.35172494539644794,0.9197821025348153,0.7643835616438357,0.059817351598173585,1.0900375294348368,0.8629423379898071
1,2,43,32,activity_context,0.8461704229957184,0.34523139982216794,0.9308197513508765,0.7707762557077625,0.06621004566210043,1.0900375294348368,0.8493311405181885
1,2,43,8,subject_embedding,0.44825112948051116,0.6204905245914999,0.696481131661029,0.728310502283105,0.0237442922374429,1.0900375294348368,0.7642360329627991
1,2,43,16,subject_embedding,0.4627245916336591,0.6194870796256741,0.6851579317313184,0.7410958904109589,0.0365296803652968,1.0900375294348368,0.7617815136909485
1,2,43,32,subject_embedding,0.5165548706797859,0.6039867645285316,0.7218622325703994,0.7515981735159818,0.04703196347031968,1.0900375294348368,0.8277258276939392
1,2,43,8,structured_embedding,0.40548229664312163,0.641500808120013,0.6452247067609718,0.7356164383561644,0.031050228310502304,1.0900375294348368,0.6418617963790894
1,2,43,16,structured_embedding,0.6082332517107657,0.5318751291997269,0.7670781531432588,0.7392694063926941,0.034703196347032006,1.0900375294348368,0.8715681433677673
1,2,43,32,structured_embedding,0.5682623213207348,0.5328723964647816,0.7786649387163379,0.7337899543378995,0.029223744292237397,1.0900375294348368,0.9261086583137512
1,2,43,8,decision_input,0.5104252824927771,0.6060788352936731,0.7126037868470765,0.7452054794520548,0.04063926940639273,1.0900375294348368,0.7647277116775513
1,2,43,16,decision_input,0.5113245635240568,0.6173280780704664,0.6862012915696525,0.7447488584474886,0.040182648401826504,1.0900375294348368,0.8039864897727966
1,2,43,32,decision_input,0.5844722035890906,0.5533118922153115,0.7416641040284673,0.7561643835616438,0.05159817351598173,1.0900375294348368,0.839753270149231
1,2,44,8,activity_raw,0.5679076597275906,0.7024288454874026,0.7069476782497913,0.664840182648402,0.021917808219178103,1.3910741260882216,0.897754967212677
1,2,44,16,activity_raw,0.867014955024928,0.3984590884781116,0.9131924614505996,0.6593607305936073,0.016438356164383494,1.3910741260882216,1.091416835784912
1,2,44,32,activity_raw,0.8525564482025578,0.42724835900358266,0.9029565522997848,0.6575342465753425,0.014611872146118698,1.3910741260882216,1.0852532386779785
1,2,44,8,activity_context,0.5386529676430969,0.719142121239738,0.6926701225673242,0.6726027397260275,0.029680365296803624,1.3910741260882216,0.8488053679466248
1,2,44,16,activity_context,0.8456233766705674,0.4377544287387764,0.8957958089882705,0.6680365296803653,0.025114155251141468,1.3910741260882216,1.1145520210266113
1,2,44,32,activity_context,0.8375124508747137,0.4545200838333693,0.8910512674076353,0.6671232876712329,0.024200913242009015,1.3910741260882216,1.1160448789596558
1,2,44,8,subject_embedding,0.19585417308379405,0.9192175013188675,0.4221324078548522,0.6680365296803654,0.02511415525114158,1.3910741260882216,0.558606743812561
1,2,44,16,subject_embedding,0.2714811717948441,0.9190884976553544,0.4542129771998418,0.6675799086757991,0.02465753424657524,1.3910741260882216,0.7113803029060364
1,2,44,32,subject_embedding,0.33141387872313854,0.8948395508667915,0.5345736502218513,0.6602739726027397,0.017351598173515836,1.3910741260882216,0.794994592666626
1,2,44,8,structured_embedding,0.024729473537523083,1.0267068703408961,0.2507797741949655,0.6520547945205479,0.00913242009132409,1.3910741260882216,0.5967385768890381
1,2,44,16,structured_embedding,0.27645351952964703,0.8800898493893972,0.5170342222026975,0.6465753424657534,0.0036529680365295913,1.3910741260882216,0.7634444832801819
1,2,44,32,structured_embedding,0.6014385261604297,0.6846303790978355,0.7950841277511752,0.6461187214611872,0.0031963470319633647,1.3910741260882216,1.1964466571807861
1,2,44,8,decision_input,0.19608388868754045,0.9209910347568114,0.4302376663884374,0.6634703196347032,0.020547945205479312,1.3910741260882216,0.6165660619735718
1,2,44,16,decision_input,0.22754093377908358,0.9188590662246314,0.44416377454641304,0.6748858447488585,0.031963470319634646,1.3910741260882216,0.6526886224746704
1,2,44,32,decision_input,0.5432838338491457,0.7290266908312009,0.7005227781926812,0.6493150684931507,0.00639269406392684,1.3910741260882216,1.0238761901855469
2,0,42,8,activity_raw,0.8741272181626435,2.350188568664697,0.910232220609579,0.7092414995640801,-0.0030514385353096474,8.401830595714747,7.520509719848633
2,0,42,16,activity_raw,0.9533079210859992,1.41877824177241,0.9704437072361601,0.6883173496076722,-0.023975588491717548,8.401830595714747,7.5342020988464355
2,0,42,32,activity_raw,0.9532600512494387,1.4351611759704264,0.9700912295251918,0.6800348735832605,-0.032258064516129226,8.401830595714747,7.5216593742370605
2,0,42,8,activity_context,0.9065612639896048,2.0422375467832703,0.9248911465892597,0.6878814298169137,-0.02441150828247607,8.401830595714747,7.636580944061279
2,0,42,16,activity_context,0.9291311106359182,1.770123538719044,0.9360252954592576,0.6865736704446382,-0.02571926765475152,8.401830595714747,7.6527204513549805
2,0,42,32,activity_context,0.9385658410247447,1.6504330907224163,0.9466514617458014,0.6782911944202266,-0.0340017436791632,8.401830595714747,7.62252140045166
2,0,42,8,subject_embedding,0.83142898377733,2.7140298440337634,0.883132904831018,0.6870095902353966,-0.02528334786399311,8.401830595714747,7.578770637512207
2,0,42,16,subject_embedding,0.8323278818851281,2.7325769853588966,0.8707028820236367,0.7040104620749782,-0.008282476024411567,8.401830595714747,8.04613208770752
2,0,42,32,subject_embedding,0.8235681842585701,2.795260583657968,0.868909392494298,0.7188317349607672,0.006538796861377483,8.401830595714747,8.075196266174316
2,0,42,8,structured_embedding,0.9163978707321191,1.93554356329946,0.9316504250466514,0.6857018308631212,-0.026591107236268563,8.401830595714747,7.897560119628906
2,0,42,16,structured_embedding,0.9031060015151808,2.099042324588987,0.9234605017623886,0.6909328683522231,-0.021360069747166643,8.401830595714747,7.856548309326172
2,0,42,32,structured_embedding,0.902106154869813,2.1176206998678007,0.9271511507360564,0.6830863121185702,-0.02920662598081958,8.401830595714747,8.027924537658691
2,0,42,8,decision_input,0.8854822007817373,2.28390959560122,0.8994090814845531,0.6939843068875325,-0.018308631211857218,8.401830595714747,7.88209342956543
2,0,42,16,decision_input,0.8873242388658477,2.2100600318197663,0.9018764254613311,0.6922406277244987,-0.02005231037489108,8.401830595714747,7.99931001663208
2,0,42,32,decision_input,0.8800012634593761,2.3405574857064546,0.8934065934065935,0.6874455100261553,-0.02484742807323448,8.401830595714747,8.070029258728027
2,0,43,8,activity_raw,0.6304763230176207,0.535017668865358,0.7740514202778354,0.6931124673060157,0.006974716652136115,1.0806088650286676,0.8568352460861206
2,0,43,16,activity_raw,0.75724813725669,0.44088013607269716,0.8444121915820029,0.6896251089799477,0.0034873583260680574,1.0806088650286676,0.922798752784729
2,0,43,32,activity_raw,0.7453282432430222,0.44788176297808946,0.8442255857350197,0.6848299912816042,-0.0013077593722754521,1.0806088650286676,0.9298055768013
2,0,43,8,activity_context,0.5642020359247337,0.5797143242566978,0.7310387725482065,0.6970357454228422,0.010897994768962582,1.0806088650286676,0.8731236457824707
2,0,43,16,activity_context,0.7118147879327986,0.47780468457008146,0.8238959154053492,0.6926765475152572,0.006538796861377594,1.0806088650286676,0.9594813585281372
2,0,43,32,activity_context,0.7247740517767683,0.46167865008772024,0.8500829359319925,0.6861377506538797,1.1102230246251565e-16,1.0806088650286676,0.9698045253753662
2,0,43,8,subject_embedding,0.44052754816287565,0.6197797017446997,0.6599523118391043,0.6865736704446381,0.00043591979075852105,1.0806088650286676,0.9757607579231262
2,0,43,16,subject_embedding,0.3777485779997741,0.6683000640126016,0.6574123989218328,0.6843940714908457,-0.0017436791630338622,1.0806088650286676,1.0961357355117798
2,0,43,32,subject_embedding,0.4244012472421167,0.6378942323188683,0.6918722786647314,0.6870095902353968,0.0008718395815171531,1.0806088650286676,1.1138359308242798
2,0,43,8,structured_embedding,0.4255343027353681,0.639645834799324,0.719054530375285,0.6843940714908457,-0.0017436791630338622,1.0806088650286676,1.1083024740219116
2,0,43,16,structured_embedding,0.3976984502946409,0.6631132417319672,0.7116317644619531,0.6883173496076722,0.0021795989537926053,1.0806088650286676,1.1373287439346313
2,0,43,32,structured_embedding,0.3424271962571719,0.703339016886178,0.7027472527472527,0.6865736704446381,0.00043591979075852105,1.0806088650286676,1.220723271369934
2,0,43,8,decision_input,0.4319283943428597,0.6422100896000457,0.6606054323035455,0.6861377506538797,1.1102230246251565e-16,1.0806088650286676,1.0080554485321045
2,0,43,16,decision_input,0.5400493994656645,0.5558657045531025,0.7684636118598382,0.6809067131647777,-0.00523103748910192,1.0806088650286676,1.0977506637573242
2,0,43,32,decision_input,0.4482073381504019,0.617137450508273,0.750145137880987,0.6756756756756757,-0.01046207497820395,1.0806088650286676,1.1942675113677979
2,0,44,8,activity_raw,0.8680843442861581,0.25354204064168856,0.8959050383578685,0.6800348735832608,0.0008718395815171531,0.8729615622946885,0.796291708946228
2,0,44,16,activity_raw,0.9486931016129553,0.15530675948761258,0.9648973667841592,0.6804707933740192,0.0013077593722755632,0.8729615622946885,0.8331244587898254
2,0,44,32,activity_raw,0.9417447383047794,0.16691226907426263,0.9670433340244661,0.6730601569311245,-0.006102877070619073,0.8729615622946885,0.855297863483429
2,0,44,8,activity_context,0.8623812216217271,0.2604282666454174,0.9032345013477088,0.6852659110723627,0.006102877070619073,0.8729615622946885,0.8048595190048218
2,0,44,16,activity_context,0.8913851704281203,0.23191054507173955,0.9367924528301885,0.6795989537925021,0.00043591979075852105,0.8729615622946885,0.8374266028404236
2,0,44,32,activity_context,0.9241669966879018,0.19378312279648457,0.9566452415509019,0.6782911944202267,-0.0008718395815169311,0.8729615622946885,0.8493486642837524
2,0,44,8,subject_embedding,0.5173352869544056,0.4651914481248436,0.7012025710138917,0.6608544027898867,-0.018308631211856885,0.8729615622946885,0.7341625094413757
2,0,44,16,subject_embedding,0.5836314379798615,0.4249266388379941,0.7491706406800746,0.6625980819529207,-0.016564952048822912,0.8729615622946885,0.7739929556846619
2,0,44,32,subject_embedding,0.5909747086351089,0.43735729885716523,0.7527887207132489,0.6669572798605057,-0.012205754141237923,0.8729615622946885,0.8493883013725281
2,0,44,8,structured_embedding,0.5152843852840365,0.46227268112408015,0.6876010781671159,0.6822144725370531,0.0030514385353095363,0.8729615622946885,0.8286452889442444
2,0,44,16,structured_embedding,0.7560572744508072,0.3370975086922112,0.8451897159444328,0.6656495204882301,-0.013513513513513487,0.8729615622946885,0.8902066349983215
2,0,44,32,structured_embedding,0.7144793555765825,0.383746878055289,0.8298465685258138,0.6630340017436791,-0.016129032258064502,0.8729615622946885,0.9760984182357788
2,0,44,8,decision_input,0.5824488324665199,0.43802671097543344,0.7449927431059506,0.6769834350479512,-0.0021795989537923832,0.8729615622946885,0.8478811383247375
2,0,44,16,decision_input,0.5986802191219301,0.42674330367840074,0.7552145967240306,0.6787271142109852,-0.00043591979075841003,0.8729615622946885,0.8746024370193481
2,0,44,32,decision_input,0.788565854182838,0.3242443790769799,0.8762595894671367,0.6704446381865736,-0.008718395815169977,0.8729615622946885,0.919636070728302
2,1,42,8,activity_raw,0.6513959403290565,1.1040309424480301,0.7430278459404673,0.695045045045045,0.029729729729729648,2.4206487391649687,1.584818720817566
2,1,42,16,activity_raw,0.9258165535559084,0.5021040465843292,0.960514243038515,0.7211711711711711,0.05585585585585573,2.4206487391649687,1.9781007766723633
2,1,42,32,activity_raw,0.9254417077700825,0.5076821141820698,0.9571962018563961,0.7234234234234235,0.05810810810810807,2.4206487391649687,1.9953186511993408
2,1,42,8,activity_context,0.5965782702089099,1.18873058785,0.6949109143283901,0.6900900900900901,0.024774774774774744,2.4206487391649687,1.513102650642395
2,1,42,16,activity_context,0.9114220544912126,0.5413073523670197,0.957153526085565,0.7189189189189189,0.0536036036036035,2.4206487391649687,1.9139407873153687
2,1,42,32,activity_context,0.9138311689869427,0.5382469528958372,0.9546996692627762,0.7166666666666667,0.05135135135135127,2.4206487391649687,1.9458938837051392
2,1,42,8,subject_embedding,0.5098917854283002,1.3363809602057124,0.5749279846367226,0.6837837837837838,0.01846846846846839,2.4206487391649687,1.2795003652572632
2,1,42,16,subject_embedding,0.5832567036433772,1.2129193080323275,0.6038194814893845,0.6752252252252253,0.00990990990990992,2.4206487391649687,1.523222804069519
2,1,42,32,subject_embedding,0.6083014269415326,1.1541722893725581,0.5765069881574736,0.686036036036036,0.02072072072072062,2.4206487391649687,1.7896130084991455
2,1,42,8,structured_embedding,0.7047132420142388,1.034838498424638,0.7588925637469328,0.694144144144144,0.028828828828828645,2.4206487391649687,1.7327313423156738
2,1,42,16,structured_embedding,0.7265151138270114,1.0093602741936312,0.7325829510295531,0.6882882882882884,0.02297297297297296,2.4206487391649687,1.8879507780075073
2,1,42,32,structured_embedding,0.8143975861700667,0.8281998813267131,0.8171343219886911,0.6914414414414415,0.02612612612612608,2.4206487391649687,2.0207066535949707
2,1,42,8,decision_input,0.6842681047961828,1.046134819000162,0.7403286034353996,0.7013513513513513,0.03603603603603589,2.4206487391649687,1.7014191150665283
2,1,42,16,decision_input,0.7276761543226935,0.9905037136509203,0.778843486610477,0.6923423423423424,0.027027027027026973,2.4206487391649687,1.8413496017456055
2,1,42,32,decision_input,0.7900551495987277,0.8904300943906147,0.8090045876453644,0.6887387387387387,0.023423423423423295,2.4206487391649687,2.0434420108795166
2,1,43,8,activity_raw,0.7517484588460209,1.7301956094219324,0.8554358263096129,0.7842342342342342,0.021621621621621512,5.070816556876882,5.450901985168457
2,1,43,16,activity_raw,0.8071332746815747,1.5165158230979192,0.894772218073189,0.7806306306306305,0.018018018018017834,5.070816556876882,5.512966632843018
2,1,43,32,activity_raw,0.79808628166741,1.5063122335089656,0.8952629894377467,0.7864864864864864,0.02387387387387374,5.070816556876882,5.547298431396484
2,1,43,8,activity_context,0.6622485593156493,2.0122487989957634,0.7862157260215513,0.7801801801801802,0.0175675675675675,5.070816556876882,5.273581027984619
2,1,43,16,activity_context,0.7819119204564371,1.6476051285533164,0.8747786194388137,0.7801801801801801,0.017567567567567388,5.070816556876882,5.410867691040039
2,1,43,32,activity_context,0.7846846711058976,1.6097866109101682,0.8826629680998614,0.7842342342342342,0.021621621621621512,5.070816556876882,5.442266941070557
2,1,43,8,subject_embedding,0.6904793690501365,1.963430676734468,0.836573135602262,0.7747747747747747,0.012162162162162038,5.070816556876882,5.650367259979248
2,1,43,16,subject_embedding,0.6348061667234766,2.1355846886273566,0.8363704256908142,0.7783783783783784,0.015765765765765716,5.070816556876882,5.941904544830322
2,1,43,32,subject_embedding,0.6411600765417342,2.051326798800906,0.8302891283473809,0.7720720720720721,0.009459459459459363,5.070816556876882,5.8471550941467285
2,1,43,8,structured_embedding,0.658826905258266,2.254376375939238,0.8081297343433267,0.763063063063063,0.00045045045045033483,5.070816556876882,5.260941505432129
2,1,43,16,structured_embedding,0.6475913187264829,2.126612216757368,0.8061879867705111,0.7599099099099099,-0.002702702702702786,5.070816556876882,5.357259273529053
2,1,43,32,structured_embedding,0.5713847333010028,2.2800606259047664,0.8409260642270352,0.7765765765765766,0.013963963963963932,5.070816556876882,6.281362056732178
2,1,43,8,decision_input,0.670025937641881,2.0687147793059038,0.8075749493225223,0.7662162162162162,0.0036036036036034558,5.070816556876882,5.478102207183838
2,1,43,16,decision_input,0.6294162940176063,2.140307143703306,0.8295316334151287,0.7725225225225225,0.009909909909909809,5.070816556876882,5.873526096343994
2,1,43,32,decision_input,0.5539652404677988,2.3223131214500174,0.8370639069668196,0.7702702702702703,0.0076576576576575794,5.070816556876882,6.462528705596924
2,1,44,8,activity_raw,0.8638761959650457,0.4550609810805116,0.9226501653686121,0.6878378378378378,0.00045045045045044585,1.515469840448558,1.2821924686431885
2,1,44,16,activity_raw,0.9277654944109728,0.31906393486510104,0.9644190760695617,0.6783783783783783,-0.009009009009009028,1.515469840448558,1.298526644706726
2,1,44,32,activity_raw,0.9256544975448215,0.3232625608591626,0.9659020591059427,0.6788288288288289,-0.008558558558558471,1.515469840448558,1.2848567962646484
2,1,44,8,activity_context,0.8100345992446604,0.5423635085879259,0.8815213912301292,0.700900900900901,0.013513513513513598,1.515469840448558,1.2105635404586792
2,1,44,16,activity_context,0.8953710392023745,0.3879886476543978,0.9396457911021019,0.6941441441441442,0.006756756756756799,1.515469840448558,1.280145525932312
2,1,44,32,activity_context,0.9152648738608073,0.34834047916701427,0.9571428571428572,0.6864864864864866,-0.0009009009009007807,1.515469840448558,1.295965313911438
2,1,44,8,subject_embedding,0.5821056136926553,0.7832223790415037,0.7797823535687614,0.6680180180180181,-0.019369369369369283,1.515469840448558,1.1892924308776855
2,1,44,16,subject_embedding,0.6515931629694085,0.6683677678594246,0.8000320068281234,0.6499999999999999,-0.03738738738738745,1.515469840448558,1.2868667840957642
2,1,44,32,subject_embedding,0.7326548870466659,0.5989309335848236,0.828550090686013,0.6387387387387387,-0.04864864864864871,1.515469840448558,1.357805848121643
2,1,44,8,structured_embedding,0.7245458923890704,0.5952285285951352,0.8400832177531208,0.6662162162162162,-0.021171171171171177,1.515469840448558,1.2023674249649048
2,1,44,16,structured_embedding,0.7436085620184609,0.571195054214378,0.8466659554038195,0.672972972972973,-0.014414414414414378,1.515469840448558,1.2434592247009277
2,1,44,32,structured_embedding,0.8309335533857118,0.5092200984487945,0.8836551797716847,0.6855855855855856,-0.0018018018018017834,1.515469840448558,1.3190820217132568
2,1,44,8,decision_input,0.8178672509429621,0.5147481761081764,0.8831857462925425,0.6698198198198199,-0.0175675675675675,1.515469840448558,1.2670003175735474
2,1,44,16,decision_input,0.8316263659833064,0.5020302874615438,0.8847754187560013,0.6707207207207208,-0.016666666666666607,1.515469840448558,1.307456612586975
2,1,44,32,decision_input,0.8802380191332115,0.4212692426701669,0.9182225541448843,0.6833333333333333,-0.004054054054054013,1.515469840448558,1.3631974458694458
2,2,42,8,activity_raw,0.4618320090541803,0.6433597843807387,0.6656745595923209,0.7493150684931508,-0.005936073059360725,1.111979539893556,0.6450874209403992
2,2,42,16,activity_raw,0.7704875727500493,0.4114892953019525,0.9069432851557353,0.7584474885844749,0.0031963470319633647,1.111979539893556,0.7483161687850952
2,2,42,32,activity_raw,0.7616279065405633,0.4201465754740985,0.8953674823177964,0.7529680365296804,-0.0022831050228311334,1.111979539893556,0.7513857483863831
2,2,42,8,activity_context,0.44378408515169,0.6519808352987627,0.64180907613232,0.7511415525114156,-0.004109589041095929,1.111979539893556,0.6331533789634705
2,2,42,16,activity_context,0.7364352417549305,0.4404139755761668,0.8885581865307737,0.7561643835616438,0.0009132420091323423,1.111979539893556,0.7233990430831909
2,2,42,32,activity_context,0.7464482004756049,0.43195033080690487,0.8946975354742345,0.7534246575342466,-0.0018264840182649067,1.111979539893556,0.740768551826477
2,2,42,8,subject_embedding,0.4173335037160095,0.6640781262739989,0.666531212933269,0.7525114155251141,-0.00273972602739736,1.111979539893556,0.4486173987388611
2,2,42,16,subject_embedding,0.4586989256844156,0.6528845124576179,0.6743399376180645,0.7484018264840182,-0.006849315068493289,1.111979539893556,0.49328550696372986
2,2,42,32,subject_embedding,0.3725413985057672,0.7280098240010535,0.5718380705530905,0.7447488584474886,-0.01050228310502288,1.111979539893556,0.6456010341644287
2,2,42,8,structured_embedding,0.37222079702023103,0.6827854412954358,0.6130672582699996,0.7552511415525114,-1.1102230246251565e-16,1.111979539893556,0.516965925693512
2,2,42,16,structured_embedding,0.5429457291541827,0.5660900851373127,0.7405109168387295,0.7470319634703195,-0.008219178082191969,1.111979539893556,0.6782989501953125
2,2,42,32,structured_embedding,0.5208703180000056,0.5815068846908242,0.6907810921231824,0.7570776255707763,0.0018264840182647957,1.111979539893556,0.770811140537262
2,2,42,8,decision_input,0.4139604717771487,0.6552327434886679,0.6638074946184598,0.7547945205479453,-0.0004566210045662267,1.111979539893556,0.5072870850563049
2,2,42,16,decision_input,0.42700475437491126,0.6603704542736172,0.6463449457452884,0.739269406392694,-0.01598173515981749,1.111979539893556,0.5448999404907227
2,2,42,32,decision_input,0.44249878449518854,0.6863646103103747,0.6227759961340773,0.7506849315068493,-0.004566210045662156,1.111979539893556,0.7842124700546265
2,2,43,8,activity_raw,0.5778314891446923,0.49057176134337777,0.7999055484777929,0.7968036529680366,-0.006849315068493067,0.9349913721796679,0.5800071358680725
2,2,43,16,activity_raw,0.8192093111866838,0.3166909452012859,0.9413851425559022,0.7926940639269406,-0.010958904109588996,0.9349913721796679,0.6498826742172241
2,2,43,32,activity_raw,0.7897821427545718,0.3504272101540689,0.9083490752537013,0.7917808219178082,-0.01187214611872145,0.9349913721796679,0.6977226138114929
2,2,43,8,activity_context,0.5680513097207365,0.4961494512738805,0.7800377806088828,0.7922374429223744,-0.011415525114155223,0.9349913721796679,0.584826648235321
2,2,43,16,activity_context,0.7911787294515594,0.3391773939021001,0.929765408777402,0.7904109589041096,-0.013242009132420018,0.9349913721796679,0.6434632539749146
2,2,43,32,activity_context,0.7614293251189612,0.3707904596668242,0.8930391424680403,0.7913242009132421,-0.012328767123287565,0.9349913721796679,0.697794497013092
2,2,43,8,subject_embedding,0.36452606613965854,0.6146825843287407,0.6477177876378333,0.7808219178082192,-0.022831050228310446,0.9349913721796679,0.5706968903541565
2,2,43,16,subject_embedding,0.4552600790128438,0.5686199609961519,0.6939331371084656,0.7872146118721461,-0.016438356164383494,0.9349913721796679,0.572295606136322
2,2,43,32,subject_embedding,0.4637300128104367,0.5736867100038419,0.690583402890656,0.7867579908675799,-0.01689497716894972,0.9349913721796679,0.6079675555229187
2,2,43,8,structured_embedding,0.15868834354262018,0.6946726422551122,0.46779862056846633,0.784931506849315,-0.018721461187214627,0.9349913721796679,0.5078833699226379
2,2,43,16,structured_embedding,0.3995915129601002,0.578928436625084,0.6893533365549357,0.7931506849315069,-0.01050228310502277,0.9349913721796679,0.569196343421936
2,2,43,32,structured_embedding,0.6155160736489605,0.4601406988489671,0.7905921890787683,0.7940639269406393,-0.009589041095890316,0.9349913721796679,0.6778057217597961
2,2,43,8,decision_input,0.41276129775685877,0.5835743044851806,0.6714624610112903,0.7808219178082191,-0.022831050228310557,0.9349913721796679,0.5657199025154114
2,2,43,16,decision_input,0.4357472681884067,0.5776921510510614,0.7115714097438827,0.7867579908675799,-0.01689497716894972,0.9349913721796679,0.5769518613815308
2,2,43,32,decision_input,0.5975041027945036,0.4727493404150578,0.7823441549883583,0.7922374429223744,-0.011415525114155223,0.9349913721796679,0.6411975026130676
2,2,44,8,activity_raw,0.7831524570932553,0.4256187707786818,0.8824627685278742,0.7552511415525114,0.06392694063926929,1.1773917443360729,0.9339612722396851
2,2,44,16,activity_raw,0.9225090922522258,0.24674225659065813,0.9633725783069016,0.7452054794520547,0.05388127853881264,1.1773917443360729,1.0111817121505737
2,2,44,32,activity_raw,0.927453906328419,0.23496521160977452,0.9652616087510434,0.7456621004566211,0.054337899543378976,1.1773917443360729,1.0180060863494873
2,2,44,8,activity_context,0.6694233526990337,0.515532091859521,0.8015200105434258,0.7429223744292237,0.051598173515981616,1.1773917443360729,0.8712145686149597
2,2,44,16,activity_context,0.875775891336613,0.3247820610828522,0.9348833633528094,0.7525114155251141,0.06118721461187204,1.1773917443360729,0.9681267142295837
2,2,44,32,activity_context,0.9114268750338638,0.26109613022042893,0.9556736809735097,0.7401826484018266,0.04885844748858448,1.1773917443360729,1.0029492378234863
2,2,44,8,subject_embedding,0.6277269709797701,0.5634414569838845,0.7567214339059,0.7351598173515981,0.043835616438355984,1.1773917443360729,0.8442115783691406
2,2,44,16,subject_embedding,0.6482013437019377,0.5379498870869022,0.7938430786803146,0.7397260273972603,0.04840182648401825,1.1773917443360729,0.853147029876709
2,2,44,32,subject_embedding,0.6738272772327998,0.5143158366346937,0.816994684356192,0.7136986301369862,0.022374429223744108,1.1773917443360729,0.8761845231056213
2,2,44,8,structured_embedding,0.4602547283929992,0.644958233819242,0.7092870008346879,0.7438356164383562,0.05251141552511407,1.1773917443360729,0.8469813466072083
2,2,44,16,structured_embedding,0.575839908219524,0.5964361557308661,0.786737249044502,0.734703196347032,0.04337899543378987,1.1773917443360729,0.919730544090271
2,2,44,32,structured_embedding,0.6868279757815041,0.5176371830182336,0.8355225585379784,0.7470319634703196,0.055707762557077545,1.1773917443360729,0.993863582611084
2,2,44,8,decision_input,0.5004812138604483,0.6404035980690259,0.6787440144093485,0.7424657534246575,0.05114155251141539,1.1773917443360729,0.7478756904602051
2,2,44,16,decision_input,0.7829590486093776,0.409236186420823,0.8879431533629135,0.7415525114155251,0.05022831050228305,1.1773917443360729,1.0202072858810425
2,2,44,32,decision_input,0.8218962617586353,0.3547836817543697,0.9081843342265958,0.7333333333333334,0.0420091324200913,1.1773917443360729,1.0341413021087646
3,0,42,8,activity_raw,0.17469762849979809,0.5624696443680727,0.41514617458013686,0.7088055797733217,0.00523103748910192,0.7930597576601615,0.3584616780281067
3,0,42,16,activity_raw,0.6896773308359792,0.3573857318183306,0.8416649388347501,0.7258064516129031,0.022231909328683352,0.7930597576601615,0.6028077602386475
3,0,42,32,activity_raw,0.6675406659896044,0.35178185741270873,0.8252747252747252,0.7197035745422842,0.01612903225806439,0.7930597576601615,0.614134669303894
3,0,42,8,activity_context,0.17882813819566068,0.5654852041361229,0.43514410118183705,0.7122929380993896,0.008718395815169866,0.7930597576601615,0.3901609778404236
3,0,42,16,activity_context,0.6475910885580403,0.37130365940772075,0.8061061579929504,0.7231909328683522,0.019616390584132448,0.7930597576601615,0.5865827202796936
3,0,42,32,activity_context,0.6618012568246798,0.35092628656278757,0.830810698735227,0.7192676547515257,0.01569311246730587,0.7930597576601615,0.5970584750175476
3,0,42,8,subject_embedding,0.14346154316391624,0.5703556091985568,0.33658511300020727,0.7088055797733217,0.00523103748910192,0.7930597576601615,0.3400457799434662
3,0,42,16,subject_embedding,0.14598146509417453,0.5905488164460958,0.30885341074020317,0.7136006974716653,0.01002615518744554,0.7930597576601615,0.4436444044113159
3,0,42,32,subject_embedding,-0.10358506358296471,0.6420566789582914,0.2554945054945055,0.7197035745422843,0.016129032258064502,0.7930597576601615,0.5715723633766174
3,0,42,8,structured_embedding,0.19779819101428997,0.5269385612834948,0.4609371760315156,0.7127288578901482,0.009154315605928387,0.7930597576601615,0.4999851584434509
3,0,42,16,structured_embedding,0.21727499310310516,0.5289415285439744,0.5247149077337757,0.7083696599825632,0.0047951176983433985,0.7930597576601615,0.6528913974761963
3,0,42,32,structured_embedding,0.19409044127388408,0.5428067564181224,0.5804582210242587,0.7066259808195292,0.0030514385353094253,0.7930597576601615,0.8156881332397461
3,0,42,8,decision_input,0.15271835918133458,0.5475755043274633,0.3915198009537632,0.7109851787271143,0.007410636442894525,0.7930597576601615,0.5184038877487183
3,0,42,16,decision_input,0.16174932941782771,0.5596586436355043,0.4315467551316608,0.7127288578901482,0.009154315605928387,0.7930597576601615,0.5873175263404846
3,0,42,32,decision_input,0.046290994736669755,0.5941172742232523,0.4069562512958739,0.7144725370531823,0.010897994768962471,0.7930597576601615,0.648100733757019
3,0,43,8,activity_raw,0.4642748861698833,0.9854581086050205,0.6785714285714285,0.7192676547515258,0.03356582388840468,1.6845236639518328,0.9999263882637024
3,0,43,16,activity_raw,0.7955633218952021,0.5923483206330762,0.9103151565415717,0.7489102005231038,0.06320836965998267,1.6845236639518328,1.2345211505889893
3,0,43,32,activity_raw,0.7819595095178508,0.6189405653482342,0.8880053908355795,0.7484742807323452,0.06277244986922415,1.6845236639518328,1.3390271663665771
3,0,43,8,activity_context,0.379412862499485,1.0624543995725986,0.6225378395189716,0.7149084568439407,0.02920662598081958,1.6845236639518328,0.9778690338134766
3,0,43,16,activity_context,0.7565508193339459,0.6413817903513235,0.8928053078996474,0.7432432432432432,0.057541412380122114,1.6845236639518328,1.2338184118270874
3,0,43,32,activity_context,0.7604037123212632,0.6353441889045731,0.8861600663487454,0.7489102005231038,0.06320836965998267,1.6845236639518328,1.330302357673645
3,0,43,8,subject_embedding,0.13551135921985946,1.195273385044415,0.4560128550694588,0.7088055797733217,0.023103748910200617,1.6845236639518328,1.0674500465393066
3,0,43,16,subject_embedding,-0.023598953322330196,1.3272556596991512,0.39630935102633214,0.7031386224934613,0.017436791630340176,1.6845236639518328,1.1449954509735107
3,0,43,32,subject_embedding,-0.013575175798228312,1.3167213288414825,0.4120982790794111,0.6939843068875327,0.008282476024411567,1.6845236639518328,1.241056203842163
3,0,43,8,structured_embedding,0.028591011336874583,1.2818661029548593,0.3918100767157371,0.7057541412380122,0.02005231037489108,1.6845236639518328,1.0516252517700195
3,0,43,16,structured_embedding,0.12191967554232619,1.203159044586158,0.4768816089570806,0.7109851787271142,0.02528334786399311,1.6845236639518328,1.1544297933578491
3,0,43,32,structured_embedding,0.26882475310665743,1.0685383629659329,0.594267053701016,0.7345248474280731,0.048823016564952026,1.6845236639518328,1.2751046419143677
3,0,43,8,decision_input,0.24503355588559128,1.147636013428877,0.5665560854240099,0.7153443766346992,0.0296425457715781,1.6845236639518328,1.0502313375473022
3,0,43,16,decision_input,0.23851251840799537,1.0970553163787977,0.5410947543023015,0.7236268526591108,0.037925021795989666,1.6845236639518328,1.2654128074645996
3,0,43,32,decision_input,0.1723013834142577,1.2143169763217367,0.5400062201948994,0.7136006974716652,0.027898866608544126,1.6845236639518328,1.3291635513305664
3,0,44,8,activity_raw,0.8437787007006801,0.4700023257203461,0.9162243416960398,0.7724498692240628,0.04620749782040101,1.5668994483977299,1.2103983163833618
3,0,44,16,activity_raw,0.8967731742543689,0.3990915906006866,0.9546340452000829,0.7728857890148212,0.04664341761115942,1.5668994483977299,1.2604808807373047
3,0,44,32,activity_raw,0.8991810318453194,0.3858167884626858,0.9607091022185361,0.7702702702702704,0.04402789886660863,1.5668994483977299,1.2484214305877686
3,0,44,8,activity_context,0.8299298562264734,0.49740118656046883,0.923066556085424,0.7707061900610287,0.04446381865736693,1.5668994483977299,1.1327439546585083
3,0,44,16,activity_context,0.8925016856831691,0.42853581372531846,0.9426083350611653,0.7702702702702703,0.04402789886660852,1.5668994483977299,1.2620127201080322
3,0,44,32,activity_context,0.8930771870044192,0.4090526326413064,0.950165871863985,0.7702702702702703,0.04402789886660852,1.5668994483977299,1.2465441226959229
3,0,44,8,subject_embedding,0.23202271845715217,1.0682252684786082,0.5106054323035455,0.7162162162162162,-0.01002615518744554,1.5668994483977299,0.6953518390655518
3,0,44,16,subject_embedding,0.3699433019531714,0.9560430919803018,0.600321376736471,0.7201394943330427,-0.006102877070619073,1.5668994483977299,0.8543558716773987
3,0,44,32,subject_embedding,0.38769696333854,0.9449533053763,0.5932718225171054,0.7288578901482127,0.0026155187445509043,1.5668994483977299,0.934403121471405
3,0,44,8,structured_embedding,0.14875941605923326,1.1332358607830484,0.4041571635911258,0.7384481255448998,0.012205754141238034,1.5668994483977299,0.750872790813446
3,0,44,16,structured_embedding,0.32635590911182166,0.9939829025350261,0.6017934895293385,0.7476024411508282,0.02136006974716642,1.5668994483977299,0.9106373190879822
3,0,44,32,structured_embedding,0.5767805652036654,0.795617512781899,0.7337238233464648,0.7685265911072362,0.04228421970357443,1.5668994483977299,1.162624478340149
3,0,44,8,decision_input,0.0690321328684439,1.1825140827413898,0.34823761144515863,0.7284219703574542,0.0021795989537923832,1.5668994483977299,0.6547229290008545
3,0,44,16,decision_input,0.2307114326676184,1.0679677922451922,0.5039290897781463,0.7266782911944202,0.00043591979075841003,1.5668994483977299,0.8615782260894775
3,0,44,32,decision_input,0.4825141945552749,0.8992762750568959,0.7206303130831433,0.7414995640802092,0.01525719267654746,1.5668994483977299,1.1783380508422852
3,1,42,8,activity_raw,0.7870077616732013,0.6286453216345292,0.8671677379224549,0.6965998256320837,-0.03007846556233662,1.8530812216485246,1.459513545036316
3,1,42,16,activity_raw,0.8832676257993525,0.45353188500674013,0.9435931992535767,0.7053182214472538,-0.021360069747166532,1.8530812216485246,1.478235125541687
3,1,42,32,activity_raw,0.8934285149878349,0.4345331595520009,0.9375077752436243,0.7040104620749782,-0.022667829119442096,1.8530812216485246,1.5249543190002441
3,1,42,8,activity_context,0.7563145117508686,0.6790426243876178,0.8550694588430438,0.6904969485614647,-0.03618134263295558,1.8530812216485246,1.4591232538223267
3,1,42,16,activity_context,0.822506019695674,0.5524903314908783,0.8960398092473564,0.6939843068875327,-0.032693984306887636,1.8530812216485246,1.4905364513397217
3,1,42,32,activity_context,0.8700263757296247,0.46824333800308804,0.9288617043334024,0.7096774193548387,-0.017000871839581544,1.8530812216485246,1.506295084953308
3,1,42,8,subject_embedding,0.5309868456531563,0.9656216628607733,0.610232220609579,0.7384481255448997,0.011769834350479402,1.8530812216485246,1.1253176927566528
3,1,42,16,subject_embedding,0.6203746061547137,0.9016973474231318,0.6945780634459879,0.7136006974716652,-0.013077593722755076,1.8530812216485246,1.2337884902954102
3,1,42,32,subject_embedding,0.6430946015609827,0.8782202228192009,0.6963300850093302,0.7236268526591108,-0.0030514385353095363,1.8530812216485246,1.2757987976074219
3,1,42,8,structured_embedding,0.6698630487466113,0.7798591256054055,0.7591644204851751,0.7031386224934613,-0.023539668700959027,1.8530812216485246,1.6225371360778809
3,1,42,16,structured_embedding,0.7174497295729705,0.6843206229855984,0.7965685258138088,0.7175239755884917,-0.009154315605928609,1.8530812216485246,1.5894231796264648
3,1,42,32,structured_embedding,0.8113736640383586,0.6059511537438188,0.8582417582417583,0.6634699215344377,-0.06320836965998256,1.8530812216485246,1.6302249431610107
3,1,42,8,decision_input,0.7176700735487954,0.7399186558735898,0.7710864607091023,0.6870095902353966,-0.03966870095902364,1.8530812216485246,1.5094002485275269
3,1,42,16,decision_input,0.7089422739346066,0.7634410714207424,0.7755339000622019,0.6944202266782912,-0.032258064516129115,1.8530812216485246,1.65057373046875
3,1,42,32,decision_input,0.7599677232215425,0.6565044773075492,0.8090400165871864,0.6939843068875327,-0.032693984306887636,1.8530812216485246,1.5902154445648193
3,1,43,8,activity_raw,0.9434803724281028,0.2927726642714717,0.9784677586564379,0.6643417611159548,0.008718395815169977,1.5741362039304247,1.3302223682403564
3,1,43,16,activity_raw,0.9544576859880382,0.26547814671284453,0.981743727970143,0.6639058413251961,0.008282476024411345,1.5741362039304247,1.390055537223816
3,1,43,32,activity_raw,0.9384380969921347,0.29954101153098267,0.9700808625336926,0.6547515257192676,-0.0008718395815171531,1.5741362039304247,1.3999704122543335
3,1,43,8,activity_context,0.9144513929522636,0.3778160147713017,0.9604499274310595,0.6687009590235397,0.013077593722754854,1.5741362039304247,1.3000805377960205
3,1,43,16,activity_context,0.942019341198588,0.31579170560311526,0.9747356417167737,0.6639058413251961,0.008282476024411345,1.5741362039304247,1.3737905025482178
3,1,43,32,activity_context,0.9416485860099018,0.3106451722096973,0.9721957287995024,0.6604184829991282,0.0047951176983433985,1.5741362039304247,1.3766753673553467
3,1,43,8,subject_embedding,0.6567427375618733,0.6989453439290018,0.783589052456977,0.6373147340889276,-0.018308631211857218,1.5741362039304247,1.1802359819412231
3,1,43,16,subject_embedding,0.6720315763540491,0.6864552252990972,0.7959776072983621,0.6307759372275502,-0.02484742807323459,1.5741362039304247,1.216653823852539
3,1,43,32,subject_embedding,0.6909926915528602,0.6667029256240654,0.8033278042712004,0.627288578901482,-0.028334786399302758,1.5741362039304247,1.273488163948059
3,1,43,8,structured_embedding,0.5147168348975835,0.8771163080465798,0.7031308314327183,0.6399302528334787,-0.015693112467306092,1.5741362039304247,1.1633827686309814
3,1,43,16,structured_embedding,0.7571786554591584,0.6063595390057122,0.8760626166286545,0.6639058413251961,0.008282476024411345,1.5741362039304247,1.4631267786026
3,1,43,32,structured_embedding,0.8385227361263117,0.48700455245995594,0.917043334024466,0.6578029642545772,0.0021795989537923832,1.5741362039304247,1.521734595298767
3,1,43,8,decision_input,0.6666972894266188,0.6868803099443404,0.7907630105743313,0.6251089799476895,-0.030514385353095252,1.5741362039304247,1.2149591445922852
3,1,43,16,decision_input,0.7802914217045035,0.576733786536698,0.8691063653327805,0.6325196163905842,-0.023103748910200617,1.5741362039304247,1.347367763519287
3,1,43,32,decision_input,0.8222833655896489,0.5241189989241364,0.9028198216877462,0.6477768090671316,-0.007846556233653157,1.5741362039304247,1.4675626754760742
3,1,44,8,activity_raw,0.6447387492025816,0.5524755311678154,0.7835061165249844,0.7175239755884917,0.006538796861377483,1.2047359578959065,0.9739536643028259
3,1,44,16,activity_raw,0.9185905000150152,0.2670389016944946,0.9559506531204643,0.7279860505666957,0.017000871839581544,1.2047359578959065,1.0255917310714722
3,1,44,32,activity_raw,0.9053909117043805,0.28936753312709895,0.9476466929297117,0.7310374891020053,0.02005231037489108,1.2047359578959065,1.0151290893554688
3,1,44,8,activity_context,0.7504349753208306,0.5011043875684296,0.8633008500933028,0.7262423714036617,0.01525719267654746,1.2047359578959065,0.9049170017242432
3,1,44,16,activity_context,0.8946624957881133,0.3189882038174708,0.9400062201948994,0.7192676547515257,0.008282476024411456,1.2047359578959065,0.9856013059616089
3,1,44,32,activity_context,0.9078286337255261,0.2915168684562257,0.9425046651461746,0.7249346120313862,0.013949433304272008,1.2047359578959065,1.0224525928497314
3,1,44,8,subject_embedding,0.4258631589916472,0.739576976059274,0.5928053078996475,0.7205754141238012,0.009590235396687019,1.2047359578959065,0.7935129404067993
3,1,44,16,subject_embedding,0.5983668105931345,0.6173373221522716,0.7167530582624921,0.7244986922406277,0.013513513513513487,1.2047359578959065,0.9203837513923645
3,1,44,32,subject_embedding,0.6168982336164385,0.5817000196432444,0.7435931992535767,0.7127288578901482,0.0017436791630339732,1.2047359578959065,0.9612892270088196
3,1,44,8,structured_embedding,0.6614728029696326,0.5707343163190044,0.7855069458843044,0.7096774193548387,-0.0013077593722754521,1.2047359578959065,1.0167101621627808
3,1,44,16,structured_embedding,0.7400605629621948,0.5011542634408708,0.8370827285921626,0.7109851787271142,0.0,1.2047359578959065,1.099398136138916
3,1,44,32,structured_embedding,0.7751742726279438,0.44071685691398327,0.8515343147418619,0.7083696599825632,-0.0026155187445510153,1.2047359578959065,1.074902057647705
3,1,44,8,decision_input,0.6196181424253973,0.6001064481075242,0.7462160481028405,0.7149084568439407,0.003923278116826467,1.2047359578959065,0.9502211809158325
3,1,44,16,decision_input,0.8023368796659062,0.41160087595507555,0.870277835372175,0.7109851787271142,0.0,1.2047359578959065,1.1013649702072144
3,1,44,32,decision_input,0.8142844046289125,0.42269183392635057,0.8856624507567903,0.7122929380993896,0.0013077593722754521,1.2047359578959065,1.1371204853057861
3,2,42,8,activity_raw,0.5672430621957777,0.9094705976030567,0.7433993761806441,0.826027397260274,0.02100456621004565,1.7782121056855318,1.1532164812088013
3,2,42,16,activity_raw,0.7292328667586676,0.749659811573604,0.8224970346615122,0.8283105022831051,0.023287671232876783,1.7782121056855318,1.333917498588562
3,2,42,32,activity_raw,0.7312807564783035,0.7403429819724612,0.8289878311294645,0.8210045662100456,0.015981735159817267,1.7782121056855318,1.3224960565567017
3,2,42,8,activity_context,0.5476964538507467,0.9343975024094043,0.7126147695822168,0.8251141552511416,0.020091324200913308,1.7782121056855318,1.1539102792739868
3,2,42,16,activity_context,0.6949551612043485,0.793265987639408,0.7990049641962834,0.8305936073059361,0.025570776255707806,1.7782121056855318,1.3321387767791748
3,2,42,32,activity_context,0.7173755467357418,0.7552557441178736,0.8145674998901727,0.8287671232876713,0.02374429223744301,1.7782121056855318,1.327074646949768
3,2,42,8,subject_embedding,0.4127296853427068,1.1253930862492085,0.6218973773228486,0.8228310502283106,0.017808219178082285,1.7782121056855318,1.1569154262542725
3,2,42,16,subject_embedding,0.5004111111219023,1.0222664712631344,0.6787879453499099,0.8182648401826483,0.013242009132420018,1.7782121056855318,1.2275922298431396
3,2,42,32,subject_embedding,0.5761998747822474,0.9472749054155372,0.7070355401309142,0.826027397260274,0.02100456621004565,1.7782121056855318,1.30579674243927
3,2,42,8,structured_embedding,0.43687931355350196,1.020885025637383,0.6679589685015156,0.8146118721461186,0.009589041095890316,1.7782121056855318,1.096901297569275
3,2,42,16,structured_embedding,0.3610778303422445,1.1042625176802787,0.5941659710934412,0.8214611872146118,0.016438356164383494,1.7782121056855318,1.1707056760787964
3,2,42,32,structured_embedding,0.29981991216638015,1.1637233999091268,0.5482581382067391,0.8251141552511415,0.020091324200913196,1.7782121056855318,1.2614614963531494
3,2,42,8,decision_input,0.48166851103024155,1.0540070057688775,0.6622479462285288,0.8301369863013699,0.02511415525114158,1.7782121056855318,1.1572340726852417
3,2,42,16,decision_input,0.4859635025433504,1.0405196513498898,0.6592496595352108,0.821917808219178,0.01689497716894972,1.7782121056855318,1.3208192586898804
3,2,42,32,decision_input,0.5863940832626329,0.9644647319434357,0.7185674120282916,0.8232876712328767,0.0182648401826484,1.7782121056855318,1.3749589920043945
3,2,43,8,activity_raw,0.7329199763676927,0.4769206916306634,0.845538812985986,0.7200913242009133,0.0004566210045662267,1.1791431885250856,0.8418166041374207
3,2,43,16,activity_raw,0.8531803225138066,0.3441852880370539,0.931357905372754,0.7301369863013698,0.01050228310502277,1.1791431885250856,0.886366069316864
3,2,43,32,activity_raw,0.828746031636127,0.3731118057250732,0.9169265913983219,0.7264840182648401,0.006849315068493067,1.1791431885250856,0.8844994306564331
3,2,43,8,activity_context,0.7258842737284232,0.4906139913880403,0.8445723322936344,0.7264840182648402,0.006849315068493178,1.1791431885250856,0.8276124000549316
3,2,43,16,activity_context,0.7828466041284022,0.43551589352892073,0.8801563941483987,0.7356164383561644,0.01598173515981738,1.1791431885250856,0.8531609773635864
3,2,43,32,activity_context,0.8268224474988808,0.37697468788928895,0.9138843737644422,0.7305936073059361,0.010958904109589107,1.1791431885250856,0.8921791315078735
3,2,43,8,subject_embedding,0.6771045336285296,0.5216354130670875,0.840278082853754,0.7292237442922375,0.009589041095890427,1.1791431885250856,0.800708532333374
3,2,43,16,subject_embedding,0.7094181934259164,0.495122116961256,0.8447700215261609,0.7301369863013698,0.01050228310502277,1.1791431885250856,0.8483412265777588
3,2,43,32,subject_embedding,0.7103307874407103,0.5033539809111296,0.8508764222642007,0.728310502283105,0.008675799086757974,1.1791431885250856,0.8960236310958862
3,2,43,8,structured_embedding,0.548399229835612,0.618173002548563,0.760301805561657,0.7292237442922375,0.009589041095890427,1.1791431885250856,0.7048301100730896
3,2,43,16,structured_embedding,0.6841063076697125,0.5453150303740888,0.8173900628212449,0.7251141552511415,0.005479452054794498,1.1791431885250856,0.8533844947814941
3,2,43,32,structured_embedding,0.7841455668121222,0.46094894592639046,0.8753239906866407,0.726027397260274,0.006392694063926951,1.1791431885250856,0.9470105171203613
3,2,43,8,decision_input,0.6563245131130804,0.5478674849190346,0.8169837016210517,0.7351598173515982,0.015525114155251152,1.1791431885250856,0.806360125541687
3,2,43,16,decision_input,0.73261235911662,0.48870506138780406,0.8420792514167728,0.7223744292237443,0.002739726027397249,1.1791431885250856,0.9164363741874695
3,2,43,32,decision_input,0.7702868624254129,0.45428809937956294,0.8692285726837412,0.717351598173516,-0.0022831050228310223,1.1791431885250856,0.9387499690055847
3,2,44,8,activity_raw,0.693468677987271,0.38429098414906493,0.8175548038483504,0.7872146118721461,0.0036529680365297024,0.8908705581156678,0.6755710244178772
3,2,44,16,activity_raw,0.8556138713419753,0.25757565546290856,0.9254711593375216,0.7990867579908676,0.015525114155251152,0.8908705581156678,0.7217121720314026
3,2,44,32,activity_raw,0.8606356275499646,0.2608895292713117,0.9243069894126434,0.7968036529680366,0.01324200913242013,0.8908705581156678,0.7356511950492859
3,2,44,8,activity_context,0.7382817607154967,0.3724616845958958,0.8368734349602425,0.7931506849315069,0.009589041095890427,0.8908705581156678,0.6603872179985046
3,2,44,16,activity_context,0.8298450404837541,0.2853459711606556,0.8963339630101481,0.7977168949771689,0.014155251141552472,0.8908705581156678,0.7231582403182983
3,2,44,32,activity_context,0.8457187194638234,0.27932130060054255,0.9085577472213681,0.7968036529680366,0.01324200913242013,0.8908705581156678,0.745811939239502
3,2,44,8,subject_embedding,0.2516001885792265,0.589897889301346,0.4760246891885956,0.7753424657534247,-0.008219178082191747,0.8908705581156678,0.5761205554008484
3,2,44,16,subject_embedding,0.3369330253958477,0.5631115357549339,0.5503338751482669,0.7835616438356164,0.0,0.8908705581156678,0.5802461504936218
3,2,44,32,subject_embedding,0.21070856938260385,0.631373523319287,0.4917739313798709,0.7821917808219179,-0.001369863013698569,0.8908705581156678,0.6383199691772461
3,2,44,8,structured_embedding,0.19334669923532355,0.6175421683559658,0.41713526336598866,0.7776255707762556,-0.005936073059360836,0.8908705581156678,0.5997536778450012
3,2,44,16,structured_embedding,0.2764498152193614,0.5898109309668598,0.5614813513157316,0.7780821917808219,-0.005479452054794498,0.8908705581156678,0.6557646989822388
3,2,44,32,structured_embedding,0.465421678820106,0.4949352775020596,0.737194130826341,0.7826484018264841,-0.0009132420091323423,0.8908705581156678,0.7916859984397888
3,2,44,8,decision_input,0.21957522827082276,0.6065073784745277,0.434839432412248,0.7721461187214612,-0.011415525114155223,0.8908705581156678,0.574214518070221
3,2,44,16,decision_input,0.3447668706343112,0.5374394779793339,0.6052695163203443,0.780365296803653,-0.0031963470319634757,0.8908705581156678,0.6504108309745789
3,2,44,32,decision_input,0.39323723767299135,0.5510715184951063,0.6226661687826738,0.7808219178082192,-0.002739726027397249,0.8908705581156678,0.6547017097473145
4,0,42,8,activity_raw,0.30462239793897317,0.7806186458556308,0.5647003939456768,0.7571926765475152,0.007846556233652824,1.185011090485295,0.7435998916625977
4,0,42,16,activity_raw,0.6447169125561527,0.5426112293287854,0.8242380261248186,0.7476024411508282,-0.0017436791630341952,1.185011090485295,0.7605096697807312
4,0,42,32,activity_raw,0.61304654801915,0.5831552549026351,0.7687746216048102,0.7493461203138623,-1.1102230246251565e-16,1.185011090485295,0.7805346250534058
4,0,42,8,activity_context,0.30765522040964444,0.7758412856888304,0.5567903794318888,0.7550130775937227,0.00566695727986033,1.185011090485295,0.7399054169654846
4,0,42,16,activity_context,0.6220688698609518,0.549616521988068,0.8162761766535351,0.7436791630340018,-0.005666957279860552,1.185011090485295,0.7829450368881226
4,0,42,32,activity_context,0.5922086660391661,0.5995543595349897,0.7795251917893428,0.7480383609415868,-0.0013077593722755632,1.185011090485295,0.7850812077522278
4,0,42,8,subject_embedding,0.2285962592503037,0.8690166564254306,0.4365125440597139,0.7375762859633828,-0.011769834350479624,1.185011090485295,0.6498494148254395
4,0,42,16,subject_embedding,0.1916203255604937,0.8685814587862455,0.43701015965166906,0.7423714036617263,-0.006974716652136115,1.185011090485295,0.7233277559280396
4,0,42,32,subject_embedding,0.11309087124516493,0.9083403949832057,0.421978021978022,0.7510897994768964,0.0017436791630339732,1.185011090485295,0.8583108186721802
4,0,42,8,structured_embedding,0.2605207567650004,0.8034810172635873,0.5367095168981961,0.7497820401046207,0.000435919790758299,1.185011090485295,0.7201575636863708
4,0,42,16,structured_embedding,0.3237853028704588,0.7797786882964124,0.5720609579100144,0.7449869224062773,-0.0043591979075850995,1.185011090485295,0.7757462859153748
4,0,42,32,structured_embedding,0.3851360837018829,0.742770034806456,0.6153638814016171,0.7423714036617263,-0.006974716652136115,1.185011090485295,0.8017536997795105
4,0,42,8,decision_input,0.28523776529776357,0.7932646006606558,0.5339311631764462,0.7519616390584131,0.0026155187445506822,1.185011090485295,0.7102934718132019
4,0,42,16,decision_input,0.29502913088754257,0.8186840778643633,0.5474186191167324,0.7454228421970357,-0.0039232781168266895,1.185011090485295,0.7161808609962463
4,0,42,32,decision_input,0.27431583303902196,0.8233598710192856,0.544121915820029,0.7449869224062772,-0.0043591979075852105,1.185011090485295,0.822473406791687
4,0,43,8,activity_raw,0.6732847166057074,0.5048249573236179,0.8087082728592162,0.7480383609415867,0.003923278116826467,1.1005042892177495,0.8393710851669312
4,0,43,16,activity_raw,0.8502440038262935,0.34763064369809965,0.9342318059299191,0.7541412380122058,0.01002615518744554,1.1005042892177495,0.8465887904167175
4,0,43,32,activity_raw,0.8479753018690507,0.3538571512784708,0.9239477503628446,0.7550130775937227,0.010897994768962471,1.1005042892177495,0.8730923533439636
4,0,43,8,activity_context,0.6723760274708193,0.4969254873906001,0.8059402861289654,0.7541412380122057,0.010026155187445429,1.1005042892177495,0.828806459903717
4,0,43,16,activity_context,0.7722372706831995,0.41973700499362254,0.874155090192826,0.7563208369659983,0.012205754141238034,1.1005042892177495,0.8494462370872498
4,0,43,32,activity_context,0.7830389085118348,0.4259752746079465,0.8796288617043334,0.7497820401046208,0.005666957279860552,1.1005042892177495,0.8694641590118408
4,0,43,8,subject_embedding,0.4182870286258741,0.6680102740106685,0.6474600870827286,0.7340889276373147,-0.01002615518744554,1.1005042892177495,0.8589087724685669
4,0,43,16,subject_embedding,0.38093775104926564,0.690588277854945,0.627234086668049,0.7449869224062773,0.0008718395815170421,1.1005042892177495,0.9453652501106262
4,0,43,32,subject_embedding,0.4689889938027869,0.6452266331318158,0.703701015965167,0.7567567567567567,0.012641673931996444,1.1005042892177495,0.9703973531723022
4,0,43,8,structured_embedding,0.5989518506475893,0.5229064934588086,0.7486211901306241,0.7502179598953793,0.006102877070619073,1.1005042892177495,0.949751079082489
4,0,43,16,structured_embedding,0.6395937163121119,0.5073075298457032,0.7670951689819614,0.7489102005231038,0.0047951176983435095,1.1005042892177495,0.8864914774894714
4,0,43,32,structured_embedding,0.6837223508865518,0.4670853410121282,0.8052456976985278,0.7545771578029642,0.01046207497820395,1.1005042892177495,0.8477767109870911
4,0,43,8,decision_input,0.5382212898407542,0.5829834386122338,0.7217810491395397,0.7414995640802092,-0.0026155187445510153,1.1005042892177495,0.8816145658493042
4,0,43,16,decision_input,0.6147928987255251,0.5243291528216489,0.7751503213767365,0.7519616390584133,0.007846556233653046,1.1005042892177495,0.9419682621955872
4,0,43,32,decision_input,0.669147766618799,0.4821850116297204,0.7927016379846569,0.7467306015693111,0.0026155187445509043,1.1005042892177495,0.9480269551277161
4,0,44,8,activity_raw,0.6699565211451192,0.4164178131566965,0.820744349989633,0.8064516129032258,0.037489102005231034,0.9661802212746058,0.8407649397850037
4,0,44,16,activity_raw,0.8423803131155214,0.2940713964953177,0.9170951689819614,0.7920662598081953,0.023103748910200617,0.9661802212746058,0.8533945679664612
4,0,44,32,activity_raw,0.8456288018952185,0.28289465941605685,0.9242069251503213,0.7855274629468177,0.016564952048823023,0.9661802212746058,0.8585559129714966
4,0,44,8,activity_context,0.5132348917688209,0.5175442868521878,0.7310076715737094,0.8112467306015693,0.042284219703574544,0.9661802212746058,0.8019877672195435
4,0,44,16,activity_context,0.8047858815436477,0.3191560041946516,0.8960709102218536,0.7938099389712292,0.02484742807323448,0.9661802212746058,0.8395511507987976
4,0,44,32,activity_context,0.8225376375243166,0.30080125376317896,0.9131038772548206,0.7925021795989537,0.023539668700959027,0.9661802212746058,0.8510266542434692
4,0,44,8,subject_embedding,0.5937308698569825,0.510022283744337,0.7759278457391665,0.7807323452484742,0.011769834350479513,0.9661802212746058,0.8160581588745117
4,0,44,16,subject_embedding,0.5440576062042191,0.5175261346026713,0.7484138503006428,0.7798605056669573,0.010897994768962582,0.9661802212746058,0.8797250390052795
4,0,44,32,subject_embedding,0.5171428643697586,0.533423867191983,0.720733982998134,0.7602441150828247,-0.008718395815169977,0.9661802212746058,0.8572908639907837
4,0,44,8,structured_embedding,0.5407597317238872,0.5392691990382363,0.7389176860874974,0.7881429816913688,0.019180470793374038,0.9661802212746058,0.852604329586029
4,0,44,16,structured_embedding,0.5817176940931669,0.5122941794820265,0.80233257308729,0.7972972972972973,0.028334786399302536,0.9661802212746058,1.0007179975509644
4,0,44,32,structured_embedding,0.6126632666648795,0.4474326268156266,0.8044267053701015,0.8164777680906713,0.047515257192676574,0.9661802212746058,1.039147138595581
4,0,44,8,decision_input,0.6017571435137219,0.49162444465132704,0.778799502384408,0.7776809067131647,0.008718395815169977,0.9661802212746058,0.8498518466949463
4,0,44,16,decision_input,0.6296963430866231,0.4588138114896535,0.8189404934687953,0.7925021795989537,0.023539668700959027,0.9661802212746058,1.0027399063110352
4,0,44,32,decision_input,0.6747821959282941,0.4292400510619882,0.8366576819407007,0.7894507410636442,0.02048823016564949,0.9661802212746058,0.977977454662323
4,1,42,8,activity_raw,0.5206480450371833,0.8283095251942074,0.6990047688160895,0.7074978204010461,0.01046207497820384,1.5183451957124565,1.207598090171814
4,1,42,16,activity_raw,0.8231167533744468,0.5069406997472642,0.8754094961642132,0.7057541412380122,0.008718395815169866,1.5183451957124565,1.3447511196136475
4,1,42,32,activity_raw,0.8076832094727326,0.5205969565288816,0.8689404934687953,0.7088055797733217,0.011769834350479402,1.5183451957124565,1.3409537076950073
4,1,42,8,activity_context,0.5361445039300727,0.8223266134463841,0.6834231805929919,0.7040104620749783,0.006974716652136004,1.5183451957124565,1.1928541660308838
4,1,42,16,activity_context,0.787059010782582,0.5355186704103919,0.8599419448476052,0.7070619006102877,0.010026155187445429,1.5183451957124565,1.3327771425247192
4,1,42,32,activity_context,0.7885689886790848,0.5356302148021218,0.8637984656852582,0.7096774193548387,0.012641673931996444,1.5183451957124565,1.33870530128479
4,1,42,8,subject_embedding,0.31808320140827784,1.0136363141630467,0.5014721127928675,0.6996512641673932,0.0026155187445509043,1.5183451957124565,1.1698241233825684
4,1,42,16,subject_embedding,0.23240168823641738,1.0659257665195574,0.45937176031515653,0.6939843068875327,-0.0030514385353096474,1.5183451957124565,1.2344129085540771
4,1,42,32,subject_embedding,0.11058496884933233,1.1437466201226423,0.46350818992328424,0.6926765475152572,-0.0043591979075850995,1.5183451957124565,1.3368191719055176
4,1,42,8,structured_embedding,0.35046002164778456,1.0055026184567324,0.6094857972216462,0.7061900610287707,0.009154315605928387,1.5183451957124565,1.1796698570251465
4,1,42,16,structured_embedding,0.340963875003503,0.9664922684991173,0.6074849678623264,0.7122929380993896,0.015257192676547349,1.5183451957124565,1.2514363527297974
4,1,42,32,structured_embedding,0.4619923299300013,0.872747796580254,0.6717084801990463,0.7122929380993898,0.01525719267654746,1.5183451957124565,1.362290620803833
4,1,42,8,decision_input,0.3194826015326403,0.9875911699339677,0.5681007671573709,0.7031386224934613,0.006102877070618962,1.5183451957124565,1.2148385047912598
4,1,42,16,decision_input,0.4085537879402703,0.9484809929638937,0.6141716773792246,0.7000871839581517,0.0030514385353094253,1.5183451957124565,1.2212971448898315
4,1,42,32,decision_input,0.2987468497136372,1.0544178971419194,0.605266431681526,0.6957279860505666,-0.0013077593722756742,1.5183451957124565,1.3763561248779297
4,1,43,8,activity_raw,0.7473262594954898,1.0429211827093456,0.8509744972009122,0.7070619006102877,0.03051438535309503,2.581364370882483,2.1544315814971924
4,1,43,16,activity_raw,0.8291098926211569,0.8262236972396979,0.905121293800539,0.6883173496076722,0.011769834350479513,2.581364370882483,2.1731221675872803
4,1,43,32,activity_raw,0.8197425841201171,0.8573393045635929,0.9035247771096828,0.6878814298169137,0.011333914559720992,2.581364370882483,2.15788197517395
4,1,43,8,activity_context,0.7486188899946482,1.0178073123984852,0.8479577026746837,0.7048823016564952,0.028334786399302536,2.581364370882483,2.123366117477417
4,1,43,16,activity_context,0.802178993009063,0.8853521630920284,0.8850818992328425,0.6839581517000871,0.007410636442894414,2.581364370882483,2.170668125152588
4,1,43,32,activity_context,0.800368835714932,0.9019329383276184,0.8868753887621811,0.6835222319093287,0.006974716652136004,2.581364370882483,2.1616122722625732
4,1,43,8,subject_embedding,0.7097070260771231,1.0949009253042334,0.8345220816918929,0.6748038360941586,-0.0017436791630340842,2.581364370882483,2.176582098007202
4,1,43,16,subject_embedding,0.7049241471328548,1.1091037925249287,0.8246008708272858,0.6800348735832606,0.0034873583260679464,2.581364370882483,2.0992681980133057
4,1,43,32,subject_embedding,0.7023201626719389,1.0844373006170969,0.8305826249222475,0.6813426329555361,0.0047951176983433985,2.581364370882483,2.1581761837005615
4,1,43,8,structured_embedding,0.6921275411942027,1.1225109890897598,0.8354343769438108,0.6931124673060157,0.016564952048823023,2.581364370882483,2.3386218547821045
4,1,43,16,structured_embedding,0.7690456206275991,0.988921870368457,0.8617769023429401,0.6795989537925021,0.0030514385353094253,2.581364370882483,2.4340195655822754
4,1,43,32,structured_embedding,0.7417214727784615,1.0683234930231507,0.8460605432303546,0.6778552746294683,0.0013077593722755632,2.581364370882483,2.564227819442749
4,1,43,8,decision_input,0.5781300194450553,1.3185085087001651,0.7429711797636326,0.6874455100261552,0.010897994768962471,2.581364370882483,2.036353826522827
4,1,43,16,decision_input,0.648527697255042,1.239672584449647,0.7892494298154675,0.6878814298169137,0.011333914559720992,2.581364370882483,2.274690628051758
4,1,43,32,decision_input,0.7078655065181214,1.1472846932043232,0.8234190337963923,0.6761115954664342,-0.00043591979075852105,2.581364370882483,2.357994318008423
4,1,44,8,activity_raw,0.35623767339820656,0.8824032126765726,0.5617250673854447,0.6377506538796861,0.007846556233652824,1.3809262732730327,0.8748067617416382
4,1,44,16,activity_raw,0.8646325423858156,0.4017829651485142,0.9230976570599212,0.6713164777680907,0.04141238012205739,1.3809262732730327,1.0941263437271118
4,1,44,32,activity_raw,0.849128010465125,0.4159235947549078,0.9052353307070288,0.6743679163034002,0.04446381865736693,1.3809262732730327,1.1193228960037231
4,1,44,8,activity_context,0.5559110483734134,0.7323821735704225,0.7260315156541571,0.6547515257192676,0.024847428073234368,1.3809262732730327,0.9233039021492004
4,1,44,16,activity_context,0.8441704820660653,0.4259809918178509,0.9147625958946713,0.6678291194420226,0.03792502179598933,1.3809262732730327,1.1174769401550293
4,1,44,32,activity_context,0.8538542740928639,0.414522344615166,0.9123159859008916,0.6756756756756757,0.04577157802964238,1.3809262732730327,1.1592984199523926
4,1,44,8,subject_embedding,0.4722219321881388,0.7789147121941918,0.6644101181837031,0.6373147340889277,0.007410636442894414,1.3809262732730327,0.8708335757255554
4,1,44,16,subject_embedding,0.4804524378726007,0.7613419083852203,0.6847916234708687,0.6390584132519617,0.009154315605928387,1.3809262732730327,0.8870391845703125
4,1,44,32,subject_embedding,0.4803537241828334,0.7588972407628872,0.6880883267675719,0.6316477768090671,0.0017436791630338622,1.3809262732730327,0.9468375444412231
4,1,44,8,structured_embedding,0.4247531533568294,0.8307090286310559,0.6097760729836201,0.6599825632083696,0.030078465562336287,1.3809262732730327,1.0222612619400024
4,1,44,16,structured_embedding,0.6023182293504963,0.6820466403931927,0.7233049968899026,0.6499564080209242,0.02005231037489097,1.3809262732730327,1.0779951810836792
4,1,44,32,structured_embedding,0.7356357585215518,0.5792171091823983,0.8246630727762803,0.6726242371403661,0.04272013949433284,1.3809262732730327,1.1840367317199707
4,1,44,8,decision_input,0.46379177355572976,0.7773614112697712,0.6708272859216255,0.6394943330427201,0.009590235396686797,1.3809262732730327,1.0332411527633667
4,1,44,16,decision_input,0.5614235828121774,0.7161857476230158,0.7222786647314948,0.6560592850915431,0.02615518744550982,1.3809262732730327,1.0295039415359497
4,1,44,32,decision_input,0.5754588091212238,0.7101449179459658,0.7603462575160688,0.6534437663469922,0.023539668700958916,1.3809262732730327,1.1595765352249146
4,2,42,8,activity_raw,0.5436791396062264,0.6410498130651321,0.7293524579361245,0.7990867579908677,-0.005479452054794387,1.171236449895841,0.8225118517875671
4,2,42,16,activity_raw,0.8442899274512923,0.384393553338732,0.9250098844616265,0.7977168949771689,-0.006849315068493178,1.171236449895841,0.9514760971069336
4,2,42,32,activity_raw,0.8409249870030934,0.38159284139021366,0.9221763387954136,0.8050228310502283,0.0004566210045662267,1.171236449895841,1.0072468519210815
4,2,42,8,activity_context,0.5754223925730266,0.6184260611694116,0.7449699073057154,0.7981735159817351,-0.006392694063926951,1.171236449895841,0.8209764361381531
4,2,42,16,activity_context,0.8413065433385195,0.37793124016978963,0.9208803760488513,0.8022831050228311,-0.0022831050228310223,1.171236449895841,0.9490709900856018
4,2,42,32,activity_context,0.8394004578639993,0.39046429684318673,0.9175306418310416,0.8059360730593608,0.00136986301369868,1.171236449895841,0.9977229237556458
4,2,42,8,subject_embedding,0.19660344245816475,0.8671817077369438,0.3989698194438343,0.7986301369863014,-0.005936073059360725,1.171236449895841,0.5427994132041931
4,2,42,16,subject_embedding,0.2301048021543619,0.8237023436030637,0.44421868822211485,0.7917808219178083,-0.012785388127853792,1.171236449895841,0.7247073650360107
4,2,42,32,subject_embedding,0.20078582641229936,0.8154349921450741,0.4875016474102711,0.789497716894977,-0.015068493150685036,1.171236449895841,1.0053147077560425
4,2,42,8,structured_embedding,0.2837435226842018,0.7979906297882782,0.49856126169661297,0.808675799086758,0.004109589041095929,1.171236449895841,0.6596230268478394
4,2,42,16,structured_embedding,0.4382702136745946,0.713896945401974,0.6452356894961122,0.8118721461187215,0.007305936073059405,1.171236449895841,0.8061001300811768
4,2,42,32,structured_embedding,0.3554712982783458,0.7573121106163138,0.6044238457145368,0.8073059360730593,0.002739726027397249,1.171236449895841,0.8661113977432251
4,2,42,8,decision_input,0.2808819330497655,0.7726768424366635,0.516320344418574,0.8009132420091325,-0.0036529680365295913,1.171236449895841,0.6782722473144531
4,2,42,16,decision_input,0.31802598203929233,0.7484238808417357,0.5451060932214559,0.817351598173516,0.012785388127853903,1.171236449895841,0.6843946576118469
4,2,42,32,decision_input,0.35027956554571726,0.7542061947369534,0.6049729824715547,0.795433789954338,-0.00913242009132409,1.171236449895841,0.9764957427978516
4,2,43,8,activity_raw,0.9224636462120556,0.18176532690515612,0.9623621666739884,0.7707762557077626,-0.024200913242009015,0.8540904091877957,0.7674711346626282
4,2,43,16,activity_raw,0.9114903009989787,0.2009121236316022,0.9571453674823178,0.7657534246575343,-0.029223744292237397,0.8540904091877957,0.7570812702178955
4,2,43,32,activity_raw,0.8997889252924653,0.2177882983775483,0.953938408821333,0.7684931506849315,-0.026484018264840148,0.8540904091877957,0.7378318905830383
4,2,43,8,activity_context,0.8954342533485122,0.22038960707825325,0.9477331634670298,0.7785388127853882,-0.016438356164383494,0.8540904091877957,0.7747526168823242
4,2,43,16,activity_context,0.9053295609353411,0.2112047733752486,0.959166190748144,0.7680365296803652,-0.026940639269406486,0.8540904091877957,0.7540286779403687
4,2,43,32,activity_context,0.898310252928076,0.220147767292122,0.9569366955146511,0.7721461187214612,-0.022831050228310446,0.8540904091877957,0.75117027759552
4,2,43,8,subject_embedding,0.3635251026104066,0.5472901815712332,0.5632276062030488,0.8022831050228311,0.007305936073059405,0.8540904091877957,0.5666172504425049
4,2,43,16,subject_embedding,0.3532050792871023,0.5573309813819235,0.551772613451654,0.7926940639269406,-0.0022831050228310223,0.8540904091877957,0.5634437203407288
4,2,43,32,subject_embedding,0.40072158598541396,0.5447258910853644,0.6123314150155955,0.802283105022831,0.007305936073059294,0.8540904091877957,0.5779560804367065
4,2,43,8,structured_embedding,0.5373316373990666,0.4483498671202543,0.7679897201599086,0.7780821917808219,-0.01689497716894972,0.8540904091877957,0.7190871834754944
4,2,43,16,structured_embedding,0.7475104674651998,0.3274153600998582,0.8738632869129728,0.7634703196347032,-0.03150684931506842,0.8540904091877957,0.8236522674560547
4,2,43,32,structured_embedding,0.794790971287828,0.3118881225356795,0.8899859420990204,0.7735159817351598,-0.021461187214611877,0.8540904091877957,0.8024051189422607
4,2,43,8,decision_input,0.4340349314614549,0.5092313626312672,0.6261147476167465,0.795433789954338,0.0004566210045663377,0.8540904091877957,0.5993615388870239
4,2,43,16,decision_input,0.6403180403994505,0.4242711369775562,0.8021460264464263,0.7949771689497717,0.0,0.8540904091877957,0.7197231650352478
4,2,43,32,decision_input,0.7441065390996657,0.34162056552402104,0.8581469929271185,0.7771689497716895,-0.017808219178082174,0.8540904091877957,0.8052427172660828
4,2,44,8,activity_raw,0.6401529176104233,0.806070391113833,0.7945020427887362,0.7844748858447489,0.0022831050228311334,1.7329818995896222,0.9813948273658752
4,2,44,16,activity_raw,0.7263287154999468,0.7424039392845829,0.8405197030268419,0.7785388127853882,-0.0036529680365295913,1.7329818995896222,1.0740047693252563
4,2,44,32,activity_raw,0.7372203600342659,0.7165228216472322,0.8592233009708738,0.782191780821918,2.220446049250313e-16,1.7329818995896222,1.0890140533447266
4,2,44,8,activity_context,0.6317989030228394,0.8243044972356596,0.792634977814875,0.7840182648401827,0.0018264840182649067,1.7329818995896222,0.9421452879905701
4,2,44,16,activity_context,0.7199103201047482,0.752067550193214,0.8397948425075781,0.7767123287671233,-0.005479452054794498,1.7329818995896222,1.0697193145751953
4,2,44,32,activity_context,0.733018734574141,0.7286403426683415,0.8549070860607126,0.780365296803653,-0.0018264840182647957,1.7329818995896222,1.0856049060821533
4,2,44,8,subject_embedding,0.4002599096284053,1.0621365961460059,0.5866537802574353,0.7904109589041095,0.008219178082191747,1.7329818995896222,0.7509994506835938
4,2,44,16,subject_embedding,0.44232218097662723,1.040402567245091,0.5901023590915082,0.7881278538812786,0.005936073059360836,1.7329818995896222,0.7860267162322998
4,2,44,32,subject_embedding,0.5099745663279,0.9742527516802623,0.6670364187497254,0.7748858447488585,-0.007305936073059294,1.7329818995896222,0.9450749754905701
4,2,44,8,structured_embedding,0.5258309477212377,0.9338989533626916,0.6904845582743927,0.7753424657534247,-0.006849315068493067,1.7329818995896222,0.9068852066993713
4,2,44,16,structured_embedding,0.565610719463018,0.9066667140133762,0.6986557132188199,0.7689497716894977,-0.013242009132420018,1.7329818995896222,0.97862708568573
4,2,44,32,structured_embedding,0.7060501672806747,0.7647087328049811,0.7855181654439223,0.7789954337899544,-0.0031963470319633647,1.7329818995896222,1.1441532373428345
4,2,44,8,decision_input,0.5545778419379699,0.9022167063063898,0.7261235338048587,0.7881278538812785,0.005936073059360725,1.7329818995896222,0.9232595562934875
4,2,44,16,decision_input,0.6032631789835065,0.8727464314103524,0.7362166673988491,0.7767123287671233,-0.005479452054794498,1.7329818995896222,1.034836769104004
4,2,44,32,decision_input,0.6805716693053707,0.7929638606664445,0.7702741290691034,0.7662100456621006,-0.015981735159817156,1.7329818995896222,1.1776762008666992
