seed,outer,inner,representation,family,r2_variance_weighted,median_feature_r2,median_feature_spearman,normalized_mae,target_dimension,validation_scalar_count
42,0,0,subject_embedding,time_location_scale,-1.0162000327957004,-1.3851774475185195,0.14387310802405143,1.0846422294274924,1936,203280
42,0,0,bilateral_activity,time_location_scale,0.4020669661199794,0.5329835411176165,0.6410880592424553,0.43247602519358136,176,203280
42,0,0,activity_context,time_location_scale,0.4199808280027222,0.5613368206060514,0.6889924837116193,0.41294346303843593,176,203280
42,0,0,wrist_encoder,time_location_scale,0.3908683294840192,0.5187643087481951,0.617736720421397,0.4236950923304307,88,203280
42,0,0,subject_embedding,time_shape,-1.1563814377471289,-1.7153062753659438,0.06966499990639893,1.2556065346020304,528,55440
42,0,0,bilateral_activity,time_shape,0.15833236245441767,0.1896825306151103,0.4447066321433697,0.6095212181780427,48,55440
42,0,0,activity_context,time_shape,0.20872961750827113,0.2558555764682411,0.5237944884776955,0.5783732642249135,48,55440
42,0,0,wrist_encoder,time_shape,0.15262561163371663,0.19273828436160467,0.42374066971292423,0.5975779636867635,24,55440
42,0,0,subject_embedding,derivative,-0.8541397894883054,-0.9154065869255609,0.20575886377773167,1.044170355682613,352,36960
42,0,0,bilateral_activity,derivative,0.5652695783869685,0.5893574067589239,0.6566489389664986,0.4049691409055776,32,36960
42,0,0,activity_context,derivative,0.5690768930928221,0.6016795561015382,0.696256143213919,0.392202580168507,32,36960
42,0,0,wrist_encoder,derivative,0.5437380693591659,0.5654386381672676,0.6567716939323613,0.3999323876579365,16,36960
42,0,0,subject_embedding,spectral_global,-0.9179311552547686,-1.8014722450384213,0.08645034211071947,1.1670764802858455,704,73920
42,0,0,bilateral_activity,spectral_global,0.20901736920605682,0.21407984027472082,0.45186002898393385,0.5490038939876485,64,73920
42,0,0,activity_context,spectral_global,0.23064645877939285,0.2597812522529224,0.4875101450695293,0.5332024023563717,64,73920
42,0,0,wrist_encoder,spectral_global,0.20905379903298865,0.22501730882910903,0.4432519632222327,0.5278443299969823,32,73920
42,0,0,subject_embedding,band_absolute,-0.36382756060712357,-1.963647868150163,0.09525191789342732,1.0899415082517367,704,73920
42,0,0,bilateral_activity,band_absolute,0.16146758167508146,0.22871538529559826,0.41597463812446456,0.44567290557594286,64,73920
42,0,0,activity_context,band_absolute,0.16124328911746078,0.2330524670634031,0.43524448361722656,0.4403546740311484,64,73920
42,0,0,wrist_encoder,band_absolute,0.15344718204765953,0.21509902233115774,0.47168559293581713,0.40701257384496065,32,73920
42,0,0,subject_embedding,band_fraction,-1.3825521266829557,-1.5365034518279557,0.11568007464233879,1.2198550379095867,704,73920
42,0,0,bilateral_activity,band_fraction,0.15483597226449025,0.16938696493557104,0.4298795769246076,0.6685788051975466,64,73920
42,0,0,activity_context,band_fraction,0.21209798559012527,0.235913882982549,0.4796784590257572,0.6480752980826677,64,73920
42,0,0,wrist_encoder,band_fraction,0.16163650051321626,0.18512270705000045,0.41739604740632275,0.6594920718452025,32,73920
42,0,1,subject_embedding,time_location_scale,-0.4887096688084497,-0.7453940572749116,0.21077516144620656,1.0550688667477461,1936,199408
42,0,1,bilateral_activity,time_location_scale,0.39229612584207557,0.5062889414861151,0.6329623636306541,0.47909426862474075,176,199408
42,0,1,activity_context,time_location_scale,0.40153602358436863,0.5330163876080516,0.6772671217334841,0.4609032460581309,176,199408
42,0,1,wrist_encoder,time_location_scale,0.39472127547518404,0.5174013449968814,0.6291863216001294,0.45944658713027764,88,199408
42,0,1,subject_embedding,time_shape,-1.4547439950737173,-1.6556614185133487,0.09533014101831921,1.204209226674246,528,54384
42,0,1,bilateral_activity,time_shape,0.1774084445691579,0.17686912011045985,0.4344157849080831,0.6030066696831958,48,54384
42,0,1,activity_context,time_shape,0.2436740615324044,0.27287004244727436,0.5216220717428915,0.5712774992651567,48,54384
42,0,1,wrist_encoder,time_shape,0.1840541379683276,0.18838022657105713,0.43822687064542243,0.585954185206839,24,54384
42,0,1,subject_embedding,derivative,-0.5559107166327014,-0.5185463295644503,0.25402517242894174,0.9968435431660055,352,36256
42,0,1,bilateral_activity,derivative,0.5940025934697883,0.5880524422951909,0.6878419376875584,0.41171907685062153,32,36256
42,0,1,activity_context,derivative,0.5920487248508185,0.5839890294087182,0.6973219490887335,0.40747995622073613,32,36256
42,0,1,wrist_encoder,derivative,0.5952881514308377,0.5922414096370858,0.6800969900459839,0.39855304642576683,16,36256
42,0,1,subject_embedding,spectral_global,-0.3533759753567082,-1.2362046464813328,0.12728440890919476,1.152952097345563,704,72512
42,0,1,bilateral_activity,spectral_global,0.18647880085957083,0.18836079794550803,0.43604028569207476,0.6070063466667407,64,72512
42,0,1,activity_context,spectral_global,0.19410785475001865,0.21918642632894791,0.46559924197974045,0.592865025154742,64,72512
42,0,1,wrist_encoder,spectral_global,0.18817850382053547,0.17683117685925892,0.4406529244022167,0.5797289641488512,32,72512
42,0,1,subject_embedding,band_absolute,-0.16007162959590707,-0.7996061359712613,0.14842068268681632,1.112917349214821,704,72512
42,0,1,bilateral_activity,band_absolute,0.15663512071408572,0.21148713128312108,0.4738232290806993,0.540270064141951,64,72512
42,0,1,activity_context,band_absolute,0.15666185083211936,0.21361380283009151,0.46168189015284966,0.535193670963535,64,72512
42,0,1,wrist_encoder,band_absolute,0.15233548375962216,0.22329659069878416,0.5039519428218417,0.4944356366927301,32,72512
42,0,1,subject_embedding,band_fraction,-1.2009311628884898,-1.3861533142337747,0.13864055704432632,1.1723659536473912,704,72512
42,0,1,bilateral_activity,band_fraction,0.18500342783714327,0.19629422522200352,0.44359261947343864,0.6585690271603775,64,72512
42,0,1,activity_context,band_fraction,0.2393744000796953,0.24681426281588625,0.4884243263175645,0.6390272396119162,64,72512
42,0,1,wrist_encoder,band_fraction,0.18888098306374665,0.19269471420125145,0.4366682620541964,0.6516170780172303,32,72512
42,0,2,subject_embedding,time_location_scale,-0.8739272625859047,-1.3436681080904842,0.1876042544288695,0.9850414100866192,1936,197472
42,0,2,bilateral_activity,time_location_scale,0.37229316363715464,0.4610648227347981,0.6313949288742395,0.4157788556589361,176,197472
42,0,2,activity_context,time_location_scale,0.3951137296679905,0.49281702726861737,0.6800775864790178,0.39659007461297513,176,197472
42,0,2,wrist_encoder,time_location_scale,0.38764328117801783,0.46838298874423323,0.6274300779653124,0.3973255011245014,88,197472
42,0,2,subject_embedding,time_shape,-1.4457987189303267,-1.460781126399792,0.1276272116075114,1.207655185910902,528,53856
42,0,2,bilateral_activity,time_shape,0.1864299130770485,0.19273311695506606,0.47410982656710904,0.6013196127323752,48,53856
42,0,2,activity_context,time_shape,0.2524264943875507,0.2839317843477367,0.5511678754300404,0.5690700280092239,48,53856
42,0,2,wrist_encoder,time_shape,0.1897204604967123,0.19559823316910996,0.4719725763289615,0.5839871227561939,24,53856
42,0,2,subject_embedding,derivative,-0.9715310060998879,-1.1661098499136158,0.21516983223165265,0.8920224915666736,352,35904
42,0,2,bilateral_activity,derivative,0.5442087907522641,0.5269425108024868,0.6375363337231634,0.35578440345134277,32,35904
42,0,2,activity_context,derivative,0.5516895269399179,0.5330516390416964,0.6716585704547069,0.34858457728073217,32,35904
42,0,2,wrist_encoder,derivative,0.570040585897139,0.5700002930586603,0.6655041619212257,0.33586189692184837,16,35904
42,0,2,subject_embedding,spectral_global,-0.6137786505101692,-1.4342918165880476,0.14541533812233304,1.0559087724065126,704,71808
42,0,2,bilateral_activity,spectral_global,0.17983924547096736,0.2086483984539732,0.4416198757237132,0.5378386103037702,64,71808
42,0,2,activity_context,spectral_global,0.1994593817934554,0.2343657093690653,0.47973321645348166,0.5217989258008519,64,71808
42,0,2,wrist_encoder,spectral_global,0.18509355192500654,0.2121847542689183,0.4561161127333283,0.5132729235378582,32,71808
42,0,2,subject_embedding,band_absolute,-0.2788952392650855,-3.1168135941944124,0.12681296684779841,0.9734772194276478,704,71808
42,0,2,bilateral_activity,band_absolute,0.09712009122107097,0.17308208812920545,0.41461486010255233,0.42344280575635146,64,71808
42,0,2,activity_context,band_absolute,0.10156375602724317,0.17958093614560888,0.41618166373711807,0.4170827623627932,64,71808
42,0,2,wrist_encoder,band_absolute,0.10570224099899804,0.18234125542292112,0.47309188304601546,0.37836166669312965,32,71808
42,0,2,subject_embedding,band_fraction,-1.292382684250103,-1.3563082378349292,0.1509180044218014,1.135525836355995,704,71808
42,0,2,bilateral_activity,band_fraction,0.1812749059746012,0.18910407179637262,0.4380905272115463,0.6356980590680184,64,71808
42,0,2,activity_context,band_fraction,0.2340648726958745,0.23941190365496157,0.49358655830027676,0.6161452607790605,64,71808
42,0,2,wrist_encoder,band_fraction,0.1959457298490784,0.2017438062834528,0.43288870866880524,0.6246984989206562,32,71808
42,1,0,subject_embedding,time_location_scale,-1.2016318389226466,-1.6286897225120895,0.16495956873315362,0.8745933243202918,1936,203280
42,1,0,bilateral_activity,time_location_scale,0.4326288196834048,0.5508817092741182,0.6281849624892566,0.35451724131607754,176,203280
42,1,0,activity_context,time_location_scale,0.4767393093637441,0.6047261723937053,0.7096168249781678,0.3219106463267233,176,203280
42,1,0,wrist_encoder,time_location_scale,0.4571600138823875,0.5647381516315086,0.6152660829325187,0.341290163909846,88,203280
42,1,0,subject_embedding,time_shape,-1.1642675704845573,-1.4073008134176703,0.13593717603151567,1.1278114823150882,528,55440
42,1,0,bilateral_activity,time_shape,0.19779390944229516,0.21577766021602135,0.48300112916371707,0.576623293046071,48,55440
42,1,0,activity_context,time_shape,0.2637701069284085,0.29543809481746597,0.5577410267110022,0.5366437264791816,48,55440
42,1,0,wrist_encoder,time_shape,0.2090799443371699,0.22118326679681827,0.478770758037956,0.5614777493160832,24,55440
42,1,0,subject_embedding,derivative,-1.4922156474602217,-1.9016630554649763,0.19670848019904624,0.8247091134965652,352,36960
42,1,0,bilateral_activity,derivative,0.5542278902392272,0.5619041481115067,0.6743058459354418,0.29993059003734424,32,36960
42,1,0,activity_context,derivative,0.5870083691072678,0.5900924473106747,0.712839699684914,0.28149659755299844,32,36960
42,1,0,wrist_encoder,derivative,0.5940809480547944,0.6130781572786101,0.6607136466968848,0.2859479079262799,16,36960
42,1,0,subject_embedding,spectral_global,-1.06734139737073,-1.7146578991735326,0.09396967990858768,0.9851978540226861,704,73920
42,1,0,bilateral_activity,spectral_global,0.2064477573043655,0.2131762604459685,0.3842201168366215,0.49129417340325593,64,73920
42,1,0,activity_context,spectral_global,0.24459239361595914,0.28706994398026686,0.4471662847476176,0.4649714577187523,64,73920
42,1,0,wrist_encoder,spectral_global,0.22920144846635312,0.22557007783619837,0.403533110962369,0.4663095223246484,32,73920
42,1,0,subject_embedding,band_absolute,-1.077395141952758,-4.35293357486068,0.08809351026332157,0.8393677567927723,704,73920
42,1,0,bilateral_activity,band_absolute,0.21325483074704182,0.1995819403974196,0.33448361021718026,0.3474878770409837,64,73920
42,1,0,activity_context,band_absolute,0.23947386018378458,0.21800093245914198,0.35153785274292854,0.32509485408703304,64,73920
42,1,0,wrist_encoder,band_absolute,0.2676996718899061,0.29700785902898846,0.3870176935009503,0.3000153129907829,32,73920
42,1,0,subject_embedding,band_fraction,-1.2677355409027957,-1.298836373434004,0.11849471283433548,1.1109507577168463,704,73920
42,1,0,bilateral_activity,band_fraction,0.17354824265112562,0.20329827993076,0.442942610273333,0.629296413756504,64,73920
42,1,0,activity_context,band_fraction,0.23319733666423603,0.23540817706864015,0.4884778645700488,0.6062718998883009,64,73920
42,1,0,wrist_encoder,band_fraction,0.18538423736970625,0.20292193913605683,0.4353520617399904,0.6218579178596434,32,73920
42,1,1,subject_embedding,time_location_scale,-0.21607686467615655,-0.7292286151128793,0.2366531526725702,1.0903209658885027,1936,201344
42,1,1,bilateral_activity,time_location_scale,0.3717059974936835,0.5641105041368912,0.6883420227951396,0.48900332242580824,176,201344
42,1,1,activity_context,time_location_scale,0.37532964781312184,0.587900594772932,0.7530987471193088,0.4598018661890568,176,201344
42,1,1,wrist_encoder,time_location_scale,0.36528693216337094,0.550327202182542,0.6784735890265551,0.4726919249107284,88,201344
42,1,1,subject_embedding,time_shape,-1.521524322652419,-1.6587543925320087,0.10849781286674491,1.2537212546290954,528,54912
42,1,1,bilateral_activity,time_shape,0.21584507225960134,0.20163694737364463,0.48392534524811104,0.6047773872861036,48,54912
42,1,1,activity_context,time_shape,0.30781687568374777,0.3345860929844403,0.5845139934335143,0.5565417025100999,48,54912
42,1,1,wrist_encoder,time_shape,0.2219805807419517,0.20981829819844744,0.4921137038522345,0.5868035102840169,24,54912
42,1,1,subject_embedding,derivative,-0.2035759296367344,-0.33356209271491366,0.3206017283687187,1.0751840962438306,352,36608
42,1,1,bilateral_activity,derivative,0.6298150464848142,0.656797011779958,0.7196361118050764,0.4477086956272929,32,36608
42,1,1,activity_context,derivative,0.6285165421035719,0.6566029415901901,0.7665641387919007,0.42849184722428096,32,36608
42,1,1,wrist_encoder,derivative,0.6171924141533,0.6296362280725336,0.7464269432825252,0.4313818525255912,16,36608
42,1,1,subject_embedding,spectral_global,-0.17144590958711906,-1.2455279081437802,0.18065187239944525,1.1813308768906925,704,73216
42,1,1,bilateral_activity,spectral_global,0.21424389887868428,0.2395687681718065,0.4720916872672193,0.626854934492926,64,73216
42,1,1,activity_context,spectral_global,0.21804583410360756,0.28100145754573597,0.5429772493435113,0.6009368607883726,64,73216
42,1,1,wrist_encoder,spectral_global,0.20766279310979524,0.214218628356515,0.45954293497950094,0.6035142726637489,32,73216
42,1,1,subject_embedding,band_absolute,-0.02821820224763453,-0.501965894849164,0.2027632561613144,1.214447583425767,704,73216
42,1,1,bilateral_activity,band_absolute,0.11164495524429047,0.23661680439138105,0.5085733164473321,0.6460432401646846,64,73216
42,1,1,activity_context,band_absolute,0.11036663169625932,0.25115134927766497,0.5196736260106612,0.6290275883335984,64,73216
42,1,1,wrist_encoder,band_absolute,0.1072860352757319,0.18289450908021154,0.5479961720023216,0.6000208037807988,32,73216
42,1,1,subject_embedding,band_fraction,-1.2126105105524048,-1.3912479453635205,0.19219566840926067,1.2200259663164303,704,73216
42,1,1,bilateral_activity,band_fraction,0.23650160362409034,0.23635378951694902,0.49666800837759806,0.6628909168008583,64,73216
42,1,1,activity_context,band_fraction,0.31911408493836385,0.34738156149804506,0.57783878261133,0.6279833614543459,64,73216
42,1,1,wrist_encoder,band_fraction,0.231341629226303,0.24589598123986395,0.49206728493723606,0.6580089669643338,32,73216
42,1,2,subject_embedding,time_location_scale,-0.12912649987153496,-0.5047450029312727,0.3296797434433072,0.8829988795685109,1936,199408
42,1,2,bilateral_activity,time_location_scale,0.41794614424952115,0.5915800644038605,0.7000402313363305,0.39669079365455057,176,199408
42,1,2,activity_context,time_location_scale,0.4029048306061802,0.5827413269779346,0.7724665458464215,0.3668431157886504,176,199408
42,1,2,wrist_encoder,time_location_scale,0.4109684893519632,0.5868494523067145,0.6880205484889369,0.38576983531865927,88,199408
42,1,2,subject_embedding,time_shape,-0.9990790328681182,-1.0990906801091234,0.19961258814000787,1.1298978332802823,528,54384
42,1,2,bilateral_activity,time_shape,0.23934171962392614,0.2521928796975181,0.5184228925796501,0.5821047414831004,48,54384
42,1,2,activity_context,time_shape,0.30298727491751054,0.3318536362494618,0.5969108297318526,0.5398277656905537,48,54384
42,1,2,wrist_encoder,time_shape,0.23382268962920524,0.24219779895914428,0.500381113459446,0.5732855106469273,24,54384
42,1,2,subject_embedding,derivative,-0.09662277365286012,-0.46042464180031895,0.36875082370513557,0.7923334818781557,352,36256
42,1,2,bilateral_activity,derivative,0.6281581165182675,0.6407863807215118,0.7392245059060386,0.32447562843079053,32,36256
42,1,2,activity_context,derivative,0.6147989273676632,0.6192573450606226,0.7729685567861834,0.3087440590071852,32,36256
42,1,2,wrist_encoder,derivative,0.632039593327636,0.6416444602406793,0.7443485473833203,0.3116331916600078,16,36256
42,1,2,subject_embedding,spectral_global,-0.11505624540302499,-1.0450532836734867,0.2052233888327549,1.0079587588733794,704,72512
42,1,2,bilateral_activity,spectral_global,0.23715366459353202,0.25500570798077,0.46836750228804835,0.5551274065287626,64,72512
42,1,2,activity_context,spectral_global,0.21866407329089196,0.2575560163287234,0.5174356568829792,0.5257264631056283,64,72512
42,1,2,wrist_encoder,spectral_global,0.22627350859138187,0.2551735574710095,0.464861859137647,0.5356421059668096,32,72512
42,1,2,subject_embedding,band_absolute,-0.021919825854635477,-1.3597426348422932,0.2021152747880332,0.9299235996260895,704,72512
42,1,2,bilateral_activity,band_absolute,0.19283634407003997,0.22290865689463413,0.4682548923346206,0.4650233854096506,64,72512
42,1,2,activity_context,band_absolute,0.17997497109699637,0.21861352311689336,0.5079785329793907,0.4299665428795934,64,72512
42,1,2,wrist_encoder,band_absolute,0.192674721638149,0.19922207696050065,0.5087690770492815,0.4169529790949579,32,72512
42,1,2,subject_embedding,band_fraction,-0.9669752611427648,-0.9965642890365979,0.23015968896894085,1.0556072592447974,704,72512
42,1,2,bilateral_activity,band_fraction,0.2021883005744984,0.20357053476856057,0.4856952892563033,0.624382410894255,64,72512
42,1,2,activity_context,band_fraction,0.28308474672448636,0.2949056295504151,0.5494615159269177,0.5896682772192376,64,72512
42,1,2,wrist_encoder,band_fraction,0.21967962811570693,0.20986944646762418,0.46693674489340864,0.6107813564399489,32,72512
42,2,0,subject_embedding,time_location_scale,-0.9768427483367793,-1.7086012065904161,0.16317644619531413,1.0974331927487095,1936,203280
42,2,0,bilateral_activity,time_location_scale,0.4127702689534634,0.5145767423110387,0.644220376961617,0.41403218933188357,176,203280
42,2,0,activity_context,time_location_scale,0.43485281836351025,0.5473024071725294,0.7236156696805081,0.39107183774041837,176,203280
42,2,0,wrist_encoder,time_location_scale,0.40989652582048364,0.5250611449999156,0.6298230895719061,0.4065994591744585,88,203280
42,2,0,subject_embedding,time_shape,-1.9831012538858734,-2.2337498313897597,0.08327436743354047,1.3476571843107779,528,55440
42,2,0,bilateral_activity,time_shape,0.17987804926177892,0.18743099249780726,0.4693124609708942,0.6043435817701113,48,55440
42,2,0,activity_context,time_shape,0.2467765888607672,0.27200482425564254,0.5365745907256405,0.5705147850820134,48,55440
42,2,0,wrist_encoder,time_shape,0.1853694516643309,0.1870699320532227,0.45270477236589557,0.587951105721462,24,55440
42,2,0,subject_embedding,derivative,-1.1091823745149756,-1.6791543921523828,0.2083765291312461,1.0339161418346572,352,36960
42,2,0,bilateral_activity,derivative,0.5880071941871953,0.5931961595304285,0.6646180356497412,0.36313357938963237,32,36960
42,2,0,activity_context,derivative,0.6028473385447289,0.6154401537437802,0.7101827019837491,0.34909334290973776,32,36960
42,2,0,wrist_encoder,derivative,0.5689298725646195,0.575439936111549,0.6588368949121626,0.3605812266169109,16,36960
42,2,0,subject_embedding,spectral_global,-0.6374583388248232,-2.0706932295706455,0.10311009744972009,1.1879117067486245,704,73920
42,2,0,bilateral_activity,spectral_global,0.18664995182352204,0.22052781201830973,0.450640437084759,0.5418287947428355,64,73920
42,2,0,activity_context,spectral_global,0.2028770787600589,0.258639788480116,0.4955250751539274,0.5263131808861249,64,73920
42,2,0,wrist_encoder,spectral_global,0.19208616518396077,0.2066611014765054,0.4482113803925487,0.5231114516467378,32,73920
42,2,0,subject_embedding,band_absolute,-0.1146875190382753,-1.9320497964204302,0.13362015343147415,1.1195216746746486,704,73920
42,2,0,bilateral_activity,band_absolute,0.07657006449750833,0.21224570659688574,0.40631910592391063,0.4673347864919979,64,73920
42,2,0,activity_context,band_absolute,0.08166804185177533,0.22550327977270462,0.4227290328544879,0.45523463384365603,64,73920
42,2,0,wrist_encoder,band_absolute,0.07385337118190341,0.1856218856696087,0.45293719129020915,0.4308617993792916,32,73920
42,2,0,subject_embedding,band_fraction,-1.8463181963750628,-2.0486360206043646,0.131189093924943,1.2715803797472516,704,73920
42,2,0,bilateral_activity,band_fraction,0.14843136258688414,0.15023652106310842,0.43383847686378973,0.6490358367162813,64,73920
42,2,0,activity_context,band_fraction,0.2052079591101438,0.20621126277054563,0.48551769663833616,0.6285733526419562,64,73920
42,2,0,wrist_encoder,band_fraction,0.1592859910024583,0.16350918596714648,0.41744075198394537,0.6386915362506477,32,73920
42,2,1,subject_embedding,time_location_scale,-0.38658587162989416,-0.7853274877124733,0.2670649738610904,0.9933242394359335,1936,201344
42,2,1,bilateral_activity,time_location_scale,0.43170350604111235,0.5686566968311082,0.6640556122349608,0.4442451377552478,176,201344
42,2,1,activity_context,time_location_scale,0.4414526021126668,0.5926865507651838,0.7429299969134235,0.41329047840855765,176,201344
42,2,1,wrist_encoder,time_location_scale,0.42998451213657823,0.555015281030059,0.6720996136600089,0.4332327877671492,88,201344
42,2,1,subject_embedding,time_shape,-1.5048446255336476,-1.5437521799988791,0.13683452469860238,1.1397892946112371,528,54912
42,2,1,bilateral_activity,time_shape,0.22121609989127794,0.21335464143243305,0.4923308888115654,0.57179889324562,48,54912
42,2,1,activity_context,time_shape,0.30368008604377467,0.32546171031078275,0.5707017941656733,0.5273641414611225,48,54912
42,2,1,wrist_encoder,time_shape,0.2281785774658718,0.22551750086743588,0.48961005778959676,0.5558524367153019,24,54912
42,2,1,subject_embedding,derivative,-0.3282883232498844,-0.39890816833517106,0.36528326042889153,0.952992328018746,352,36608
42,2,1,bilateral_activity,derivative,0.6301853046637539,0.6472002170262936,0.72149950703745,0.39490174587915056,32,36608
42,2,1,activity_context,derivative,0.6341523912567412,0.6600460586936234,0.7581322269748496,0.3790811189739247,32,36608
42,2,1,wrist_encoder,derivative,0.6270736340395241,0.6436331780162184,0.710290313418084,0.3822753427977429,16,36608
42,2,1,subject_embedding,spectral_global,-0.27984462109158115,-1.2425940135563112,0.18770404352928627,1.0988796514522108,704,73216
42,2,1,bilateral_activity,spectral_global,0.22857809249942318,0.27012636446547483,0.4722932033129067,0.5915704707855431,64,73216
42,2,1,activity_context,spectral_global,0.22899508078569625,0.3256795088377968,0.5316886715086577,0.5637086740973881,64,73216
42,2,1,wrist_encoder,spectral_global,0.22607889917931137,0.26176378504161013,0.4567489254486563,0.5722997533929316,32,73216
42,2,1,subject_embedding,band_absolute,-0.045838963796699585,-1.134169400579552,0.22640563320174975,1.0401173238384123,704,73216
42,2,1,bilateral_activity,band_absolute,0.08762213546662928,0.2379158079087345,0.4615786247014112,0.546445723636317,64,73216
42,2,1,activity_context,band_absolute,0.08754787185822642,0.25632606503555416,0.48617873833807534,0.5222034014128949,64,73216
42,2,1,wrist_encoder,band_absolute,0.08953508860645361,0.20805233695034286,0.48367804759202304,0.5001775500416069,32,73216
42,2,1,subject_embedding,band_fraction,-1.2158750668121203,-1.3419945455762894,0.18112664034994136,1.1342651630784548,704,73216
42,2,1,bilateral_activity,band_fraction,0.23655015871984245,0.2219247554123847,0.4901811966987498,0.6569939208430167,64,73216
42,2,1,activity_context,band_fraction,0.3111870772408332,0.3204244514137755,0.5524313861933776,0.6252946117381663,64,73216
42,2,1,wrist_encoder,band_fraction,0.24109792638362776,0.22703092048977547,0.47586581813143597,0.649748560047018,32,73216
42,2,2,subject_embedding,time_location_scale,-1.2138570502351387,-1.8523271731022575,0.10357268374115891,1.069070503023953,1936,199408
42,2,2,bilateral_activity,time_location_scale,0.41284851600490485,0.5170817095373779,0.6092894841222399,0.4065634661008466,176,199408
42,2,2,activity_context,time_location_scale,0.42875449690721085,0.5361164493777727,0.6564139216974647,0.3888696206231277,176,199408
42,2,2,wrist_encoder,time_location_scale,0.41964217732021286,0.5198953539325951,0.6110567876854341,0.38624586848310993,88,199408
42,2,2,subject_embedding,time_shape,-1.3190229698538136,-1.9238384879116814,0.09208474278434302,1.323642373558385,528,54384
42,2,2,bilateral_activity,time_shape,0.18644618087124867,0.20463695388583114,0.48578153416963277,0.6164983373071788,48,54384
42,2,2,activity_context,time_shape,0.2320400561934407,0.2801389090114054,0.5603666783381352,0.5851312462108154,48,54384
42,2,2,wrist_encoder,time_shape,0.18467904629498239,0.19583198029684545,0.4924404241825774,0.5985257493431424,24,54384
42,2,2,subject_embedding,derivative,-1.4836777811715365,-1.8506375826146786,0.07301322321310899,1.0278723437264707,352,36256
42,2,2,bilateral_activity,derivative,0.5944598519738102,0.5927218795722182,0.6059956440158162,0.3483713286898077,32,36256
42,2,2,activity_context,derivative,0.596522575308197,0.5995827814263861,0.626017567499265,0.3428103916365165,32,36256
42,2,2,wrist_encoder,derivative,0.5949167492633666,0.5860871754323107,0.6007103984468689,0.3348659376642664,16,36256
42,2,2,subject_embedding,spectral_global,-1.084340929190447,-2.4392424887726385,0.08141857084414605,1.166322618876913,704,72512
42,2,2,bilateral_activity,spectral_global,0.18665932719834785,0.21573977083232088,0.4225384525223284,0.5305482271273971,64,72512
42,2,2,activity_context,spectral_global,0.2028445859508761,0.24546289777980862,0.453571557426699,0.5153919136633749,64,72512
42,2,2,wrist_encoder,spectral_global,0.20074657763897866,0.21640163178198757,0.428462937043064,0.50050985204152,32,72512
42,2,2,subject_embedding,band_absolute,-0.6825424671545065,-3.643820226121379,0.04217370293897993,1.0506184039559705,704,72512
42,2,2,bilateral_activity,band_absolute,0.20180589192434112,0.23314202330495387,0.39138174496162753,0.4082962917103323,64,72512
42,2,2,activity_context,band_absolute,0.19870037517813194,0.22889193773690591,0.3859453166033151,0.4040728458621154,64,72512
42,2,2,wrist_encoder,band_absolute,0.21114122356659332,0.2514731664414305,0.42361230955257434,0.3549076065846493,32,72512
42,2,2,subject_embedding,band_fraction,-1.654280062483529,-1.9309122551860725,0.10217787637833327,1.2637728141124125,704,72512
42,2,2,bilateral_activity,band_fraction,0.15512226279460345,0.17840668545874283,0.43959354494021197,0.6519271800882065,64,72512
42,2,2,activity_context,band_fraction,0.19743712445387207,0.22440275479903404,0.4793229775904996,0.6368042903425716,64,72512
42,2,2,wrist_encoder,band_fraction,0.16416490106798076,0.18202527144651393,0.4205208206787451,0.6396123870000034,32,72512
42,3,0,subject_embedding,time_location_scale,-1.1405364632359212,-2.3929123822460503,0.1373263528923906,1.2310805377413332,1936,203280
42,3,0,bilateral_activity,time_location_scale,0.3627414572212111,0.49828260008818015,0.644553247391877,0.45110665767128666,176,203280
42,3,0,activity_context,time_location_scale,0.37020798340262656,0.5174377383201628,0.6877559203553338,0.4381474471875693,176,203280
42,3,0,wrist_encoder,time_location_scale,0.36047758879111486,0.49417978522519207,0.6384541474328602,0.436653829574187,88,203280
42,3,0,subject_embedding,time_shape,-2.411970463916944,-3.1508105739999253,0.06667530582624923,1.4532436790417642,528,55440
42,3,0,bilateral_activity,time_shape,0.15529780957191994,0.18657934363747591,0.4651386945266733,0.5892290163306739,48,55440
42,3,0,activity_context,time_shape,0.21198652110015506,0.25381398239278524,0.5506735689513682,0.5601967476805935,48,55440
42,3,0,wrist_encoder,time_shape,0.15949678005070644,0.18054880754650054,0.4572405734751823,0.5730495567883367,24,55440
42,3,0,subject_embedding,derivative,-1.694489495423435,-2.20543096960476,0.20927845739166495,1.159152722503665,352,36960
42,3,0,bilateral_activity,derivative,0.568601302717841,0.5767604205620606,0.6602083756977524,0.39195583908466114,32,36960
42,3,0,activity_context,derivative,0.5646307940545792,0.5721867502898544,0.676586425634119,0.3900118685564806,32,36960
42,3,0,wrist_encoder,derivative,0.5660515307280687,0.581954499179397,0.6537324066810682,0.38300628891913296,16,36960
42,3,0,subject_embedding,spectral_global,-0.508975010265505,-2.892600088574262,0.07863363052042298,1.3052300844467,704,73920
42,3,0,bilateral_activity,spectral_global,0.11556093083034868,0.2124665177540329,0.4397366709457585,0.573228776349922,64,73920
42,3,0,activity_context,spectral_global,0.11791701841925316,0.2231354736815369,0.46742535288798326,0.5614372877169777,64,73920
42,3,0,wrist_encoder,spectral_global,0.10841760035228423,0.201676330523821,0.44440314578462314,0.5508275314930986,32,73920
42,3,0,subject_embedding,band_absolute,-0.09154437570051813,-4.038616935732349,0.11337341903379639,1.2352430828750036,704,73920
42,3,0,bilateral_activity,band_absolute,0.035199390888947975,0.169546602075542,0.4161426562858621,0.4990527586198846,64,73920
42,3,0,activity_context,band_absolute,0.03560891585591302,0.16961524841880737,0.4347022787650543,0.49685277178323656,64,73920
42,3,0,wrist_encoder,band_absolute,0.036002224909508294,0.17309360182922834,0.47365777689101907,0.4590581646361722,32,73920
42,3,0,subject_embedding,band_fraction,-2.443500070735921,-2.601673753632068,0.09820132697491188,1.4034448524643957,704,73920
42,3,0,bilateral_activity,band_fraction,0.189791258241843,0.20442267707377787,0.4554234387106959,0.6487231468144341,64,73920
42,3,0,activity_context,band_fraction,0.2447354290729462,0.2674862222968599,0.5051946650076818,0.6275021350542296,64,73920
42,3,0,wrist_encoder,band_fraction,0.1935461017845118,0.21575068946705983,0.44534489801164956,0.6413668877016725,32,73920
42,3,1,subject_embedding,time_location_scale,-0.3875743882126512,-0.7853756998295119,0.2623678208583869,0.9823677983632056,1936,203280
42,3,1,bilateral_activity,time_location_scale,0.4243586876457694,0.5779638312090196,0.6666498338276359,0.4264690528030452,176,203280
42,3,1,activity_context,time_location_scale,0.43157145142295505,0.6097679278041286,0.7276750370580767,0.39955131503631763,176,203280
42,3,1,wrist_encoder,time_location_scale,0.42559301600532223,0.5829082261792752,0.6685930789028203,0.41366538123505414,88,203280
42,3,1,subject_embedding,time_shape,-1.1559978751361566,-1.2915475773904974,0.11545200082935932,1.1980852030074967,528,55440
42,3,1,bilateral_activity,time_shape,0.20399229276358305,0.21560988378314133,0.5048324491366767,0.6123045611374248,48,55440
42,3,1,activity_context,time_shape,0.27551999478604006,0.32221503670466894,0.582694692156172,0.5707199472554608,48,55440
42,3,1,wrist_encoder,time_shape,0.2072096042294618,0.20950047827010687,0.49831963533645557,0.5998485060749188,24,55440
42,3,1,subject_embedding,derivative,-0.35520861280280547,-0.48063747983819416,0.2862015343147418,0.9426587779850354,352,36960
42,3,1,bilateral_activity,derivative,0.6375108426224767,0.640950975382462,0.7122224752513263,0.3848540319514597,32,36960
42,3,1,activity_context,derivative,0.637403024360475,0.6343222621984714,0.7384473544002909,0.3676940530983615,32,36960
42,3,1,wrist_encoder,derivative,0.6595354132917104,0.6624155986625689,0.7325097759837069,0.3667158177067273,16,36960
42,3,1,subject_embedding,spectral_global,-0.2613880421137056,-1.1147517961540305,0.16569044163383786,1.0950821531984307,704,73920
42,3,1,bilateral_activity,spectral_global,0.24058923471746144,0.2650426254778258,0.4611407839989333,0.5661592882994577,64,73920
42,3,1,activity_context,spectral_global,0.24603092967091475,0.31174493304090617,0.510808540137248,0.5406546432254816,64,73920
42,3,1,wrist_encoder,spectral_global,0.23430839159247988,0.25281503038894604,0.46342862534964124,0.5471391204714198,32,73920
42,3,1,subject_embedding,band_absolute,-0.07092265233854994,-0.9308753065748848,0.17149595687331537,1.0926529067073474,704,73920
42,3,1,bilateral_activity,band_absolute,0.13166912352778223,0.2465233241513844,0.46657962733745484,0.517547372333325,64,73920
42,3,1,activity_context,band_absolute,0.13148581006166615,0.2607464983712327,0.4686093071321523,0.4965220457835897,64,73920
42,3,1,wrist_encoder,band_absolute,0.13753947561680738,0.25401957129402175,0.5055842406670044,0.4656218837907337,32,73920
42,3,1,subject_embedding,band_fraction,-1.012341834668209,-1.0970224201512737,0.17969624714907734,1.145581083200285,704,73920
42,3,1,bilateral_activity,band_fraction,0.19612586106195318,0.19408427846919135,0.4870326365747738,0.6542293191810257,64,73920
42,3,1,activity_context,band_fraction,0.2727974627063482,0.27781505516147953,0.5505604369663787,0.6231932136822794,64,73920
42,3,1,wrist_encoder,band_fraction,0.20376890372174994,0.20833636090086527,0.46871546267944275,0.6465585719368939,32,73920
42,3,2,subject_embedding,time_location_scale,-0.608342547052706,-0.8394483891882617,0.2662819048455828,0.846366921555517,1936,199408
42,3,2,bilateral_activity,time_location_scale,0.4606798228932331,0.5699826207880228,0.6679543730557487,0.3829672754582008,176,199408
42,3,2,activity_context,time_location_scale,0.4798552813618872,0.6114142124815751,0.7329897172430364,0.35203786148207317,176,199408
42,3,2,wrist_encoder,time_location_scale,0.4694440612524783,0.5814404471936837,0.6672443099012908,0.36934340001239846,88,199408
42,3,2,subject_embedding,time_shape,-1.1148897680753642,-1.3615163648231379,0.15670066415635964,1.1255985103567225,528,54384
42,3,2,bilateral_activity,time_shape,0.2363742445551608,0.2506245774656236,0.5219802948518124,0.5721863607757725,48,54384
42,3,2,activity_context,time_shape,0.2922136902127332,0.33225532024832777,0.6071976503504,0.5349017876644375,48,54384
42,3,2,wrist_encoder,time_shape,0.23368478665021122,0.24043151434644938,0.5208919437826891,0.560530385835011,24,54384
42,3,2,subject_embedding,derivative,-0.5219883712296776,-0.6413302034924728,0.2900155954838993,0.7725646447350861,352,36256
42,3,2,bilateral_activity,derivative,0.6362223172080579,0.6518022009101228,0.7082126727397575,0.3261667423979657,32,36256
42,3,2,activity_context,derivative,0.6356099414204421,0.6627901578400859,0.735813270428523,0.3095547368656122,32,36256
42,3,2,wrist_encoder,derivative,0.6478480669028969,0.6710864590217387,0.7200955295662437,0.3128707182484606,16,36256
42,3,2,subject_embedding,spectral_global,-0.6672020104842126,-1.3064667621589263,0.17641018319202217,0.9498235327129817,704,72512
42,3,2,bilateral_activity,spectral_global,0.2589890828202124,0.27649127142249913,0.46921664990037826,0.5094189172085317,64,72512
42,3,2,activity_context,spectral_global,0.28237326889360453,0.32268499329715333,0.5101911837052193,0.48150941560126176,64,72512
42,3,2,wrist_encoder,spectral_global,0.2787258130841181,0.266096920909812,0.45358461594935306,0.4893276789614144,32,72512
42,3,2,subject_embedding,band_absolute,-0.23634140898078937,-1.5335315916714916,0.1638294600887405,0.8337610580149811,704,72512
42,3,2,bilateral_activity,band_absolute,0.18326133601884476,0.2593391547975589,0.43602696902981647,0.4144169130007551,64,72512
42,3,2,activity_context,band_absolute,0.1872869801520904,0.2653374951584827,0.43301810467064844,0.38933241758931536,64,72512
42,3,2,wrist_encoder,band_absolute,0.2012158962215958,0.2650061863772598,0.47212051460917936,0.3667418897896229,32,72512
42,3,2,subject_embedding,band_fraction,-1.204493560329551,-1.2558756450893303,0.1821266968325792,1.0639469872161345,704,72512
42,3,2,bilateral_activity,band_fraction,0.2129063287438982,0.2005319096530621,0.4608677338445083,0.6161417928142662,64,72512
42,3,2,activity_context,band_fraction,0.294020209949418,0.2792186701858653,0.5413718292461988,0.5852108111677772,64,72512
42,3,2,wrist_encoder,band_fraction,0.23197339314956072,0.21864327449329352,0.46867876946387893,0.605725556716499,32,72512
42,4,0,subject_embedding,time_location_scale,-0.8147320148204387,-1.162875963589851,0.1869531411984242,0.9388305099918673,1936,203280
42,4,0,bilateral_activity,time_location_scale,0.4717933751544423,0.5623162145382387,0.6395657828465635,0.395404064227831,176,203280
42,4,0,activity_context,time_location_scale,0.4844218270981841,0.5915423222121717,0.7128756304234407,0.3684900943588338,176,203280
42,4,0,wrist_encoder,time_location_scale,0.4780058595844811,0.5638854405110476,0.6357800080049236,0.37883561049423004,88,203280
42,4,0,subject_embedding,time_shape,-1.360482094057319,-1.5825079977248293,0.10523014721127927,1.2399215030215358,528,55440
42,4,0,bilateral_activity,time_shape,0.21199088387933898,0.2502054254651702,0.5053735661846608,0.5978843884603001,48,55440
42,4,0,activity_context,time_shape,0.278657708064506,0.342246733389111,0.5835926120139897,0.5558727301958551,48,55440
42,4,0,wrist_encoder,time_shape,0.20576359733693994,0.2394159431787684,0.4987295191266833,0.585721462993323,24,55440
42,4,0,subject_embedding,derivative,-0.7860424282680863,-1.0011237509945907,0.24171159029649594,0.8419033006802752,352,36960
42,4,0,bilateral_activity,derivative,0.6035392604651522,0.6052276409130936,0.6693122559916561,0.33748401034370584,32,36960
42,4,0,activity_context,derivative,0.6143870692539434,0.6207800696920025,0.7031934354108468,0.32103830777448994,32,36960
42,4,0,wrist_encoder,derivative,0.6067020855727558,0.6138492307668736,0.670874933605554,0.32064655765988137,16,36960
42,4,0,subject_embedding,spectral_global,-0.8507666561476629,-1.6848587161580642,0.13325887608723472,1.0456686020832138,704,73920
42,4,0,bilateral_activity,spectral_global,0.24690404374605124,0.2662314932829245,0.43137040856991926,0.5230206539351049,64,73920
42,4,0,activity_context,spectral_global,0.2631489181890363,0.31455089626525057,0.48606929013368483,0.4983424272346248,64,73920
42,4,0,wrist_encoder,spectral_global,0.24965971808870896,0.22599532570218983,0.41859973395839867,0.501212652226564,32,73920
42,4,0,subject_embedding,band_absolute,-0.15571004602364974,-1.5846825638635547,0.15306862948372382,0.9306625050497819,704,73920
42,4,0,bilateral_activity,band_absolute,0.1211848221793328,0.23003546438418182,0.4352223028990463,0.43437598312022885,64,73920
42,4,0,activity_context,band_absolute,0.11793273693505629,0.24656225795209463,0.4474429557177694,0.4131327456517705,64,73920
42,4,0,wrist_encoder,band_absolute,0.1247934296526053,0.2320303827452872,0.46034523255002113,0.387938898505778,32,73920
42,4,0,subject_embedding,band_fraction,-1.4797585187571811,-1.5793756860465116,0.1283900062201949,1.17660466189947,704,73920
42,4,0,bilateral_activity,band_fraction,0.1650412394267417,0.15773401318911734,0.4253896014332108,0.6506681949720707,64,73920
42,4,0,activity_context,band_fraction,0.2285499109912889,0.2239500751967688,0.48152766347551446,0.6241000972466655,64,73920
42,4,0,wrist_encoder,band_fraction,0.16289574954592,0.16940718135790667,0.4190684880958431,0.6442593286270923,32,73920
42,4,1,subject_embedding,time_location_scale,-0.025313999416019212,-0.28724885412012047,0.3379794733568318,0.9979416760283197,1936,203280
42,4,1,bilateral_activity,time_location_scale,0.21105168892252354,0.5452700166555873,0.7196582494942945,0.4808177936123107,176,203280
42,4,1,activity_context,time_location_scale,0.20936083235010966,0.5597152009469017,0.7774809752444338,0.4492451401105075,176,203280
42,4,1,wrist_encoder,time_location_scale,0.2153987061171783,0.5378281915988438,0.6970417649550852,0.4653505732539994,88,203280
42,4,1,subject_embedding,time_shape,-1.1869707691108569,-1.3183871287064952,0.17392183288409702,1.1200577342717366,528,55440
42,4,1,bilateral_activity,time_shape,0.2170634546214714,0.22456667247400963,0.5032814651361245,0.5723539875231958,48,55440
42,4,1,activity_context,time_shape,0.3042826646684896,0.3432891144875138,0.6022954005928388,0.5181276453158051,48,55440
42,4,1,wrist_encoder,time_shape,0.2373140034160391,0.23145107415111787,0.4960546048703771,0.5488727145693978,24,55440
42,4,1,subject_embedding,derivative,0.08606732171946142,0.0533089190948145,0.40373211693966404,0.9403790086988373,352,36960
42,4,1,bilateral_activity,derivative,0.5637073012334068,0.6031547182028466,0.7794396035321237,0.4015546793774562,32,36960
42,4,1,activity_context,derivative,0.5662688176564307,0.614293935757698,0.8071171873229408,0.3831941021314292,32,36960
42,4,1,wrist_encoder,derivative,0.5689328822903479,0.5834489559318626,0.809899394305081,0.3806930636779815,16,36960
42,4,1,subject_embedding,spectral_global,-0.021149728610836492,-0.7021929931203837,0.22313479777120077,1.1551262296653249,704,73920
42,4,1,bilateral_activity,spectral_global,0.10992802847227698,0.27215111239070394,0.48956841109889887,0.6646694565530767,64,73920
42,4,1,activity_context,spectral_global,0.10347138569477843,0.26215587279747116,0.5464600570670627,0.6323826943582591,64,73920
42,4,1,wrist_encoder,spectral_global,0.11398562713757147,0.2574016404333625,0.4817833207562109,0.6394750375234931,32,73920
42,4,1,subject_embedding,band_absolute,0.003300196426171664,-0.35009374622875566,0.23914057640472733,1.1712570188982265,704,73920
42,4,1,bilateral_activity,band_absolute,0.07322574123934636,0.1754372743423161,0.49094076541079,0.6759372623910285,64,73920
42,4,1,activity_context,band_absolute,0.07532294913441911,0.20121547357013736,0.5503083182132436,0.6354509712169313,64,73920
42,4,1,wrist_encoder,band_absolute,0.07622065231191996,0.1637792478090659,0.5402692793066548,0.6202569302573494,32,73920
42,4,1,subject_embedding,band_fraction,-0.921435874460433,-1.010626388119793,0.22981028405556705,1.1039975230900445,704,73920
42,4,1,bilateral_activity,band_fraction,0.24792054362716417,0.22947947194036006,0.5056927965859139,0.6395529949595784,64,73920
42,4,1,activity_context,band_fraction,0.33033340111252163,0.33012405804864786,0.5635281625416735,0.6021488340172229,64,73920
42,4,1,wrist_encoder,band_fraction,0.26617821530951996,0.25531667513102113,0.5076841408608866,0.6253668196980138,32,73920
42,4,2,subject_embedding,time_location_scale,-0.8941633487592134,-1.1795450132380987,0.27201489258885037,0.8198100356860212,1936,199408
42,4,2,bilateral_activity,time_location_scale,0.5117857499516796,0.5596608193586455,0.6380742664148612,0.3587964413454215,176,199408
42,4,2,activity_context,time_location_scale,0.5456828283282571,0.5994844986860328,0.7123698516971013,0.3314425158870788,176,199408
42,4,2,wrist_encoder,time_location_scale,0.5217120353777821,0.5583281003751515,0.6305524312059162,0.3482899898633554,88,199408
42,4,2,subject_embedding,time_shape,-0.7517377171799645,-1.152780897440191,0.16486732855950445,1.1235584512396362,528,54384
42,4,2,bilateral_activity,time_shape,0.17787797803121955,0.22084970796630327,0.48604368416368815,0.5894683829220893,48,54384
42,4,2,activity_context,time_shape,0.23199487461113835,0.2992765950345247,0.5601566356309229,0.5563900097479777,48,54384
42,4,2,wrist_encoder,time_shape,0.18157427136288778,0.2263282504431514,0.48827151668394797,0.5788452700070944,24,54384
42,4,2,subject_embedding,derivative,-0.917616583281835,-0.881477485340364,0.2995595923208716,0.7504556664979107,352,36256
42,4,2,bilateral_activity,derivative,0.6517661506889831,0.6523576723729457,0.6747432594545703,0.2915513184978437,32,36256
42,4,2,activity_context,derivative,0.6676436833680497,0.6657615824673383,0.7164904345853949,0.27821444974596776,32,36256
42,4,2,wrist_encoder,derivative,0.6586788167077041,0.6633890443339264,0.6906486632689999,0.2817056048025196,16,36256
42,4,2,subject_embedding,spectral_global,-0.9252276278960149,-1.401803686000692,0.18094605280499054,0.9219674962036746,704,72512
42,4,2,bilateral_activity,spectral_global,0.2381108018661552,0.2678896430607854,0.45146538647173307,0.49144429257028793,64,72512
42,4,2,activity_context,spectral_global,0.2717439877735388,0.3259306764877021,0.4956946092319518,0.47132667973805825,64,72512
42,4,2,wrist_encoder,spectral_global,0.24415442132573517,0.249745844730221,0.4420374257084232,0.47528369015818434,32,72512
42,4,2,subject_embedding,band_absolute,-0.8417796291827391,-2.924771952883269,0.15944734876773714,0.7966462987225864,704,72512
42,4,2,bilateral_activity,band_absolute,0.2613573115930782,0.25030169714807105,0.4016073698138262,0.3513244357685545,64,72512
42,4,2,activity_context,band_absolute,0.279289651671746,0.27947052586354887,0.41166697367596194,0.3368791452937688,64,72512
42,4,2,wrist_encoder,band_absolute,0.2879195119041769,0.30515270249869636,0.43780642089795213,0.3108356217013509,32,72512
42,4,2,subject_embedding,band_fraction,-0.9387322973443718,-1.013606351320655,0.18272525589772878,1.0643385791284212,704,72512
42,4,2,bilateral_activity,band_fraction,0.2081706210638975,0.20933296757947734,0.4656614022286944,0.6331967672993006,64,72512
42,4,2,activity_context,band_fraction,0.27273216177968085,0.2885858081728395,0.5216520223810353,0.6101262374480699,64,72512
42,4,2,wrist_encoder,band_fraction,0.207334621495261,0.1991289494349634,0.4584614203811093,0.6290927332960522,32,72512
43,0,0,subject_embedding,time_location_scale,-0.90651921547275,-1.2673320241998474,0.20492950445780633,1.0690631672534727,1936,203280
43,0,0,bilateral_activity,time_location_scale,0.3774905502318856,0.500452072481589,0.5760952333184917,0.45200578686131354,176,203280
43,0,0,activity_context,time_location_scale,0.40443068639890817,0.5295224436662467,0.6615285801435375,0.423837685324286,176,203280
43,0,0,wrist_encoder,time_location_scale,0.3780448635202343,0.49693695620609935,0.5533919923792375,0.43340127475191315,88,203280
43,0,0,subject_embedding,time_shape,-1.0930320227758934,-1.6530141707297221,0.11058626070927141,1.2418225907472884,528,55440
43,0,0,bilateral_activity,time_shape,0.09675050396460605,0.10039386933804778,0.3793325696312831,0.6371281770395858,48,55440
43,0,0,activity_context,time_shape,0.14486615116430204,0.17323579628664354,0.454252636972979,0.6105415438404386,48,55440
43,0,0,wrist_encoder,time_shape,0.12655554978479122,0.13676539893833561,0.38911146407856156,0.6074182939871866,24,55440
43,0,0,subject_embedding,derivative,-0.7552518816341806,-0.7538327383404937,0.23834750155504872,1.030541924675974,352,36960
43,0,0,bilateral_activity,derivative,0.5591150036108478,0.5809420591069238,0.6039555627068296,0.4150203494743512,32,36960
43,0,0,activity_context,derivative,0.5750973906033737,0.6049129581561667,0.6669014580317526,0.39393580629043723,32,36960
43,0,0,wrist_encoder,derivative,0.5478890112426106,0.572900241833349,0.6027440036859653,0.3999174191713014,16,36960
43,0,0,subject_embedding,spectral_global,-0.9328290752096079,-1.8100645308144936,0.12731702260004146,1.172848050151319,704,73920
43,0,0,bilateral_activity,spectral_global,0.19280428496937532,0.16793214029103776,0.3802805589348507,0.5638987887232766,64,73920
43,0,0,activity_context,spectral_global,0.2124748558597843,0.22463971002247846,0.4375234823166794,0.5499071170438831,64,73920
43,0,0,wrist_encoder,spectral_global,0.19704379441701683,0.1842842937323601,0.3848105847780142,0.5390198272479338,32,73920
43,0,0,subject_embedding,band_absolute,-0.3360901903193726,-1.9446178537204766,0.14798362015343147,1.077279135826954,704,73920
43,0,0,bilateral_activity,band_absolute,0.15636002930623247,0.2248187912868288,0.3854945151398589,0.45168375805512145,64,73920
43,0,0,activity_context,band_absolute,0.15859281158046035,0.23699799945032174,0.41099545630168766,0.44426288075845294,64,73920
43,0,0,wrist_encoder,band_absolute,0.15517377525332196,0.20479641909220347,0.42338056126964463,0.4030067173235597,32,73920
43,0,0,subject_embedding,band_fraction,-1.461978366148791,-1.6010690339590643,0.09864192411362221,1.2499388744785254,704,73920
43,0,0,bilateral_activity,band_fraction,0.10000306232583887,0.09711971611561537,0.3529539646515053,0.692358137547984,64,73920
43,0,0,activity_context,band_fraction,0.1460329922551565,0.13244228097953042,0.41330639430073923,0.6779650812812401,64,73920
43,0,0,wrist_encoder,band_fraction,0.11908370067167011,0.11735564302053098,0.3510646318909809,0.6786105529766399,32,73920
43,0,1,subject_embedding,time_location_scale,-0.3056705720393073,-0.5906121013448719,0.23227935685103018,0.9866340451489195,1936,199408
43,0,1,bilateral_activity,time_location_scale,0.37129649702389145,0.4794596421134822,0.5888698759294662,0.5007624511482391,176,199408
43,0,1,activity_context,time_location_scale,0.38621862278144015,0.5181943841121004,0.6663851067175366,0.4756307432558078,176,199408
43,0,1,wrist_encoder,time_location_scale,0.38539697594445876,0.5045333408303545,0.5740368332196364,0.4727208367491614,88,199408
43,0,1,subject_embedding,time_shape,-1.138817466246898,-1.1931272636343098,0.09651329274572926,1.1329925911080185,528,54384
43,0,1,bilateral_activity,time_shape,0.12216749100654618,0.12457181269679124,0.3954520148492134,0.6287968459331991,48,54384
43,0,1,activity_context,time_shape,0.17557729669698727,0.18734422760495045,0.4576890321102466,0.6052960143833034,48,54384
43,0,1,wrist_encoder,time_shape,0.15646528306721372,0.14944745930544845,0.4082794690070577,0.5992008764288437,24,54384
43,0,1,subject_embedding,derivative,-0.21196848409213354,-0.2761343923308276,0.3018220357597856,0.8906292350606911,352,36256
43,0,1,bilateral_activity,derivative,0.5789897436205089,0.5888763974576363,0.6151699084818574,0.41451691578988653,32,36256
43,0,1,activity_context,derivative,0.5854208242206422,0.5972140078735049,0.6822466128359984,0.39870333518004925,32,36256
43,0,1,wrist_encoder,derivative,0.60813269495516,0.6139192420713263,0.6327629607837237,0.38414481268040024,16,36256
43,0,1,subject_embedding,spectral_global,-0.23991134367909964,-0.9419778827518575,0.15846439397267498,1.0722861255848561,704,72512
43,0,1,bilateral_activity,spectral_global,0.17990000393591646,0.17017499818066895,0.40431160108507525,0.6209317884342428,64,72512
43,0,1,activity_context,spectral_global,0.18832533040845767,0.20306068550935202,0.4600382641996419,0.6044347375329417,64,72512
43,0,1,wrist_encoder,spectral_global,0.1889460417931932,0.18208828961436913,0.3881540355224388,0.5894298876117423,32,72512
43,0,1,subject_embedding,band_absolute,-0.08400684716332234,-0.5284743610502659,0.20720028115801958,1.0287199645125358,704,72512
43,0,1,bilateral_activity,band_absolute,0.14807790640753996,0.19370805372663458,0.41572260689554585,0.5570409256726714,64,72512
43,0,1,activity_context,band_absolute,0.15268792135305562,0.2032770208157782,0.43959911005092656,0.545469753460519,64,72512
43,0,1,wrist_encoder,band_absolute,0.1570000020795865,0.21337361134219507,0.4406141233253649,0.4910406297960154,32,72512
43,0,1,subject_embedding,band_fraction,-0.9372136605729717,-1.0072691199065034,0.12587861881122875,1.1066724631332858,704,72512
43,0,1,bilateral_activity,band_fraction,0.1573167949919657,0.14842207941444024,0.391949967930276,0.6714543410029828,64,72512
43,0,1,activity_context,band_fraction,0.19603287983722875,0.18588608334865092,0.4445177397165458,0.6566060531046225,64,72512
43,0,1,wrist_encoder,band_fraction,0.17271935709768826,0.1597978401903687,0.38688567420337117,0.6583006029652442,32,72512
43,0,2,subject_embedding,time_location_scale,-0.47302474089434976,-0.6388013981063294,0.3162153451210341,0.8516144871832795,1936,197472
43,0,2,bilateral_activity,time_location_scale,0.3885794533865973,0.49101551417429495,0.6123503698026229,0.420737585623716,176,197472
43,0,2,activity_context,time_location_scale,0.420203788444737,0.5387472683157328,0.6956799377375209,0.39074004861065004,176,197472
43,0,2,wrist_encoder,time_location_scale,0.42183345606390943,0.5216312434748519,0.6093921298125664,0.39927373069867744,88,197472
43,0,2,subject_embedding,time_shape,-1.1096935699473391,-1.2102386591433045,0.15180704883198226,1.1321545916483684,528,53856
43,0,2,bilateral_activity,time_shape,0.15417427620457191,0.15925133389528712,0.4164931616970162,0.6139165027484469,48,53856
43,0,2,activity_context,time_shape,0.21350505697771327,0.216850867370183,0.4865327992031724,0.5884274914377535,48,53856
43,0,2,wrist_encoder,time_shape,0.18208465459425005,0.17524952680552214,0.4456584020035699,0.587728889901913,24,53856
43,0,2,subject_embedding,derivative,-0.430266735080097,-0.551790014505137,0.39465425697338435,0.7494837728804672,352,35904
43,0,2,bilateral_activity,derivative,0.6021938807947381,0.6173653510456759,0.6639539726757429,0.33560497821070523,32,35904
43,0,2,activity_context,derivative,0.6232288253416775,0.6374644772809677,0.7034622208863277,0.3190008036271236,32,35904
43,0,2,wrist_encoder,derivative,0.6467381848862334,0.6480888814917094,0.6585411963804259,0.318432456228118,16,35904
43,0,2,subject_embedding,spectral_global,-0.47885629288165255,-1.3139437604756725,0.1862528343068459,0.9977576878151527,704,71808
43,0,2,bilateral_activity,spectral_global,0.19969481182372686,0.19434883043621137,0.42413435514798814,0.5453423391608582,64,71808
43,0,2,activity_context,spectral_global,0.22078231912454835,0.24993412024496314,0.4592742949850875,0.5247687638948938,64,71808
43,0,2,wrist_encoder,spectral_global,0.22361578205619617,0.20971355411463094,0.41206571580270995,0.5164921120274127,32,71808
43,0,2,subject_embedding,band_absolute,-0.1806262233724993,-1.9885161077556408,0.21049923381829905,0.882043567288551,704,71808
43,0,2,bilateral_activity,band_absolute,0.12276828030784336,0.22056060829566965,0.3925326408007717,0.4177363036105605,64,71808
43,0,2,activity_context,band_absolute,0.12768422084180825,0.23673911115874924,0.41925266988554893,0.4021869731172845,64,71808
43,0,2,wrist_encoder,band_absolute,0.13626076883032825,0.2560728898431468,0.42311507145455207,0.3636872752122991,32,71808
43,0,2,subject_embedding,band_fraction,-1.1549027736202286,-1.220541817014762,0.17009799209504045,1.108561288751665,704,71808
43,0,2,bilateral_activity,band_fraction,0.17318450222360388,0.14830867841836592,0.42066323621134283,0.6376233717852384,64,71808
43,0,2,activity_context,band_fraction,0.2223650320970075,0.19553588461076093,0.4759764981536281,0.6209848097577101,64,71808
43,0,2,wrist_encoder,band_fraction,0.19316031125239494,0.15983975548013085,0.40357826499262256,0.6245004843042836,32,71808
43,1,0,subject_embedding,time_location_scale,-1.5744817546018886,-2.0339916751774423,0.16780012440389797,0.9835914319934459,1936,203280
43,1,0,bilateral_activity,time_location_scale,0.2811447813480308,0.35262511566008603,0.5191762472234188,0.42383730353511917,176,203280
43,1,0,activity_context,time_location_scale,0.31780267396210404,0.4058066286281728,0.6086920027373872,0.4022120568160955,176,203280
43,1,0,wrist_encoder,time_location_scale,0.31841331916522897,0.3941509503014502,0.5004888762760571,0.40279806362745885,88,203280
43,1,0,subject_embedding,time_shape,-1.4349858219503673,-1.7649148512913717,0.0781308314327182,1.1966472327535054,528,55440
43,1,0,bilateral_activity,time_shape,0.11940457912261172,0.12541761541964142,0.394353559165527,0.6116266923676058,48,55440
43,1,0,activity_context,time_shape,0.17093704717432695,0.1844846831137566,0.46446984031232275,0.5878816963780953,48,55440
43,1,0,wrist_encoder,time_shape,0.14958864243783723,0.1705553249923803,0.4229556679670143,0.5845372716590509,24,55440
43,1,0,subject_embedding,derivative,-2.0028658935437686,-2.4123234772711815,0.2063186813186813,0.9283050152160938,352,36960
43,1,0,bilateral_activity,derivative,0.38025664619621063,0.3900964893098425,0.5339661522863623,0.3749102689389338,32,36960
43,1,0,activity_context,derivative,0.39920992104975545,0.40610541594406957,0.5978169399160326,0.36223844545488904,32,36960
43,1,0,wrist_encoder,derivative,0.41876162023048236,0.4211108921030816,0.5247800705029226,0.36124737068355567,16,36960
43,1,0,subject_embedding,spectral_global,-1.3470967530224585,-2.13156275536437,0.08437694381090607,1.0979059516521288,704,73920
43,1,0,bilateral_activity,spectral_global,0.11530977935206096,0.13033444527684274,0.35325452374623295,0.533193994056308,64,73920
43,1,0,activity_context,spectral_global,0.14050015229221768,0.16275203520161097,0.4013545818413508,0.5204475437853668,64,73920
43,1,0,wrist_encoder,spectral_global,0.1517587221292977,0.16222708896785154,0.35116063178436085,0.5045888381495008,32,73920
43,1,0,subject_embedding,band_absolute,-1.4122105278923613,-5.766754467320949,0.10446817333609787,0.9703645680701896,704,73920
43,1,0,bilateral_activity,band_absolute,0.09023183387760975,0.07255346617773895,0.27862664282758676,0.3970620113558067,64,73920
43,1,0,activity_context,band_absolute,0.10201187597931669,0.08252744165724285,0.3104006812782667,0.3908803728372176,64,73920
43,1,0,wrist_encoder,band_absolute,0.1610018797544529,0.1567762192823942,0.3075630883744264,0.34475346905198845,32,73920
43,1,0,subject_embedding,band_fraction,-1.5359572129849541,-1.618992173562708,0.10070495542193655,1.182955317481948,704,73920
43,1,0,bilateral_activity,band_fraction,0.09189575816495543,0.08015636102115453,0.3547593298181112,0.6638479424377144,64,73920
43,1,0,activity_context,band_fraction,0.13190906184654663,0.12592150449581752,0.39498784305054657,0.6511760921273436,64,73920
43,1,0,wrist_encoder,band_fraction,0.11114776334490085,0.10371215690610902,0.34065459702780154,0.654126014623663,32,73920
43,1,1,subject_embedding,time_location_scale,-0.16679470560798856,-0.4810097800530949,0.2742718446601942,1.0940817424571845,1936,201344
43,1,1,bilateral_activity,time_location_scale,0.3022738845755518,0.4679385920341793,0.6203131468355139,0.5444222434642948,176,201344
43,1,1,activity_context,time_location_scale,0.3156978509053907,0.5083803956783709,0.7031652555859136,0.514072171263858,176,201344
43,1,1,wrist_encoder,time_location_scale,0.28683581026566835,0.45448012326989945,0.6048582228937489,0.5253358787733212,88,201344
43,1,1,subject_embedding,time_shape,-1.2958160423596283,-1.442291450569918,0.11534591490720708,1.2279946298607824,528,54912
43,1,1,bilateral_activity,time_shape,0.13005528423771343,0.13573001086355468,0.4017842397497744,0.6466467635140696,48,54912
43,1,1,activity_context,time_shape,0.1983315743499296,0.20849703127924812,0.4910472093895399,0.6192076318054175,48,54912
43,1,1,wrist_encoder,time_shape,0.15753984302987775,0.16493546874724968,0.40351536398198234,0.6189734786618459,24,54912
43,1,1,subject_embedding,derivative,-0.1150431662392222,-0.1519485163954175,0.3124239837832071,1.0648158087604498,352,36608
43,1,1,bilateral_activity,derivative,0.527862949826281,0.5508320928146303,0.6704279617046525,0.502187443752519,32,36608
43,1,1,activity_context,derivative,0.5359480768352488,0.560710570849415,0.7228040003183556,0.4808595950672724,32,36608
43,1,1,wrist_encoder,derivative,0.5118866678605258,0.5018114502296511,0.6693642737000087,0.4909720799789267,16,36608
43,1,1,subject_embedding,spectral_global,-0.17434121274160372,-1.0603711745475546,0.1575897803622588,1.2003405615017952,704,73216
43,1,1,bilateral_activity,spectral_global,0.1565092513364686,0.1628145864945833,0.40695793904469013,0.6649885561039492,64,73216
43,1,1,activity_context,spectral_global,0.1668830925466938,0.21191271951599483,0.4815272012655363,0.643652004121803,64,73216
43,1,1,wrist_encoder,spectral_global,0.150003195369412,0.16853664097413007,0.4040888133300172,0.6364893264106074,32,73216
43,1,1,subject_embedding,band_absolute,-0.030498627851194938,-0.4703821162695261,0.2047476795049611,1.2589283938938785,704,73216
43,1,1,bilateral_activity,band_absolute,0.08226478805395471,0.17429346188665817,0.45373617602926813,0.6841176428115143,64,73216
43,1,1,activity_context,band_absolute,0.08422128215772538,0.17415437287820262,0.4970904549610322,0.6715748732951744,64,73216
43,1,1,wrist_encoder,band_absolute,0.0771399448848831,0.14044261997335272,0.46634213808319147,0.6357914583813581,32,73216
43,1,1,subject_embedding,band_fraction,-1.1080610430080564,-1.272110664142541,0.1371492585084818,1.2358293798279927,704,73216
43,1,1,bilateral_activity,band_fraction,0.1314290711475625,0.12893826500654565,0.38715830754306835,0.7122004061914844,64,73216
43,1,1,activity_context,band_fraction,0.18806333365157923,0.20143101995778068,0.44333951931001747,0.691112055471892,64,73216
43,1,1,wrist_encoder,band_fraction,0.14844869312581602,0.15445135726097203,0.39201316588763796,0.7008083074351571,32,73216
43,1,2,subject_embedding,time_location_scale,-0.34824253198171384,-0.9767575461337706,0.21715613056275535,1.022115544435439,1936,199408
43,1,2,bilateral_activity,time_location_scale,0.30712210754124947,0.4392439496571371,0.5792978566229792,0.46508251458756955,176,199408
43,1,2,activity_context,time_location_scale,0.33109343270696334,0.5020350725472371,0.672702501590285,0.4349996158320064,176,199408
43,1,2,wrist_encoder,time_location_scale,0.323096745596183,0.4829106941248477,0.5734316659425848,0.44160886015833045,88,199408
43,1,2,subject_embedding,time_shape,-1.2821281823249717,-1.5183467380622488,0.08858171114534125,1.210348595059745,528,54384
43,1,2,bilateral_activity,time_shape,0.1401182269294051,0.14436264054188425,0.4146627102262639,0.6305709048345657,48,54384
43,1,2,activity_context,time_shape,0.18548710897412168,0.18851415507453634,0.47635216555248117,0.6110801365439046,48,54384
43,1,2,wrist_encoder,time_shape,0.15849539468543652,0.16226743844750674,0.4178770195239804,0.6038721574340524,24,54384
43,1,2,subject_embedding,derivative,-0.3360799357594099,-0.7407735422739604,0.2756776347581602,0.9111226352566705,352,36256
43,1,2,bilateral_activity,derivative,0.5042020835037424,0.5171273712761922,0.6256059266968731,0.386692253732754,32,36256
43,1,2,activity_context,derivative,0.5280049763776823,0.5492700767291616,0.6811620721789167,0.3676135073608982,32,36256
43,1,2,wrist_encoder,derivative,0.523159400851168,0.5367772440650886,0.6339641489042583,0.36180397633332617,16,36256
43,1,2,subject_embedding,spectral_global,-0.2630285392373521,-1.4665778864718593,0.13805847208188726,1.1421148151013334,704,72512
43,1,2,bilateral_activity,spectral_global,0.14075659832734402,0.14045618296099727,0.36610420349158923,0.602053518831474,64,72512
43,1,2,activity_context,spectral_global,0.15285142820353106,0.1646565233861142,0.4156987020430766,0.5850270688540959,64,72512
43,1,2,wrist_encoder,spectral_global,0.16196739494317236,0.17473562735213433,0.3537029247607398,0.571574088017172,32,72512
43,1,2,subject_embedding,band_absolute,-0.10736156143664036,-1.5431093840578258,0.15000768791459826,1.0491110420400396,704,72512
43,1,2,bilateral_activity,band_absolute,0.1350930274311607,0.15877653716265838,0.3491959698004502,0.4930058967004894,64,72512
43,1,2,activity_context,band_absolute,0.1408051725667776,0.16882286577287725,0.407907091644098,0.4834718674492573,64,72512
43,1,2,wrist_encoder,band_absolute,0.14861321148005674,0.15453772047244968,0.36461036057634355,0.4415066907156419,32,72512
43,1,2,subject_embedding,band_fraction,-1.4336979977669502,-1.5272449241687613,0.1154120722224663,1.192453420070246,704,72512
43,1,2,bilateral_activity,band_fraction,0.12950754497143557,0.11529608664406127,0.3914110845223404,0.6579035387426664,64,72512
43,1,2,activity_context,band_fraction,0.16317250353110943,0.15787967955884596,0.42785247319708186,0.6469852104804844,64,72512
43,1,2,wrist_encoder,band_fraction,0.1568879326947665,0.14812747918354036,0.38640132421298923,0.6402329343090024,32,72512
43,2,0,subject_embedding,time_location_scale,-0.18380624711019333,-0.2528371187061592,0.37150114036906484,0.8079105050752977,1936,203280
43,2,0,bilateral_activity,time_location_scale,0.44816589031814463,0.5587103054047045,0.6632420133643501,0.4099976736720238,176,203280
43,2,0,activity_context,time_location_scale,0.45741748167784946,0.5938403534192485,0.7588300870538672,0.3702142571040496,176,203280
43,2,0,wrist_encoder,time_location_scale,0.43849154466917556,0.5680232767061446,0.6379403964747116,0.4002806888818342,88,203280
43,2,0,subject_embedding,time_shape,-0.9780607089226933,-1.0353768861626573,0.16005349702601712,1.1068613700873724,528,55440
43,2,0,bilateral_activity,time_shape,0.1607535856929414,0.17378891334767615,0.4544501791857941,0.6103821336294265,48,55440
43,2,0,activity_context,time_shape,0.2396394783384037,0.2527017151329335,0.5180258021083077,0.5679880850752411,48,55440
43,2,0,wrist_encoder,time_shape,0.18632969489108295,0.18451336758039893,0.4612289047576592,0.5855626199047387,24,55440
43,2,0,subject_embedding,derivative,-0.008970874550815142,-0.02092723597759849,0.4620568111134149,0.710660740092535,352,36960
43,2,0,bilateral_activity,derivative,0.6591801957699569,0.6689760339200865,0.6947862033440704,0.34078606765050445,32,36960
43,2,0,activity_context,derivative,0.6427516323803592,0.6668075522935135,0.7478611105421418,0.3195291752259718,32,36960
43,2,0,wrist_encoder,derivative,0.6296238034367763,0.6262895663202865,0.6757817045602187,0.34208675087105744,16,36960
43,2,0,subject_embedding,spectral_global,-0.23897051508031136,-0.9679923282478814,0.1941480766263078,0.9717875264526076,704,73920
43,2,0,bilateral_activity,spectral_global,0.2160956793824307,0.20852518025823474,0.4248140228219366,0.5482535226835563,64,73920
43,2,0,activity_context,spectral_global,0.21490484511272487,0.26146639211019373,0.4831731760350736,0.5181327007173882,64,73920
43,2,0,wrist_encoder,spectral_global,0.2106660990728218,0.2051927788415181,0.41176540069424405,0.5267702404668662,32,73920
43,2,0,subject_embedding,band_absolute,-0.010411350227444133,-0.6664456712975364,0.26031515654157167,0.9015049117420508,704,73920
43,2,0,bilateral_activity,band_absolute,0.09300184190729932,0.28137191511953413,0.4131308177169421,0.4699787321877003,64,73920
43,2,0,activity_context,band_absolute,0.08366212929609548,0.2697064526862288,0.4677289358917276,0.435802717117519,64,73920
43,2,0,wrist_encoder,band_absolute,0.08458756602421107,0.2097144725620781,0.43688709186729374,0.42908920998176653,32,73920
43,2,0,subject_embedding,band_fraction,-0.8884493643980331,-0.994329320945497,0.20202156334231805,1.0629530177031452,704,73920
43,2,0,bilateral_activity,band_fraction,0.14015825090149261,0.1345273681498136,0.4316114642225717,0.6504874283441079,64,73920
43,2,0,activity_context,band_fraction,0.20495820695501812,0.20862886190715213,0.4889306339316234,0.6243217577901223,64,73920
43,2,0,wrist_encoder,band_fraction,0.14807649400583042,0.15083054421970166,0.40913634502629015,0.6447058774311621,32,73920
43,2,1,subject_embedding,time_location_scale,-0.38538177522495,-0.7025396472710357,0.2877467193001174,1.0208610096162003,1936,201344
43,2,1,bilateral_activity,time_location_scale,0.3841376902783281,0.5393359896207808,0.6473921315306317,0.46412976237681863,176,201344
43,2,1,activity_context,time_location_scale,0.39630228385398975,0.5616600011537534,0.7281212432194104,0.43783070663037754,176,201344
43,2,1,wrist_encoder,time_location_scale,0.3973799155717088,0.5395075609103952,0.6342610752493296,0.45107014592992956,88,201344
43,2,1,subject_embedding,time_shape,-1.972587686190323,-2.059507492964548,0.0828176677691241,1.2687322275350372,528,54912
43,2,1,bilateral_activity,time_shape,0.1497235907493081,0.15567126426930528,0.39341711659059697,0.605485086363684,48,54912
43,2,1,activity_context,time_shape,0.20756464137412514,0.21594751082464075,0.46692230416415265,0.5795006879167219,48,54912
43,2,1,wrist_encoder,time_shape,0.17904047041361773,0.18398243635742834,0.40127581738600965,0.5795245435770859,24,54912
43,2,1,subject_embedding,derivative,-0.20698882201344798,-0.2906906052748901,0.3645737757388243,0.9344051946663376,352,36608
43,2,1,bilateral_activity,derivative,0.5905861329149912,0.630300804529375,0.6812216414286351,0.4074128326935841,32,36608
43,2,1,activity_context,derivative,0.5942123831330991,0.638141112800322,0.7440625163556084,0.3886012104210828,32,36608
43,2,1,wrist_encoder,derivative,0.5976091467336723,0.6133856813274132,0.6660219030657448,0.40097922238591693,16,36608
43,2,1,subject_embedding,spectral_global,-0.32506431987427303,-1.438671658980442,0.17411181051957753,1.1799867386395422,704,73216
43,2,1,bilateral_activity,spectral_global,0.17642159571282684,0.24240211116127558,0.43995093377550476,0.6044770859316637,64,73216
43,2,1,activity_context,spectral_global,0.18489414883135083,0.27359387224466797,0.4907662155263846,0.5882793208977726,64,73216
43,2,1,wrist_encoder,spectral_global,0.1916147500167949,0.2262262452297628,0.42349290660995015,0.5849158581023984,32,73216
43,2,1,subject_embedding,band_absolute,-0.05544431895174997,-1.134328000676525,0.21990824709271312,1.0865207991972246,704,73216
43,2,1,bilateral_activity,band_absolute,0.07454708838188161,0.22310741331243011,0.44114038375978337,0.5452639147925901,64,73216
43,2,1,activity_context,band_absolute,0.07577869047849779,0.22185544508449245,0.46679008964536584,0.5355057672109982,64,73216
43,2,1,wrist_encoder,band_absolute,0.07851410849962848,0.20658734227171344,0.444595017090434,0.5078010741979372,32,73216
43,2,1,subject_embedding,band_fraction,-1.6393972747158696,-1.7682318076464427,0.14115011202389843,1.2765697293778606,704,73216
43,2,1,bilateral_activity,band_fraction,0.19109556526004357,0.15746737831921703,0.4186888670934333,0.6801284839578967,64,73216
43,2,1,activity_context,band_fraction,0.2392923681625234,0.20817317643738142,0.4665266165713161,0.6642195155838151,64,73216
43,2,1,wrist_encoder,band_fraction,0.1987256733066922,0.15987793055048,0.41064442250945143,0.6712814506559847,32,73216
43,2,2,subject_embedding,time_location_scale,-0.4984170972923095,-0.7563131009393672,0.31553398058252424,0.8677092667438047,1936,199408
43,2,2,bilateral_activity,time_location_scale,0.42000381257824604,0.5030905458976804,0.6033566305616804,0.4168815020477795,176,199408
43,2,2,activity_context,time_location_scale,0.44685185958961693,0.5454195923399711,0.6770916289167344,0.39107077344370156,176,199408
43,2,2,wrist_encoder,time_location_scale,0.4371043249022257,0.5327099600567111,0.5902310865752944,0.394993190060772,88,199408
43,2,2,subject_embedding,time_shape,-0.918766405410429,-1.3669492843210156,0.13546105522119228,1.1890277887534695,528,54384
43,2,2,bilateral_activity,time_shape,0.12694992143495215,0.14106274855056827,0.41115154803924414,0.6407199892008207,48,54384
43,2,2,activity_context,time_shape,0.1667913564820088,0.19771734339508384,0.48133859350666647,0.6176738711848486,48,54384
43,2,2,wrist_encoder,time_shape,0.14342459899753074,0.14744415911477798,0.4332677261377512,0.6164969513982054,24,54384
43,2,2,subject_embedding,derivative,-0.34095721498772014,-0.412307686157688,0.3892171506391952,0.7543928944414284,352,36256
43,2,2,bilateral_activity,derivative,0.6352572438122611,0.628953882187054,0.6591739649649011,0.3376065857822461,32,36256
43,2,2,activity_context,derivative,0.6500524536731798,0.6418703976333588,0.6973449355949612,0.32534927334265856,32,36256
43,2,2,wrist_encoder,derivative,0.6642848848924262,0.6652433971609379,0.6524678543043625,0.3161819461757726,16,36256
43,2,2,subject_embedding,spectral_global,-0.6195264406007801,-1.401944034851782,0.202873083512718,1.0048024841673497,704,72512
43,2,2,bilateral_activity,spectral_global,0.20910248356760086,0.2169217538496172,0.4096504481766411,0.5289185806772866,64,72512
43,2,2,activity_context,spectral_global,0.23189834825820102,0.27459694979031335,0.45272885637049065,0.5122911549941163,64,72512
43,2,2,wrist_encoder,spectral_global,0.22944932591758335,0.2333792990836439,0.4043741027878907,0.5042428289819109,32,72512
43,2,2,subject_embedding,band_absolute,-0.32334816987990755,-1.7922510260250195,0.22978078460659845,0.8736218718517206,704,72512
43,2,2,bilateral_activity,band_absolute,0.22882026256167656,0.2458961986296036,0.4045412433779101,0.40674408248247323,64,72512
43,2,2,activity_context,band_absolute,0.23824376189854593,0.2573799051161389,0.4241913440342202,0.39760489846682645,64,72512
43,2,2,wrist_encoder,band_absolute,0.24526923565622374,0.27397764361172594,0.4456229776756968,0.35426395874293154,32,72512
43,2,2,subject_embedding,band_fraction,-1.1117858954985553,-1.2741697804071808,0.171638184773536,1.130789818749179,704,72512
43,2,2,bilateral_activity,band_fraction,0.13074075884716763,0.11544992258044334,0.39986560154490436,0.6609441420481438,64,72512
43,2,2,activity_context,band_fraction,0.18953862099899677,0.17837998364331598,0.44868014963043945,0.6398667097736691,64,72512
43,2,2,wrist_encoder,band_fraction,0.15554818316287805,0.16915692132858956,0.3979365595333546,0.640088744777927,32,72512
43,3,0,subject_embedding,time_location_scale,-1.8946093420242582,-3.842869991828394,0.047511922040223926,1.5230032114695864,1936,203280
43,3,0,bilateral_activity,time_location_scale,0.30882129948192394,0.4289259353124871,0.5902304099982703,0.4864981943453575,176,203280
43,3,0,activity_context,time_location_scale,0.3313623378658294,0.4626439541517628,0.6560394715537352,0.4671292999185629,176,203280
43,3,0,wrist_encoder,time_location_scale,0.3111669018711222,0.41987476960295067,0.5539461425177563,0.47519072129808965,88,203280
43,3,0,subject_embedding,time_shape,-3.226273914978642,-4.281779536338774,0.05260211486626581,1.6661213305028963,528,55440
43,3,0,bilateral_activity,time_shape,0.10229153392211886,0.11946757383768924,0.3868713863361636,0.6193073734445497,48,55440
43,3,0,activity_context,time_shape,0.1566304339471638,0.1609997934753496,0.4650841033175984,0.5922566341110206,48,55440
43,3,0,wrist_encoder,time_shape,0.11802637479840417,0.1284586770088898,0.3953269062457254,0.5972795962631433,24,55440
43,3,0,subject_embedding,derivative,-2.9282344474312882,-3.8378983882588793,0.06379846568525813,1.4424982030824591,352,36960
43,3,0,bilateral_activity,derivative,0.5092980550449587,0.5099062347008718,0.5859803920270599,0.430051153838544,32,36960
43,3,0,activity_context,derivative,0.5215367224784307,0.5212361307655862,0.6379535063174939,0.4183059363522199,32,36960
43,3,0,wrist_encoder,derivative,0.5159192199268794,0.5232122774825707,0.5665247147094468,0.42026786088245216,16,36960
43,3,0,subject_embedding,spectral_global,-0.7901766268061319,-4.1952736931451575,0.049984683772683974,1.5799907574953507,704,73920
43,3,0,bilateral_activity,spectral_global,0.0869996136201026,0.17080473822706754,0.3883591844878898,0.5969541904935075,64,73920
43,3,0,activity_context,spectral_global,0.09575798273787191,0.1873928366952725,0.4261433369722276,0.5837462319740815,64,73920
43,3,0,wrist_encoder,spectral_global,0.09418076012134866,0.16702565379148965,0.36646104134994817,0.574690730467232,32,73920
43,3,0,subject_embedding,band_absolute,-0.14114220264841176,-6.193390205549878,0.03844080447854033,1.5464938079678798,704,73920
43,3,0,bilateral_activity,band_absolute,0.028325110421891234,0.1360230481040814,0.3455606125896915,0.5326858188521942,64,73920
43,3,0,activity_context,band_absolute,0.029605431735970255,0.13838433857331922,0.36726060611507805,0.5267003194109023,64,73920
43,3,0,wrist_encoder,band_absolute,0.02883770061071077,0.1656384296106217,0.3453117303897059,0.49437615245544136,32,73920
43,3,0,subject_embedding,band_fraction,-3.535709137126372,-3.824635887330945,0.07308729006842216,1.6546974754380324,704,73920
43,3,0,bilateral_activity,band_fraction,0.12729371568361136,0.10826117878367603,0.381822399114142,0.6761771225787343,64,73920
43,3,0,activity_context,band_fraction,0.177850249358445,0.1750151688965388,0.4415639049621647,0.6584512412097249,64,73920
43,3,0,wrist_encoder,band_fraction,0.14384191416031367,0.13472201674621986,0.3732259002778534,0.6623631607676252,32,73920
43,3,1,subject_embedding,time_location_scale,-0.162219220596763,-0.3406881469357085,0.3494453659547999,0.8956950695452515,1936,203280
43,3,1,bilateral_activity,time_location_scale,0.3906414103921726,0.553156176638398,0.640654865455019,0.4415580096632705,176,203280
43,3,1,activity_context,time_location_scale,0.40111281804005366,0.5860525172467274,0.7226458551613122,0.4051879342873391,176,203280
43,3,1,wrist_encoder,time_location_scale,0.41163617600224667,0.559620276505488,0.6290678649692978,0.4218888751940741,88,203280
43,3,1,subject_embedding,time_shape,-0.9528731106354285,-1.1260309706582965,0.17043267877635715,1.162738531097366,528,55440
43,3,1,bilateral_activity,time_shape,0.17112332081611722,0.1682505902440643,0.4479408069217548,0.6342356794623412,48,55440
43,3,1,activity_context,time_shape,0.24552499530479938,0.2494390546964208,0.5242709869340553,0.5916560913709511,48,55440
43,3,1,wrist_encoder,time_shape,0.18929317214857416,0.18674454189893624,0.463071805826691,0.6116236214185575,24,55440
43,3,1,subject_embedding,derivative,0.03952430168684105,0.0015172342338312106,0.4346153846153846,0.8016538317696026,352,36960
43,3,1,bilateral_activity,derivative,0.6279283153041194,0.642142420846259,0.697791597199404,0.38172050949056036,32,36960
43,3,1,activity_context,derivative,0.6310254996874515,0.6453555888576268,0.751636458807844,0.3585562655932025,32,36960
43,3,1,wrist_encoder,derivative,0.6562726047398478,0.6556667046874953,0.7097178547596166,0.3648679137296445,16,36960
43,3,1,subject_embedding,spectral_global,-0.19567368627896012,-0.9007087090952803,0.22604188264565622,1.0532871468846492,704,73920
43,3,1,bilateral_activity,spectral_global,0.21525408071373933,0.23449201972578826,0.42800348769986496,0.5822811264195841,64,73920
43,3,1,activity_context,spectral_global,0.21791544943770774,0.2862321659856135,0.4897026483138877,0.5546195726148063,64,73920
43,3,1,wrist_encoder,spectral_global,0.22900398738413,0.23204770360105287,0.41745443478930944,0.5556016980012738,32,73920
43,3,1,subject_embedding,band_absolute,-0.019894270783723078,-0.434943962037868,0.25931474186191167,1.001076599347055,704,73920
43,3,1,bilateral_activity,band_absolute,0.12612936375594874,0.23467456697105665,0.4353998265262231,0.5262489087738526,64,73920
43,3,1,activity_context,band_absolute,0.12202355910718551,0.23969263598099505,0.4939512098966502,0.49582627907169396,64,73920
43,3,1,wrist_encoder,band_absolute,0.13337835340629237,0.22092059455021595,0.4626796646958567,0.4731956885983974,32,73920
43,3,1,subject_embedding,band_fraction,-0.8992108011079485,-0.9664598041740319,0.2296340452000829,1.1278316249970457,704,73920
43,3,1,bilateral_activity,band_fraction,0.16965884345366244,0.14941988597550965,0.4475375547674097,0.6739366191159529,64,73920
43,3,1,activity_context,band_fraction,0.2300855992421166,0.21458061809204665,0.49875478787702254,0.649539351365884,64,73920
43,3,1,wrist_encoder,band_fraction,0.18182261603905162,0.17544030048321374,0.43685469649099634,0.6607644412672723,32,73920
43,3,2,subject_embedding,time_location_scale,-0.4773008492655286,-0.6727146460803678,0.28491960637877256,0.8480925621507129,1936,199408
43,3,2,bilateral_activity,time_location_scale,0.40475920968685847,0.5104310385514674,0.6003474856780286,0.415085657103679,176,199408
43,3,2,activity_context,time_location_scale,0.43565122001625417,0.5643388835164873,0.696381272112858,0.3792151506557018,176,199408
43,3,2,wrist_encoder,time_location_scale,0.42005636276453284,0.5164877074879997,0.5280047967389749,0.3996642717172867,88,199408
43,3,2,subject_embedding,time_shape,-1.2315114974348096,-1.608672581221063,0.11766353292623996,1.1880723748590694,528,54384
43,3,2,bilateral_activity,time_shape,0.13336337811031043,0.15251559349158922,0.41293755367656765,0.6214387536543956,48,54384
43,3,2,activity_context,time_shape,0.16479042208028014,0.18029754535599363,0.45416418051842933,0.6060668609684736,48,54384
43,3,2,wrist_encoder,time_shape,0.15764531417214467,0.16519765587260665,0.4268316169606664,0.5981478843076886,24,54384
43,3,2,subject_embedding,derivative,-0.2721975193755996,-0.41346636525063485,0.3643137987084304,0.7550975430128731,352,36256
43,3,2,bilateral_activity,derivative,0.5753120702944804,0.594202827991922,0.639417438269886,0.3539379528512898,32,36256
43,3,2,activity_context,derivative,0.5931690154637108,0.6256558108798285,0.7137567358672714,0.32464498894989874,32,36256
43,3,2,wrist_encoder,derivative,0.5825494038864805,0.6065906891108613,0.5907155070302059,0.3468448390305856,16,36256
43,3,2,subject_embedding,spectral_global,-0.6075455000194449,-1.430140539560467,0.15952422791371967,0.9888625103868355,704,72512
43,3,2,bilateral_activity,spectral_global,0.22987488683797674,0.23235470334119707,0.38907674902102446,0.5278989386852899,64,72512
43,3,2,activity_context,spectral_global,0.2469777458266943,0.2653615705337584,0.45458688141112924,0.5126789494967388,64,72512
43,3,2,wrist_encoder,spectral_global,0.24362535463802681,0.21204177961339882,0.3747269354225616,0.5071842253782403,32,72512
43,3,2,subject_embedding,band_absolute,-0.16592509084987087,-1.4056617254049533,0.19044062733383124,0.8453636383641786,704,72512
43,3,2,bilateral_activity,band_absolute,0.17525609458919889,0.24176421338801163,0.3667854077302085,0.41530727185290806,64,72512
43,3,2,activity_context,band_absolute,0.17592348804084146,0.25066327361070057,0.41363845849419967,0.40034567155498973,64,72512
43,3,2,wrist_encoder,band_absolute,0.1817314260197366,0.2601681636392032,0.32476911320804125,0.36371270442406284,32,72512
43,3,2,subject_embedding,band_fraction,-1.4167324702617792,-1.4886749663197847,0.13083183235953083,1.1515081833352543,704,72512
43,3,2,bilateral_activity,band_fraction,0.1606857448550696,0.14392715169822895,0.40001520360194753,0.6441207155237524,64,72512
43,3,2,activity_context,band_fraction,0.19478120313513275,0.18043799967389246,0.437872003311641,0.6357158570539065,64,72512
43,3,2,wrist_encoder,band_fraction,0.17117487228003353,0.15293668846715852,0.3745735118247357,0.6375562312629449,32,72512
43,4,0,subject_embedding,time_location_scale,-0.7347963989572994,-0.8933293450543018,0.24856935517312873,0.901134896143818,1936,203280
43,4,0,bilateral_activity,time_location_scale,0.40695995821723036,0.5040199566837933,0.6088595380320267,0.4238377563227268,176,203280
43,4,0,activity_context,time_location_scale,0.4297350298912826,0.538411841522264,0.6753648545118565,0.3966617900283474,176,203280
43,4,0,wrist_encoder,time_location_scale,0.41181588854775547,0.48684557092490377,0.5959859810326977,0.41003716841308674,88,203280
43,4,0,subject_embedding,time_shape,-1.426060921444381,-1.754230228495314,0.07557536802819821,1.2757134379703376,528,55440
43,4,0,bilateral_activity,time_shape,0.14663651652427556,0.14345531958420976,0.41344925253667175,0.638612004140438,48,55440
43,4,0,activity_context,time_shape,0.19980542475311755,0.20771010996262929,0.48021678536751733,0.6110079265578096,48,55440
43,4,0,wrist_encoder,time_shape,0.16352907836994132,0.1581279493194082,0.42396600985848976,0.6159305106491724,24,55440
43,4,0,subject_embedding,derivative,-0.570781852268633,-0.6862296875631798,0.3198527887207132,0.7738321587210438,352,36960
43,4,0,bilateral_activity,derivative,0.5593811971523314,0.5676257175835786,0.6390799643706637,0.3582942749506943,32,36960
43,4,0,activity_context,derivative,0.5773390947394373,0.5851822753869755,0.6823134123017784,0.33781239197779506,32,36960
43,4,0,wrist_encoder,derivative,0.5692931741747261,0.5709493695082017,0.6211610806310468,0.34641295506974584,16,36960
43,4,0,subject_embedding,spectral_global,-0.9309651361613914,-1.8054974492433273,0.1464069234641443,1.06848743708756,704,73920
43,4,0,bilateral_activity,spectral_global,0.1931938258326785,0.19423307456608369,0.3679004137554107,0.5433513871909847,64,73920
43,4,0,activity_context,spectral_global,0.21079719271768657,0.232176300911962,0.4302083118347294,0.5261323581447783,64,73920
43,4,0,wrist_encoder,spectral_global,0.19697560139026968,0.1849071425930664,0.34746074063003696,0.5217810271807238,32,73920
43,4,0,subject_embedding,band_absolute,-0.16040493802183137,-1.697684363083965,0.1796599626788306,0.9210528607320462,704,73920
43,4,0,bilateral_activity,band_absolute,0.1001506584941641,0.1890400807641876,0.39292968190529254,0.4444491957165428,64,73920
43,4,0,activity_context,band_absolute,0.10314075784055642,0.21442279029929362,0.41670797643703683,0.4330695434208015,64,73920
43,4,0,wrist_encoder,band_absolute,0.09915554542384,0.1977839188243255,0.3801938106821131,0.4039609266657383,32,73920
43,4,0,subject_embedding,band_fraction,-1.6577481272953254,-1.7958422723381366,0.12530582624922249,1.2287911474579793,704,73920
43,4,0,bilateral_activity,band_fraction,0.13159879210095507,0.1281211429959207,0.39056929289848635,0.6631451372388935,64,73920
43,4,0,activity_context,band_fraction,0.1799555449115473,0.17477201612873017,0.4366557434937014,0.6458793247499588,64,73920
43,4,0,wrist_encoder,band_fraction,0.13793620798971218,0.1278198876698473,0.3499610799633157,0.6562652137271525,32,73920
43,4,1,subject_embedding,time_location_scale,-0.07118304664879915,-0.44798614570191486,0.2856831847397885,1.121423826504608,1936,203280
43,4,1,bilateral_activity,time_location_scale,0.16666896692477312,0.45184043594188206,0.6337030210558723,0.5489892275148952,176,203280
43,4,1,activity_context,time_location_scale,0.1709380238025902,0.4693489389699378,0.6994798356788846,0.5276014611632548,176,203280
43,4,1,wrist_encoder,time_location_scale,0.16816232194636552,0.4450352601475117,0.6124265257126172,0.5317301028939013,88,203280
43,4,1,subject_embedding,time_shape,-1.3334708102197341,-1.477352918426623,0.11128648016194129,1.1708653034292216,528,55440
43,4,1,bilateral_activity,time_shape,0.14078542297068833,0.1432111996905442,0.42005465973820366,0.599777187654509,48,55440
43,4,1,activity_context,time_shape,0.18092516060084723,0.16933022984347962,0.4768709463290255,0.5819013511982638,48,55440
43,4,1,wrist_encoder,time_shape,0.1704487364713831,0.16644974801759665,0.4219155506769924,0.5757874976895637,24,55440
43,4,1,subject_embedding,derivative,0.019655110571714575,-0.0450666272648097,0.3786958324694174,1.0127694010687407,352,36960
43,4,1,bilateral_activity,derivative,0.48487978182899055,0.5352160528348091,0.703454806514122,0.4694396721715232,32,36960
43,4,1,activity_context,derivative,0.48655443605176674,0.5370192949756307,0.7281648937019455,0.45986389750915996,32,36960
43,4,1,wrist_encoder,derivative,0.47571158590447365,0.5012377427429255,0.7073987516776903,0.45848656798073945,16,36960
43,4,1,subject_embedding,spectral_global,-0.04437876578999725,-0.8569927285141894,0.18570910221853618,1.2658424164250917,704,73920
43,4,1,bilateral_activity,spectral_global,0.07572972293921425,0.17372597614930896,0.42980070219730077,0.7052613345351968,64,73920
43,4,1,activity_context,spectral_global,0.0767628730054826,0.19181522316996724,0.4678604664601918,0.6910439739057844,64,73920
43,4,1,wrist_encoder,spectral_global,0.07729976760918757,0.18711313030199633,0.4214520085850059,0.6782362444052012,32,73920
43,4,1,subject_embedding,band_absolute,-0.01676164399924327,-0.44427352360656114,0.22466307277628034,1.319830353058888,704,73920
43,4,1,bilateral_activity,band_absolute,0.061523869860959576,0.149107696542281,0.45688025940225296,0.7099848882913921,64,73920
43,4,1,activity_context,band_absolute,0.060069984130527374,0.1546511038400955,0.4659261567443129,0.703877785048945,64,73920
43,4,1,wrist_encoder,band_absolute,0.059968996659072814,0.13427540564140067,0.47450096350969445,0.6639235281096136,32,73920
43,4,1,subject_embedding,band_fraction,-1.107982681126103,-1.190283969295864,0.1645811735434377,1.180604895174074,704,73920
43,4,1,bilateral_activity,band_fraction,0.1769886353596251,0.1468431693206228,0.4252234290689372,0.6680981461313279,64,73920
43,4,1,activity_context,band_fraction,0.2089717067520636,0.18197280363507884,0.45385566380511,0.6592904739852172,64,73920
43,4,1,wrist_encoder,band_fraction,0.2068600691987446,0.18282377392321914,0.43345643354039004,0.6485655657769439,32,73920
43,4,2,subject_embedding,time_location_scale,-1.6228056821129322,-2.0381737480645548,0.12711417651451917,1.0235683814474705,1936,199408
43,4,2,bilateral_activity,time_location_scale,0.38745303701304845,0.4370428594802938,0.571678956031764,0.43055784276515063,176,199408
43,4,2,activity_context,time_location_scale,0.4285470835730766,0.47826542184826204,0.6431434304688961,0.4057957978661383,176,199408
43,4,2,wrist_encoder,time_location_scale,0.40123650676899114,0.43444003845329376,0.5138649271429224,0.4197072937903187,88,199408
43,4,2,subject_embedding,time_shape,-1.2170246286580617,-1.9162461519526601,0.07268374115889822,1.3194407652856834,528,54384
43,4,2,bilateral_activity,time_shape,0.10330534538664986,0.13129085075173968,0.38931800059111454,0.6392539064122712,48,54384
43,4,2,activity_context,time_shape,0.14681114503314993,0.19177759003148365,0.45243592827282497,0.6163111726207435,48,54384
43,4,2,wrist_encoder,time_shape,0.11600239962759513,0.1429378857565281,0.39664593568545403,0.6175633247356808,24,54384
43,4,2,subject_embedding,derivative,-1.5124001642299394,-1.38297880009756,0.19528950489829988,0.9130060929559832,352,36256
43,4,2,bilateral_activity,derivative,0.5169841841166499,0.5245063030819126,0.5928484144203379,0.37410330880905157,32,36256
43,4,2,activity_context,derivative,0.5434573517341571,0.551631607895781,0.6379841795216212,0.35794712060629486,32,36256
43,4,2,wrist_encoder,derivative,0.5274457794709766,0.5234012099891854,0.5466598491350005,0.36843919020906657,16,36256
43,4,2,subject_embedding,spectral_global,-1.5587622558877028,-2.256040316492395,0.1022492641567456,1.121882579548486,704,72512
43,4,2,bilateral_activity,spectral_global,0.16227195705982927,0.18214560273747926,0.38700147478321684,0.5366399797535953,64,72512
43,4,2,activity_context,spectral_global,0.19433298103052327,0.2231939608707697,0.4314172174476129,0.5230752245854796,64,72512
43,4,2,wrist_encoder,spectral_global,0.1852638477163558,0.18628601918987953,0.36501058741091114,0.5177861633420213,32,72512
43,4,2,subject_embedding,band_absolute,-1.3598494566810848,-4.07401048308852,0.11407217853534245,0.9870973326106,704,72512
43,4,2,bilateral_activity,band_absolute,0.158508895316977,0.14533193071684497,0.33831085663910115,0.4122862750464086,64,72512
43,4,2,activity_context,band_absolute,0.17309117623205283,0.15986707945988088,0.36382639422194807,0.40307834892964967,64,72512
43,4,2,wrist_encoder,band_absolute,0.20414145837119113,0.20022929885969976,0.31197214034597687,0.36920007881590317,32,72512
43,4,2,subject_embedding,band_fraction,-1.6682571989854167,-1.8594744040807367,0.11875082370513554,1.2652375123004351,704,72512
43,4,2,bilateral_activity,band_fraction,0.13951668435946737,0.12887489892215964,0.3870970676264168,0.6670166472511722,64,72512
43,4,2,activity_context,band_fraction,0.1911644629844774,0.19079521589707626,0.45015513911530924,0.649927934442627,64,72512
43,4,2,wrist_encoder,band_fraction,0.1499394067226482,0.14976067711796798,0.375920510711232,0.6564655981364593,32,72512
44,0,0,subject_embedding,time_location_scale,-0.7660648804136854,-1.0789808076688971,0.21562305618909394,1.0233179448248633,1936,203280
44,0,0,bilateral_activity,time_location_scale,0.38648658050980117,0.5083593658877068,0.5961117310064556,0.43292239982778064,176,203280
44,0,0,activity_context,time_location_scale,0.4122196987705316,0.5487742524461652,0.7045466500300896,0.4015172058003749,176,203280
44,0,0,wrist_encoder,time_location_scale,0.3814860667306351,0.5093200413158279,0.5917416087820747,0.41588091745750544,88,203280
44,0,0,subject_embedding,time_shape,-0.9787786509608947,-1.4208357690006408,0.12991804891011527,1.2023699936423948,528,55440
44,0,0,bilateral_activity,time_shape,0.13594782934044497,0.14597356739359618,0.4172435607305969,0.619492290059685,48,55440
44,0,0,activity_context,time_shape,0.18019846710755558,0.1947293678838773,0.503053997434621,0.5937463125744574,48,55440
44,0,0,wrist_encoder,time_shape,0.15593925722285798,0.17689241409674605,0.4280741456969259,0.5933292508093319,24,55440
44,0,0,subject_embedding,derivative,-0.6345127004755047,-0.7420771321435397,0.2626632801161103,0.9916243685187872,352,36960
44,0,0,bilateral_activity,derivative,0.5743718909694843,0.589279660213493,0.6531774657610475,0.38725973576716605,32,36960
44,0,0,activity_context,derivative,0.5825969642784327,0.5965619100881678,0.7222015398620917,0.3683011911673,32,36960
44,0,0,wrist_encoder,derivative,0.5391519518919927,0.5579422008407544,0.6460386267439697,0.3851202482292478,16,36960
44,0,0,subject_embedding,spectral_global,-0.8078732011482413,-1.5662922625180498,0.12484967862326353,1.1320622546974628,704,73920
44,0,0,bilateral_activity,spectral_global,0.18744366250601632,0.17262161163989787,0.38100453964846215,0.5531680844383592,64,73920
44,0,0,activity_context,spectral_global,0.20626899205009983,0.22456689804964586,0.4541918714677226,0.5371600635477572,64,73920
44,0,0,wrist_encoder,spectral_global,0.19268620971576741,0.1960723483048712,0.4016030761786633,0.524802881537087,32,73920
44,0,0,subject_embedding,band_absolute,-0.30858604491132996,-1.8029839458525827,0.13154157163591126,1.0624811209293246,704,73920
44,0,0,bilateral_activity,band_absolute,0.15344725371562132,0.20913496002686593,0.3929570300766022,0.431535456780872,64,73920
44,0,0,activity_context,band_absolute,0.15630397546319263,0.20563023875821068,0.431637344323173,0.42168022574417335,64,73920
44,0,0,wrist_encoder,band_absolute,0.14122848195579255,0.20275769354673207,0.4327725709580882,0.388761475607488,32,73920
44,0,0,subject_embedding,band_fraction,-1.219366249745483,-1.3643144146798247,0.13957599004768814,1.1855062288943627,704,73920
44,0,0,bilateral_activity,band_fraction,0.11055390551503612,0.09882857027860814,0.37678070941070707,0.6858486426435718,64,73920
44,0,0,activity_context,band_fraction,0.15527019405500866,0.14341745769794972,0.4177115332180009,0.6712523324397023,64,73920
44,0,0,wrist_encoder,band_fraction,0.13431853596504245,0.12819747844990675,0.3774615028791535,0.6688960743817652,32,73920
44,0,1,subject_embedding,time_location_scale,-0.3165667461743801,-0.554711939651004,0.27552387646619514,0.977505831012211,1936,199408
44,0,1,bilateral_activity,time_location_scale,0.4048480804565548,0.5252877301806174,0.6276536811718121,0.4739465801080531,176,199408
44,0,1,activity_context,time_location_scale,0.4186840653873435,0.5568192759641186,0.6939717160273673,0.4474924835895332,176,199408
44,0,1,wrist_encoder,time_location_scale,0.4156005141494063,0.5506381695800276,0.6032764126712928,0.45342610988854837,88,199408
44,0,1,subject_embedding,time_shape,-1.0688607579926024,-1.2137040009992315,0.15217128673724906,1.1121538555340953,528,54384
44,0,1,bilateral_activity,time_shape,0.14626915516127603,0.14271023235781916,0.41881963310285336,0.620012493559154,48,54384
44,0,1,activity_context,time_shape,0.19794919351637694,0.19416216428505212,0.4598171492984331,0.5967643091730511,48,54384
44,0,1,wrist_encoder,time_shape,0.1857561879052894,0.19527461613635483,0.4278760765562317,0.588153409655078,24,54384
44,0,1,subject_embedding,derivative,-0.28254009176329276,-0.329823612595891,0.32306264552124064,0.8865521098003415,352,36256
44,0,1,bilateral_activity,derivative,0.6181443301497487,0.6268972217843678,0.6555525052643307,0.3911114616818358,32,36256
44,0,1,activity_context,derivative,0.6293218543551633,0.635266362580843,0.7050387857276601,0.37223506982426136,32,36256
44,0,1,wrist_encoder,derivative,0.6332892998894525,0.6290609055546814,0.6523776842996374,0.37606738400031586,16,36256
44,0,1,subject_embedding,spectral_global,-0.28547963687377975,-1.0298029199032706,0.17213789922242237,1.1066937098037748,704,72512
44,0,1,bilateral_activity,spectral_global,0.1949115325762773,0.1816588217528245,0.42397964293226564,0.6062186778287157,64,72512
44,0,1,activity_context,spectral_global,0.2007279428810167,0.21840048071397233,0.4719934050013984,0.5929800940209593,64,72512
44,0,1,wrist_encoder,spectral_global,0.20339383882405326,0.1850704398383194,0.4107302421449228,0.5828353547342513,32,72512
44,0,1,subject_embedding,band_absolute,-0.10522808667864021,-0.607895135480013,0.19324122479462286,1.0465197423840948,704,72512
44,0,1,bilateral_activity,band_absolute,0.16613978200547647,0.23364835972508102,0.4530543967831696,0.5249572812446781,64,72512
44,0,1,activity_context,band_absolute,0.16993813466404606,0.23373563709853978,0.4721556677884511,0.5140920784721651,64,72512
44,0,1,wrist_encoder,band_absolute,0.16802406978238543,0.2341208432611871,0.4557071454605567,0.4777091160595158,32,72512
44,0,1,subject_embedding,band_fraction,-0.990237818770089,-1.0991690461785115,0.15765167157228838,1.1176613982620676,704,72512
44,0,1,bilateral_activity,band_fraction,0.13163117931272783,0.12021293799026894,0.3719283125952308,0.6867612684360024,64,72512
44,0,1,activity_context,band_fraction,0.17203491551319883,0.15632708880376073,0.4012552249541511,0.6727261861726275,64,72512
44,0,1,wrist_encoder,band_fraction,0.15125251720129487,0.12843573203464148,0.3713376240885986,0.6733020858210035,32,72512
44,0,2,subject_embedding,time_location_scale,-1.3934126039790928,-2.1595378580711335,0.18068882844880718,1.167314257440826,1936,197472
44,0,2,bilateral_activity,time_location_scale,0.3557826458981205,0.4374946827574522,0.5742984206765661,0.4319666922464702,176,197472
44,0,2,activity_context,time_location_scale,0.385884871555635,0.47354597939221793,0.6545994783313571,0.4073123116911515,176,197472
44,0,2,wrist_encoder,time_location_scale,0.3838339731173231,0.4742385550294965,0.5656966251014468,0.40775718418396256,88,197472
44,0,2,subject_embedding,time_shape,-2.2348227811346417,-2.4475388030208682,0.06746413131468629,1.4254863485720157,528,53856
44,0,2,bilateral_activity,time_shape,0.15090558544306779,0.1579729843506545,0.4266233037754288,0.6148748868506344,48,53856
44,0,2,activity_context,time_shape,0.20805426173479843,0.2165856444010742,0.4831000557237807,0.5925708333365209,48,53856
44,0,2,wrist_encoder,time_shape,0.18214293873261717,0.17905618659732442,0.4366333079815263,0.5890262749236064,24,53856
44,0,2,subject_embedding,derivative,-1.7329623288684048,-2.0123193128184322,0.21092331963064953,1.075920778804077,352,35904
44,0,2,bilateral_activity,derivative,0.555592222420559,0.5359241486404214,0.6063693354571809,0.35350869960979925,32,35904
44,0,2,activity_context,derivative,0.5720439038424009,0.5555920397839456,0.6658523111998604,0.33900989365151635,32,35904
44,0,2,wrist_encoder,derivative,0.5897465811849866,0.5919431264689143,0.5845889503937229,0.3377542275799658,16,35904
44,0,2,subject_embedding,spectral_global,-1.0679542232839792,-2.6745753874190985,0.1157923902041832,1.285903913401606,704,71808
44,0,2,bilateral_activity,spectral_global,0.17065726880164334,0.16824966482753,0.4075233896872697,0.5501684341519382,64,71808
44,0,2,activity_context,spectral_global,0.1883417801575858,0.21694856372556737,0.43440756139978626,0.5371139775264513,64,71808
44,0,2,wrist_encoder,spectral_global,0.19067245809976008,0.19374770205415082,0.41476666082812547,0.5199326672433622,32,71808
44,0,2,subject_embedding,band_absolute,-0.44226938185732945,-4.499425444477737,0.12367473183640465,1.1610922706961315,704,71808
44,0,2,bilateral_activity,band_absolute,0.09901949548385344,0.1605657325304798,0.3605128196131397,0.43075137374513484,64,71808
44,0,2,activity_context,band_absolute,0.10464347028409303,0.168786836827857,0.370180289825815,0.42173976995495455,64,71808
44,0,2,wrist_encoder,band_absolute,0.11465664637699421,0.2202214560220569,0.36809300578860904,0.37273767470145813,32,71808
44,0,2,subject_embedding,band_fraction,-2.344172645983855,-2.5293170881793863,0.08749738480415717,1.3879649414102169,704,71808
44,0,2,bilateral_activity,band_fraction,0.1309545804031121,0.110593535142127,0.3682141507664798,0.6564713214937071,64,71808
44,0,2,activity_context,band_fraction,0.1707348977890866,0.1543927814497254,0.40512549532441167,0.6440803545840429,64,71808
44,0,2,wrist_encoder,band_fraction,0.16083045589445408,0.13426254848916663,0.3793987722836687,0.6395814718642299,32,71808
44,1,0,subject_embedding,time_location_scale,-1.4221305799485868,-1.8816634654782265,0.17213871034625755,0.9512200341462895,1936,203280
44,1,0,bilateral_activity,time_location_scale,0.33755364582117325,0.44996197901797563,0.56490819184234,0.3908288903127663,176,203280
44,1,0,activity_context,time_location_scale,0.37475693945167643,0.49097935542336085,0.6472500192952,0.36538487875948655,176,203280
44,1,0,wrist_encoder,time_location_scale,0.35900251129035876,0.4590307333020022,0.5632232655158954,0.3745927356039191,88,203280
44,1,0,subject_embedding,time_shape,-1.3978460747254715,-1.7576740900470929,0.08477958641716393,1.2075528797828807,528,55440
44,1,0,bilateral_activity,time_shape,0.12872162261858808,0.13260761759520895,0.41630341197545384,0.6022055231162066,48,55440
44,1,0,activity_context,time_shape,0.17689313683028557,0.18268902918987862,0.4730349990393288,0.5823930294695125,48,55440
44,1,0,wrist_encoder,time_shape,0.16021251812655252,0.17911117618841899,0.43986960920668483,0.574892463921689,24,55440
44,1,0,subject_embedding,derivative,-1.895500668515262,-2.2807440608359926,0.21250259174787475,0.9048000664959372,352,36960
44,1,0,bilateral_activity,derivative,0.4409292433412382,0.4634585004965186,0.5848090551925509,0.33562144549291495,32,36960
44,1,0,activity_context,derivative,0.4695056198375337,0.4962257030751609,0.6600595865367713,0.31567435567681357,32,36960
44,1,0,wrist_encoder,derivative,0.4666711326107378,0.4734849241080701,0.5738069629215952,0.32985908783708046,16,36960
44,1,0,subject_embedding,spectral_global,-1.30625337112335,-2.1281033820972386,0.09845082801877167,1.0776534830119548,704,73920
44,1,0,bilateral_activity,spectral_global,0.1366564889156589,0.15033640145333615,0.36667551766479256,0.5150254366564955,64,73920
44,1,0,activity_context,spectral_global,0.162120330882521,0.19823529395196265,0.40729415020162407,0.5021781730062833,64,73920
44,1,0,wrist_encoder,spectral_global,0.16282965011273257,0.16268561966707612,0.37837943499086596,0.4876192875010561,32,73920
44,1,0,subject_embedding,band_absolute,-1.300001842293224,-5.803492486109681,0.11146589259796806,0.9409187684319942,704,73920
44,1,0,bilateral_activity,band_absolute,0.13959246328705274,0.09903388467536756,0.31384806012727584,0.3671669831167322,64,73920
44,1,0,activity_context,band_absolute,0.15472546469723916,0.10428728345628657,0.35155084731044384,0.35866768065911503,64,73920
44,1,0,wrist_encoder,band_absolute,0.19453183272620395,0.160916406664324,0.36675983418140934,0.31591106228449345,32,73920
44,1,0,subject_embedding,band_fraction,-1.5698292265439397,-1.641407331354786,0.10589363466721957,1.201717797545016,704,73920
44,1,0,bilateral_activity,band_fraction,0.10160902283295543,0.10862654705589625,0.3728209605606114,0.659542885241802,64,73920
44,1,0,activity_context,band_fraction,0.13887707677741362,0.13744733742655074,0.4097932154260976,0.648245364046444,64,73920
44,1,0,wrist_encoder,band_fraction,0.11278108252006978,0.11886804296559667,0.34578235971560944,0.6532487826480008,32,73920
44,1,1,subject_embedding,time_location_scale,-0.10566933909934917,-0.3734763354321081,0.3579857036167716,1.000977665480286,1936,201344
44,1,1,bilateral_activity,time_location_scale,0.3580766360514711,0.5556848813634869,0.6664228503791133,0.5002970458662518,176,201344
44,1,1,activity_context,time_location_scale,0.36103190996980394,0.5842205504558646,0.7553947439395983,0.46369552346133874,176,201344
44,1,1,wrist_encoder,time_location_scale,0.3449257135634452,0.5339370301363383,0.6589221408478037,0.4890102362626023,88,201344
44,1,1,subject_embedding,time_shape,-1.1442480074568229,-1.2361027618893798,0.19878257178526323,1.164373789541574,528,54912
44,1,1,bilateral_activity,time_shape,0.18057027539124038,0.1732599027203967,0.4535165169504817,0.6204312720074286,48,54912
44,1,1,activity_context,time_shape,0.2716360950945974,0.27372830920067825,0.5350926797190012,0.576117529308757,48,54912
44,1,1,wrist_encoder,time_shape,0.20856098438900378,0.23051054351769817,0.4856476095720249,0.5952409674833562,24,54912
44,1,1,subject_embedding,derivative,-0.014397199399716594,-0.056001149028319874,0.39304918382588294,0.982898651985564,352,36608
44,1,1,bilateral_activity,derivative,0.6282663242129787,0.6423935757536259,0.7293200507157113,0.45008439132338124,32,36608
44,1,1,activity_context,derivative,0.6178555877826837,0.6256613703102696,0.7817900131021198,0.4296413248859544,32,36608
44,1,1,wrist_encoder,derivative,0.6049308639224823,0.6169689598652894,0.7231319899998672,0.44702756485460055,16,36608
44,1,1,subject_embedding,spectral_global,-0.12840065784544452,-0.8914616741486332,0.23977381841459514,1.1183332053456831,704,73216
44,1,1,bilateral_activity,spectral_global,0.20260470543262468,0.21994751114845235,0.44022143199669583,0.6348920260620313,64,73216
44,1,1,activity_context,spectral_global,0.2021673753584533,0.2655094169499807,0.5173358790575033,0.6077352106404464,64,73216
44,1,1,wrist_encoder,spectral_global,0.2000034110196524,0.2065668694386366,0.4342343038476859,0.6144221107544225,32,73216
44,1,1,subject_embedding,band_absolute,-0.014571546088867583,-0.3735900872065008,0.2398911767843807,1.1839059707294624,704,73216
44,1,1,bilateral_activity,band_absolute,0.10845525454695902,0.21026069728912256,0.49560548392684,0.6535425958807586,64,73216
44,1,1,activity_context,band_absolute,0.10369050381094014,0.21165818153645388,0.5436588970062133,0.6267312838085464,64,73216
44,1,1,wrist_encoder,band_absolute,0.10124586113054103,0.17221195278024864,0.5254213134217989,0.6048306307564751,32,73216
44,1,1,subject_embedding,band_fraction,-0.8701869262234506,-1.0002963628956942,0.24702869945588396,1.1342960225324783,704,73216
44,1,1,bilateral_activity,band_fraction,0.18060993661049166,0.16811804745762382,0.44304063596777543,0.6898059589573258,64,73216
44,1,1,activity_context,band_fraction,0.25179301922847114,0.25777350968624857,0.5029060545066458,0.6616133331918882,64,73216
44,1,1,wrist_encoder,band_fraction,0.19220905674079142,0.18327583894898086,0.43933395233273287,0.6785882572066034,32,73216
44,1,2,subject_embedding,time_location_scale,-0.458111700817922,-1.2113717477004964,0.1394368053420024,1.039664614434217,1936,199408
44,1,2,bilateral_activity,time_location_scale,0.3002463294393992,0.45076091859758244,0.606099813482571,0.451299644591063,176,199408
44,1,2,activity_context,time_location_scale,0.317670833400654,0.48721918427505334,0.669120368947121,0.43323993417008466,176,199408
44,1,2,wrist_encoder,time_location_scale,0.3011959268009871,0.45080757080072253,0.6189295402863102,0.4329626444143734,88,199408
44,1,2,subject_embedding,time_shape,-1.311815626405821,-1.5841479182229137,0.059453459981718,1.195666620012457,528,54384
44,1,2,bilateral_activity,time_shape,0.15051177796803322,0.1614631169636354,0.42137020830972594,0.6275610286265908,48,54384
44,1,2,activity_context,time_shape,0.19979106567180988,0.2063279106319313,0.4847106854465597,0.6047750178392302,48,54384
44,1,2,wrist_encoder,time_shape,0.16626521757414803,0.16737141457468913,0.421170389112516,0.6049137995231025,24,54384
44,1,2,subject_embedding,derivative,-0.6378468912572736,-1.0673612593978528,0.16989742125378904,1.0000995834615223,352,36256
44,1,2,bilateral_activity,derivative,0.4944718914087953,0.49311250873899887,0.6425247254692517,0.38043312001801993,32,36256
44,1,2,activity_context,derivative,0.5097047338965245,0.5095270097031348,0.6741869794032818,0.3712898949560492,32,36256
44,1,2,wrist_encoder,derivative,0.4904361895540072,0.490326862315055,0.6712386358740725,0.3641048028379425,16,36256
44,1,2,subject_embedding,spectral_global,-0.31417428843607476,-1.612975248167272,0.07707134384747177,1.1385187226449376,704,72512
44,1,2,bilateral_activity,spectral_global,0.13868711659663394,0.1378093680047962,0.3891864841125536,0.5909151531340586,64,72512
44,1,2,activity_context,spectral_global,0.14820908052786969,0.17479859693004784,0.4325032226075143,0.5789297281835177,64,72512
44,1,2,wrist_encoder,spectral_global,0.14042754900839055,0.15860521278716289,0.41438091888427614,0.5640082431489842,32,72512
44,1,2,subject_embedding,band_absolute,-0.1595718869045582,-2.102626877134517,0.1011180424372886,1.0462509829716615,704,72512
44,1,2,bilateral_activity,band_absolute,0.1349293832018275,0.14675913156497483,0.38655296151265134,0.4832082294778031,64,72512
44,1,2,activity_context,band_absolute,0.1385510338288123,0.15341549962540285,0.3912854590579384,0.47870590288398984,64,72512
44,1,2,wrist_encoder,band_absolute,0.12995404509810282,0.13786736809528854,0.45481469910617245,0.43397342665301303,32,72512
44,1,2,subject_embedding,band_fraction,-1.3746980209959796,-1.4973439849292605,0.0756875192197865,1.1584200758720518,704,72512
44,1,2,bilateral_activity,band_fraction,0.1350342048921478,0.12743202571146617,0.40423860696425784,0.6558968120548861,64,72512
44,1,2,activity_context,band_fraction,0.17742386035993438,0.18025812182401602,0.44608195661405026,0.6429378055261512,64,72512
44,1,2,wrist_encoder,band_fraction,0.15672025573630025,0.15514532380009294,0.3942593327856423,0.6407955777846438,32,72512
44,2,0,subject_embedding,time_location_scale,-1.198865308065334,-1.954554954720274,0.1502799087704748,1.2072077621402273,1936,203280
44,2,0,bilateral_activity,time_location_scale,0.37543200338874544,0.48310997853891957,0.6017860112098297,0.4390697826620775,176,203280
44,2,0,activity_context,time_location_scale,0.39064393240752404,0.5284014919567501,0.6742500514603564,0.4190318410403927,176,203280
44,2,0,wrist_encoder,time_location_scale,0.36590037622205507,0.4730548633971623,0.5810081981115914,0.42775205050031323,88,203280
44,2,0,subject_embedding,time_shape,-2.0800860557621665,-2.424836335652822,0.08017088975043324,1.390511514942657,528,55440
44,2,0,bilateral_activity,time_shape,0.1305234078666889,0.1364503391279473,0.409225768778516,0.6245567692722608,48,55440
44,2,0,activity_context,time_shape,0.18298012249822235,0.1837476105848762,0.4747792940986991,0.6030288274457031,48,55440
44,2,0,wrist_encoder,time_shape,0.1569304537872414,0.15915081079165205,0.4132112003033064,0.6012555380945956,24,55440
44,2,0,subject_embedding,derivative,-1.4819684206754162,-2.0906166219302245,0.2029286750984864,1.1608744690355548,352,36960
44,2,0,bilateral_activity,derivative,0.5708607096943846,0.5823985553969195,0.6017636007405307,0.37938327640071184,32,36960
44,2,0,activity_context,derivative,0.5730993271870998,0.5767149006678267,0.6467033245609943,0.36779488838882785,32,36960
44,2,0,wrist_encoder,derivative,0.537948760685696,0.5450150830275408,0.5927787127082718,0.3781658194570165,16,36960
44,2,0,subject_embedding,spectral_global,-0.7810630319407655,-2.452083876927908,0.09950238440804479,1.3109945498443354,704,73920
44,2,0,bilateral_activity,spectral_global,0.16250796899588107,0.15818792316100483,0.3871891354777428,0.5610365763451718,64,73920
44,2,0,activity_context,spectral_global,0.1710502002700992,0.1775816283546986,0.4288642716838911,0.5492171418836417,64,73920
44,2,0,wrist_encoder,spectral_global,0.15781284656274305,0.15802135828900854,0.3915962340142627,0.5397824997455762,32,73920
44,2,0,subject_embedding,band_absolute,-0.14176037113644713,-2.2279533519684973,0.11605846983205473,1.2587957222378785,704,73920
44,2,0,bilateral_activity,band_absolute,0.06708748781984607,0.18898934636447123,0.38318366670480275,0.47918851665312245,64,73920
44,2,0,activity_context,band_absolute,0.0692034290363498,0.19769024039428906,0.3651723316413007,0.4740564272468982,64,73920
44,2,0,wrist_encoder,band_absolute,0.05971482459919165,0.15163125551028706,0.4095561879955379,0.4384139743535911,32,73920
44,2,0,subject_embedding,band_fraction,-2.0807706597739632,-2.3881342877341165,0.08809869375907112,1.353338571391509,704,73920
44,2,0,bilateral_activity,band_fraction,0.08536682710290155,0.0766807043684748,0.34895109268463875,0.6713604058257022,64,73920
44,2,0,activity_context,band_fraction,0.13385589852060156,0.11238522076321245,0.4018539007183889,0.6550397000353678,64,73920
44,2,0,wrist_encoder,band_fraction,0.11212555616533211,0.10578304191305105,0.35401813197243903,0.6544119689181072,32,73920
44,2,1,subject_embedding,time_location_scale,-0.20956928426180615,-0.4263036758643928,0.3843433265763363,0.8991353444231373,1936,201344
44,2,1,bilateral_activity,time_location_scale,0.4248738139331513,0.5569662847337877,0.6790573671191212,0.45205908567891856,176,201344
44,2,1,activity_context,time_location_scale,0.4363291871660908,0.5883357198360439,0.750523856365757,0.4137911283345417,176,201344
44,2,1,wrist_encoder,time_location_scale,0.4289753425179101,0.5494386796330044,0.6645914483738363,0.43721850466009077,88,201344
44,2,1,subject_embedding,time_shape,-1.4048655582181389,-1.4126848864791475,0.15348874426544332,1.1394239939250697,528,54912
44,2,1,bilateral_activity,time_shape,0.18644519187945305,0.17254705462403058,0.4460275297602945,0.5933383635616207,48,54912
44,2,1,activity_context,time_shape,0.26595336270768816,0.26741643900244144,0.5067292841142047,0.554865052413782,48,54912
44,2,1,wrist_encoder,time_shape,0.22105681272430702,0.21187133939015734,0.4731043614350592,0.5646731408691108,24,54912
44,2,1,subject_embedding,derivative,-0.026821217026044966,-0.14548713224775678,0.42702976635015477,0.8256343550823793,352,36608
44,2,1,bilateral_activity,derivative,0.6492307571813951,0.6771366458994786,0.710978409434552,0.3821740781490789,32,36608
44,2,1,activity_context,derivative,0.6502906077675369,0.6869522134376396,0.7754120451177149,0.3590196884558014,32,36608
44,2,1,wrist_encoder,derivative,0.6411660882834962,0.6480845972276632,0.7070509996776045,0.3739704891243408,16,36608
44,2,1,subject_embedding,spectral_global,-0.2175627211416685,-1.060511252540581,0.22595753760802306,1.0737914288725137,704,73216
44,2,1,bilateral_activity,spectral_global,0.23649940241779233,0.26165733846847766,0.4650088441512984,0.5942719770324653,64,73216
44,2,1,activity_context,spectral_global,0.2361636649728107,0.3174388901319642,0.5129770978600191,0.5659324169245961,64,73216
44,2,1,wrist_encoder,spectral_global,0.24365904890182277,0.2696023007363376,0.452793804455467,0.5733819657893819,32,73216
44,2,1,subject_embedding,band_absolute,-0.024168098299458075,-0.7685805828163448,0.25242184999466555,0.9965227201966795,704,73216
44,2,1,bilateral_activity,band_absolute,0.09297101117747314,0.24177115757067513,0.4661726140768879,0.5417297266082985,64,73216
44,2,1,activity_context,band_absolute,0.09180539228623724,0.26268900132225254,0.5061573631356666,0.5114561065882716,64,73216
44,2,1,wrist_encoder,band_absolute,0.09371232060513675,0.2224495850923382,0.4714054203158956,0.49291538281247615,32,73216
44,2,1,subject_embedding,band_fraction,-1.0549540933242483,-1.105205582909393,0.2005867918489278,1.125049442767786,704,73216
44,2,1,bilateral_activity,band_fraction,0.2235273269482699,0.18133576414382635,0.4518716065994544,0.6655881004048368,64,73216
44,2,1,activity_context,band_fraction,0.27875866619180206,0.24235061499074423,0.48823194879825893,0.6447356149974823,64,73216
44,2,1,wrist_encoder,band_fraction,0.23498431818139973,0.19521103588596095,0.4337493033000036,0.655828635945785,32,73216
44,2,2,subject_embedding,time_location_scale,-0.9666443278702455,-1.4873972146613568,0.14362671879804947,1.015050964417724,1936,199408
44,2,2,bilateral_activity,time_location_scale,0.37808786592138577,0.4581190907592414,0.5663602778255081,0.43520539353054566,176,199408
44,2,2,activity_context,time_location_scale,0.40488645165625303,0.5065315028343604,0.6337393958238584,0.4178708403377021,176,199408
44,2,2,wrist_encoder,time_location_scale,0.3908866572735987,0.4619576189601303,0.5565839801724379,0.4146604211526326,88,199408
44,2,2,subject_embedding,time_shape,-1.080405229318179,-1.618412534846741,0.06795018231340333,1.2637942609003427,528,54384
44,2,2,bilateral_activity,time_shape,0.12738376795764778,0.14036401142749816,0.4085148635054043,0.6519646526573,48,54384
44,2,2,activity_context,time_shape,0.16532307142692496,0.18834272857234274,0.4532450833010028,0.6318055964452991,48,54384
44,2,2,wrist_encoder,time_shape,0.13107309285737506,0.1376221474543074,0.4214932576123131,0.623860682292553,24,54384
44,2,2,subject_embedding,derivative,-1.1494858963172165,-1.277422069881102,0.15832710978342046,0.953261836757912,352,36256
44,2,2,bilateral_activity,derivative,0.574974641490317,0.5716823265713489,0.6136504269887919,0.3711966485031167,32,36256
44,2,2,activity_context,derivative,0.5928267414733669,0.5971469345746551,0.6414712198958656,0.3621519746892973,32,36256
44,2,2,wrist_encoder,derivative,0.5841507655132644,0.592813010251463,0.60831248272297,0.3580308992919115,16,36256
44,2,2,subject_embedding,spectral_global,-0.8660285615453792,-1.9396482053570416,0.08810904658261673,1.1079411545232325,704,72512
44,2,2,bilateral_activity,spectral_global,0.15457212933114675,0.1464444332445733,0.36002949945966856,0.5545629650299623,64,72512
44,2,2,activity_context,spectral_global,0.17360497186691567,0.1829233685789992,0.3897151820065127,0.5464187092986867,64,72512
44,2,2,wrist_encoder,spectral_global,0.18399352806161307,0.15851602799336711,0.3645465799688036,0.5222022912502629,32,72512
44,2,2,subject_embedding,band_absolute,-0.54411835152562,-2.9319448140948072,0.10509379255809867,0.9815418958882686,704,72512
44,2,2,bilateral_activity,band_absolute,0.19420738767505166,0.21956107019762983,0.40362792166456096,0.42419751647558085,64,72512
44,2,2,activity_context,band_absolute,0.20153144159289352,0.2279905707309441,0.40863861699053294,0.42384137251915177,64,72512
44,2,2,wrist_encoder,band_absolute,0.20174886441507892,0.23680175423783978,0.40642009278614044,0.3730743242582462,32,72512
44,2,2,subject_embedding,band_fraction,-1.4014879362704624,-1.6606482504165456,0.08713702060361112,1.218328466515287,704,72512
44,2,2,bilateral_activity,band_fraction,0.08046143309321788,0.060935177974563715,0.328653619769953,0.6857039392440599,64,72512
44,2,2,activity_context,band_fraction,0.12192374511061024,0.09686182238558305,0.3706208663582844,0.6746252955565747,64,72512
44,2,2,wrist_encoder,band_fraction,0.11368194895644923,0.1033485446283855,0.34188626063585204,0.6638393634530624,32,72512
44,3,0,subject_embedding,time_location_scale,-0.9696285139064342,-2.01638125616825,0.20195417789757414,1.161129377949226,1936,203280
44,3,0,bilateral_activity,time_location_scale,0.3554493857337337,0.5158508723435026,0.6352811581263244,0.44267444765749214,176,203280
44,3,0,activity_context,time_location_scale,0.37620515452016395,0.5416201081884747,0.7076659692876492,0.41718591110298975,176,203280
44,3,0,wrist_encoder,time_location_scale,0.35577959421384875,0.4940232569903429,0.634320517354438,0.4208658419195214,88,203280
44,3,0,subject_embedding,time_shape,-2.184872902623242,-2.818175052692686,0.10589577728495957,1.3769591340207024,528,55440
44,3,0,bilateral_activity,time_shape,0.1337915693722395,0.15189890843558473,0.4235064642779346,0.6009499558902449,48,55440
44,3,0,activity_context,time_shape,0.19118756312402113,0.2195500560308845,0.5018919732046332,0.5700264019723628,48,55440
44,3,0,wrist_encoder,time_shape,0.16278513593714042,0.17686141398381833,0.4486366132443018,0.5739763348836597,24,55440
44,3,0,subject_embedding,derivative,-1.4276503766635884,-2.0939673593618693,0.24751192204022393,1.0888828005482327,352,36960
44,3,0,bilateral_activity,derivative,0.5928088058047253,0.599074105583757,0.659626474525157,0.36784836532890347,32,36960
44,3,0,activity_context,derivative,0.6018892809285917,0.6080360421681948,0.706154631381464,0.35372006099386516,32,36960
44,3,0,wrist_encoder,derivative,0.5969809444893245,0.6093900256761454,0.6533028860682646,0.3571580228204565,16,36960
44,3,0,subject_embedding,spectral_global,-0.4501689071689538,-2.6024795381436787,0.1330655193862741,1.2592066860661766,704,73920
44,3,0,bilateral_activity,spectral_global,0.09783917055322557,0.18430294630711702,0.41938120079772706,0.5728348022014845,64,73920
44,3,0,activity_context,spectral_global,0.10608456276112936,0.21063469369691556,0.4517523974542911,0.55826183846756,64,73920
44,3,0,wrist_encoder,spectral_global,0.09857820085226358,0.19398487736243503,0.4354692084596271,0.5408740938196763,32,73920
44,3,0,subject_embedding,band_absolute,-0.06881712271345335,-3.861715087217326,0.15347812564793695,1.2147863041630123,704,73920
44,3,0,bilateral_activity,band_absolute,0.03305008062868175,0.1490038458000793,0.42722312439558907,0.4958578990673981,64,73920
44,3,0,activity_context,band_absolute,0.033790377745670536,0.15417458103637277,0.4258661714530575,0.48470587517927705,64,73920
44,3,0,wrist_encoder,band_absolute,0.0312326208910598,0.15886129274262306,0.4603418437229242,0.44539265867214145,32,73920
44,3,0,subject_embedding,band_fraction,-2.1649139552509142,-2.2401632001724883,0.12160999377980511,1.3419288911897027,704,73920
44,3,0,bilateral_activity,band_fraction,0.1561497146888158,0.1392056936903192,0.4087940239163905,0.6638021369059696,64,73920
44,3,0,activity_context,band_fraction,0.21377861557803596,0.1845535004326142,0.4684329478369166,0.6408943005826712,64,73920
44,3,0,wrist_encoder,band_fraction,0.1775439917637728,0.15242284801938594,0.4029623683723055,0.6498865195653821,32,73920
44,3,1,subject_embedding,time_location_scale,-0.49896096152923397,-0.9131387338330712,0.25354551109268086,1.077557062639064,1936,203280
44,3,1,bilateral_activity,time_location_scale,0.342422251142705,0.48581071757277655,0.6188497202604895,0.45372127901572673,176,203280
44,3,1,activity_context,time_location_scale,0.35768957427208586,0.5426153102433512,0.698801590905781,0.4274635223494391,176,203280
44,3,1,wrist_encoder,time_location_scale,0.36164934205085725,0.5066330360825406,0.5936173374068736,0.4361514479718766,88,203280
44,3,1,subject_embedding,time_shape,-1.3056255350114676,-1.49822560255964,0.13269230769230766,1.2702429694093258,528,55440
44,3,1,bilateral_activity,time_shape,0.174739144925124,0.1736485102354663,0.44334431647523465,0.6305777662801825,48,55440
44,3,1,activity_context,time_shape,0.2263814091126828,0.22624740596211823,0.4997285247128653,0.6043096387739304,48,55440
44,3,1,wrist_encoder,time_shape,0.18632065959241084,0.1677799321794552,0.4666736919197378,0.6077369942257466,24,55440
44,3,1,subject_embedding,derivative,-0.4543009820898533,-0.4721006268475886,0.27872693344391464,1.0234167350284282,352,36960
44,3,1,bilateral_activity,derivative,0.5636028394853951,0.5570913460658455,0.6857047724603331,0.3966660542953579,32,36960
44,3,1,activity_context,derivative,0.5667421591718064,0.5584355381738769,0.7331042779580437,0.3821402071306075,32,36960
44,3,1,wrist_encoder,derivative,0.5963999596840142,0.5857267162054653,0.6851092053304382,0.38699204124448466,16,36960
44,3,1,subject_embedding,spectral_global,-0.3822538908824141,-1.461430368869862,0.16856728177482894,1.223078142729228,704,73920
44,3,1,bilateral_activity,spectral_global,0.16806617246568176,0.18808574847518744,0.4079579751714586,0.589076979830284,64,73920
44,3,1,activity_context,spectral_global,0.17686449117156597,0.21690491599516937,0.44328254800940114,0.5735388636824623,64,73920
44,3,1,wrist_encoder,spectral_global,0.17781632968455488,0.19198611571842011,0.4083284602312829,0.5648226948940117,32,73920
44,3,1,subject_embedding,band_absolute,-0.10341883980694777,-0.9195048433824448,0.1714389384200705,1.1865938329886019,704,73920
44,3,1,bilateral_activity,band_absolute,0.09796731987890318,0.18832343760520653,0.4375333888733948,0.5212685873170954,64,73920
44,3,1,activity_context,band_absolute,0.09955028132641959,0.19390612385646544,0.45765831351308073,0.5097869661665358,64,73920
44,3,1,wrist_encoder,band_absolute,0.10601835749555712,0.18997398435956725,0.46770378973016147,0.47476285747226743,32,73920
44,3,1,subject_embedding,band_fraction,-1.2663205817824883,-1.3753824561662793,0.16562823968484347,1.237078572168852,704,73920
44,3,1,bilateral_activity,band_fraction,0.12986066640861427,0.11301677887605943,0.3930862631338785,0.6893095939394661,64,73920
44,3,1,activity_context,band_fraction,0.18106017297576768,0.15531927758704056,0.44154034573727174,0.6718147414702583,64,73920
44,3,1,wrist_encoder,band_fraction,0.14801225835437537,0.13190108360211467,0.3955514746955461,0.6760761918117629,32,73920
44,3,2,subject_embedding,time_location_scale,-0.6945203365542193,-1.035588352606461,0.18549839652066952,0.9494954072554654,1936,199408
44,3,2,bilateral_activity,time_location_scale,0.38758439337645584,0.5067644936565062,0.5739407754399692,0.4242894598461984,176,199408
44,3,2,activity_context,time_location_scale,0.4066344478191593,0.5333873981400795,0.6579087459134803,0.39883788821454197,176,199408
44,3,2,wrist_encoder,time_location_scale,0.38702687195446206,0.5144081299220846,0.588662953048936,0.403201844241429,88,199408
44,3,2,subject_embedding,time_shape,-1.4224085241226105,-1.9385517316866103,0.09365145144557291,1.24805955767785,528,54384
44,3,2,bilateral_activity,time_shape,0.15063146337305885,0.1588345926013417,0.4384609958280663,0.613813458304872,48,54384
44,3,2,activity_context,time_shape,0.1857392332445379,0.19536889420062908,0.48644014364107674,0.5957770410256454,48,54384
44,3,2,wrist_encoder,time_shape,0.16850933127011647,0.1793640607672633,0.4478050401100114,0.5918826802765077,24,54384
44,3,2,subject_embedding,derivative,-0.5248085836466059,-0.7625600505366246,0.1953938408821333,0.8577644391318567,352,36256
44,3,2,bilateral_activity,derivative,0.5357470077798355,0.54051615850995,0.6029478486338069,0.3806730686909156,32,36256
44,3,2,activity_context,derivative,0.5438078507809522,0.5497255880599032,0.6555979089770987,0.3635646115808096,32,36256
44,3,2,wrist_encoder,derivative,0.5304675149108459,0.5542014762960015,0.5985400483055144,0.35841819688493104,16,36256
44,3,2,subject_embedding,spectral_global,-0.8175999031273858,-1.8904256417252212,0.10579668760708168,1.103817346162591,704,72512
44,3,2,bilateral_activity,spectral_global,0.19605169185002252,0.1716219662753553,0.38146157414399884,0.5465844519588354,64,72512
44,3,2,activity_context,spectral_global,0.21374797762828526,0.2280848082833185,0.4231497731274738,0.5330823692462292,64,72512
44,3,2,wrist_encoder,spectral_global,0.20247392624157307,0.20469020503190472,0.40175199411462237,0.5129534761864935,32,72512
44,3,2,subject_embedding,band_absolute,-0.23876221299597036,-1.8971733729947857,0.11809185959671398,0.9740012522754514,704,72512
44,3,2,bilateral_activity,band_absolute,0.15202688374680806,0.19038859491519744,0.36481816378210763,0.4285752642947002,64,72512
44,3,2,activity_context,band_absolute,0.15608112585300413,0.19497924442368741,0.381339777013728,0.4227305420414662,64,72512
44,3,2,wrist_encoder,band_absolute,0.14094590237057364,0.20369711839378757,0.38946522733591615,0.37182536824329604,32,72512
44,3,2,subject_embedding,band_fraction,-1.803116229646343,-1.8946833520985105,0.09267781048192242,1.23881268490721,704,72512
44,3,2,bilateral_activity,band_fraction,0.12788553577126052,0.11209718461088619,0.3875251314871885,0.6602963464325682,64,72512
44,3,2,activity_context,band_fraction,0.16419930045960848,0.1488840961613146,0.41644336505223667,0.6483280104845105,64,72512
44,3,2,wrist_encoder,band_fraction,0.14939295409401376,0.13301971859335815,0.37593660012171715,0.6454115700532961,32,72512
44,4,0,subject_embedding,time_location_scale,-0.15707747961740273,-0.16978690061013202,0.3617924528301886,0.7163153176338705,1936,203280
44,4,0,bilateral_activity,time_location_scale,0.4607747593638512,0.5534803921656332,0.6472208603735473,0.3926476301516838,176,203280
44,4,0,activity_context,time_location_scale,0.49346344933649416,0.6034361460200205,0.7350922404012904,0.35041082796866585,176,203280
44,4,0,wrist_encoder,time_location_scale,0.4684847581609511,0.5502140974110938,0.6411352344725012,0.3758429936986485,88,203280
44,4,0,subject_embedding,time_shape,-0.6360517384123449,-0.7641509784758391,0.21743883201998399,1.0348402555056884,528,55440
44,4,0,bilateral_activity,time_shape,0.1729147116958009,0.18681332457433825,0.45305625402130056,0.6210941115730038,48,55440
44,4,0,activity_context,time_shape,0.24646501354610878,0.27401801975662343,0.5385714139049806,0.5764124151616653,48,55440
44,4,0,wrist_encoder,time_shape,0.20281309187345672,0.21380538385596637,0.4824222090955335,0.5909749063528891,24,55440
44,4,0,subject_embedding,derivative,-0.0022317235605009552,-0.06662138427285336,0.42719780219780223,0.615020963890199,352,36960
44,4,0,bilateral_activity,derivative,0.6206953324014592,0.6181830082649049,0.6644822449503625,0.3211915764277903,32,36960
44,4,0,activity_context,derivative,0.6365750381755305,0.6407421588288005,0.7214092645464195,0.2973389234953285,32,36960
44,4,0,wrist_encoder,derivative,0.6156874174138918,0.6106632470355313,0.6774353402285904,0.3095311718634488,16,36960
44,4,0,subject_embedding,spectral_global,-0.3960702516102616,-0.8877406547944193,0.20143666688785983,0.880892571176823,704,73920
44,4,0,bilateral_activity,spectral_global,0.23125593175529857,0.22600648052555744,0.4271543003062076,0.5262609514386879,64,73920
44,4,0,activity_context,spectral_global,0.25329514247165186,0.28773476718499985,0.47541104616899355,0.4962339726701535,64,73920
44,4,0,wrist_encoder,spectral_global,0.23888696872900558,0.22945136603887034,0.42120986759180323,0.5002094252542204,32,73920
44,4,0,subject_embedding,band_absolute,-0.0574321073515774,-0.7548482869825757,0.21840659340659338,0.7619424880716819,704,73920
44,4,0,bilateral_activity,band_absolute,0.12361011804185772,0.23488402500865047,0.4225236937655905,0.4228698744156966,64,73920
44,4,0,activity_context,band_absolute,0.12904226254213608,0.24688456570925366,0.418314213237543,0.39105838849209984,64,73920
44,4,0,wrist_encoder,band_absolute,0.12279216702220652,0.22454205888274847,0.4597549214554259,0.3731418239637969,32,73920
44,4,0,subject_embedding,band_fraction,-0.7927703678442019,-0.8346724678736668,0.21197387518142236,1.0203985404225853,704,73920
44,4,0,bilateral_activity,band_fraction,0.12500589855489902,0.11550762469991471,0.3979646620972414,0.6640207252546422,64,73920
44,4,0,activity_context,band_fraction,0.1953794360642552,0.18176576758573054,0.44160387776274745,0.6346698794527276,64,73920
44,4,0,wrist_encoder,band_fraction,0.15621706139715674,0.14282172294055162,0.4019133832781968,0.6468693544503786,32,73920
44,4,1,subject_embedding,time_location_scale,-0.14533523516708133,-0.7408631036699499,0.2463300850093303,1.1567449851819478,1936,203280
44,4,1,bilateral_activity,time_location_scale,0.17939974451579205,0.45004486766335955,0.668610798567381,0.5269173104870934,176,203280
44,4,1,activity_context,time_location_scale,0.1837568409461913,0.48522223539808457,0.7211311878109476,0.5044138093686539,176,203280
44,4,1,wrist_encoder,time_location_scale,0.17205330078940392,0.43708642929825936,0.656467226655336,0.5158392376992474,88,203280
44,4,1,subject_embedding,time_shape,-1.7669300296579047,-2.0514879566023567,0.10230147211279288,1.2508705368044286,528,55440
44,4,1,bilateral_activity,time_shape,0.18199500576091862,0.19271198858227417,0.4454547518411437,0.5898083322157031,48,55440
44,4,1,activity_context,time_shape,0.23038180644795425,0.2389728555116027,0.51849809080662,0.5650009839947842,48,55440
44,4,1,wrist_encoder,time_shape,0.20419978720321044,0.20478804710330956,0.43841350395753254,0.5645440401628926,24,55440
44,4,1,subject_embedding,derivative,-0.13804746657711908,-0.111283108246925,0.29735641716773786,1.0708083876456276,352,36960
44,4,1,bilateral_activity,derivative,0.5255203278115526,0.56411613908664,0.7394703154155757,0.44302730415485153,32,36960
44,4,1,activity_context,derivative,0.5252547210707871,0.5626166766398285,0.7489947064563414,0.43380582166792797,32,36960
44,4,1,wrist_encoder,derivative,0.4936731498300679,0.5057608310066657,0.7142278710667529,0.4442031654659922,16,36960
44,4,1,subject_embedding,spectral_global,-0.0851255652771854,-1.241274772597696,0.15044578063445985,1.3048000011916858,704,73920
44,4,1,bilateral_activity,spectral_global,0.08193035726292602,0.18164725120121727,0.4667265355169846,0.6940357906686467,64,73920
44,4,1,activity_context,spectral_global,0.08388081237332233,0.21317726283219662,0.5152436518402947,0.6786972944802117,64,73920
44,4,1,wrist_encoder,spectral_global,0.08000175311709064,0.17502349082057056,0.46011690338802713,0.6694819196640994,32,73920
44,4,1,subject_embedding,band_absolute,-0.024105056131651745,-0.5474818987783536,0.1878965374248393,1.3076560606488588,704,73920
44,4,1,bilateral_activity,band_absolute,0.06717455191033381,0.17028311420094666,0.4803827474511061,0.7003727701472409,64,73920
44,4,1,activity_context,band_absolute,0.06648265136411095,0.17447150898714942,0.4903165277269491,0.6924798763869137,64,73920
44,4,1,wrist_encoder,band_absolute,0.05914101524182506,0.13003762612965514,0.49424011518818983,0.6606021334862981,32,73920
44,4,1,subject_embedding,band_fraction,-1.453395652423896,-1.6335060451977395,0.13147418619116732,1.2399484532014597,704,73920
44,4,1,bilateral_activity,band_fraction,0.20401043756442233,0.1637843857183653,0.4273819875590159,0.6612801937344917,64,73920
44,4,1,activity_context,band_fraction,0.2512249009499555,0.20301733336674443,0.4805596597066616,0.6444337433435476,64,73920
44,4,1,wrist_encoder,band_fraction,0.21693110228939977,0.18354284013062733,0.4329720060125737,0.6491823424949392,32,73920
44,4,2,subject_embedding,time_location_scale,-1.5297557459047526,-1.9137629907180314,0.17373039581777444,1.013715172517852,1936,199408
44,4,2,bilateral_activity,time_location_scale,0.3976983905976225,0.4461000944335511,0.550318151067748,0.41159630585916496,176,199408
44,4,2,activity_context,time_location_scale,0.4372436334360806,0.4960231280570653,0.658056532812099,0.3850219874881206,176,199408
44,4,2,wrist_encoder,time_location_scale,0.434149670703883,0.46068101359788916,0.532007537410013,0.39323409390687947,88,199408
44,4,2,subject_embedding,time_shape,-1.0719533021110212,-1.7248888045397093,0.08533752647710605,1.2838087982493682,528,54384
44,4,2,bilateral_activity,time_shape,0.127905432046427,0.1446780035053734,0.42016561554967674,0.6234328774036895,48,54384
44,4,2,activity_context,time_shape,0.16655970151166108,0.20571767823331583,0.48373623002255195,0.6019359173286482,48,54384
44,4,2,wrist_encoder,time_shape,0.13276752633662264,0.15734938337490056,0.42280003799351057,0.605150767034972,24,54384
44,4,2,subject_embedding,derivative,-1.750104393048015,-1.5775412916361715,0.20770548697447613,0.9528517267548627,352,36256
44,4,2,bilateral_activity,derivative,0.49498873966059287,0.5118268665894083,0.5827680476210442,0.35736016169598245,32,36256
44,4,2,activity_context,derivative,0.5229563188286184,0.5312551240026795,0.6493939986341097,0.3384230323081325,32,36256
44,4,2,wrist_encoder,derivative,0.5422331205157761,0.547583290480295,0.5692380681784502,0.34211224822126385,16,36256
44,4,2,subject_embedding,spectral_global,-1.5280845937502379,-2.2482498020343886,0.11401177349207048,1.1241526734064569,704,72512
44,4,2,bilateral_activity,spectral_global,0.1601763273938442,0.17225405569109642,0.3772859999501573,0.5283295166165596,64,72512
44,4,2,activity_context,spectral_global,0.1884510616848862,0.21588335749972493,0.42271003616409514,0.5145229258087406,64,72512
44,4,2,wrist_encoder,spectral_global,0.19514801692526743,0.2100090443983363,0.3964614471495237,0.5020257459216163,32,72512
44,4,2,subject_embedding,band_absolute,-1.2629397509252427,-4.068041276539575,0.13456596230725298,0.9794630354133319,704,72512
44,4,2,bilateral_activity,band_absolute,0.18970545830334667,0.16199465824071024,0.345058316172248,0.38472671490018384,64,72512
44,4,2,activity_context,band_absolute,0.20034857997023472,0.18171372522793827,0.34062222987228985,0.37860538471773125,64,72512
44,4,2,wrist_encoder,band_absolute,0.23449911373448934,0.2222942131881075,0.33741428580051314,0.3387093468507542,32,72512
44,4,2,subject_embedding,band_fraction,-1.6123464250967492,-1.7818821913570573,0.09127751175152661,1.263257369189311,704,72512
44,4,2,bilateral_activity,band_fraction,0.1441770255837546,0.12825002481178716,0.38416755044255124,0.6655050078747294,64,72512
44,4,2,activity_context,band_fraction,0.1851411784618874,0.1651377688400807,0.42143371410241626,0.6496197996143837,64,72512
44,4,2,wrist_encoder,band_fraction,0.14673003711338142,0.11588840914381454,0.3637613743490795,0.658608086560309,32,72512
