seed,outer,inner,family,representation,pca_components,train_pca_variance_explained,r2,median_spearman,normalized_mae
42,0,0,time_location_scale,wrist_mean,16,0.7080217260652943,-0.12318315902617014,0.32184325108853407,0.6233339319878425
42,0,0,time_location_scale,bilateral_activity_mean,16,0.7080217260652943,-1.6021698048394524,0.2169085631349782,0.9896424866784249
42,0,0,time_location_scale,activity_context_mean,16,0.7080217260652943,-1.6197231501248472,0.2351907526435828,1.0032345878249065
42,0,0,time_location_scale,learned_subject_embedding,16,0.7080217260652943,-2.4634434130400247,0.1663642960812772,1.1013334925764988
42,0,0,time_shape,wrist_mean,16,0.4453114474087078,-0.06942035990903855,0.28038565208376526,0.6946242643038005
42,0,0,time_shape,bilateral_activity_mean,16,0.4453114474087078,-1.5178439117438391,0.22227866473149493,1.1031819238559541
42,0,0,time_shape,activity_context_mean,16,0.4453114474087078,-1.4596123232026554,0.24340659340659337,1.0985334445315211
42,0,0,time_shape,learned_subject_embedding,16,0.4453114474087078,-1.8889052204201882,0.18651254405971385,1.189551234101706
42,0,0,derivative,wrist_mean,16,0.891159550984292,-0.07698770274992689,0.20780116110304786,0.7889110228788747
42,0,0,derivative,bilateral_activity_mean,16,0.891159550984292,-0.9372865500227405,0.17668463611859836,1.2057057964892746
42,0,0,derivative,activity_context_mean,16,0.891159550984292,-0.9328323889890316,0.20279908770474808,1.209904794013491
42,0,0,derivative,learned_subject_embedding,16,0.891159550984292,-1.2572565583814281,0.09933132904831017,1.226135839624392
42,0,0,spectral_global,wrist_mean,16,0.5827995085842634,-0.021830712616613457,0.37961331121708475,0.5755973457581574
42,0,0,spectral_global,bilateral_activity_mean,16,0.5827995085842634,-1.6263213012848359,0.2799865229110512,1.005350889071393
42,0,0,spectral_global,activity_context_mean,16,0.5827995085842634,-1.7342138820294921,0.29536595479991706,1.040864810940058
42,0,0,spectral_global,learned_subject_embedding,16,0.5827995085842634,-2.2703173489341424,0.14777628032345014,1.0900235252448631
42,0,0,band_absolute,wrist_mean,16,0.7599577518129499,-0.05686015880957374,0.2622693344391458,0.6413695897603469
42,0,0,band_absolute,bilateral_activity_mean,16,0.7599577518129499,-0.9486893760340671,0.22421729214182046,1.095514468139494
42,0,0,band_absolute,activity_context_mean,16,0.7599577518129499,-0.9094648623295747,0.2717810491395397,1.0972726266798307
42,0,0,band_absolute,learned_subject_embedding,16,0.7599577518129499,-1.3318463050828218,0.14682770060128553,1.1306266557422522
42,0,0,band_fraction,wrist_mean,16,0.528773383004814,-0.06847871547488141,0.29269645448890735,0.6564656461426582
42,0,0,band_fraction,bilateral_activity_mean,16,0.528773383004814,-1.9494851271244338,0.2548154675513166,1.0654619519176503
42,0,0,band_fraction,activity_context_mean,16,0.528773383004814,-1.9675150496953184,0.2266742691270993,1.0725937144242894
42,0,0,band_fraction,learned_subject_embedding,16,0.528773383004814,-2.180184159909762,0.14906697076508396,1.1126929043183202
42,0,1,time_location_scale,wrist_mean,16,0.694142342848876,-0.027071217639491236,0.29792316478495806,0.7105058416898568
42,0,1,time_location_scale,bilateral_activity_mean,16,0.694142342848876,-0.7593728704719628,0.24002767649255374,1.0492684541024258
42,0,1,time_location_scale,activity_context_mean,16,0.694142342848876,-0.8111973440496685,0.29234942670122566,1.0550007975028588
42,0,1,time_location_scale,learned_subject_embedding,16,0.694142342848876,-0.9586935967989796,0.16827197645301586,1.0731089462578596
42,0,1,time_shape,wrist_mean,16,0.44234168401625124,-0.14813027437263812,0.33258467688793225,0.67464420135147
42,0,1,time_shape,bilateral_activity_mean,16,0.44234168401625124,-2.05105746300998,0.2302146026446426,1.108735449011538
42,0,1,time_shape,activity_context_mean,16,0.44234168401625124,-2.127619133981579,0.23890743750823706,1.129549985475443
42,0,1,time_shape,learned_subject_embedding,16,0.44234168401625124,-2.122193057025313,0.1589695997891315,1.1149242662362433
42,0,1,derivative,wrist_mean,16,0.8790825918688827,-0.13321944742668015,0.1825769889733339,0.7827565165553132
42,0,1,derivative,bilateral_activity_mean,16,0.8790825918688827,-0.9696469778416222,0.15184180468303826,1.156893125746232
42,0,1,derivative,activity_context_mean,16,0.8790825918688827,-1.0187858448765785,0.14082612133725783,1.1691068767110802
42,0,1,derivative,learned_subject_embedding,16,0.8790825918688827,-0.9658113704772451,0.20600316302772043,1.135320370414713
42,0,1,spectral_global,wrist_mean,16,0.5546786793724564,0.03823891011668667,0.3442812898124149,0.7301209844147541
42,0,1,spectral_global,bilateral_activity_mean,16,0.5546786793724564,-0.43163613192559885,0.30668738742696483,1.0718758111874591
42,0,1,spectral_global,activity_context_mean,16,0.5546786793724564,-0.4717535117370154,0.2579185520361991,1.0845110587873874
42,0,1,spectral_global,learned_subject_embedding,16,0.5546786793724564,-0.7619557984875163,0.20035803716557574,1.1190190182933324
42,0,1,band_absolute,wrist_mean,16,0.7465711372734947,0.0170802074264831,0.25556824671616224,0.847938329139182
42,0,1,band_absolute,bilateral_activity_mean,16,0.7465711372734947,-0.2297579340991038,0.2282212362166674,1.2327759426432616
42,0,1,band_absolute,activity_context_mean,16,0.7465711372734947,-0.24542094695754588,0.19642621798532708,1.2467032432756435
42,0,1,band_absolute,learned_subject_embedding,16,0.7465711372734947,-0.37081814030276355,0.1764486227650134,1.2492095982662568
42,0,1,band_fraction,wrist_mean,16,0.5090886061024126,-0.10554671528559713,0.2489731142643764,0.6832115708822393
42,0,1,band_fraction,bilateral_activity_mean,16,0.5090886061024126,-1.499425338643255,0.23705135526951632,1.052646462220936
42,0,1,band_fraction,activity_context_mean,16,0.5090886061024126,-1.502663941409281,0.2552772042349427,1.0587477076217797
42,0,1,band_fraction,learned_subject_embedding,16,0.5090886061024126,-1.7273800649197073,0.1708858674164214,1.071022388552087
42,0,2,time_location_scale,wrist_mean,16,0.7102012303856723,-0.11831560792840894,0.4078461529762343,0.624401725397541
42,0,2,time_location_scale,bilateral_activity_mean,16,0.7102012303856723,-1.647474989268239,0.24047361903523307,1.0464140763973337
42,0,2,time_location_scale,activity_context_mean,16,0.7102012303856723,-1.6693090047483472,0.23930879667064367,1.0491304273955364
42,0,2,time_location_scale,learned_subject_embedding,16,0.7102012303856723,-1.6159444512076946,0.18007249040152445,0.9996279891195841
42,0,2,time_shape,wrist_mean,16,0.44753698639530315,-0.08036627356292061,0.28466336068215614,0.64792078567955
42,0,2,time_shape,bilateral_activity_mean,16,0.44753698639530315,-1.9172211811387703,0.22271855969149174,1.0809199326301178
42,0,2,time_shape,activity_context_mean,16,0.44753698639530315,-1.9902156296065134,0.21661172399364437,1.0867789188621306
42,0,2,time_shape,learned_subject_embedding,16,0.44753698639530315,-2.5537137686385782,0.14503734782387434,1.1445115080663986
42,0,2,derivative,wrist_mean,16,0.893543712589212,-0.185716868874571,0.18973033796812006,0.6943105900298424
42,0,2,derivative,bilateral_activity_mean,16,0.893543712589212,-1.74332924264049,0.135611333834697,1.1533299464111941
42,0,2,derivative,activity_context_mean,16,0.893543712589212,-1.7021334446308323,0.13778265319393163,1.1401932200158469
42,0,2,derivative,learned_subject_embedding,16,0.893543712589212,-1.3941815822623798,0.17274428756410765,1.0249274260021917
42,0,2,spectral_global,wrist_mean,16,0.572943919740472,-0.030632621953278646,0.36191483225992505,0.6147280403957389
42,0,2,spectral_global,bilateral_activity_mean,16,0.572943919740472,-1.1780662344408754,0.2784717078218387,1.0174083460253618
42,0,2,spectral_global,activity_context_mean,16,0.572943919740472,-1.2029212723706915,0.2860487076691678,1.0242752123312502
42,0,2,spectral_global,learned_subject_embedding,16,0.572943919740472,-1.1038872375727642,0.23820051908103432,0.9525692684865015
42,0,2,band_absolute,wrist_mean,16,0.7728153527294765,-0.1267900604406195,0.2677790908731079,0.6783601126583721
42,0,2,band_absolute,bilateral_activity_mean,16,0.7728153527294765,-1.2120073694438387,0.18889912977591305,1.1584922736840455
42,0,2,band_absolute,activity_context_mean,16,0.7728153527294765,-1.1788840176361715,0.21994221123997038,1.1547642747278155
42,0,2,band_absolute,learned_subject_embedding,16,0.7728153527294765,-0.9228633265374238,0.1934509841618085,1.021335545663915
42,0,2,band_fraction,wrist_mean,16,0.5190352439679846,-0.11151737662414755,0.3105439041905333,0.6218343155663231
42,0,2,band_fraction,bilateral_activity_mean,16,0.5190352439679846,-2.0331669701632387,0.21558260908900712,1.0526519143630244
42,0,2,band_fraction,activity_context_mean,16,0.5190352439679846,-2.046113429411957,0.22382118280360305,1.0514000843553322
42,0,2,band_fraction,learned_subject_embedding,16,0.5190352439679846,-1.8216206494494813,0.1687974622704989,1.0150207536480933
42,1,0,time_location_scale,wrist_mean,16,0.7149751121517005,-0.23401132140761666,0.3261300020733983,0.5246151947897644
42,1,0,time_location_scale,bilateral_activity_mean,16,0.7149751121517005,-1.567759265762455,0.23559506531204644,0.8169291418733283
42,1,0,time_location_scale,activity_context_mean,16,0.7149751121517005,-1.5539964014727372,0.2685309973045822,0.8174878530091051
42,1,0,time_location_scale,learned_subject_embedding,16,0.7149751121517005,-2.0244978676932335,0.1597657059921211,0.8664359223272055
42,1,0,time_shape,wrist_mean,16,0.44600873791306805,-0.006554641460035537,0.3312305618909392,0.588303599852896
42,1,0,time_shape,bilateral_activity_mean,16,0.44600873791306805,-1.5731215723554237,0.25012440389798885,0.960012354507454
42,1,0,time_shape,activity_context_mean,16,0.44600873791306805,-1.4894742568186006,0.2685050798258345,0.9512441009648187
42,1,0,time_shape,learned_subject_embedding,16,0.44600873791306805,-1.6165634411072323,0.21401617250673854,0.9812222701688427
42,1,0,derivative,wrist_mean,16,0.9010840363237032,-0.2941224630862167,0.17323242794940907,0.6159515411700611
42,1,0,derivative,bilateral_activity_mean,16,0.9010840363237032,-1.486290577760959,0.17638399336512542,0.914682880839548
42,1,0,derivative,activity_context_mean,16,0.9010840363237032,-1.3958016513611635,0.17322206095791,0.8981068204642922
42,1,0,derivative,learned_subject_embedding,16,0.9010840363237032,-1.7309220017959168,0.1450031100974497,0.9504548369173116
42,1,0,spectral_global,wrist_mean,16,0.57277143603671,-0.10048463165684254,0.45512647729628863,0.5225230048241993
42,1,0,spectral_global,bilateral_activity_mean,16,0.57277143603671,-0.975741811783417,0.3115799295044578,0.8199670777119642
42,1,0,spectral_global,activity_context_mean,16,0.57277143603671,-0.983388285855655,0.3201482479784366,0.8121435392790642
42,1,0,spectral_global,learned_subject_embedding,16,0.57277143603671,-1.4558627654037057,0.16778457391664936,0.8936424632109057
42,1,0,band_absolute,wrist_mean,16,0.7862623063931733,-0.33120852880799784,0.2607453866887829,0.5219276106484768
42,1,0,band_absolute,bilateral_activity_mean,16,0.7862623063931733,-1.7567558743546094,0.28185258138088326,0.8526390251080007
42,1,0,band_absolute,activity_context_mean,16,0.7862623063931733,-1.76310167696459,0.22730665560854238,0.8473439557243856
42,1,0,band_absolute,learned_subject_embedding,16,0.7862623063931733,-2.3629682659185898,0.11743209620568112,0.8972769269048385
42,1,0,band_fraction,wrist_mean,16,0.5305619425879528,0.037594430764618596,0.3765654157163591,0.6079610996410869
42,1,0,band_fraction,bilateral_activity_mean,16,0.5305619425879528,-1.0954315230015972,0.31107713041675306,0.8861771298660734
42,1,0,band_fraction,activity_context_mean,16,0.5305619425879528,-1.1612993033423094,0.31803338171262696,0.898315591459678
42,1,0,band_fraction,learned_subject_embedding,16,0.5305619425879528,-1.6470026654126888,0.24162865436450343,0.9958142215502068
42,1,1,time_location_scale,wrist_mean,16,0.6896988583330583,-0.06303781623553774,0.2568601301611011,0.7924530293380158
42,1,1,time_location_scale,bilateral_activity_mean,16,0.6896988583330583,-0.6453776279262916,0.2749813293502614,1.074220434135507
42,1,1,time_location_scale,activity_context_mean,16,0.6896988583330583,-0.5922064070033234,0.27400512109249975,1.0458643263239447
42,1,1,time_location_scale,learned_subject_embedding,16,0.6896988583330583,-0.4496726767211634,0.2187826736370426,1.074182310336416
42,1,1,time_shape,wrist_mean,16,0.42038887924992685,0.05789164038918915,0.32596287207937696,0.6383654056908953
42,1,1,time_shape,bilateral_activity_mean,16,0.42038887924992685,-1.3280860091701765,0.2589299050464099,1.0026309334797483
42,1,1,time_shape,activity_context_mean,16,0.42038887924992685,-1.1937611840299955,0.28578363384188626,0.967119172802014
42,1,1,time_shape,learned_subject_embedding,16,0.42038887924992685,-1.840221653688872,0.1979142217006295,1.1061810767521376
42,1,1,derivative,wrist_mean,16,0.8737394429622398,-0.11175913848028181,0.18065187239944525,0.9107394119849137
42,1,1,derivative,bilateral_activity_mean,16,0.8737394429622398,-0.7063317161709821,0.171930011735837,1.234197614188175
42,1,1,derivative,activity_context_mean,16,0.8737394429622398,-0.616921816501949,0.22076709698068925,1.1958738444737533
42,1,1,derivative,learned_subject_embedding,16,0.8737394429622398,-0.7163295842232049,0.18695721753974182,1.2344006313782434
42,1,1,spectral_global,wrist_mean,16,0.5501733640931055,0.021560317528402317,0.3864344393470608,0.7904718697507865
42,1,1,spectral_global,bilateral_activity_mean,16,0.5501733640931055,-0.27219126017595907,0.24239837832070843,1.0606612531238586
42,1,1,spectral_global,activity_context_mean,16,0.5501733640931055,-0.2520129926824165,0.2322628827483197,1.0406628484948912
42,1,1,spectral_global,learned_subject_embedding,16,0.5501733640931055,-0.17675580029404228,0.23043849354528967,1.1010459740019907
42,1,1,band_absolute,wrist_mean,16,0.7199011876417156,0.01576464523214616,0.3035314200362744,1.0024129130425352
42,1,1,band_absolute,bilateral_activity_mean,16,0.7199011876417156,-0.14755411047546596,0.19746612610690284,1.3490494694840198
42,1,1,band_absolute,activity_context_mean,16,0.7199011876417156,-0.1448251885435047,0.20480102421849994,1.336241106341415
42,1,1,band_absolute,learned_subject_embedding,16,0.7199011876417156,-0.118542238397876,0.21741171449909316,1.335557272778085
42,1,1,band_fraction,wrist_mean,16,0.5088693802738785,0.013226618568709787,0.3707884348661048,0.6492199701586168
42,1,1,band_fraction,bilateral_activity_mean,16,0.5088693802738785,-1.218475330989886,0.2909260642270351,0.9810599774870171
42,1,1,band_fraction,activity_context_mean,16,0.5088693802738785,-1.072595537725382,0.29411074362530676,0.9554303294344421
42,1,1,band_fraction,learned_subject_embedding,16,0.5088693802738785,-1.856724594072645,0.2543155873252961,1.1123826893143143
42,1,2,time_location_scale,wrist_mean,16,0.7182917146284323,0.04013686567409162,0.33606620392742614,0.6494499186359043
42,1,2,time_location_scale,bilateral_activity_mean,16,0.7182917146284323,-0.20918536841330232,0.32887800377806087,0.85957391955506
42,1,2,time_location_scale,activity_context_mean,16,0.7182917146284323,-0.1873205686202488,0.3431445767253877,0.8427039073505203
42,1,2,time_location_scale,learned_subject_embedding,16,0.7182917146284323,-0.24669038876407898,0.3424471730439749,0.8704454511518033
42,1,2,time_shape,wrist_mean,16,0.4362647111177582,0.06572837445785641,0.3470324649650749,0.6176684162373978
42,1,2,time_shape,bilateral_activity_mean,16,0.4362647111177582,-1.3669112836952948,0.27041690462592805,0.9661733897778662
42,1,2,time_shape,activity_context_mean,16,0.4362647111177582,-1.2415433703466436,0.2884835039318192,0.9545042823435198
42,1,2,time_shape,learned_subject_embedding,16,0.4362647111177582,-1.295685865739588,0.24915982076176252,0.9606147087105006
42,1,2,derivative,wrist_mean,16,0.8942402076911589,-0.05364631716741673,0.1881287615867856,0.7390497348691492
42,1,2,derivative,bilateral_activity_mean,16,0.8942402076911589,-0.46547947611866575,0.2086115626235558,0.9839638949585867
42,1,2,derivative,activity_context_mean,16,0.8942402076911589,-0.3484446015861573,0.21447634318850767,0.972813851851991
42,1,2,derivative,learned_subject_embedding,16,0.8942402076911589,-0.4364478063404118,0.21787000834687872,0.9793081414939189
42,1,2,spectral_global,wrist_mean,16,0.5732817482519538,0.04974019913762883,0.47613451653999916,0.6861097865055112
42,1,2,spectral_global,bilateral_activity_mean,16,0.5732817482519538,0.08804548113114768,0.39258335895971536,0.8915868173493328
42,1,2,spectral_global,activity_context_mean,16,0.5732817482519538,0.08762478563436484,0.36582941615779996,0.8675871074884987
42,1,2,spectral_global,learned_subject_embedding,16,0.5732817482519538,0.02862091279738745,0.3203608926767122,0.9022027527188891
42,1,2,band_absolute,wrist_mean,16,0.7833398544349746,0.04504751488915264,0.24447019285682908,0.767476071097415
42,1,2,band_absolute,bilateral_activity_mean,16,0.7833398544349746,0.0066183509396688335,0.23096142863418706,1.0238867873946982
42,1,2,band_absolute,activity_context_mean,16,0.7833398544349746,0.00333221143480528,0.22455849404735756,1.0061796836827093
42,1,2,band_absolute,learned_subject_embedding,16,0.7833398544349746,-0.015478399892426198,0.2656119580020208,1.0264195705478438
42,1,2,band_fraction,wrist_mean,16,0.5218276013951089,-0.07621117654998828,0.3444954531476519,0.6223816880398318
42,1,2,band_fraction,bilateral_activity_mean,16,0.5218276013951089,-1.478130020173514,0.3089443394983087,0.9425946620268096
42,1,2,band_fraction,activity_context_mean,16,0.5218276013951089,-1.2907599526329363,0.2887196327373369,0.9152220490385554
42,1,2,band_fraction,learned_subject_embedding,16,0.5218276013951089,-1.212306295971732,0.2374412423669991,0.9016969461203552
42,2,0,time_location_scale,wrist_mean,16,0.6971585002437009,-0.1553992437172296,0.2907578270785818,0.6409730150384783
42,2,0,time_location_scale,bilateral_activity_mean,16,0.6971585002437009,-1.1105469215043409,0.2573294629898404,0.9406552135866186
42,2,0,time_location_scale,activity_context_mean,16,0.6971585002437009,-1.0525910133124328,0.26369479577026744,0.9369084598315085
42,2,0,time_location_scale,learned_subject_embedding,16,0.6971585002437009,-1.8769050661556985,0.22757619738751814,1.1002817612539935
42,2,0,time_shape,wrist_mean,16,0.4473607326266503,-0.0706997278812625,0.2963145345220817,0.6437338165482621
42,2,0,time_shape,bilateral_activity_mean,16,0.4473607326266503,-1.6399965146151165,0.2390369064897367,1.0210318710995856
42,2,0,time_shape,activity_context_mean,16,0.4473607326266503,-1.6218811810013158,0.22349678623263527,1.0267368413694182
42,2,0,time_shape,learned_subject_embedding,16,0.4473607326266503,-3.053407286633891,0.17179141613103877,1.2337164469423934
42,2,0,derivative,wrist_mean,16,0.8846292266368472,-0.19909404930931346,0.150699771926187,0.7074921518421862
42,2,0,derivative,bilateral_activity_mean,16,0.8846292266368472,-1.3380438228335805,0.15704955421936553,1.0600733692524171
42,2,0,derivative,activity_context_mean,16,0.8846292266368472,-1.2802350101168076,0.15856313497822933,1.0663889953352146
42,2,0,derivative,learned_subject_embedding,16,0.8846292266368472,-1.8012365816729587,0.09003732116939664,1.1592256520048647
42,2,0,spectral_global,wrist_mean,16,0.5482358203496037,-0.005418339445979733,0.3380675927845739,0.6269511218748121
42,2,0,spectral_global,bilateral_activity_mean,16,0.5482358203496037,-0.5521118461218865,0.3072983620153431,0.9208874091550849
42,2,0,spectral_global,activity_context_mean,16,0.5482358203496037,-0.5670543005730255,0.31227970143064476,0.9263618828929087
42,2,0,spectral_global,learned_subject_embedding,16,0.5482358203496037,-1.1251113713137832,0.18491084387310802,1.0737623363918687
42,2,0,band_absolute,wrist_mean,16,0.7422605903829298,0.005347380947818386,0.27785092266224337,0.7665368135112323
42,2,0,band_absolute,bilateral_activity_mean,16,0.7422605903829298,-0.1744076662202021,0.25259174787476674,1.073912086632469
42,2,0,band_absolute,activity_context_mean,16,0.7422605903829298,-0.18953666655189014,0.24838274932614554,1.0872044543826798
42,2,0,band_absolute,learned_subject_embedding,16,0.7422605903829298,-0.364859787976213,0.12020008293593198,1.213900763625143
42,2,0,band_fraction,wrist_mean,16,0.5187573943891225,-0.17095205726775817,0.3084283640887414,0.6906377426737528
42,2,0,band_fraction,bilateral_activity_mean,16,0.5187573943891225,-1.6160641235650244,0.24175824175824176,1.0424343088225763
42,2,0,band_fraction,activity_context_mean,16,0.5187573943891225,-1.5420067207774866,0.27800124403897986,1.0336871325783978
42,2,0,band_fraction,learned_subject_embedding,16,0.5187573943891225,-2.9236781354665933,0.16598590089156126,1.2297851932368067
42,2,1,time_location_scale,wrist_mean,16,0.6940844729591713,-0.047083360849856794,0.2656566734236637,0.6889786913905512
42,2,1,time_location_scale,bilateral_activity_mean,16,0.6940844729591713,-0.7979917341254257,0.31435506241331485,1.014092044578592
42,2,1,time_location_scale,activity_context_mean,16,0.6940844729591713,-0.8072957264755531,0.3324282513602902,1.0061313873823992
42,2,1,time_location_scale,learned_subject_embedding,16,0.6940844729591713,-0.7326811596108833,0.2941534193961378,0.9641887659177654
42,2,1,time_shape,wrist_mean,16,0.44104819172524606,-0.12499462209186633,0.27085778299370533,0.6099627665686186
42,2,1,time_shape,bilateral_activity_mean,16,0.44104819172524606,-2.563827594828624,0.22109249973327644,1.0681331033153434
42,2,1,time_shape,activity_context_mean,16,0.44104819172524606,-2.241279506885046,0.2630161101034888,0.9986635181102655
42,2,1,time_shape,learned_subject_embedding,16,0.44104819172524606,-2.3774770965762917,0.21571001813720264,1.03155049651895
42,2,1,derivative,wrist_mean,16,0.8873860129945665,-0.0795562757042263,0.2161154379600982,0.8114060480018674
42,2,1,derivative,bilateral_activity_mean,16,0.8873860129945665,-0.6498794930473938,0.1950922863544223,1.1436993679369434
42,2,1,derivative,activity_context_mean,16,0.8873860129945665,-0.661601540303589,0.2115224581243999,1.1427706220292797
42,2,1,derivative,learned_subject_embedding,16,0.8873860129945665,-0.5986617124309458,0.1517870479035528,1.1337310200552118
42,2,1,spectral_global,wrist_mean,16,0.5555270489308601,0.1585069133165106,0.4391816920943135,0.6552082552546505
42,2,1,spectral_global,bilateral_activity_mean,16,0.5555270489308601,-0.3314711720464109,0.36247199402539215,0.9290695181869085
42,2,1,spectral_global,activity_context_mean,16,0.5555270489308601,-0.31972106566566916,0.3688786941214126,0.92036753035253
42,2,1,spectral_global,learned_subject_embedding,16,0.5555270489308601,-0.7128241916701802,0.1963725594793556,1.008052226327743
42,2,1,band_absolute,wrist_mean,16,0.7543420778075833,0.034443437061111117,0.25365411287741385,0.8035365630012087
42,2,1,band_absolute,bilateral_activity_mean,16,0.7543420778075833,-0.2282636895276473,0.16708631174650593,1.1940998801897449
42,2,1,band_absolute,activity_context_mean,16,0.7543420778075833,-0.21343845989269364,0.19171023151605676,1.2008519800169746
42,2,1,band_absolute,learned_subject_embedding,16,0.7543420778075833,-0.20744893040879764,0.17362637362637365,1.1501451636320523
42,2,1,band_fraction,wrist_mean,16,0.51077598323341,0.009268816371591304,0.38616238130801245,0.6215384505946211
42,2,1,band_fraction,bilateral_activity_mean,16,0.51077598323341,-1.8853554484058281,0.3175397418115865,1.0270474811618078
42,2,1,band_fraction,activity_context_mean,16,0.51077598323341,-1.7100162239898242,0.3506774778619439,0.9954627085828128
42,2,1,band_fraction,learned_subject_embedding,16,0.51077598323341,-2.0780982686148217,0.2409847434119279,1.030563325530496
42,2,2,time_location_scale,wrist_mean,16,0.710075805218324,-0.125939685585404,0.33741158898212015,0.6314474038090475
42,2,2,time_location_scale,bilateral_activity_mean,16,0.710075805218324,-1.3459987642658442,0.22716689364319292,1.0047514712206114
42,2,2,time_location_scale,activity_context_mean,16,0.710075805218324,-1.1780410063692348,0.2805045468523481,0.9744600376894847
42,2,2,time_location_scale,learned_subject_embedding,16,0.710075805218324,-1.8134540150277347,0.16432917453762685,1.0680822076819916
42,2,2,time_shape,wrist_mean,16,0.4375678359141092,-0.05979101573562239,0.32885054694021,0.6937104119327431
42,2,2,time_shape,bilateral_activity_mean,16,0.4375678359141092,-1.6107370008293642,0.2735909150814919,1.1501227335174111
42,2,2,time_shape,activity_context_mean,16,0.4375678359141092,-1.5081133996051075,0.23582678030136625,1.1258053946656401
42,2,2,time_shape,learned_subject_embedding,16,0.4375678359141092,-1.842560834146272,0.19602534815270395,1.1787387420229587
42,2,2,derivative,wrist_mean,16,0.8899768779335007,-0.1703394057265405,0.2388360497298247,0.7116229692821597
42,2,2,derivative,bilateral_activity_mean,16,0.8899768779335007,-1.3692587681576998,0.16127597416860695,1.1695970534403743
42,2,2,derivative,activity_context_mean,16,0.8899768779335007,-1.267821533688691,0.14684466019417478,1.1349579429097494
42,2,2,derivative,learned_subject_embedding,16,0.8899768779335007,-1.7658531333285992,0.050504107542942496,1.2254146435279913
42,2,2,spectral_global,wrist_mean,16,0.566083614172544,-0.03438493269120577,0.3250395378465053,0.6268894987077271
42,2,2,spectral_global,bilateral_activity_mean,16,0.566083614172544,-1.0291615726667656,0.25949457452884067,0.9907192330300648
42,2,2,spectral_global,activity_context_mean,16,0.566083614172544,-0.9166426280751148,0.28561151869261525,0.9626152240981997
42,2,2,spectral_global,learned_subject_embedding,16,0.566083614172544,-1.6044277542142493,0.1566467513069455,1.1171102280576364
42,2,2,band_absolute,wrist_mean,16,0.7647287180982736,-0.13340598757835243,0.24367394455915303,0.6528996574962861
42,2,2,band_absolute,bilateral_activity_mean,16,0.7647287180982736,-1.1268661908169932,0.21900123006633576,1.0591195557308484
42,2,2,band_absolute,activity_context_mean,16,0.7647287180982736,-1.023001503128585,0.2090069410886087,1.036473625786625
42,2,2,band_absolute,learned_subject_embedding,16,0.7647287180982736,-1.464783764564995,0.1185970654131705,1.1020258778468373
42,2,2,band_fraction,wrist_mean,16,0.5226676256794675,-0.02752551544251078,0.3675537055748364,0.6605228908494054
42,2,2,band_fraction,bilateral_activity_mean,16,0.5226676256794675,-1.4307380316408984,0.2996968765101261,1.0225418166188363
42,2,2,band_fraction,activity_context_mean,16,0.5226676256794675,-1.3957549366068618,0.29705003734129953,1.0135220995373433
42,2,2,band_fraction,learned_subject_embedding,16,0.5226676256794675,-2.4073880992979038,0.17338993102842332,1.1849814780297598
42,3,0,time_location_scale,wrist_mean,16,0.723249389721391,-0.07778607910378643,0.3362067178104914,0.6808215161478629
42,3,0,time_location_scale,bilateral_activity_mean,16,0.723249389721391,-1.1440310752471063,0.20260729836201535,1.0899971622732592
42,3,0,time_location_scale,activity_context_mean,16,0.723249389721391,-1.1489797948589338,0.19440700808625336,1.09053326343316
42,3,0,time_location_scale,learned_subject_embedding,16,0.723249389721391,-1.6875906969406376,0.09891146589259797,1.2291449189365065
42,3,0,time_shape,wrist_mean,16,0.4474502072984857,-0.10615632198849195,0.28484864192411363,0.6265950883852519
42,3,0,time_shape,bilateral_activity_mean,16,0.4474502072984857,-2.626384553868876,0.1387155297532656,1.108282230394487
42,3,0,time_shape,activity_context_mean,16,0.4474502072984857,-2.489949392201104,0.19260833506116526,1.1049843758211295
42,3,0,time_shape,learned_subject_embedding,16,0.4474502072984857,-4.433615807003181,0.08767364710760937,1.3575262098391094
42,3,0,derivative,wrist_mean,16,0.9000863322723528,-0.17654686676903394,0.22570495542193653,0.7421739591607702
42,3,0,derivative,bilateral_activity_mean,16,0.9000863322723528,-1.4587807746860808,0.1786699149906697,1.1833555104906905
42,3,0,derivative,activity_context_mean,16,0.9000863322723528,-1.4627088833895088,0.20399647522289033,1.1756430460168243
42,3,0,derivative,learned_subject_embedding,16,0.9000863322723528,-2.0103169941167645,0.07358490566037736,1.315295180741152
42,3,0,spectral_global,wrist_mean,16,0.5885688122272315,-0.017697751711047052,0.4026021148662658,0.750281913935149
42,3,0,spectral_global,bilateral_activity_mean,16,0.5885688122272315,-0.3203075109294771,0.2457910014513788,1.1236187502606179
42,3,0,spectral_global,activity_context_mean,16,0.5885688122272315,-0.32082585440337,0.2451534314741862,1.126111479745557
42,3,0,spectral_global,learned_subject_embedding,16,0.5885688122272315,-0.618836335368042,0.09486315571221232,1.307754825914448
42,3,0,band_absolute,wrist_mean,16,0.7923566611021728,-0.0053369580204157005,0.29738751814223513,0.9783457998635112
42,3,0,band_absolute,bilateral_activity_mean,16,0.7923566611021728,-0.08787451557996186,0.24188782915198007,1.4331752230371686
42,3,0,band_absolute,activity_context_mean,16,0.7923566611021728,-0.10008356993662076,0.22915716359112584,1.4222292415488882
42,3,0,band_absolute,learned_subject_embedding,16,0.7923566611021728,-0.20739343419428888,0.08088326767572049,1.6402901284514786
42,3,0,band_fraction,wrist_mean,16,0.5250160641061276,-0.021850820001133853,0.377177068214804,0.6339031578672943
42,3,0,band_fraction,bilateral_activity_mean,16,0.5250160641061276,-1.991376089057119,0.2685361808003317,1.0794076340290029
42,3,0,band_fraction,activity_context_mean,16,0.5250160641061276,-1.9950014123627766,0.2601337341903379,1.0918139942499807
42,3,0,band_fraction,learned_subject_embedding,16,0.5250160641061276,-3.89880753103791,0.10359734605017623,1.3389772096967978
42,3,1,time_location_scale,wrist_mean,16,0.7114075607885946,-0.12684886609469836,0.33125129587393737,0.6716333559904185
42,3,1,time_location_scale,bilateral_activity_mean,16,0.7114075607885946,-0.7985906185668307,0.317955629276384,0.9805110494771989
42,3,1,time_location_scale,activity_context_mean,16,0.7114075607885946,-0.5936891877191421,0.2925202156334232,0.9254821370818069
42,3,1,time_location_scale,learned_subject_embedding,16,0.7114075607885946,-0.8933752334770791,0.28141716773792247,0.9546151406523291
42,3,1,time_shape,wrist_mean,16,0.4447111072113772,-0.0314304246048535,0.3759952311839104,0.6705457036093883
42,3,1,time_shape,bilateral_activity_mean,16,0.4447111072113772,-1.483268212111184,0.242499481650425,1.0635222383130891
42,3,1,time_shape,activity_context_mean,16,0.4447111072113772,-1.4260332211659041,0.25294422558573504,1.0490162834603616
42,3,1,time_shape,learned_subject_embedding,16,0.4447111072113772,-1.7366365241035369,0.21706406800746422,1.109455694198791
42,3,1,derivative,wrist_mean,16,0.8901294084871976,-0.1569252746151122,0.1519075264358283,0.8344153074966043
42,3,1,derivative,bilateral_activity_mean,16,0.8901294084871976,-0.6645199280817748,0.1833298776695003,1.1314899379033092
42,3,1,derivative,activity_context_mean,16,0.8901294084871976,-0.5286075588725299,0.26056396433754925,1.0963501149263764
42,3,1,derivative,learned_subject_embedding,16,0.8901294084871976,-0.8087064280934462,0.15092784573916648,1.1160323602127866
42,3,1,spectral_global,wrist_mean,16,0.5604157183430791,-0.034255759508716885,0.37389591540534933,0.67769305736865
42,3,1,spectral_global,bilateral_activity_mean,16,0.5604157183430791,-0.5619230998683019,0.306733360978644,0.9809195831714387
42,3,1,spectral_global,activity_context_mean,16,0.5604157183430791,-0.48523843510964687,0.3058573501969728,0.9549056207707703
42,3,1,spectral_global,learned_subject_embedding,16,0.5604157183430791,-0.49035849699634776,0.3334957495334854,0.9340808558358046
42,3,1,band_absolute,wrist_mean,16,0.7615559151467403,-0.029722799111563634,0.2749326145552561,0.8814916138108121
42,3,1,band_absolute,bilateral_activity_mean,16,0.7615559151467403,-0.14442753706509429,0.265255027990877,1.209627046201644
42,3,1,band_absolute,activity_context_mean,16,0.7615559151467403,-0.1288766744130479,0.29311113414887,1.1926769945366114
42,3,1,band_absolute,learned_subject_embedding,16,0.7615559151467403,-0.20464839455086442,0.20106261662865435,1.1470933191141108
42,3,1,band_fraction,wrist_mean,16,0.5190180298699143,-0.0037583622548936083,0.32042815674891145,0.6803862741951922
42,3,1,band_fraction,bilateral_activity_mean,16,0.5190180298699143,-1.6357212880050997,0.24969935724652703,1.0787703988869597
42,3,1,band_fraction,activity_context_mean,16,0.5190180298699143,-1.5079294060557886,0.26979058677171885,1.0614092439000267
42,3,1,band_fraction,learned_subject_embedding,16,0.5190180298699143,-1.345122176465763,0.24684843458428363,1.051402687975988
42,3,2,time_location_scale,wrist_mean,16,0.7098240749394398,-0.027346266145424316,0.397185124983526,0.5547772625927962
42,3,2,time_location_scale,bilateral_activity_mean,16,0.7098240749394398,-0.6967737523235268,0.32295830953740723,0.768822368580504
42,3,2,time_location_scale,activity_context_mean,16,0.7098240749394398,-0.8572566202963271,0.3021515178139964,0.789192712519378
42,3,2,time_location_scale,learned_subject_embedding,16,0.7098240749394398,-1.2340392519433205,0.2302530422176339,0.8267953438379889
42,3,2,time_shape,wrist_mean,16,0.44078875161815434,0.02627482090600998,0.33550608443526775,0.624584039043561
42,3,2,time_shape,bilateral_activity_mean,16,0.44078875161815434,-1.1339580022635605,0.30458968501515615,0.9375340641846291
42,3,2,time_shape,activity_context_mean,16,0.44078875161815434,-1.0441346744937157,0.34751021394368053,0.9075804690184277
42,3,2,time_shape,learned_subject_embedding,16,0.44078875161815434,-1.741099031454098,0.19768923252646842,1.0141001614861092
42,3,2,derivative,wrist_mean,16,0.8875349195309705,-0.09613704268556644,0.12785001976892324,0.6825128370004886
42,3,2,derivative,bilateral_activity_mean,16,0.8875349195309705,-0.7118453241086068,0.17613012344594298,0.9314681483141942
42,3,2,derivative,activity_context_mean,16,0.8875349195309705,-0.7289833547652177,0.2038834951456311,0.9329785951892866
42,3,2,derivative,learned_subject_embedding,16,0.8875349195309705,-0.9617612205002913,0.19925427228396964,0.943438973294845
42,3,2,spectral_global,wrist_mean,16,0.5723802280073511,0.09012259031003693,0.4267616307165137,0.5332662987229934
42,3,2,spectral_global,bilateral_activity_mean,16,0.5723802280073511,-0.5713385570708741,0.3819301058735668,0.7469983786422865
42,3,2,spectral_global,activity_context_mean,16,0.5723802280073511,-0.6714024161951674,0.3657140974388262,0.7568138710986498
42,3,2,spectral_global,learned_subject_embedding,16,0.5723802280073511,-1.181405003394618,0.29473817159425386,0.805721902709882
42,3,2,band_absolute,wrist_mean,16,0.7730726317283952,0.016277529522113338,0.30856543513596635,0.588434973120436
42,3,2,band_absolute,bilateral_activity_mean,16,0.7730726317283952,-0.4376004161009755,0.2866329130606686,0.848796715720092
42,3,2,band_absolute,activity_context_mean,16,0.7730726317283952,-0.44545782955069446,0.3046116504854369,0.8362204495503136
42,3,2,band_absolute,learned_subject_embedding,16,0.7730726317283952,-0.8296249679227514,0.21097834204630322,0.8950408253755772
42,3,2,band_fraction,wrist_mean,16,0.5196258288348589,-0.023031867233246833,0.35624148838026626,0.6254818402360928
42,3,2,band_fraction,bilateral_activity_mean,16,0.5196258288348589,-1.1909270926891835,0.3293557527566665,0.9089776350258866
42,3,2,band_fraction,activity_context_mean,16,0.5196258288348589,-1.2066021106775056,0.3292788736106841,0.9031120143422028
42,3,2,band_fraction,learned_subject_embedding,16,0.5196258288348589,-1.630270986449214,0.24893467469138514,0.970626662707731
42,4,0,time_location_scale,wrist_mean,16,0.7216952294624084,-0.13869161211761138,0.2936916856728178,0.6544090926257615
42,4,0,time_location_scale,bilateral_activity_mean,16,0.7216952294624084,-1.2956594592472062,0.2613414886999793,0.989599503343936
42,4,0,time_location_scale,activity_context_mean,16,0.7216952294624084,-1.2809153009967087,0.33946713663694794,0.9772177328822327
42,4,0,time_location_scale,learned_subject_embedding,16,0.7216952294624084,-1.3065675418567877,0.20084490980717395,0.9367716959109214
42,4,0,time_shape,wrist_mean,16,0.44435413939701707,0.028928609173349933,0.3990410532863363,0.6581975414628025
42,4,0,time_shape,bilateral_activity_mean,16,0.44435413939701707,-1.2553673537257624,0.2730147211279287,1.0082217417020491
42,4,0,time_shape,activity_context_mean,16,0.44435413939701707,-1.1214776291716366,0.2879950238440805,0.9773622103299358
42,4,0,time_shape,learned_subject_embedding,16,0.44435413939701707,-1.9455005060819517,0.13445469624714906,1.1352396874875865
42,4,0,derivative,wrist_mean,16,0.9001096484981626,-0.20461521435551455,0.16835475844909806,0.7178442685293617
42,4,0,derivative,bilateral_activity_mean,16,0.9001096484981626,-1.4864108059605194,0.17459050383578684,1.1375718664496337
42,4,0,derivative,activity_context_mean,16,0.9001096484981626,-1.4692498025976828,0.19191893012647726,1.1287173880349302
42,4,0,derivative,learned_subject_embedding,16,0.9001096484981626,-1.3050296726008666,0.10044578063445989,1.027445864335832
42,4,0,spectral_global,wrist_mean,16,0.5798771493598144,-0.04614197175471851,0.4357764876632801,0.5920828117412902
42,4,0,spectral_global,bilateral_activity_mean,16,0.5798771493598144,-1.4073911758879727,0.28747667426912704,0.939234598504733
42,4,0,spectral_global,activity_context_mean,16,0.5798771493598144,-1.4855148274164252,0.3109786439975119,0.9590250251518498
42,4,0,spectral_global,learned_subject_embedding,16,0.5798771493598144,-1.6651231352780396,0.17497926601700187,0.954581760128543
42,4,0,band_absolute,wrist_mean,16,0.779875917863648,-0.013334565301855825,0.2938886585113,0.7208839897083069
42,4,0,band_absolute,bilateral_activity_mean,16,0.779875917863648,-0.45895531416041463,0.23764254613311214,1.108128166874957
42,4,0,band_absolute,activity_context_mean,16,0.779875917863648,-0.4633172912849527,0.287855069458843,1.0974661348864285
42,4,0,band_absolute,learned_subject_embedding,16,0.779875917863648,-0.33851318846346307,0.16924113622226827,1.0013829147751145
42,4,0,band_fraction,wrist_mean,16,0.5218296408458829,0.003189781460780499,0.3818318473978851,0.63958542976498
42,4,0,band_fraction,bilateral_activity_mean,16,0.5218296408458829,-1.368761001908436,0.3646433754924321,0.9863837098752299
42,4,0,band_fraction,activity_context_mean,16,0.5218296408458829,-1.4275005958943758,0.33185776487663277,0.9997188186654947
42,4,0,band_fraction,learned_subject_embedding,16,0.5218296408458829,-2.0671804039850974,0.16481443085216668,1.09407915685208
42,4,1,time_location_scale,wrist_mean,16,0.7021056486053843,0.03248985444392944,0.29674476466929295,0.7857827678984846
42,4,1,time_location_scale,bilateral_activity_mean,16,0.7021056486053843,-0.1456857229886569,0.30329670329670333,1.0242102924443535
42,4,1,time_location_scale,activity_context_mean,16,0.7021056486053843,-0.12341190266188325,0.34009433962264146,1.0081721405132789
42,4,1,time_location_scale,learned_subject_embedding,16,0.7021056486053843,-0.1732539222690534,0.3394515861496994,1.013625734118519
42,4,1,time_shape,wrist_mean,16,0.44214147097595446,0.0007565268147222423,0.3692204022392701,0.5994707478120617
42,4,1,time_shape,bilateral_activity_mean,16,0.44214147097595446,-1.6482336482054327,0.2684843458428364,0.978640049544967
42,4,1,time_shape,activity_context_mean,16,0.44214147097595446,-1.4292718191285503,0.3165405349367614,0.9420942495802592
42,4,1,time_shape,learned_subject_embedding,16,0.44214147097595446,-1.4616567171755703,0.29501866058469833,0.9365517316120837
42,4,1,derivative,wrist_mean,16,0.8906713451208701,-0.027419883731419546,0.23862741032552354,0.909705891054033
42,4,1,derivative,bilateral_activity_mean,16,0.8906713451208701,-0.24940862843625353,0.21450860460294424,1.1556071784276178
42,4,1,derivative,activity_context_mean,16,0.8906713451208701,-0.20630521165278962,0.2588948787061994,1.1409515242696668
42,4,1,derivative,learned_subject_embedding,16,0.8906713451208701,-0.22607417387812428,0.21515135807588637,1.1543434046588383
42,4,1,spectral_global,wrist_mean,16,0.5492446713008527,0.10107927492548395,0.48275450964130207,0.9233857130015757
42,4,1,spectral_global,bilateral_activity_mean,16,0.5492446713008527,0.050769237105301845,0.3821324901513581,1.1439783712524878
42,4,1,spectral_global,activity_context_mean,16,0.5492446713008527,0.05069178843592544,0.3932562720298569,1.1346068793619282
42,4,1,spectral_global,learned_subject_embedding,16,0.5492446713008527,0.005663382693094725,0.30869790586771717,1.1547317503536114
42,4,1,band_absolute,wrist_mean,16,0.753323334110358,0.014866951257267608,0.25687331536388136,1.0831059147407465
42,4,1,band_absolute,bilateral_activity_mean,16,0.753323334110358,0.02352434150064892,0.2549398714493054,1.332347312280707
42,4,1,band_absolute,activity_context_mean,16,0.753323334110358,0.011799083781779242,0.24587393738337132,1.3340972276065497
42,4,1,band_absolute,learned_subject_embedding,16,0.753323334110358,-0.007855430250061362,0.22918826456562302,1.3722092325863584
42,4,1,band_fraction,wrist_mean,16,0.5205343291316389,-0.008867940112309645,0.40159133319510676,0.6166917136087418
42,4,1,band_fraction,bilateral_activity_mean,16,0.5205343291316389,-1.3828977389107857,0.3592940078789135,0.9579903798823983
42,4,1,band_fraction,activity_context_mean,16,0.5205343291316389,-1.2342780675981038,0.3910170018660585,0.936836749198643
42,4,1,band_fraction,learned_subject_embedding,16,0.5205343291316389,-1.2072837270116556,0.33659029649595684,0.9323788211491384
42,4,2,time_location_scale,wrist_mean,16,0.7114321363384218,-0.10605945014965341,0.35771866625664456,0.5206623913750994
42,4,2,time_location_scale,bilateral_activity_mean,16,0.7114321363384218,-1.4731452584253717,0.25418991345604713,0.805506569913578
42,4,2,time_location_scale,activity_context_mean,16,0.7114321363384218,-1.3101540098478819,0.26833018494925975,0.7856296753958738
42,4,2,time_location_scale,learned_subject_embedding,16,0.7114321363384218,-1.5802487374477059,0.25196041822255416,0.7918497419819526
42,4,2,time_shape,wrist_mean,16,0.44182759943187166,0.07778350394261406,0.34977265738259455,0.6424158082841127
42,4,2,time_shape,bilateral_activity_mean,16,0.44182759943187166,-1.0171776482447685,0.2845022624434389,0.9857364192087512
42,4,2,time_shape,activity_context_mean,16,0.44182759943187166,-1.0350464289641874,0.30107520977024116,0.990186852568818
42,4,2,time_shape,learned_subject_embedding,16,0.44182759943187166,-1.1615042715687136,0.22355357378201468,1.0225940433640084
42,4,2,derivative,wrist_mean,16,0.8920993921909677,-0.2674906126798502,0.16711329789570795,0.5813205828670591
42,4,2,derivative,bilateral_activity_mean,16,0.8920993921909677,-1.9053756837788147,0.14373105478188286,0.923086077894895
42,4,2,derivative,activity_context_mean,16,0.8920993921909677,-1.8529734386687435,0.16557022360848747,0.9303019011635298
42,4,2,derivative,learned_subject_embedding,16,0.8920993921909677,-1.816764489797975,0.1645598119755744,0.8827120194919109
42,4,2,spectral_global,wrist_mean,16,0.5628618014425836,0.02570504154072946,0.47606312876158674,0.5054991694639575
42,4,2,spectral_global,bilateral_activity_mean,16,0.5628618014425836,-1.2276855798659807,0.3527160304002109,0.7882395427300888
42,4,2,spectral_global,activity_context_mean,16,0.5628618014425836,-1.214340433812404,0.35275446997320214,0.7828129944968287
42,4,2,spectral_global,learned_subject_embedding,16,0.5628618014425836,-1.3723885509638865,0.3571585467644862,0.766409926383535
42,4,2,band_absolute,wrist_mean,16,0.7659798804144703,-0.25751454858588857,0.30925734744980893,0.502380905558644
42,4,2,band_absolute,bilateral_activity_mean,16,0.7659798804144703,-1.7669362601597112,0.2567653648464614,0.8082993848868399
42,4,2,band_absolute,activity_context_mean,16,0.7659798804144703,-1.6324046064740996,0.27724816588323153,0.7955042492016117
42,4,2,band_absolute,learned_subject_embedding,16,0.7659798804144703,-2.0499751210140134,0.1940319817247287,0.7982992694089706
42,4,2,band_fraction,wrist_mean,16,0.511624397851364,0.03169854570200272,0.3510301805561657,0.6284147292363274
42,4,2,band_fraction,bilateral_activity_mean,16,0.511624397851364,-1.1428607206648853,0.22913829460088742,0.9349467434068197
42,4,2,band_fraction,activity_context_mean,16,0.511624397851364,-1.1476102734918665,0.2413071651364056,0.9342477322060828
42,4,2,band_fraction,learned_subject_embedding,16,0.511624397851364,-1.3148646577691299,0.2407909765848087,0.9523430028879325
43,0,0,time_location_scale,wrist_mean,16,0.7080217260652943,-0.13970833257463589,0.2809973045822103,0.6346693762503572
43,0,0,time_location_scale,bilateral_activity_mean,16,0.7080217260652943,-1.8193393156338475,0.15415716359112586,1.045522978195861
43,0,0,time_location_scale,activity_context_mean,16,0.7080217260652943,-1.9590413902994996,0.1253576612067178,1.0751583978321608
43,0,0,time_location_scale,learned_subject_embedding,16,0.7080217260652943,-2.0002062735880606,0.23773066556085423,1.0641761039400708
43,0,0,time_shape,wrist_mean,16,0.4453114474087078,-0.11339202312763141,0.3550901928260419,0.7096842861943291
43,0,0,time_shape,bilateral_activity_mean,16,0.4453114474087078,-1.8668607203948349,0.15556189093924944,1.1999651252368928
43,0,0,time_shape,activity_context_mean,16,0.4453114474087078,-1.9467901248579753,0.15562927638399335,1.2202716455752927
43,0,0,time_shape,learned_subject_embedding,16,0.4453114474087078,-1.6088846952655311,0.20909185154468174,1.128838426856155
43,0,0,derivative,wrist_mean,16,0.891159550984292,-0.14134690315243253,0.13539809247356416,0.8189233844017029
43,0,0,derivative,bilateral_activity_mean,16,0.891159550984292,-0.9791405062179447,0.162466307277628,1.2008254617305736
43,0,0,derivative,activity_context_mean,16,0.891159550984292,-1.0113047587685626,0.17990877047480822,1.2186609076989965
43,0,0,derivative,learned_subject_embedding,16,0.891159550984292,-1.0716549018818389,0.1847812564793697,1.2013742612048397
43,0,0,spectral_global,wrist_mean,16,0.5827995085842634,-0.15217444310263253,0.3277835372174994,0.6284390742152807
43,0,0,spectral_global,bilateral_activity_mean,16,0.5827995085842634,-1.9811580157697175,0.23609268090400165,1.0724407697525997
43,0,0,spectral_global,activity_context_mean,16,0.5827995085842634,-2.0753702259137885,0.19269645448890732,1.0920564673371096
43,0,0,spectral_global,learned_subject_embedding,16,0.5827995085842634,-2.462487276440337,0.12723408666804892,1.108417956275019
43,0,0,band_absolute,wrist_mean,16,0.7599577518129499,-0.08068337732430865,0.2784055567074435,0.661961900357737
43,0,0,band_absolute,bilateral_activity_mean,16,0.7599577518129499,-1.0266611952752203,0.17165146174580134,1.1167664595461009
43,0,0,band_absolute,activity_context_mean,16,0.7599577518129499,-1.0928787970408214,0.17713041675305824,1.1355951116804224
43,0,0,band_absolute,learned_subject_embedding,16,0.7599577518129499,-1.2392097687658121,0.18041156956251297,1.1297147886545158
43,0,0,band_fraction,wrist_mean,16,0.528773383004814,-0.21225524506414542,0.21561268919759485,0.6867547511478086
43,0,0,band_fraction,bilateral_activity_mean,16,0.528773383004814,-2.340634868302017,0.20277835372174993,1.1498333182697773
43,0,0,band_fraction,activity_context_mean,16,0.528773383004814,-2.406230401992053,0.18957080655193864,1.157650285582161
43,0,0,band_fraction,learned_subject_embedding,16,0.528773383004814,-2.5103687369460403,0.14197594857972218,1.1704390261679156
43,0,1,time_location_scale,wrist_mean,16,0.694142342848876,-0.1467593191328541,0.21225233932258492,0.7335636721560672
43,0,1,time_location_scale,bilateral_activity_mean,16,0.694142342848876,-0.8147878990542086,0.2233394104467777,1.054309770536633
43,0,1,time_location_scale,activity_context_mean,16,0.694142342848876,-0.7908886682930628,0.20294447129113036,1.0520819207537844
43,0,1,time_location_scale,learned_subject_embedding,16,0.694142342848876,-0.5896325437867064,0.25963735008566535,0.9647101545236186
43,0,1,time_shape,wrist_mean,16,0.44234168401625124,-0.2309280858829106,0.2628168519087994,0.6974585328851788
43,0,1,time_shape,bilateral_activity_mean,16,0.44234168401625124,-2.873015637354138,0.1591837631243685,1.2323346754743956
43,0,1,time_shape,activity_context_mean,16,0.44234168401625124,-2.7716202714340596,0.17246188990906297,1.2147145245486222
43,0,1,time_shape,learned_subject_embedding,16,0.44234168401625124,-1.6855922999847364,0.1531926811053025,1.0307022623796531
43,0,1,derivative,wrist_mean,16,0.8790825918688827,-0.16886549380945928,0.19099525545841936,0.7760153460217843
43,0,1,derivative,bilateral_activity_mean,16,0.8790825918688827,-0.9184561278586805,0.2092540526292668,1.138087386886107
43,0,1,derivative,activity_context_mean,16,0.8790825918688827,-0.8859069461988732,0.22038505469402103,1.1297617556134796
43,0,1,derivative,learned_subject_embedding,16,0.8790825918688827,-0.5514082891119274,0.198013223213109,1.0089190826866012
43,0,1,spectral_global,wrist_mean,16,0.5546786793724564,-0.025845593996581966,0.2834698853402452,0.7471317093537495
43,0,1,spectral_global,bilateral_activity_mean,16,0.5546786793724564,-0.5698033333049887,0.2642775556824672,1.0703271505859655
43,0,1,spectral_global,activity_context_mean,16,0.5546786793724564,-0.5155207429276913,0.2623116460923428,1.0619763691799746
43,0,1,spectral_global,learned_subject_embedding,16,0.5546786793724564,-0.39532267413013894,0.24302596318587183,1.0114193224319803
43,0,1,band_absolute,wrist_mean,16,0.7465711372734947,-0.025207150348371368,0.19791986996441593,0.8849734111711411
43,0,1,band_absolute,bilateral_activity_mean,16,0.7465711372734947,-0.12971109605065353,0.25867086939331374,1.1573978683912807
43,0,1,band_absolute,activity_context_mean,16,0.7465711372734947,-0.11505208841830608,0.27887910205157496,1.166579817555088
43,0,1,band_absolute,learned_subject_embedding,16,0.7465711372734947,-0.1573886968563691,0.2021152747880332,1.100915720352984
43,0,1,band_fraction,wrist_mean,16,0.5090886061024126,-0.15692032720840993,0.21657404560031632,0.7094532238574779
43,0,1,band_fraction,bilateral_activity_mean,16,0.5090886061024126,-2.2528846304397043,0.21029192110003078,1.1897369031137415
43,0,1,band_fraction,activity_context_mean,16,0.5090886061024126,-2.2858108096402057,0.21153297017089137,1.1982486092019835
43,0,1,band_fraction,learned_subject_embedding,16,0.5090886061024126,-1.3913397459828603,0.13762465404384308,1.0416775966177307
43,0,2,time_location_scale,wrist_mean,16,0.7102012303856723,-0.12330169595393796,0.3139592085993294,0.6045097088519822
43,0,2,time_location_scale,bilateral_activity_mean,16,0.7102012303856723,-1.4985017399651441,0.2231200275938502,0.9651103412601387
43,0,2,time_location_scale,activity_context_mean,16,0.7102012303856723,-1.3125201979801848,0.24489542043867435,0.9451701066293754
43,0,2,time_location_scale,learned_subject_embedding,16,0.7102012303856723,-0.725284519083489,0.39383435773617337,0.7933180030723616
43,0,2,time_shape,wrist_mean,16,0.44753698639530315,-0.08680376516767661,0.2952541970359229,0.6493336685421406
43,0,2,time_shape,bilateral_activity_mean,16,0.44753698639530315,-2.6492474941447295,0.19278375581704374,1.203555631936936
43,0,2,time_shape,activity_context_mean,16,0.44753698639530315,-2.252426603091321,0.23524322734957676,1.1301038775353849
43,0,2,time_shape,learned_subject_embedding,16,0.44753698639530315,-1.4959759783562885,0.23482479601472428,0.9877328998982539
43,0,2,derivative,wrist_mean,16,0.893543712589212,-0.2059757630617364,0.1843642388225116,0.6678845256473196
43,0,2,derivative,bilateral_activity_mean,16,0.893543712589212,-1.7341779368276875,0.1492499335598894,1.115984725783113
43,0,2,derivative,activity_context_mean,16,0.893543712589212,-1.489849826278245,0.20195531831881075,1.0666076574230192
43,0,2,derivative,learned_subject_embedding,16,0.893543712589212,-0.9278039765617455,0.34414846396118765,0.8861757213805896
43,0,2,spectral_global,wrist_mean,16,0.572943919740472,-0.006686478517743708,0.44570287982538975,0.5999185188287328
43,0,2,spectral_global,bilateral_activity_mean,16,0.572943919740472,-0.7491034831003437,0.3550163697123567,0.8775511977713052
43,0,2,spectral_global,activity_context_mean,16,0.572943919740472,-0.7210830230717175,0.35360840481535305,0.8799506399563513
43,0,2,spectral_global,learned_subject_embedding,16,0.572943919740472,-0.8110234922024709,0.31522015708138496,0.8705965078173158
43,0,2,band_absolute,wrist_mean,16,0.7728153527294765,-0.08917457030003827,0.2942759724287677,0.6447197250607775
43,0,2,band_absolute,bilateral_activity_mean,16,0.7728153527294765,-0.9558331921166793,0.16357837953983861,1.0298378409272761
43,0,2,band_absolute,activity_context_mean,16,0.7728153527294765,-0.913031345753335,0.19484198562631821,1.0242805949129397
43,0,2,band_absolute,learned_subject_embedding,16,0.7728153527294765,-0.5308595260659393,0.25601777767725376,0.8852872732169171
43,0,2,band_fraction,wrist_mean,16,0.5190352439679846,-0.18239187902980575,0.24485583909618833,0.6503439235583917
43,0,2,band_fraction,bilateral_activity_mean,16,0.5190352439679846,-2.106049717185525,0.279529095113966,1.0628668535980643
43,0,2,band_fraction,activity_context_mean,16,0.5190352439679846,-2.242884927944875,0.2644259857167898,1.0856473233937483
43,0,2,band_fraction,learned_subject_embedding,16,0.5190352439679846,-1.7110819304473044,0.22776235361971375,0.9930454901514844
43,1,0,time_location_scale,wrist_mean,16,0.7149751121517005,-0.48567398105021375,0.2822102425876011,0.5837117948589996
43,1,0,time_location_scale,bilateral_activity_mean,16,0.7149751121517005,-2.832841043899722,0.19419448476052248,0.9827780126375374
43,1,0,time_location_scale,activity_context_mean,16,0.7149751121517005,-2.786568548396874,0.21101492846775866,0.9821033268018962
43,1,0,time_location_scale,learned_subject_embedding,16,0.7149751121517005,-3.0224586712431556,0.17896019075264358,1.021804888611631
43,1,0,time_shape,wrist_mean,16,0.44600873791306805,-0.24014285813468494,0.18685983827493263,0.6731195781328354
43,1,0,time_shape,bilateral_activity_mean,16,0.44600873791306805,-3.0085766973370998,0.1595842836408874,1.2104835099861055
43,1,0,time_shape,activity_context_mean,16,0.44600873791306805,-3.0153143227523613,0.17599523118391042,1.2254341398425563
43,1,0,time_shape,learned_subject_embedding,16,0.44600873791306805,-2.4768191878159405,0.1273066556085424,1.1211265554620573
43,1,0,derivative,wrist_mean,16,0.9010840363237032,-0.4580644072033016,0.12436761351855691,0.66187670118652
43,1,0,derivative,bilateral_activity_mean,16,0.9010840363237032,-2.61860872902193,0.0648144308521667,1.110578676650408
43,1,0,derivative,activity_context_mean,16,0.9010840363237032,-2.582710508137532,0.1011766535351441,1.1012733677854927
43,1,0,derivative,learned_subject_embedding,16,0.9010840363237032,-2.556082805807465,0.10387725482065105,1.07846096959447
43,1,0,spectral_global,wrist_mean,16,0.57277143603671,-0.24668350357320631,0.31551938627410325,0.580511053593242
43,1,0,spectral_global,bilateral_activity_mean,16,0.57277143603671,-1.7207529320673405,0.1719365540120257,0.9767511722231556
43,1,0,spectral_global,activity_context_mean,16,0.57277143603671,-1.8428928317374347,0.18535662450756787,0.9954018956708028
43,1,0,spectral_global,learned_subject_embedding,16,0.57277143603671,-2.0982559582736324,0.15894153016794527,1.0350510345742232
43,1,0,band_absolute,wrist_mean,16,0.7862623063931733,-0.5249267127170105,0.2535610615799295,0.5573602578548035
43,1,0,band_absolute,bilateral_activity_mean,16,0.7862623063931733,-3.1568671352524933,0.10083454281567489,1.013638263850419
43,1,0,band_absolute,activity_context_mean,16,0.7862623063931733,-3.099978911568681,0.10572257930748497,1.0185277620255868
43,1,0,band_absolute,learned_subject_embedding,16,0.7862623063931733,-3.1087544445779676,0.12923491602736886,1.02567341456864
43,1,0,band_fraction,wrist_mean,16,0.5305619425879528,-0.30015472992232395,0.15558780841799708,0.7127871547319341
43,1,0,band_fraction,bilateral_activity_mean,16,0.5305619425879528,-2.3602494447531592,0.20640161725067385,1.1344039707175317
43,1,0,band_fraction,activity_context_mean,16,0.5305619425879528,-2.4673680556170265,0.18473460501762387,1.1544502544443351
43,1,0,band_fraction,learned_subject_embedding,16,0.5305619425879528,-2.0904322212532054,0.15846983205473772,1.0623014217203504
43,1,1,time_location_scale,wrist_mean,16,0.6896988583330583,-0.12935246174293913,0.273226288274832,0.8329057310929406
43,1,1,time_location_scale,bilateral_activity_mean,16,0.6896988583330583,-0.586648313395715,0.23537821401899073,1.134965566603073
43,1,1,time_location_scale,activity_context_mean,16,0.6896988583330583,-0.5630138731648292,0.24234503360716955,1.1136056504033622
43,1,1,time_location_scale,learned_subject_embedding,16,0.6896988583330583,-0.383653825214957,0.2992851808385789,1.0825582521101873
43,1,1,time_shape,wrist_mean,16,0.42038887924992685,-0.2262128565127074,0.22352501867064978,0.7288181715064894
43,1,1,time_shape,bilateral_activity_mean,16,0.42038887924992685,-2.538886893127546,0.11996159180625202,1.2610566967260497
43,1,1,time_shape,activity_context_mean,16,0.42038887924992685,-2.8226419990227,0.12243678651445644,1.305480899187599
43,1,1,time_shape,learned_subject_embedding,16,0.42038887924992685,-1.7490638668075345,0.20275258721860667,1.1113131574150652
43,1,1,derivative,wrist_mean,16,0.8737394429622398,-0.16000280101159772,0.11620612397311428,0.9471946948603421
43,1,1,derivative,bilateral_activity_mean,16,0.8737394429622398,-0.7182331294483729,0.14227568547956898,1.2765255731278595
43,1,1,derivative,activity_context_mean,16,0.8737394429622398,-0.7407357414422041,0.1308705857249547,1.2543531421885101
43,1,1,derivative,learned_subject_embedding,16,0.8737394429622398,-0.43303179578472273,0.22308759201963088,1.1927500977416094
43,1,1,spectral_global,wrist_mean,16,0.5501733640931055,-0.06799506555279643,0.1909740744692201,0.8882217395958688
43,1,1,spectral_global,bilateral_activity_mean,16,0.5501733640931055,-0.343513591465471,0.19384935452896618,1.2022616008153553
43,1,1,spectral_global,activity_context_mean,16,0.5501733640931055,-0.3663508422434556,0.2577029766350155,1.188809454416999
43,1,1,spectral_global,learned_subject_embedding,16,0.5501733640931055,-0.2613329295103442,0.21378960844980266,1.169744503579315
43,1,1,band_absolute,wrist_mean,16,0.7199011876417156,-0.02312897564851738,0.194532166862264,1.0903033574870498
43,1,1,band_absolute,bilateral_activity_mean,16,0.7199011876417156,-0.12415277153005734,0.1787154592979836,1.4178776387119554
43,1,1,band_absolute,activity_context_mean,16,0.7199011876417156,-0.1295813886725655,0.21152245812439988,1.3945796705612759
43,1,1,band_absolute,learned_subject_embedding,16,0.7199011876417156,-0.07971450432200394,0.24197695508375122,1.3916883429656934
43,1,1,band_fraction,wrist_mean,16,0.5088693802738785,-0.2017246239967689,0.2735463565560653,0.7385195467971215
43,1,1,band_fraction,bilateral_activity_mean,16,0.5088693802738785,-2.0649522794960147,0.18002240477968634,1.1928329164321723
43,1,1,band_fraction,activity_context_mean,16,0.5088693802738785,-2.2197481304354296,0.21097834204630322,1.216923362598444
43,1,1,band_fraction,learned_subject_embedding,16,0.5088693802738785,-1.6167219037392941,0.13751200256054627,1.1188306391290865
43,1,2,time_location_scale,wrist_mean,16,0.7182917146284323,-0.14912815338484395,0.2408129420550894,0.7168002987781715
43,1,2,time_location_scale,bilateral_activity_mean,16,0.7182917146284323,-0.4872488793574841,0.24208144796380093,0.99850379760393
43,1,2,time_location_scale,activity_context_mean,16,0.7182917146284323,-0.4165699170781615,0.2908667574572772,0.9785153238677737
43,1,2,time_location_scale,learned_subject_embedding,16,0.7182917146284323,-0.699769466103049,0.21048961033255725,1.0499778239344053
43,1,2,time_shape,wrist_mean,16,0.4362647111177582,-0.2346757923950949,0.20135197469577823,0.6972094643165968
43,1,2,time_shape,bilateral_activity_mean,16,0.4362647111177582,-2.3801605462981237,0.14473048367965557,1.2074661523025891
43,1,2,time_shape,activity_context_mean,16,0.4362647111177582,-2.382912225998182,0.16003492509774633,1.204156461170584
43,1,2,time_shape,learned_subject_embedding,16,0.4362647111177582,-1.9839393379374322,0.15711900891798095,1.132329182305614
43,1,2,derivative,wrist_mean,16,0.8942402076911589,-0.17071167491590003,0.12057395773843518,0.7892660279035438
43,1,2,derivative,bilateral_activity_mean,16,0.8942402076911589,-0.7401120254132492,0.15508720291701444,1.1231008569535188
43,1,2,derivative,activity_context_mean,16,0.8942402076911589,-0.6430530333644974,0.15967798620568466,1.0879200477532076
43,1,2,derivative,learned_subject_embedding,16,0.8942402076911589,-0.564337932636071,0.14164433510521462,1.0858883728913216
43,1,2,spectral_global,wrist_mean,16,0.5732817482519538,-0.0680292710357458,0.299938496683214,0.7630706407773259
43,1,2,spectral_global,bilateral_activity_mean,16,0.5732817482519538,-0.17863044978926157,0.2661556033914686,1.056888440532148
43,1,2,spectral_global,activity_context_mean,16,0.5732817482519538,-0.16580467879756916,0.2828383780696745,1.0543059833893338
43,1,2,spectral_global,learned_subject_embedding,16,0.5732817482519538,-0.31453369499105177,0.184718622325704,1.1347994241427204
43,1,2,band_absolute,wrist_mean,16,0.7833398544349746,-0.07573681453945572,0.22835302903835172,0.8479334208794181
43,1,2,band_absolute,bilateral_activity_mean,16,0.7833398544349746,-0.12986658153124409,0.214058999253174,1.1512537735920922
43,1,2,band_absolute,activity_context_mean,16,0.7833398544349746,-0.1193432328891086,0.2343056714844265,1.138229501298417
43,1,2,band_absolute,learned_subject_embedding,16,0.7833398544349746,-0.19365485336164914,0.14315446118701403,1.1933868639524603
43,1,2,band_fraction,wrist_mean,16,0.5218276013951089,-0.22161677648309722,0.2465678952686377,0.6790496711413017
43,1,2,band_fraction,bilateral_activity_mean,16,0.5218276013951089,-2.175888413308968,0.25485986029960905,1.0980465232949976
43,1,2,band_fraction,activity_context_mean,16,0.5218276013951089,-2.290253672513133,0.2604885120590432,1.108255956315376
43,1,2,band_fraction,learned_subject_embedding,16,0.5218276013951089,-2.088578118098586,0.13482405658305147,1.1093064504684729
43,2,0,time_location_scale,wrist_mean,16,0.6971585002437009,-0.17723108452548172,0.3175046651461746,0.6336163580984752
43,2,0,time_location_scale,bilateral_activity_mean,16,0.6971585002437009,-1.3539949681325407,0.21901824590503838,0.9511858034911552
43,2,0,time_location_scale,activity_context_mean,16,0.6971585002437009,-1.1084122869962936,0.3306862948372382,0.9106449849496239
43,2,0,time_location_scale,learned_subject_embedding,16,0.6971585002437009,-0.2742252015907995,0.4777628032345014,0.7056207541248798
43,2,0,time_shape,wrist_mean,16,0.4473607326266503,-0.1325837191796694,0.30660377358490565,0.6503882062581018
43,2,0,time_shape,bilateral_activity_mean,16,0.4473607326266503,-1.994318715917791,0.1935309973045822,1.0848892774856658
43,2,0,time_shape,activity_context_mean,16,0.4473607326266503,-1.7539739329819655,0.26834957495334855,1.041810668425053
43,2,0,time_shape,learned_subject_embedding,16,0.4473607326266503,-1.3504367302414992,0.24629898403483308,0.9635017929467524
43,2,0,derivative,wrist_mean,16,0.8846292266368472,-0.143680566022889,0.1535299606054323,0.690338009285196
43,2,0,derivative,bilateral_activity_mean,16,0.8846292266368472,-1.3683157489417737,0.149611237818785,1.0452136622506776
43,2,0,derivative,activity_context_mean,16,0.8846292266368472,-1.2273872658797407,0.18354240099523117,1.0139047867577244
43,2,0,derivative,learned_subject_embedding,16,0.8846292266368472,-0.4371073304017092,0.3355846983205474,0.8295858211008059
43,2,0,spectral_global,wrist_mean,16,0.5482358203496037,0.011308098685179572,0.33821273066556085,0.6123031207736862
43,2,0,spectral_global,bilateral_activity_mean,16,0.5482358203496037,-0.6329487092866694,0.2851130002073398,0.9229810867872871
43,2,0,spectral_global,activity_context_mean,16,0.5482358203496037,-0.5429109253500594,0.30643271822517104,0.8962805003939777
43,2,0,spectral_global,learned_subject_embedding,16,0.5482358203496037,-0.20520639410622288,0.37204540742276593,0.7918882431642149
43,2,0,band_absolute,wrist_mean,16,0.7422605903829298,0.0918466662227341,0.2810024880779598,0.7265480677444854
43,2,0,band_absolute,bilateral_activity_mean,16,0.7422605903829298,-0.1636492118797947,0.17167737922454904,1.0904587116977755
43,2,0,band_absolute,activity_context_mean,16,0.7422605903829298,-0.13591496958455196,0.25448372382334644,1.0768015040215322
43,2,0,band_absolute,learned_subject_embedding,16,0.7422605903829298,0.03584701748237274,0.32009122952519176,0.9261310361591584
43,2,0,band_fraction,wrist_mean,16,0.5187573943891225,-0.08152044706847554,0.3163591125855276,0.6571441824676795
43,2,0,band_fraction,bilateral_activity_mean,16,0.5187573943891225,-1.941865872379535,0.2174476466929297,1.0940878094824886
43,2,0,band_fraction,activity_context_mean,16,0.5187573943891225,-1.7242149541527654,0.24174787476674267,1.0523367469601634
43,2,0,band_fraction,learned_subject_embedding,16,0.5187573943891225,-1.2817566857948899,0.23771511507360563,0.9668694693952302
43,2,1,time_location_scale,wrist_mean,16,0.6940844729591713,-0.0807041769278264,0.2602101781713433,0.7210312589684252
43,2,1,time_location_scale,bilateral_activity_mean,16,0.6940844729591713,-1.1119246092658457,0.24979195561719836,1.1182778358570444
43,2,1,time_location_scale,activity_context_mean,16,0.6940844729591713,-0.9638585756193481,0.232726981756108,1.0953061254971697
43,2,1,time_location_scale,learned_subject_embedding,16,0.6940844729591713,-0.6969582242712813,0.3481649418542623,0.9746374673808043
43,2,1,time_shape,wrist_mean,16,0.44104819172524606,-0.27133339968426295,0.16541128774138486,0.6600565123775854
43,2,1,time_shape,bilateral_activity_mean,16,0.44104819172524606,-3.03376462865217,0.20452363170809773,1.1477882728941993
43,2,1,time_shape,activity_context_mean,16,0.44104819172524606,-2.7789481202879087,0.1800224047796864,1.1226907327147642
43,2,1,time_shape,learned_subject_embedding,16,0.44104819172524606,-3.41445710771658,0.09614851168249228,1.188456918652786
43,2,1,derivative,wrist_mean,16,0.8873860129945665,-0.048194738994300226,0.12596287207937695,0.8587873915403903
43,2,1,derivative,bilateral_activity_mean,16,0.8873860129945665,-0.8716696032531952,0.1292755787901419,1.2702816520139373
43,2,1,derivative,activity_context_mean,16,0.8873860129945665,-0.8046484911101043,0.16629147551477652,1.249418099046297
43,2,1,derivative,learned_subject_embedding,16,0.8873860129945665,-0.4881500826919451,0.2621946015149899,1.1155922097976858
43,2,1,spectral_global,wrist_mean,16,0.5555270489308601,-0.012590190888291062,0.39739677797930234,0.714991619691352
43,2,1,spectral_global,bilateral_activity_mean,16,0.5555270489308601,-0.7564495212361357,0.30905259788754935,1.0798774110588147
43,2,1,spectral_global,activity_context_mean,16,0.5555270489308601,-0.7344302982606933,0.2981702763256161,1.073737884118284
43,2,1,spectral_global,learned_subject_embedding,16,0.5555270489308601,-0.6751220135179593,0.26185852981969493,1.0089647970287057
43,2,1,band_absolute,wrist_mean,16,0.7543420778075833,0.005696016065846437,0.2207510935666276,0.8511115022165497
43,2,1,band_absolute,bilateral_activity_mean,16,0.7543420778075833,-0.2689452378296835,0.1802891283473808,1.3015629524866275
43,2,1,band_absolute,activity_context_mean,16,0.7543420778075833,-0.2828452685000965,0.16269070735090152,1.28122101038049
43,2,1,band_absolute,learned_subject_embedding,16,0.7543420778075833,-0.23403348938328714,0.21378960844980266,1.1575570283606118
43,2,1,band_fraction,wrist_mean,16,0.51077598323341,-0.14084542245351778,0.2673423663714926,0.6912904077042363
43,2,1,band_fraction,bilateral_activity_mean,16,0.51077598323341,-2.412094991845359,0.1811373092926491,1.1900509609435974
43,2,1,band_fraction,activity_context_mean,16,0.51077598323341,-2.322775570820639,0.18120665742024966,1.1899264787043395
43,2,1,band_fraction,learned_subject_embedding,16,0.51077598323341,-2.5545065264867195,0.1949535900992212,1.1881508529918943
43,2,2,time_location_scale,wrist_mean,16,0.710075805218324,-0.17650793212053725,0.31427096604138294,0.6392183109897724
43,2,2,time_location_scale,bilateral_activity_mean,16,0.710075805218324,-1.0930842981175855,0.2499945086324298,0.9264091437535147
43,2,2,time_location_scale,activity_context_mean,16,0.710075805218324,-1.001701868100319,0.31098712823441554,0.9053083632877647
43,2,2,time_location_scale,learned_subject_embedding,16,0.710075805218324,-0.752815974932314,0.3941044677766551,0.8222778530864241
43,2,2,time_shape,wrist_mean,16,0.4375678359141092,-0.0604369475085001,0.2780718710187585,0.7015958992878671
43,2,2,time_shape,bilateral_activity_mean,16,0.4375678359141092,-1.5353741269231167,0.16304419452620483,1.1302477531106137
43,2,2,time_shape,activity_context_mean,16,0.4375678359141092,-1.559260223116236,0.18599811096955587,1.1375414378446989
43,2,2,time_shape,learned_subject_embedding,16,0.4375678359141092,-1.3502150290319521,0.2288472521196679,1.0815536029815087
43,2,2,derivative,wrist_mean,16,0.8899768779335007,-0.2166768541484432,0.1282234327636955,0.7235330274556675
43,2,2,derivative,bilateral_activity_mean,16,0.8899768779335007,-1.0714639007443143,0.1358015200105434,1.062754003115083
43,2,2,derivative,activity_context_mean,16,0.8899768779335007,-1.1195490798791885,0.1368119316434565,1.073441352081581
43,2,2,derivative,learned_subject_embedding,16,0.8899768779335007,-0.7115974158659115,0.25077428282739533,0.9342756079296516
43,2,2,spectral_global,wrist_mean,16,0.566083614172544,-0.13616325627885317,0.29695119272503623,0.6410204307322998
43,2,2,spectral_global,bilateral_activity_mean,16,0.566083614172544,-0.810020889244931,0.2621139568598164,0.9160435688652251
43,2,2,spectral_global,activity_context_mean,16,0.566083614172544,-0.8273153776461253,0.28741817862320435,0.9058104479157227
43,2,2,spectral_global,learned_subject_embedding,16,0.566083614172544,-0.6689761249036194,0.33788384659315557,0.8582880353075616
43,2,2,band_absolute,wrist_mean,16,0.7647287180982736,-0.20893718994881919,0.17630035584061854,0.6490540320644728
43,2,2,band_absolute,bilateral_activity_mean,16,0.7647287180982736,-0.9013539084059313,0.22320212625752317,0.9704307548242014
43,2,2,band_absolute,activity_context_mean,16,0.7647287180982736,-0.9086255968487871,0.22978627597416862,0.9698701954715189
43,2,2,band_absolute,learned_subject_embedding,16,0.7647287180982736,-0.7600600449526568,0.32827395334534115,0.8961362831118758
43,2,2,band_fraction,wrist_mean,16,0.5226676256794675,-0.06816829489220314,0.28895576154285463,0.6681421180024235
43,2,2,band_fraction,bilateral_activity_mean,16,0.5226676256794675,-1.6629403010996684,0.18622325703993325,1.0474379966556755
43,2,2,band_fraction,activity_context_mean,16,0.5226676256794675,-1.7316179605577493,0.1880958133813645,1.0656424094211732
43,2,2,band_fraction,learned_subject_embedding,16,0.5226676256794675,-1.637572678855424,0.24902253657250803,1.03453954876147
43,3,0,time_location_scale,wrist_mean,16,0.723249389721391,-0.2310402034030957,0.28483827493261454,0.7525865467349303
43,3,0,time_location_scale,bilateral_activity_mean,16,0.723249389721391,-1.7706146767668673,0.15554634045200083,1.2645515214450787
43,3,0,time_location_scale,activity_context_mean,16,0.723249389721391,-1.8068723613822208,0.14184636118598382,1.2844431067360569
43,3,0,time_location_scale,learned_subject_embedding,16,0.723249389721391,-2.9814979981616765,0.07170848019904624,1.5502774727091204
43,3,0,time_shape,wrist_mean,16,0.4474502072984857,-0.24996424558893382,0.25233257308729007,0.6684523386480653
43,3,0,time_shape,bilateral_activity_mean,16,0.4474502072984857,-3.1992369242435212,0.18198735227037113,1.2217202727730019
43,3,0,time_shape,activity_context_mean,16,0.4474502072984857,-3.1349496754762987,0.19113622226829774,1.2112097986796369
43,3,0,time_shape,learned_subject_embedding,16,0.4474502072984857,-5.916780885254056,0.05406904416338379,1.566261448877484
43,3,0,derivative,wrist_mean,16,0.9000863322723528,-0.3194619930803227,0.12599523118391043,0.7965420735367634
43,3,0,derivative,bilateral_activity_mean,16,0.9000863322723528,-2.0527531991612236,0.09863155712212317,1.3584260604596918
43,3,0,derivative,activity_context_mean,16,0.9000863322723528,-2.0762101053703854,0.1125233257308729,1.364954473570403
43,3,0,derivative,learned_subject_embedding,16,0.9000863322723528,-2.811778082830949,0.08446506323864814,1.5464684616804907
43,3,0,spectral_global,wrist_mean,16,0.5885688122272315,-0.08415492680889866,0.40079825834542815,0.800476176884429
43,3,0,spectral_global,bilateral_activity_mean,16,0.5885688122272315,-0.571747927210052,0.21246112378187848,1.2570487102229302
43,3,0,spectral_global,activity_context_mean,16,0.5885688122272315,-0.5912316230862282,0.2055256064690027,1.2799503383161863
43,3,0,spectral_global,learned_subject_embedding,16,0.5885688122272315,-1.0911292434495499,0.10994712834335474,1.5706378372248282
43,3,0,band_absolute,wrist_mean,16,0.7923566611021728,-0.012646388829015245,0.1481287580344184,1.0597444110158032
43,3,0,band_absolute,bilateral_activity_mean,16,0.7923566611021728,-0.12081557176554336,0.12412917271407836,1.585439968484715
43,3,0,band_absolute,activity_context_mean,16,0.7923566611021728,-0.13243288791091035,0.10596620360771304,1.5795204228082813
43,3,0,band_absolute,learned_subject_embedding,16,0.7923566611021728,-0.23460246886850614,0.03593717603151565,1.887410952402023
43,3,0,band_fraction,wrist_mean,16,0.5250160641061276,-0.17115854407431297,0.2788254198631557,0.6829904379604156
43,3,0,band_fraction,bilateral_activity_mean,16,0.5250160641061276,-2.5941896502473387,0.20317229939871448,1.1943044386355977
43,3,0,band_fraction,activity_context_mean,16,0.5250160641061276,-2.705517328618218,0.18873108024051416,1.213700896576114
43,3,0,band_fraction,learned_subject_embedding,16,0.5250160641061276,-5.72388538509246,0.08620153431474185,1.6034385670676052
43,3,1,time_location_scale,wrist_mean,16,0.7114075607885946,-0.17714199596311497,0.2722942152187435,0.6872413036230933
43,3,1,time_location_scale,bilateral_activity_mean,16,0.7114075607885946,-0.9648534190268477,0.2530530789964752,0.9941119490009597
43,3,1,time_location_scale,activity_context_mean,16,0.7114075607885946,-0.8371714513637503,0.28900580551523947,0.9692250290451333
43,3,1,time_location_scale,learned_subject_embedding,16,0.7114075607885946,-0.38478168988865713,0.3562461123781878,0.8325411985173868
43,3,1,time_shape,wrist_mean,16,0.4447111072113772,-0.09994409503116278,0.34547999170640675,0.706451990099324
43,3,1,time_shape,bilateral_activity_mean,16,0.4447111072113772,-1.6588010473508987,0.21369997926601697,1.1024581646300509
43,3,1,time_shape,activity_context_mean,16,0.4447111072113772,-1.3898780532405859,0.25213041675305825,1.0653386809739753
43,3,1,time_shape,learned_subject_embedding,16,0.4447111072113772,-1.0724873279863028,0.2547843665768194,0.9784179880591556
43,3,1,derivative,wrist_mean,16,0.8901294084871976,-0.17008320394522736,0.16988388969521045,0.8332450963280714
43,3,1,derivative,bilateral_activity_mean,16,0.8901294084871976,-0.86331935402718,0.14729939871449305,1.1479601221811324
43,3,1,derivative,activity_context_mean,16,0.8901294084871976,-0.7782591395378252,0.2425357661206718,1.1185600551610377
43,3,1,derivative,learned_subject_embedding,16,0.8901294084871976,-0.37036687045837624,0.31570599212108647,0.9659620069242638
43,3,1,spectral_global,wrist_mean,16,0.5604157183430791,-0.04365411183277278,0.33596309351026327,0.6707545835680686
43,3,1,spectral_global,bilateral_activity_mean,16,0.5604157183430791,-0.6594642301474718,0.2574746008708273,0.9689690420495751
43,3,1,spectral_global,activity_context_mean,16,0.5604157183430791,-0.5930885420601566,0.2882801161103048,0.9533864937951383
43,3,1,spectral_global,learned_subject_embedding,16,0.5604157183430791,-0.28416031542955145,0.37170848019904623,0.8655031276788244
43,3,1,band_absolute,wrist_mean,16,0.7615559151467403,-0.05746017672704482,0.2916908563134978,0.8873727864340142
43,3,1,band_absolute,bilateral_activity_mean,16,0.7615559151467403,-0.1910645069954021,0.2689612274517935,1.2074866116089917
43,3,1,band_absolute,activity_context_mean,16,0.7615559151467403,-0.20114953875809327,0.3038772548206511,1.1871185923524914
43,3,1,band_absolute,learned_subject_embedding,16,0.7615559151467403,-0.13564911840232347,0.34675513166079197,1.0953149153876105
43,3,1,band_fraction,wrist_mean,16,0.5190180298699143,-0.10678194964219669,0.25583143271822517,0.7049743536333072
43,3,1,band_fraction,bilateral_activity_mean,16,0.5190180298699143,-1.6909950617273661,0.2576974911880572,1.1023563548356592
43,3,1,band_fraction,activity_context_mean,16,0.5190180298699143,-1.5315399900143247,0.2554063860667634,1.072763138204362
43,3,1,band_fraction,learned_subject_embedding,16,0.5190180298699143,-1.1904610621425618,0.2976052249637155,1.002076972497319
43,3,2,time_location_scale,wrist_mean,16,0.7098240749394398,-0.06784045927254516,0.2909491279708299,0.5867957602047082
43,3,2,time_location_scale,bilateral_activity_mean,16,0.7098240749394398,-1.166028061144351,0.27837389623511843,0.8632617628870507
43,3,2,time_location_scale,activity_context_mean,16,0.7098240749394398,-1.2010487472614553,0.3011465975486535,0.8555811005773988
43,3,2,time_location_scale,learned_subject_embedding,16,0.7098240749394398,-1.0941094138169716,0.27974124676009315,0.8211612962529576
43,3,2,time_shape,wrist_mean,16,0.44078875161815434,-0.039096470614550655,0.2797302640249528,0.6592227684986539
43,3,2,time_shape,bilateral_activity_mean,16,0.44078875161815434,-1.8478842969619664,0.2417354918068796,1.0933420777398968
43,3,2,time_shape,activity_context_mean,16,0.44078875161815434,-2.055864278623453,0.26776457408953125,1.1125338760458485
43,3,2,time_shape,learned_subject_embedding,16,0.44078875161815434,-1.8437805632498558,0.18038044194526204,1.0816377569681717
43,3,2,derivative,wrist_mean,16,0.8875349195309705,-0.14573832774355508,0.1653450775381101,0.70579375962906
43,3,2,derivative,bilateral_activity_mean,16,0.8875349195309705,-1.0053780481032801,0.17328010367701974,1.0167836256410938
43,3,2,derivative,activity_context_mean,16,0.8875349195309705,-0.9888192251802085,0.2163653736326495,0.9985970154430448
43,3,2,derivative,learned_subject_embedding,16,0.8875349195309705,-0.7131513738894262,0.321882001493652,0.9077904019589421
43,3,2,spectral_global,wrist_mean,16,0.5723802280073511,0.0010531734370415615,0.3993487238061767,0.5800286335486076
43,3,2,spectral_global,bilateral_activity_mean,16,0.5723802280073511,-1.0410790134586658,0.27751724289417035,0.8702902576422742
43,3,2,spectral_global,activity_context_mean,16,0.5723802280073511,-1.035392931530496,0.3125356938892062,0.8736921059030364
43,3,2,spectral_global,learned_subject_embedding,16,0.5723802280073511,-1.135688477041356,0.24408579712691647,0.862590733051418
43,3,2,band_absolute,wrist_mean,16,0.7730726317283952,0.014619292686560491,0.2788351711110135,0.6049088469320276
43,3,2,band_absolute,bilateral_activity_mean,16,0.7730726317283952,-0.6288011556624941,0.2028456266748671,0.9089244492483181
43,3,2,band_absolute,activity_context_mean,16,0.7730726317283952,-0.6162005204735224,0.1947952818169837,0.8917455447568915
43,3,2,band_absolute,learned_subject_embedding,16,0.7730726317283952,-0.6120978562263601,0.2642061679040548,0.8829794250825417
43,3,2,band_fraction,wrist_mean,16,0.5196258288348589,-0.15924594632447733,0.25592518560822386,0.6784447623615443
43,3,2,band_fraction,bilateral_activity_mean,16,0.5196258288348589,-1.8658934328353944,0.2434707639590564,1.0642849236526388
43,3,2,band_fraction,activity_context_mean,16,0.5196258288348589,-1.9266676142779817,0.27490884329833504,1.0727364372580956
43,3,2,band_fraction,learned_subject_embedding,16,0.5196258288348589,-1.7982840926098331,0.19047906690682248,1.0476255969608772
43,4,0,time_location_scale,wrist_mean,16,0.7216952294624084,-0.2738235461862125,0.26911154882852995,0.6606874406074569
43,4,0,time_location_scale,bilateral_activity_mean,16,0.7216952294624084,-1.701871023896925,0.2375699771926187,1.0414925045310126
43,4,0,time_location_scale,activity_context_mean,16,0.7216952294624084,-1.5189112772699587,0.2834283640887414,1.0077340665837229
43,4,0,time_location_scale,learned_subject_embedding,16,0.7216952294624084,-1.0925150272709643,0.3707961849471283,0.8722434476614576
43,4,0,time_shape,wrist_mean,16,0.44435413939701707,-0.11429910375062485,0.26138814016172507,0.7050753855951019
43,4,0,time_shape,bilateral_activity_mean,16,0.44435413939701707,-2.110686120837701,0.18738855484138503,1.1901166372087064
43,4,0,time_shape,activity_context_mean,16,0.44435413939701707,-2.052045888260185,0.1488751814223512,1.1738352459840367
43,4,0,time_shape,learned_subject_embedding,16,0.44435413939701707,-1.9689270047401244,0.15085009330292348,1.1499572410395162
43,4,0,derivative,wrist_mean,16,0.9001096484981626,-0.32240686172034166,0.11269956458635703,0.7427310936980657
43,4,0,derivative,bilateral_activity_mean,16,0.9001096484981626,-1.7313839551363905,0.09233879328218951,1.1840234200301798
43,4,0,derivative,activity_context_mean,16,0.9001096484981626,-1.5561235610854982,0.1593976777939042,1.1522449464139495
43,4,0,derivative,learned_subject_embedding,16,0.9001096484981626,-1.0773952349325298,0.21083350611652496,0.974264539882174
43,4,0,spectral_global,wrist_mean,16,0.5798771493598144,-0.24469795448816503,0.35284573916649387,0.6309807035264021
43,4,0,spectral_global,bilateral_activity_mean,16,0.5798771493598144,-1.8083438642803826,0.28437694381090606,1.0187828894339934
43,4,0,spectral_global,activity_context_mean,16,0.5798771493598144,-1.6911181035193308,0.29314741861911675,1.0056664741456578
43,4,0,spectral_global,learned_subject_embedding,16,0.5798771493598144,-1.5425379426749448,0.30429193448061376,0.9168847435125645
43,4,0,band_absolute,wrist_mean,16,0.779875917863648,-0.10631684388250573,0.2525088119427742,0.7301346210929136
43,4,0,band_absolute,bilateral_activity_mean,16,0.779875917863648,-0.4628150473041525,0.256199460916442,1.1264609710014861
43,4,0,band_absolute,activity_context_mean,16,0.779875917863648,-0.4337594004016025,0.24440700808625337,1.1198599827506703
43,4,0,band_absolute,learned_subject_embedding,16,0.779875917863648,-0.3075326606867596,0.3310128550694588,0.9735743858673708
43,4,0,band_fraction,wrist_mean,16,0.5218296408458829,-0.15665259306325668,0.29728384822724446,0.6898400500559609
43,4,0,band_fraction,bilateral_activity_mean,16,0.5218296408458829,-2.091169864539686,0.21131557122123157,1.1351436444310705
43,4,0,band_fraction,activity_context_mean,16,0.5218296408458829,-2.0233852719377436,0.20906075057018453,1.1227427899690463
43,4,0,band_fraction,learned_subject_embedding,16,0.5218296408458829,-2.1192624986512834,0.22407733775658306,1.1047492318665328
43,4,1,time_location_scale,wrist_mean,16,0.7021056486053843,-0.011607306993748796,0.273844080447854,0.8282123192343439
43,4,1,time_location_scale,bilateral_activity_mean,16,0.7021056486053843,-0.35008423865237387,0.19751192204022394,1.1944900230080326
43,4,1,time_location_scale,activity_context_mean,16,0.7021056486053843,-0.40379492704089387,0.2285299606054323,1.2066598080497715
43,4,1,time_location_scale,learned_subject_embedding,16,0.7021056486053843,-0.3356952550856167,0.24959568733153636,1.1750924683924608
43,4,1,time_shape,wrist_mean,16,0.44214147097595446,-0.20540921823621489,0.26702260004146794,0.6597525626289079
43,4,1,time_shape,bilateral_activity_mean,16,0.44214147097595446,-2.984176160832504,0.26507878913539284,1.223864111353691
43,4,1,time_shape,activity_context_mean,16,0.44214147097595446,-2.889628671782758,0.24962678830603358,1.2103229403263118
43,4,1,time_shape,learned_subject_embedding,16,0.44214147097595446,-1.964125216376824,0.1848745594028613,1.057688040135207
43,4,1,derivative,wrist_mean,16,0.8906713451208701,-0.044824990497519285,0.12629069044163382,0.9461266397054966
43,4,1,derivative,bilateral_activity_mean,16,0.8906713451208701,-0.4984171158445633,0.16946921003524779,1.3287179446231356
43,4,1,derivative,activity_context_mean,16,0.8906713451208701,-0.518966381911079,0.17038668878291519,1.3376033536750689
43,4,1,derivative,learned_subject_embedding,16,0.8906713451208701,-0.2781802101045888,0.21570080862533692,1.21013432708018
43,4,1,spectral_global,wrist_mean,16,0.5492446713008527,0.03039859388789525,0.331266846361186,1.000905623423973
43,4,1,spectral_global,bilateral_activity_mean,16,0.5492446713008527,-0.07983052126957377,0.24565104706614138,1.3617224890008144
43,4,1,spectral_global,activity_context_mean,16,0.5492446713008527,-0.10916368354632143,0.24655815882230975,1.3844197411247234
43,4,1,spectral_global,learned_subject_embedding,16,0.5492446713008527,-0.09453237930676336,0.27607816711590294,1.3512620326089189
43,4,1,band_absolute,wrist_mean,16,0.753323334110358,0.011196505758341715,0.2875907111756168,1.1257384717194099
43,4,1,band_absolute,bilateral_activity_mean,16,0.753323334110358,-0.012981615226652804,0.21179763632593823,1.5078884985954246
43,4,1,band_absolute,activity_context_mean,16,0.753323334110358,-0.049022323233843305,0.19140576404727347,1.5380792790438838
43,4,1,band_absolute,learned_subject_embedding,16,0.753323334110358,-0.05047951132378893,0.21636947957702674,1.5058674922032387
43,4,1,band_fraction,wrist_mean,16,0.5205343291316389,-0.17783692404922183,0.30375285092266224,0.6974516601135259
43,4,1,band_fraction,bilateral_activity_mean,16,0.5205343291316389,-2.3131699693331047,0.25674891146589257,1.1545528302929458
43,4,1,band_fraction,activity_context_mean,16,0.5205343291316389,-2.2481371356285162,0.2919189301264773,1.1449730909305602
43,4,1,band_fraction,learned_subject_embedding,16,0.5205343291316389,-1.7695956461210662,0.193033381712627,1.089945681992182
43,4,2,time_location_scale,wrist_mean,16,0.7114321363384218,-0.35426319997667405,0.30038878882396874,0.5860789323910656
43,4,2,time_location_scale,bilateral_activity_mean,16,0.7114321363384218,-2.533190114381333,0.21355928480428765,1.0038183989638176
43,4,2,time_location_scale,activity_context_mean,16,0.7114321363384218,-2.561675623049665,0.19046259280411196,1.0005266766353544
43,4,2,time_location_scale,learned_subject_embedding,16,0.7114321363384218,-2.804103993133659,0.13328098229583096,1.0126939052541606
43,4,2,time_shape,wrist_mean,16,0.44182759943187166,-0.04270484657361946,0.2451895620085226,0.7088212954096692
43,4,2,time_shape,bilateral_activity_mean,16,0.44182759943187166,-1.749144465011625,0.20140139700390985,1.1925992051065293
43,4,2,time_shape,activity_context_mean,16,0.44182759943187166,-1.7898934500181736,0.21270263146333968,1.2083753817529121
43,4,2,time_shape,learned_subject_embedding,16,0.44182759943187166,-2.0737139541488623,0.12330865878838468,1.230641523639104
43,4,2,derivative,wrist_mean,16,0.8920993921909677,-0.47977656413959774,0.035045907832886705,0.6456854443038107
43,4,2,derivative,bilateral_activity_mean,16,0.8920993921909677,-2.8384135350938453,0.09422637613671309,1.1090916794413654
43,4,2,derivative,activity_context_mean,16,0.8920993921909677,-2.763082045954016,0.10917387866274217,1.0981394748733069
43,4,2,derivative,learned_subject_embedding,16,0.8920993921909677,-2.4725737180186975,0.1599360804814831,1.0119364349976545
43,4,2,spectral_global,wrist_mean,16,0.5628618014425836,-0.23755104481225423,0.3128102622677152,0.583975744423963
43,4,2,spectral_global,bilateral_activity_mean,16,0.5628618014425836,-2.4082426361129037,0.21120348811668058,1.0201513720137594
43,4,2,spectral_global,activity_context_mean,16,0.5628618014425836,-2.409001234873847,0.21062689452181171,1.0175947246797583
43,4,2,spectral_global,learned_subject_embedding,16,0.5628618014425836,-2.678648186491442,0.1479703905460616,1.0118321378870603
43,4,2,band_absolute,wrist_mean,16,0.7659798804144703,-0.5288764272697805,0.21545380661599967,0.5599606371535715
43,4,2,band_absolute,bilateral_activity_mean,16,0.7659798804144703,-3.3703287098996406,0.1394093485041515,1.035920153330758
43,4,2,band_absolute,activity_context_mean,16,0.7659798804144703,-3.4737461135732954,0.16352194350481047,1.06157370738954
43,4,2,band_absolute,learned_subject_embedding,16,0.7659798804144703,-3.4934882303801675,0.08357312305056452,0.9967987297774908
43,4,2,band_fraction,wrist_mean,16,0.511624397851364,-0.0985937132911058,0.25934081623687566,0.6832880608630669
43,4,2,band_fraction,bilateral_activity_mean,16,0.511624397851364,-2.1773744646473627,0.2576549663928305,1.1686494015419067
43,4,2,band_fraction,activity_context_mean,16,0.511624397851364,-2.1418207926211084,0.249357509994289,1.157917280161653
43,4,2,band_fraction,learned_subject_embedding,16,0.511624397851364,-2.393895496371156,0.15436783376532093,1.1667215409531373
44,0,0,time_location_scale,wrist_mean,16,0.7080217260652943,-0.19945273815513662,0.29087186398507153,0.6284969857538545
44,0,0,time_location_scale,bilateral_activity_mean,16,0.7080217260652943,-1.5473058719439612,0.22575160688368234,0.9741549983645671
44,0,0,time_location_scale,activity_context_mean,16,0.7080217260652943,-1.501102881045926,0.2819095998341281,0.9678702425585032
44,0,0,time_location_scale,learned_subject_embedding,16,0.7080217260652943,-1.5859637301378195,0.2968795355587808,0.9772698668988173
44,0,0,time_shape,wrist_mean,16,0.4453114474087078,-0.089997099910653,0.26713663694795775,0.703252596462608
44,0,0,time_shape,bilateral_activity_mean,16,0.4453114474087078,-1.6374077654848334,0.2196713663694796,1.1248858941556155
44,0,0,time_shape,activity_context_mean,16,0.4453114474087078,-1.5278848920131491,0.24372278664731495,1.1097999993353904
44,0,0,time_shape,learned_subject_embedding,16,0.4453114474087078,-1.3892045727409874,0.23699979266016996,1.0754525335837728
44,0,0,derivative,wrist_mean,16,0.891159550984292,-0.15394578676482462,0.14649077337756583,0.8125702960366288
44,0,0,derivative,bilateral_activity_mean,16,0.891159550984292,-0.9507440253815538,0.20417789757412397,1.186179476841583
44,0,0,derivative,activity_context_mean,16,0.891159550984292,-0.9179178525056564,0.21771718847190547,1.1828298434547782
44,0,0,derivative,learned_subject_embedding,16,0.891159550984292,-0.8457037368162635,0.19559402861289654,1.1160739298850355
44,0,0,spectral_global,wrist_mean,16,0.5827995085842634,-0.14235013369134955,0.3449875596102011,0.605945403474804
44,0,0,spectral_global,bilateral_activity_mean,16,0.5827995085842634,-1.6104843276694603,0.24478021978021977,0.9943497803130433
44,0,0,spectral_global,activity_context_mean,16,0.5827995085842634,-1.6731809286925192,0.25470143064482687,1.000564214406823
44,0,0,spectral_global,learned_subject_embedding,16,0.5827995085842634,-2.019704301623104,0.21592888243831637,1.0390597228550356
44,0,0,band_absolute,wrist_mean,16,0.7599577518129499,-0.11410723811538939,0.252399958532034,0.6598562166273808
44,0,0,band_absolute,bilateral_activity_mean,16,0.7599577518129499,-0.9073385641851602,0.22241343562098279,1.056046717920122
44,0,0,band_absolute,activity_context_mean,16,0.7599577518129499,-0.8977016902237948,0.20881194277420692,1.0571319180617322
44,0,0,band_absolute,learned_subject_embedding,16,0.7599577518129499,-1.108438488815942,0.17877876840140988,1.091509381718618
44,0,0,band_fraction,wrist_mean,16,0.528773383004814,-0.1688962961831633,0.2472527472527472,0.6781918944124756
44,0,0,band_fraction,bilateral_activity_mean,16,0.528773383004814,-2.261454330755801,0.20983827493261456,1.1430372277382443
44,0,0,band_fraction,activity_context_mean,16,0.528773383004814,-2.32406702785781,0.21514617458013685,1.154445834178119
44,0,0,band_fraction,learned_subject_embedding,16,0.528773383004814,-2.0989275361552706,0.1635600248807796,1.0960305920720166
44,0,1,time_location_scale,wrist_mean,16,0.694142342848876,-0.05238484938780712,0.321085753195976,0.7102128041951999
44,0,1,time_location_scale,bilateral_activity_mean,16,0.694142342848876,-0.741504964417598,0.2526193823309757,1.0420077605700495
44,0,1,time_location_scale,activity_context_mean,16,0.694142342848876,-0.6242328086461165,0.2943482844967711,0.997344483883129
44,0,1,time_location_scale,learned_subject_embedding,16,0.694142342848876,-0.6016381196943598,0.2907349646355929,0.9593059633394478
44,0,1,time_shape,wrist_mean,16,0.44234168401625124,-0.22813330760527953,0.28697886921758997,0.7019049706482399
44,0,1,time_shape,bilateral_activity_mean,16,0.44234168401625124,-2.3552031640637043,0.2258599481614902,1.158448466954419
44,0,1,time_shape,activity_context_mean,16,0.44234168401625124,-2.302543660765451,0.2506479813732812,1.145767850639995
44,0,1,time_shape,learned_subject_embedding,16,0.44234168401625124,-1.2957666141534674,0.31194262619162677,0.953618033523259
44,0,1,derivative,wrist_mean,16,0.8790825918688827,-0.1477712285383794,0.18354896103325574,0.7765036246784827
44,0,1,derivative,bilateral_activity_mean,16,0.8790825918688827,-0.9557601407316666,0.1953004876334402,1.16414390606981
44,0,1,derivative,activity_context_mean,16,0.8790825918688827,-0.8785457873963279,0.25042832667047404,1.1276584358034822
44,0,1,derivative,learned_subject_embedding,16,0.8790825918688827,-0.6575765821010858,0.2559087115055133,1.0195598527696323
44,0,1,spectral_global,wrist_mean,16,0.5546786793724564,-0.022397788552277503,0.3393994640425252,0.7526892142573741
44,0,1,spectral_global,bilateral_activity_mean,16,0.5546786793724564,-0.4177024749872116,0.3083787286385802,1.0563516310674548
44,0,1,spectral_global,activity_context_mean,16,0.5546786793724564,-0.4445005455098376,0.31272240038659227,1.0540593886449916
44,0,1,spectral_global,learned_subject_embedding,16,0.5546786793724564,-0.5564256345762825,0.24224069762333617,1.0614497513375345
44,0,1,band_absolute,wrist_mean,16,0.7465711372734947,-0.01750741390998707,0.21034683477573257,0.8559155189127156
44,0,1,band_absolute,bilateral_activity_mean,16,0.7465711372734947,-0.24331423210370903,0.19632737336906383,1.2358749750145295
44,0,1,band_absolute,activity_context_mean,16,0.7465711372734947,-0.2072282990078415,0.1853940605368361,1.225504995519826
44,0,1,band_absolute,learned_subject_embedding,16,0.7465711372734947,-0.22582413852727815,0.24437683960813603,1.1475748803577381
44,0,1,band_fraction,wrist_mean,16,0.5090886061024126,-0.18357248366535708,0.2702960945393841,0.7229975614906836
44,0,1,band_fraction,bilateral_activity_mean,16,0.5090886061024126,-2.2202313717215216,0.2083864165531784,1.1756649663302376
44,0,1,band_fraction,activity_context_mean,16,0.5090886061024126,-2.2370357964928504,0.24607367218732154,1.1804111714230343
44,0,1,band_fraction,learned_subject_embedding,16,0.5090886061024126,-1.5416055045147634,0.20030312348987395,1.0529343029480542
44,0,2,time_location_scale,wrist_mean,16,0.7102012303856723,-0.29719242736588947,0.3239789427257974,0.6584136067716784
44,0,2,time_location_scale,bilateral_activity_mean,16,0.7102012303856723,-1.9566032951349293,0.15770903189690755,1.0971727996555591
44,0,2,time_location_scale,activity_context_mean,16,0.7102012303856723,-1.8399315972279666,0.17871541580200284,1.0885637015544514
44,0,2,time_location_scale,learned_subject_embedding,16,0.7102012303856723,-2.158617980081204,0.17739226806746922,1.1507260525053469
44,0,2,time_shape,wrist_mean,16,0.44753698639530315,-0.13891283032238427,0.27767442649461976,0.659564783163717
44,0,2,time_shape,bilateral_activity_mean,16,0.44753698639530315,-2.662478342275418,0.18738372980644724,1.2084198294173831
44,0,2,time_shape,activity_context_mean,16,0.44753698639530315,-2.4339768800612718,0.23067440953118726,1.1641274387683196
44,0,2,time_shape,learned_subject_embedding,16,0.44753698639530315,-3.310407438386067,0.11471803947956188,1.2911571051956185
44,0,2,derivative,wrist_mean,16,0.893543712589212,-0.35594045657864387,0.1457554664661212,0.7365426069219745
44,0,2,derivative,bilateral_activity_mean,16,0.893543712589212,-1.9352234611818424,0.1542767640556174,1.1937330950293972
44,0,2,derivative,activity_context_mean,16,0.893543712589212,-1.9269024845352922,0.13930370764089545,1.1882817956231042
44,0,2,derivative,learned_subject_embedding,16,0.893543712589212,-2.1246747425752717,0.12872418024212473,1.253944994603207
44,0,2,spectral_global,wrist_mean,16,0.572943919740472,-0.16320794211158743,0.2821810450605312,0.6549837590121296
44,0,2,spectral_global,bilateral_activity_mean,16,0.572943919740472,-1.5399776715309268,0.21934283662518167,1.0832569610212124
44,0,2,spectral_global,activity_context_mean,16,0.572943919740472,-1.557884526159153,0.20473732124783012,1.0927976940786541
44,0,2,spectral_global,learned_subject_embedding,16,0.572943919740472,-2.047898957963926,0.11697983047876462,1.2263331881816437
44,0,2,band_absolute,wrist_mean,16,0.7728153527294765,-0.1825275834549245,0.2669874640233869,0.7023407319267223
44,0,2,band_absolute,bilateral_activity_mean,16,0.7728153527294765,-1.1259290607693275,0.18420025897506942,1.1532956338621567
44,0,2,band_absolute,activity_context_mean,16,0.7728153527294765,-1.0755793427331075,0.2368604079140067,1.14886104414263
44,0,2,band_absolute,learned_subject_embedding,16,0.7728153527294765,-1.3129485934715073,0.09683292715336639,1.189027939514102
44,0,2,band_fraction,wrist_mean,16,0.5190352439679846,-0.16468591070691765,0.2522688590960752,0.6523381195746518
44,0,2,band_fraction,bilateral_activity_mean,16,0.5190352439679846,-2.5758325701330147,0.18498057686979436,1.136519272521584
44,0,2,band_fraction,activity_context_mean,16,0.5190352439679846,-2.4177563616421796,0.17541885542066488,1.1058703096710703
44,0,2,band_fraction,learned_subject_embedding,16,0.5190352439679846,-3.782124933064891,0.0725469462994272,1.3248767508637784
44,1,0,time_location_scale,wrist_mean,16,0.7149751121517005,-0.40185471369411474,0.22625440597138707,0.5769203199149557
44,1,0,time_location_scale,bilateral_activity_mean,16,0.7149751121517005,-2.251978430428002,0.23582313912502592,0.9248594529688394
44,1,0,time_location_scale,activity_context_mean,16,0.7149751121517005,-2.0642271919049517,0.21992535766120672,0.8949532761896984
44,1,0,time_location_scale,learned_subject_embedding,16,0.7149751121517005,-2.355119493056879,0.20149284677586562,0.9427523899263095
44,1,0,time_shape,wrist_mean,16,0.44600873791306805,-0.16928677976209988,0.2710968277006013,0.6488173249514152
44,1,0,time_shape,bilateral_activity_mean,16,0.44600873791306805,-2.607871662124108,0.23606157992950444,1.155370407095772
44,1,0,time_shape,activity_context_mean,16,0.44600873791306805,-2.5012241584992707,0.22835372174994817,1.1362578443722244
44,1,0,time_shape,learned_subject_embedding,16,0.44600873791306805,-2.0660089835857964,0.17559091851544678,1.0599000376914802
44,1,0,derivative,wrist_mean,16,0.9010840363237032,-0.41289055390684015,0.1617043334024466,0.6624704934811859
44,1,0,derivative,bilateral_activity_mean,16,0.9010840363237032,-2.253284960017412,0.12653949823761146,1.0525355577868059
44,1,0,derivative,activity_context_mean,16,0.9010840363237032,-2.179474581062631,0.15673854447439353,1.0468144165888111
44,1,0,derivative,learned_subject_embedding,16,0.9010840363237032,-2.1272288384110345,0.11180800331743727,1.0369195447838164
44,1,0,spectral_global,wrist_mean,16,0.57277143603671,-0.23976254878222567,0.34629380053908354,0.572063310154652
44,1,0,spectral_global,bilateral_activity_mean,16,0.57277143603671,-1.5493944656258969,0.1908096620360771,0.943223983406524
44,1,0,spectral_global,activity_context_mean,16,0.57277143603671,-1.4763025835392463,0.22859216255442671,0.9240755180986788
44,1,0,spectral_global,learned_subject_embedding,16,0.57277143603671,-1.8358166443956003,0.1823346464855899,0.9847760536757784
44,1,0,band_absolute,wrist_mean,16,0.7862623063931733,-0.46662517878677423,0.2849523118391043,0.5616256942768871
44,1,0,band_absolute,bilateral_activity_mean,16,0.7862623063931733,-2.6378428806501795,0.19952311839104292,0.9621124466216204
44,1,0,band_absolute,activity_context_mean,16,0.7862623063931733,-2.5105694967534684,0.22501036699149907,0.9538872337058957
44,1,0,band_absolute,learned_subject_embedding,16,0.7862623063931733,-2.640695897092876,0.17267261040845946,0.9683248716994515
44,1,0,band_fraction,wrist_mean,16,0.5305619425879528,-0.14199901412921093,0.34530893634667215,0.6707121198110525
44,1,0,band_fraction,bilateral_activity_mean,16,0.5305619425879528,-2.0907235411206133,0.20142027783537217,1.077993018840558
44,1,0,band_fraction,activity_context_mean,16,0.5305619425879528,-2.1378721616706375,0.21362741032552351,1.0919346079621866
44,1,0,band_fraction,learned_subject_embedding,16,0.5305619425879528,-2.261274909740794,0.17968588015757825,1.114907755309554
44,1,1,time_location_scale,wrist_mean,16,0.6896988583330583,-0.07222600852879056,0.2910114157686974,0.7912246849734286
44,1,1,time_location_scale,bilateral_activity_mean,16,0.6896988583330583,-0.5396032790145492,0.21900138696255203,1.0953888621990442
44,1,1,time_location_scale,activity_context_mean,16,0.6896988583330583,-0.4045166418300269,0.2916568868025179,1.0412718764160587
44,1,1,time_location_scale,learned_subject_embedding,16,0.6896988583330583,-0.32861457881401,0.2500746825989545,0.9786786539626527
44,1,1,time_shape,wrist_mean,16,0.42038887924992685,-0.08651373454166034,0.263773605035741,0.6693488194033086
44,1,1,time_shape,bilateral_activity_mean,16,0.42038887924992685,-1.9345393013126135,0.2516696895337672,1.1196185156059821
44,1,1,time_shape,activity_context_mean,16,0.42038887924992685,-1.67538158344959,0.2696948682385576,1.0787913870584818
44,1,1,time_shape,learned_subject_embedding,16,0.42038887924992685,-1.2014636092337951,0.32348767737117257,0.9729693204886772
44,1,1,derivative,wrist_mean,16,0.8737394429622398,-0.19384604163056643,0.17919556171983358,0.9143394649517684
44,1,1,derivative,bilateral_activity_mean,16,0.8737394429622398,-0.824950295099489,0.11055158433799211,1.264764969471579
44,1,1,derivative,activity_context_mean,16,0.8737394429622398,-0.6406341332246107,0.13234289981862798,1.2194693499061333
44,1,1,derivative,learned_subject_embedding,16,0.8737394429622398,-0.5349800547628146,0.19712471994025393,1.1567532160261853
44,1,1,spectral_global,wrist_mean,16,0.5501733640931055,0.01954540906081375,0.4722074042462393,0.7960754678886606
44,1,1,spectral_global,bilateral_activity_mean,16,0.5501733640931055,-0.3138191235245437,0.29312386642483734,1.0847807095393445
44,1,1,spectral_global,activity_context_mean,16,0.5501733640931055,-0.23566935176910264,0.31945481702763256,1.06811968241672
44,1,1,spectral_global,learned_subject_embedding,16,0.5501733640931055,-0.1241322124531004,0.3425690814040329,1.0011188869486733
44,1,1,band_absolute,wrist_mean,16,0.7199011876417156,-0.014421342074897328,0.21278139336391766,1.0464143016666205
44,1,1,band_absolute,bilateral_activity_mean,16,0.7199011876417156,-0.1204093048657623,0.1919716206123973,1.3558116385966994
44,1,1,band_absolute,activity_context_mean,16,0.7199011876417156,-0.1009690753559968,0.2695348340979409,1.3254335092975411
44,1,1,band_absolute,learned_subject_embedding,16,0.7199011876417156,-0.07881631973117886,0.18882428251360292,1.2875739672452338
44,1,1,band_fraction,wrist_mean,16,0.5088693802738785,-0.0489253422211545,0.3055531846793983,0.6831278983101495
44,1,1,band_fraction,bilateral_activity_mean,16,0.5088693802738785,-1.7332197252385368,0.23682919022724852,1.1079961088626729
44,1,1,band_fraction,activity_context_mean,16,0.5088693802738785,-1.7559660088571007,0.23752267150325404,1.1131190546928158
44,1,1,band_fraction,learned_subject_embedding,16,0.5088693802738785,-1.0726401587419119,0.3114264376400299,0.9613872982176113
44,1,2,time_location_scale,wrist_mean,16,0.7182917146284323,-0.02118941664526134,0.2961110134867988,0.7109854606743807
44,1,2,time_location_scale,bilateral_activity_mean,16,0.7182917146284323,-0.7310048228442192,0.24219676668277468,1.106198077734242
44,1,2,time_location_scale,activity_context_mean,16,0.7182917146284323,-0.7406847779966492,0.23031893862847605,1.112660606017706
44,1,2,time_location_scale,learned_subject_embedding,16,0.7182917146284323,-0.8363167064622908,0.16230285990423055,1.0626307392997982
44,1,2,time_shape,wrist_mean,16,0.4362647111177582,-0.13031584981893315,0.20975376707815316,0.6871355526739933
44,1,2,time_shape,bilateral_activity_mean,16,0.4362647111177582,-2.1039730690368827,0.2467875499714449,1.1510749286982624
44,1,2,time_shape,activity_context_mean,16,0.4362647111177582,-2.2549899003818497,0.2197151078504591,1.1712300291630127
44,1,2,time_shape,learned_subject_embedding,16,0.4362647111177582,-2.1067956000710106,0.10497298247155473,1.1187793626687657
44,1,2,derivative,wrist_mean,16,0.8942402076911589,-0.0973562014464196,0.1933400694108861,0.8012743914793077
44,1,2,derivative,bilateral_activity_mean,16,0.8942402076911589,-0.8371726660964591,0.10724640864560911,1.222051137890494
44,1,2,derivative,activity_context_mean,16,0.8942402076911589,-0.8686518717349357,0.10950336071695296,1.2385041106997687
44,1,2,derivative,learned_subject_embedding,16,0.8942402076911589,-0.8793948872738339,0.04989456574265255,1.1628018478206787
44,1,2,spectral_global,wrist_mean,16,0.5732817482519538,-0.010313371301155951,0.3025853358520406,0.7704613321710472
44,1,2,spectral_global,bilateral_activity_mean,16,0.5732817482519538,-0.20445225702090442,0.24658436937134826,1.1468241953949518
44,1,2,spectral_global,activity_context_mean,16,0.5732817482519538,-0.20880777004397483,0.22659579141589425,1.150679918241402
44,1,2,spectral_global,learned_subject_embedding,16,0.5732817482519538,-0.3943965218699164,0.11618086368229144,1.172064168848506
44,1,2,band_absolute,wrist_mean,16,0.7833398544349746,-0.0036699378599142863,0.3005315643807934,0.8448226052873008
44,1,2,band_absolute,bilateral_activity_mean,16,0.7833398544349746,-0.1798446218452342,0.17230813161709793,1.250691091998693
44,1,2,band_absolute,activity_context_mean,16,0.7833398544349746,-0.1677682186670372,0.1892599833062426,1.244614122322086
44,1,2,band_absolute,learned_subject_embedding,16,0.7833398544349746,-0.25460142464733326,0.13179831305188247,1.19244950990266
44,1,2,band_fraction,wrist_mean,16,0.5218276013951089,-0.24883568818979057,0.31712647717787645,0.7088448533036552
44,1,2,band_fraction,bilateral_activity_mean,16,0.5218276013951089,-2.4699742608392796,0.14449435487413786,1.1817955057910272
44,1,2,band_fraction,activity_context_mean,16,0.5218276013951089,-2.4369615447740207,0.1946030839520274,1.1805841169322717
44,1,2,band_fraction,learned_subject_embedding,16,0.5218276013951089,-2.0480632602634947,0.08247484953652857,1.0919703973628383
44,2,0,time_location_scale,wrist_mean,16,0.6971585002437009,-0.08439672814157341,0.29828426290690435,0.6526130405105017
44,2,0,time_location_scale,bilateral_activity_mean,16,0.6971585002437009,-1.5196365211670522,0.22528509226622434,1.078651628751729
44,2,0,time_location_scale,activity_context_mean,16,0.6971585002437009,-1.5262238875067635,0.22928675098486417,1.0791133005914244
44,2,0,time_location_scale,learned_subject_embedding,16,0.6971585002437009,-2.216653316370184,0.1645656230561891,1.1916359189194232
44,2,0,time_shape,wrist_mean,16,0.4473607326266503,-0.16290027129863516,0.30633423180592995,0.6709724540460282
44,2,0,time_shape,bilateral_activity_mean,16,0.4473607326266503,-2.4889611714728144,0.1332365747460087,1.1835036536178847
44,2,0,time_shape,activity_context_mean,16,0.4473607326266503,-2.5588543739727863,0.1596309351026332,1.2102240693455488
44,2,0,time_shape,learned_subject_embedding,16,0.4473607326266503,-3.3698918265911715,0.14852788720713248,1.3061033196992748
44,2,0,derivative,wrist_mean,16,0.8846292266368472,-0.18085553350485264,0.1698009537632179,0.7331185356768087
44,2,0,derivative,bilateral_activity_mean,16,0.8846292266368472,-1.64982953962651,0.1616835994194485,1.1751762105684245
44,2,0,derivative,activity_context_mean,16,0.8846292266368472,-1.5987706667815333,0.15430230147211277,1.1598594056287599
44,2,0,derivative,learned_subject_embedding,16,0.8846292266368472,-2.3019686418714578,0.12718743520630313,1.2846203039504531
44,2,0,spectral_global,wrist_mean,16,0.5482358203496037,-0.011400218106766908,0.36122226829774,0.6609608018757165
44,2,0,spectral_global,bilateral_activity_mean,16,0.5482358203496037,-1.058406631681737,0.2818162969106366,1.1120045704338348
44,2,0,spectral_global,activity_context_mean,16,0.5482358203496037,-1.0651617161039624,0.2744609164420485,1.1119922062113794
44,2,0,spectral_global,learned_subject_embedding,16,0.5482358203496037,-1.5134477058072708,0.16080240514202776,1.2387001801369406
44,2,0,band_absolute,wrist_mean,16,0.7422605903829298,0.01394726887386062,0.23327285921625546,0.8108023798211957
44,2,0,band_absolute,bilateral_activity_mean,16,0.7422605903829298,-0.30007910034876284,0.1529390420899855,1.2914023688911747
44,2,0,band_absolute,activity_context_mean,16,0.7422605903829298,-0.2791625761391241,0.15885341074020318,1.2822935529087913
44,2,0,band_absolute,learned_subject_embedding,16,0.7422605903829298,-0.536624812257512,0.11290690441633838,1.36037373040716
44,2,0,band_fraction,wrist_mean,16,0.5187573943891225,-0.1365358089891637,0.29559921210864604,0.6950034608288648
44,2,0,band_fraction,bilateral_activity_mean,16,0.5187573943891225,-2.3072435363474835,0.18571428571428572,1.1863263742593169
44,2,0,band_fraction,activity_context_mean,16,0.5187573943891225,-2.255326858718469,0.20641716773792246,1.167103685960024
44,2,0,band_fraction,learned_subject_embedding,16,0.5187573943891225,-3.1391549901300424,0.12544059713871034,1.2853465203565768
44,2,1,time_location_scale,wrist_mean,16,0.6940844729591713,-0.2227097613456956,0.24562573348981115,0.7380221890265708
44,2,1,time_location_scale,bilateral_activity_mean,16,0.6940844729591713,-1.3963894504147463,0.22712578683452472,1.096661616927709
44,2,1,time_location_scale,activity_context_mean,16,0.6940844729591713,-0.9522805487293292,0.2584124613250827,0.98936293798125
44,2,1,time_location_scale,learned_subject_embedding,16,0.6940844729591713,-0.4262099894041484,0.40357943027845944,0.8195952530252649
44,2,1,time_shape,wrist_mean,16,0.44104819172524606,-0.164233095155413,0.2746986023685053,0.6196374221169775
44,2,1,time_shape,bilateral_activity_mean,16,0.44104819172524606,-3.3186875128661275,0.24183825882855015,1.1523133360333093
44,2,1,time_shape,activity_context_mean,16,0.44104819172524606,-3.1132618780274885,0.19975994878907505,1.1020118402418313
44,2,1,time_shape,learned_subject_embedding,16,0.44104819172524606,-1.8689890888225313,0.26866531526725707,0.9621317445349564
44,2,1,derivative,wrist_mean,16,0.8873860129945665,-0.1772316618074218,0.09361997226074897,0.863384014200724
44,2,1,derivative,bilateral_activity_mean,16,0.8873860129945665,-1.0117488565583412,0.10025605462498668,1.249097347987765
44,2,1,derivative,activity_context_mean,16,0.8873860129945665,-0.669177638220951,0.20442227675237384,1.137658426456798
44,2,1,derivative,learned_subject_embedding,16,0.8873860129945665,-0.32875874483436185,0.22979835698282303,1.0036649815794705
44,2,1,spectral_global,wrist_mean,16,0.5555270489308601,-0.02790143243212594,0.33538888296169855,0.6980909668180912
44,2,1,spectral_global,bilateral_activity_mean,16,0.5555270489308601,-0.8569485350946461,0.3333671183185747,1.0243220736156504
44,2,1,spectral_global,activity_context_mean,16,0.5555270489308601,-0.5672074021249187,0.3338898965112558,0.9594215694151179
44,2,1,spectral_global,learned_subject_embedding,16,0.5555270489308601,-0.4621822908303114,0.30912728048650384,0.8994701144215616
44,2,1,band_absolute,wrist_mean,16,0.7543420778075833,-0.006103972255145306,0.18180411821188522,0.8632185961192362
44,2,1,band_absolute,bilateral_activity_mean,16,0.7543420778075833,-0.34011066041066973,0.09075002667235678,1.2853237924017302
44,2,1,band_absolute,activity_context_mean,16,0.7543420778075833,-0.27055466340745327,0.13385255521177852,1.225174623273907
44,2,1,band_absolute,learned_subject_embedding,16,0.7543420778075833,-0.14657250659279628,0.25255521177851276,1.0572023256808964
44,2,1,band_fraction,wrist_mean,16,0.51077598323341,-0.0716020686990242,0.32290088552224483,0.6435348777157122
44,2,1,band_fraction,bilateral_activity_mean,16,0.51077598323341,-2.0330226880789115,0.2532700309399339,1.1003512379448577
44,2,1,band_fraction,activity_context_mean,16,0.51077598323341,-1.7603865530177778,0.2563053451402966,1.0700924068455036
44,2,1,band_fraction,learned_subject_embedding,16,0.51077598323341,-1.378514701725617,0.24697535474234505,0.9687641809692464
44,2,2,time_location_scale,wrist_mean,16,0.710075805218324,-0.24840577096513422,0.27349756183279883,0.6673908553566537
44,2,2,time_location_scale,bilateral_activity_mean,16,0.710075805218324,-2.1581199534184816,0.2058823529411765,1.1944526303812673
44,2,2,time_location_scale,activity_context_mean,16,0.710075805218324,-2.022451951897372,0.2047785880595704,1.1700854109458532
44,2,2,time_location_scale,learned_subject_embedding,16,0.710075805218324,-1.5519359018897048,0.1981779642402144,1.0298972769104842
44,2,2,time_shape,wrist_mean,16,0.4375678359141092,-0.10313463316396247,0.22872095066555376,0.7257311206677889
44,2,2,time_shape,bilateral_activity_mean,16,0.4375678359141092,-2.1444106321557177,0.12752602908228267,1.2843481246141049
44,2,2,time_shape,activity_context_mean,16,0.4375678359141092,-2.168964255124364,0.1439726749549708,1.281004064639015
44,2,2,time_shape,learned_subject_embedding,16,0.4375678359141092,-1.6817951951229615,0.16670144532794448,1.1588877925105523
44,2,2,derivative,wrist_mean,16,0.8899768779335007,-0.23419824417499083,0.14441747572815533,0.7504848609756977
44,2,2,derivative,bilateral_activity_mean,16,0.8899768779335007,-1.9848455208375144,0.07022360848745772,1.3020186624753152
44,2,2,derivative,activity_context_mean,16,0.8899768779335007,-1.922470545581552,0.08509972323507448,1.2831150557510003
44,2,2,derivative,learned_subject_embedding,16,0.8899768779335007,-1.3309607950338884,0.04417805210209551,1.1246629404980033
44,2,2,spectral_global,wrist_mean,16,0.566083614172544,-0.16216230109164123,0.26339893687123844,0.6737190732867718
44,2,2,spectral_global,bilateral_activity_mean,16,0.566083614172544,-1.5176732599051006,0.2150144972103853,1.144484311829248
44,2,2,spectral_global,activity_context_mean,16,0.566083614172544,-1.510243322816743,0.24393753020252165,1.1497608055611315
44,2,2,spectral_global,learned_subject_embedding,16,0.566083614172544,-1.3052277637973184,0.15565830514431317,1.0563878446233221
44,2,2,band_absolute,wrist_mean,16,0.7647287180982736,-0.19494182617693434,0.25389337960725744,0.6765970277673934
44,2,2,band_absolute,bilateral_activity_mean,16,0.7647287180982736,-1.6051738492732426,0.16655317840354963,1.1980517899350869
44,2,2,band_absolute,activity_context_mean,16,0.7647287180982736,-1.5086934000879237,0.16041382946008875,1.1744024329938527
44,2,2,band_absolute,learned_subject_embedding,16,0.7647287180982736,-1.1850481504651387,0.15720137943153362,1.0300362578727402
44,2,2,band_fraction,wrist_mean,16,0.5226676256794675,-0.26589561691196967,0.23655713218820018,0.7359637239476836
44,2,2,band_fraction,bilateral_activity_mean,16,0.5226676256794675,-2.2470041684606348,0.12680116856301893,1.1994354465406702
44,2,2,band_fraction,activity_context_mean,16,0.5226676256794675,-2.312792020991815,0.1494310943197294,1.2058220996549962
44,2,2,band_fraction,learned_subject_embedding,16,0.5226676256794675,-2.1055538209026485,0.17047401484865793,1.144464897616696
44,3,0,time_location_scale,wrist_mean,16,0.723249389721391,-0.11904330960762527,0.28445469624714903,0.697727320707825
44,3,0,time_location_scale,bilateral_activity_mean,16,0.723249389721391,-1.013769877412956,0.17825005183495748,1.050861250683185
44,3,0,time_location_scale,activity_context_mean,16,0.723249389721391,-1.0111746677713027,0.23189923284262906,1.0609250946930802
44,3,0,time_location_scale,learned_subject_embedding,16,0.723249389721391,-1.7014155455825184,0.1956821480406386,1.1980630211140502
44,3,0,time_shape,wrist_mean,16,0.4474502072984857,-0.2391594008390495,0.24086149699357248,0.6525405979037276
44,3,0,time_shape,bilateral_activity_mean,16,0.4474502072984857,-2.531444672347822,0.15664524155090193,1.1153970296686702
44,3,0,time_shape,activity_context_mean,16,0.4474502072984857,-2.4021125629150823,0.19225585735019698,1.092120300070477
44,3,0,time_shape,learned_subject_embedding,16,0.4474502072984857,-4.041819689338082,0.16223823346464855,1.2901577280068426
44,3,0,derivative,wrist_mean,16,0.9000863322723528,-0.23669832558081907,0.1311631764461953,0.7748779114693376
44,3,0,derivative,bilateral_activity_mean,16,0.9000863322723528,-1.2348606757242493,0.11300020733982996,1.1649858339003742
44,3,0,derivative,activity_context_mean,16,0.9000863322723528,-1.239353813250206,0.14317851959361394,1.1605377225167535
44,3,0,derivative,learned_subject_embedding,16,0.9000863322723528,-1.8238020288888388,0.09504457806344599,1.2595095178084617
44,3,0,spectral_global,wrist_mean,16,0.5885688122272315,-0.01937382544799783,0.3514254613311217,0.7727271932909695
44,3,0,spectral_global,bilateral_activity_mean,16,0.5885688122272315,-0.38356655469268275,0.2365954799917064,1.154090195001745
44,3,0,spectral_global,activity_context_mean,16,0.5885688122272315,-0.44571355760637765,0.21558677171884716,1.1815870432490465
44,3,0,spectral_global,learned_subject_embedding,16,0.5885688122272315,-0.5565421008258856,0.13790172092058886,1.2808547516672801
44,3,0,band_absolute,wrist_mean,16,0.7923566611021728,-0.020576507700085702,0.28240203193033386,1.0081162529541137
44,3,0,band_absolute,bilateral_activity_mean,16,0.7923566611021728,-0.08931249794060613,0.15513166079203816,1.4025292937016025
44,3,0,band_absolute,activity_context_mean,16,0.7923566611021728,-0.0977558140185148,0.14957495334853824,1.423462933248135
44,3,0,band_absolute,learned_subject_embedding,16,0.7923566611021728,-0.10210037279261218,0.15277835372174994,1.5650896641826115
44,3,0,band_fraction,wrist_mean,16,0.5250160641061276,-0.1009237302054212,0.30693551731287577,0.6659223309146522
44,3,0,band_fraction,bilateral_activity_mean,16,0.5250160641061276,-2.0711127511063916,0.22144412191582002,1.1328116152833483
44,3,0,band_fraction,activity_context_mean,16,0.5250160641061276,-1.9631896525291446,0.22134045200082936,1.1034203530306144
44,3,0,band_fraction,learned_subject_embedding,16,0.5250160641061276,-3.1345794639227,0.20588845117147003,1.232141896105246
44,3,1,time_location_scale,wrist_mean,16,0.7114075607885946,-0.09442026488132968,0.28047895500725684,0.6771922789432573
44,3,1,time_location_scale,bilateral_activity_mean,16,0.7114075607885946,-0.8773805116553152,0.2824072154260833,1.0317757239570449
44,3,1,time_location_scale,activity_context_mean,16,0.7114075607885946,-0.8492244889604605,0.27487041260626166,1.0327995105269407
44,3,1,time_location_scale,learned_subject_embedding,16,0.7114075607885946,-1.1097735043264285,0.2609786439975119,1.0690527669848036
44,3,1,time_shape,wrist_mean,16,0.4447111072113772,-0.053912405482819906,0.23581277213352686,0.6971665870706125
44,3,1,time_shape,bilateral_activity_mean,16,0.4447111072113772,-1.928190183071543,0.16911154882852994,1.2010583034653641
44,3,1,time_shape,activity_context_mean,16,0.4447111072113772,-1.7596656586069843,0.1852011196350819,1.1643100619417184
44,3,1,time_shape,learned_subject_embedding,16,0.4447111072113772,-1.78942914103544,0.22673128758034417,1.1417963055676985
44,3,1,derivative,wrist_mean,16,0.8901294084871976,-0.1047746169661101,0.127944225585735,0.8248330751593488
44,3,1,derivative,bilateral_activity_mean,16,0.8901294084871976,-0.7182705703825707,0.14807173958117353,1.1771643012723263
44,3,1,derivative,activity_context_mean,16,0.8901294084871976,-0.7454360992874176,0.17381297947335683,1.1971507233298948
44,3,1,derivative,learned_subject_embedding,16,0.8901294084871976,-0.8311727050518931,0.14112585527679866,1.1788521964633332
44,3,1,spectral_global,wrist_mean,16,0.5604157183430791,0.03442167130367133,0.3625285092266224,0.6699490619732997
44,3,1,spectral_global,bilateral_activity_mean,16,0.5604157183430791,-0.5591852221406456,0.3000311009744972,1.0436519328028055
44,3,1,spectral_global,activity_context_mean,16,0.5604157183430791,-0.5547194402096967,0.3239062823968484,1.0475514871629432
44,3,1,spectral_global,learned_subject_embedding,16,0.5604157183430791,-0.8878272692181373,0.27725482065104706,1.1450766748930992
44,3,1,band_absolute,wrist_mean,16,0.7615559151467403,-0.0055474766185114825,0.31154364503421106,0.8620665035729642
44,3,1,band_absolute,bilateral_activity_mean,16,0.7615559151467403,-0.13434176034047868,0.2736626580966204,1.236638306194085
44,3,1,band_absolute,activity_context_mean,16,0.7615559151467403,-0.1562110197095039,0.22790794111548826,1.2500632779392258
44,3,1,band_absolute,learned_subject_embedding,16,0.7615559151467403,-0.2560294486741616,0.19937798051005595,1.2833821923012714
44,3,1,band_fraction,wrist_mean,16,0.5190180298699143,-0.02822180422771004,0.2969676549865229,0.6989279543084085
44,3,1,band_fraction,bilateral_activity_mean,16,0.5190180298699143,-1.5571709413505708,0.14759485797221644,1.114674992049978
44,3,1,band_fraction,activity_context_mean,16,0.5190180298699143,-1.6669196864563132,0.17239270163798465,1.1362795530410659
44,3,1,band_fraction,learned_subject_embedding,16,0.5190180298699143,-1.7867997858645794,0.15338482272444537,1.1571617902181977
44,3,2,time_location_scale,wrist_mean,16,0.7098240749394398,-0.30086379332070773,0.2589124895664016,0.646040187238224
44,3,2,time_location_scale,bilateral_activity_mean,16,0.7098240749394398,-1.5661694762075464,0.17868910073364672,0.958111369298512
44,3,2,time_location_scale,activity_context_mean,16,0.7098240749394398,-1.5392378136382248,0.19431753283837805,0.9543199232820054
44,3,2,time_location_scale,learned_subject_embedding,16,0.7098240749394398,-1.6014916918707243,0.24169705223388832,0.9362462113663431
44,3,2,time_shape,wrist_mean,16,0.44078875161815434,-0.2704836708445079,0.2879124017045205,0.7245010434166492
44,3,2,time_shape,bilateral_activity_mean,16,0.44078875161815434,-2.137045967591287,0.2207859245266441,1.1663860217501583
44,3,2,time_shape,activity_context_mean,16,0.44078875161815434,-2.110076448729951,0.23799037912401705,1.161191378875662
44,3,2,time_shape,learned_subject_embedding,16,0.44078875161815434,-1.9231410795451174,0.20207134384747177,1.101544426348197
44,3,2,derivative,wrist_mean,16,0.8875349195309705,-0.27680079206139735,0.10105214602644642,0.7563772226992459
44,3,2,derivative,bilateral_activity_mean,16,0.8875349195309705,-1.241436666726707,0.14803079558933357,1.0878195799712975
44,3,2,derivative,activity_context_mean,16,0.8875349195309705,-1.288482859642928,0.16475750120810087,1.0896338733078756
44,3,2,derivative,learned_subject_embedding,16,0.8875349195309705,-1.143698641698356,0.17075956596230724,1.0424133979660846
44,3,2,spectral_global,wrist_mean,16,0.5723802280073511,-0.24607041212771305,0.3589597153275052,0.6355711718003123
44,3,2,spectral_global,bilateral_activity_mean,16,0.5723802280073511,-1.433321970289383,0.2752383253525458,0.9621276286001453
44,3,2,spectral_global,activity_context_mean,16,0.5723802280073511,-1.4400536193840556,0.2572760620304881,0.9642945466404312
44,3,2,spectral_global,learned_subject_embedding,16,0.5723802280073511,-1.6469068345423614,0.20045688178183896,0.9921648740067354
44,3,2,band_absolute,wrist_mean,16,0.7730726317283952,-0.1663585286582232,0.14801432148662302,0.6702822061231688
44,3,2,band_absolute,bilateral_activity_mean,16,0.7730726317283952,-0.7943732435460762,0.14463163906339235,1.0318742836820554
44,3,2,band_absolute,activity_context_mean,16,0.7730726317283952,-0.7736223187929744,0.12976650705091597,1.0207776143522955
44,3,2,band_absolute,learned_subject_embedding,16,0.7730726317283952,-0.829341574561446,0.1880408997056627,0.9949563022051857
44,3,2,band_fraction,wrist_mean,16,0.5196258288348589,-0.2290133082283982,0.3032113517550411,0.6964996408779752
44,3,2,band_fraction,bilateral_activity_mean,16,0.5196258288348589,-2.2378526720897125,0.20311470368580592,1.1558306384054768
44,3,2,band_fraction,activity_context_mean,16,0.5196258288348589,-2.246275540240227,0.20921561305627556,1.155795198049504
44,3,2,band_fraction,learned_subject_embedding,16,0.5196258288348589,-2.477752839738801,0.10490159469314238,1.1541061121542333
44,4,0,time_location_scale,wrist_mean,16,0.7216952294624084,-0.06274994120834872,0.36267364710760935,0.6064225933399275
44,4,0,time_location_scale,bilateral_activity_mean,16,0.7216952294624084,-1.0076213155215308,0.2903535144101182,0.8758688678448258
44,4,0,time_location_scale,activity_context_mean,16,0.7216952294624084,-0.7722346504845198,0.3653275969313705,0.8362299174253243
44,4,0,time_location_scale,learned_subject_embedding,16,0.7216952294624084,-0.1543056944888188,0.4843406593406593,0.653122842875315
44,4,0,time_shape,wrist_mean,16,0.44435413939701707,0.05961865943887709,0.41834439145759894,0.647904616494479
44,4,0,time_shape,bilateral_activity_mean,16,0.44435413939701707,-1.2601145716131779,0.30492432096205685,1.0136081966133874
44,4,0,time_shape,activity_context_mean,16,0.44435413939701707,-1.3219686094406065,0.2878343354758449,1.0121121639812987
44,4,0,time_shape,learned_subject_embedding,16,0.44435413939701707,-0.5783646936367781,0.36170951689819614,0.8369790510822726
44,4,0,derivative,wrist_mean,16,0.9001096484981626,-0.1735223417688512,0.20766120671781046,0.6903125673460243
44,4,0,derivative,bilateral_activity_mean,16,0.9001096484981626,-0.9833031729016364,0.18531515654157163,0.975961363703804
44,4,0,derivative,activity_context_mean,16,0.9001096484981626,-0.8165211144621455,0.25991084387310803,0.9458625136245895
44,4,0,derivative,learned_subject_embedding,16,0.9001096484981626,-0.3177448126869576,0.3920951689819614,0.7722855471371451
44,4,0,spectral_global,wrist_mean,16,0.5798771493598144,-0.053019053879513646,0.4260833506116525,0.5793440031672547
44,4,0,spectral_global,bilateral_activity_mean,16,0.5798771493598144,-1.1264717511150972,0.3176187020526643,0.8724885779799997
44,4,0,spectral_global,activity_context_mean,16,0.5798771493598144,-0.9639607583364487,0.30902446609993783,0.843162547593871
44,4,0,spectral_global,learned_subject_embedding,16,0.5798771493598144,-0.5246023273840277,0.3648610823139125,0.7213444922006721
44,4,0,band_absolute,wrist_mean,16,0.779875917863648,0.013375545102672142,0.2752228903172299,0.6900522559295215
44,4,0,band_absolute,bilateral_activity_mean,16,0.779875917863648,-0.35494587479463646,0.2919033796392287,0.9560450981039862
44,4,0,band_absolute,activity_context_mean,16,0.779875917863648,-0.27872175446348724,0.3342680904001658,0.923985738378974
44,4,0,band_absolute,learned_subject_embedding,16,0.779875917863648,-0.1288815200022494,0.3636274103255235,0.793331930230847
44,4,0,band_fraction,wrist_mean,16,0.5218296408458829,-0.03798037222861399,0.3731702260004147,0.6587033083958943
44,4,0,band_fraction,bilateral_activity_mean,16,0.5218296408458829,-1.3073733855191592,0.2955525606469003,0.9570685349794477
44,4,0,band_fraction,activity_context_mean,16,0.5218296408458829,-1.2438500069635472,0.29788513373419034,0.9444065741712969
44,4,0,band_fraction,learned_subject_embedding,16,0.5218296408458829,-0.8820340933988617,0.37248082106572666,0.860833876224813
44,4,1,time_location_scale,wrist_mean,16,0.7021056486053843,0.03711842691677429,0.24643375492432093,0.8188882257051605
44,4,1,time_location_scale,bilateral_activity_mean,16,0.7021056486053843,-0.3428168066659224,0.18804167530582624,1.2306983599706471
44,4,1,time_location_scale,activity_context_mean,16,0.7021056486053843,-0.32074729797133755,0.23690130624092887,1.2287464915253512
44,4,1,time_location_scale,learned_subject_embedding,16,0.7021056486053843,-0.6105580774225141,0.16206717810491394,1.2466429687984095
44,4,1,time_shape,wrist_mean,16,0.44214147097595446,-0.12531730277280156,0.30107298362015344,0.6299459985631782
44,4,1,time_shape,bilateral_activity_mean,16,0.44214147097595446,-2.687816881890721,0.16282396848434583,1.1992787774450797
44,4,1,time_shape,activity_context_mean,16,0.44214147097595446,-2.7002776049493495,0.21858801575782708,1.1862938432736894
44,4,1,time_shape,learned_subject_embedding,16,0.44214147097595446,-2.5965371494364518,0.12797014306448268,1.1383888089596377
44,4,1,derivative,wrist_mean,16,0.8906713451208701,-0.0016473462221979567,0.17641509433962266,0.9167048076543275
44,4,1,derivative,bilateral_activity_mean,16,0.8906713451208701,-0.5293208224711071,0.11224860045614762,1.358376866222432
44,4,1,derivative,activity_context_mean,16,0.8906713451208701,-0.5598108094220944,0.1452933858594236,1.3798574145349378
44,4,1,derivative,learned_subject_embedding,16,0.8906713451208701,-0.6475892888517364,0.1008811942774207,1.34271408895476
44,4,1,spectral_global,wrist_mean,16,0.5492446713008527,0.07342864177909658,0.3350507982583454,0.9913464548644121
44,4,1,spectral_global,bilateral_activity_mean,16,0.5492446713008527,-0.02370631607063866,0.20761455525606465,1.350544977154954
44,4,1,spectral_global,activity_context_mean,16,0.5492446713008527,-0.009256508306994706,0.22725482065104705,1.359082901563865
44,4,1,spectral_global,learned_subject_embedding,16,0.5492446713008527,-0.23857828800053613,0.11658718639850715,1.4201785205261255
44,4,1,band_absolute,wrist_mean,16,0.753323334110358,0.03772111476938552,0.2558936346672196,1.1334180414718587
44,4,1,band_absolute,bilateral_activity_mean,16,0.753323334110358,-0.010457235553935408,0.1837912087912088,1.5295477966272983
44,4,1,band_absolute,activity_context_mean,16,0.753323334110358,-0.0038677241661437536,0.18652809454696245,1.5626587501007612
44,4,1,band_absolute,learned_subject_embedding,16,0.753323334110358,-0.11746177725664067,0.13114244246319717,1.506339802276409
44,4,1,band_fraction,wrist_mean,16,0.5205343291316389,-0.10692535080974842,0.2839467136636948,0.6830516677841255
44,4,1,band_fraction,bilateral_activity_mean,16,0.5205343291316389,-2.200951757653569,0.16558677171884717,1.1567617143832518
44,4,1,band_fraction,activity_context_mean,16,0.5205343291316389,-2.2385733399780845,0.18053597346050176,1.162694818921772
44,4,1,band_fraction,learned_subject_embedding,16,0.5205343291316389,-2.188107477146687,0.10506945884304375,1.132080123511704
44,4,2,time_location_scale,wrist_mean,16,0.7114321363384218,-0.30443691714894416,0.32150858849887975,0.577102500390727
44,4,2,time_location_scale,bilateral_activity_mean,16,0.7114321363384218,-2.230241661833448,0.19372446514079866,0.9456831288287445
44,4,2,time_location_scale,activity_context_mean,16,0.7114321363384218,-2.196359482931058,0.17641018319202217,0.9471279381239827
44,4,2,time_location_scale,learned_subject_embedding,16,0.7114321363384218,-2.707978069125175,0.11765804155866978,1.0175706302127536
44,4,2,time_shape,wrist_mean,16,0.44182759943187166,-0.011214616540060427,0.3165059526424461,0.6830459365891524
44,4,2,time_shape,bilateral_activity_mean,16,0.44182759943187166,-1.7185294126890556,0.21051706717040813,1.1831615670329618
44,4,2,time_shape,activity_context_mean,16,0.44182759943187166,-1.7529140116786723,0.21450380002635858,1.180224490302296
44,4,2,time_shape,learned_subject_embedding,16,0.44182759943187166,-1.7452819308517469,0.1636482449589246,1.1741941983200057
44,4,2,derivative,wrist_mean,16,0.8920993921909677,-0.48071042406755093,0.0511246320783728,0.6395429546373238
44,4,2,derivative,bilateral_activity_mean,16,0.8920993921909677,-2.5523606667190277,0.08965755831832362,1.0639291742885364
44,4,2,derivative,activity_context_mean,16,0.8920993921909677,-2.700187204773338,0.09080525414049115,1.0845170017262908
44,4,2,derivative,learned_subject_embedding,16,0.8920993921909677,-3.1026027286742344,0.030301366252251462,1.1144000087729693
44,4,2,spectral_global,wrist_mean,16,0.5628618014425836,-0.23985221426537112,0.41153406844440543,0.5802965837758146
44,4,2,spectral_global,bilateral_activity_mean,16,0.5628618014425836,-2.0609212331072,0.26244343891402716,0.9451709638921271
44,4,2,spectral_global,activity_context_mean,16,0.5628618014425836,-1.9652950152333821,0.29215722883626943,0.9337685798038441
44,4,2,spectral_global,learned_subject_embedding,16,0.5628618014425836,-2.6958396944726872,0.13039801432148662,1.0483289735894117
44,4,2,band_absolute,wrist_mean,16,0.7659798804144703,-0.4475170167732531,0.32259038791020517,0.5390459763254238
44,4,2,band_absolute,bilateral_activity_mean,16,0.7659798804144703,-2.776746453404668,0.1628025743531169,0.9410889851255134
44,4,2,band_absolute,activity_context_mean,16,0.7659798804144703,-2.7842268910917527,0.14521372402583138,0.9452215446085314
44,4,2,band_absolute,learned_subject_embedding,16,0.7659798804144703,-3.159890700938459,0.1309416597109344,0.9917131302984363
44,4,2,band_fraction,wrist_mean,16,0.511624397851364,-0.09607776629625132,0.24717743706892767,0.6755151861631065
44,4,2,band_fraction,bilateral_activity_mean,16,0.511624397851364,-1.976183159990094,0.16865088081535828,1.126187661129186
44,4,2,band_fraction,activity_context_mean,16,0.511624397851364,-1.9263901823630392,0.21001186135395158,1.1092645950061135
44,4,2,band_fraction,learned_subject_embedding,16,0.511624397851364,-2.4657872630406708,0.07665399991213812,1.1974659457077512
