model,partition,outer_context,inner_fold,activation,dimension,l2_count,l2_finite_count,l2_mean,l2_std,l2_median,l2_p5,l2_p95,l2_minimum,l2_maximum,maximum_absolute,checkpoint_sha256,pca_explained_variance_ratio_sum,outer_test_accessed
S0,validation,0,0,deep_embedding_raw,514,105,105,13.76238856542678,4.853231697512135,12.164182662963867,8.59449462890625,22.18631134033203,8.294278144836426,22.687068939208984,4.639883041381836,6ef1fc1717459f12ef7113e11b6f53af975aa7a91a61b5b0f4e062384c8ebc90,0.7200152266962623,False
S0,validation,0,0,statistical_embedding_raw,32,105,105,41.32587496439616,33.783924220978996,33.83058547973633,22.660724258422853,74.16461486816404,15.032917976379395,337.7641296386719,252.4971923828125,6ef1fc1717459f12ef7113e11b6f53af975aa7a91a61b5b0f4e062384c8ebc90,0.7200152266962623,False
S0,validation,0,0,fused_embedding,546,105,105,43.944856425694056,33.62531958571634,35.86349868774414,24.836075210571288,77.34531249999998,17.530960083007812,338.2326965332031,252.4971923828125,6ef1fc1717459f12ef7113e11b6f53af975aa7a91a61b5b0f4e062384c8ebc90,0.7200152266962623,False
S0,validation,0,0,classifier_input,546,105,105,43.944856425694056,33.62531958571634,35.86349868774414,24.836075210571288,77.34531249999998,17.530960083007812,338.2326965332031,252.4971923828125,6ef1fc1717459f12ef7113e11b6f53af975aa7a91a61b5b0f4e062384c8ebc90,0.7200152266962623,False
S0,validation,0,0,logits,2,105,105,1.6004998381648745,0.7183290129798019,1.5412133932113647,0.553007960319519,3.057363414764404,0.1336960345506668,3.6752736568450928,3.241187334060669,6ef1fc1717459f12ef7113e11b6f53af975aa7a91a61b5b0f4e062384c8ebc90,0.7200152266962623,False
S0,validation,0,1,deep_embedding_raw,514,103,103,15.849264867097428,2.089115051458153,15.045673370361328,13.248827171325683,20.52588653564452,11.910378456115723,21.836069107055664,4.219205379486084,0da1d12a2ccfd47c4fcc21b65232b5ee8f519e23e00758a8bebc1d7c8b669c02,0.7018273624706945,False
S0,validation,0,1,statistical_embedding_raw,32,103,103,47.41115633029382,47.76456518952429,33.86839294433594,21.088706398010252,126.48151473999019,16.812612533569336,346.2784423828125,214.79151916503906,0da1d12a2ccfd47c4fcc21b65232b5ee8f519e23e00758a8bebc1d7c8b669c02,0.7018273624706945,False
S0,validation,0,1,fused_embedding,546,103,103,50.8167474431899,46.92202602490906,37.317020416259766,26.219601440429688,128.2114479064941,22.560749053955078,346.82177734375,214.79151916503906,0da1d12a2ccfd47c4fcc21b65232b5ee8f519e23e00758a8bebc1d7c8b669c02,0.7018273624706945,False
S0,validation,0,1,classifier_input,546,103,103,50.8167474431899,46.92202602490906,37.317020416259766,26.219601440429688,128.2114479064941,22.560749053955078,346.82177734375,214.79151916503906,0da1d12a2ccfd47c4fcc21b65232b5ee8f519e23e00758a8bebc1d7c8b669c02,0.7018273624706945,False
S0,validation,0,1,logits,2,103,103,1.4965377518889105,1.4394743038587456,1.0535658597946167,0.3253241777420044,4.803279066085811,0.02979091741144657,7.977969169616699,7.7863335609436035,0da1d12a2ccfd47c4fcc21b65232b5ee8f519e23e00758a8bebc1d7c8b669c02,0.7018273624706945,False
S0,validation,0,2,deep_embedding_raw,514,102,102,14.155774453107048,3.5518049506543243,12.448808670043945,10.626400375366211,21.356879138946532,9.886234283447266,22.20559310913086,4.564187049865723,a193e1aa81bfd9758c524874cd6fe685c0c3569b5dfe231ab5d4aec6e83d6066,0.7134495487966381,False
S0,validation,0,2,statistical_embedding_raw,32,102,102,38.81768364999809,30.852139891295792,30.299622535705566,21.32308235168457,101.79519767761215,16.454605102539062,211.11434936523438,145.3366241455078,a193e1aa81bfd9758c524874cd6fe685c0c3569b5dfe231ab5d4aec6e83d6066,0.7134495487966381,False
S0,validation,0,2,fused_embedding,546,102,102,41.80837677974327,30.386258529195345,33.56153106689453,24.27976064682007,103.7324283599852,21.95146942138672,211.8822784423828,145.3366241455078,a193e1aa81bfd9758c524874cd6fe685c0c3569b5dfe231ab5d4aec6e83d6066,0.7134495487966381,False
S0,validation,0,2,classifier_input,546,102,102,41.80837677974327,30.386258529195345,33.56153106689453,24.27976064682007,103.7324283599852,21.95146942138672,211.8822784423828,145.3366241455078,a193e1aa81bfd9758c524874cd6fe685c0c3569b5dfe231ab5d4aec6e83d6066,0.7134495487966381,False
S0,validation,0,2,logits,2,102,102,1.5767967665896696,1.4195474451880286,1.145090937614441,0.42723733782768253,3.905209171772,0.2937904894351959,10.631573677062988,10.282492637634277,a193e1aa81bfd9758c524874cd6fe685c0c3569b5dfe231ab5d4aec6e83d6066,0.7134495487966381,False
S0,validation,1,0,deep_embedding_raw,514,105,105,12.115598769414992,0.7887256203902441,11.991023063659668,11.390709114074706,12.901388359069824,10.890345573425293,17.789682388305664,3.16865873336792,99cf0e444409e4269f4785d2332f659a481310fafc54963c70a0c34563bd1951,0.7250618445844852,False
S0,validation,1,0,statistical_embedding_raw,32,105,105,34.16123530069987,20.309077983011086,30.11587142944336,19.722695922851564,52.3881492614746,16.11220932006836,187.88748168945312,109.38238525390625,99cf0e444409e4269f4785d2332f659a481310fafc54963c70a0c34563bd1951,0.7250618445844852,False
S0,validation,1,0,fused_embedding,546,105,105,36.501064137050086,19.858309147854122,32.307586669921875,23.114546966552734,54.02812042236327,20.141639709472656,188.72779846191406,109.38238525390625,99cf0e444409e4269f4785d2332f659a481310fafc54963c70a0c34563bd1951,0.7250618445844852,False
S0,validation,1,0,classifier_input,546,105,105,36.501064137050086,19.858309147854122,32.307586669921875,23.114546966552734,54.02812042236327,20.141639709472656,188.72779846191406,109.38238525390625,99cf0e444409e4269f4785d2332f659a481310fafc54963c70a0c34563bd1951,0.7250618445844852,False
S0,validation,1,0,logits,2,105,105,1.032452666617575,0.5888138056308871,0.9568381905555725,0.29888817071914675,1.8843161344528199,0.11205168813467026,3.7348670959472656,3.0287415981292725,99cf0e444409e4269f4785d2332f659a481310fafc54963c70a0c34563bd1951,0.7250618445844852,False
S0,validation,1,1,deep_embedding_raw,514,104,104,13.696349776708162,4.003114639665087,12.094895362854004,9.279116153717041,20.686154651641846,8.83286190032959,22.690515518188477,4.1897382736206055,c0f48020d487c38d0471884794738d2e0ca6b2e5e93234419205610f88150bae,0.7016141945446805,False
S0,validation,1,1,statistical_embedding_raw,32,104,104,57.049782514572144,75.61320306656025,33.32313346862793,21.6233868598938,203.61875534057592,18.071226119995117,503.8082275390625,319.2388000488281,c0f48020d487c38d0471884794738d2e0ca6b2e5e93234419205610f88150bae,0.7016141945446805,False
S0,validation,1,1,fused_embedding,546,104,104,59.43324564053462,75.11633568693067,36.14637756347656,24.646330642700196,204.3167098999021,20.992036819458008,504.0967712402344,319.2388000488281,c0f48020d487c38d0471884794738d2e0ca6b2e5e93234419205610f88150bae,0.7016141945446805,False
S0,validation,1,1,classifier_input,546,104,104,59.43324564053462,75.11633568693067,36.14637756347656,24.646330642700196,204.3167098999021,20.992036819458008,504.0967712402344,319.2388000488281,c0f48020d487c38d0471884794738d2e0ca6b2e5e93234419205610f88150bae,0.7016141945446805,False
S0,validation,1,1,logits,2,104,104,2.06833571768724,2.871468549452656,1.2966791987419128,0.46159225702285767,4.624207758903503,0.1668596863746643,24.376768112182617,18.01259994506836,c0f48020d487c38d0471884794738d2e0ca6b2e5e93234419205610f88150bae,0.7016141945446805,False
S0,validation,1,2,deep_embedding_raw,514,103,103,14.917823504475715,5.009580330205893,15.167862892150879,9.01627082824707,22.52627639770508,8.524055480957031,22.72230339050293,4.492608070373535,99aab462ab954c46d27e77679b1e25a92b80e4df4122ba9456d3f38d7fd4f507,0.719772800352144,False
S0,validation,1,2,statistical_embedding_raw,32,103,103,46.91580644626062,59.70568711749677,31.1198787689209,20.75731601715088,122.78437576293928,15.472633361816406,533.3635864257812,344.420654296875,99aab462ab954c46d27e77679b1e25a92b80e4df4122ba9456d3f38d7fd4f507,0.719772800352144,False
S0,validation,1,2,fused_embedding,546,103,103,50.00882261702158,59.26094884416706,34.17047882080078,23.427108001708984,124.27848892211898,21.243396759033203,533.7437744140625,344.420654296875,99aab462ab954c46d27e77679b1e25a92b80e4df4122ba9456d3f38d7fd4f507,0.719772800352144,False
S0,validation,1,2,classifier_input,546,103,103,50.00882261702158,59.26094884416706,34.17047882080078,23.427108001708984,124.27848892211898,21.243396759033203,533.7437744140625,344.420654296875,99aab462ab954c46d27e77679b1e25a92b80e4df4122ba9456d3f38d7fd4f507,0.719772800352144,False
S0,validation,1,2,logits,2,103,103,1.7499562459952622,1.7550364401758725,1.2274564504623413,0.41893812716007234,4.289142179489135,0.21083404123783112,15.375130653381348,14.86034870147705,99aab462ab954c46d27e77679b1e25a92b80e4df4122ba9456d3f38d7fd4f507,0.719772800352144,False
S0,validation,2,0,deep_embedding_raw,514,105,105,11.02971534729004,1.7306353864381356,10.484777450561523,9.892319869995116,15.45344009399414,9.612826347351074,18.698915481567383,3.5555641651153564,bf6b688d47dc1cf831cda7d918894fdb663f502d5521d26b202d1fd6e21057b4,0.7069197615232479,False
S0,validation,2,0,statistical_embedding_raw,32,105,105,42.866252953665594,42.05743566909611,32.2226676940918,22.308815002441406,93.1937133789062,19.614309310913086,392.11370849609375,246.27337646484375,bf6b688d47dc1cf831cda7d918894fdb663f502d5521d26b202d1fd6e21057b4,0.7069197615232479,False
S0,validation,2,0,fused_embedding,546,105,105,44.54404752822149,41.79211361547557,33.90771484375,24.556720352172853,94.8184967041015,22.285741806030273,392.4037780761719,246.27337646484375,bf6b688d47dc1cf831cda7d918894fdb663f502d5521d26b202d1fd6e21057b4,0.7069197615232479,False
S0,validation,2,0,classifier_input,546,105,105,44.54404752822149,41.79211361547557,33.90771484375,24.556720352172853,94.8184967041015,22.285741806030273,392.4037780761719,246.27337646484375,bf6b688d47dc1cf831cda7d918894fdb663f502d5521d26b202d1fd6e21057b4,0.7069197615232479,False
S0,validation,2,0,logits,2,105,105,1.4917326762562706,1.556705578105806,1.1807054281234741,0.3375016152858734,3.7336827754974355,0.15479186177253723,12.620499610900879,10.048681259155273,bf6b688d47dc1cf831cda7d918894fdb663f502d5521d26b202d1fd6e21057b4,0.7069197615232479,False
S0,validation,2,1,deep_embedding_raw,514,104,104,11.391107238256014,2.8110228921645692,10.002351760864258,8.570499897003174,16.485477733612058,8.213728904724121,19.1601619720459,3.538724660873413,8c3c08eb89fc01381501c5a7dd3a0f28eb197ecab0e5ee0b296cbef8c59d37e7,0.7044334049422025,False
S0,validation,2,1,statistical_embedding_raw,32,104,104,47.61980241995592,52.1070385245046,31.934446334838867,20.861652755737303,130.15594444274893,15.056297302246094,374.93170166015625,240.09765625,8c3c08eb89fc01381501c5a7dd3a0f28eb197ecab0e5ee0b296cbef8c59d37e7,0.7044334049422025,False
S0,validation,2,1,fused_embedding,546,104,104,49.35996572787945,51.80408743151721,33.760684967041016,23.02274112701416,130.95030746459952,17.487640380859375,375.393310546875,240.09765625,8c3c08eb89fc01381501c5a7dd3a0f28eb197ecab0e5ee0b296cbef8c59d37e7,0.7044334049422025,False
S0,validation,2,1,classifier_input,546,104,104,49.35996572787945,51.80408743151721,33.760684967041016,23.02274112701416,130.95030746459952,17.487640380859375,375.393310546875,240.09765625,8c3c08eb89fc01381501c5a7dd3a0f28eb197ecab0e5ee0b296cbef8c59d37e7,0.7044334049422025,False
S0,validation,2,1,logits,2,104,104,1.4667595772502513,1.658741021593845,0.9417011141777039,0.415309801697731,4.038631784915923,0.16205187141895294,11.337006568908691,11.081263542175293,8c3c08eb89fc01381501c5a7dd3a0f28eb197ecab0e5ee0b296cbef8c59d37e7,0.7044334049422025,False
S0,validation,2,2,deep_embedding_raw,514,103,103,14.644063014428593,4.614446012537309,13.630165100097656,9.445848941802979,22.391581535339352,8.717245101928711,22.77338981628418,4.702869415283203,f102d92b4ce03704b538895ae0a4bae38672054f165e65f8f5661f7d890495ef,0.7172003219846745,False
S0,validation,2,2,statistical_embedding_raw,32,103,103,39.55486733705095,29.982722541532063,30.81113624572754,20.60857219696045,95.02061691284155,15.333523750305176,189.8350372314453,133.18927001953125,f102d92b4ce03704b538895ae0a4bae38672054f165e65f8f5661f7d890495ef,0.7172003219846745,False
S0,validation,2,2,fused_embedding,546,103,103,42.64274739756168,29.6732709797242,33.70631408691406,23.037530517578126,96.64951324462868,18.25788688659668,190.88917541503906,133.18927001953125,f102d92b4ce03704b538895ae0a4bae38672054f165e65f8f5661f7d890495ef,0.7172003219846745,False
S0,validation,2,2,classifier_input,546,103,103,42.64274739756168,29.6732709797242,33.70631408691406,23.037530517578126,96.64951324462868,18.25788688659668,190.88917541503906,133.18927001953125,f102d92b4ce03704b538895ae0a4bae38672054f165e65f8f5661f7d890495ef,0.7172003219846745,False
S0,validation,2,2,logits,2,103,103,1.6555278817716155,1.1273723384424996,1.1870406866073608,0.5581302344799042,4.071253299713135,0.20518653094768524,5.7117719650268555,5.683972358703613,f102d92b4ce03704b538895ae0a4bae38672054f165e65f8f5661f7d890495ef,0.7172003219846745,False
S0,validation,3,0,deep_embedding_raw,514,105,105,10.764502825055803,1.7680024215378451,10.131410598754883,9.438720893859863,15.167577934265134,9.092528343200684,18.075328826904297,3.8227524757385254,4bda0d02a79a3a5b9c35b497f62f42bd9cf769605fb3a06fd2adcd18b13d508c,0.720917029505345,False
S0,validation,3,0,statistical_embedding_raw,32,105,105,44.67589707147508,51.95477194137585,30.808706283569336,21.36223258972168,112.69082031249998,16.27265167236328,403.07366943359375,160.29623413085938,4bda0d02a79a3a5b9c35b497f62f42bd9cf769605fb3a06fd2adcd18b13d508c,0.720917029505345,False
S0,validation,3,0,fused_embedding,546,105,105,46.32026537940616,51.656004272345335,32.45024108886719,23.61674270629883,113.64113464355466,19.071426391601562,403.4290771484375,160.29623413085938,4bda0d02a79a3a5b9c35b497f62f42bd9cf769605fb3a06fd2adcd18b13d508c,0.720917029505345,False
S0,validation,3,0,classifier_input,546,105,105,46.32026537940616,51.656004272345335,32.45024108886719,23.61674270629883,113.64113464355466,19.071426391601562,403.4290771484375,160.29623413085938,4bda0d02a79a3a5b9c35b497f62f42bd9cf769605fb3a06fd2adcd18b13d508c,0.720917029505345,False
S0,validation,3,0,logits,2,105,105,1.4623671438012804,1.0983593231121203,1.2110064029693604,0.5568501591682434,2.9472343444824216,0.17711785435676575,8.924884796142578,6.973581790924072,4bda0d02a79a3a5b9c35b497f62f42bd9cf769605fb3a06fd2adcd18b13d508c,0.720917029505345,False
S0,validation,3,1,deep_embedding_raw,514,105,105,13.030465707324801,4.324395777009599,11.152989387512207,9.008381271362305,21.86527328491211,8.706114768981934,22.376405715942383,4.067927360534668,f7a5897d53228a013d019ababaf3f3af93c651aa14bbb75319fe792b6bf5083b,0.7150592918989638,False
S0,validation,3,1,statistical_embedding_raw,32,105,105,47.378369394938154,53.36850780146678,34.97661209106445,22.07261734008789,100.71824951171871,16.196792602539062,406.00146484375,252.6822967529297,f7a5897d53228a013d019ababaf3f3af93c651aa14bbb75319fe792b6bf5083b,0.7150592918989638,False
S0,validation,3,1,fused_embedding,546,105,105,49.6766600835891,53.03883896222537,36.916988372802734,24.365088653564452,102.14184112548826,18.656064987182617,406.216796875,252.6822967529297,f7a5897d53228a013d019ababaf3f3af93c651aa14bbb75319fe792b6bf5083b,0.7150592918989638,False
S0,validation,3,1,classifier_input,546,105,105,49.6766600835891,53.03883896222537,36.916988372802734,24.365088653564452,102.14184112548826,18.656064987182617,406.216796875,252.6822967529297,f7a5897d53228a013d019ababaf3f3af93c651aa14bbb75319fe792b6bf5083b,0.7150592918989638,False
S0,validation,3,1,logits,2,105,105,1.730875892298562,1.3590711602691279,1.294130802154541,0.3840887427330017,4.4767540931701655,0.22354549169540405,7.22341251373291,7.214821815490723,f7a5897d53228a013d019ababaf3f3af93c651aa14bbb75319fe792b6bf5083b,0.7150592918989638,False
S0,validation,3,2,deep_embedding_raw,514,103,103,15.319157396705405,1.4031185875181005,15.122861862182617,13.0168776512146,17.462071800231932,11.983760833740234,20.063852310180664,3.6197826862335205,591293915821835a8e47a67687e2768447a4e1ef931d3dab15d00e9b9e46ede1,0.7123013086812271,False
S0,validation,3,2,statistical_embedding_raw,32,103,103,39.49378995062078,33.461529920693145,30.702486038208008,20.11893653869629,84.39749145507811,15.776317596435547,316.9747314453125,249.8202667236328,591293915821835a8e47a67687e2768447a4e1ef931d3dab15d00e9b9e46ede1,0.7123013086812271,False
S0,validation,3,2,fused_embedding,546,103,103,42.97783690517389,32.6874295703371,34.712833404541016,25.230683517456054,85.83022232055662,23.02214813232422,317.6091003417969,249.8202667236328,591293915821835a8e47a67687e2768447a4e1ef931d3dab15d00e9b9e46ede1,0.7123013086812271,False
S0,validation,3,2,classifier_input,546,103,103,42.97783690517389,32.6874295703371,34.712833404541016,25.230683517456054,85.83022232055662,23.02214813232422,317.6091003417969,249.8202667236328,591293915821835a8e47a67687e2768447a4e1ef931d3dab15d00e9b9e46ede1,0.7123013086812271,False
S0,validation,3,2,logits,2,103,103,1.1272772417485135,0.9172107734636633,0.9140443205833435,0.32339521348476413,2.7138967275619503,0.11940130591392517,6.057538032531738,6.03023624420166,591293915821835a8e47a67687e2768447a4e1ef931d3dab15d00e9b9e46ede1,0.7123013086812271,False
S0,validation,4,0,deep_embedding_raw,514,105,105,14.097922951834542,2.132527192289148,13.577652931213379,11.468279075622558,18.335125732421876,10.820221900939941,20.22400665283203,3.9256746768951416,ab0b526f798a3d695a370b37730c6416653d315568848fa744340d70c8fbce96,0.7213463651189815,False
S0,validation,4,0,statistical_embedding_raw,32,105,105,40.847470764886765,30.403571361542745,31.748607635498047,22.95926704406738,83.08775634765622,15.843456268310547,246.53793334960938,136.72564697265625,ab0b526f798a3d695a370b37730c6416653d315568848fa744340d70c8fbce96,0.7213463651189815,False
S0,validation,4,0,fused_embedding,546,105,105,43.64951718648275,29.842021241138383,34.84638977050781,27.041859817504882,84.86193847656247,20.180587768554688,247.23187255859375,136.72564697265625,ab0b526f798a3d695a370b37730c6416653d315568848fa744340d70c8fbce96,0.7213463651189815,False
S0,validation,4,0,classifier_input,546,105,105,43.64951718648275,29.842021241138383,34.84638977050781,27.041859817504882,84.86193847656247,20.180587768554688,247.23187255859375,136.72564697265625,ab0b526f798a3d695a370b37730c6416653d315568848fa744340d70c8fbce96,0.7213463651189815,False
S0,validation,4,0,logits,2,105,105,1.4797609282391413,1.5069710952843995,1.2308783531188965,0.45344471335411074,2.746488714218139,0.24748067557811737,14.932597160339355,13.911972999572754,ab0b526f798a3d695a370b37730c6416653d315568848fa744340d70c8fbce96,0.7213463651189815,False
S0,validation,4,1,deep_embedding_raw,514,105,105,18.078143501281737,1.1308975459237292,18.522193908691406,15.498886680603027,19.06645278930664,14.515769958496094,19.558368682861328,2.668937921524048,daa119a69bd5ae0daa52adaf24a11ce32084d138fe32f8d0c1c057ce5e41029d,0.7131184017424324,False
S0,validation,4,1,statistical_embedding_raw,32,105,105,59.049550755818686,101.12260584647312,31.067516326904297,20.851066207885744,150.84261169433594,14.177007675170898,730.939697265625,452.65777587890625,daa119a69bd5ae0daa52adaf24a11ce32084d138fe32f8d0c1c057ce5e41029d,0.7131184017424324,False
S0,validation,4,1,fused_embedding,546,105,105,63.67889280773345,99.91700109952812,36.37677764892578,27.61617088317871,151.84180603027343,23.62600326538086,731.0838012695312,452.65777587890625,daa119a69bd5ae0daa52adaf24a11ce32084d138fe32f8d0c1c057ce5e41029d,0.7131184017424324,False
S0,validation,4,1,classifier_input,546,105,105,63.67889280773345,99.91700109952812,36.37677764892578,27.61617088317871,151.84180603027343,23.62600326538086,731.0838012695312,452.65777587890625,daa119a69bd5ae0daa52adaf24a11ce32084d138fe32f8d0c1c057ce5e41029d,0.7131184017424324,False
S0,validation,4,1,logits,2,105,105,1.3793939674184437,1.2994711918285342,0.987571120262146,0.291663384437561,3.926454782485961,0.17475126683712006,7.229393482208252,6.506979942321777,daa119a69bd5ae0daa52adaf24a11ce32084d138fe32f8d0c1c057ce5e41029d,0.7131184017424324,False
S0,validation,4,2,deep_embedding_raw,514,103,103,10.763210241077015,0.37502356884154997,10.681241989135742,10.54869565963745,11.134900188446045,10.33730697631836,12.790107727050781,2.406928539276123,97f71ce07a6375c684f386a5abb09b19f1c579804582ae84d47dc65ebb4f18a2,0.715029492451507,False
S0,validation,4,2,statistical_embedding_raw,32,103,103,36.91032330040793,22.71580216634673,32.82563781738281,21.628076553344727,64.76521072387693,19.377418518066406,181.95993041992188,135.1488037109375,97f71ce07a6375c684f386a5abb09b19f1c579804582ae84d47dc65ebb4f18a2,0.715029492451507,False
S0,validation,4,2,fused_embedding,546,103,103,38.65266851777012,22.36477616518246,34.485042572021484,24.118483543395996,65.65888328552244,22.14723014831543,182.38626098632812,135.1488037109375,97f71ce07a6375c684f386a5abb09b19f1c579804582ae84d47dc65ebb4f18a2,0.715029492451507,False
S0,validation,4,2,classifier_input,546,103,103,38.65266851777012,22.36477616518246,34.485042572021484,24.118483543395996,65.65888328552244,22.14723014831543,182.38626098632812,135.1488037109375,97f71ce07a6375c684f386a5abb09b19f1c579804582ae84d47dc65ebb4f18a2,0.715029492451507,False
S0,validation,4,2,logits,2,103,103,1.2727180043759856,0.923889814629983,1.1399537324905396,0.3485975474119187,2.4020454406738283,0.15943573415279388,5.978131294250488,5.941723346710205,97f71ce07a6375c684f386a5abb09b19f1c579804582ae84d47dc65ebb4f18a2,0.715029492451507,False
S1,train,0,0,classifier_input,546,205,205,49.52084520851694,36.77733961967339,37.23373031616211,25.779467010498045,127.64988403320302,22.310253143310547,256.4925537109375,184.7195587158203,,,False
S1,train,0,0,deep_embedding_fusion,514,205,205,15.125330938944002,4.624126148233295,15.233604431152344,9.145045280456543,22.089411163330077,8.633866310119629,22.691560745239258,4.717881679534912,,,False
S1,train,0,0,deep_embedding_raw,514,205,205,15.125330938944002,4.624126148233295,15.233604431152344,9.145045280456543,22.089411163330077,8.633866310119629,22.691560745239258,4.717881679534912,,,False
S1,train,0,0,fused_embedding,546,205,205,49.52084520851694,36.77733961967339,37.23373031616211,25.779467010498045,127.64988403320302,22.310253143310547,256.4925537109375,184.7195587158203,,,False
S1,train,0,0,logits,2,205,205,2.2407522305846213,1.5039228079745162,1.9049817323684692,0.4306131482124329,5.411187267303465,0.09411651641130447,7.1870436668396,6.807405471801758,,,False
S1,train,0,0,statistical_embedding_fusion,32,205,205,46.503925035057996,37.31504245653864,34.8913688659668,22.53327293395996,125.97796478271475,17.959238052368164,255.78834533691406,184.7195587158203,,,False
S1,train,0,0,statistical_embedding_raw,32,205,205,46.503925035057996,37.31504245653864,34.8913688659668,22.53327293395996,125.97796478271475,17.959238052368164,255.78834533691406,184.7195587158203,,,False
S1,validation,0,0,classifier_input,546,105,105,44.62783332098098,33.38736432072673,36.82081985473633,26.235945892333984,77.36152191162107,17.601274490356445,338.2737121582031,252.4971923828125,,,False
S1,validation,0,0,deep_embedding_fusion,514,105,105,15.439644922528949,4.385463937765029,15.574759483337402,9.054831504821777,22.1246768951416,8.650623321533203,22.62183380126953,4.568312644958496,,,False
S1,validation,0,0,deep_embedding_raw,514,105,105,15.439644922528949,4.385463937765029,15.574759483337402,9.054831504821777,22.1246768951416,8.650623321533203,22.62183380126953,4.568312644958496,,,False
S1,validation,0,0,fused_embedding,546,105,105,44.62783332098098,33.38736432072673,36.82081985473633,26.235945892333984,77.36152191162107,17.601274490356445,338.2737121582031,252.4971923828125,,,False
S1,validation,0,0,logits,2,105,105,1.808833494605053,0.9594774266433506,1.7061476707458496,0.4847577691078186,3.6312320709228514,0.035497259348630905,4.4837493896484375,3.9700167179107666,,,False
S1,validation,0,0,statistical_embedding_fusion,32,105,105,41.32587496439616,33.783924220978996,33.83058547973633,22.660724258422853,74.16461486816404,15.032917976379395,337.7641296386719,252.4971923828125,,,False
S1,validation,0,0,statistical_embedding_raw,32,105,105,41.32587496439616,33.783924220978996,33.83058547973633,22.660724258422853,74.16461486816404,15.032917976379395,337.7641296386719,252.4971923828125,,,False
S1,validation,0,0,deep_to_statistical_raw_mean_l2_ratio,1,1,1,0.3736072118456246,0.0,0.3736072118456246,0.3736072118456246,0.3736072118456246,0.3736072118456246,0.3736072118456246,0.3736072118456246,,,False
S1,train,0,1,classifier_input,546,207,207,49.1299010751328,34.98983708224694,38.91420364379883,25.66934986114502,101.56003570556636,19.722108840942383,328.6330871582031,279.3532409667969,,,False
S1,train,0,1,deep_embedding_fusion,514,207,207,12.556204233768481,3.991855272326295,10.432612419128418,9.338372993469239,21.60681285858154,8.993223190307617,22.669645309448242,4.677450656890869,,,False
S1,train,0,1,deep_embedding_raw,514,207,207,12.556204233768481,3.991855272326295,10.432612419128418,9.338372993469239,21.60681285858154,8.993223190307617,22.669645309448242,4.677450656890869,,,False
S1,train,0,1,fused_embedding,546,207,207,49.1299010751328,34.98983708224694,38.91420364379883,25.66934986114502,101.56003570556636,19.722108840942383,328.6330871582031,279.3532409667969,,,False
S1,train,0,1,logits,2,207,207,1.7953727237412318,1.3721986493418654,1.3172755241394043,0.5134711682796478,4.633637380599975,0.1107235923409462,7.811203956604004,7.7376203536987305,,,False
S1,train,0,1,statistical_embedding_fusion,32,207,207,47.10156407563583,35.29968356217993,36.50554656982422,23.463033294677736,100.19405441284174,17.12954330444336,328.03192138671875,279.3532409667969,,,False
S1,train,0,1,statistical_embedding_raw,32,207,207,47.10156407563583,35.29968356217993,36.50554656982422,23.463033294677736,100.19405441284174,17.12954330444336,328.03192138671875,279.3532409667969,,,False
S1,validation,0,1,classifier_input,546,103,103,49.525868073250486,47.396893408132996,35.65192794799805,23.81399917602539,128.28266906738276,19.463586807250977,346.7925109863281,214.79151916503906,,,False
S1,validation,0,1,deep_embedding_fusion,514,103,103,12.557939390534337,3.5731454080053204,10.934972763061523,9.474461364746094,19.62601337432861,9.035382270812988,22.351633071899414,4.780694961547852,,,False
S1,validation,0,1,deep_embedding_raw,514,103,103,12.557939390534337,3.5731454080053204,10.934972763061523,9.474461364746094,19.62601337432861,9.035382270812988,22.351633071899414,4.780694961547852,,,False
S1,validation,0,1,fused_embedding,546,103,103,49.525868073250486,47.396893408132996,35.65192794799805,23.81399917602539,128.28266906738276,19.463586807250977,346.7925109863281,214.79151916503906,,,False
S1,validation,0,1,logits,2,103,103,1.4492670432167145,1.367652840433467,1.1015970706939697,0.3354563415050507,4.021018123626709,0.04604092240333557,8.48049545288086,8.235121726989746,,,False
S1,validation,0,1,statistical_embedding_fusion,32,103,103,47.41115633029382,47.76456518952429,33.86839294433594,21.088706398010252,126.48151473999019,16.812612533569336,346.2784423828125,214.79151916503906,,,False
S1,validation,0,1,statistical_embedding_raw,32,103,103,47.41115633029382,47.76456518952429,33.86839294433594,21.088706398010252,126.48151473999019,16.812612533569336,346.2784423828125,214.79151916503906,,,False
S1,validation,0,1,deep_to_statistical_raw_mean_l2_ratio,1,1,1,0.26487308816195904,0.0,0.26487308816195904,0.26487308816195904,0.26487308816195904,0.26487308816195904,0.26487308816195904,0.26487308816195904,,,False
S1,train,0,2,classifier_input,546,208,208,48.945820808410645,36.50618635325513,37.523603439331055,26.17934331893921,110.56485557556152,19.483793258666992,300.6531982421875,243.4856719970703,,,False
S1,train,0,2,deep_embedding_fusion,514,208,208,13.7536445580996,4.126447132661614,11.780362129211426,9.4761474609375,21.414391040801995,9.099796295166016,22.54619026184082,4.740477085113525,,,False
S1,train,0,2,deep_embedding_raw,514,208,208,13.7536445580996,4.126447132661614,11.780362129211426,9.4761474609375,21.414391040801995,9.099796295166016,22.54619026184082,4.740477085113525,,,False
S1,train,0,2,fused_embedding,546,208,208,48.945820808410645,36.50618635325513,37.523603439331055,26.17934331893921,110.56485557556152,19.483793258666992,300.6531982421875,243.4856719970703,,,False
S1,train,0,2,logits,2,208,208,1.7978400247028241,1.3138806271996812,1.5133891105651855,0.4413778305053711,4.039855122566223,0.1636589616537094,8.475777626037598,8.474959373474121,,,False
S1,train,0,2,statistical_embedding_fusion,32,208,208,46.517283311256996,36.85855805071032,35.11586570739746,22.889449214935304,108.9800811767578,16.48882484436035,300.14013671875,243.4856719970703,,,False
S1,train,0,2,statistical_embedding_raw,32,208,208,46.517283311256996,36.85855805071032,35.11586570739746,22.889449214935304,108.9800811767578,16.48882484436035,300.14013671875,243.4856719970703,,,False
S1,validation,0,2,classifier_input,546,102,102,41.53717914282107,30.48709799993389,33.42761421203613,23.699388313293458,103.75126380920395,21.225473403930664,211.82933044433594,145.3366241455078,,,False
S1,validation,0,2,deep_embedding_fusion,514,102,102,13.43379004796346,4.005417042813004,11.275594711303711,9.650619602203369,21.485871028900135,9.179754257202148,22.248779296875,4.329484939575195,,,False
S1,validation,0,2,deep_embedding_raw,514,102,102,13.43379004796346,4.005417042813004,11.275594711303711,9.650619602203369,21.485871028900135,9.179754257202148,22.248779296875,4.329484939575195,,,False
S1,validation,0,2,fused_embedding,546,102,102,41.53717914282107,30.48709799993389,33.42761421203613,23.699388313293458,103.75126380920395,21.225473403930664,211.82933044433594,145.3366241455078,,,False
S1,validation,0,2,logits,2,102,102,1.5852020900039112,1.4640086383377047,1.1178724765777588,0.39514301270246505,4.616845226287832,0.25662288069725037,10.942158699035645,10.653914451599121,,,False
S1,validation,0,2,statistical_embedding_fusion,32,102,102,38.81768364999809,30.852139891295792,30.299622535705566,21.32308235168457,101.79519767761215,16.454605102539062,211.11434936523438,145.3366241455078,,,False
S1,validation,0,2,statistical_embedding_raw,32,102,102,38.81768364999809,30.852139891295792,30.299622535705566,21.32308235168457,101.79519767761215,16.454605102539062,211.11434936523438,145.3366241455078,,,False
S1,validation,0,2,deep_to_statistical_raw_mean_l2_ratio,1,1,1,0.34607397414771096,0.0,0.34607397414771096,0.34607397414771096,0.34607397414771096,0.34607397414771096,0.34607397414771096,0.34607397414771096,,,False
S1,train,1,0,classifier_input,546,207,207,48.55812738022367,37.34496937784239,36.14286804199219,25.756121826171874,133.0854064941404,20.909461975097656,251.07606506347656,190.0601043701172,,,False
S1,train,1,0,deep_embedding_fusion,514,207,207,13.111158730327219,0.8930831593751247,13.011332511901855,11.81328010559082,15.073172855377198,10.97880744934082,17.250131607055664,3.6686198711395264,,,False
S1,train,1,0,deep_embedding_raw,514,207,207,13.111158730327219,0.8930831593751247,13.011332511901855,11.81328010559082,15.073172855377198,10.97880744934082,17.250131607055664,3.6686198711395264,,,False
S1,train,1,0,fused_embedding,546,207,207,48.55812738022367,37.34496937784239,36.14286804199219,25.756121826171874,133.0854064941404,20.909461975097656,251.07606506347656,190.0601043701172,,,False
S1,train,1,0,logits,2,207,207,1.3746624292742804,0.9945934036703328,1.1962320804595947,0.3450977861881256,3.0206429958343493,0.08860103040933609,7.288968086242676,6.458795547485352,,,False
S1,train,1,0,statistical_embedding_fusion,32,207,207,46.19659114229506,38.02584878512609,33.72663879394531,22.067909049987794,132.59016418457009,16.066057205200195,250.7803497314453,190.0601043701172,,,False
S1,train,1,0,statistical_embedding_raw,32,207,207,46.19659114229506,38.02584878512609,33.72663879394531,22.067909049987794,132.59016418457009,16.066057205200195,250.7803497314453,190.0601043701172,,,False
S1,validation,1,0,classifier_input,546,105,105,36.85300114949544,19.77418511579854,32.6840934753418,23.665443420410156,54.22174682617187,20.76629638671875,188.70623779296875,109.38238525390625,,,False
S1,validation,1,0,deep_embedding_fusion,514,105,105,13.014139838445754,0.7450436312336202,12.887393951416016,12.197520065307618,14.102811050415038,11.623822212219238,17.559680938720703,3.286984443664551,,,False
S1,validation,1,0,deep_embedding_raw,514,105,105,13.014139838445754,0.7450436312336202,12.887393951416016,12.197520065307618,14.102811050415038,11.623822212219238,17.559680938720703,3.286984443664551,,,False
S1,validation,1,0,fused_embedding,546,105,105,36.85300114949544,19.77418511579854,32.6840934753418,23.665443420410156,54.22174682617187,20.76629638671875,188.70623779296875,109.38238525390625,,,False
S1,validation,1,0,logits,2,105,105,1.0385169735267048,0.5968788431248233,0.9293949604034424,0.31873745918273927,1.9254528284072874,0.09294023364782333,3.8464488983154297,3.052286386489868,,,False
S1,validation,1,0,statistical_embedding_fusion,32,105,105,34.16123530069987,20.309077983011086,30.11587142944336,19.722695922851564,52.3881492614746,16.11220932006836,187.88748168945312,109.38238525390625,,,False
S1,validation,1,0,statistical_embedding_raw,32,105,105,34.16123530069987,20.309077983011086,30.11587142944336,19.722695922851564,52.3881492614746,16.11220932006836,187.88748168945312,109.38238525390625,,,False
S1,validation,1,0,deep_to_statistical_raw_mean_l2_ratio,1,1,1,0.3809622141556201,0.0,0.3809622141556201,0.3809622141556201,0.3809622141556201,0.3809622141556201,0.3809622141556201,0.3809622141556201,,,False
S1,train,1,1,classifier_input,546,208,208,50.00326479398287,34.368880314990776,38.74452209472656,25.734893798828125,117.63486785888666,19.978984832763672,275.5743408203125,179.80569458007812,,,False
S1,train,1,1,deep_embedding_fusion,514,208,208,14.18767184477586,4.13581281448969,12.820022583007812,9.581342649459838,21.68998832702636,9.023021697998047,22.371410369873047,4.814858436584473,,,False
S1,train,1,1,deep_embedding_raw,514,208,208,14.18767184477586,4.13581281448969,12.820022583007812,9.581342649459838,21.68998832702636,9.023021697998047,22.371410369873047,4.814858436584473,,,False
S1,train,1,1,fused_embedding,546,208,208,50.00326479398287,34.368880314990776,38.74452209472656,25.734893798828125,117.63486785888666,19.978984832763672,275.5743408203125,179.80569458007812,,,False
S1,train,1,1,logits,2,208,208,1.6970332208483552,1.2630102775286356,1.2836586833000183,0.45751739293336874,3.8883863329887376,0.04896464943885803,9.069520950317383,8.733769416809082,,,False
S1,train,1,1,statistical_embedding_fusion,32,208,208,47.49882987370858,34.745069494442255,36.547428131103516,23.07436399459839,115.90254325866694,15.146073341369629,274.9165344238281,179.80569458007812,,,False
S1,train,1,1,statistical_embedding_raw,32,208,208,47.49882987370858,34.745069494442255,36.547428131103516,23.07436399459839,115.90254325866694,15.146073341369629,274.9165344238281,179.80569458007812,,,False
S1,validation,1,1,classifier_input,546,104,104,59.46579531522897,75.10446414161017,35.798654556274414,24.49262456893921,204.3396476745603,21.01104164123535,504.10418701171875,319.2388000488281,,,False
S1,validation,1,1,deep_embedding_fusion,514,104,104,13.870730299216051,3.6463014716197866,12.659673690795898,9.669168758392335,20.34923973083496,9.382168769836426,22.530506134033203,4.416219711303711,,,False
S1,validation,1,1,deep_embedding_raw,514,104,104,13.870730299216051,3.6463014716197866,12.659673690795898,9.669168758392335,20.34923973083496,9.382168769836426,22.530506134033203,4.416219711303711,,,False
S1,validation,1,1,fused_embedding,546,104,104,59.46579531522897,75.10446414161017,35.798654556274414,24.49262456893921,204.3396476745603,21.01104164123535,504.10418701171875,319.2388000488281,,,False
S1,validation,1,1,logits,2,104,104,1.9032461078336032,2.9527962042744647,1.2221640348434448,0.39804828613996507,5.0336963891983,0.03165775164961815,24.642850875854492,17.872467041015625,,,False
S1,validation,1,1,statistical_embedding_fusion,32,104,104,57.049782514572144,75.61320306656025,33.32313346862793,21.6233868598938,203.61875534057592,18.071226119995117,503.8082275390625,319.2388000488281,,,False
S1,validation,1,1,statistical_embedding_raw,32,104,104,57.049782514572144,75.61320306656025,33.32313346862793,21.6233868598938,203.61875534057592,18.071226119995117,503.8082275390625,319.2388000488281,,,False
S1,validation,1,1,deep_to_statistical_raw_mean_l2_ratio,1,1,1,0.2431337980240866,0.0,0.2431337980240866,0.2431337980240866,0.2431337980240866,0.2431337980240866,0.2431337980240866,0.2431337980240866,,,False
S1,train,1,2,classifier_input,546,209,209,49.26266487705651,37.25950792773932,36.96836853027344,24.71595153808594,133.42250671386716,17.992238998413086,274.46429443359375,207.38076782226562,,,False
S1,train,1,2,deep_embedding_fusion,514,209,209,15.417976707933052,4.8783357200473425,16.43299674987793,9.165048217773437,22.285202407836913,8.56303596496582,22.73695182800293,4.678376197814941,,,False
S1,train,1,2,deep_embedding_raw,514,209,209,15.417976707933052,4.8783357200473425,16.43299674987793,9.165048217773437,22.285202407836913,8.56303596496582,22.73695182800293,4.678376197814941,,,False
S1,train,1,2,fused_embedding,546,209,209,49.26266487705651,37.25950792773932,36.96836853027344,24.71595153808594,133.42250671386716,17.992238998413086,274.46429443359375,207.38076782226562,,,False
S1,train,1,2,logits,2,209,209,2.2094556312812004,1.4052703708552075,1.7378127574920654,0.8294629573822021,4.701673698425293,0.11818650364875793,11.357215881347656,10.56721019744873,,,False
S1,train,1,2,statistical_embedding_fusion,32,209,209,46.06487303373346,37.840707838666916,34.04446029663086,22.186980056762696,131.9440979003906,15.431295394897461,273.9105224609375,207.38076782226562,,,False
S1,train,1,2,statistical_embedding_raw,32,209,209,46.06487303373346,37.840707838666916,34.04446029663086,22.186980056762696,131.9440979003906,15.431295394897461,273.9105224609375,207.38076782226562,,,False
S1,validation,1,2,classifier_input,546,103,103,50.341569493117845,59.149313466569225,34.3375244140625,24.752331161499022,124.3078018188475,21.190902709960938,533.74560546875,344.420654296875,,,False
S1,validation,1,2,deep_embedding_fusion,514,103,103,15.593360280527651,4.978186131617547,16.05472183227539,9.082204914093017,22.445406341552733,8.282186508178711,22.693140029907227,4.891048908233643,,,False
S1,validation,1,2,deep_embedding_raw,514,103,103,15.593360280527651,4.978186131617547,16.05472183227539,9.082204914093017,22.445406341552733,8.282186508178711,22.693140029907227,4.891048908233643,,,False
S1,validation,1,2,fused_embedding,546,103,103,50.341569493117845,59.149313466569225,34.3375244140625,24.752331161499022,124.3078018188475,21.190902709960938,533.74560546875,344.420654296875,,,False
S1,validation,1,2,logits,2,103,103,1.9187255223977913,1.7472846090482346,1.5116726160049438,0.5714067995548249,4.108248972892757,0.2622753381729126,15.820028305053711,15.464781761169434,,,False
S1,validation,1,2,statistical_embedding_fusion,32,103,103,46.91580644626062,59.70568711749677,31.1198787689209,20.75731601715088,122.78437576293928,15.472633361816406,533.3635864257812,344.420654296875,,,False
S1,validation,1,2,statistical_embedding_raw,32,103,103,46.91580644626062,59.70568711749677,31.1198787689209,20.75731601715088,122.78437576293928,15.472633361816406,533.3635864257812,344.420654296875,,,False
S1,validation,1,2,deep_to_statistical_raw_mean_l2_ratio,1,1,1,0.33236901295491866,0.0,0.33236901295491866,0.33236901295491866,0.33236901295491866,0.33236901295491866,0.33236901295491866,0.33236901295491866,,,False
S1,train,2,0,classifier_input,546,207,207,48.53187531549573,35.675387843249865,36.87678146362305,24.61412582397461,125.44977340698229,18.827726364135742,286.55908203125,226.2324676513672,,,False
S1,train,2,0,deep_embedding_fusion,514,207,207,11.561515255250793,2.140226519741411,10.869176864624023,9.98445110321045,16.763586044311523,9.100238800048828,19.98270034790039,4.49362325668335,,,False
S1,train,2,0,deep_embedding_raw,514,207,207,11.561515255250793,2.140226519741411,10.869176864624023,9.98445110321045,16.763586044311523,9.100238800048828,19.98270034790039,4.49362325668335,,,False
S1,train,2,0,fused_embedding,546,207,207,48.53187531549573,35.675387843249865,36.87678146362305,24.61412582397461,125.44977340698229,18.827726364135742,286.55908203125,226.2324676513672,,,False
S1,train,2,0,logits,2,207,207,1.560561576327264,1.322794407149016,1.1316927671432495,0.3241547912359238,4.697616291046139,0.08704996109008789,6.21023416519165,5.867563724517822,,,False
S1,train,2,0,statistical_embedding_fusion,32,207,207,46.784835488324006,36.07167289815569,35.08961486816406,22.15191993713379,124.73436203002916,15.434325218200684,286.0057373046875,226.2324676513672,,,False
S1,train,2,0,statistical_embedding_raw,32,207,207,46.784835488324006,36.07167289815569,35.08961486816406,22.15191993713379,124.73436203002916,15.434325218200684,286.0057373046875,226.2324676513672,,,False
S1,validation,2,0,classifier_input,546,105,105,44.651372582571845,41.763936090614145,34.06587219238281,24.719885635375977,94.87576446533197,22.489694595336914,392.3891296386719,246.27337646484375,,,False
S1,validation,2,0,deep_embedding_fusion,514,105,105,11.354849588303338,1.7197983613099617,10.8467435836792,10.115939903259278,15.853982353210444,9.950294494628906,19.04868507385254,3.6039962768554688,,,False
S1,validation,2,0,deep_embedding_raw,514,105,105,11.354849588303338,1.7197983613099617,10.8467435836792,10.115939903259278,15.853982353210444,9.950294494628906,19.04868507385254,3.6039962768554688,,,False
S1,validation,2,0,fused_embedding,546,105,105,44.651372582571845,41.763936090614145,34.06587219238281,24.719885635375977,94.87576446533197,22.489694595336914,392.3891296386719,246.27337646484375,,,False
S1,validation,2,0,logits,2,105,105,1.4922848470154262,1.5646913878051913,1.1883732080459595,0.3323034763336182,3.54188232421875,0.16045397520065308,12.647473335266113,10.111833572387695,,,False
S1,validation,2,0,statistical_embedding_fusion,32,105,105,42.866252953665594,42.05743566909611,32.2226676940918,22.308815002441406,93.1937133789062,19.614309310913086,392.11370849609375,246.27337646484375,,,False
S1,validation,2,0,statistical_embedding_raw,32,105,105,42.866252953665594,42.05743566909611,32.2226676940918,22.308815002441406,93.1937133789062,19.614309310913086,392.11370849609375,246.27337646484375,,,False
S1,validation,2,0,deep_to_statistical_raw_mean_l2_ratio,1,1,1,0.26489018297393213,0.0,0.26489018297393213,0.26489018297393213,0.26489018297393213,0.26489018297393213,0.26489018297393213,0.26489018297393213,,,False
S1,train,2,1,classifier_input,546,208,208,50.15538699810322,35.399019058702336,38.191322326660156,26.552727794647218,115.87297019958494,21.059385299682617,295.0045471191406,235.21534729003906,,,False
S1,train,2,1,deep_embedding_fusion,514,208,208,16.39955770969391,4.726837854018114,16.92073631286621,8.889352893829345,22.636527442932127,8.520692825317383,22.827255249023438,4.779190540313721,,,False
S1,train,2,1,deep_embedding_raw,514,208,208,16.39955770969391,4.726837854018114,16.92073631286621,8.889352893829345,22.636527442932127,8.520692825317383,22.827255249023438,4.779190540313721,,,False
S1,train,2,1,fused_embedding,546,208,208,50.15538699810322,35.399019058702336,38.191322326660156,26.552727794647218,115.87297019958494,21.059385299682617,295.0045471191406,235.21534729003906,,,False
S1,train,2,1,logits,2,208,208,2.3335583625504603,1.4306729448164583,1.9057465195655823,0.7857211381196976,5.577448129653929,0.24826103448867798,7.094239711761475,6.642670631408691,,,False
S1,train,2,1,statistical_embedding_fusion,32,208,208,46.6646353831658,36.05704046449718,34.44253158569336,23.733337783813475,114.48442687988278,16.053070068359375,294.5105895996094,235.21534729003906,,,False
S1,train,2,1,statistical_embedding_raw,32,208,208,46.6646353831658,36.05704046449718,34.44253158569336,23.733337783813475,114.48442687988278,16.053070068359375,294.5105895996094,235.21534729003906,,,False
S1,validation,2,1,classifier_input,546,104,104,51.42282067812406,51.25232776710382,36.617130279541016,25.0483060836792,131.39994354248037,22.430875778198242,375.31622314453125,240.09765625,,,False
S1,validation,2,1,deep_embedding_fusion,514,104,104,16.30283891237699,4.8592624806710205,16.9517240524292,8.777403402328492,22.54095220565796,8.297962188720703,22.714136123657227,4.270148277282715,,,False
S1,validation,2,1,deep_embedding_raw,514,104,104,16.30283891237699,4.8592624806710205,16.9517240524292,8.777403402328492,22.54095220565796,8.297962188720703,22.714136123657227,4.270148277282715,,,False
S1,validation,2,1,fused_embedding,546,104,104,51.42282067812406,51.25232776710382,36.617130279541016,25.0483060836792,131.39994354248037,22.430875778198242,375.31622314453125,240.09765625,,,False
S1,validation,2,1,logits,2,104,104,2.0635314209816547,1.9071641019225323,1.5186641812324524,0.5724415212869645,5.330142712593077,0.17424365878105164,11.912267684936523,11.668962478637695,,,False
S1,validation,2,1,statistical_embedding_fusion,32,104,104,47.61980241995592,52.1070385245046,31.934446334838867,20.861652755737303,130.15594444274893,15.056297302246094,374.93170166015625,240.09765625,,,False
S1,validation,2,1,statistical_embedding_raw,32,104,104,47.61980241995592,52.1070385245046,31.934446334838867,20.861652755737303,130.15594444274893,15.056297302246094,374.93170166015625,240.09765625,,,False
S1,validation,2,1,deep_to_statistical_raw_mean_l2_ratio,1,1,1,0.34235419056558286,0.0,0.34235419056558286,0.34235419056558286,0.34235419056558286,0.34235419056558286,0.34235419056558286,0.34235419056558286,,,False
S1,train,2,2,classifier_input,546,209,209,49.22358322143555,36.85236546539121,37.248291015625,25.482251358032226,125.84132232666015,19.94598388671875,304.4378662109375,243.383056640625,,,False
S1,train,2,2,deep_embedding_fusion,514,209,209,14.637624681281132,5.105028977295484,13.752494812011719,8.599849891662597,22.291755294799806,7.889549255371094,22.70478630065918,5.348711013793945,,,False
S1,train,2,2,deep_embedding_raw,514,209,209,14.637624681281132,5.105028977295484,13.752494812011719,8.599849891662597,22.291755294799806,7.889549255371094,22.70478630065918,5.348711013793945,,,False
S1,train,2,2,fused_embedding,546,209,209,49.22358322143555,36.85236546539121,37.248291015625,25.482251358032226,125.84132232666015,19.94598388671875,304.4378662109375,243.383056640625,,,False
S1,train,2,2,logits,2,209,209,2.2972752433359336,1.4610162854770816,1.794853687286377,0.6549413442611695,5.115694236755371,0.18735986948013306,9.153467178344727,9.12380599975586,,,False
S1,train,2,2,statistical_embedding_fusion,32,209,209,46.40624824779456,37.24864984602906,34.5930290222168,23.146553421020506,124.76097106933594,15.322917938232422,303.87615966796875,243.383056640625,,,False
S1,train,2,2,statistical_embedding_raw,32,209,209,46.40624824779456,37.24864984602906,34.5930290222168,23.146553421020506,124.76097106933594,15.322917938232422,303.87615966796875,243.383056640625,,,False
S1,validation,2,2,classifier_input,546,103,103,42.391692874501054,29.77168587159419,33.70039367675781,22.344855499267577,96.68064956665016,18.51017951965332,190.81768798828125,133.18927001953125,,,False
S1,validation,2,2,deep_embedding_fusion,514,103,103,14.03012848826288,4.833478410988294,13.597024917602539,8.603825759887695,22.1878095626831,8.136991500854492,22.7553653717041,4.625432968139648,,,False
S1,validation,2,2,deep_embedding_raw,514,103,103,14.03012848826288,4.833478410988294,13.597024917602539,8.603825759887695,22.1878095626831,8.136991500854492,22.7553653717041,4.625432968139648,,,False
S1,validation,2,2,fused_embedding,546,103,103,42.391692874501054,29.77168587159419,33.70039367675781,22.344855499267577,96.68064956665016,18.51017951965332,190.81768798828125,133.18927001953125,,,False
S1,validation,2,2,logits,2,103,103,1.6775798554559356,1.1204211151446488,1.290272831916809,0.45147614479064946,3.700834321975707,0.14275546371936798,5.486228942871094,5.46462869644165,,,False
S1,validation,2,2,statistical_embedding_fusion,32,103,103,39.55486733705095,29.982722541532063,30.81113624572754,20.60857219696045,95.02061691284155,15.333523750305176,189.8350372314453,133.18927001953125,,,False
S1,validation,2,2,statistical_embedding_raw,32,103,103,39.55486733705095,29.982722541532063,30.81113624572754,20.60857219696045,95.02061691284155,15.333523750305176,189.8350372314453,133.18927001953125,,,False
S1,validation,2,2,deep_to_statistical_raw_mean_l2_ratio,1,1,1,0.354700430890357,0.0,0.354700430890357,0.354700430890357,0.354700430890357,0.354700430890357,0.354700430890357,0.354700430890357,,,False
S1,train,3,0,classifier_input,546,208,208,47.51501216338231,37.64258543525993,36.55272674560547,24.13316822052002,106.79476432800291,18.92742919921875,304.02838134765625,243.96202087402344,,,False
S1,train,3,0,deep_embedding_fusion,514,208,208,10.534899945442493,2.045778767511162,9.63766098022461,9.093971633911133,15.182507705688472,8.735533714294434,18.848403930664062,5.035947799682617,,,False
S1,train,3,0,deep_embedding_raw,514,208,208,10.534899945442493,2.045778767511162,9.63766098022461,9.093971633911133,15.182507705688472,8.735533714294434,18.848403930664062,5.035947799682617,,,False
S1,train,3,0,fused_embedding,546,208,208,47.51501216338231,37.64258543525993,36.55272674560547,24.13316822052002,106.79476432800291,18.92742919921875,304.02838134765625,243.96202087402344,,,False
S1,train,3,0,logits,2,208,208,1.552548860056469,1.2308309780043627,1.3449342846870422,0.3820717453956604,3.3610450029373125,0.1356518417596817,10.348342895507812,10.256105422973633,,,False
S1,train,3,0,statistical_embedding_fusion,32,208,208,46.09095094754146,37.88407831976417,35.3160514831543,22.090547275543212,105.88024826049804,16.355146408081055,303.5190124511719,243.96202087402344,,,False
S1,train,3,0,statistical_embedding_raw,32,208,208,46.09095094754146,37.88407831976417,35.3160514831543,22.090547275543212,105.88024826049804,16.355146408081055,303.5190124511719,243.96202087402344,,,False
S1,validation,3,0,classifier_input,546,105,105,46.249795750209266,51.68691647630429,32.91266632080078,23.467882919311524,113.62943267822264,18.815921783447266,403.4433898925781,160.29623413085938,,,False
S1,validation,3,0,deep_embedding_fusion,514,105,105,10.582129596528553,1.9143780136816404,9.770938873291016,9.015804481506347,14.841465759277341,8.65810775756836,18.448049545288086,3.794741630554199,,,False
S1,validation,3,0,deep_embedding_raw,514,105,105,10.582129596528553,1.9143780136816404,9.770938873291016,9.015804481506347,14.841465759277341,8.65810775756836,18.448049545288086,3.794741630554199,,,False
S1,validation,3,0,fused_embedding,546,105,105,46.249795750209266,51.68691647630429,32.91266632080078,23.467882919311524,113.62943267822264,18.815921783447266,403.4433898925781,160.29623413085938,,,False
S1,validation,3,0,logits,2,105,105,1.4592852686132705,1.0974977941521333,1.2087916135787964,0.5540349841117859,3.026069784164428,0.28489673137664795,8.893784523010254,6.892126560211182,,,False
S1,validation,3,0,statistical_embedding_fusion,32,105,105,44.67589707147508,51.95477194137585,30.808706283569336,21.36223258972168,112.69082031249998,16.27265167236328,403.07366943359375,160.29623413085938,,,False
S1,validation,3,0,statistical_embedding_raw,32,105,105,44.67589707147508,51.95477194137585,30.808706283569336,21.36223258972168,112.69082031249998,16.27265167236328,403.07366943359375,160.29623413085938,,,False
S1,validation,3,0,deep_to_statistical_raw_mean_l2_ratio,1,1,1,0.23686440094529387,0.0,0.23686440094529387,0.23686440094529387,0.23686440094529387,0.23686440094529387,0.23686440094529387,0.23686440094529387,,,False
S1,train,3,1,classifier_input,546,208,208,49.45642338349269,36.13643821525995,38.433555603027344,26.680196857452394,128.96150360107407,19.075546264648438,311.92047119140625,260.8943176269531,,,False
S1,train,3,1,deep_embedding_fusion,514,208,208,14.45929911503425,3.560802105766426,14.425244808197021,9.860200119018554,20.812133693695067,9.391263008117676,22.11060905456543,4.3735432624816895,,,False
S1,train,3,1,deep_embedding_raw,514,208,208,14.45929911503425,3.560802105766426,14.425244808197021,9.860200119018554,20.812133693695067,9.391263008117676,22.11060905456543,4.3735432624816895,,,False
S1,train,3,1,fused_embedding,546,208,208,49.45642338349269,36.13643821525995,38.433555603027344,26.680196857452394,128.96150360107407,19.075546264648438,311.92047119140625,260.8943176269531,,,False
S1,train,3,1,logits,2,208,208,1.8949362801101346,1.2738437489206873,1.569183111190796,0.5398521900177002,4.33131966590881,0.1591382473707199,7.822436809539795,6.466198444366455,,,False
S1,train,3,1,statistical_embedding_fusion,32,208,208,46.745018968215355,36.67673091867481,35.51902961730957,23.140371131896973,127.78183135986313,16.495046615600586,311.47955322265625,260.8943176269531,,,False
S1,train,3,1,statistical_embedding_raw,32,208,208,46.745018968215355,36.67673091867481,35.51902961730957,23.140371131896973,127.78183135986313,16.495046615600586,311.47955322265625,260.8943176269531,,,False
S1,validation,3,1,classifier_input,546,105,105,50.312224833170575,52.857444152202355,37.57347106933594,25.807210540771486,102.37150268554684,20.984054565429688,406.3358459472656,252.6822967529297,,,False
S1,validation,3,1,deep_embedding_fusion,514,105,105,14.768854213896251,3.8550532145557104,14.205896377563477,9.804832267761231,21.819282913208006,9.383838653564453,22.371337890625,4.035562038421631,,,False
S1,validation,3,1,deep_embedding_raw,514,105,105,14.768854213896251,3.8550532145557104,14.205896377563477,9.804832267761231,21.819282913208006,9.383838653564453,22.371337890625,4.035562038421631,,,False
S1,validation,3,1,fused_embedding,546,105,105,50.312224833170575,52.857444152202355,37.57347106933594,25.807210540771486,102.37150268554684,20.984054565429688,406.3358459472656,252.6822967529297,,,False
S1,validation,3,1,logits,2,105,105,1.8471652229626974,1.2809676993783308,1.4809216260910034,0.5277554750442505,4.207715702056884,0.09624175727367401,7.173903942108154,6.9016337394714355,,,False
S1,validation,3,1,statistical_embedding_fusion,32,105,105,47.378369394938154,53.36850780146678,34.97661209106445,22.07261734008789,100.71824951171871,16.196792602539062,406.00146484375,252.6822967529297,,,False
S1,validation,3,1,statistical_embedding_raw,32,105,105,47.378369394938154,53.36850780146678,34.97661209106445,22.07261734008789,100.71824951171871,16.196792602539062,406.00146484375,252.6822967529297,,,False
S1,validation,3,1,deep_to_statistical_raw_mean_l2_ratio,1,1,1,0.3117214543790132,0.0,0.3117214543790132,0.3117214543790132,0.3117214543790132,0.3117214543790132,0.3117214543790132,0.3117214543790132,,,False
S1,train,3,2,classifier_input,546,210,210,49.995880699157716,35.76421207088912,38.786319732666016,28.547716236114503,112.89201622009256,23.4659481048584,267.6446228027344,197.90122985839844,,,False
S1,train,3,2,deep_embedding_fusion,514,210,210,16.140438093457902,1.3602727885590127,16.145263671875,14.075773334503173,18.875864982604977,11.238632202148438,20.857391357421875,3.49765944480896,,,False
S1,train,3,2,deep_embedding_raw,514,210,210,16.140438093457902,1.3602727885590127,16.145263671875,14.075773334503173,18.875864982604977,11.238632202148438,20.857391357421875,3.49765944480896,,,False
S1,train,3,2,fused_embedding,546,210,210,49.995880699157716,35.76421207088912,38.786319732666016,28.547716236114503,112.89201622009256,23.4659481048584,267.6446228027344,197.90122985839844,,,False
S1,train,3,2,logits,2,210,210,1.5318906470778442,1.0614905593322195,1.2387652397155762,0.4373449787497521,3.6962908387184137,0.07390277832746506,7.0400848388671875,5.666930675506592,,,False
S1,train,3,2,statistical_embedding_fusion,32,210,210,46.601516333080475,36.67320536410428,35.39324378967285,23.449941444396973,111.82668838500955,17.25567626953125,266.8789367675781,197.90122985839844,,,False
S1,train,3,2,statistical_embedding_raw,32,210,210,46.601516333080475,36.67320536410428,35.39324378967285,23.449941444396973,111.82668838500955,17.25567626953125,266.8789367675781,197.90122985839844,,,False
S1,validation,3,2,classifier_input,546,103,103,43.297011810599024,32.607092126135164,34.943782806396484,25.914945602416992,86.22917404174802,22.56635093688965,317.5530700683594,249.8202667236328,,,False
S1,validation,3,2,deep_embedding_fusion,514,103,103,16.059880330724624,1.0290394358655863,16.194984436035156,14.145730972290039,17.189305305480957,12.291048049926758,19.1884822845459,3.294118642807007,,,False
S1,validation,3,2,deep_embedding_raw,514,103,103,16.059880330724624,1.0290394358655863,16.194984436035156,14.145730972290039,17.189305305480957,12.291048049926758,19.1884822845459,3.294118642807007,,,False
S1,validation,3,2,fused_embedding,546,103,103,43.297011810599024,32.607092126135164,34.943782806396484,25.914945602416992,86.22917404174802,22.56635093688965,317.5530700683594,249.8202667236328,,,False
S1,validation,3,2,logits,2,103,103,1.1639341059529666,0.878902461552683,1.016289234161377,0.23735128194093705,2.6621901035308824,0.15303686261177063,5.421243190765381,5.327129364013672,,,False
S1,validation,3,2,statistical_embedding_fusion,32,103,103,39.49378995062078,33.461529920693145,30.702486038208008,20.11893653869629,84.39749145507811,15.776317596435547,316.9747314453125,249.8202667236328,,,False
S1,validation,3,2,statistical_embedding_raw,32,103,103,39.49378995062078,33.461529920693145,30.702486038208008,20.11893653869629,84.39749145507811,15.776317596435547,316.9747314453125,249.8202667236328,,,False
S1,validation,3,2,deep_to_statistical_raw_mean_l2_ratio,1,1,1,0.4066431798721862,0.0,0.4066431798721862,0.4066431798721862,0.4066431798721862,0.4066431798721862,0.4066431798721862,0.4066431798721862,,,False
S1,train,4,0,classifier_input,546,208,208,48.69170119212224,37.57429336929495,38.254974365234375,25.707964515686037,110.36580390930169,18.087387084960938,281.10467529296875,211.3471221923828,,,False
S1,train,4,0,deep_embedding_fusion,514,208,208,14.337856035966139,3.953203551237479,14.173846244812012,8.799168682098388,21.05292072296142,8.19758415222168,22.31198501586914,5.084643363952637,,,False
S1,train,4,0,deep_embedding_raw,514,208,208,14.337856035966139,3.953203551237479,14.173846244812012,8.799168682098388,21.05292072296142,8.19758415222168,22.31198501586914,5.084643363952637,,,False
S1,train,4,0,fused_embedding,546,208,208,48.69170119212224,37.57429336929495,38.254974365234375,25.707964515686037,110.36580390930169,18.087387084960938,281.10467529296875,211.3471221923828,,,False
S1,train,4,0,logits,2,208,208,1.7649484362739782,1.2518577588875492,1.360716700553894,0.5534224808216095,4.397943902015685,0.23145607113838196,9.349355697631836,8.906826972961426,,,False
S1,train,4,0,statistical_embedding_fusion,32,208,208,45.97022629701174,38.059127146492266,35.11363220214844,23.191896057128908,109.4115043640136,15.76519775390625,280.5243225097656,211.3471221923828,,,False
S1,train,4,0,statistical_embedding_raw,32,208,208,45.97022629701174,38.059127146492266,35.11363220214844,23.191896057128908,109.4115043640136,15.76519775390625,280.5243225097656,211.3471221923828,,,False
S1,validation,4,0,classifier_input,546,105,105,43.685917191278364,29.92773825800403,35.150848388671875,26.451237869262695,85.24874725341793,21.79562759399414,247.26707458496094,136.72564697265625,,,False
S1,validation,4,0,deep_embedding_fusion,514,105,105,14.002416874113537,3.9484326578145477,13.827469825744629,8.636797332763672,20.90311050415039,8.339136123657227,21.826988220214844,4.898088455200195,,,False
S1,validation,4,0,deep_embedding_raw,514,105,105,14.002416874113537,3.9484326578145477,13.827469825744629,8.636797332763672,20.90311050415039,8.339136123657227,21.826988220214844,4.898088455200195,,,False
S1,validation,4,0,fused_embedding,546,105,105,43.685917191278364,29.92773825800403,35.150848388671875,26.451237869262695,85.24874725341793,21.79562759399414,247.26707458496094,136.72564697265625,,,False
S1,validation,4,0,logits,2,105,105,1.4698843734604972,1.509768152687759,1.204702615737915,0.40080251097679137,2.9043401718139643,0.17136570811271667,14.549235343933105,13.48668098449707,,,False
S1,validation,4,0,statistical_embedding_fusion,32,105,105,40.847470764886765,30.403571361542745,31.748607635498047,22.95926704406738,83.08775634765622,15.843456268310547,246.53793334960938,136.72564697265625,,,False
S1,validation,4,0,statistical_embedding_raw,32,105,105,40.847470764886765,30.403571361542745,31.748607635498047,22.95926704406738,83.08775634765622,15.843456268310547,246.53793334960938,136.72564697265625,,,False
S1,validation,4,0,deep_to_statistical_raw_mean_l2_ratio,1,1,1,0.3427976472450351,0.0,0.3427976472450351,0.3427976472450351,0.3427976472450351,0.3427976472450351,0.3427976472450351,0.3427976472450351,,,False
S1,train,4,1,classifier_input,546,208,208,50.63201931806711,35.49917859167653,38.69787406921387,28.104064178466796,123.5822471618652,23.491464614868164,226.4150848388672,185.4368438720703,,,False
S1,train,4,1,deep_embedding_fusion,514,208,208,17.056915828814873,3.550947057202882,17.483019828796387,11.609966659545899,22.213336277008054,10.057409286499023,22.601533889770508,4.545717716217041,,,False
S1,train,4,1,deep_embedding_raw,514,208,208,17.056915828814873,3.550947057202882,17.483019828796387,11.609966659545899,22.213336277008054,10.057409286499023,22.601533889770508,4.545717716217041,,,False
S1,train,4,1,fused_embedding,546,208,208,50.63201931806711,35.49917859167653,38.69787406921387,28.104064178466796,123.5822471618652,23.491464614868164,226.4150848388672,185.4368438720703,,,False
S1,train,4,1,logits,2,208,208,2.8040979945172486,1.4732169153929495,2.772303581237793,0.7105985999107362,5.276045608520503,0.12574785947799683,8.772795677185059,8.714632987976074,,,False
S1,train,4,1,statistical_embedding_fusion,32,208,208,46.845186747037445,36.41636577183407,34.63596534729004,23.06549997329712,122.19420967102047,18.277812957763672,225.72061157226562,185.4368438720703,,,False
S1,train,4,1,statistical_embedding_raw,32,208,208,46.845186747037445,36.41636577183407,34.63596534729004,23.06549997329712,122.19420967102047,18.277812957763672,225.72061157226562,185.4368438720703,,,False
S1,validation,4,1,classifier_input,546,105,105,62.43426404680525,100.27781416657182,35.74394989013672,26.49795265197754,151.56141662597656,20.612489700317383,731.1734008789062,452.65777587890625,,,False
S1,validation,4,1,deep_embedding_fusion,514,105,105,15.270652444022042,3.092794886408595,15.165271759033203,10.755541801452637,21.07140350341797,9.264908790588379,22.52518653869629,4.521509170532227,,,False
S1,validation,4,1,deep_embedding_raw,514,105,105,15.270652444022042,3.092794886408595,15.165271759033203,10.755541801452637,21.07140350341797,9.264908790588379,22.52518653869629,4.521509170532227,,,False
S1,validation,4,1,fused_embedding,546,105,105,62.43426404680525,100.27781416657182,35.74394989013672,26.49795265197754,151.56141662597656,20.612489700317383,731.1734008789062,452.65777587890625,,,False
S1,validation,4,1,logits,2,105,105,2.2387954513231914,1.4627025797439852,1.9077767133712769,0.5003257632255554,5.302500629425048,0.26512134075164795,7.069562911987305,6.843053340911865,,,False
S1,validation,4,1,statistical_embedding_fusion,32,105,105,59.049550755818686,101.12260584647312,31.067516326904297,20.851066207885744,150.84261169433594,14.177007675170898,730.939697265625,452.65777587890625,,,False
S1,validation,4,1,statistical_embedding_raw,32,105,105,59.049550755818686,101.12260584647312,31.067516326904297,20.851066207885744,150.84261169433594,14.177007675170898,730.939697265625,452.65777587890625,,,False
S1,validation,4,1,deep_to_statistical_raw_mean_l2_ratio,1,1,1,0.2586074279746707,0.0,0.2586074279746707,0.2586074279746707,0.2586074279746707,0.2586074279746707,0.2586074279746707,0.2586074279746707,,,False
S1,train,4,2,classifier_input,546,210,210,47.89553134554908,36.76091379742037,36.79469108581543,25.209891700744627,123.99145965576163,20.064903259277344,269.38958740234375,210.9639892578125,,,False
S1,train,4,2,deep_embedding_fusion,514,210,210,10.718150956290108,0.607714784243303,10.554074764251709,10.4483726978302,11.650313425064084,10.263484001159668,15.309429168701172,2.8024845123291016,,,False
S1,train,4,2,deep_embedding_raw,514,210,210,10.718150956290108,0.607714784243303,10.554074764251709,10.4483726978302,11.650313425064084,10.263484001159668,15.309429168701172,2.8024845123291016,,,False
S1,train,4,2,fused_embedding,546,210,210,47.89553134554908,36.76091379742037,36.79469108581543,25.209891700744627,123.99145965576163,20.064903259277344,269.38958740234375,210.9639892578125,,,False
S1,train,4,2,logits,2,210,210,1.5587213978526138,1.1785647038825235,1.286857008934021,0.37772706449031834,3.640731549262999,0.1129196360707283,9.120842933654785,8.020307540893555,,,False
S1,train,4,2,statistical_embedding_fusion,32,210,210,46.366251582191104,37.15386092852949,35.27980422973633,22.93594808578491,123.5241123199462,17.069299697875977,268.9737243652344,210.9639892578125,,,False
S1,train,4,2,statistical_embedding_raw,32,210,210,46.366251582191104,37.15386092852949,35.27980422973633,22.93594808578491,123.5241123199462,17.069299697875977,268.9737243652344,210.9639892578125,,,False
S1,validation,4,2,classifier_input,546,103,103,38.611386993556344,22.373200721184993,34.445430755615234,24.063007354736328,65.6225143432617,22.091796875,182.3940887451172,135.1488037109375,,,False
S1,validation,4,2,deep_embedding_fusion,514,103,103,10.629920339121401,0.41969326046774413,10.548890113830566,10.39307518005371,11.026262283325195,9.774113655090332,12.912881851196289,2.4909160137176514,,,False
S1,validation,4,2,deep_embedding_raw,514,103,103,10.629920339121401,0.41969326046774413,10.548890113830566,10.39307518005371,11.026262283325195,9.774113655090332,12.912881851196289,2.4909160137176514,,,False
S1,validation,4,2,fused_embedding,546,103,103,38.611386993556344,22.373200721184993,34.445430755615234,24.063007354736328,65.6225143432617,22.091796875,182.3940887451172,135.1488037109375,,,False
S1,validation,4,2,logits,2,103,103,1.2920596243687046,0.927127974446006,1.1348963975906372,0.3648472398519516,2.494100928306579,0.16837695240974426,5.979259014129639,5.957380771636963,,,False
S1,validation,4,2,statistical_embedding_fusion,32,103,103,36.91032330040793,22.71580216634673,32.82563781738281,21.628076553344727,64.76521072387693,19.377418518066406,181.95993041992188,135.1488037109375,,,False
S1,validation,4,2,statistical_embedding_raw,32,103,103,36.91032330040793,22.71580216634673,32.82563781738281,21.628076553344727,64.76521072387693,19.377418518066406,181.95993041992188,135.1488037109375,,,False
S1,validation,4,2,deep_to_statistical_raw_mean_l2_ratio,1,1,1,0.28799315174256196,0.0,0.28799315174256196,0.28799315174256196,0.28799315174256196,0.28799315174256196,0.28799315174256196,0.28799315174256196,,,False
S2,train,0,0,classifier_input,546,205,205,23.37733865133146,0.044147964937486246,23.355234146118164,23.337648010253908,23.47140235900879,23.3337345123291,23.54156494140625,4.768190860748291,,,False
S2,train,0,0,deep_embedding_fusion,514,205,205,22.67419460575755,0.04593767118108556,22.65155029296875,22.635438537597658,22.772459030151367,22.63291358947754,22.84543228149414,4.768190860748291,,,False
S2,train,0,0,deep_embedding_raw,514,205,205,11.60849726141953,3.482911839725522,9.767375946044922,8.83508243560791,19.274332427978514,8.362915992736816,21.276878356933594,4.250644683837891,,,False
S2,train,0,0,fused_embedding,546,205,205,23.37733865133146,0.044147964937486246,23.355234146118164,23.337648010253908,23.47140235900879,23.3337345123291,23.54156494140625,4.768190860748291,,,False
S2,train,0,0,logits,2,205,205,1.7746696534680158,0.8478172548367224,1.5066090822219849,0.7349635839462281,3.3812410831451394,0.19373613595962524,4.661699295043945,3.7273058891296387,,,False
S2,train,0,0,statistical_embedding_fusion,32,205,205,5.690371766904505,0.019200843631639593,5.688599109649658,5.663096714019775,5.723076057434082,5.612718105316162,5.757509231567383,4.599935054779053,,,False
S2,train,0,0,statistical_embedding_raw,32,205,205,46.503925035057996,37.31504245653864,34.8913688659668,22.53327293395996,125.97796478271475,17.959238052368164,255.78834533691406,184.7195587158203,,,False
S2,validation,0,0,classifier_input,546,105,105,23.37468586876279,0.04171097762463646,23.356063842773438,23.337608337402344,23.466145706176757,23.331567764282227,23.50968360900879,4.998830795288086,,,False
S2,validation,0,0,deep_embedding_fusion,514,105,105,22.672716740199498,0.043919376342947715,22.65113067626953,22.63529853820801,22.76631736755371,22.633495330810547,22.812612533569336,4.998830795288086,,,False
S2,validation,0,0,deep_embedding_raw,514,105,105,11.314635603768485,2.779986179413041,10.181337356567383,8.681015777587891,16.95913276672363,8.08393669128418,18.913291931152344,3.4832098484039307,,,False
S2,validation,0,0,fused_embedding,546,105,105,23.37468586876279,0.04171097762463646,23.356063842773438,23.337608337402344,23.466145706176757,23.331567764282227,23.50968360900879,4.998830795288086,,,False
S2,validation,0,0,logits,2,105,105,1.2934332659556753,0.6030470887387382,1.2530341148376465,0.4419215559959412,2.3687059402465818,0.09362869709730148,3.247532606124878,2.5569002628326416,,,False
S2,validation,0,0,statistical_embedding_fusion,32,105,105,5.685371685028076,0.014929462264495916,5.684008598327637,5.660931205749511,5.712888240814209,5.637796878814697,5.72767972946167,4.656519889831543,,,False
S2,validation,0,0,statistical_embedding_raw,32,105,105,41.32587496439616,33.783924220978996,33.83058547973633,22.660724258422853,74.16461486816404,15.032917976379395,337.7641296386719,252.4971923828125,,,False
S2,validation,0,0,deep_to_statistical_raw_mean_l2_ratio,1,1,1,0.27379058794318284,0.0,0.27379058794318284,0.27379058794318284,0.27379058794318284,0.27379058794318284,0.27379058794318284,0.27379058794318284,,,False
S2,train,0,1,classifier_input,546,207,207,23.31047070083987,0.021987605695829353,23.303668975830078,23.291606903076172,23.366288566589354,23.284393310546875,23.39959144592285,5.019556522369385,,,False
S2,train,0,1,deep_embedding_fusion,514,207,207,22.60679264345031,0.021792859651507356,22.598045349121094,22.595801734924315,22.661501693725587,22.59225845336914,22.704299926757812,5.019556522369385,,,False
S2,train,0,1,deep_embedding_raw,514,207,207,11.03310725999915,1.6725872294780482,10.562499046325684,9.759034061431885,15.338279819488525,9.245142936706543,19.45348358154297,3.7467925548553467,,,False
S2,train,0,1,fused_embedding,546,207,207,23.31047070083987,0.021987605695829353,23.303668975830078,23.291606903076172,23.366288566589354,23.284393310546875,23.39959144592285,5.019556522369385,,,False
S2,train,0,1,logits,2,207,207,1.2019158984008043,0.4964430877437983,1.2131532430648804,0.4520003288984299,2.1386385679244992,0.21710233390331268,3.685918092727661,2.918227434158325,,,False
S2,train,0,1,statistical_embedding_fusion,32,207,207,5.684209814394154,0.027203838334822206,5.685488700866699,5.63898229598999,5.73319525718689,5.619466304779053,5.760833740234375,4.847537994384766,,,False
S2,train,0,1,statistical_embedding_raw,32,207,207,47.10156407563583,35.29968356217993,36.50554656982422,23.463033294677736,100.19405441284174,17.12954330444336,328.03192138671875,279.3532409667969,,,False
S2,validation,0,1,classifier_input,546,103,103,23.307761812673032,0.01856025983868914,23.301559448242188,23.292894744873045,23.349328994750977,23.286767959594727,23.378398895263672,4.863393783569336,,,False
S2,validation,0,1,deep_embedding_fusion,514,103,103,22.605092743068067,0.017888309305309224,22.598085403442383,22.595352172851562,22.644289779663087,22.59061050415039,22.67263412475586,4.291045188903809,,,False
S2,validation,0,1,deep_embedding_raw,514,103,103,11.092820445310723,1.6152023969530482,10.598616600036621,9.852472686767578,14.891675949096678,9.49640941619873,17.85822105407715,3.3642804622650146,,,False
S2,validation,0,1,fused_embedding,546,103,103,23.307761812673032,0.01856025983868914,23.301559448242188,23.292894744873045,23.349328994750977,23.286767959594727,23.378398895263672,4.863393783569336,,,False
S2,validation,0,1,logits,2,103,103,1.0615665025792076,0.3435952874695705,1.073740005493164,0.4870344638824463,1.5225481986999512,0.1900564283132553,2.2000010013580322,1.7960249185562134,,,False
S2,validation,0,1,statistical_embedding_fusion,32,103,103,5.679860008573069,0.027753849453505834,5.6783246994018555,5.637603759765625,5.7292369365692135,5.623365879058838,5.781032085418701,4.863393783569336,,,False
S2,validation,0,1,statistical_embedding_raw,32,103,103,47.41115633029382,47.76456518952429,33.86839294433594,21.088706398010252,126.48151473999019,16.812612533569336,346.2784423828125,214.79151916503906,,,False
S2,validation,0,1,deep_to_statistical_raw_mean_l2_ratio,1,1,1,0.23397067913787323,0.0,0.23397067913787323,0.23397067913787323,0.23397067913787323,0.23397067913787323,0.23397067913787323,0.23397067913787323,,,False
S2,train,0,2,classifier_input,546,208,208,23.3605819940567,0.021260225027454876,23.35194969177246,23.338832283020018,23.403398513793945,23.334678649902344,23.443235397338867,4.822929859161377,,,False
S2,train,0,2,deep_embedding_fusion,514,208,208,22.652785933934727,0.021715591557874038,22.64171028137207,22.63281879425049,22.698996448516844,22.63089942932129,22.73639488220215,4.822929859161377,,,False
S2,train,0,2,deep_embedding_raw,514,208,208,11.231078716424795,2.868799718014806,10.383790016174316,8.308955001831055,16.971263217926023,8.030535697937012,19.851465225219727,3.564631938934326,,,False
S2,train,0,2,fused_embedding,546,208,208,23.3605819940567,0.021260225027454876,23.35194969177246,23.338832283020018,23.403398513793945,23.334678649902344,23.443235397338867,4.822929859161377,,,False
S2,train,0,2,logits,2,208,208,1.185331782576843,0.5707097271316737,1.054953157901764,0.4705158770084381,2.2944478154182417,0.061862826347351074,3.3874475955963135,2.744284152984619,,,False
S2,train,0,2,statistical_embedding_fusion,32,208,208,5.706807679854906,0.020167808146967392,5.707292318344116,5.673865699768067,5.738154029846191,5.657585144042969,5.769593238830566,4.707076549530029,,,False
S2,train,0,2,statistical_embedding_raw,32,208,208,46.517283311256996,36.85855805071032,35.11586570739746,22.889449214935304,108.9800811767578,16.48882484436035,300.14013671875,243.4856719970703,,,False
S2,validation,0,2,classifier_input,546,102,102,23.359120032366583,0.019048911224456136,23.350899696350098,23.341442108154297,23.39491491317749,23.3366756439209,23.440980911254883,4.433376789093018,,,False
S2,validation,0,2,deep_embedding_fusion,514,102,102,22.649159768048456,0.019102681807801447,22.64091682434082,22.631910133361817,22.68186273574829,22.630062103271484,22.739078521728516,4.337584972381592,,,False
S2,validation,0,2,deep_embedding_raw,514,102,102,10.966199837478937,2.9359426071118198,9.588653087615967,8.32662100791931,16.671364879608152,8.151582717895508,18.356943130493164,3.1238529682159424,,,False
S2,validation,0,2,fused_embedding,546,102,102,23.359120032366583,0.019048911224456136,23.350899696350098,23.341442108154297,23.39491491317749,23.3366756439209,23.440980911254883,4.433376789093018,,,False
S2,validation,0,2,logits,2,102,102,0.9269909505166259,0.5315391705726399,0.8683070540428162,0.32114150524139407,2.1031814157962763,0.053010374307632446,2.9233570098876953,2.3904881477355957,,,False
S2,validation,0,2,statistical_embedding_fusion,32,102,102,5.715218735676186,0.018204586568610945,5.717190980911255,5.68422212600708,5.742918086051941,5.676921844482422,5.766684055328369,4.433376789093018,,,False
S2,validation,0,2,statistical_embedding_raw,32,102,102,38.81768364999809,30.852139891295792,30.299622535705566,21.32308235168457,101.79519767761215,16.454605102539062,211.11434936523438,145.3366241455078,,,False
S2,validation,0,2,deep_to_statistical_raw_mean_l2_ratio,1,1,1,0.28250526065275605,0.0,0.28250526065275605,0.28250526065275605,0.28250526065275605,0.28250526065275605,0.28250526065275605,0.28250526065275605,,,False
S2,train,1,0,classifier_input,546,207,207,23.338802374503462,0.006148250453103015,23.337589263916016,23.331469917297362,23.3519588470459,23.329242706298828,23.37049674987793,5.6730828285217285,,,False
S2,train,1,0,deep_embedding_fusion,514,207,207,22.636275876547405,0.004634177256781747,22.63493537902832,22.633243560791016,22.647451210021973,22.63092613220215,22.660646438598633,5.6730828285217285,,,False
S2,train,1,0,deep_embedding_raw,514,207,207,14.650984616671208,0.5794307580398054,14.610052108764648,13.67168207168579,15.899170398712158,12.998641967773438,16.8251895904541,3.962501287460327,,,False
S2,train,1,0,fused_embedding,546,207,207,23.338802374503462,0.006148250453103015,23.337589263916016,23.331469917297362,23.3519588470459,23.329242706298828,23.37049674987793,5.6730828285217285,,,False
S2,train,1,0,logits,2,207,207,0.9977069725484952,0.36490880864816505,1.012907862663269,0.4258963167667389,1.5043481111526489,0.047751422971487045,2.591493844985962,1.9077768325805664,,,False
S2,train,1,0,statistical_embedding_fusion,32,207,207,5.683178929315097,0.014138656022373165,5.683966159820557,5.6606972217559814,5.703320550918579,5.6364426612854,5.731694221496582,4.528419017791748,,,False
S2,train,1,0,statistical_embedding_raw,32,207,207,46.19659114229506,38.02584878512609,33.72663879394531,22.067909049987794,132.59016418457009,16.066057205200195,250.7803497314453,190.0601043701172,,,False
S2,validation,1,0,classifier_input,546,105,105,23.338819812593005,0.005200928884664958,23.337947845458984,23.331999588012696,23.345339584350587,23.329608917236328,23.36443519592285,4.367290019989014,,,False
S2,validation,1,0,deep_embedding_fusion,514,105,105,22.635469382149832,0.003571980387140328,22.634782791137695,22.63336601257324,22.637154388427735,22.63242530822754,22.659120559692383,4.360386371612549,,,False
S2,validation,1,0,deep_embedding_raw,514,105,105,14.594044458298455,0.5307725768713206,14.651853561401367,13.635641479492188,15.523068809509276,12.860559463500977,16.529422760009766,2.67502760887146,,,False
S2,validation,1,0,fused_embedding,546,105,105,23.338819812593005,0.005200928884664958,23.337947845458984,23.331999588012696,23.345339584350587,23.329608917236328,23.36443519592285,4.367290019989014,,,False
S2,validation,1,0,logits,2,105,105,0.8920736921685083,0.29473386394303397,0.9114501476287842,0.40522552132606504,1.335023283958435,0.15115879476070404,1.7639940977096558,1.5594459772109985,,,False
S2,validation,1,0,statistical_embedding_fusion,32,105,105,5.6864608310517815,0.014630384382425607,5.686962604522705,5.660465431213379,5.711703681945801,5.6525774002075195,5.720567226409912,4.367290019989014,,,False
S2,validation,1,0,statistical_embedding_raw,32,105,105,34.16123530069987,20.309077983011086,30.11587142944336,19.722695922851564,52.3881492614746,16.11220932006836,187.88748168945312,109.38238525390625,,,False
S2,validation,1,0,deep_to_statistical_raw_mean_l2_ratio,1,1,1,0.427210676951119,0.0,0.427210676951119,0.427210676951119,0.427210676951119,0.427210676951119,0.427210676951119,0.427210676951119,,,False
S2,train,1,1,classifier_input,546,208,208,23.34772726205679,0.01090913332195791,23.344758987426758,23.337686920166014,23.372431564331055,23.331071853637695,23.39990234375,5.664989471435547,,,False
S2,train,1,1,deep_embedding_fusion,514,208,208,22.6443899503121,0.011030903302545284,22.639469146728516,22.63772048950195,22.66957845687866,22.637117385864258,22.697694778442383,5.664989471435547,,,False
S2,train,1,1,deep_embedding_raw,514,208,208,11.44675706441586,0.943695944762499,11.19487190246582,10.37004313468933,13.233311510086057,10.018173217773438,17.048446655273438,3.671591281890869,,,False
S2,train,1,1,fused_embedding,546,208,208,23.34772726205679,0.01090913332195791,23.344758987426758,23.337686920166014,23.372431564331055,23.331071853637695,23.39990234375,5.664989471435547,,,False
S2,train,1,1,logits,2,208,208,0.864344051394325,0.39350820035984924,0.8458795249462128,0.25599374175071715,1.5896784663200365,0.10903361439704895,2.201627492904663,2.091982841491699,,,False
S2,train,1,1,statistical_embedding_fusion,32,208,208,5.687502806003277,0.016798687225904302,5.68815279006958,5.662297368049622,5.713351249694824,5.612591743469238,5.720923900604248,4.4184184074401855,,,False
S2,train,1,1,statistical_embedding_raw,32,208,208,47.49882987370858,34.745069494442255,36.547428131103516,23.07436399459839,115.90254325866694,15.146073341369629,274.9165344238281,179.80569458007812,,,False
S2,validation,1,1,classifier_input,546,104,104,23.348655242186325,0.011471227179424849,23.345555305480957,23.33707752227783,23.37246084213257,23.33184242248535,23.394432067871094,4.6257195472717285,,,False
S2,validation,1,1,deep_embedding_fusion,514,104,104,22.64507979613084,0.011393174078626002,22.64023494720459,22.637839984893798,22.666669273376463,22.637353897094727,22.695674896240234,4.391396999359131,,,False
S2,validation,1,1,deep_embedding_raw,514,104,104,11.582971967183626,1.169768504319074,11.272567749023438,10.465036725997924,14.16269507408142,9.848518371582031,16.472972869873047,3.1498055458068848,,,False
S2,validation,1,1,fused_embedding,546,104,104,23.348655242186325,0.011471227179424849,23.345555305480957,23.33707752227783,23.37246084213257,23.33184242248535,23.394432067871094,4.6257195472717285,,,False
S2,validation,1,1,logits,2,104,104,0.7395169242428472,0.28783932335426016,0.7436935007572174,0.3067363381385803,1.143698763847351,0.05519771948456764,1.3824503421783447,1.3640103340148926,,,False
S2,validation,1,1,statistical_embedding_fusion,32,104,104,5.688572026216066,0.014743308453532064,5.6898884773254395,5.6640928983688354,5.709151697158814,5.645999908447266,5.723483562469482,4.6257195472717285,,,False
S2,validation,1,1,statistical_embedding_raw,32,104,104,57.049782514572144,75.61320306656025,33.32313346862793,21.6233868598938,203.61875534057592,18.071226119995117,503.8082275390625,319.2388000488281,,,False
S2,validation,1,1,deep_to_statistical_raw_mean_l2_ratio,1,1,1,0.2030327103214636,0.0,0.2030327103214636,0.2030327103214636,0.2030327103214636,0.2030327103214636,0.2030327103214636,0.2030327103214636,,,False
S2,train,1,2,classifier_input,546,209,209,23.343997462514483,0.004741105413315041,23.343116760253906,23.338577651977538,23.349576950073242,23.334259033203125,23.369155883789062,4.739695072174072,,,False
S2,train,1,2,deep_embedding_fusion,514,209,209,22.646882581938968,0.0034410399627427617,22.64592170715332,22.645579147338868,22.651963424682616,22.645458221435547,22.669307708740234,4.0648884773254395,,,False
S2,train,1,2,deep_embedding_raw,514,209,209,12.63414489253286,0.34360385989909586,12.562676429748535,12.46991786956787,13.162673950195312,12.073491096496582,15.180177688598633,2.6527674198150635,,,False
S2,train,1,2,fused_embedding,546,209,209,23.343997462514483,0.004741105413315041,23.343116760253906,23.338577651977538,23.349576950073242,23.334259033203125,23.369155883789062,4.739695072174072,,,False
S2,train,1,2,logits,2,209,209,0.9011305142461398,0.3828718929035928,0.9403789639472961,0.2367646723985672,1.2920175075531004,0.0677141323685646,2.71213436126709,2.504516839981079,,,False
S2,train,1,2,statistical_embedding_fusion,32,209,209,5.662223964216606,0.012512140853651056,5.661133289337158,5.64194622039795,5.682613754272461,5.619410514831543,5.692146301269531,4.739695072174072,,,False
S2,train,1,2,statistical_embedding_raw,32,209,209,46.06487303373346,37.840707838666916,34.04446029663086,22.186980056762696,131.9440979003906,15.431295394897461,273.9105224609375,207.38076782226562,,,False
S2,validation,1,2,classifier_input,546,103,103,23.343655114035005,0.003996390661582708,23.343524932861328,23.338354682922365,23.349055290222168,23.33406639099121,23.3622989654541,4.656195640563965,,,False
S2,validation,1,2,deep_embedding_fusion,514,103,103,22.646699164677592,0.002528537344168609,22.645809173583984,22.645553016662596,22.650884246826173,22.64516258239746,22.661701202392578,3.7547335624694824,,,False
S2,validation,1,2,deep_embedding_raw,514,103,103,12.61731466274817,0.2662520779743135,12.563094139099121,12.452546310424804,13.12070083618164,12.097490310668945,14.3668212890625,2.3112075328826904,,,False
S2,validation,1,2,fused_embedding,546,103,103,23.343655114035005,0.003996390661582708,23.343524932861328,23.338354682922365,23.349055290222168,23.33406639099121,23.3622989654541,4.656195640563965,,,False
S2,validation,1,2,logits,2,103,103,0.8972580352599181,0.34637542283643136,0.9875985383987427,0.26385961174964906,1.2528368234634397,0.05770052224397659,2.2746284008026123,2.065307140350342,,,False
S2,validation,1,2,statistical_embedding_fusion,32,103,103,5.661543762799606,0.01369929798316872,5.663203239440918,5.641941881179809,5.68362078666687,5.624073028564453,5.6881256103515625,4.656195640563965,,,False
S2,validation,1,2,statistical_embedding_raw,32,103,103,46.91580644626062,59.70568711749677,31.1198787689209,20.75731601715088,122.78437576293928,15.472633361816406,533.3635864257812,344.420654296875,,,False
S2,validation,1,2,deep_to_statistical_raw_mean_l2_ratio,1,1,1,0.2689352612365426,0.0,0.2689352612365426,0.2689352612365426,0.2689352612365426,0.2689352612365426,0.2689352612365426,0.2689352612365426,,,False
S2,train,2,0,classifier_input,546,207,207,23.36707698435023,0.016567079282875118,23.36240005493164,23.34834442138672,23.396214485168457,23.343339920043945,23.43250274658203,6.0731587409973145,,,False
S2,train,2,0,deep_embedding_fusion,514,207,207,22.660146353901297,0.01779774414163243,22.653697967529297,22.642805290222167,22.69307670593262,22.636886596679688,22.72659683227539,6.0731587409973145,,,False
S2,train,2,0,deep_embedding_raw,514,207,207,11.693316971046338,2.689483928822803,10.58066463470459,9.235735225677491,17.516824340820314,8.596518516540527,19.700050354003906,4.595262050628662,,,False
S2,train,2,0,fused_embedding,546,207,207,23.36707698435023,0.016567079282875118,23.36240005493164,23.34834442138672,23.396214485168457,23.343339920043945,23.43250274658203,6.0731587409973145,,,False
S2,train,2,0,logits,2,207,207,1.2425347663066237,0.5878250243359153,1.142792820930481,0.4232602804899216,2.26680326461792,0.09386426210403442,3.67252779006958,3.0938339233398438,,,False
S2,train,2,0,statistical_embedding_fusion,32,207,207,5.704180316648621,0.018486891685620104,5.704281806945801,5.673275089263916,5.733339262008667,5.6605024337768555,5.746066093444824,4.674493312835693,,,False
S2,train,2,0,statistical_embedding_raw,32,207,207,46.784835488324006,36.07167289815569,35.08961486816406,22.15191993713379,124.73436203002916,15.434325218200684,286.0057373046875,226.2324676513672,,,False
S2,validation,2,0,classifier_input,546,105,105,23.36404022943406,0.012681272705251536,23.361244201660156,23.34666328430176,23.388287353515626,23.34054946899414,23.398303985595703,4.621102809906006,,,False
S2,validation,2,0,deep_embedding_fusion,514,105,105,22.656335758027577,0.013329560437218193,22.652997970581055,22.641433715820312,22.680260467529298,22.630748748779297,22.68877601623535,4.621102809906006,,,False
S2,validation,2,0,deep_embedding_raw,514,105,105,11.215476135980515,2.2414103022387164,10.251357078552246,9.03809051513672,15.642139053344726,8.495050430297852,19.095003128051758,3.2227885723114014,,,False
S2,validation,2,0,fused_embedding,546,105,105,23.36404022943406,0.012681272705251536,23.361244201660156,23.34666328430176,23.388287353515626,23.34054946899414,23.398303985595703,4.621102809906006,,,False
S2,validation,2,0,logits,2,105,105,0.9198263011517979,0.39200960105301624,0.9317218065261841,0.33243083357810976,1.5385396242141722,0.11067511141300201,1.890170693397522,1.4341968297958374,,,False
S2,validation,2,0,statistical_embedding_fusion,32,105,105,5.706878534952799,0.01872672036489641,5.706868648529053,5.674170398712159,5.7351690292358395,5.654940128326416,5.747072696685791,4.595475673675537,,,False
S2,validation,2,0,statistical_embedding_raw,32,105,105,42.866252953665594,42.05743566909611,32.2226676940918,22.308815002441406,93.1937133789062,19.614309310913086,392.11370849609375,246.27337646484375,,,False
S2,validation,2,0,deep_to_statistical_raw_mean_l2_ratio,1,1,1,0.2616388268903138,0.0,0.2616388268903138,0.2616388268903138,0.2616388268903138,0.2616388268903138,0.2616388268903138,0.2616388268903138,,,False
S2,train,2,1,classifier_input,546,208,208,23.328440867937527,0.005528159875772619,23.327159881591797,23.322862815856933,23.341021156311037,23.31937599182129,23.35809326171875,4.72135066986084,,,False
S2,train,2,1,deep_embedding_fusion,514,208,208,22.630860631282513,0.004415509537140817,22.629409790039062,22.62880935668945,22.64137020111084,22.62816619873047,22.658771514892578,4.72135066986084,,,False
S2,train,2,1,deep_embedding_raw,514,208,208,11.341421397832724,0.5257056242247667,11.25445556640625,10.695849657058716,12.085886478424072,9.713857650756836,14.693707466125488,2.5119001865386963,,,False
S2,train,2,1,fused_embedding,546,208,208,23.328440867937527,0.005528159875772619,23.327159881591797,23.322862815856933,23.341021156311037,23.31937599182129,23.35809326171875,4.72135066986084,,,False
S2,train,2,1,logits,2,208,208,1.055474005997754,0.28525270212669596,1.1277522444725037,0.40470131486654287,1.3448232531547546,0.1328970342874527,1.6632182598114014,1.4442371129989624,,,False
S2,train,2,1,statistical_embedding_fusion,32,208,208,5.6621684821752405,0.012597115328417568,5.6604390144348145,5.645403337478638,5.683348488807678,5.6319580078125,5.710608959197998,4.626919746398926,,,False
S2,train,2,1,statistical_embedding_raw,32,208,208,46.6646353831658,36.05704046449718,34.44253158569336,23.733337783813475,114.48442687988278,16.053070068359375,294.5105895996094,235.21534729003906,,,False
S2,validation,2,1,classifier_input,546,104,104,23.329795874082127,0.007645699859163385,23.327229499816895,23.322801113128662,23.34795904159546,23.319801330566406,23.359867095947266,4.850783348083496,,,False
S2,validation,2,1,deep_embedding_fusion,514,104,104,22.63167509665856,0.006607768339113603,22.629294395446777,22.62877502441406,22.646315479278563,22.627689361572266,22.661184310913086,4.850783348083496,,,False
S2,validation,2,1,deep_embedding_raw,514,104,104,11.320503675020658,0.35913046660067316,11.233803749084473,10.95438094139099,11.809230613708497,10.361536026000977,13.204686164855957,2.5378262996673584,,,False
S2,validation,2,1,fused_embedding,546,104,104,23.329795874082127,0.007645699859163385,23.327229499816895,23.322801113128662,23.34795904159546,23.319801330566406,23.359867095947266,4.850783348083496,,,False
S2,validation,2,1,logits,2,104,104,1.079457902851013,0.26597081210438234,1.1444600224494934,0.46720876097679137,1.3735437631607055,0.10964736342430115,1.503311276435852,1.3373425006866455,,,False
S2,validation,2,1,statistical_embedding_fusion,32,104,104,5.664493629565606,0.013691075232848723,5.66225266456604,5.646815443038941,5.695562744140625,5.633340835571289,5.712257385253906,4.7037529945373535,,,False
S2,validation,2,1,statistical_embedding_raw,32,104,104,47.61980241995592,52.1070385245046,31.934446334838867,20.861652755737303,130.15594444274893,15.056297302246094,374.93170166015625,240.09765625,,,False
S2,validation,2,1,deep_to_statistical_raw_mean_l2_ratio,1,1,1,0.2377268090107951,0.0,0.2377268090107951,0.2377268090107951,0.2377268090107951,0.2377268090107951,0.2377268090107951,0.2377268090107951,,,False
S2,train,2,2,classifier_input,546,209,209,23.335948159249774,0.02776288487873429,23.323949813842773,23.307666778564453,23.39523849487305,23.302156448364258,23.414932250976562,5.997854232788086,,,False
S2,train,2,2,deep_embedding_fusion,514,209,209,22.62999227058374,0.02921909872463516,22.617467880249023,22.602037048339845,22.692173385620116,22.600448608398438,22.707643508911133,5.997854232788086,,,False
S2,train,2,2,deep_embedding_raw,514,209,209,10.335885798531857,3.230583491315769,8.545525550842285,7.624169635772705,17.0974063873291,7.403552532196045,19.852529525756836,4.601463317871094,,,False
S2,train,2,2,fused_embedding,546,209,209,23.335948159249774,0.02776288487873429,23.323949813842773,23.307666778564453,23.39523849487305,23.302156448364258,23.414932250976562,5.997854232788086,,,False
S2,train,2,2,logits,2,209,209,1.2883934094771101,0.5680261466180151,1.2001616954803467,0.42718366980552674,2.325980997085571,0.0165147315710783,2.9606447219848633,2.514153003692627,,,False
S2,train,2,2,statistical_embedding_fusion,32,209,209,5.696451216793516,0.017126878990200045,5.697087287902832,5.668328285217285,5.724182224273681,5.65061616897583,5.74113130569458,4.572199821472168,,,False
S2,train,2,2,statistical_embedding_raw,32,209,209,46.40624824779456,37.24864984602906,34.5930290222168,23.146553421020506,124.76097106933594,15.322917938232422,303.87615966796875,243.383056640625,,,False
S2,validation,2,2,classifier_input,546,103,103,23.33787473660071,0.03160254975856614,23.3239803314209,23.309507369995117,23.407276344299316,23.302120208740234,23.441755294799805,5.580943584442139,,,False
S2,validation,2,2,deep_embedding_fusion,514,103,103,22.631368840782386,0.03355544598372359,22.61932945251465,22.601292419433594,22.704201889038085,22.600311279296875,22.745258331298828,5.580943584442139,,,False
S2,validation,2,2,deep_embedding_raw,514,103,103,10.719618533421489,3.7209463740273723,8.789915084838867,7.550378513336182,18.755712509155273,7.464901447296143,20.854711532592773,4.84751033782959,,,False
S2,validation,2,2,fused_embedding,546,103,103,23.33787473660071,0.03160254975856614,23.3239803314209,23.309507369995117,23.407276344299316,23.302120208740234,23.441755294799805,5.580943584442139,,,False
S2,validation,2,2,logits,2,103,103,1.0493321467950507,0.5072266001439673,1.0381840467453003,0.33691262602806094,2.083103942871092,0.13753318786621094,2.549394369125366,2.2247517108917236,,,False
S2,validation,2,2,statistical_embedding_fusion,32,103,103,5.698867964513093,0.018149829142205063,5.70253849029541,5.666270446777344,5.724775981903076,5.658000946044922,5.7345685958862305,4.673089504241943,,,False
S2,validation,2,2,statistical_embedding_raw,32,103,103,39.55486733705095,29.982722541532063,30.81113624572754,20.60857219696045,95.02061691284155,15.333523750305176,189.8350372314453,133.18927001953125,,,False
S2,validation,2,2,deep_to_statistical_raw_mean_l2_ratio,1,1,1,0.2710063073168355,0.0,0.2710063073168355,0.2710063073168355,0.2710063073168355,0.2710063073168355,0.2710063073168355,0.2710063073168355,,,False
S2,train,3,0,classifier_input,546,208,208,23.322696199783913,0.02265536803585992,23.316280364990234,23.304934978485107,23.374853801727294,23.299880981445312,23.442777633666992,4.7712836265563965,,,False
S2,train,3,0,deep_embedding_fusion,514,208,208,22.599734884042007,0.021325181413829726,22.592822074890137,22.591445922851562,22.65421152114868,22.590835571289062,22.717491149902344,4.7712836265563965,,,False
S2,train,3,0,deep_embedding_raw,514,208,208,17.47243319107936,1.1480789596097356,17.83655834197998,14.828852939605714,18.537335872650146,11.977165222167969,19.895751953125,3.1303112506866455,,,False
S2,train,3,0,fused_embedding,546,208,208,23.322696199783913,0.02265536803585992,23.316280364990234,23.304934978485107,23.374853801727294,23.299880981445312,23.442777633666992,4.7712836265563965,,,False
S2,train,3,0,logits,2,208,208,1.2839351036012745,0.8433742394576874,1.0894812941551208,0.33648810535669327,2.9981163740158068,0.07380694150924683,5.221592426300049,3.969365119934082,,,False
S2,train,3,0,statistical_embedding_fusion,32,208,208,5.76188253897887,0.030186827315015517,5.759557247161865,5.71292507648468,5.812996792793274,5.6983819007873535,5.849512100219727,4.563026428222656,,,False
S2,train,3,0,statistical_embedding_raw,32,208,208,46.09095094754146,37.88407831976417,35.3160514831543,22.090547275543212,105.88024826049804,16.355146408081055,303.5190124511719,243.96202087402344,,,False
S2,validation,3,0,classifier_input,546,105,105,23.321611658732095,0.01732558503736026,23.317909240722656,23.30587501525879,23.35783462524414,23.300172805786133,23.406150817871094,4.8203444480896,,,False
S2,validation,3,0,deep_embedding_fusion,514,105,105,22.597193727039155,0.014569336450758245,22.592655181884766,22.591035079956054,22.638346862792968,22.59074592590332,22.675498962402344,3.46152663230896,,,False
S2,validation,3,0,deep_embedding_raw,514,105,105,17.595060575576056,0.8866083203190375,17.78223991394043,15.53309268951416,18.56024627685547,14.29726505279541,19.67526626586914,2.9910051822662354,,,False
S2,validation,3,0,fused_embedding,546,105,105,23.321611658732095,0.01732558503736026,23.317909240722656,23.30587501525879,23.35783462524414,23.300172805786133,23.406150817871094,4.8203444480896,,,False
S2,validation,3,0,logits,2,105,105,1.1854436046310834,0.7394072512674663,1.0871554613113403,0.3235599219799042,2.706114101409911,0.12194598466157913,4.321595191955566,3.2949795722961426,,,False
S2,validation,3,0,statistical_embedding_fusion,32,105,105,5.76745136805943,0.031758230188544644,5.768374919891357,5.720028591156006,5.818024826049805,5.701388359069824,5.830134868621826,4.8203444480896,,,False
S2,validation,3,0,statistical_embedding_raw,32,105,105,44.67589707147508,51.95477194137585,30.808706283569336,21.36223258972168,112.69082031249998,16.27265167236328,403.07366943359375,160.29623413085938,,,False
S2,validation,3,0,deep_to_statistical_raw_mean_l2_ratio,1,1,1,0.393837879683232,0.0,0.393837879683232,0.393837879683232,0.393837879683232,0.393837879683232,0.393837879683232,0.393837879683232,,,False
S2,train,3,1,classifier_input,546,208,208,23.397238813913784,0.04643387477153248,23.380735397338867,23.351994609832765,23.504691886901856,23.347644805908203,23.561527252197266,5.103291034698486,,,False
S2,train,3,1,deep_embedding_fusion,514,208,208,22.681412275020893,0.04603481348922834,22.662999153137207,22.639658164978027,22.788406372070312,22.634004592895508,22.853538513183594,5.103291034698486,,,False
S2,train,3,1,deep_embedding_raw,514,208,208,11.534995510027958,2.8546531662950607,10.480424404144287,9.050261926651,17.74215984344482,7.9332170486450195,20.92193603515625,4.118595600128174,,,False
S2,train,3,1,fused_embedding,546,208,208,23.397238813913784,0.04643387477153248,23.380735397338867,23.351994609832765,23.504691886901856,23.347644805908203,23.561527252197266,5.103291034698486,,,False
S2,train,3,1,logits,2,208,208,1.871818174679692,0.9643318944219392,1.765312135219574,0.5254222482442856,3.8053922891616816,0.08756034076213837,5.882598400115967,4.289674282073975,,,False
S2,train,3,1,statistical_embedding_fusion,32,208,208,5.743153987022547,0.023237716440806324,5.739922046661377,5.7101959705352785,5.783500790596008,5.700128555297852,5.827020168304443,4.771130561828613,,,False
S2,train,3,1,statistical_embedding_raw,32,208,208,46.745018968215355,36.67673091867481,35.51902961730957,23.140371131896973,127.78183135986313,16.495046615600586,311.47955322265625,260.8943176269531,,,False
S2,validation,3,1,classifier_input,546,105,105,23.403355226062594,0.052757142700534686,23.385292053222656,23.35396499633789,23.50752182006836,23.348337173461914,23.647640228271484,4.996119022369385,,,False
S2,validation,3,1,deep_embedding_fusion,514,105,105,22.687981342134023,0.05345811891639551,22.66524887084961,22.640119552612305,22.79335136413574,22.633569717407227,22.934490203857422,4.996119022369385,,,False
S2,validation,3,1,deep_embedding_raw,514,105,105,11.997906957353864,3.133566162055788,10.609748840332031,9.122095489501953,17.758034896850585,8.77746295928955,21.677072525024414,4.228549480438232,,,False
S2,validation,3,1,fused_embedding,546,105,105,23.403355226062594,0.052757142700534686,23.385292053222656,23.35396499633789,23.50752182006836,23.348337173461914,23.647640228271484,4.996119022369385,,,False
S2,validation,3,1,logits,2,105,105,1.5999196188790457,0.962939130500101,1.3552451133728027,0.4733394682407379,3.440876102447509,0.20518192648887634,6.305635929107666,4.704017639160156,,,False
S2,validation,3,1,statistical_embedding_fusion,32,105,105,5.7421272822788785,0.020943276016312868,5.73982048034668,5.710822200775146,5.778628253936768,5.696030139923096,5.786334991455078,4.851562976837158,,,False
S2,validation,3,1,statistical_embedding_raw,32,105,105,47.378369394938154,53.36850780146678,34.97661209106445,22.07261734008789,100.71824951171871,16.196792602539062,406.00146484375,252.6822967529297,,,False
S2,validation,3,1,deep_to_statistical_raw_mean_l2_ratio,1,1,1,0.2532359621189434,0.0,0.2532359621189434,0.2532359621189434,0.2532359621189434,0.2532359621189434,0.2532359621189434,0.2532359621189434,,,False
S2,train,3,2,classifier_input,546,210,210,23.3429778053647,0.005845985446452484,23.341580390930176,23.336346530914305,23.355741119384767,23.334121704101562,23.368101119995117,4.43564510345459,,,False
S2,train,3,2,deep_embedding_fusion,514,210,210,22.647166769845146,0.005133132393481202,22.644723892211914,22.642981243133544,22.65860958099365,22.6424560546875,22.66889762878418,4.43564510345459,,,False
S2,train,3,2,deep_embedding_raw,514,210,210,9.528344263349261,1.4223298917512186,9.034911155700684,8.488858079910278,12.80682463645935,8.150740623474121,17.29848861694336,2.86599063873291,,,False
S2,train,3,2,fused_embedding,546,210,210,23.3429778053647,0.005845985446452484,23.341580390930176,23.336346530914305,23.355741119384767,23.334121704101562,23.368101119995117,4.43564510345459,,,False
S2,train,3,2,logits,2,210,210,0.5352103315471184,0.38884200710413486,0.42867811024188995,0.1789429284632206,1.3828272700309754,0.04086698964238167,2.5318517684936523,2.16550874710083,,,False
S2,train,3,2,statistical_embedding_fusion,32,210,210,5.656886318751744,0.01015589739451149,5.65650200843811,5.640780234336853,5.674109482765198,5.634453773498535,5.682735443115234,4.329195499420166,,,False
S2,train,3,2,statistical_embedding_raw,32,210,210,46.601516333080475,36.67320536410428,35.39324378967285,23.449941444396973,111.82668838500955,17.25567626953125,266.8789367675781,197.90122985839844,,,False
S2,validation,3,2,classifier_input,546,103,103,23.343338864520916,0.005971433530247782,23.34213638305664,23.337672805786134,23.354592895507814,23.334880828857422,23.369522094726562,4.433479309082031,,,False
S2,validation,3,2,deep_embedding_fusion,514,103,103,22.6471140222642,0.005404186690657687,22.64485740661621,22.643091011047364,22.658203506469725,22.642749786376953,22.668453216552734,4.433479309082031,,,False
S2,validation,3,2,deep_embedding_raw,514,103,103,9.446119697348585,1.2696051683982341,9.008070945739746,8.56350736618042,12.109864997863768,8.29599666595459,15.40681266784668,2.421351671218872,,,False
S2,validation,3,2,fused_embedding,546,103,103,23.343338864520916,0.005971433530247782,23.34213638305664,23.337672805786134,23.354592895507814,23.334880828857422,23.369522094726562,4.433479309082031,,,False
S2,validation,3,2,logits,2,103,103,0.448138279894602,0.2988875164332419,0.3826969265937805,0.16451812535524368,0.9280534148216243,0.10621171444654465,1.985351800918579,1.9161256551742554,,,False
S2,validation,3,2,statistical_embedding_fusion,32,103,103,5.658584391029136,0.011429191192699776,5.658025741577148,5.641773891448975,5.677110385894776,5.634786605834961,5.6870341300964355,4.416958332061768,,,False
S2,validation,3,2,statistical_embedding_raw,32,103,103,39.49378995062078,33.461529920693145,30.702486038208008,20.11893653869629,84.39749145507811,15.776317596435547,316.9747314453125,249.8202667236328,,,False
S2,validation,3,2,deep_to_statistical_raw_mean_l2_ratio,1,1,1,0.23917987382722958,0.0,0.23917987382722958,0.23917987382722958,0.23917987382722958,0.23917987382722958,0.23917987382722958,0.23917987382722958,,,False
S2,train,4,0,classifier_input,546,208,208,23.409237714914177,0.04105942301221743,23.399917602539062,23.363471221923827,23.49670648574829,23.356168746948242,23.560068130493164,5.857628345489502,,,False
S2,train,4,0,deep_embedding_fusion,514,208,208,22.70127834723546,0.0421944313288621,22.69235134124756,22.65208568572998,22.787218475341795,22.647472381591797,22.844247817993164,5.857628345489502,,,False
S2,train,4,0,deep_embedding_raw,514,208,208,11.86151942381492,3.275865960506992,10.934732437133789,8.19675908088684,18.580594921112056,7.831164836883545,20.9939022064209,4.354700565338135,,,False
S2,train,4,0,fused_embedding,546,208,208,23.409237714914177,0.04105942301221743,23.399917602539062,23.363471221923827,23.49670648574829,23.356168746948242,23.560068130493164,5.857628345489502,,,False
S2,train,4,0,logits,2,208,208,2.0370609381665976,1.1344085782354172,1.923257827758789,0.3975693866610527,4.265252423286437,0.07535651326179504,5.509341239929199,4.477023601531982,,,False
S2,train,4,0,statistical_embedding_fusion,32,208,208,5.713472909652269,0.022687706045218248,5.711464166641235,5.678357648849487,5.750126242637634,5.664220333099365,5.7925543785095215,4.229798793792725,,,False
S2,train,4,0,statistical_embedding_raw,32,208,208,45.97022629701174,38.059127146492266,35.11363220214844,23.191896057128908,109.4115043640136,15.76519775390625,280.5243225097656,211.3471221923828,,,False
S2,validation,4,0,classifier_input,546,105,105,23.405317451840354,0.03705523828116782,23.397308349609375,23.361788940429687,23.476237869262697,23.346790313720703,23.5325984954834,5.235769748687744,,,False
S2,validation,4,0,deep_embedding_fusion,514,105,105,22.69773374285017,0.03872422489597067,22.689016342163086,22.6511173248291,22.77379455566406,22.645877838134766,22.83307456970215,5.235769748687744,,,False
S2,validation,4,0,deep_embedding_raw,514,105,105,11.86452915554955,2.854690169984573,11.686018943786621,8.309165573120117,16.834823989868163,8.094376564025879,19.70615577697754,4.514079570770264,,,False
S2,validation,4,0,fused_embedding,546,105,105,23.405317451840354,0.03705523828116782,23.397308349609375,23.361788940429687,23.476237869262697,23.346790313720703,23.5325984954834,5.235769748687744,,,False
S2,validation,4,0,logits,2,105,105,1.5144575456778209,1.015021866224627,1.213498592376709,0.20437945425510406,3.3556234836578365,0.07812388241291046,4.725820541381836,3.675659656524658,,,False
S2,validation,4,0,statistical_embedding_fusion,32,105,105,5.71149381455921,0.02203239886232802,5.710516452789307,5.672846508026123,5.747498035430908,5.6565446853637695,5.77178955078125,4.209298133850098,,,False
S2,validation,4,0,statistical_embedding_raw,32,105,105,40.847470764886765,30.403571361542745,31.748607635498047,22.95926704406738,83.08775634765622,15.843456268310547,246.53793334960938,136.72564697265625,,,False
S2,validation,4,0,deep_to_statistical_raw_mean_l2_ratio,1,1,1,0.29045933403907387,0.0,0.29045933403907387,0.29045933403907387,0.29045933403907387,0.29045933403907387,0.29045933403907387,0.29045933403907387,,,False
S2,train,4,1,classifier_input,546,208,208,23.325170278549194,0.012177688732118667,23.32167911529541,23.31447229385376,23.35096683502197,23.30730438232422,23.388521194458008,4.605436325073242,,,False
S2,train,4,1,deep_embedding_fusion,514,208,208,22.619584432015053,0.012798942773373302,22.614638328552246,22.613479995727538,22.651909351348877,22.613231658935547,22.686187744140625,4.583839416503906,,,False
S2,train,4,1,deep_embedding_raw,514,208,208,12.659511153514568,0.8502671722636458,12.51584243774414,11.88131332397461,14.028635025024412,11.127320289611816,17.82146453857422,3.271317481994629,,,False
S2,train,4,1,fused_embedding,546,208,208,23.325170278549194,0.012177688732118667,23.32167911529541,23.31447229385376,23.35096683502197,23.30730438232422,23.388521194458008,4.605436325073242,,,False
S2,train,4,1,logits,2,208,208,0.9829551609447942,0.597474377752579,0.9407384097576141,0.22974801063537598,2.2631862163543683,0.1027076467871666,3.6969528198242188,3.2145586013793945,,,False
S2,train,4,1,statistical_embedding_fusion,32,208,208,5.693649871991231,0.017474671329065775,5.695585250854492,5.662829136848449,5.721481823921204,5.640249729156494,5.738226413726807,4.605436325073242,,,False
S2,train,4,1,statistical_embedding_raw,32,208,208,46.845186747037445,36.41636577183407,34.63596534729004,23.06549997329712,122.19420967102047,18.277812957763672,225.72061157226562,185.4368438720703,,,False
S2,validation,4,1,classifier_input,546,105,105,23.325536546253023,0.014973853537558845,23.321855545043945,23.311907958984374,23.367498016357423,23.30592155456543,23.380205154418945,5.021683692932129,,,False
S2,validation,4,1,deep_embedding_fusion,514,105,105,22.621190134684245,0.014712296483582426,22.614809036254883,22.613532257080077,22.66551742553711,22.6133975982666,22.673288345336914,4.434937000274658,,,False
S2,validation,4,1,deep_embedding_raw,514,105,105,12.663007708958217,1.08608233867844,12.455731391906738,11.621122932434082,14.977553749084471,10.976734161376953,18.366819381713867,3.4992566108703613,,,False
S2,validation,4,1,fused_embedding,546,105,105,23.325536546253023,0.014973853537558845,23.321855545043945,23.311907958984374,23.367498016357423,23.30592155456543,23.380205154418945,5.021683692932129,,,False
S2,validation,4,1,logits,2,105,105,0.9870212433593614,0.7445826185475384,0.876594066619873,0.21403594613075255,2.8886466979980465,0.07774016261100769,3.7607743740081787,3.35701584815979,,,False
S2,validation,4,1,statistical_embedding_fusion,32,105,105,5.6887549354916525,0.022109724726614433,5.689450263977051,5.651925659179687,5.721786212921143,5.634619235992432,5.737198829650879,5.021683692932129,,,False
S2,validation,4,1,statistical_embedding_raw,32,105,105,59.049550755818686,101.12260584647312,31.067516326904297,20.851066207885744,150.84261169433594,14.177007675170898,730.939697265625,452.65777587890625,,,False
S2,validation,4,1,deep_to_statistical_raw_mean_l2_ratio,1,1,1,0.2144471473004461,0.0,0.2144471473004461,0.2144471473004461,0.2144471473004461,0.2144471473004461,0.2144471473004461,0.2144471473004461,,,False
S2,train,4,2,classifier_input,546,210,210,23.338361204238165,0.013769632783136343,23.333380699157715,23.327331161499025,23.372029399871828,23.324256896972656,23.392406463623047,5.633909702301025,,,False
S2,train,4,2,deep_embedding_fusion,514,210,210,22.633641915094284,0.01320552652341515,22.6278657913208,22.626472854614256,22.667144107818604,22.624250411987305,22.686521530151367,5.633909702301025,,,False
S2,train,4,2,deep_embedding_raw,514,210,210,13.71611738204956,1.3353380675253896,13.656796932220459,12.018403244018554,16.426020050048827,10.667855262756348,19.840761184692383,3.777891159057617,,,False
S2,train,4,2,fused_embedding,546,210,210,23.338361204238165,0.013769632783136343,23.333380699157715,23.327331161499025,23.372029399871828,23.324256896972656,23.392406463623047,5.633909702301025,,,False
S2,train,4,2,logits,2,210,210,1.0013844605712663,0.5132679564006939,0.8866624534130096,0.38437679409980774,2.1324538230895995,0.16319766640663147,3.7059507369995117,2.634042739868164,,,False
S2,train,4,2,statistical_embedding_fusion,32,210,210,5.691846445628575,0.01607660104351556,5.68981409072876,5.669184350967408,5.723516845703125,5.651841163635254,5.739407062530518,4.56859827041626,,,False
S2,train,4,2,statistical_embedding_raw,32,210,210,46.366251582191104,37.15386092852949,35.27980422973633,22.93594808578491,123.5241123199462,17.069299697875977,268.9737243652344,210.9639892578125,,,False
S2,validation,4,2,classifier_input,546,103,103,23.33711544518332,0.01440505122968784,23.332609176635742,23.32629985809326,23.369872283935546,23.324663162231445,23.402292251586914,4.800571918487549,,,False
S2,validation,4,2,deep_embedding_fusion,514,103,103,22.633485534816113,0.013693689965068218,22.627779006958008,22.626714324951173,22.662969207763673,22.625682830810547,22.695608139038086,4.800571918487549,,,False
S2,validation,4,2,deep_embedding_raw,514,103,103,14.146372165494752,1.761656041116539,13.829486846923828,12.385415935516358,18.26707210540771,11.666510581970215,20.10816764831543,4.01437520980835,,,False
S2,validation,4,2,fused_embedding,546,103,103,23.33711544518332,0.01440505122968784,23.332609176635742,23.32629985809326,23.369872283935546,23.324663162231445,23.402292251586914,4.800571918487549,,,False
S2,validation,4,2,logits,2,103,103,0.9017846862089287,0.40806335360946483,0.8832519054412842,0.38332429230213166,1.6185070157051082,0.14688539505004883,3.172839879989624,2.629359006881714,,,False
S2,validation,4,2,statistical_embedding_fusion,32,103,103,5.687364476398357,0.013962603184875747,5.686512470245361,5.66795597076416,5.70980544090271,5.6570725440979,5.725048065185547,4.347906589508057,,,False
S2,validation,4,2,statistical_embedding_raw,32,103,103,36.91032330040793,22.71580216634673,32.82563781738281,21.628076553344727,64.76521072387693,19.377418518066406,181.95993041992188,135.1488037109375,,,False
S2,validation,4,2,deep_to_statistical_raw_mean_l2_ratio,1,1,1,0.38326329602586834,0.0,0.38326329602586834,0.38326329602586834,0.38326329602586834,0.38326329602586834,0.38326329602586834,0.38326329602586834,,,False
S3,train,0,0,classifier_input,64,205,205,24.043354439153905,18.8940721575056,18.17852020263672,12.470963859558106,65.64768829345702,11.450361251831055,143.72337341308594,64.11529541015625,,,False
S3,train,0,0,deep_embedding_fusion,64,205,205,18.239241786119415,0.6059566306897817,18.430692672729492,17.14413185119629,18.728516387939454,13.787911415100098,18.75708770751953,6.441399097442627,,,False
S3,train,0,0,deep_embedding_raw,514,205,205,22.649326370983587,0.0171210227813238,22.6476993560791,22.63872528076172,22.671753692626954,22.47822380065918,22.69388771057129,4.384976863861084,,,False
S3,train,0,0,fused_embedding,64,205,205,24.043354439153905,18.8940721575056,18.17852020263672,12.470963859558106,65.64768829345702,11.450361251831055,143.72337341308594,64.11529541015625,,,False
S3,train,0,0,logits,2,205,205,2.7528829400132344,2.3348792039944,2.2376065254211426,0.684505558013916,6.992115688323966,0.2728574872016907,19.502239227294922,19.228578567504883,,,False
S3,train,0,0,statistical_embedding_fusion,64,205,205,36.42240812255115,29.621829406824588,27.67862319946289,15.59474983215332,107.55485534667969,13.294645309448242,204.70599365234375,64.11543273925781,,,False
S3,train,0,0,statistical_embedding_raw,32,205,205,46.503925035057996,37.31504245653864,34.8913688659668,22.53327293395996,125.97796478271475,17.959238052368164,255.78834533691406,184.7195587158203,,,False
S3,validation,0,0,classifier_input,64,105,105,21.11423154558454,15.2004199428459,17.402942657470703,12.748594665527344,36.77268295288086,11.495634078979492,151.55209350585938,57.70179748535156,,,False
S3,validation,0,0,deep_embedding_fusion,64,105,105,18.182546797252837,0.6970684755829367,18.385908126831055,16.924084091186522,18.730509567260743,14.682194709777832,18.8419132232666,6.452447891235352,,,False
S3,validation,0,0,deep_embedding_raw,514,105,105,22.64877553667341,0.011927861616512055,22.647708892822266,22.631954193115234,22.665850830078124,22.607791900634766,22.707637786865234,4.017867088317871,,,False
S3,validation,0,0,fused_embedding,64,105,105,21.11423154558454,15.2004199428459,17.402942657470703,12.748594665527344,36.77268295288086,11.495634078979492,151.55209350585938,57.70179748535156,,,False
S3,validation,0,0,logits,2,105,105,2.1081912567218146,1.3368731702520418,1.9749844074249268,0.7128260850906372,3.831930112838745,0.1903626024723053,9.763143539428711,9.739328384399414,,,False
S3,validation,0,0,statistical_embedding_fusion,64,105,105,32.27287198021298,24.802366979617357,26.038864135742188,17.241653060913087,58.27348251342772,12.35378646850586,236.77438354492188,68.31416320800781,,,False
S3,validation,0,0,statistical_embedding_raw,32,105,105,41.32587496439616,33.783924220978996,33.83058547973633,22.660724258422853,74.16461486816404,15.032917976379395,337.7641296386719,252.4971923828125,,,False
S3,validation,0,0,deep_to_statistical_raw_mean_l2_ratio,1,1,1,0.5480531399803684,0.0,0.5480531399803684,0.5480531399803684,0.5480531399803684,0.5480531399803684,0.5480531399803684,0.5480531399803684,,,False
S3,train,0,1,classifier_input,64,207,207,24.55849650286246,15.953015628107723,19.4030818939209,13.8471209526062,48.82233390808105,12.391657829284668,139.27627563476562,62.2903938293457,,,False
S3,train,0,1,deep_embedding_fusion,64,207,207,17.984008678491566,0.3187684456507107,18.058122634887695,17.365568923950196,18.309682083129882,16.28120231628418,18.394184112548828,6.41697883605957,,,False
S3,train,0,1,deep_embedding_raw,514,207,207,22.624263127644856,0.006012090308853689,22.62464714050293,22.612944984436034,22.63279323577881,22.603927612304688,22.638750076293945,3.224736213684082,,,False
S3,train,0,1,fused_embedding,64,207,207,24.55849650286246,15.953015628107723,19.4030818939209,13.8471209526062,48.82233390808105,12.391657829284668,139.27627563476562,62.2903938293457,,,False
S3,train,0,1,logits,2,207,207,3.1648130978723077,2.480900318534182,2.5081980228424072,1.1202666521072389,7.616628980636592,0.03450191766023636,17.316329956054688,16.579086303710938,,,False
S3,train,0,1,statistical_embedding_fusion,64,207,207,37.96240602944784,27.1331177203312,30.436140060424805,17.3496675491333,84.42808761596672,14.04222297668457,248.66622924804688,71.24614715576172,,,False
S3,train,0,1,statistical_embedding_raw,32,207,207,47.10156407563583,35.29968356217993,36.50554656982422,23.463033294677736,100.19405441284174,17.12954330444336,328.03192138671875,279.3532409667969,,,False
S3,validation,0,1,classifier_input,64,103,103,24.51008358742427,20.648336952859605,17.913156509399414,13.664538764953614,60.48264846801757,11.671234130859375,122.90070343017578,52.11417770385742,,,False
S3,validation,0,1,deep_embedding_fusion,64,103,103,17.87925366522039,0.5806933845698243,18.04844093322754,17.179726982116698,18.273791122436524,14.297271728515625,18.36074447631836,6.357551097869873,,,False
S3,validation,0,1,deep_embedding_raw,514,103,103,22.62252792802829,0.013580718483498695,22.62468147277832,22.602447509765625,22.633600807189943,22.54068946838379,22.639432907104492,3.3846933841705322,,,False
S3,validation,0,1,fused_embedding,64,103,103,24.51008358742427,20.648336952859605,17.913156509399414,13.664538764953614,60.48264846801757,11.671234130859375,122.90070343017578,52.11417770385742,,,False
S3,validation,0,1,logits,2,103,103,2.6816289097396204,2.714949759860148,2.2316932678222656,0.47243192195892336,5.019321203231811,0.023179614916443825,19.982620239257812,15.004312515258789,,,False
S3,validation,0,1,statistical_embedding_fusion,64,103,103,38.7603329408516,38.97332067728208,26.94170379638672,16.409160804748534,104.9123580932617,14.64306354522705,265.349365234375,95.5663070678711,,,False
S3,validation,0,1,statistical_embedding_raw,32,103,103,47.41115633029382,47.76456518952429,33.86839294433594,21.088706398010252,126.48151473999019,16.812612533569336,346.2784423828125,214.79151916503906,,,False
S3,validation,0,1,deep_to_statistical_raw_mean_l2_ratio,1,1,1,0.4771562155208057,0.0,0.4771562155208057,0.4771562155208057,0.4771562155208057,0.4771562155208057,0.4771562155208057,0.4771562155208057,,,False
S3,train,0,2,classifier_input,64,208,208,23.638707802845882,17.572384554921086,18.508944511413574,12.579445075988769,46.82023525238037,11.574209213256836,147.3241729736328,68.33568572998047,,,False
S3,train,0,2,deep_embedding_fusion,64,208,208,15.21515202980775,0.28887273467652547,15.226733207702637,14.756909132003784,15.610921955108642,13.183475494384766,15.799903869628906,5.275054931640625,,,False
S3,train,0,2,deep_embedding_raw,514,208,208,22.493633041015038,0.01633037504585979,22.492350578308105,22.468022346496582,22.517073917388917,22.433191299438477,22.5501651763916,3.8738319873809814,,,False
S3,train,0,2,fused_embedding,64,208,208,23.638707802845882,17.572384554921086,18.508944511413574,12.579445075988769,46.82023525238037,11.574209213256836,147.3241729736328,68.33568572998047,,,False
S3,train,0,2,logits,2,208,208,2.7842954882205677,2.425100206182378,2.2367414236068726,0.8969075351953507,6.670325279235839,0.09687681496143341,23.428308486938477,22.374216079711914,,,False
S3,train,0,2,statistical_embedding_fusion,64,208,208,37.472882949388946,28.45511432600982,28.664169311523438,18.645310974121095,83.90887451171872,13.0314359664917,247.93252563476562,68.34610748291016,,,False
S3,train,0,2,statistical_embedding_raw,32,208,208,46.517283311256996,36.85855805071032,35.11586570739746,22.889449214935304,108.9800811767578,16.48882484436035,300.14013671875,243.4856719970703,,,False
S3,validation,0,2,classifier_input,64,102,102,19.990159034729004,14.141148949376902,15.860435962677002,11.886700534820557,49.42389755249015,10.594230651855469,97.84860229492188,43.66059494018555,,,False
S3,validation,0,2,deep_embedding_fusion,64,102,102,15.257354362338196,0.1990517462840924,15.247894763946533,15.001756191253662,15.580403375625611,14.612506866455078,15.712425231933594,5.282408714294434,,,False
S3,validation,0,2,deep_embedding_raw,514,102,102,22.49601833493102,0.013111260371308104,22.493062019348145,22.48090476989746,22.518557357788087,22.468538284301758,22.54326057434082,3.5754618644714355,,,False
S3,validation,0,2,fused_embedding,64,102,102,19.990159034729004,14.141148949376902,15.860435962677002,11.886700534820557,49.42389755249015,10.594230651855469,97.84860229492188,43.66059494018555,,,False
S3,validation,0,2,logits,2,102,102,1.8295194036235995,0.8694415600220827,1.6694217920303345,0.7531411200761795,3.6015048861503596,0.2842779755592346,5.117303848266602,5.016053676605225,,,False
S3,validation,0,2,statistical_embedding_fusion,64,102,102,31.505407735413197,24.47136905520077,24.921177864074707,16.636691665649415,88.37635917663548,14.219438552856445,168.12428283691406,54.58583450317383,,,False
S3,validation,0,2,statistical_embedding_raw,32,102,102,38.81768364999809,30.852139891295792,30.299622535705566,21.32308235168457,101.79519767761215,16.454605102539062,211.11434936523438,145.3366241455078,,,False
S3,validation,0,2,deep_to_statistical_raw_mean_l2_ratio,1,1,1,0.5795301578983353,0.0,0.5795301578983353,0.5795301578983353,0.5795301578983353,0.5795301578983353,0.5795301578983353,0.5795301578983353,,,False
S3,train,1,0,classifier_input,64,207,207,24.224930136675997,17.646340927973313,18.28810691833496,13.243658828735352,64.59582977294917,10.966635704040527,104.61898803710938,45.08183670043945,,,False
S3,train,1,0,deep_embedding_fusion,64,207,207,20.383961267517385,0.5018610941217388,20.416879653930664,19.48273582458496,21.00488224029541,17.835535049438477,21.808095932006836,8.332479476928711,,,False
S3,train,1,0,deep_embedding_raw,514,207,207,22.704205047681135,0.017422586634609744,22.701425552368164,22.68961124420166,22.73361415863037,22.61204719543457,22.779258728027344,3.470940113067627,,,False
S3,train,1,0,fused_embedding,64,207,207,24.224930136675997,17.646340927973313,18.28810691833496,13.243658828735352,64.59582977294917,10.966635704040527,104.61898803710938,45.08183670043945,,,False
S3,train,1,0,logits,2,207,207,3.648716109674334,2.5633133176792424,3.0940444469451904,1.1670274019241333,8.582495689392086,0.5383751392364502,17.290361404418945,17.204410552978516,,,False
S3,train,1,0,statistical_embedding_fusion,64,207,207,37.04536435224008,29.843065866269587,26.614473342895508,16.51802978515625,105.21751480102536,13.234084129333496,189.85452270507812,62.34638214111328,,,False
S3,train,1,0,statistical_embedding_raw,32,207,207,46.19659114229506,38.02584878512609,33.72663879394531,22.067909049987794,132.59016418457009,16.066057205200195,250.7803497314453,190.0601043701172,,,False
S3,validation,1,0,classifier_input,64,105,105,18.69550376165481,10.047699542351738,16.507566452026367,12.977447128295898,27.411785888671872,11.03888988494873,102.96533203125,40.85112380981445,,,False
S3,validation,1,0,deep_embedding_fusion,64,105,105,20.394077246529715,0.45490300079859125,20.40448760986328,19.500883483886717,21.030282974243164,18.679584503173828,21.470701217651367,8.358306884765625,,,False
S3,validation,1,0,deep_embedding_raw,514,105,105,22.702895264398485,0.015509383965133185,22.69951629638672,22.68938446044922,22.73168067932129,22.63257598876953,22.760019302368164,3.814424753189087,,,False
S3,validation,1,0,fused_embedding,64,105,105,18.69550376165481,10.047699542351738,16.507566452026367,12.977447128295898,27.411785888671872,11.03888988494873,102.96533203125,40.85112380981445,,,False
S3,validation,1,0,logits,2,105,105,2.5836440832132386,1.4932786786273753,2.486233711242676,0.5033314466476441,5.6543484687805154,0.07621008902788162,10.424376487731934,9.577790260314941,,,False
S3,validation,1,0,statistical_embedding_fusion,64,105,105,27.546251823788598,16.5290070608644,24.156692504882812,16.69652099609375,43.47285232543945,11.993988037109375,156.01409912109375,44.63692092895508,,,False
S3,validation,1,0,statistical_embedding_raw,32,105,105,34.16123530069987,20.309077983011086,30.11587142944336,19.722695922851564,52.3881492614746,16.11220932006836,187.88748168945312,109.38238525390625,,,False
S3,validation,1,0,deep_to_statistical_raw_mean_l2_ratio,1,1,1,0.6645806296101173,0.0,0.6645806296101173,0.6645806296101173,0.6645806296101173,0.6645806296101173,0.6645806296101173,0.6645806296101173,,,False
S3,train,1,1,classifier_input,64,208,208,23.608444273471832,17.14926321815637,17.71342182159424,13.536957788467408,54.75187187194822,12.133180618286133,136.3327178955078,50.159671783447266,,,False
S3,train,1,1,deep_embedding_fusion,64,208,208,17.542390383206882,0.3943280442038517,17.58967876434326,16.95261116027832,17.889460945129393,14.558990478515625,18.00605583190918,5.882078170776367,,,False
S3,train,1,1,deep_embedding_raw,514,208,208,22.5734766630026,0.01729561502600224,22.57672119140625,22.555712890625,22.585901927947997,22.426298141479492,22.6051025390625,3.7989025115966797,,,False
S3,train,1,1,fused_embedding,64,208,208,23.608444273471832,17.14926321815637,17.71342182159424,13.536957788467408,54.75187187194822,12.133180618286133,136.3327178955078,50.159671783447266,,,False
S3,train,1,1,logits,2,208,208,2.591105943115858,1.8296083853968519,2.3088220357894897,0.9539932072162628,5.901246333122252,0.41039612889289856,15.930183410644531,14.671459197998047,,,False
S3,train,1,1,statistical_embedding_fusion,64,208,208,37.56227225523729,27.57747332700398,28.789732933044434,18.190213108062743,91.37223930358886,13.368496894836426,204.0751495361328,55.64786911010742,,,False
S3,train,1,1,statistical_embedding_raw,32,208,208,47.49882987370858,34.745069494442255,36.547428131103516,23.07436399459839,115.90254325866694,15.146073341369629,274.9165344238281,179.80569458007812,,,False
S3,validation,1,1,classifier_input,64,104,104,28.2115728029838,34.464600686041415,17.28380298614502,13.08966131210327,82.37886581420898,12.21126651763916,244.28172302246094,89.1762466430664,,,False
S3,validation,1,1,deep_embedding_fusion,64,104,104,17.48976894525381,0.5184425533012511,17.595765113830566,16.787074947357176,17.85336380004883,13.548262596130371,17.901695251464844,5.844995975494385,,,False
S3,validation,1,1,deep_embedding_raw,514,104,104,22.572023134965164,0.0301541374486285,22.577049255371094,22.538414669036865,22.5913067817688,22.315914154052734,22.610769271850586,3.425283908843994,,,False
S3,validation,1,1,fused_embedding,64,104,104,28.2115728029838,34.464600686041415,17.28380298614502,13.08966131210327,82.37886581420898,12.21126651763916,244.28172302246094,89.1762466430664,,,False
S3,validation,1,1,logits,2,104,104,2.387353030534891,1.7298716914005576,1.9909160137176514,0.8641668438911438,4.784681701660155,0.5008192658424377,10.720948219299316,9.82392406463623,,,False
S3,validation,1,1,statistical_embedding_fusion,64,104,104,45.2329916037046,58.57497245098321,26.688549995422363,17.094603538513184,145.4547927856445,12.096627235412598,407.7975769042969,114.66471099853516,,,False
S3,validation,1,1,statistical_embedding_raw,32,104,104,57.049782514572144,75.61320306656025,33.32313346862793,21.6233868598938,203.61875534057592,18.071226119995117,503.8082275390625,319.2388000488281,,,False
S3,validation,1,1,deep_to_statistical_raw_mean_l2_ratio,1,1,1,0.39565484985327726,0.0,0.39565484985327726,0.39565484985327726,0.39565484985327726,0.39565484985327726,0.39565484985327726,0.39565484985327726,,,False
S3,train,1,2,classifier_input,64,209,209,24.627272688030626,19.33571252201905,18.343948364257812,13.586559295654297,64.47894744873045,11.49841022491455,148.95001220703125,52.081947326660156,,,False
S3,train,1,2,deep_embedding_fusion,64,209,209,18.023354977511904,0.31613645499803994,18.081384658813477,17.682399368286134,18.276225280761718,14.832608222961426,18.37893295288086,6.557943344116211,,,False
S3,train,1,2,deep_embedding_raw,514,209,209,22.487431412108208,0.08676009354787609,22.523338317871094,22.274892044067382,22.532743835449217,21.983558654785156,22.541549682617188,3.4714837074279785,,,False
S3,train,1,2,fused_embedding,64,209,209,24.627272688030626,19.33571252201905,18.343948364257812,13.586559295654297,64.47894744873045,11.49841022491455,148.95001220703125,52.081947326660156,,,False
S3,train,1,2,logits,2,209,209,2.5485281834476874,1.9556081817914583,2.1079201698303223,0.7768594980239868,6.608214092254636,0.31857749819755554,13.168254852294922,13.11425495147705,,,False
S3,train,1,2,statistical_embedding_fusion,64,209,209,36.612495974490514,29.471165013281077,27.45967674255371,17.257807159423827,98.84851989746093,11.846052169799805,221.62696838378906,56.70891571044922,,,False
S3,train,1,2,statistical_embedding_raw,32,209,209,46.06487303373346,37.840707838666916,34.04446029663086,22.186980056762696,131.9440979003906,15.431295394897461,273.9105224609375,207.38076782226562,,,False
S3,validation,1,2,classifier_input,64,103,103,24.4054036094147,25.679379673530605,17.83248519897461,13.087352848052978,55.63238143920893,12.192917823791504,231.12725830078125,97.41209411621094,,,False
S3,validation,1,2,deep_embedding_fusion,64,103,103,18.059701030694164,0.24330219371346948,18.083751678466797,17.81316223144531,18.307074737548827,16.492700576782227,18.354631423950195,6.544609546661377,,,False
S3,validation,1,2,deep_embedding_raw,514,103,103,22.474807350380907,0.1228412312842791,22.519689559936523,22.265077209472658,22.533631324768066,21.580781936645508,22.53758430480957,3.5500776767730713,,,False
S3,validation,1,2,fused_embedding,64,103,103,24.4054036094147,25.679379673530605,17.83248519897461,13.087352848052978,55.63238143920893,12.192917823791504,231.12725830078125,97.41209411621094,,,False
S3,validation,1,2,logits,2,103,103,2.628797099572941,2.7598085360274394,2.0913193225860596,0.5552615821361542,5.788992166519164,0.2027844339609146,23.240520477294922,23.035505294799805,,,False
S3,validation,1,2,statistical_embedding_fusion,64,103,103,37.14106500495985,47.62096871233072,26.239704132080078,16.44845314025879,92.18561859130845,11.812722206115723,442.9219970703125,153.71914672851562,,,False
S3,validation,1,2,statistical_embedding_raw,32,103,103,46.91580644626062,59.70568711749677,31.1198787689209,20.75731601715088,122.78437576293928,15.472633361816406,533.3635864257812,344.420654296875,,,False
S3,validation,1,2,deep_to_statistical_raw_mean_l2_ratio,1,1,1,0.4790455297006248,0.0,0.4790455297006248,0.4790455297006248,0.4790455297006248,0.4790455297006248,0.4790455297006248,0.4790455297006248,,,False
S3,train,2,0,classifier_input,64,207,207,25.58858200662954,18.409796820520995,19.53132438659668,14.957901668548583,55.49499435424804,13.73494815826416,153.86614990234375,64.38681030273438,,,False
S3,train,2,0,deep_embedding_fusion,64,207,207,18.94287794454086,0.403291109755705,18.988033294677734,18.59973278045654,19.22275867462158,14.101456642150879,19.311046600341797,6.42160701751709,,,False
S3,train,2,0,deep_embedding_raw,514,207,207,22.60515983323544,0.016138966522930863,22.605884552001953,22.595911598205568,22.620948219299315,22.423995971679688,22.635677337646484,3.5371055603027344,,,False
S3,train,2,0,fused_embedding,64,207,207,25.58858200662954,18.409796820520995,19.53132438659668,14.957901668548583,55.49499435424804,13.73494815826416,153.86614990234375,64.38681030273438,,,False
S3,train,2,0,logits,2,207,207,2.9039423734237606,2.248215466621997,2.447587013244629,0.7863124907016755,6.818495225906369,0.2272234708070755,18.090431213378906,16.61812973022461,,,False
S3,train,2,0,statistical_embedding_fusion,64,207,207,36.50582333808936,28.84160025020064,27.038421630859375,17.04320545196533,91.55757827758788,12.288461685180664,235.62046813964844,65.09286499023438,,,False
S3,train,2,0,statistical_embedding_raw,32,207,207,46.784835488324006,36.07167289815569,35.08961486816406,22.15191993713379,124.73436203002916,15.434325218200684,286.0057373046875,226.2324676513672,,,False
S3,validation,2,0,classifier_input,64,105,105,23.835828218005954,21.256240349859116,18.943777084350586,15.22502326965332,46.31689300537106,14.139077186584473,199.4654541015625,84.611572265625,,,False
S3,validation,2,0,deep_embedding_fusion,64,105,105,18.877212342761812,0.391530821179853,18.975242614746094,18.13283805847168,19.232463073730468,16.736486434936523,19.366519927978516,6.407442092895508,,,False
S3,validation,2,0,deep_embedding_raw,514,105,105,22.602998224894204,0.017986464974709414,22.6051025390625,22.571955490112305,22.620893478393555,22.4802303314209,22.634628295898438,3.5805177688598633,,,False
S3,validation,2,0,fused_embedding,64,105,105,23.835828218005954,21.256240349859116,18.943777084350586,15.22502326965332,46.31689300537106,14.139077186584473,199.4654541015625,84.611572265625,,,False
S3,validation,2,0,logits,2,105,105,2.743093324275244,3.64863973323708,2.263205051422119,0.7585809230804443,5.630162239074705,0.18366074562072754,36.47209930419922,35.99454116821289,,,False
S3,validation,2,0,statistical_embedding_fusion,64,105,105,33.167149480183916,32.73012607984653,25.026723861694336,16.90117492675781,71.50397262573239,14.98097038269043,295.82696533203125,96.10350036621094,,,False
S3,validation,2,0,statistical_embedding_raw,32,105,105,42.866252953665594,42.05743566909611,32.2226676940918,22.308815002441406,93.1937133789062,19.614309310913086,392.11370849609375,246.27337646484375,,,False
S3,validation,2,0,deep_to_statistical_raw_mean_l2_ratio,1,1,1,0.5272912061925713,0.0,0.5272912061925713,0.5272912061925713,0.5272912061925713,0.5272912061925713,0.5272912061925713,0.5272912061925713,,,False
S3,train,2,1,classifier_input,64,208,208,23.985019257435432,17.81103088893348,17.36976718902588,12.573094892501832,61.62124404907221,10.92340087890625,136.67568969726562,55.12527084350586,,,False
S3,train,2,1,deep_embedding_fusion,64,208,208,17.285625778711758,0.3073916907820241,17.294947624206543,16.8005802154541,17.631942653656004,14.948619842529297,18.02009391784668,6.227954387664795,,,False
S3,train,2,1,deep_embedding_raw,514,208,208,22.60136641905858,0.013121277075453795,22.603038787841797,22.585440731048585,22.617255401611327,22.534696578979492,22.625810623168945,3.556042432785034,,,False
S3,train,2,1,fused_embedding,64,208,208,23.985019257435432,17.81103088893348,17.36976718902588,12.573094892501832,61.62124404907221,10.92340087890625,136.67568969726562,55.12527084350586,,,False
S3,train,2,1,logits,2,208,208,2.7800322265292587,1.9594256800748469,2.28582501411438,0.90351097881794,6.547324609756465,0.34361323714256287,12.63145637512207,10.95849609375,,,False
S3,train,2,1,statistical_embedding_fusion,64,208,208,36.77899351028296,28.80774800863052,26.702152252197266,17.603500175476075,92.29452476501464,12.49655532836914,231.78985595703125,63.200653076171875,,,False
S3,train,2,1,statistical_embedding_raw,32,208,208,46.6646353831658,36.05704046449718,34.44253158569336,23.733337783813475,114.48442687988278,16.053070068359375,294.5105895996094,235.21534729003906,,,False
S3,validation,2,1,classifier_input,64,104,104,25.005944417073177,28.01217174221027,16.708489418029785,12.067466878890992,66.83369827270498,10.72287654876709,206.60240173339844,106.04011535644531,,,False
S3,validation,2,1,deep_embedding_fusion,64,104,104,17.321162150456356,0.21625219891456243,17.315589904785156,17.028437423706055,17.646852493286133,16.45718002319336,17.882837295532227,6.186762809753418,,,False
S3,validation,2,1,deep_embedding_raw,514,104,104,22.598300787118767,0.019365584920113924,22.602375984191895,22.550050449371337,22.615503311157227,22.506752014160156,22.624486923217773,3.5508086681365967,,,False
S3,validation,2,1,fused_embedding,64,104,104,25.005944417073177,28.01217174221027,16.708489418029785,12.067466878890992,66.83369827270498,10.72287654876709,206.60240173339844,106.04011535644531,,,False
S3,validation,2,1,logits,2,104,104,2.9830573866000543,4.046052695913199,2.211446523666382,0.9273267567157746,7.017148160934445,0.040774017572402954,37.793548583984375,36.375587463378906,,,False
S3,validation,2,1,statistical_embedding_fusion,64,104,104,37.63185666157649,42.6354075220654,25.282965660095215,15.51430311203003,106.34545402526842,11.950418472290039,293.6983337402344,106.04012298583984,,,False
S3,validation,2,1,statistical_embedding_raw,32,104,104,47.61980241995592,52.1070385245046,31.934446334838867,20.861652755737303,130.15594444274893,15.056297302246094,374.93170166015625,240.09765625,,,False
S3,validation,2,1,deep_to_statistical_raw_mean_l2_ratio,1,1,1,0.47455679441560533,0.0,0.47455679441560533,0.47455679441560533,0.47455679441560533,0.47455679441560533,0.47455679441560533,0.47455679441560533,,,False
S3,train,2,2,classifier_input,64,209,209,24.52508695045727,17.086961370258713,18.719755172729492,13.954535865783692,61.70364761352538,11.851014137268066,133.3424835205078,63.90971374511719,,,False
S3,train,2,2,deep_embedding_fusion,64,209,209,18.196014878852516,0.33592795903070083,18.270709991455078,17.52315559387207,18.51160011291504,16.004043579101562,18.5939998626709,6.650166034698486,,,False
S3,train,2,2,deep_embedding_raw,514,209,209,22.57086328570352,0.022881340056375214,22.576372146606445,22.535940170288086,22.58831367492676,22.37809944152832,22.60460090637207,3.780102491378784,,,False
S3,train,2,2,fused_embedding,64,209,209,24.52508695045727,17.086961370258713,18.719755172729492,13.954535865783692,61.70364761352538,11.851014137268066,133.3424835205078,63.90971374511719,,,False
S3,train,2,2,logits,2,209,209,2.3539309525176098,2.1290221698784006,1.819899559020996,0.5762317657470704,6.673202419281005,0.06062312424182892,14.799094200134277,12.711163520812988,,,False
S3,train,2,2,statistical_embedding_fusion,64,209,209,36.958586368834574,28.598386456503256,27.81882095336914,17.170410537719725,98.74012451171875,12.020105361938477,232.67430114746094,69.13908386230469,,,False
S3,train,2,2,statistical_embedding_raw,32,209,209,46.40624824779456,37.24864984602906,34.5930290222168,23.146553421020506,124.76097106933594,15.322917938232422,303.87615966796875,243.383056640625,,,False
S3,validation,2,2,classifier_input,64,103,103,21.57387671424347,13.389706113754055,17.404830932617188,13.217465782165528,45.79106674194331,11.700519561767578,86.44703674316406,45.773441314697266,,,False
S3,validation,2,2,deep_embedding_fusion,64,103,103,18.21542854679441,0.3952916091566726,18.25979232788086,17.936824989318847,18.467510795593263,14.63119125366211,18.561763763427734,6.6512041091918945,,,False
S3,validation,2,2,deep_embedding_raw,514,103,103,22.572204071341208,0.02639055312082069,22.576704025268555,22.551914787292482,22.587906455993654,22.33469009399414,22.595582962036133,3.919973850250244,,,False
S3,validation,2,2,fused_embedding,64,103,103,21.57387671424347,13.389706113754055,17.404830932617188,13.217465782165528,45.79106674194331,11.700519561767578,86.44703674316406,45.773441314697266,,,False
S3,validation,2,2,logits,2,103,103,1.8082866969617826,1.146362973162074,1.6193827390670776,0.46360716223716736,3.4538483858108506,0.0703657865524292,7.3925299644470215,6.620107650756836,,,False
S3,validation,2,2,statistical_embedding_fusion,64,103,103,31.730011680751172,22.351228878733213,25.254066467285156,16.313654899597168,73.90408134460439,10.774351119995117,148.677978515625,59.27067947387695,,,False
S3,validation,2,2,statistical_embedding_raw,32,103,103,39.55486733705095,29.982722541532063,30.81113624572754,20.60857219696045,95.02061691284155,15.333523750305176,189.8350372314453,133.18927001953125,,,False
S3,validation,2,2,deep_to_statistical_raw_mean_l2_ratio,1,1,1,0.5706555372566723,0.0,0.5706555372566723,0.5706555372566723,0.5706555372566723,0.5706555372566723,0.5706555372566723,0.5706555372566723,,,False
S3,train,3,0,classifier_input,64,208,208,20.993147689562576,19.209151173388285,15.45975923538208,9.32766933441162,51.74440937042234,7.566778182983398,145.74844360351562,62.123714447021484,,,False
S3,train,3,0,deep_embedding_fusion,64,208,208,6.607047174985592,0.1179514188219623,6.5973217487335205,6.469282793998718,6.806782531738281,6.397837162017822,7.287096977233887,2.547222852706909,,,False
S3,train,3,0,deep_embedding_raw,514,208,208,17.704705614310043,0.3122597776545747,17.711430549621582,17.254208087921143,18.075295543670652,16.531269073486328,19.72695541381836,2.650615930557251,,,False
S3,train,3,0,fused_embedding,64,208,208,20.993147689562576,19.209151173388285,15.45975923538208,9.32766933441162,51.74440937042234,7.566778182983398,145.74844360351562,62.123714447021484,,,False
S3,train,3,0,logits,2,208,208,2.1532891010507367,2.3075810471549065,1.7421509623527527,0.5388948500156403,4.105085849761962,0.09008190780878067,24.503284454345703,20.9136962890625,,,False
S3,train,3,0,statistical_embedding_fusion,64,208,208,35.736203578802254,30.447908333940575,26.575456619262695,16.308120346069337,85.62074356079101,12.863909721374512,238.06016540527344,73.24742126464844,,,False
S3,train,3,0,statistical_embedding_raw,32,208,208,46.09095094754146,37.88407831976417,35.3160514831543,22.090547275543212,105.88024826049804,16.355146408081055,303.5190124511719,243.96202087402344,,,False
S3,validation,3,0,classifier_input,64,105,105,20.17550113314674,26.68982601376702,13.283205032348633,9.092426109313966,59.55110168457027,7.1987080574035645,235.18795776367188,96.7142105102539,,,False
S3,validation,3,0,deep_embedding_fusion,64,105,105,6.620425042651949,0.12197579386285286,6.593702793121338,6.462885475158691,6.847343444824219,6.45193338394165,7.206035137176514,2.3953137397766113,,,False
S3,validation,3,0,deep_embedding_raw,514,105,105,17.734270949590773,0.35950415091425086,17.69234848022461,17.43188896179199,18.175891494750978,17.066816329956055,19.986940383911133,2.6761929988861084,,,False
S3,validation,3,0,fused_embedding,64,105,105,20.17550113314674,26.68982601376702,13.283205032348633,9.092426109313966,59.55110168457027,7.1987080574035645,235.18795776367188,96.7142105102539,,,False
S3,validation,3,0,logits,2,105,105,1.8077353581076576,1.5536706618375427,1.4556001424789429,0.3928869068622589,3.5216303825378414,0.07354679703712463,10.773518562316895,10.286070823669434,,,False
S3,validation,3,0,statistical_embedding_fusion,64,105,105,34.528842998686294,41.4609005205169,23.383359909057617,16.29258155822754,91.40422210693355,12.831295013427734,335.61834716796875,98.75770568847656,,,False
S3,validation,3,0,statistical_embedding_raw,32,105,105,44.67589707147508,51.95477194137585,30.808706283569336,21.36223258972168,112.69082031249998,16.27265167236328,403.07366943359375,160.29623413085938,,,False
S3,validation,3,0,deep_to_statistical_raw_mean_l2_ratio,1,1,1,0.3969538859223904,0.0,0.3969538859223904,0.3969538859223904,0.3969538859223904,0.3969538859223904,0.3969538859223904,0.3969538859223904,,,False
S3,train,3,1,classifier_input,64,208,208,24.342120592410748,18.279956184534253,18.893853187561035,13.603844738006591,61.156023597717244,11.927985191345215,160.72158813476562,65.79476165771484,,,False
S3,train,3,1,deep_embedding_fusion,64,208,208,17.490153862879826,0.2736087993095941,17.543044090270996,16.91191291809082,17.799592971801758,16.39320182800293,18.080373764038086,5.608352184295654,,,False
S3,train,3,1,deep_embedding_raw,514,208,208,22.56920284491319,0.019551575917277315,22.575087547302246,22.522975730895997,22.58559856414795,22.47666358947754,22.595333099365234,3.435565233230591,,,False
S3,train,3,1,fused_embedding,64,208,208,24.342120592410748,18.279956184534253,18.893853187561035,13.603844738006591,61.156023597717244,11.927985191345215,160.72158813476562,65.79476165771484,,,False
S3,train,3,1,logits,2,208,208,2.576869297163704,2.266464881651668,2.097849726676941,0.6679964691400528,6.110101842880244,0.07717203348875046,18.118242263793945,16.754051208496094,,,False
S3,train,3,1,statistical_embedding_fusion,64,208,208,36.248624847485466,29.5532188217266,27.500587463378906,15.68993320465088,103.1791286468505,12.301615715026855,251.7617950439453,68.55618286132812,,,False
S3,train,3,1,statistical_embedding_raw,32,208,208,46.745018968215355,36.67673091867481,35.51902961730957,23.140371131896973,127.78183135986313,16.495046615600586,311.47955322265625,260.8943176269531,,,False
S3,validation,3,1,classifier_input,64,105,105,24.69392694745745,26.133668594834017,18.517953872680664,13.230676651000977,43.481293487548825,12.546928405761719,200.3232879638672,96.60829162597656,,,False
S3,validation,3,1,deep_embedding_fusion,64,105,105,17.437944167000907,0.4022414687316304,17.51443099975586,16.75369644165039,17.76729049682617,15.143449783325195,17.87965202331543,5.402958393096924,,,False
S3,validation,3,1,deep_embedding_raw,514,105,105,22.564280391874767,0.033321232081654745,22.57472038269043,22.50553970336914,22.587349319458006,22.367876052856445,22.590648651123047,3.7433688640594482,,,False
S3,validation,3,1,fused_embedding,64,105,105,24.69392694745745,26.133668594834017,18.517953872680664,13.230676651000977,43.481293487548825,12.546928405761719,200.3232879638672,96.60829162597656,,,False
S3,validation,3,1,logits,2,105,105,2.2435495058695474,1.9887085595329597,1.8400009870529175,0.6307096362113953,4.322751426696777,0.4584721326828003,15.069923400878906,13.156192779541016,,,False
S3,validation,3,1,statistical_embedding_fusion,64,105,105,36.66854734874907,41.48827946435376,27.140213012695312,15.121822166442872,77.14293212890624,13.353105545043945,319.0511779785156,112.86480712890625,,,False
S3,validation,3,1,statistical_embedding_raw,32,105,105,47.378369394938154,53.36850780146678,34.97661209106445,22.07261734008789,100.71824951171871,16.196792602539062,406.00146484375,252.6822967529297,,,False
S3,validation,3,1,deep_to_statistical_raw_mean_l2_ratio,1,1,1,0.47625700673196886,0.0,0.47625700673196886,0.47625700673196886,0.47625700673196886,0.47625700673196886,0.47625700673196886,0.47625700673196886,,,False
S3,train,3,2,classifier_input,64,210,210,23.853089845748176,18.262114726326207,18.082176208496094,13.218337154388427,61.3812271118164,10.569311141967773,131.0043487548828,73.84634399414062,,,False
S3,train,3,2,deep_embedding_fusion,64,210,210,18.604584030877977,0.3553022859524815,18.665008544921875,18.12569694519043,18.979168605804443,16.102331161499023,19.693626403808594,6.8112473487854,,,False
S3,train,3,2,deep_embedding_raw,514,210,210,22.572551908947172,0.2044340732739285,22.622754096984863,22.358584499359132,22.64022970199585,20.20160484313965,22.65763282775879,3.432957172393799,,,False
S3,train,3,2,fused_embedding,64,210,210,23.853089845748176,18.262114726326207,18.082176208496094,13.218337154388427,61.3812271118164,10.569311141967773,131.0043487548828,73.84634399414062,,,False
S3,train,3,2,logits,2,210,210,3.1661509035598665,2.1576365009515355,2.836527943611145,1.1295876562595368,6.946267676353452,0.44199952483177185,19.893125534057617,19.44617462158203,,,False
S3,train,3,2,statistical_embedding_fusion,64,210,210,36.898411432902016,29.303157167754357,27.594271659851074,18.08676633834839,90.63983802795399,13.681758880615234,202.89022827148438,73.84638214111328,,,False
S3,train,3,2,statistical_embedding_raw,32,210,210,46.601516333080475,36.67320536410428,35.39324378967285,23.449941444396973,111.82668838500955,17.25567626953125,266.8789367675781,197.90122985839844,,,False
S3,validation,3,2,classifier_input,64,103,103,20.674502863467318,15.608775798453165,15.783447265625,12.31872730255127,45.519481658935526,11.337655067443848,149.83897399902344,58.33699035644531,,,False
S3,validation,3,2,deep_embedding_fusion,64,103,103,18.64086088162024,0.3250020288756191,18.67152976989746,18.184165382385252,19.0398042678833,17.02707862854004,19.23369026184082,6.837650775909424,,,False
S3,validation,3,2,deep_embedding_raw,514,103,103,22.595327895821878,0.09929580470913976,22.62343978881836,22.458781051635743,22.637738037109376,21.91642951965332,22.650922775268555,3.661815881729126,,,False
S3,validation,3,2,fused_embedding,64,103,103,20.674502863467318,15.608775798453165,15.783447265625,12.31872730255127,45.519481658935526,11.337655067443848,149.83897399902344,58.33699035644531,,,False
S3,validation,3,2,logits,2,103,103,2.6262794634670885,1.2717671184238244,2.4800431728363037,1.192391276359558,4.699485540390011,0.36340534687042236,7.359474182128906,7.114797592163086,,,False
S3,validation,3,2,statistical_embedding_fusion,64,103,103,30.72417567540141,25.43235779877494,23.635276794433594,15.877617931365966,67.96600799560545,10.74847412109375,237.4165496826172,65.20315551757812,,,False
S3,validation,3,2,statistical_embedding_raw,32,103,103,39.49378995062078,33.461529920693145,30.702486038208008,20.11893653869629,84.39749145507811,15.776317596435547,316.9747314453125,249.8202667236328,,,False
S3,validation,3,2,deep_to_statistical_raw_mean_l2_ratio,1,1,1,0.5721235648458376,0.0,0.5721235648458376,0.5721235648458376,0.5721235648458376,0.5721235648458376,0.5721235648458376,0.5721235648458376,,,False
S3,train,4,0,classifier_input,64,208,208,23.352612545857063,18.01970660720814,17.702963829040527,12.430018997192382,57.8867948532104,10.157200813293457,136.05352783203125,72.35279083251953,,,False
S3,train,4,0,deep_embedding_fusion,64,208,208,13.82746220093507,0.1689932246098372,13.800517559051514,13.580496788024902,14.154331493377686,13.537947654724121,14.30825424194336,4.992620468139648,,,False
S3,train,4,0,deep_embedding_raw,514,208,208,22.095339591686542,0.04643233807470197,22.10802459716797,22.027422618865966,22.119716739654542,21.570911407470703,22.12943458557129,3.484081268310547,,,False
S3,train,4,0,fused_embedding,64,208,208,23.352612545857063,18.01970660720814,17.702963829040527,12.430018997192382,57.8867948532104,10.157200813293457,136.05352783203125,72.35279083251953,,,False
S3,train,4,0,logits,2,208,208,2.181757958820806,1.91867460239581,1.7671549916267395,0.6120114833116532,4.7851049661636305,0.07194198668003082,19.524633407592773,18.649442672729492,,,False
S3,train,4,0,statistical_embedding_fusion,64,208,208,36.82003313302994,28.89560241427616,28.182082176208496,17.78106050491333,95.84991188049301,11.386214256286621,210.02096557617188,73.08336639404297,,,False
S3,train,4,0,statistical_embedding_raw,32,208,208,45.97022629701174,38.059127146492266,35.11363220214844,23.191896057128908,109.4115043640136,15.76519775390625,280.5243225097656,211.3471221923828,,,False
S3,validation,4,0,classifier_input,64,105,105,20.765563837687175,15.067058357502138,16.81973648071289,11.55207176208496,48.01023788452143,10.076377868652344,123.69629669189453,54.985382080078125,,,False
S3,validation,4,0,deep_embedding_fusion,64,105,105,13.82876749492827,0.16780112123118734,13.800392150878906,13.60851593017578,14.162075996398926,13.557024955749512,14.332544326782227,4.91966438293457,,,False
S3,validation,4,0,deep_embedding_raw,514,105,105,22.09462214878627,0.036511073008963925,22.1088924407959,22.009335327148438,22.118468856811525,21.936071395874023,22.123064041137695,2.9609806537628174,,,False
S3,validation,4,0,fused_embedding,64,105,105,20.765563837687175,15.067058357502138,16.81973648071289,11.55207176208496,48.01023788452143,10.076377868652344,123.69629669189453,54.985382080078125,,,False
S3,validation,4,0,logits,2,105,105,1.8910651462418693,1.3900816525687336,1.703757882118225,0.5725916504859925,3.4547457218170163,0.06298081576824188,13.04098892211914,12.825355529785156,,,False
S3,validation,4,0,statistical_embedding_fusion,64,105,105,33.01070889064244,25.977660371692384,26.297269821166992,16.70153465270996,75.44313583374019,12.735177040100098,220.24171447753906,75.50463104248047,,,False
S3,validation,4,0,statistical_embedding_raw,32,105,105,40.847470764886765,30.403571361542745,31.748607635498047,22.95926704406738,83.08775634765622,15.843456268310547,246.53793334960938,136.72564697265625,,,False
S3,validation,4,0,deep_to_statistical_raw_mean_l2_ratio,1,1,1,0.5409055134884683,0.0,0.5409055134884683,0.5409055134884683,0.5409055134884683,0.5409055134884683,0.5409055134884683,0.5409055134884683,,,False
S3,train,4,1,classifier_input,64,208,208,23.79239065830524,18.33794895617745,18.4065580368042,12.381078386306763,60.74810028076155,10.3947114944458,123.75061798095703,41.51993942260742,,,False
S3,train,4,1,deep_embedding_fusion,64,208,208,17.03912761578193,0.6823801739691137,17.11191177368164,16.06010684967041,17.728945922851562,12.141928672790527,18.255403518676758,6.137994766235352,,,False
S3,train,4,1,deep_embedding_raw,514,208,208,22.656956159151516,0.012178056192955127,22.656123161315918,22.642814922332764,22.677168464660646,22.589704513549805,22.693309783935547,3.9860379695892334,,,False
S3,train,4,1,fused_embedding,64,208,208,23.79239065830524,18.33794895617745,18.4065580368042,12.381078386306763,60.74810028076155,10.3947114944458,123.75061798095703,41.51993942260742,,,False
S3,train,4,1,logits,2,208,208,3.184371911848967,2.3781389243393267,2.575392246246338,0.7751764565706254,8.146903824806186,0.2919618487358093,15.86751937866211,15.848895072937012,,,False
S3,train,4,1,statistical_embedding_fusion,64,208,208,37.34719152175463,28.72222521160642,27.715291023254395,17.214958095550536,94.06931228637686,12.343555450439453,180.58485412597656,58.90241622924805,,,False
S3,train,4,1,statistical_embedding_raw,32,208,208,46.845186747037445,36.41636577183407,34.63596534729004,23.06549997329712,122.19420967102047,18.277812957763672,225.72061157226562,185.4368438720703,,,False
S3,validation,4,1,classifier_input,64,105,105,29.311067317780996,46.65984653527321,16.44047737121582,12.186096382141113,84.61144485473625,10.863025665283203,338.7963562011719,138.53372192382812,,,False
S3,validation,4,1,deep_embedding_fusion,64,105,105,16.990401667640324,0.48107973232601375,17.08254051208496,16.030442810058595,17.576371002197266,14.775267601013184,17.791719436645508,6.233894348144531,,,False
S3,validation,4,1,deep_embedding_raw,514,105,105,22.658014224824452,0.010543118157717099,22.65734100341797,22.642984008789064,22.675625610351563,22.625486373901367,22.68674659729004,3.9587793350219727,,,False
S3,validation,4,1,fused_embedding,64,105,105,29.311067317780996,46.65984653527321,16.44047737121582,12.186096382141113,84.61144485473625,10.863025665283203,338.7963562011719,138.53372192382812,,,False
S3,validation,4,1,logits,2,105,105,3.502633905268851,4.114600639136581,2.2833311557769775,0.738161826133728,9.273429870605469,0.15697164833545685,30.419004440307617,27.37105941772461,,,False
S3,validation,4,1,statistical_embedding_fusion,64,105,105,45.440300986880345,75.05239080663631,25.680801391601562,15.331696701049804,130.10325317382802,11.278993606567383,546.018798828125,149.6195831298828,,,False
S3,validation,4,1,statistical_embedding_raw,32,105,105,59.049550755818686,101.12260584647312,31.067516326904297,20.851066207885744,150.84261169433594,14.177007675170898,730.939697265625,452.65777587890625,,,False
S3,validation,4,1,deep_to_statistical_raw_mean_l2_ratio,1,1,1,0.38371188154368396,0.0,0.38371188154368396,0.38371188154368396,0.38371188154368396,0.38371188154368396,0.38371188154368396,0.38371188154368396,,,False
S3,train,4,2,classifier_input,64,210,210,23.666998704274494,17.614678002471884,17.74963092803955,12.411593961715699,56.51108512878417,9.048077583312988,126.10672760009766,54.98758316040039,,,False
S3,train,4,2,deep_embedding_fusion,64,210,210,15.523114958263578,0.19907442453930999,15.518530368804932,15.279523754119873,15.81238317489624,14.610093116760254,15.977920532226562,6.250359535217285,,,False
S3,train,4,2,deep_embedding_raw,514,210,210,22.484949929373606,0.056119358851459265,22.500551223754883,22.401440334320068,22.51308422088623,21.86203956604004,22.52035140991211,3.874173164367676,,,False
S3,train,4,2,fused_embedding,64,210,210,23.666998704274494,17.614678002471884,17.74963092803955,12.411593961715699,56.51108512878417,9.048077583312988,126.10672760009766,54.98758316040039,,,False
S3,train,4,2,logits,2,210,210,2.792422224510284,2.4042578370751992,2.316228747367859,0.820506227016449,6.393944907188412,0.3884006440639496,20.262056350708008,20.05204200744629,,,False
S3,train,4,2,statistical_embedding_fusion,64,210,210,37.01732806705293,28.831566458478854,28.337812423706055,17.644313430786134,90.97638511657708,12.14173698425293,200.82040405273438,61.843040466308594,,,False
S3,train,4,2,statistical_embedding_raw,32,210,210,46.366251582191104,37.15386092852949,35.27980422973633,22.93594808578491,123.5241123199462,17.069299697875977,268.9737243652344,210.9639892578125,,,False
S3,validation,4,2,classifier_input,64,103,103,18.785640133237376,10.010087944488632,16.55514144897461,11.698061084747314,28.48321952819824,10.501832008361816,90.43799591064453,37.59720230102539,,,False
S3,validation,4,2,deep_embedding_fusion,64,103,103,15.511003114644764,0.2505840289838916,15.492228507995605,15.317707633972168,15.821445178985595,13.701696395874023,15.95130729675293,6.2250471115112305,,,False
S3,validation,4,2,deep_embedding_raw,514,103,103,22.49003201086544,0.03539619673392821,22.50199317932129,22.41007881164551,22.516138076782227,22.32415199279785,22.51951026916504,3.9529430866241455,,,False
S3,validation,4,2,fused_embedding,64,103,103,18.785640133237376,10.010087944488632,16.55514144897461,11.698061084747314,28.48321952819824,10.501832008361816,90.43799591064453,37.59720230102539,,,False
S3,validation,4,2,logits,2,103,103,2.0191643021783783,0.9956126771288848,1.997936487197876,0.6298566877841949,3.614522433280945,0.09228933602571487,6.197235584259033,6.195101737976074,,,False
S3,validation,4,2,statistical_embedding_fusion,64,103,103,28.93211023089955,16.22405610562541,25.673643112182617,16.04970588684082,53.87933578491201,14.903305053710938,131.9208526611328,45.39314651489258,,,False
S3,validation,4,2,statistical_embedding_raw,32,103,103,36.91032330040793,22.71580216634673,32.82563781738281,21.628076553344727,64.76521072387693,19.377418518066406,181.95993041992188,135.1488037109375,,,False
S3,validation,4,2,deep_to_statistical_raw_mean_l2_ratio,1,1,1,0.6093154976677455,0.0,0.6093154976677455,0.6093154976677455,0.6093154976677455,0.6093154976677455,0.6093154976677455,0.6093154976677455,,,False
