condition,kind,activity,wrist,context,inner,accuracy_full,accuracy_masked,accuracy_delta,ba_full,ba_masked,ba_delta,auroc_full,auroc_masked,auroc_delta,macro_f1_full,macro_f1_masked,macro_f1_delta,pd_recall_full,pd_recall_masked,pd_recall_delta,dd_recall_full,dd_recall_masked,dd_recall_delta
activity_off__CrossArms,activity,CrossArms,both,0,0,0.7142857142857143,0.5714285714285715,0.14285714285714282,0.6723336239465271,0.6022231909328685,0.07011043301365873,0.7086602731764021,0.7064806742226097,0.0021795989537925,0.666439635654999,0.5359098116040549,0.13052982405094402,0.7747747747747747,0.5270270270270271,0.24774774774774774,0.5698924731182796,0.6774193548387096,-0.10752688172043007
activity_off__CrossArms,activity,CrossArms,both,0,1,0.6990291262135923,0.598705501618123,0.10032362459546917,0.6796803652968036,0.5892694063926941,0.09041095890410954,0.7115677321156774,0.6722983257229833,0.039269406392694065,0.6568344367858968,0.5360360019768203,0.1207984348090763,0.7260273972602739,0.6118721461187214,0.1141552511415525,0.6333333333333333,0.5666666666666667,0.06666666666666667
activity_off__CrossArms,activity,CrossArms,both,0,2,0.7777777777777778,0.6928104575163397,0.08496732026143787,0.7512202802708234,0.6468272712958588,0.10439300897496456,0.802708234923634,0.7291765076365927,0.0735317272870413,0.7387989575818859,0.6330011298749525,0.1057978277069333,0.8127853881278538,0.7534246575342465,0.0593607305936073,0.689655172413793,0.5402298850574713,0.1494252873563218
activity_off__CrossArms,activity,CrossArms,both,1,0,0.7523809523809524,0.7428571428571429,0.009523809523809467,0.7056088346410926,0.7082243533856437,-0.002615518744551033,0.7369950595757047,0.7343795408311538,0.002615518744551,0.704111491628615,0.7007187246786608,0.0033927669499541333,0.8198198198198199,0.7927927927927928,0.027027027027026935,0.5913978494623656,0.6236559139784946,-0.03225806451612903
activity_off__CrossArms,activity,CrossArms,both,1,1,0.7884615384615384,0.7692307692307692,0.0192307692307692,0.7489489489489488,0.7222222222222222,0.0267267267267267,0.7570570570570571,0.7654654654654655,-0.008408408408408367,0.7451219039210496,0.7193835407385928,0.02573836318245673,0.8423423423423424,0.8333333333333334,0.009009009009009,0.6555555555555556,0.611111111111111,0.04444444444444443
activity_off__CrossArms,activity,CrossArms,both,1,2,0.744336569579288,0.7184466019417476,0.0258899676375404,0.7149162861491628,0.6573820395738204,0.05753424657534246,0.7488584474885845,0.745509893455099,0.0033485540334855005,0.7034528519265018,0.6439768726405647,0.05947597928593703,0.7853881278538813,0.8036529680365296,-0.0182648401826484,0.6444444444444445,0.5111111111111112,0.1333333333333333
activity_off__CrossArms,activity,CrossArms,both,2,0,0.7936507936507936,0.7365079365079366,0.0571428571428571,0.734888113920372,0.6631066550421388,0.07178145887823306,0.7333623946527172,0.6873002034292357,0.046062191223481465,0.7434969737850992,0.6660366078462983,0.07746036593880094,0.8783783783783784,0.8423423423423424,0.036036036036036036,0.5913978494623656,0.4838709677419355,0.10752688172043014
activity_off__CrossArms,activity,CrossArms,both,2,1,0.6698717948717948,0.4935897435897436,0.17628205128205124,0.6854354354354354,0.6111111111111112,0.07432432432432423,0.7339339339339338,0.7387387387387387,-0.004804804804804867,0.6461835495940396,0.48800501047058176,0.15817853912345772,0.6486486486486487,0.3333333333333333,0.31531531531531526,0.7222222222222222,0.8888888888888888,-0.16666666666666666
activity_off__CrossArms,activity,CrossArms,both,2,2,0.7249190938511326,0.7087378640776699,0.016181229773462768,0.7208523592085235,0.6636225266362252,0.05722983257229833,0.7764079147640791,0.7745814307458142,0.0018264840182648668,0.6946769465872858,0.6388567485753387,0.0558201980119473,0.730593607305936,0.771689497716895,-0.041095890410958937,0.7111111111111111,0.5555555555555556,0.15555555555555553
activity_off__CrossArms,activity,CrossArms,both,3,0,0.7238095238095239,0.6761904761904761,0.04761904761904753,0.7134553908747456,0.6827956989247311,0.03065969195001453,0.7725951758209822,0.7708514966579484,0.001743679163033968,0.692627828354373,0.6494408322730442,0.0431869960813287,0.7387387387387387,0.6666666666666666,0.072072072072072,0.6881720430107526,0.6989247311827956,-0.010752688172043001
activity_off__CrossArms,activity,CrossArms,both,3,1,0.7047619047619048,0.6666666666666666,0.038095238095238036,0.6999418773612321,0.7104039523394362,-0.010462074978204,0.7648939261842488,0.7659110723626853,-0.0010171461784365,0.675160702905545,0.6543156165315147,0.020845086374030364,0.7117117117117117,0.6036036036036037,0.10810810810810807,0.6881720430107526,0.8172043010752686,-0.1290322580645161
activity_off__CrossArms,activity,CrossArms,both,3,2,0.8122977346278316,0.7702265372168284,0.04207119741100316,0.7923135464231356,0.7691780821917807,0.023135464231354635,0.8388127853881278,0.8278538812785388,0.010958904109589033,0.7804477565789808,0.7429406176293286,0.037507138949651964,0.8401826484018264,0.771689497716895,0.06849315068493146,0.7444444444444445,0.7666666666666666,-0.02222222222222223
activity_off__CrossArms,activity,CrossArms,both,4,0,0.7682539682539682,0.7619047619047619,0.006349206349206334,0.7512351060738157,0.7154896832316187,0.03574542284219697,0.8174949142691078,0.7962801511188609,0.021214763150246996,0.7352958112232413,0.7105502519700427,0.024745559253198466,0.7927927927927927,0.8288288288288288,-0.036036036036036036,0.7096774193548386,0.6021505376344085,0.10752688172043008
activity_off__CrossArms,activity,CrossArms,both,4,1,0.7238095238095239,0.6857142857142856,0.038095238095238064,0.6759662888695147,0.6333188026736414,0.04264748619587327,0.6827956989247311,0.6730601569311246,0.009735541993606532,0.6715874875078857,0.6221923959725907,0.049395091535294866,0.7927927927927928,0.7612612612612613,0.0315315315315315,0.5591397849462365,0.5053763440860215,0.053763440860215034
activity_off__CrossArms,activity,CrossArms,both,4,2,0.7864077669902912,0.7637540453074433,0.022653721682847867,0.7478691019786909,0.7678843226788432,-0.020015220700152134,0.8071537290715373,0.8238964992389649,-0.0167427701674277,0.7446039602121496,0.7384578443607217,0.006146115851427933,0.8401826484018264,0.7579908675799087,0.0821917808219178,0.6555555555555556,0.7777777777777778,-0.12222222222222223
activity_off__DrinkGlas,activity,DrinkGlas,both,0,0,0.7142857142857143,0.6984126984126985,0.01587301587301587,0.6723336239465271,0.6579482708514967,0.014385353095030569,0.7086602731764021,0.7019761697181052,0.006684103458296933,0.666439635654999,0.6502575949312953,0.0161820407237037,0.7747747747747747,0.7567567567567567,0.018018018018017935,0.5698924731182796,0.5591397849462365,0.010752688172043036
activity_off__DrinkGlas,activity,DrinkGlas,both,0,1,0.6990291262135923,0.6990291262135923,0.0,0.6796803652968036,0.6600456621004566,0.019634703196346998,0.7115677321156774,0.7117199391171994,-0.00015220700152206718,0.6568344367858968,0.6490052214120526,0.007829215373844067,0.7260273972602739,0.7534246575342466,-0.0273972602739726,0.6333333333333333,0.5666666666666667,0.06666666666666667
activity_off__DrinkGlas,activity,DrinkGlas,both,0,2,0.7777777777777778,0.7712418300653594,0.006535947712418301,0.7512202802708234,0.7431900488112109,0.008030231459612666,0.802708234923634,0.8068020784128483,-0.0040938434892143,0.7387989575818859,0.731243181730315,0.007555775851570766,0.8127853881278538,0.8082191780821918,0.004566210045662134,0.689655172413793,0.6781609195402298,0.0114942528735632
activity_off__DrinkGlas,activity,DrinkGlas,both,1,0,0.7523809523809524,0.7396825396825397,0.0126984126984126,0.7056088346410926,0.687227550130776,0.0183812845103167,0.7369950595757047,0.7362685265911072,0.0007265329845975001,0.704111491628615,0.6869660158599059,0.0171454757687089,0.8198198198198199,0.8153153153153153,0.004504504504504433,0.5913978494623656,0.5591397849462365,0.03225806451612903
activity_off__DrinkGlas,activity,DrinkGlas,both,1,1,0.7884615384615384,0.782051282051282,0.006410256410256367,0.7489489489489488,0.7411411411411412,0.0078078078078078,0.7570570570570571,0.7542042042042043,0.0028528528528528,0.7451219039210496,0.7370816833683788,0.008040220552670733,0.8423423423423424,0.8378378378378378,0.0045045045045045,0.6555555555555556,0.6444444444444444,0.0111111111111111
activity_off__DrinkGlas,activity,DrinkGlas,both,1,2,0.744336569579288,0.7281553398058253,0.016181229773462733,0.7149162861491628,0.6707762557077626,0.04414003044140027,0.7488584474885845,0.7398782343987823,0.008980213089802068,0.7034528519265018,0.655605615962385,0.0478472359641167,0.7853881278538813,0.8082191780821918,-0.0228310502283105,0.6444444444444445,0.5333333333333333,0.1111111111111111
activity_off__DrinkGlas,activity,DrinkGlas,both,2,0,0.7936507936507936,0.780952380952381,0.0126984126984127,0.734888113920372,0.7165068294100553,0.01838128451031677,0.7333623946527172,0.7327811682650393,0.0005812263876779666,0.7434969737850992,0.7254197850972045,0.018077188687894666,0.8783783783783784,0.8738738738738739,0.004504504504504466,0.5913978494623656,0.5591397849462366,0.03225806451612903
activity_off__DrinkGlas,activity,DrinkGlas,both,2,1,0.6698717948717948,0.6762820512820512,-0.006410256410256367,0.6854354354354354,0.6965465465465467,-0.011111111111111164,0.7339339339339338,0.7376876876876878,-0.0037537537537537663,0.6461835495940396,0.6538491836971418,-0.0076656341031022665,0.6486486486486487,0.6486486486486487,0.0,0.7222222222222222,0.7444444444444445,-0.02222222222222223
activity_off__DrinkGlas,activity,DrinkGlas,both,2,2,0.7249190938511326,0.7313915857605178,-0.0064724919093851,0.7208523592085235,0.7188736681887367,0.0019786910197869003,0.7764079147640791,0.7843226788432268,-0.007914764079147601,0.6946769465872858,0.6970775525409083,-0.0024006059536222997,0.730593607305936,0.7488584474885845,-0.0182648401826484,0.7111111111111111,0.6888888888888888,0.0222222222222222
activity_off__DrinkGlas,activity,DrinkGlas,both,3,0,0.7238095238095239,0.7142857142857143,0.009523809523809467,0.7134553908747456,0.7004504504504504,0.013004940424295232,0.7725951758209822,0.7708514966579484,0.0017436791630339999,0.692627828354373,0.6810144223898892,0.011613405964483634,0.7387387387387387,0.7342342342342342,0.004504504504504466,0.6881720430107526,0.6666666666666666,0.021505376344086
activity_off__DrinkGlas,activity,DrinkGlas,both,3,1,0.7047619047619048,0.7174603174603175,-0.0126984126984126,0.6999418773612321,0.7339436210403952,-0.03400174367916307,0.7648939261842488,0.7917756466143563,-0.026881720430107465,0.675160702905545,0.6966859675589635,-0.021525264653418367,0.7117117117117117,0.6936936936936937,0.01801801801801797,0.6881720430107526,0.7741935483870969,-0.0860215053763441
activity_off__DrinkGlas,activity,DrinkGlas,both,3,2,0.8122977346278316,0.802588996763754,0.009708737864077667,0.7923135464231356,0.7789193302891934,0.0133942161339421,0.8388127853881278,0.8363774733637747,0.0024353120243530667,0.7804477565789808,0.767729407098348,0.0127183494806326,0.8401826484018264,0.8356164383561643,0.0045662100456621,0.7444444444444445,0.7222222222222222,0.022222222222222237
activity_off__DrinkGlas,activity,DrinkGlas,both,4,0,0.7682539682539682,0.7714285714285714,-0.003174603174603167,0.7512351060738157,0.7566114501598372,-0.0053763440860215665,0.8174949142691078,0.8188026736413834,-0.0013077593722754667,0.7352958112232413,0.7402785570892405,-0.004982745865999234,0.7927927927927927,0.7927927927927928,-3.353798720221827e-17,0.7096774193548386,0.7204301075268816,-0.010752688172043
activity_off__DrinkGlas,activity,DrinkGlas,both,4,1,0.7238095238095239,0.6857142857142856,0.038095238095238036,0.6759662888695147,0.6520633536762569,0.02390293519325773,0.6827956989247311,0.6788724208079047,0.0039232781168264666,0.6715874875078857,0.639890645767085,0.031696841740800535,0.7927927927927928,0.7342342342342342,0.058558558558558495,0.5591397849462365,0.5698924731182795,-0.010752688172043
activity_off__DrinkGlas,activity,DrinkGlas,both,4,2,0.7864077669902912,0.7702265372168284,0.016181229773462733,0.7478691019786909,0.7200913242009133,0.0277777777777778,0.8071537290715373,0.8015220700152207,0.005631659056316567,0.7446039602121496,0.7208232972006231,0.0237806630115265,0.8401826484018264,0.8401826484018264,0.0,0.6555555555555556,0.6,0.0555555555555555
activity_off__Entrainment,activity,Entrainment,both,0,0,0.7142857142857143,0.707936507936508,0.006349206349206334,0.6723336239465271,0.6615809357744842,0.010752688172042967,0.7086602731764021,0.7090961929671608,-0.0004359197907585,0.666439635654999,0.6569412818187025,0.0094983538362965,0.7747747747747747,0.7747747747747749,-3.353798720221827e-17,0.5698924731182796,0.5483870967741935,0.021505376344086034
activity_off__Entrainment,activity,Entrainment,both,0,1,0.6990291262135923,0.6925566343042071,0.0064724919093851,0.6796803652968036,0.671841704718417,0.007838660578386633,0.7115677321156774,0.7109589041095891,0.0006088280060883,0.6568344367858968,0.6490562249315726,0.007778211854324233,0.7260273972602739,0.7214611872146118,0.004566210045662099,0.6333333333333333,0.6222222222222222,0.0111111111111111
activity_off__Entrainment,activity,Entrainment,both,0,2,0.7777777777777778,0.7908496732026143,-0.013071895424836569,0.7512202802708234,0.7638167217760983,-0.012596441505274667,0.802708234923634,0.802708234923634,0.0,0.7387989575818859,0.7527466475126338,-0.013947689930747768,0.8127853881278538,0.8264840182648401,-0.013698630136986268,0.689655172413793,0.7011494252873564,-0.011494252873563234
activity_off__Entrainment,activity,Entrainment,both,1,0,0.7523809523809524,0.7492063492063492,0.0031746031746031998,0.7056088346410926,0.7033565823888405,0.002252252252252233,0.7369950595757047,0.7397558849171753,-0.0027608253414704333,0.704111491628615,0.7011705556161153,0.002940936012499533,0.8198198198198199,0.8153153153153153,0.004504504504504466,0.5913978494623656,0.5913978494623656,0.0
activity_off__Entrainment,activity,Entrainment,both,1,1,0.7884615384615384,0.7788461538461539,0.009615384615384567,0.7489489489489488,0.7355855855855856,0.0133633633633633,0.7570570570570571,0.756006006006006,0.0010510510510509665,0.7451219039210496,0.7331407594128664,0.011981144508183134,0.8423423423423424,0.8378378378378378,0.004504504504504466,0.6555555555555556,0.6333333333333333,0.0222222222222222
activity_off__Entrainment,activity,Entrainment,both,1,2,0.744336569579288,0.7378640776699029,0.0064724919093851,0.7149162861491628,0.7103500761035008,0.004566210045662066,0.7488584474885845,0.7482496194824962,0.0006088280060883,0.7034528519265018,0.6972894921703507,0.006163359756151,0.7853881278538813,0.776255707762557,0.0091324200913242,0.6444444444444445,0.6444444444444445,0.0
activity_off__Entrainment,activity,Entrainment,both,2,0,0.7936507936507936,0.7904761904761904,0.0031746031746031998,0.734888113920372,0.7326358616681198,0.002252252252252233,0.7333623946527172,0.7332170880557977,0.00014530659691946665,0.7434969737850992,0.7402961985255004,0.003200775259598733,0.8783783783783784,0.8738738738738738,0.0045045045045045,0.5913978494623656,0.5913978494623656,0.0
activity_off__Entrainment,activity,Entrainment,both,2,1,0.6698717948717948,0.6826923076923078,-0.012820512820512733,0.6854354354354354,0.6911411411411411,-0.005705705705705634,0.7339339339339338,0.733033033033033,0.0009009009009007999,0.6461835495940396,0.6557176326767137,-0.009534083082674,0.6486486486486487,0.6711711711711712,-0.02252252252252243,0.7222222222222222,0.7111111111111111,0.0111111111111111
activity_off__Entrainment,activity,Entrainment,both,2,2,0.7249190938511326,0.7216828478964401,0.0032362459546925334,0.7208523592085235,0.715296803652968,0.005555555555555533,0.7764079147640791,0.776255707762557,0.0001522070015221002,0.6946769465872858,0.6906641974704977,0.0040127491167882,0.730593607305936,0.730593607305936,0.0,0.7111111111111111,0.7000000000000001,0.0111111111111111
activity_off__Entrainment,activity,Entrainment,both,3,0,0.7238095238095239,0.7301587301587302,-0.0063492063492063,0.7134553908747456,0.7179598953792503,-0.0045045045045045,0.7725951758209822,0.7744841615809358,-0.0018889857599534668,0.692627828354373,0.6983041568567884,-0.005676328502415467,0.7387387387387387,0.7477477477477477,-0.009009009009009,0.6881720430107526,0.6881720430107526,0.0
activity_off__Entrainment,activity,Entrainment,both,3,1,0.7047619047619048,0.7047619047619048,0.0,0.6999418773612321,0.6999418773612321,0.0,0.7648939261842488,0.7647486195873293,0.00014530659691946654,0.675160702905545,0.675160702905545,0.0,0.7117117117117117,0.7117117117117117,0.0,0.6881720430107526,0.6881720430107526,0.0
activity_off__Entrainment,activity,Entrainment,both,3,2,0.8122977346278316,0.802588996763754,0.009708737864077633,0.7923135464231356,0.7821917808219178,0.0101217656012176,0.8388127853881278,0.8363774733637747,0.0024353120243530667,0.7804477565789808,0.7691440925509782,0.011303664028002534,0.8401826484018264,0.8310502283105023,0.009132420091324167,0.7444444444444445,0.7333333333333334,0.0111111111111111
activity_off__Entrainment,activity,Entrainment,both,4,0,0.7682539682539682,0.7714285714285714,-0.0031746031746031334,0.7512351060738157,0.7534873583260678,-0.0022522522522522,0.8174949142691078,0.8176402208660273,-0.00014530659691946668,0.7352958112232413,0.738267780152657,-0.0029719689294157004,0.7927927927927927,0.7972972972972973,-0.004504504504504466,0.7096774193548386,0.7096774193548386,0.0
activity_off__Entrainment,activity,Entrainment,both,4,1,0.7238095238095239,0.7238095238095239,0.0,0.6759662888695147,0.679090380703284,-0.003124091833769233,0.6827956989247311,0.6827956989247311,0.0,0.6715874875078857,0.6730540161483273,-0.0014665286404416666,0.7927927927927928,0.7882882882882883,0.004504504504504466,0.5591397849462365,0.5698924731182795,-0.010752688172043
activity_off__Entrainment,activity,Entrainment,both,4,2,0.7864077669902912,0.7864077669902912,0.0,0.7478691019786909,0.7478691019786909,0.0,0.8071537290715373,0.8074581430745814,-0.00030441400304419996,0.7446039602121496,0.7446039602121496,0.0,0.8401826484018264,0.8401826484018264,0.0,0.6555555555555556,0.6555555555555556,0.0
activity_off__HoldWeight,activity,HoldWeight,both,0,0,0.7142857142857143,0.7015873015873016,0.0126984126984127,0.6723336239465271,0.6570764312699796,0.015257192676547467,0.7086602731764021,0.7082243533856437,0.0004359197907584667,0.666439635654999,0.6514223269415492,0.015017308713449732,0.7747747747747747,0.7657657657657658,0.009009009009008933,0.5698924731182796,0.5483870967741935,0.021505376344086034
activity_off__HoldWeight,activity,HoldWeight,both,0,1,0.6990291262135923,0.7022653721682848,-0.0032362459546925334,0.6796803652968036,0.6721461187214612,0.007534246575342434,0.7115677321156774,0.7091324200913242,0.002435312024353133,0.6568344367858968,0.6574589160157187,-0.0006244792298219,0.7260273972602739,0.7442922374429224,-0.0182648401826484,0.6333333333333333,0.6,0.03333333333333333
activity_off__HoldWeight,activity,HoldWeight,both,0,2,0.7777777777777778,0.7745098039215685,0.003267973856209167,0.7512202802708234,0.752401196661943,-0.0011809163911194996,0.802708234923634,0.8030231459612659,-0.00031491103763189995,0.7387989575818859,0.737213873774742,0.0015850838071438337,0.8127853881278538,0.8036529680365296,0.0091324200913242,0.689655172413793,0.7011494252873564,-0.011494252873563234
activity_off__HoldWeight,activity,HoldWeight,both,1,0,0.7523809523809524,0.7365079365079366,0.0158730158730158,0.7056088346410926,0.6943475733798316,0.011261261261261167,0.7369950595757047,0.7361232199941877,0.000871839581517,0.704111491628615,0.6897581853227015,0.014353306305913435,0.8198198198198199,0.7972972972972974,0.02252252252252243,0.5913978494623656,0.5913978494623656,0.0
activity_off__HoldWeight,activity,HoldWeight,both,1,1,0.7884615384615384,0.7884615384615384,0.0,0.7489489489489488,0.7489489489489488,0.0,0.7570570570570571,0.7558558558558559,0.0012012012012011335,0.7451219039210496,0.7451219039210496,0.0,0.8423423423423424,0.8423423423423424,0.0,0.6555555555555556,0.6555555555555556,0.0
activity_off__HoldWeight,activity,HoldWeight,both,1,2,0.744336569579288,0.7475728155339806,-0.0032362459546925334,0.7149162861491628,0.7204718417047183,-0.0055555555555555,0.7488584474885845,0.7503805175038051,-0.0015220700152207,0.7034528519265018,0.7080996384458981,-0.0046467865193962,0.7853881278538813,0.7853881278538813,0.0,0.6444444444444445,0.6555555555555556,-0.0111111111111111
activity_off__HoldWeight,activity,HoldWeight,both,2,0,0.7936507936507936,0.7777777777777778,0.015873015873015834,0.734888113920372,0.6986341179889567,0.03625399593141534,0.7333623946527172,0.7342342342342342,-0.0008718395815170333,0.7434969737850992,0.7120184787995649,0.03147849498553423,0.8783783783783784,0.8918918918918918,-0.013513513513513466,0.5913978494623656,0.5053763440860215,0.0860215053763441
activity_off__HoldWeight,activity,HoldWeight,both,2,1,0.6698717948717948,0.657051282051282,0.012820512820512766,0.6854354354354354,0.6764264264264264,0.0090090090090089,0.7339339339339338,0.7331831831831832,0.0007507507507507334,0.6461835495940396,0.6348567548514626,0.011326794742576867,0.6486486486486487,0.6306306306306305,0.01801801801801797,0.7222222222222222,0.7222222222222222,0.0
activity_off__HoldWeight,activity,HoldWeight,both,2,2,0.7249190938511326,0.7216828478964401,0.0032362459546925334,0.7208523592085235,0.7120243531202436,0.00882800608828,0.7764079147640791,0.7678843226788432,0.008523592085235933,0.6946769465872858,0.6889564636178943,0.005720482969391633,0.730593607305936,0.7351598173515982,-0.0045662100456621,0.7111111111111111,0.6888888888888888,0.0222222222222222
activity_off__HoldWeight,activity,HoldWeight,both,3,0,0.7238095238095239,0.726984126984127,-0.0031746031746030666,0.7134553908747456,0.715707643126998,-0.002252252252252233,0.7725951758209822,0.7709968032548677,0.0015983725661145,0.692627828354373,0.6955343953083304,-0.002906566953957433,0.7387387387387387,0.7432432432432433,-0.0045045045045045,0.6881720430107526,0.6881720430107526,0.0
activity_off__HoldWeight,activity,HoldWeight,both,3,1,0.7047619047619048,0.7015873015873016,0.0031746031746031998,0.6999418773612321,0.7008137169427492,-0.000871839581517,0.7648939261842488,0.7634408602150536,0.0014530659691949666,0.675160702905545,0.67324310964873,0.0019175932568149335,0.7117117117117117,0.7027027027027026,0.009009009009008967,0.6881720430107526,0.6989247311827956,-0.010752688172043
activity_off__HoldWeight,activity,HoldWeight,both,3,2,0.8122977346278316,0.7864077669902912,0.0258899676375404,0.7923135464231356,0.774048706240487,0.018264840182648366,0.8388127853881278,0.8354642313546424,0.0033485540334854662,0.7804477565789808,0.7570864465783611,0.023361310000619667,0.8401826484018264,0.8036529680365296,0.03652968036529677,0.7444444444444445,0.7444444444444445,0.0
activity_off__HoldWeight,activity,HoldWeight,both,4,0,0.7682539682539682,0.7619047619047619,0.006349206349206367,0.7512351060738157,0.7467306015693111,0.004504504504504499,0.8174949142691078,0.8205463528044173,-0.0030514385353094336,0.7352958112232413,0.7295325898429411,0.005763221380300134,0.7927927927927927,0.7837837837837838,0.009009009009009,0.7096774193548386,0.7096774193548386,0.0
activity_off__HoldWeight,activity,HoldWeight,both,4,1,0.7238095238095239,0.7174603174603175,0.006349206349206334,0.6759662888695147,0.6745858761987794,0.0013804126707352667,0.6827956989247311,0.6807614065678583,0.0020342923568729666,0.6715874875078857,0.6677993174429829,0.0037881700649027,0.7927927927927928,0.7792792792792792,0.0135135135135135,0.5591397849462365,0.5698924731182795,-0.010752688172043
activity_off__HoldWeight,activity,HoldWeight,both,4,2,0.7864077669902912,0.7864077669902912,0.0,0.7478691019786909,0.7511415525114155,-0.003272450532724534,0.8071537290715373,0.8053272450532725,0.0018264840182648332,0.7446039602121496,0.7462291842229022,-0.0016252240107525334,0.8401826484018264,0.8356164383561643,0.0045662100456621,0.6555555555555556,0.6666666666666666,-0.0111111111111111
activity_off__LiftHold,activity,LiftHold,both,0,0,0.7142857142857143,0.6825396825396824,0.03174603174603173,0.6723336239465271,0.6529351932577739,0.0193984306887532,0.7086602731764021,0.7144725370531821,-0.005812263876779967,0.666439635654999,0.6404320948542644,0.026007540800734533,0.7747747747747747,0.7252252252252251,0.04954954954954947,0.5698924731182796,0.5806451612903226,-0.010752688172043
activity_off__LiftHold,activity,LiftHold,both,0,1,0.6990291262135923,0.6925566343042071,0.006472491909385067,0.6796803652968036,0.6751141552511416,0.0045662100456620005,0.7115677321156774,0.7143074581430745,-0.0027397260273972,0.6568344367858968,0.650839619862776,0.005994816923120666,0.7260273972602739,0.7168949771689498,0.009132420091324167,0.6333333333333333,0.6333333333333333,0.0
activity_off__LiftHold,activity,LiftHold,both,0,2,0.7777777777777778,0.7843137254901961,-0.006535947712418267,0.7512202802708234,0.7592505117304361,-0.0080302314596126,0.802708234923634,0.8036529680365296,-0.0009447331128956334,0.7387989575818859,0.7466904421798818,-0.007891484597995933,0.8127853881278538,0.817351598173516,-0.004566210045662066,0.689655172413793,0.7011494252873564,-0.011494252873563234
activity_off__LiftHold,activity,LiftHold,both,1,0,0.7523809523809524,0.7396825396825397,0.012698412698412667,0.7056088346410926,0.6997239174658528,0.0058849171752397,0.7369950595757047,0.7351060738157512,0.0018889857599534998,0.704111491628615,0.694336014900531,0.009775476728083966,0.8198198198198199,0.7972972972972974,0.02252252252252243,0.5913978494623656,0.6021505376344086,-0.010752688172043
activity_off__LiftHold,activity,LiftHold,both,1,1,0.7884615384615384,0.782051282051282,0.006410256410256367,0.7489489489489488,0.7444444444444445,0.004504504504504433,0.7570570570570571,0.7530030030030029,0.0040540540540540335,0.7451219039210496,0.739017845613071,0.006104058307978499,0.8423423423423424,0.8333333333333334,0.009009009009008967,0.6555555555555556,0.6555555555555556,0.0
activity_off__LiftHold,activity,LiftHold,both,1,2,0.744336569579288,0.7281553398058253,0.016181229773462733,0.7149162861491628,0.7035007610350076,0.011415525114155231,0.7488584474885845,0.7508371385083713,-0.0019786910197869332,0.7034528519265018,0.6886632260395308,0.014789625886970833,0.7853881278538813,0.7625570776255707,0.0228310502283105,0.6444444444444445,0.6444444444444445,0.0
activity_off__LiftHold,activity,LiftHold,both,2,0,0.7936507936507936,0.7777777777777777,0.015873015873015935,0.734888113920372,0.7205027608253415,0.014385353095030468,0.7333623946527172,0.7365591397849464,-0.0031967451322290337,0.7434969737850992,0.7258706366192375,0.017626337165861764,0.8783783783783784,0.8603603603603603,0.01801801801801797,0.5913978494623656,0.5806451612903226,0.010752688172043036
activity_off__LiftHold,activity,LiftHold,both,2,1,0.6698717948717948,0.6538461538461539,0.016025641025640965,0.6854354354354354,0.6807807807807809,0.004654654654654567,0.7339339339339338,0.7301801801801803,0.0037537537537537,0.6461835495940396,0.6346013351390369,0.0115822144550026,0.6486486486486487,0.6171171171171171,0.031531531531531466,0.7222222222222222,0.7444444444444445,-0.0222222222222222
activity_off__LiftHold,activity,LiftHold,both,2,2,0.7249190938511326,0.7087378640776699,0.016181229773462733,0.7208523592085235,0.7094368340943683,0.0114155251141552,0.7764079147640791,0.7724505327245054,0.0039573820395738,0.6946769465872858,0.6804975950668452,0.014179351520440699,0.730593607305936,0.7077625570776256,0.022831050228310463,0.7111111111111111,0.7111111111111111,0.0
activity_off__LiftHold,activity,LiftHold,both,3,0,0.7238095238095239,0.7142857142857143,0.0095238095238095,0.7134553908747456,0.7098227259517582,0.0036326649229874997,0.7725951758209822,0.7734670154024993,-0.0008718395815169666,0.692627828354373,0.6856586724535466,0.006969155900826433,0.7387387387387387,0.7207207207207208,0.01801801801801793,0.6881720430107526,0.6989247311827956,-0.010752688172043
activity_off__LiftHold,activity,LiftHold,both,3,1,0.7047619047619048,0.7015873015873016,0.0031746031746031998,0.6999418773612321,0.7039378087765185,-0.003995931415286299,0.7648939261842488,0.7619877942458587,0.00290613193839,0.675160702905545,0.6750177253437668,0.00014297756177830025,0.7117117117117117,0.6981981981981983,0.013513513513513433,0.6881720430107526,0.7096774193548386,-0.021505376344086
activity_off__LiftHold,activity,LiftHold,both,3,2,0.8122977346278316,0.7831715210355986,0.02912621359223297,0.7923135464231356,0.7815829528158296,0.010730593607305902,0.8388127853881278,0.8353120243531201,0.003500761035007533,0.7804477565789808,0.7570998678113577,0.023347888767622966,0.8401826484018264,0.7853881278538813,0.05479452054794517,0.7444444444444445,0.7777777777777778,-0.033333333333333326
activity_off__LiftHold,activity,LiftHold,both,4,0,0.7682539682539682,0.7746031746031745,-0.006349206349206267,0.7512351060738157,0.7619877942458587,-0.010752688172043,0.8174949142691078,0.8193839000290613,-0.0018889857599534666,0.7352958112232413,0.7439514014782832,-0.008655590255041834,0.7927927927927927,0.7927927927927927,0.0,0.7096774193548386,0.7311827956989246,-0.021505376344086
activity_off__LiftHold,activity,LiftHold,both,4,1,0.7238095238095239,0.7142857142857143,0.009523809523809533,0.6759662888695147,0.6692095321127579,0.006756756756756734,0.6827956989247311,0.6836675385062482,-0.0008718395815169333,0.6715874875078857,0.6632638335777031,0.008323653930182367,0.7927927927927928,0.7792792792792792,0.013513513513513467,0.5591397849462365,0.5591397849462365,0.0
activity_off__LiftHold,activity,LiftHold,both,4,2,0.7864077669902912,0.7831715210355986,0.0032362459546925334,0.7478691019786909,0.7455859969558599,0.002283105022831033,0.8071537290715373,0.8068493150684931,0.0003044140030441,0.7446039602121496,0.7415536204682615,0.0030503397438881,0.8401826484018264,0.8356164383561643,0.0045662100456621,0.6555555555555556,0.6555555555555556,0.0
activity_off__PointFinger,activity,PointFinger,both,0,0,0.7142857142857143,0.7111111111111111,0.0031746031746031998,0.6723336239465271,0.6513368206916593,0.020996803254867764,0.7086602731764021,0.7112757919209532,-0.0026155187445509997,0.666439635654999,0.651360544217687,0.015079091437312,0.7747747747747747,0.7972972972972974,-0.0225225225225225,0.5698924731182796,0.5053763440860215,0.06451612903225808
activity_off__PointFinger,activity,PointFinger,both,0,1,0.6990291262135923,0.6893203883495146,0.009708737864077633,0.6796803652968036,0.663013698630137,0.016666666666666635,0.7115677321156774,0.7033485540334855,0.008219178082191666,0.6568344367858968,0.6433473277078264,0.013487109078070367,0.7260273972602739,0.7260273972602739,0.0,0.6333333333333333,0.6,0.0333333333333333
activity_off__PointFinger,activity,PointFinger,both,0,2,0.7777777777777778,0.7712418300653594,0.006535947712418301,0.7512202802708234,0.7293339631554087,0.021886317115414933,0.802708234923634,0.8044402456306093,-0.0017320107069753,0.7387989575818859,0.7244125843271291,0.014386373254756732,0.8127853881278538,0.8264840182648401,-0.013698630136986266,0.689655172413793,0.632183908045977,0.057471264367816056
activity_off__PointFinger,activity,PointFinger,both,1,0,0.7523809523809524,0.7587301587301587,-0.006349206349206267,0.7056088346410926,0.706989247311828,-0.0013804126707353001,0.7369950595757047,0.7393199651264167,-0.0023249055507120002,0.704111491628615,0.7076575206428811,-0.003546029014266166,0.8198198198198199,0.8333333333333334,-0.013513513513513533,0.5913978494623656,0.5806451612903226,0.010752688172043
activity_off__PointFinger,activity,PointFinger,both,1,1,0.7884615384615384,0.782051282051282,0.006410256410256367,0.7489489489489488,0.7411411411411412,0.007807807807807768,0.7570570570570571,0.7531531531531531,0.003903903903903867,0.7451219039210496,0.7376376514097583,0.007484252511291167,0.8423423423423424,0.8378378378378378,0.004504504504504466,0.6555555555555556,0.6444444444444444,0.0111111111111111
activity_off__PointFinger,activity,PointFinger,both,1,2,0.744336569579288,0.715210355987055,0.029126213592232966,0.7149162861491628,0.6878234398782345,0.027092846270928398,0.7488584474885845,0.7474885844748859,0.0013698630136986002,0.7034528519265018,0.6715668961676222,0.0318859557588795,0.7853881278538813,0.7534246575342465,0.0319634703196347,0.6444444444444445,0.6222222222222222,0.0222222222222222
activity_off__PointFinger,activity,PointFinger,both,2,0,0.7936507936507936,0.7682539682539682,0.0253968253968254,0.734888113920372,0.6793809938971229,0.05550712002324914,0.7333623946527172,0.7384481255448998,-0.005085730892182466,0.7434969737850992,0.6876492480184669,0.05584772576663227,0.8783783783783784,0.8963963963963965,-0.018018018018017935,0.5913978494623656,0.4623655913978495,0.12903225806451615
activity_off__PointFinger,activity,PointFinger,both,2,1,0.6698717948717948,0.6698717948717948,3.353798720221827e-17,0.6854354354354354,0.6623123123123124,0.023123123123122997,0.7339339339339338,0.731981981981982,0.0019519519519519332,0.6461835495940396,0.6357212979609683,0.0104622516330712,0.6486486486486487,0.6801801801801801,-0.0315315315315315,0.7222222222222222,0.6444444444444445,0.0777777777777777
activity_off__PointFinger,activity,PointFinger,both,2,2,0.7249190938511326,0.7119741100323624,0.012944983818770165,0.7208523592085235,0.7051750380517504,0.01567732115677317,0.7764079147640791,0.7739726027397261,0.0024353120243531,0.6946769465872858,0.6809143772566002,0.013762569330685667,0.730593607305936,0.7214611872146118,0.009132420091324166,0.7111111111111111,0.6888888888888888,0.0222222222222222
activity_off__PointFinger,activity,PointFinger,both,3,0,0.7238095238095239,0.7269841269841271,-0.0031746031746031334,0.7134553908747456,0.7125835512932287,0.0008718395815169666,0.7725951758209822,0.7736123219994188,-0.0010171461784365334,0.692627828354373,0.6938947492641511,-0.0012669209097780666,0.7387387387387387,0.7477477477477477,-0.009009009009009,0.6881720430107526,0.6774193548387096,0.010752688172043
activity_off__PointFinger,activity,PointFinger,both,3,1,0.7047619047619048,0.7142857142857143,-0.009523809523809533,0.6999418773612321,0.7004504504504504,-0.000508573089218234,0.7648939261842488,0.7634408602150536,0.0014530659691949666,0.675160702905545,0.6799727398594161,-0.004812036953870967,0.7117117117117117,0.7342342342342342,-0.02252252252252247,0.6881720430107526,0.6666666666666666,0.021505376344086034
activity_off__PointFinger,activity,PointFinger,both,3,2,0.8122977346278316,0.7993527508090614,0.012944983818770165,0.7923135464231356,0.7766362252663622,0.0156773211567732,0.8388127853881278,0.8337899543378996,0.005022831050228233,0.7804477565789808,0.7646089653559122,0.015838791223068534,0.8401826484018264,0.8310502283105023,0.0091324200913242,0.7444444444444445,0.7222222222222223,0.0222222222222222
activity_off__PointFinger,activity,PointFinger,both,4,0,0.7682539682539682,0.7714285714285714,-0.0031746031746031334,0.7512351060738157,0.7566114501598372,-0.0053763440860215,0.8174949142691078,0.8106655042138913,0.006829410055216534,0.7352958112232413,0.7399498509081052,-0.004654039684863867,0.7927927927927927,0.7927927927927927,0.0,0.7096774193548386,0.7204301075268816,-0.010752688172043
activity_off__PointFinger,activity,PointFinger,both,4,1,0.7238095238095239,0.7174603174603175,0.006349206349206334,0.6759662888695147,0.6714617843650101,0.0045045045045045,0.6827956989247311,0.6791630340017436,0.0036326649229874667,0.6715874875078857,0.6660089275814995,0.0055785599263859995,0.7927927927927928,0.7837837837837838,0.009009009009008967,0.5591397849462365,0.5591397849462365,0.0
activity_off__PointFinger,activity,PointFinger,both,4,2,0.7864077669902912,0.773462783171521,0.0129449838187702,0.7478691019786909,0.7256468797564688,0.0222222222222222,0.8071537290715373,0.8022831050228311,0.004870624048706133,0.7446039602121496,0.7253822630443345,0.0192216971678152,0.8401826484018264,0.8401826484018264,0.0,0.6555555555555556,0.611111111111111,0.0444444444444444
activity_off__Relaxed,activity,Relaxed,both,0,0,0.7142857142857143,0.7111111111111111,0.0031746031746031998,0.6723336239465271,0.670081371694275,0.002252252252252233,0.7086602731764021,0.7083696599825632,0.00029061319383896664,0.666439635654999,0.6636761744271529,0.0027634612278460667,0.7747747747747747,0.7702702702702702,0.004504504504504466,0.5698924731182796,0.5698924731182796,0.0
activity_off__Relaxed,activity,Relaxed,both,0,1,0.6990291262135923,0.6990291262135923,0.0,0.6796803652968036,0.6829528158295282,-0.003272450532724533,0.7115677321156774,0.7144596651445966,-0.0028919330289193333,0.6568344367858968,0.6603218088501559,-0.0034873720642591005,0.7260273972602739,0.7214611872146118,0.004566210045662134,0.6333333333333333,0.6444444444444445,-0.0111111111111111
activity_off__Relaxed,activity,Relaxed,both,0,2,0.7777777777777778,0.7712418300653594,0.006535947712418301,0.7512202802708234,0.7431900488112109,0.0080302314596126,0.802708234923634,0.802708234923634,0.0,0.7387989575818859,0.7310101705969556,0.007788786984930167,0.8127853881278538,0.8082191780821918,0.0045662100456621,0.689655172413793,0.6781609195402298,0.0114942528735632
activity_off__Relaxed,activity,Relaxed,both,1,0,0.7523809523809524,0.7428571428571429,0.009523809523809467,0.7056088346410926,0.6926038942167975,0.013004940424295232,0.7369950595757047,0.7348154606219123,0.0021795989537924,0.704111491628615,0.6917529440243229,0.012358547604291933,0.8198198198198199,0.8153153153153153,0.004504504504504466,0.5913978494623656,0.5698924731182796,0.021505376344086
activity_off__Relaxed,activity,Relaxed,both,1,1,0.7884615384615384,0.782051282051282,0.0064102564102564005,0.7489489489489488,0.7378378378378377,0.011111111111111066,0.7570570570570571,0.7558558558558559,0.0012012012012012332,0.7451219039210496,0.7361286114786484,0.008993292442401133,0.8423423423423424,0.8423423423423424,3.353798720221827e-17,0.6555555555555556,0.6333333333333333,0.0222222222222222
activity_off__Relaxed,activity,Relaxed,both,1,2,0.744336569579288,0.7346278317152103,0.009708737864077633,0.7149162861491628,0.7080669710806697,0.006849315068493099,0.7488584474885845,0.7473363774733638,0.0015220700152207,0.7034528519265018,0.6944147912608565,0.009038060665645166,0.7853881278538813,0.771689497716895,0.0136986301369863,0.6444444444444445,0.6444444444444445,0.0
activity_off__Relaxed,activity,Relaxed,both,2,0,0.7936507936507936,0.7841269841269841,0.009523809523809533,0.734888113920372,0.7281313571636153,0.006756756756756699,0.7333623946527172,0.7303109561174077,0.0030514385353095,0.7434969737850992,0.73408596085108,0.0094110129340191,0.8783783783783784,0.8648648648648649,0.013513513513513467,0.5913978494623656,0.5913978494623656,0.0
activity_off__Relaxed,activity,Relaxed,both,2,1,0.6698717948717948,0.6698717948717948,0.0,0.6854354354354354,0.6854354354354354,0.0,0.7339339339339338,0.7343843843843844,-0.0004504504504504333,0.6461835495940396,0.64608600795643,9.75416376095001e-05,0.6486486486486487,0.6486486486486487,0.0,0.7222222222222222,0.7222222222222222,0.0
activity_off__Relaxed,activity,Relaxed,both,2,2,0.7249190938511326,0.7087378640776699,0.0161812297734627,0.7208523592085235,0.7028919330289193,0.017960426179604232,0.7764079147640791,0.776103500761035,0.00030441400304416673,0.6946769465872858,0.6780034838555502,0.01667346273173573,0.730593607305936,0.7168949771689498,0.013698630136986266,0.7111111111111111,0.6888888888888888,0.0222222222222222
activity_off__Relaxed,activity,Relaxed,both,3,0,0.7238095238095239,0.7269841269841271,-0.003174603174603167,0.7134553908747456,0.715707643126998,-0.002252252252252267,0.7725951758209822,0.7727404824179018,-0.00014530659691950002,0.692627828354373,0.6954206045329375,-0.002792776178564667,0.7387387387387387,0.7432432432432433,-0.004504504504504534,0.6881720430107526,0.6881720430107526,0.0
activity_off__Relaxed,activity,Relaxed,both,3,1,0.7047619047619048,0.707936507936508,-0.0031746031746031334,0.6999418773612321,0.7021941296134845,-0.002252252252252233,0.7648939261842488,0.7627143272304563,0.002179598953792467,0.675160702905545,0.6780671641963019,-0.0029064612907567667,0.7117117117117117,0.7162162162162162,-0.004504504504504466,0.6881720430107526,0.6881720430107526,0.0
activity_off__Relaxed,activity,Relaxed,both,3,2,0.8122977346278316,0.8122977346278316,0.0,0.7923135464231356,0.79558599695586,-0.0032724505327245,0.8388127853881278,0.8372907153729071,0.0015220700152207,0.7804477565789808,0.7820549376854533,-0.0016071811064725333,0.8401826484018264,0.8356164383561643,0.004566210045662066,0.7444444444444445,0.7555555555555555,-0.0111111111111111
activity_off__Relaxed,activity,Relaxed,both,4,0,0.7682539682539682,0.7714285714285714,-0.0031746031746030666,0.7512351060738157,0.7566114501598372,-0.005376344086021533,0.8174949142691078,0.8169136878814297,0.0005812263876780333,0.7352958112232413,0.7393632261639826,-0.004067414940741367,0.7927927927927927,0.7927927927927928,-3.353798720221827e-17,0.7096774193548386,0.7204301075268816,-0.010752688172043
activity_off__Relaxed,activity,Relaxed,both,4,1,0.7238095238095239,0.7238095238095239,0.0,0.6759662888695147,0.6759662888695147,0.0,0.6827956989247311,0.6813426329555362,0.0014530659691950002,0.6715874875078857,0.6715874875078857,0.0,0.7927927927927928,0.7927927927927928,0.0,0.5591397849462365,0.5591397849462365,0.0
activity_off__Relaxed,activity,Relaxed,both,4,2,0.7864077669902912,0.7864077669902912,0.0,0.7478691019786909,0.7478691019786909,0.0,0.8071537290715373,0.8073059360730593,-0.00015220700152206667,0.7446039602121496,0.7446039602121496,0.0,0.8401826484018264,0.8401826484018264,0.0,0.6555555555555556,0.6555555555555556,0.0
activity_off__RelaxedTask,activity,RelaxedTask,both,0,0,0.7142857142857143,0.7142857142857143,0.0,0.6723336239465271,0.6723336239465271,0.0,0.7086602731764021,0.7083696599825632,0.0002906131938389667,0.666439635654999,0.6665154950869238,-7.585943192470017e-05,0.7747747747747747,0.7747747747747749,-3.353798720221827e-17,0.5698924731182796,0.5698924731182796,0.0
activity_off__RelaxedTask,activity,RelaxedTask,both,0,1,0.6990291262135923,0.6893203883495146,0.0097087378640776,0.6796803652968036,0.6662861491628616,0.013394216133942134,0.7115677321156774,0.7135464231354641,-0.0019786910197868665,0.6568344367858968,0.6473131201102816,0.009521316675615168,0.7260273972602739,0.7214611872146118,0.0045662100456621,0.6333333333333333,0.6111111111111112,0.0222222222222222
activity_off__RelaxedTask,activity,RelaxedTask,both,0,2,0.7777777777777778,0.7745098039215685,0.0032679738562091665,0.7512202802708234,0.7489371752479924,0.002283105022831033,0.802708234923634,0.7998740355849473,0.0028341993386867335,0.7387989575818859,0.7356413072452246,0.0031576503366612333,0.8127853881278538,0.8082191780821918,0.0045662100456621,0.689655172413793,0.689655172413793,0.0
activity_off__RelaxedTask,activity,RelaxedTask,both,1,0,0.7523809523809524,0.746031746031746,0.006349206349206334,0.7056088346410926,0.697980238302819,0.0076285963382736995,0.7369950595757047,0.7369950595757047,0.0,0.704111491628615,0.696226003385446,0.0078854882431688,0.8198198198198199,0.8153153153153153,0.004504504504504466,0.5913978494623656,0.5806451612903226,0.010752688172043
activity_off__RelaxedTask,activity,RelaxedTask,both,1,1,0.7884615384615384,0.782051282051282,0.0064102564102564005,0.7489489489489488,0.7345345345345345,0.014414414414414366,0.7570570570570571,0.7554054054054055,0.0016516516516515665,0.7451219039210496,0.7344966657901405,0.010625238130908932,0.8423423423423424,0.8468468468468467,-0.0045045045045044654,0.6555555555555556,0.6222222222222222,0.0333333333333333
activity_off__RelaxedTask,activity,RelaxedTask,both,1,2,0.744336569579288,0.7411003236245954,0.0032362459546925334,0.7149162861491628,0.7093607305936073,0.0055555555555555,0.7488584474885845,0.7487062404870625,0.00015220700152206667,0.7034528519265018,0.6984177061678141,0.0050351457586876,0.7853881278538813,0.7853881278538813,0.0,0.6444444444444445,0.6333333333333333,0.0111111111111111
activity_off__RelaxedTask,activity,RelaxedTask,both,2,0,0.7936507936507936,0.780952380952381,0.0126984126984127,0.734888113920372,0.7227550130775938,0.012133100842778266,0.7333623946527172,0.7303109561174077,0.0030514385353093668,0.7434969737850992,0.7292942175758309,0.01420275620926833,0.8783783783783784,0.8648648648648649,0.013513513513513467,0.5913978494623656,0.5806451612903226,0.010752688172043034
activity_off__RelaxedTask,activity,RelaxedTask,both,2,1,0.6698717948717948,0.6698717948717948,0.0,0.6854354354354354,0.6854354354354354,0.0,0.7339339339339338,0.7339339339339338,0.0,0.6461835495940396,0.64608600795643,9.75416376095001e-05,0.6486486486486487,0.6486486486486487,0.0,0.7222222222222222,0.7222222222222222,0.0
activity_off__RelaxedTask,activity,RelaxedTask,both,2,2,0.7249190938511326,0.7216828478964401,0.0032362459546925334,0.7208523592085235,0.708751902587519,0.0121004566210045,0.7764079147640791,0.7724505327245054,0.003957382039573901,0.6946769465872858,0.6874032193837403,0.007273727203545699,0.730593607305936,0.7397260273972602,-0.0091324200913242,0.7111111111111111,0.6777777777777777,0.0333333333333333
activity_off__RelaxedTask,activity,RelaxedTask,both,3,0,0.7238095238095239,0.7365079365079366,-0.012698412698412565,0.7134553908747456,0.7193403080499855,-0.005884917175239766,0.7725951758209822,0.7704155768671898,0.002179598953792467,0.692627828354373,0.7024148561405884,-0.009787027786215435,0.7387387387387387,0.7612612612612613,-0.0225225225225225,0.6881720430107526,0.6774193548387096,0.010752688172043
activity_off__RelaxedTask,activity,RelaxedTask,both,3,1,0.7047619047619048,0.7111111111111111,-0.006349206349206267,0.6999418773612321,0.7075704736995059,-0.0076285963382737325,0.7648939261842488,0.7643126997965708,0.0005812263876779667,0.675160702905545,0.6818715417314086,-0.006710838825863534,0.7117117117117117,0.7162162162162162,-0.004504504504504466,0.6881720430107526,0.6989247311827956,-0.010752688172043
activity_off__RelaxedTask,activity,RelaxedTask,both,3,2,0.8122977346278316,0.8155339805825242,-0.0032362459546925334,0.7923135464231356,0.7978691019786911,-0.005555555555555533,0.8388127853881278,0.8359208523592084,0.002891933028919267,0.7804477565789808,0.785099298342884,-0.004651541763903367,0.8401826484018264,0.8401826484018264,0.0,0.7444444444444445,0.7555555555555555,-0.0111111111111111
activity_off__RelaxedTask,activity,RelaxedTask,both,4,0,0.7682539682539682,0.7682539682539682,6.649773324577761e-17,0.7512351060738157,0.7512351060738158,-3.3248866622888805e-17,0.8174949142691078,0.8156059285091543,0.0018889857599534998,0.7352958112232413,0.7353616755938047,-6.586437056339996e-05,0.7927927927927927,0.7927927927927928,-3.353798720221827e-17,0.7096774193548386,0.7096774193548386,0.0
activity_off__RelaxedTask,activity,RelaxedTask,both,4,1,0.7238095238095239,0.7238095238095239,0.0,0.6759662888695147,0.679090380703284,-0.003124091833769233,0.6827956989247311,0.6800348735832608,0.0027608253414704667,0.6715874875078857,0.6730540161483273,-0.0014665286404416666,0.7927927927927928,0.7882882882882883,0.004504504504504466,0.5591397849462365,0.5698924731182795,-0.010752688172043
activity_off__RelaxedTask,activity,RelaxedTask,both,4,2,0.7864077669902912,0.7864077669902912,0.0,0.7478691019786909,0.7478691019786909,0.0,0.8071537290715373,0.8074581430745814,-0.00030441400304413333,0.7446039602121496,0.7446039602121496,0.0,0.8401826484018264,0.8401826484018264,0.0,0.6555555555555556,0.6555555555555556,0.0
activity_off__StretchHold,activity,StretchHold,both,0,0,0.7142857142857143,0.6984126984126985,0.015873015873015834,0.6723336239465271,0.6579482708514967,0.0143853530950305,0.7086602731764021,0.7074978204010463,0.0011624527753559665,0.666439635654999,0.6507322769027688,0.0157073587522302,0.7747747747747747,0.7567567567567567,0.0180180180180179,0.5698924731182796,0.5591397849462365,0.010752688172043034
activity_off__StretchHold,activity,StretchHold,both,0,1,0.6990291262135923,0.6893203883495146,0.009708737864077633,0.6796803652968036,0.6662861491628614,0.013394216133942134,0.7115677321156774,0.7106544901065449,0.0009132420091324665,0.6568344367858968,0.6474731305590029,0.009361306226893866,0.7260273972602739,0.7214611872146118,0.0045662100456620655,0.6333333333333333,0.611111111111111,0.022222222222222237
activity_off__StretchHold,activity,StretchHold,both,0,2,0.7777777777777778,0.7745098039215685,0.003267973856209167,0.7512202802708234,0.7489371752479924,0.0022831050228311,0.802708234923634,0.8006613131790269,0.0020469217446071,0.7387989575818859,0.7355425749471073,0.0032563826347786003,0.8127853881278538,0.8082191780821918,0.004566210045662134,0.689655172413793,0.689655172413793,0.0
activity_off__StretchHold,activity,StretchHold,both,1,0,0.7523809523809524,0.7492063492063492,0.003174603174603134,0.7056088346410926,0.7064806742226097,-0.0008718395815170664,0.7369950595757047,0.7340889276373147,0.002906131938389933,0.704111491628615,0.7030371390008049,0.0010743526278100331,0.8198198198198199,0.8108108108108109,0.009009009009008967,0.5913978494623656,0.6021505376344086,-0.010752688172043
activity_off__StretchHold,activity,StretchHold,both,1,1,0.7884615384615384,0.7724358974358975,0.01602564102564093,0.7489489489489488,0.7376876876876878,0.011261261261261167,0.7570570570570571,0.7536036036036036,0.0034534534534534003,0.7451219039210496,0.7299922254225025,0.015129678498546966,0.8423423423423424,0.8198198198198199,0.02252252252252247,0.6555555555555556,0.6555555555555556,0.0
activity_off__StretchHold,activity,StretchHold,both,1,2,0.744336569579288,0.7475728155339806,-0.0032362459546925334,0.7149162861491628,0.7171993911719939,-0.0022831050228310002,0.7488584474885845,0.7512937595129375,-0.002435312024353133,0.7034528519265018,0.7063291011916398,-0.0028762492651381,0.7853881278538813,0.7899543378995434,-0.004566210045662066,0.6444444444444445,0.6444444444444445,0.0
activity_off__StretchHold,activity,StretchHold,both,2,0,0.7936507936507936,0.7873015873015873,0.006349206349206334,0.734888113920372,0.7210113339145598,0.013876780005812266,0.7333623946527172,0.7340889276373147,-0.0007265329845975001,0.7434969737850992,0.7313493113209809,0.012147662464118166,0.8783783783783784,0.8828828828828829,-0.004504504504504466,0.5913978494623656,0.5591397849462366,0.03225806451612903
activity_off__StretchHold,activity,StretchHold,both,2,1,0.6698717948717948,0.6666666666666666,0.0032051282051282336,0.6854354354354354,0.6831831831831833,0.002252252252252233,0.7339339339339338,0.733033033033033,0.0009009009009008333,0.6461835495940396,0.6431546182927385,0.003028931301301166,0.6486486486486487,0.6441441441441441,0.0045045045045045,0.7222222222222222,0.7222222222222222,0.0
activity_off__StretchHold,activity,StretchHold,both,2,2,0.7249190938511326,0.7119741100323624,0.012944983818770165,0.7208523592085235,0.7084474885844748,0.012404870624048632,0.7764079147640791,0.778386605783866,-0.0019786910197867997,0.6946769465872858,0.6820025307668799,0.012674415820406099,0.730593607305936,0.7168949771689498,0.013698630136986198,0.7111111111111111,0.7000000000000001,0.0111111111111111
activity_off__StretchHold,activity,StretchHold,both,3,0,0.7238095238095239,0.7206349206349207,0.0031746031746031334,0.7134553908747456,0.7112031386224934,0.002252252252252233,0.7725951758209822,0.7728857890148214,-0.00029061319383900003,0.692627828354373,0.6897442760305221,0.0028835523238508,0.7387387387387387,0.7342342342342342,0.004504504504504466,0.6881720430107526,0.6881720430107526,0.0
activity_off__StretchHold,activity,StretchHold,both,3,1,0.7047619047619048,0.7015873015873016,0.0031746031746032,0.6999418773612321,0.7039378087765185,-0.003995931415286266,0.7648939261842488,0.7640220866027319,0.0008718395815169334,0.675160702905545,0.6749331910047952,0.00022751190074996679,0.7117117117117117,0.6981981981981983,0.013513513513513466,0.6881720430107526,0.7096774193548386,-0.021505376344086
activity_off__StretchHold,activity,StretchHold,both,3,2,0.8122977346278316,0.8058252427184466,0.006472491909385067,0.7923135464231356,0.7910197869101978,0.0012937595129376,0.8388127853881278,0.8394216133942161,-0.0006088280060883,0.7804477565789808,0.7756222779155401,0.004825478663440667,0.8401826484018264,0.8264840182648401,0.0136986301369863,0.7444444444444445,0.7555555555555555,-0.0111111111111111
activity_off__StretchHold,activity,StretchHold,both,4,0,0.7682539682539682,0.7619047619047619,0.006349206349206367,0.7512351060738157,0.7498546934030804,0.0013804126707352333,0.8174949142691078,0.8141528625399593,0.0033420517291485007,0.7352958112232413,0.7311735856774854,0.004122225545755934,0.7927927927927927,0.7792792792792792,0.0135135135135135,0.7096774193548386,0.7204301075268816,-0.010752688172043
activity_off__StretchHold,activity,StretchHold,both,4,1,0.7238095238095239,0.7174603174603175,0.006349206349206334,0.6759662888695147,0.6714617843650101,0.0045045045045045,0.6827956989247311,0.6835222319093287,-0.0007265329845974668,0.6715874875078857,0.6662014952155003,0.005385992292385233,0.7927927927927928,0.7837837837837838,0.009009009009009,0.5591397849462365,0.5591397849462365,0.0
activity_off__StretchHold,activity,StretchHold,both,4,2,0.7864077669902912,0.7896440129449838,-0.0032362459546925334,0.7478691019786909,0.7534246575342466,-0.005555555555555567,0.8071537290715373,0.8080669710806697,-0.0009132420091324333,0.7446039602121496,0.7492795239667903,-0.004675563754640634,0.8401826484018264,0.8401826484018264,0.0,0.6555555555555556,0.6666666666666666,-0.0111111111111111
activity_off__TouchIndex,activity,TouchIndex,both,0,0,0.7142857142857143,0.7047619047619048,0.009523809523809533,0.6723336239465271,0.6437082243533857,0.02862539959314153,0.7086602731764021,0.6973263586166812,0.011333914559720932,0.666439635654999,0.6432019547930741,0.0232376808619249,0.7747747747747747,0.7927927927927927,-0.018018018018018,0.5698924731182796,0.4946236559139785,0.07526881720430102
activity_off__TouchIndex,activity,TouchIndex,both,0,1,0.6990291262135923,0.686084142394822,0.0129449838187702,0.6796803652968036,0.6476407914764079,0.03203957382039573,0.7115677321156774,0.7007610350076104,0.010806697108066967,0.6568344367858968,0.6346345121872822,0.022199924598614567,0.7260273972602739,0.7397260273972602,-0.0136986301369863,0.6333333333333333,0.5555555555555555,0.07777777777777777
activity_off__TouchIndex,activity,TouchIndex,both,0,2,0.7777777777777778,0.738562091503268,0.03921568627450984,0.7512202802708234,0.7134309557549993,0.03778932451582424,0.802708234923634,0.7992442135096836,0.003464021413950533,0.7387989575818859,0.6971213820972074,0.041677575484678396,0.8127853881278538,0.771689497716895,0.041095890410958937,0.689655172413793,0.6551724137931035,0.034482758620689606
activity_off__TouchIndex,activity,TouchIndex,both,1,0,0.7523809523809524,0.7523809523809524,-5.782411586589357e-19,0.7056088346410926,0.6868642836384772,0.018744551002615434,0.7369950595757047,0.7404824179017727,-0.0034873583260679997,0.704111491628615,0.686421062269137,0.017690429359477997,0.8198198198198199,0.846846846846847,-0.027027027027027067,0.5913978494623656,0.5268817204301075,0.06451612903225806
activity_off__TouchIndex,activity,TouchIndex,both,1,1,0.7884615384615384,0.7852564102564102,0.0032051282051282336,0.7489489489489488,0.7301801801801803,0.01876876876876873,0.7570570570570571,0.7545045045045046,0.0025525525525525,0.7451219039210496,0.7338135034109842,0.011308400510065299,0.8423423423423424,0.8603603603603603,-0.018018018018018,0.6555555555555556,0.6,0.05555555555555553
activity_off__TouchIndex,activity,TouchIndex,both,1,2,0.744336569579288,0.7346278317152103,0.009708737864077633,0.7149162861491628,0.6884322678843228,0.026484018264840165,0.7488584474885845,0.7380517503805176,0.010806697108066934,0.7034528519265018,0.6849047672112186,0.018548084715283002,0.7853881278538813,0.7990867579908675,-0.013698630136986268,0.6444444444444445,0.5777777777777778,0.06666666666666664
activity_off__TouchIndex,activity,TouchIndex,both,2,0,0.7936507936507936,0.7777777777777778,0.015873015873015834,0.734888113920372,0.7173786689915723,0.01750944492879977,0.7333623946527172,0.7306015693112468,0.0027608253414704333,0.7434969737850992,0.7238992532644476,0.01959772052065153,0.8783783783783784,0.8648648648648649,0.0135135135135135,0.5913978494623656,0.5698924731182796,0.021505376344086034
activity_off__TouchIndex,activity,TouchIndex,both,2,1,0.6698717948717948,0.6858974358974358,-0.016025641025640965,0.6854354354354354,0.6900900900900901,-0.004654654654654667,0.7339339339339338,0.7345345345345345,-0.0006006006006006002,0.6461835495940396,0.6568775553034781,-0.010694005709438603,0.6486486486486487,0.6801801801801801,-0.031531531531531466,0.7222222222222222,0.7000000000000001,0.0222222222222222
activity_off__TouchIndex,activity,TouchIndex,both,2,2,0.7249190938511326,0.7508090614886731,-0.025889967637540406,0.7208523592085235,0.7096651445966514,0.011187214611872132,0.7764079147640791,0.7898021308980212,-0.013394216133942033,0.6946769465872858,0.7047861587149321,-0.010109212127646065,0.730593607305936,0.8082191780821918,-0.0776255707762557,0.7111111111111111,0.611111111111111,0.09999999999999999
activity_off__TouchIndex,activity,TouchIndex,both,3,0,0.7238095238095239,0.7333333333333334,-0.009523809523809433,0.7134553908747456,0.7170880557977332,-0.0036326649229874667,0.7725951758209822,0.7666376053472828,0.0059575704736994665,0.692627828354373,0.6996566344851599,-0.007028806130786933,0.7387387387387387,0.7567567567567567,-0.018018018018018,0.6881720430107526,0.6774193548387096,0.010752688172043
activity_off__TouchIndex,activity,TouchIndex,both,3,1,0.7047619047619048,0.707936507936508,-0.003174603174603167,0.6999418773612321,0.6865736704446381,0.013368206916594067,0.7648939261842488,0.7444056960185993,0.020488230165649466,0.675160702905545,0.6697680097680098,0.005392693137535334,0.7117117117117117,0.7387387387387387,-0.02702702702702697,0.6881720430107526,0.6344086021505376,0.053763440860215034
activity_off__TouchIndex,activity,TouchIndex,both,3,2,0.8122977346278316,0.7961165048543689,0.016181229773462768,0.7923135464231356,0.7350837138508372,0.0572298325722983,0.8388127853881278,0.8270928462709284,0.011719939117199402,0.7804477565789808,0.7439501523488065,0.03649760423017417,0.8401826484018264,0.8812785388127854,-0.04109589041095887,0.7444444444444445,0.5888888888888889,0.15555555555555553
activity_off__TouchIndex,activity,TouchIndex,both,4,0,0.7682539682539682,0.7587301587301587,0.009523809523809566,0.7512351060738157,0.7413542574832898,0.0098808485905259,0.8174949142691078,0.8137169427492008,0.0037779715199070005,0.7352958112232413,0.7246755315334866,0.010620279689754602,0.7927927927927927,0.7837837837837838,0.009009009009008933,0.7096774193548386,0.6989247311827956,0.010752688172043
activity_off__TouchIndex,activity,TouchIndex,both,4,1,0.7238095238095239,0.7047619047619048,0.0190476190476191,0.6759662888695147,0.6687009590235397,0.007265329845975066,0.6827956989247311,0.6729148503342052,0.009880848590525999,0.6715874875078857,0.6581518559752391,0.0134356315326465,0.7927927927927928,0.7567567567567567,0.036036036036036063,0.5591397849462365,0.5806451612903225,-0.021505376344086
activity_off__TouchIndex,activity,TouchIndex,both,4,2,0.7864077669902912,0.7669902912621359,0.019417475728155265,0.7478691019786909,0.7047184170471841,0.043150684931506804,0.8071537290715373,0.7907153729071537,0.0164383561643835,0.7446039602121496,0.7100496039297642,0.0345543562823854,0.8401826484018264,0.8538812785388128,-0.013698630136986268,0.6555555555555556,0.5555555555555555,0.09999999999999991
activity_off__TouchNose,activity,TouchNose,both,0,0,0.7142857142857143,0.7206349206349206,-0.006349206349206267,0.6723336239465271,0.6393490264458006,0.032984597500726534,0.7086602731764021,0.6868642836384772,0.021795989537924967,0.666439635654999,0.645331981992599,0.021107653662399934,0.7747747747747747,0.8378378378378378,-0.06306306306306303,0.5698924731182796,0.44086021505376344,0.1290322580645161
activity_off__TouchNose,activity,TouchNose,both,0,1,0.6990291262135923,0.6472491909385113,0.051779935275080825,0.6796803652968036,0.6398782343987823,0.039802130898021267,0.7115677321156774,0.6876712328767124,0.023896499238964933,0.6568344367858968,0.606791152137575,0.05004328464832173,0.7260273972602739,0.6575342465753424,0.0684931506849315,0.6333333333333333,0.6222222222222222,0.011111111111111136
activity_off__TouchNose,activity,TouchNose,both,0,2,0.7777777777777778,0.7843137254901961,-0.006535947712418301,0.7512202802708234,0.6934341048653755,0.05778617540544797,0.802708234923634,0.7908990710124391,0.011809163911195034,0.7387989575818859,0.703834317978155,0.0349646396037308,0.8127853881278538,0.904109589041096,-0.091324200913242,0.689655172413793,0.4827586206896552,0.2068965517241379
activity_off__TouchNose,activity,TouchNose,both,1,0,0.7523809523809524,0.7301587301587302,0.0222222222222222,0.7056088346410926,0.639857599535019,0.06575123510607377,0.7369950595757047,0.7146178436501017,0.022377215925603,0.704111491628615,0.648621281248677,0.05549021037993793,0.8198198198198199,0.8603603603603603,-0.040540540540540466,0.5913978494623656,0.4193548387096773,0.1720430107526881
activity_off__TouchNose,activity,TouchNose,both,1,1,0.7884615384615384,0.7532051282051282,0.035256410256410235,0.7489489489489488,0.6845345345345346,0.0644144144144143,0.7570570570570571,0.7135135135135134,0.04354354354354347,0.7451219039210496,0.6899967157340295,0.055125188187019926,0.8423423423423424,0.8468468468468467,-0.004504504504504466,0.6555555555555556,0.5222222222222223,0.13333333333333328
activity_off__TouchNose,activity,TouchNose,both,1,2,0.744336569579288,0.6634304207119741,0.0809061488673138,0.7149162861491628,0.648021308980213,0.06689497716894983,0.7488584474885845,0.7015981735159817,0.04726027397260274,0.7034528519265018,0.625444785026513,0.0780080668999886,0.7853881278538813,0.684931506849315,0.1004566210045662,0.6444444444444445,0.611111111111111,0.03333333333333337
activity_off__TouchNose,activity,TouchNose,both,2,0,0.7936507936507936,0.7523809523809524,0.041269841269841234,0.734888113920372,0.696236559139785,0.03865155478058704,0.7333623946527172,0.7221737866899157,0.011188607962801467,0.7434969737850992,0.6993215096364693,0.044175464148629905,0.8783783783783784,0.8333333333333334,0.045045045045044974,0.5913978494623656,0.5591397849462365,0.032258064516129066
activity_off__TouchNose,activity,TouchNose,both,2,1,0.6698717948717948,0.6923076923076924,-0.022435897435897367,0.6854354354354354,0.6021021021021021,0.08333333333333327,0.7339339339339338,0.7142642642642643,0.019669669669669602,0.6461835495940396,0.601392139832566,0.0447914097614735,0.6486486486486487,0.8153153153153152,-0.16666666666666655,0.7222222222222222,0.38888888888888884,0.3333333333333333
activity_off__TouchNose,activity,TouchNose,both,2,2,0.7249190938511326,0.7184466019417476,0.0064724919093851,0.7208523592085235,0.7031963470319634,0.017656012176560033,0.7764079147640791,0.7660578386605783,0.010350076103500767,0.6946769465872858,0.683009319990329,0.011667626596957067,0.730593607305936,0.7397260273972602,-0.009132420091324233,0.7111111111111111,0.6666666666666666,0.0444444444444444
activity_off__TouchNose,activity,TouchNose,both,3,0,0.7238095238095239,0.7206349206349206,0.0031746031746032327,0.7134553908747456,0.6580935774484161,0.0553618134263295,0.7725951758209822,0.7217378668991573,0.050857308921824995,0.692627828354373,0.6543307452425573,0.0382970831118157,0.7387387387387387,0.8108108108108109,-0.0720720720720721,0.6881720430107526,0.5053763440860215,0.18279569892473116
activity_off__TouchNose,activity,TouchNose,both,3,1,0.7047619047619048,0.6952380952380953,0.0095238095238095,0.6999418773612321,0.5807178145887824,0.11922406277244975,0.7648939261842488,0.6669572798605058,0.09793664632374299,0.675160702905545,0.5820544332900536,0.09310626961549151,0.7117117117117117,0.8603603603603603,-0.1486486486486486,0.6881720430107526,0.3010752688172043,0.3870967741935483
activity_off__TouchNose,activity,TouchNose,both,3,2,0.8122977346278316,0.7572815533980582,0.055016181229773364,0.7923135464231356,0.6749619482496195,0.11735159817351594,0.8388127853881278,0.7598173515981735,0.07899543378995426,0.7804477565789808,0.6830648088269943,0.09738294775198636,0.8401826484018264,0.8721461187214611,-0.03196347031963467,0.7444444444444445,0.4777777777777777,0.26666666666666666
activity_off__TouchNose,activity,TouchNose,both,4,0,0.7682539682539682,0.7523809523809524,0.0158730158730159,0.7512351060738157,0.7024847428073234,0.0487503632664922,0.8174949142691078,0.7897413542574833,0.0277535600116245,0.7352958112232413,0.7019059518357452,0.0333898593874961,0.7927927927927927,0.8243243243243242,-0.03153153153153163,0.7096774193548386,0.5806451612903226,0.1290322580645161
activity_off__TouchNose,activity,TouchNose,both,4,1,0.7238095238095239,0.6984126984126985,0.0253968253968254,0.6759662888695147,0.6517000871839581,0.0242662016855566,0.6827956989247311,0.6570764312699796,0.025719267654751566,0.6715874875078857,0.6465922671237899,0.024995220384095667,0.7927927927927928,0.7657657657657658,0.027027027027027032,0.5591397849462365,0.5376344086021505,0.02150537634408603
activity_off__TouchNose,activity,TouchNose,both,4,2,0.7864077669902912,0.7540453074433656,0.0323624595469255,0.7478691019786909,0.669406392694064,0.07846270928462702,0.8071537290715373,0.7739726027397259,0.0331811263318112,0.7446039602121496,0.6796339231117366,0.064970037100413,0.8401826484018264,0.8721461187214611,-0.03196347031963467,0.6555555555555556,0.4666666666666666,0.1888888888888888
activity_wrist_off__CrossArms__left,activity_wrist,CrossArms,left,0,0,0.7142857142857143,0.6571428571428571,0.057142857142857134,0.6723336239465271,0.6536617262423714,0.018671897704155768,0.7086602731764021,0.7287125835512932,-0.020052310374890935,0.666439635654999,0.6274788337450876,0.0389608019099114,0.7747747747747747,0.6621621621621622,0.11261261261261253,0.5698924731182796,0.6451612903225806,-0.07526881720430102
activity_wrist_off__CrossArms__left,activity_wrist,CrossArms,left,0,1,0.6990291262135923,0.6699029126213593,0.0291262135922329,0.6796803652968036,0.6427701674277017,0.0369101978691019,0.7115677321156774,0.7003044140030442,0.011263318112633166,0.6568344367858968,0.6125310969544825,0.04430333983141427,0.7260273972602739,0.7077625570776256,0.0182648401826484,0.6333333333333333,0.5777777777777778,0.05555555555555553
activity_wrist_off__CrossArms__left,activity_wrist,CrossArms,left,0,2,0.7777777777777778,0.7581699346405228,0.019607843137254898,0.7512202802708234,0.6855613289245787,0.06565895134624469,0.802708234923634,0.764446543851362,0.03826169107227197,0.7387989575818859,0.6865313550705738,0.05226760251131197,0.8127853881278538,0.8538812785388128,-0.04109589041095887,0.689655172413793,0.5172413793103449,0.1724137931034482
activity_wrist_off__CrossArms__left,activity_wrist,CrossArms,left,1,0,0.7523809523809524,0.726984126984127,0.025396825396825366,0.7056088346410926,0.6938390002906131,0.011769834350479432,0.7369950595757047,0.7387387387387387,-0.001743679163034,0.704111491628615,0.6852485326710912,0.018862958957523702,0.8198198198198199,0.7747747747747749,0.04504504504504497,0.5913978494623656,0.6129032258064516,-0.02150537634408603
activity_wrist_off__CrossArms__left,activity_wrist,CrossArms,left,1,1,0.7884615384615384,0.7596153846153846,0.0288461538461538,0.7489489489489488,0.7319819819819818,0.016966966966966965,0.7570570570570571,0.7728228228228229,-0.015765765765765702,0.7451219039210496,0.7186790772145931,0.026442826706456434,0.8423423423423424,0.7972972972972973,0.045045045045045105,0.6555555555555556,0.6666666666666666,-0.011111111111111136
activity_wrist_off__CrossArms__left,activity_wrist,CrossArms,left,1,2,0.744336569579288,0.7281553398058253,0.016181229773462733,0.7149162861491628,0.6805936073059361,0.034322678843226734,0.7488584474885845,0.7485540334855404,0.00030441400304413333,0.7034528519265018,0.6706057071756986,0.03284714475080303,0.7853881278538813,0.7945205479452054,-0.0091324200913242,0.6444444444444445,0.5666666666666667,0.07777777777777777
activity_wrist_off__CrossArms__left,activity_wrist,CrossArms,left,2,0,0.7936507936507936,0.7873015873015873,0.006349206349206334,0.734888113920372,0.7116390584132519,0.02324905550712007,0.7333623946527172,0.7112757919209532,0.022086602731763934,0.7434969737850992,0.7241525129562701,0.019344460828829034,0.8783783783783784,0.8963963963963965,-0.018018018018018066,0.5913978494623656,0.5268817204301075,0.06451612903225806
activity_wrist_off__CrossArms__left,activity_wrist,CrossArms,left,2,1,0.6698717948717948,0.6474358974358975,0.0224358974358975,0.6854354354354354,0.6795795795795797,0.005855855855855833,0.7339339339339338,0.7475975975975976,-0.013663663663663632,0.6461835495940396,0.6285742877194674,0.01760926187457217,0.6486486486486487,0.6036036036036035,0.045045045045045064,0.7222222222222222,0.7555555555555555,-0.0333333333333333
activity_wrist_off__CrossArms__left,activity_wrist,CrossArms,left,2,2,0.7249190938511326,0.7119741100323624,0.0129449838187702,0.7208523592085235,0.6560882800608828,0.06476407914764076,0.7764079147640791,0.7697108066971081,0.006697108066971133,0.6946769465872858,0.6455794788486459,0.049097467738640065,0.730593607305936,0.7899543378995434,-0.0593607305936073,0.7111111111111111,0.5222222222222223,0.18888888888888888
activity_wrist_off__CrossArms__left,activity_wrist,CrossArms,left,3,0,0.7238095238095239,0.7333333333333334,-0.009523809523809566,0.7134553908747456,0.7170880557977332,-0.0036326649229874997,0.7725951758209822,0.7829119442022668,-0.010316768381284468,0.692627828354373,0.6984987289359404,-0.005870900581567533,0.7387387387387387,0.7567567567567567,-0.018018018018018035,0.6881720430107526,0.6774193548387096,0.010752688172043
activity_wrist_off__CrossArms__left,activity_wrist,CrossArms,left,3,1,0.7047619047619048,0.6952380952380953,0.009523809523809467,0.6999418773612321,0.6775646614356292,0.022377215925603,0.7648939261842488,0.7603894216797443,0.0045045045045043995,0.675160702905545,0.6584447909447909,0.0167159119607541,0.7117117117117117,0.7207207207207208,-0.009009009009008967,0.6881720430107526,0.6344086021505376,0.053763440860215034
activity_wrist_off__CrossArms__left,activity_wrist,CrossArms,left,3,2,0.8122977346278316,0.7928802588996763,0.019417475728155265,0.7923135464231356,0.7917047184170473,0.0006088280060882663,0.8388127853881278,0.8357686453576864,0.0030441400304413338,0.7804477565789808,0.7675590225874855,0.0128887339914951,0.8401826484018264,0.7945205479452054,0.045662100456621,0.7444444444444445,0.7888888888888889,-0.04444444444444446
activity_wrist_off__CrossArms__left,activity_wrist,CrossArms,left,4,0,0.7682539682539682,0.7777777777777778,-0.009523809523809533,0.7512351060738157,0.7361232199941877,0.015111886079627967,0.8174949142691078,0.8256320836965999,-0.008137169427491967,0.7352958112232413,0.7306736639466355,0.004622147276605801,0.7927927927927927,0.8378378378378378,-0.045045045045045105,0.7096774193548386,0.6344086021505376,0.07526881720430106
activity_wrist_off__CrossArms__left,activity_wrist,CrossArms,left,4,1,0.7238095238095239,0.6952380952380951,0.0285714285714286,0.6759662888695147,0.6369514675966289,0.03901482127288577,0.6827956989247311,0.6874455100261553,-0.0046498111014239675,0.6715874875078857,0.6353490741490567,0.03623841335882876,0.7927927927927928,0.7792792792792792,0.013513513513513533,0.5591397849462365,0.4946236559139785,0.06451612903225802
activity_wrist_off__CrossArms__left,activity_wrist,CrossArms,left,4,2,0.7864077669902912,0.773462783171521,0.012944983818770165,0.7478691019786909,0.7125570776255707,0.03531202435312023,0.8071537290715373,0.7987823439878236,0.008371385083713833,0.7446039602121496,0.7169550476818644,0.02764891253028523,0.8401826484018264,0.858447488584475,-0.018264840182648366,0.6555555555555556,0.5666666666666667,0.08888888888888884
activity_wrist_off__CrossArms__right,activity_wrist,CrossArms,right,0,0,0.7142857142857143,0.6793650793650793,0.034920634920634935,0.6723336239465271,0.6381865736704446,0.0341470502760825,0.7086602731764021,0.7057541412380122,0.002906131938389967,0.666439635654999,0.6238996910894045,0.04253994456559446,0.7747747747747747,0.7387387387387387,0.03603603603603596,0.5698924731182796,0.5376344086021505,0.032258064516129066
activity_wrist_off__CrossArms__right,activity_wrist,CrossArms,right,0,1,0.6990291262135923,0.6601941747572816,0.0388349514563106,0.6796803652968036,0.6293759512937595,0.050304414003044105,0.7115677321156774,0.7105022831050228,0.0010654490106544665,0.6568344367858968,0.5961994482062926,0.060634988579604095,0.7260273972602739,0.7031963470319634,0.0228310502283105,0.6333333333333333,0.5555555555555556,0.07777777777777777
activity_wrist_off__CrossArms__right,activity_wrist,CrossArms,right,0,2,0.7777777777777778,0.7058823529411765,0.07189542483660129,0.7512202802708234,0.7009919697685403,0.0502283105022831,0.802708234923634,0.7647614548889939,0.03794678003464013,0.7387989575818859,0.6727756244616709,0.06602333312021487,0.8127853881278538,0.7123287671232877,0.1004566210045662,0.689655172413793,0.689655172413793,0.0
activity_wrist_off__CrossArms__right,activity_wrist,CrossArms,right,1,0,0.7523809523809524,0.7428571428571429,0.009523809523809467,0.7056088346410926,0.6957279860505667,0.009880848590525933,0.7369950595757047,0.7361232199941877,0.0008718395815169999,0.704111491628615,0.693590574314689,0.010520917313925933,0.8198198198198199,0.8108108108108109,0.009009009009008933,0.5913978494623656,0.5806451612903225,0.010752688172043034
activity_wrist_off__CrossArms__right,activity_wrist,CrossArms,right,1,1,0.7884615384615384,0.7916666666666666,-0.0032051282051282002,0.7489489489489488,0.7280780780780781,0.020870870870870833,0.7570570570570571,0.7496996996996996,0.007357357357357334,0.7451219039210496,0.734461044445362,0.010660859475687534,0.8423423423423424,0.8783783783783784,-0.036036036036036,0.6555555555555556,0.5777777777777778,0.07777777777777774
activity_wrist_off__CrossArms__right,activity_wrist,CrossArms,right,1,2,0.744336569579288,0.7346278317152103,0.009708737864077633,0.7149162861491628,0.6818873668188736,0.03302891933028917,0.7488584474885845,0.7549467275494672,-0.0060882800608828,0.7034528519265018,0.6742770675260997,0.029175784400401934,0.7853881278538813,0.8082191780821918,-0.0228310502283105,0.6444444444444445,0.5555555555555555,0.08888888888888886
activity_wrist_off__CrossArms__right,activity_wrist,CrossArms,right,2,0,0.7936507936507936,0.7746031746031745,0.019047619047619067,0.734888113920372,0.6995059575704737,0.03538215634989834,0.7333623946527172,0.7179598953792503,0.0154024992734669,0.7434969737850992,0.7104541228902908,0.03304285089480847,0.8783783783783784,0.8828828828828829,-0.0045045045045045,0.5913978494623656,0.5161290322580645,0.07526881720430106
activity_wrist_off__CrossArms__right,activity_wrist,CrossArms,right,2,1,0.6698717948717948,0.5865384615384616,0.08333333333333333,0.6854354354354354,0.6566066066066066,0.028828828828828798,0.7339339339339338,0.7300300300300301,0.0039039039039038665,0.6461835495940396,0.5807878070445104,0.06539574254952907,0.6486486486486487,0.490990990990991,0.15765765765765757,0.7222222222222222,0.8222222222222223,-0.09999999999999999
activity_wrist_off__CrossArms__right,activity_wrist,CrossArms,right,2,2,0.7249190938511326,0.7184466019417476,0.0064724919093851,0.7208523592085235,0.6835616438356164,0.03729071537290713,0.7764079147640791,0.7922374429223744,-0.015829528158295168,0.6946769465872858,0.6660311740836686,0.028645772503617332,0.730593607305936,0.7671232876712328,-0.0365296803652968,0.7111111111111111,0.6,0.11111111111111106
activity_wrist_off__CrossArms__right,activity_wrist,CrossArms,right,3,0,0.7238095238095239,0.726984126984127,-0.0031746031746030996,0.7134553908747456,0.715707643126998,-0.0022522522522522652,0.7725951758209822,0.7763731473408892,-0.0037779715199070326,0.692627828354373,0.6938710300530099,-0.0012432016986368005,0.7387387387387387,0.7432432432432433,-0.004504504504504535,0.6881720430107526,0.6881720430107526,-2.3129646346357427e-18
activity_wrist_off__CrossArms__right,activity_wrist,CrossArms,right,3,1,0.7047619047619048,0.6793650793650793,0.025396825396825366,0.6999418773612321,0.6819238593432142,0.0180180180180179,0.7648939261842488,0.7715780296425457,-0.006684103458296933,0.675160702905545,0.6528592458102247,0.02230145709532033,0.7117117117117117,0.6756756756756758,0.036036036036035966,0.6881720430107526,0.6881720430107526,0.0
activity_wrist_off__CrossArms__right,activity_wrist,CrossArms,right,3,2,0.8122977346278316,0.7896440129449838,0.022653721682847832,0.7923135464231356,0.7632420091324201,0.029071537290715366,0.8388127853881278,0.8296803652968037,0.009132420091324133,0.7804477565789808,0.7523517385847377,0.028096017994242935,0.8401826484018264,0.8264840182648401,0.013698630136986335,0.7444444444444445,0.7000000000000001,0.044444444444444474
activity_wrist_off__CrossArms__right,activity_wrist,CrossArms,right,4,0,0.7682539682539682,0.780952380952381,-0.012698412698412667,0.7512351060738157,0.7508718395815169,0.000363266492298734,0.8174949142691078,0.8102295844231328,0.007265329845975066,0.7352958112232413,0.7435225812196546,-0.008226769996413303,0.7927927927927927,0.8243243243243242,-0.031531531531531536,0.7096774193548386,0.6774193548387096,0.03225806451612903
activity_wrist_off__CrossArms__right,activity_wrist,CrossArms,right,4,1,0.7238095238095239,0.7111111111111111,0.0126984126984127,0.6759662888695147,0.6575850043591979,0.018381284510316835,0.6827956989247311,0.6746585294972393,0.008137169427492,0.6715874875078857,0.650500192782861,0.0210872947250245,0.7927927927927928,0.7882882882882883,0.0045045045045045,0.5591397849462365,0.5268817204301075,0.03225806451612903
activity_wrist_off__CrossArms__right,activity_wrist,CrossArms,right,4,2,0.7864077669902912,0.7637540453074433,0.022653721682847832,0.7478691019786909,0.7482496194824962,-0.0003805175038051993,0.8071537290715373,0.821613394216134,-0.014459665144596701,0.7446039602121496,0.7308296463539113,0.013774313858238166,0.8401826484018264,0.7853881278538813,0.05479452054794517,0.6555555555555556,0.7111111111111111,-0.0555555555555555
activity_wrist_off__DrinkGlas__left,activity_wrist,DrinkGlas,left,0,0,0.7142857142857143,0.6952380952380953,0.019047619047619,0.6723336239465271,0.6525719267654752,0.019761697181052033,0.7086602731764021,0.7051729148503343,0.003487358326067933,0.666439635654999,0.6459458779444031,0.020493757710595934,0.7747747747747747,0.7567567567567567,0.018018018018017935,0.5698924731182796,0.5483870967741935,0.021505376344086034
activity_wrist_off__DrinkGlas__left,activity_wrist,DrinkGlas,left,0,1,0.6990291262135923,0.6893203883495146,0.009708737864077633,0.6796803652968036,0.6662861491628614,0.0133942161339421,0.7115677321156774,0.7193302891933029,-0.007762557077625566,0.6568344367858968,0.6453890421835355,0.011445394602361233,0.7260273972602739,0.7214611872146118,0.0045662100456621,0.6333333333333333,0.6111111111111112,0.0222222222222222
activity_wrist_off__DrinkGlas__left,activity_wrist,DrinkGlas,left,0,2,0.7777777777777778,0.7712418300653595,0.006535947712418267,0.7512202802708234,0.7431900488112109,0.008030231459612666,0.802708234923634,0.8030231459612659,-0.0003149110376319334,0.7387989575818859,0.7314989039050207,0.0073000536768652,0.8127853881278538,0.8082191780821918,0.0045662100456621,0.689655172413793,0.6781609195402298,0.0114942528735632
activity_wrist_off__DrinkGlas__left,activity_wrist,DrinkGlas,left,1,0,0.7523809523809524,0.7269841269841271,0.025396825396825303,0.7056088346410926,0.6750944492879976,0.03051438535309507,0.7369950595757047,0.7378668991572218,-0.0008718395815170667,0.704111491628615,0.6737992233679907,0.030312268260624133,0.8198198198198199,0.8018018018018017,0.01801801801801797,0.5913978494623656,0.5483870967741935,0.04301075268817203
activity_wrist_off__DrinkGlas__left,activity_wrist,DrinkGlas,left,1,1,0.7884615384615384,0.7756410256410257,0.012820512820512766,0.7489489489489488,0.7366366366366366,0.0123123123123123,0.7570570570570571,0.7528528528528527,0.004204204204204166,0.7451219039210496,0.7316074769854589,0.013514426935590665,0.8423423423423424,0.8288288288288288,0.0135135135135135,0.6555555555555556,0.6444444444444444,0.0111111111111111
activity_wrist_off__DrinkGlas__left,activity_wrist,DrinkGlas,left,1,2,0.744336569579288,0.7346278317152103,0.009708737864077633,0.7149162861491628,0.6917047184170473,0.02321156773211563,0.7488584474885845,0.7523592085235921,-0.0035007610350076004,0.7034528519265018,0.6817240242373953,0.021728827689106302,0.7853881278538813,0.7945205479452054,-0.009132420091324166,0.6444444444444445,0.5888888888888889,0.05555555555555553
activity_wrist_off__DrinkGlas__left,activity_wrist,DrinkGlas,left,2,0,0.7936507936507936,0.7841269841269841,0.009523809523809533,0.734888113920372,0.7250072653298459,0.009880848590526,0.7333623946527172,0.7340889276373147,-0.0007265329845975,0.7434969737850992,0.7322695960716534,0.0112273777134457,0.8783783783783784,0.8693693693693693,0.009009009009008967,0.5913978494623656,0.5806451612903226,0.010752688172043034
activity_wrist_off__DrinkGlas__left,activity_wrist,DrinkGlas,left,2,1,0.6698717948717948,0.6698717948717948,0.0,0.6854354354354354,0.6854354354354354,0.0,0.7339339339339338,0.7345345345345345,-0.0006006006006006335,0.6461835495940396,0.6461835495940396,0.0,0.6486486486486487,0.6486486486486487,0.0,0.7222222222222222,0.7222222222222222,0.0
activity_wrist_off__DrinkGlas__left,activity_wrist,DrinkGlas,left,2,2,0.7249190938511326,0.7184466019417476,0.0064724919093851,0.7208523592085235,0.7097412480974125,0.0111111111111111,0.7764079147640791,0.7796042617960426,-0.0031963470319633334,0.6946769465872858,0.6853391614229851,0.009337785164300833,0.730593607305936,0.730593607305936,0.0,0.7111111111111111,0.6888888888888888,0.0222222222222222
activity_wrist_off__DrinkGlas__left,activity_wrist,DrinkGlas,left,3,0,0.7238095238095239,0.7206349206349207,0.0031746031746031334,0.7134553908747456,0.704954954954955,0.008500435919790732,0.7725951758209822,0.7709968032548677,0.0015983725661144668,0.692627828354373,0.6866452059736997,0.005982622380673301,0.7387387387387387,0.7432432432432433,-0.004504504504504466,0.6881720430107526,0.6666666666666666,0.021505376344086
activity_wrist_off__DrinkGlas__left,activity_wrist,DrinkGlas,left,3,1,0.7047619047619048,0.7238095238095239,-0.019047619047619,0.6999418773612321,0.7321999418773611,-0.032258064516129,0.7648939261842488,0.7755013077593723,-0.010607381575123498,0.675160702905545,0.7000570955887385,-0.0248963926831935,0.7117117117117117,0.7117117117117117,0.0,0.6881720430107526,0.7526881720430106,-0.06451612903225806
activity_wrist_off__DrinkGlas__left,activity_wrist,DrinkGlas,left,3,2,0.8122977346278316,0.8058252427184466,0.0064724919093851,0.7923135464231356,0.7877473363774734,0.004566210045662099,0.8388127853881278,0.8354642313546424,0.0033485540334854667,0.7804477565789808,0.77420759246291,0.006240164116070733,0.8401826484018264,0.8310502283105023,0.009132420091324199,0.7444444444444445,0.7444444444444445,0.0
activity_wrist_off__DrinkGlas__left,activity_wrist,DrinkGlas,left,4,0,0.7682539682539682,0.7682539682539682,0.0,0.7512351060738157,0.7512351060738158,-3.353798720221827e-17,0.8174949142691078,0.8179308340598662,-0.0004359197907584332,0.7352958112232413,0.7355554930216934,-0.0002596817984520337,0.7927927927927927,0.7927927927927928,-3.353798720221827e-17,0.7096774193548386,0.7096774193548386,0.0
activity_wrist_off__DrinkGlas__left,activity_wrist,DrinkGlas,left,4,1,0.7238095238095239,0.7238095238095239,0.0,0.6759662888695147,0.679090380703284,-0.003124091833769266,0.6827956989247311,0.6830863121185701,-0.00029061319383896664,0.6715874875078857,0.6732944124310237,-0.0017069249231380999,0.7927927927927928,0.7882882882882883,0.004504504504504466,0.5591397849462365,0.5698924731182795,-0.010752688172043
activity_wrist_off__DrinkGlas__left,activity_wrist,DrinkGlas,left,4,2,0.7864077669902912,0.7799352750809061,0.006472491909385067,0.7478691019786909,0.7367579908675799,0.011111111111111134,0.8071537290715373,0.8035007610350076,0.0036529680365296334,0.7446039602121496,0.7352181103100669,0.0093858499020827,0.8401826484018264,0.8401826484018264,0.0,0.6555555555555556,0.6333333333333333,0.0222222222222222
activity_wrist_off__DrinkGlas__right,activity_wrist,DrinkGlas,right,0,0,0.7142857142857143,0.6952380952380953,0.019047619047619032,0.6723336239465271,0.6556960185992443,0.01663760534728277,0.7086602731764021,0.7056088346410926,0.003051438535309467,0.666439635654999,0.6475741895317821,0.018865446123216834,0.7747747747747747,0.7522522522522523,0.02252252252252243,0.5698924731182796,0.5591397849462365,0.010752688172043036
activity_wrist_off__DrinkGlas__right,activity_wrist,DrinkGlas,right,0,1,0.6990291262135923,0.7022653721682848,-0.0032362459546925334,0.6796803652968036,0.6754185692541856,0.0042617960426179,0.7115677321156774,0.7146118721461187,-0.0030441400304414,0.6568344367858968,0.6562502828320047,0.0005841539538920665,0.7260273972602739,0.7397260273972602,-0.013698630136986334,0.6333333333333333,0.6111111111111112,0.0222222222222222
activity_wrist_off__DrinkGlas__right,activity_wrist,DrinkGlas,right,0,2,0.7777777777777778,0.7745098039215687,0.0032679738562091335,0.7512202802708234,0.7454731538340419,0.0057471264367816,0.802708234923634,0.8068020784128483,-0.0040938434892143,0.7387989575818859,0.7344613932485841,0.0043375643333017,0.8127853881278538,0.8127853881278538,0.0,0.689655172413793,0.6781609195402298,0.0114942528735632
activity_wrist_off__DrinkGlas__right,activity_wrist,DrinkGlas,right,1,0,0.7523809523809524,0.7428571428571429,0.009523809523809467,0.7056088346410926,0.6894798023830283,0.016129032258064464,0.7369950595757047,0.7348154606219123,0.002179598953792467,0.704111491628615,0.6901585538556446,0.013952937772970367,0.8198198198198199,0.8198198198198199,0.0,0.5913978494623656,0.5591397849462365,0.03225806451612903
activity_wrist_off__DrinkGlas__right,activity_wrist,DrinkGlas,right,1,1,0.7884615384615384,0.7884615384615384,0.0,0.7489489489489488,0.7456456456456456,0.0033033033033033,0.7570570570570571,0.7557057057057057,0.0013513513513513,0.7451219039210496,0.7431920400101716,0.0019298639108779666,0.8423423423423424,0.8468468468468467,-0.004504504504504466,0.6555555555555556,0.6444444444444444,0.0111111111111111
activity_wrist_off__DrinkGlas__right,activity_wrist,DrinkGlas,right,1,2,0.744336569579288,0.7216828478964401,0.022653721682847835,0.7149162861491628,0.662937595129376,0.05197869101978687,0.7488584474885845,0.7401826484018265,0.008675799086757967,0.7034528519265018,0.6450625994313445,0.05839025249515716,0.7853881278538813,0.8036529680365296,-0.01826484018264837,0.6444444444444445,0.5222222222222223,0.12222222222222219
activity_wrist_off__DrinkGlas__right,activity_wrist,DrinkGlas,right,2,0,0.7936507936507936,0.7841269841269841,0.009523809523809533,0.734888113920372,0.7187590816623075,0.016129032258064568,0.7333623946527172,0.7349607672188317,-0.0015983725661145333,0.7434969737850992,0.7282539083614353,0.015243065423663868,0.8783783783783784,0.8783783783783784,3.353798720221827e-17,0.5913978494623656,0.5591397849462366,0.03225806451612903
activity_wrist_off__DrinkGlas__right,activity_wrist,DrinkGlas,right,2,1,0.6698717948717948,0.6762820512820512,-0.006410256410256367,0.6854354354354354,0.6998498498498499,-0.014414414414414467,0.7339339339339338,0.7364864864864865,-0.0025525525525525333,0.6461835495940396,0.6555531477496147,-0.0093695981555752,0.6486486486486487,0.6441441441441441,0.004504504504504466,0.7222222222222222,0.7555555555555555,-0.03333333333333333
activity_wrist_off__DrinkGlas__right,activity_wrist,DrinkGlas,right,2,2,0.7249190938511326,0.715210355987055,0.009708737864077667,0.7208523592085235,0.7041856925418569,0.016666666666666632,0.7764079147640791,0.7712328767123288,0.0051750380517504,0.6946769465872858,0.6803445789987134,0.014332367588572467,0.730593607305936,0.730593607305936,0.0,0.7111111111111111,0.6777777777777777,0.0333333333333333
activity_wrist_off__DrinkGlas__right,activity_wrist,DrinkGlas,right,3,0,0.7238095238095239,0.7206349206349206,0.0031746031746031998,0.7134553908747456,0.704954954954955,0.008500435919790767,0.7725951758209822,0.7709968032548677,0.0015983725661145,0.692627828354373,0.6869553180913629,0.005672510263009967,0.7387387387387387,0.7432432432432433,-0.004504504504504567,0.6881720430107526,0.6666666666666666,0.021505376344086
activity_wrist_off__DrinkGlas__right,activity_wrist,DrinkGlas,right,3,1,0.7047619047619048,0.7015873015873016,0.0031746031746032,0.6999418773612321,0.7039378087765185,-0.0039959314152863004,0.7648939261842488,0.7679453647195583,-0.0030514385353095333,0.675160702905545,0.6752518993812527,-9.119647570753396e-05,0.7117117117117117,0.6981981981981983,0.013513513513513433,0.6881720430107526,0.7096774193548386,-0.021505376344086
activity_wrist_off__DrinkGlas__right,activity_wrist,DrinkGlas,right,3,2,0.8122977346278316,0.7928802588996763,0.019417475728155335,0.7923135464231356,0.7687975646879757,0.023515981735159768,0.8388127853881278,0.83455098934551,0.0042617960426179005,0.7804477565789808,0.7567564325493529,0.02369132402962783,0.8401826484018264,0.8264840182648401,0.0136986301369863,0.7444444444444445,0.7111111111111111,0.03333333333333333
activity_wrist_off__DrinkGlas__right,activity_wrist,DrinkGlas,right,4,0,0.7682539682539682,0.7777777777777778,-0.009523809523809467,0.7512351060738157,0.7611159546643417,-0.009880848590526,0.8174949142691078,0.8198198198198199,-0.0023249055507119664,0.7352958112232413,0.7459274813445679,-0.010631670121326533,0.7927927927927927,0.8018018018018017,-0.009009009009009,0.7096774193548386,0.7204301075268816,-0.010752688172043
activity_wrist_off__DrinkGlas__right,activity_wrist,DrinkGlas,right,4,1,0.7238095238095239,0.6920634920634919,0.03174603174603174,0.6759662888695147,0.6503196745132228,0.02564661435629177,0.6827956989247311,0.6791630340017436,0.0036326649229875,0.6715874875078857,0.642066023644971,0.029521463862914567,0.7927927927927928,0.7522522522522523,0.0405405405405405,0.5591397849462365,0.5483870967741935,0.010752688172043034
activity_wrist_off__DrinkGlas__right,activity_wrist,DrinkGlas,right,4,2,0.7864077669902912,0.7702265372168284,0.016181229773462733,0.7478691019786909,0.7266362252663622,0.021232876712328735,0.8071537290715373,0.80441400304414,0.002739726027397166,0.7446039602121496,0.7243977441429662,0.020206216069183363,0.8401826484018264,0.8310502283105023,0.0091324200913242,0.6555555555555556,0.6222222222222222,0.0333333333333333
activity_wrist_off__Entrainment__left,activity_wrist,Entrainment,left,0,0,0.7142857142857143,0.7142857142857143,0.0,0.6723336239465271,0.6723336239465271,0.0,0.7086602731764021,0.7089508863702413,-0.00029061319383900003,0.666439635654999,0.6665739169169711,-0.00013428126197210025,0.7747747747747747,0.7747747747747749,-3.353798720221827e-17,0.5698924731182796,0.5698924731182796,0.0
activity_wrist_off__Entrainment__left,activity_wrist,Entrainment,left,0,1,0.6990291262135923,0.7022653721682848,-0.0032362459546925334,0.6796803652968036,0.6786910197869102,0.0009893455098934998,0.7115677321156774,0.7115677321156774,0.0,0.6568344367858968,0.6579173289531347,-0.001082892167237867,0.7260273972602739,0.7351598173515982,-0.009132420091324167,0.6333333333333333,0.6222222222222222,0.0111111111111111
activity_wrist_off__Entrainment__left,activity_wrist,Entrainment,left,0,2,0.7777777777777778,0.7875816993464052,-0.009803921568627435,0.7512202802708234,0.7580695953393167,-0.006849315068493067,0.802708234923634,0.8019209573295544,0.0007872775940796,0.7387989575818859,0.74805997184183,-0.009261014259944134,0.8127853881278538,0.8264840182648401,-0.013698630136986268,0.689655172413793,0.689655172413793,0.0
activity_wrist_off__Entrainment__left,activity_wrist,Entrainment,left,1,0,0.7523809523809524,0.7523809523809524,0.0,0.7056088346410926,0.7056088346410926,0.0,0.7369950595757047,0.7367044463818657,0.00029061319383900003,0.704111491628615,0.704111491628615,0.0,0.8198198198198199,0.8198198198198199,0.0,0.5913978494623656,0.5913978494623656,0.0
activity_wrist_off__Entrainment__left,activity_wrist,Entrainment,left,1,1,0.7884615384615384,0.7852564102564102,0.0032051282051281664,0.7489489489489488,0.7433933933933933,0.005555555555555567,0.7570570570570571,0.756006006006006,0.0010510510510509665,0.7451219039210496,0.7407181699398508,0.004403733981198767,0.8423423423423424,0.8423423423423424,0.0,0.6555555555555556,0.6444444444444444,0.0111111111111111
activity_wrist_off__Entrainment__left,activity_wrist,Entrainment,left,1,2,0.744336569579288,0.744336569579288,0.0,0.7149162861491628,0.7116438356164384,0.0032724505327244666,0.7488584474885845,0.7485540334855404,0.00030441400304413333,0.7034528519265018,0.7015231695050655,0.0019296824214361998,0.7853881278538813,0.7899543378995434,-0.0045662100456621,0.6444444444444445,0.6333333333333333,0.0111111111111111
activity_wrist_off__Entrainment__left,activity_wrist,Entrainment,left,2,0,0.7936507936507936,0.7936507936507936,0.0,0.734888113920372,0.734888113920372,0.0,0.7333623946527172,0.7340889276373147,-0.0007265329845975334,0.7434969737850992,0.7434969737850992,0.0,0.8783783783783784,0.8783783783783784,0.0,0.5913978494623656,0.5913978494623656,0.0
activity_wrist_off__Entrainment__left,activity_wrist,Entrainment,left,2,1,0.6698717948717948,0.6826923076923078,-0.012820512820512733,0.6854354354354354,0.6944444444444443,-0.009009009009008933,0.7339339339339338,0.7333333333333334,0.0006006006006005667,0.6461835495940396,0.657406424135326,-0.011222874541286365,0.6486486486486487,0.6666666666666666,-0.018018018018017935,0.7222222222222222,0.7222222222222222,0.0
activity_wrist_off__Entrainment__left,activity_wrist,Entrainment,left,2,2,0.7249190938511326,0.7184466019417476,0.006472491909385067,0.7208523592085235,0.7097412480974125,0.0111111111111111,0.7764079147640791,0.7748858447488584,0.0015220700152207332,0.6946769465872858,0.6863378398249323,0.008339106762353533,0.730593607305936,0.730593607305936,0.0,0.7111111111111111,0.6888888888888888,0.0222222222222222
activity_wrist_off__Entrainment__left,activity_wrist,Entrainment,left,3,0,0.7238095238095239,0.7206349206349207,0.0031746031746031334,0.7134553908747456,0.7112031386224934,0.002252252252252233,0.7725951758209822,0.7723045626271432,0.00029061319383900003,0.692627828354373,0.6897442760305221,0.0028835523238508,0.7387387387387387,0.7342342342342342,0.004504504504504466,0.6881720430107526,0.6881720430107526,0.0
activity_wrist_off__Entrainment__left,activity_wrist,Entrainment,left,3,1,0.7047619047619048,0.707936507936508,-0.0031746031746031334,0.6999418773612321,0.6990700377797152,0.0008718395815170329,0.7648939261842488,0.7650392327811683,-0.00014530659691950002,0.675160702905545,0.6767376259347467,-0.0015769230292015334,0.7117117117117117,0.7207207207207208,-0.009009009009008967,0.6881720430107526,0.6774193548387096,0.010752688172043
activity_wrist_off__Entrainment__left,activity_wrist,Entrainment,left,3,2,0.8122977346278316,0.802588996763754,0.009708737864077633,0.7923135464231356,0.7789193302891934,0.0133942161339421,0.8388127853881278,0.837138508371385,0.0016742770167427,0.7804477565789808,0.767964079130576,0.0124836774484048,0.8401826484018264,0.8356164383561643,0.004566210045662066,0.7444444444444445,0.7222222222222222,0.022222222222222237
activity_wrist_off__Entrainment__left,activity_wrist,Entrainment,left,4,0,0.7682539682539682,0.7714285714285714,-0.0031746031746031334,0.7512351060738157,0.7534873583260678,-0.0022522522522522,0.8174949142691078,0.8186573670444638,-0.0011624527753559667,0.7352958112232413,0.738267780152657,-0.0029719689294157004,0.7927927927927927,0.7972972972972973,-0.004504504504504466,0.7096774193548386,0.7096774193548386,0.0
activity_wrist_off__Entrainment__left,activity_wrist,Entrainment,left,4,1,0.7238095238095239,0.7238095238095239,0.0,0.6759662888695147,0.679090380703284,-0.003124091833769233,0.6827956989247311,0.6835222319093287,-0.0007265329845974667,0.6715874875078857,0.6730540161483273,-0.0014665286404416666,0.7927927927927928,0.7882882882882883,0.004504504504504466,0.5591397849462365,0.5698924731182795,-0.010752688172043
activity_wrist_off__Entrainment__left,activity_wrist,Entrainment,left,4,2,0.7864077669902912,0.7864077669902912,0.0,0.7478691019786909,0.7478691019786909,0.0,0.8071537290715373,0.806544901065449,0.0006088280060882334,0.7446039602121496,0.7446039602121496,0.0,0.8401826484018264,0.8401826484018264,0.0,0.6555555555555556,0.6555555555555556,0.0
activity_wrist_off__Entrainment__right,activity_wrist,Entrainment,right,0,0,0.7142857142857143,0.7174603174603176,-0.0031746031746031998,0.6723336239465271,0.6745858761987794,-0.002252252252252233,0.7086602731764021,0.7088055797733217,-0.00014530659691950002,0.666439635654999,0.6692789563147699,-0.002839320659770767,0.7747747747747747,0.7792792792792792,-0.0045045045045045,0.5698924731182796,0.5698924731182796,0.0
activity_wrist_off__Entrainment__right,activity_wrist,Entrainment,right,0,1,0.6990291262135923,0.7022653721682848,-0.0032362459546925334,0.6796803652968036,0.6786910197869102,0.0009893455098934998,0.7115677321156774,0.7112633181126332,0.0003044140030441667,0.6568344367858968,0.6579173289531347,-0.001082892167237867,0.7260273972602739,0.7351598173515982,-0.009132420091324167,0.6333333333333333,0.6222222222222222,0.0111111111111111
activity_wrist_off__Entrainment__right,activity_wrist,Entrainment,right,0,2,0.7777777777777778,0.7843137254901961,-0.006535947712418267,0.7512202802708234,0.7557864903164856,-0.0045662100456620005,0.802708234923634,0.802708234923634,0.0,0.7387989575818859,0.7450191433522471,-0.006220185770361167,0.8127853881278538,0.8219178082191781,-0.009132420091324133,0.689655172413793,0.689655172413793,0.0
activity_wrist_off__Entrainment__right,activity_wrist,Entrainment,right,1,0,0.7523809523809524,0.7523809523809524,0.0,0.7056088346410926,0.7056088346410926,0.0,0.7369950595757047,0.7397558849171753,-0.0027608253414704333,0.704111491628615,0.704111491628615,0.0,0.8198198198198199,0.8198198198198199,0.0,0.5913978494623656,0.5913978494623656,0.0
activity_wrist_off__Entrainment__right,activity_wrist,Entrainment,right,1,1,0.7884615384615384,0.7884615384615384,0.0,0.7489489489489488,0.7489489489489488,0.0,0.7570570570570571,0.7566066066066067,0.00045045045045040004,0.7451219039210496,0.7451219039210496,0.0,0.8423423423423424,0.8423423423423424,0.0,0.6555555555555556,0.6555555555555556,0.0
activity_wrist_off__Entrainment__right,activity_wrist,Entrainment,right,1,2,0.744336569579288,0.744336569579288,0.0,0.7149162861491628,0.7116438356164384,0.0032724505327244666,0.7488584474885845,0.7480974124809742,0.0007610350076103,0.7034528519265018,0.7015231695050655,0.0019296824214361998,0.7853881278538813,0.7899543378995434,-0.0045662100456621,0.6444444444444445,0.6333333333333333,0.0111111111111111
activity_wrist_off__Entrainment__right,activity_wrist,Entrainment,right,2,0,0.7936507936507936,0.7904761904761904,0.0031746031746031998,0.734888113920372,0.7295117698343505,0.0053763440860215,0.7333623946527172,0.7332170880557977,0.00014530659691946662,0.7434969737850992,0.7385430567344079,0.004953917050691167,0.8783783783783784,0.8783783783783784,0.0,0.5913978494623656,0.5806451612903226,0.010752688172043
activity_wrist_off__Entrainment__right,activity_wrist,Entrainment,right,2,1,0.6698717948717948,0.6698717948717948,0.0,0.6854354354354354,0.6854354354354354,0.0,0.7339339339339338,0.7334834834834835,0.00045045045045040004,0.6461835495940396,0.6462315090281382,-4.7959434098666355e-05,0.6486486486486487,0.6486486486486487,0.0,0.7222222222222222,0.7222222222222222,0.0
activity_wrist_off__Entrainment__right,activity_wrist,Entrainment,right,2,2,0.7249190938511326,0.7216828478964401,0.0032362459546925334,0.7208523592085235,0.7185692541856925,0.002283105022831033,0.7764079147640791,0.776255707762557,0.00015220700152206667,0.6946769465872858,0.6918829226927627,0.0027940238945232663,0.730593607305936,0.7260273972602739,0.004566210045662066,0.7111111111111111,0.7111111111111111,0.0
activity_wrist_off__Entrainment__right,activity_wrist,Entrainment,right,3,0,0.7238095238095239,0.7333333333333334,-0.009523809523809467,0.7134553908747456,0.7202121476315025,-0.006756756756756734,0.7725951758209822,0.7736123219994188,-0.0010171461784365,0.692627828354373,0.7013087552068855,-0.008680926852512467,0.7387387387387387,0.7522522522522522,-0.013513513513513467,0.6881720430107526,0.6881720430107526,0.0
activity_wrist_off__Entrainment__right,activity_wrist,Entrainment,right,3,1,0.7047619047619048,0.707936507936508,-0.0031746031746031334,0.6999418773612321,0.7021941296134845,-0.002252252252252233,0.7648939261842488,0.7640220866027319,0.0008718395815169334,0.675160702905545,0.6780671641963019,-0.0029064612907567667,0.7117117117117117,0.7162162162162162,-0.004504504504504466,0.6881720430107526,0.6881720430107526,0.0
activity_wrist_off__Entrainment__right,activity_wrist,Entrainment,right,3,2,0.8122977346278316,0.8058252427184466,0.006472491909385067,0.7923135464231356,0.7844748858447489,0.007838660578386567,0.8388127853881278,0.8375951293759513,0.0012176560121764668,0.7804477565789808,0.7728256870021196,0.007622069576861168,0.8401826484018264,0.8356164383561643,0.004566210045662066,0.7444444444444445,0.7333333333333334,0.011111111111111134
activity_wrist_off__Entrainment__right,activity_wrist,Entrainment,right,4,0,0.7682539682539682,0.7714285714285714,-0.0031746031746031334,0.7512351060738157,0.7534873583260678,-0.0022522522522522,0.8174949142691078,0.8179308340598664,-0.0004359197907584667,0.7352958112232413,0.738267780152657,-0.0029719689294157004,0.7927927927927927,0.7972972972972973,-0.004504504504504466,0.7096774193548386,0.7096774193548386,0.0
activity_wrist_off__Entrainment__right,activity_wrist,Entrainment,right,4,1,0.7238095238095239,0.7238095238095239,0.0,0.6759662888695147,0.6759662888695147,0.0,0.6827956989247311,0.6829410055216507,-0.00014530659691950002,0.6715874875078857,0.6715874875078857,0.0,0.7927927927927928,0.7927927927927928,0.0,0.5591397849462365,0.5591397849462365,0.0
activity_wrist_off__Entrainment__right,activity_wrist,Entrainment,right,4,2,0.7864077669902912,0.7864077669902912,0.0,0.7478691019786909,0.7478691019786909,0.0,0.8071537290715373,0.8071537290715373,0.0,0.7446039602121496,0.7446039602121496,0.0,0.8401826484018264,0.8401826484018264,0.0,0.6555555555555556,0.6555555555555556,0.0
activity_wrist_off__HoldWeight__left,activity_wrist,HoldWeight,left,0,0,0.7142857142857143,0.707936507936508,0.0063492063492063,0.6723336239465271,0.6615809357744842,0.010752688172043,0.7086602731764021,0.7082243533856437,0.00043591979075853336,0.666439635654999,0.656890827567194,0.009548808087805,0.7747747747747747,0.7747747747747747,0.0,0.5698924731182796,0.5483870967741935,0.021505376344086034
activity_wrist_off__HoldWeight__left,activity_wrist,HoldWeight,left,0,1,0.6990291262135923,0.686084142394822,0.012944983818770165,0.6796803652968036,0.6705479452054796,0.009132420091324199,0.7115677321156774,0.7140030441400306,-0.0024353120243531335,0.6568344367858968,0.645414284398373,0.011420152387523733,0.7260273972602739,0.7077625570776256,0.018264840182648366,0.6333333333333333,0.6333333333333333,0.0
activity_wrist_off__HoldWeight__left,activity_wrist,HoldWeight,left,0,2,0.7777777777777778,0.7679738562091503,0.009803921568627435,0.7512202802708234,0.7478349866162809,0.0033852936545426004,0.802708234923634,0.8019209573295544,0.0007872775940796333,0.7387989575818859,0.7312496765792517,0.007549281002634134,0.8127853881278538,0.7945205479452054,0.0182648401826484,0.689655172413793,0.7011494252873564,-0.011494252873563234
activity_wrist_off__HoldWeight__left,activity_wrist,HoldWeight,left,1,0,0.7523809523809524,0.7333333333333334,0.019047619047618966,0.7056088346410926,0.6889712292938098,0.016637605347282668,0.7369950595757047,0.7361232199941877,0.0008718395815169666,0.704111491628615,0.6848850826337349,0.019226408994880033,0.8198198198198199,0.7972972972972974,0.02252252252252243,0.5913978494623656,0.5806451612903226,0.010752688172043
activity_wrist_off__HoldWeight__left,activity_wrist,HoldWeight,left,1,1,0.7884615384615384,0.782051282051282,0.006410256410256367,0.7489489489489488,0.7411411411411412,0.007807807807807768,0.7570570570570571,0.756006006006006,0.0010510510510509665,0.7451219039210496,0.7376376514097583,0.007484252511291167,0.8423423423423424,0.8378378378378378,0.004504504504504466,0.6555555555555556,0.6444444444444444,0.0111111111111111
activity_wrist_off__HoldWeight__left,activity_wrist,HoldWeight,left,1,2,0.744336569579288,0.7411003236245954,0.0032362459546925334,0.7149162861491628,0.7159056316590563,-0.0009893455098934668,0.7488584474885845,0.7496194824961949,-0.0007610350076104,0.7034528519265018,0.7021179258435084,0.0013349260829933001,0.7853881278538813,0.776255707762557,0.009132420091324167,0.6444444444444445,0.6555555555555556,-0.0111111111111111
activity_wrist_off__HoldWeight__left,activity_wrist,HoldWeight,left,2,0,0.7936507936507936,0.780952380952381,0.012698412698412667,0.734888113920372,0.713382737576286,0.02150537634408607,0.7333623946527172,0.7353966870095903,-0.0020342923568729666,0.7434969737850992,0.7233041786805229,0.020192795104576333,0.8783783783783784,0.8783783783783784,0.0,0.5913978494623656,0.5483870967741935,0.04301075268817207
activity_wrist_off__HoldWeight__left,activity_wrist,HoldWeight,left,2,1,0.6698717948717948,0.673076923076923,-0.0032051282051281664,0.6854354354354354,0.6876876876876876,-0.002252252252252233,0.7339339339339338,0.7328828828828828,0.0010510510510510667,0.6461835495940396,0.6488456041929462,-0.0026620545989066665,0.6486486486486487,0.6531531531531533,-0.0045045045045045,0.7222222222222222,0.7222222222222222,0.0
activity_wrist_off__HoldWeight__left,activity_wrist,HoldWeight,left,2,2,0.7249190938511326,0.7249190938511326,0.0,0.7208523592085235,0.7175799086757991,0.0032724505327244666,0.7764079147640791,0.7730593607305937,0.003348554033485567,0.6946769465872858,0.6935750908715478,0.0011018557157381334,0.730593607305936,0.7351598173515982,-0.0045662100456621,0.7111111111111111,0.7000000000000001,0.0111111111111111
activity_wrist_off__HoldWeight__left,activity_wrist,HoldWeight,left,3,0,0.7238095238095239,0.7238095238095238,6.649773324577761e-17,0.7134553908747456,0.7134553908747456,0.0,0.7725951758209822,0.7724498692240628,0.00014530659691946668,0.692627828354373,0.6927053664310036,-7.753807663066677e-05,0.7387387387387387,0.7387387387387387,-3.353798720221827e-17,0.6881720430107526,0.6881720430107526,0.0
activity_wrist_off__HoldWeight__left,activity_wrist,HoldWeight,left,3,1,0.7047619047619048,0.7015873015873016,0.0031746031746031998,0.6999418773612321,0.7008137169427492,-0.000871839581517,0.7648939261842488,0.7647486195873293,0.00014530659691946668,0.675160702905545,0.67324310964873,0.0019175932568149335,0.7117117117117117,0.7027027027027026,0.009009009009008967,0.6881720430107526,0.6989247311827956,-0.010752688172043
activity_wrist_off__HoldWeight__left,activity_wrist,HoldWeight,left,3,2,0.8122977346278316,0.802588996763754,0.009708737864077633,0.7923135464231356,0.7854642313546423,0.006849315068493133,0.8388127853881278,0.8368340943683409,0.0019786910197868665,0.7804477565789808,0.7718540875446863,0.008593669034294432,0.8401826484018264,0.8264840182648401,0.0136986301369863,0.7444444444444445,0.7444444444444445,0.0
activity_wrist_off__HoldWeight__left,activity_wrist,HoldWeight,left,4,0,0.7682539682539682,0.7555555555555555,0.012698412698412735,0.7512351060738157,0.745350188898576,0.005884917175239735,0.8174949142691078,0.8179308340598664,-0.0004359197907584666,0.7352958112232413,0.7254172230421441,0.009878588181097334,0.7927927927927927,0.7702702702702702,0.0225225225225225,0.7096774193548386,0.7204301075268816,-0.010752688172043
activity_wrist_off__HoldWeight__left,activity_wrist,HoldWeight,left,4,1,0.7238095238095239,0.7206349206349206,0.0031746031746031998,0.6759662888695147,0.6737140366172625,0.002252252252252233,0.6827956989247311,0.6829410055216507,-0.00014530659691946662,0.6715874875078857,0.6688423935040891,0.0027450940037963664,0.7927927927927928,0.7882882882882883,0.0045045045045045,0.5591397849462365,0.5591397849462365,0.0
activity_wrist_off__HoldWeight__left,activity_wrist,HoldWeight,left,4,2,0.7864077669902912,0.7831715210355986,0.0032362459546925334,0.7478691019786909,0.7423135464231354,0.005555555555555567,0.8071537290715373,0.8028919330289193,0.0042617960426179,0.7446039602121496,0.739928396457509,0.004675563754640634,0.8401826484018264,0.8401826484018264,0.0,0.6555555555555556,0.6444444444444444,0.0111111111111111
activity_wrist_off__HoldWeight__right,activity_wrist,HoldWeight,right,0,0,0.7142857142857143,0.7015873015873016,0.012698412698412667,0.6723336239465271,0.6602005231037489,0.012133100842778232,0.7086602731764021,0.7086602731764021,-3.3357286840137355e-17,0.666439635654999,0.6535044569315535,0.012935178723445533,0.7747747747747747,0.7612612612612613,0.013513513513513433,0.5698924731182796,0.5591397849462365,0.010752688172043034
activity_wrist_off__HoldWeight__right,activity_wrist,HoldWeight,right,0,1,0.6990291262135923,0.686084142394822,0.012944983818770165,0.6796803652968036,0.6705479452054796,0.009132420091324102,0.7115677321156774,0.7080669710806697,0.0035007610350076004,0.6568344367858968,0.6451482748228395,0.011686161963057199,0.7260273972602739,0.7077625570776256,0.01826484018264837,0.6333333333333333,0.6333333333333333,0.0
activity_wrist_off__HoldWeight__right,activity_wrist,HoldWeight,right,0,2,0.7777777777777778,0.7777777777777777,3.2959746043559335e-17,0.7512202802708234,0.7512202802708234,3.3248866622888805e-17,0.802708234923634,0.8016060462919224,0.0011021886317115,0.7387989575818859,0.7386566840883934,0.00014227349349236681,0.8127853881278538,0.8127853881278538,3.353798720221827e-17,0.689655172413793,0.689655172413793,0.0
activity_wrist_off__HoldWeight__right,activity_wrist,HoldWeight,right,1,0,0.7523809523809524,0.7365079365079366,0.0158730158730158,0.7056088346410926,0.6943475733798316,0.011261261261261167,0.7369950595757047,0.7358326068003488,0.001162452775356,0.704111491628615,0.6897581853227015,0.014353306305913435,0.8198198198198199,0.7972972972972974,0.02252252252252243,0.5913978494623656,0.5913978494623656,0.0
activity_wrist_off__HoldWeight__right,activity_wrist,HoldWeight,right,1,1,0.7884615384615384,0.7852564102564102,0.0032051282051281664,0.7489489489489488,0.7466966966966967,0.002252252252252233,0.7570570570570571,0.7564564564564565,0.0006006006006005667,0.7451219039210496,0.7420983641431634,0.0030235397778860997,0.8423423423423424,0.8378378378378378,0.0045045045045045,0.6555555555555556,0.6555555555555556,0.0
activity_wrist_off__HoldWeight__right,activity_wrist,HoldWeight,right,1,2,0.744336569579288,0.744336569579288,0.0,0.7149162861491628,0.7149162861491628,3.3248866622888805e-17,0.7488584474885845,0.75220700152207,-0.0033485540334855335,0.7034528519265018,0.7032236378543884,0.00022921407211330043,0.7853881278538813,0.7853881278538811,3.353798720221827e-17,0.6444444444444445,0.6444444444444445,0.0
activity_wrist_off__HoldWeight__right,activity_wrist,HoldWeight,right,2,0,0.7936507936507936,0.780952380952381,0.012698412698412667,0.734888113920372,0.7102586457425167,0.0246294681778553,0.7333623946527172,0.7330717814588782,0.00029061319383896664,0.7434969737850992,0.7212004845937064,0.02229648919139283,0.8783783783783784,0.8828828828828829,-0.004504504504504466,0.5913978494623656,0.5376344086021505,0.05376344086021506
activity_wrist_off__HoldWeight__right,activity_wrist,HoldWeight,right,2,1,0.6698717948717948,0.6602564102564102,0.009615384615384567,0.6854354354354354,0.681981981981982,0.003453453453453367,0.7339339339339338,0.7346846846846847,-0.0007507507507508333,0.6461835495940396,0.6391101734032524,0.0070733761907872,0.6486486486486487,0.6306306306306305,0.01801801801801797,0.7222222222222222,0.7333333333333334,-0.0111111111111111
activity_wrist_off__HoldWeight__right,activity_wrist,HoldWeight,right,2,2,0.7249190938511326,0.7184466019417476,0.0064724919093851,0.7208523592085235,0.7162861491628615,0.0045662100456621,0.7764079147640791,0.7715372907153729,0.0048706240487062,0.6946769465872858,0.6891055079079553,0.0055714386793307,0.730593607305936,0.7214611872146118,0.0091324200913242,0.7111111111111111,0.7111111111111111,0.0
activity_wrist_off__HoldWeight__right,activity_wrist,HoldWeight,right,3,0,0.7238095238095239,0.7206349206349206,0.0031746031746031998,0.7134553908747456,0.7112031386224934,0.002252252252252233,0.7725951758209822,0.7733217088055797,-0.0007265329845974667,0.692627828354373,0.6898925438485275,0.0027352845058453666,0.7387387387387387,0.7342342342342342,0.004504504504504433,0.6881720430107526,0.6881720430107526,0.0
activity_wrist_off__HoldWeight__right,activity_wrist,HoldWeight,right,3,1,0.7047619047619048,0.707936507936508,-0.0031746031746031334,0.6999418773612321,0.7053182214472536,-0.0053763440860215,0.7648939261842488,0.7632955536181343,0.0015983725661144331,0.675160702905545,0.6789650804406518,-0.003804377535106767,0.7117117117117117,0.7117117117117117,0.0,0.6881720430107526,0.6989247311827956,-0.010752688172043
activity_wrist_off__HoldWeight__right,activity_wrist,HoldWeight,right,3,2,0.8122977346278316,0.802588996763754,0.009708737864077633,0.7923135464231356,0.7920091324200914,0.00030441400304413333,0.8388127853881278,0.8359208523592084,0.002891933028919267,0.7804477565789808,0.7742804232656461,0.0061673333133347675,0.8401826484018264,0.817351598173516,0.02283105022831047,0.7444444444444445,0.7666666666666666,-0.0222222222222222
activity_wrist_off__HoldWeight__right,activity_wrist,HoldWeight,right,4,0,0.7682539682539682,0.7587301587301587,0.009523809523809566,0.7512351060738157,0.7476024411508281,0.003632664922987501,0.8174949142691078,0.8195292066259808,-0.0020342923568728998,0.7352958112232413,0.7282873480691318,0.007008463154109566,0.7927927927927927,0.7747747747747747,0.018018018018018,0.7096774193548386,0.7204301075268816,-0.010752688172043
activity_wrist_off__HoldWeight__right,activity_wrist,HoldWeight,right,4,1,0.7238095238095239,0.7206349206349207,0.0031746031746031334,0.6759662888695147,0.6768381284510316,-0.0008718395815169999,0.6827956989247311,0.6807614065678581,0.002034292356872967,0.6715874875078857,0.6705128387434951,0.0010746487643904,0.7927927927927928,0.7837837837837838,0.009009009009008967,0.5591397849462365,0.5698924731182795,-0.010752688172043
activity_wrist_off__HoldWeight__right,activity_wrist,HoldWeight,right,4,2,0.7864077669902912,0.7864077669902912,0.0,0.7478691019786909,0.7511415525114155,-0.003272450532724534,0.8071537290715373,0.8071537290715373,-6.664229353544234e-17,0.7446039602121496,0.7462291842229022,-0.0016252240107525334,0.8401826484018264,0.8356164383561643,0.0045662100456621,0.6555555555555556,0.6666666666666666,-0.0111111111111111
activity_wrist_off__LiftHold__left,activity_wrist,LiftHold,left,0,0,0.7142857142857143,0.6952380952380951,0.019047619047619067,0.6723336239465271,0.6588201104330137,0.0135135135135135,0.7086602731764021,0.7140366172624238,-0.005376344086021501,0.666439635654999,0.6495704513870089,0.0168691842679901,0.7747747747747747,0.7477477477477478,0.0270270270270269,0.5698924731182796,0.5698924731182795,3.469446951953614e-17
activity_wrist_off__LiftHold__left,activity_wrist,LiftHold,left,0,1,0.6990291262135923,0.6990291262135923,0.0,0.6796803652968036,0.6796803652968038,-3.3248866622888805e-17,0.7115677321156774,0.7135464231354641,-0.0019786910197868665,0.6568344367858968,0.6568105157243247,2.3921061572099514e-05,0.7260273972602739,0.7260273972602741,-3.353798720221827e-17,0.6333333333333333,0.6333333333333333,0.0
activity_wrist_off__LiftHold__left,activity_wrist,LiftHold,left,0,2,0.7777777777777778,0.7777777777777778,0.0,0.7512202802708234,0.7546843016847741,-0.0034640214139505664,0.802708234923634,0.8030231459612659,-0.00031491103763186667,0.7387989575818859,0.740493233851032,-0.0016942762691462335,0.8127853881278538,0.8082191780821918,0.0045662100456621,0.689655172413793,0.7011494252873564,-0.011494252873563234
activity_wrist_off__LiftHold__left,activity_wrist,LiftHold,left,1,0,0.7523809523809524,0.7396825396825397,0.012698412698412667,0.7056088346410926,0.6997239174658528,0.0058849171752397,0.7369950595757047,0.7358326068003488,0.0011624527753559667,0.704111491628615,0.694336014900531,0.009775476728083966,0.8198198198198199,0.7972972972972974,0.02252252252252243,0.5913978494623656,0.6021505376344086,-0.010752688172043
activity_wrist_off__LiftHold__left,activity_wrist,LiftHold,left,1,1,0.7884615384615384,0.7788461538461539,0.009615384615384567,0.7489489489489488,0.7421921921921921,0.006756756756756699,0.7570570570570571,0.7528528528528527,0.0042042042042042,0.7451219039210496,0.7359818600984532,0.009140043822596165,0.8423423423423424,0.8288288288288288,0.0135135135135135,0.6555555555555556,0.6555555555555556,0.0
activity_wrist_off__LiftHold__left,activity_wrist,LiftHold,left,1,2,0.744336569579288,0.7281553398058253,0.016181229773462733,0.7149162861491628,0.7035007610350076,0.011415525114155231,0.7488584474885845,0.7508371385083713,-0.001978691019786867,0.7034528519265018,0.6886632260395308,0.014789625886970833,0.7853881278538813,0.7625570776255707,0.0228310502283105,0.6444444444444445,0.6444444444444445,0.0
activity_wrist_off__LiftHold__left,activity_wrist,LiftHold,left,2,0,0.7936507936507936,0.7841269841269841,0.0095238095238095,0.734888113920372,0.7250072653298462,0.009880848590525968,0.7333623946527172,0.7320546352804417,0.0013077593722754667,0.7434969737850992,0.7322695960716533,0.011227377713445834,0.8783783783783784,0.8693693693693693,0.009009009009009,0.5913978494623656,0.5806451612903226,0.010752688172043
activity_wrist_off__LiftHold__left,activity_wrist,LiftHold,left,2,1,0.6698717948717948,0.6666666666666666,0.0032051282051282002,0.6854354354354354,0.6864864864864865,-0.001051051051051133,0.7339339339339338,0.731081081081081,0.0028528528528528,0.6461835495940396,0.6447951031302686,0.0013884464637709665,0.6486486486486487,0.6396396396396397,0.009009009009008933,0.7222222222222222,0.7333333333333334,-0.0111111111111111
activity_wrist_off__LiftHold__left,activity_wrist,LiftHold,left,2,2,0.7249190938511326,0.715210355987055,0.009708737864077633,0.7208523592085235,0.7140030441400304,0.006849315068493099,0.7764079147640791,0.776255707762557,0.00015220700152210006,0.6946769465872858,0.6860379271417042,0.008639019445581765,0.730593607305936,0.7168949771689498,0.013698630136986268,0.7111111111111111,0.7111111111111111,0.0
activity_wrist_off__LiftHold__left,activity_wrist,LiftHold,left,3,0,0.7238095238095239,0.7174603174603175,0.006349206349206334,0.7134553908747456,0.7120749782040104,0.0013804126707352333,0.7725951758209822,0.7737576285963383,-0.0011624527753559667,0.692627828354373,0.6884888180140386,0.004139010340334333,0.7387387387387387,0.7252252252252251,0.013513513513513398,0.6881720430107526,0.6989247311827956,-0.010752688172043
activity_wrist_off__LiftHold__left,activity_wrist,LiftHold,left,3,1,0.7047619047619048,0.7047619047619048,6.649773324577761e-17,0.6999418773612321,0.6999418773612321,-3.3248866622888805e-17,0.7648939261842488,0.7656204591688462,-0.0007265329845975001,0.675160702905545,0.6752308055583701,-7.010265282500021e-05,0.7117117117117117,0.7117117117117117,0.0,0.6881720430107526,0.6881720430107526,0.0
activity_wrist_off__LiftHold__left,activity_wrist,LiftHold,left,3,2,0.8122977346278316,0.7961165048543689,0.0161812297734627,0.7923135464231356,0.7874429223744293,0.004870624048706233,0.8388127853881278,0.839117199391172,-0.00030441400304419996,0.7804477565789808,0.768141763017684,0.0123059935612967,0.8401826484018264,0.8082191780821918,0.0319634703196347,0.7444444444444445,0.7666666666666666,-0.02222222222222216
activity_wrist_off__LiftHold__left,activity_wrist,LiftHold,left,4,0,0.7682539682539682,0.7682539682539682,6.649773324577761e-17,0.7512351060738157,0.754359197907585,-0.003124091833769299,0.8174949142691078,0.8167683812845103,0.0007265329845975001,0.7352958112232413,0.7370026714283489,-0.0017068602051076003,0.7927927927927927,0.7882882882882883,0.004504504504504466,0.7096774193548386,0.7204301075268816,-0.010752688172043
activity_wrist_off__LiftHold__left,activity_wrist,LiftHold,left,4,1,0.7238095238095239,0.7238095238095239,0.0,0.6759662888695147,0.6759662888695147,0.0,0.6827956989247311,0.6829410055216507,-0.00014530659691950002,0.6715874875078857,0.6715874875078857,0.0,0.7927927927927928,0.7927927927927928,0.0,0.5591397849462365,0.5591397849462365,0.0
activity_wrist_off__LiftHold__left,activity_wrist,LiftHold,left,4,2,0.7864077669902912,0.7864077669902912,0.0,0.7478691019786909,0.7478691019786909,0.0,0.8071537290715373,0.8045662100456621,0.0025875190258751,0.7446039602121496,0.7446039602121496,0.0,0.8401826484018264,0.8401826484018264,0.0,0.6555555555555556,0.6555555555555556,0.0
activity_wrist_off__LiftHold__right,activity_wrist,LiftHold,right,0,0,0.7142857142857143,0.6984126984126985,0.01587301587301587,0.6723336239465271,0.6641964545190352,0.008137169427492,0.7086602731764021,0.7090961929671608,-0.0004359197907585,0.666439635654999,0.6541305506348963,0.012309085020102568,0.7747747747747747,0.7477477477477477,0.02702702702702697,0.5698924731182796,0.5806451612903226,-0.010752688172043
activity_wrist_off__LiftHold__right,activity_wrist,LiftHold,right,0,1,0.6990291262135923,0.6893203883495146,0.009708737864077633,0.6796803652968036,0.6728310502283105,0.006849315068493133,0.7115677321156774,0.71324200913242,-0.0016742770167427,0.6568344367858968,0.6478099660909455,0.009024470694951233,0.7260273972602739,0.7123287671232875,0.0136986301369863,0.6333333333333333,0.6333333333333333,0.0
activity_wrist_off__LiftHold__right,activity_wrist,LiftHold,right,0,2,0.7777777777777778,0.7810457516339868,-0.0032679738562091006,0.7512202802708234,0.7569674067076052,-0.0057471264367815675,0.802708234923634,0.80286569044245,-0.00015745551881600004,0.7387989575818859,0.7433433597591971,-0.004544402177311267,0.8127853881278538,0.8127853881278538,3.353798720221827e-17,0.689655172413793,0.7011494252873564,-0.011494252873563234
activity_wrist_off__LiftHold__right,activity_wrist,LiftHold,right,1,0,0.7523809523809524,0.7365079365079366,0.015873015873015834,0.7056088346410926,0.6912234815460622,0.014385353095030466,0.7369950595757047,0.7369950595757047,3.614007241618348e-20,0.704111491628615,0.6880542622884761,0.016057229340138767,0.8198198198198199,0.8018018018018017,0.01801801801801797,0.5913978494623656,0.5806451612903226,0.010752688172043
activity_wrist_off__LiftHold__right,activity_wrist,LiftHold,right,1,1,0.7884615384615384,0.7852564102564102,0.0032051282051281664,0.7489489489489488,0.7466966966966967,0.002252252252252233,0.7570570570570571,0.756006006006006,0.0010510510510509665,0.7451219039210496,0.7420983641431634,0.0030235397778860997,0.8423423423423424,0.8378378378378378,0.0045045045045045,0.6555555555555556,0.6555555555555556,0.0
activity_wrist_off__LiftHold__right,activity_wrist,LiftHold,right,1,2,0.744336569579288,0.744336569579288,0.0,0.7149162861491628,0.7149162861491628,0.0,0.7488584474885845,0.7511415525114155,-0.002283105022831,0.7034528519265018,0.7034030719279761,4.977999852560054e-05,0.7853881278538813,0.7853881278538813,0.0,0.6444444444444445,0.6444444444444445,0.0
activity_wrist_off__LiftHold__right,activity_wrist,LiftHold,right,2,0,0.7936507936507936,0.7968253968253968,-0.0031746031746031334,0.734888113920372,0.7402644580063935,-0.0053763440860215,0.7333623946527172,0.7353966870095903,-0.002034292356873,0.7434969737850992,0.7481864888432779,-0.004689515058178633,0.8783783783783784,0.8783783783783784,0.0,0.5913978494623656,0.6021505376344086,-0.010752688172043
activity_wrist_off__LiftHold__right,activity_wrist,LiftHold,right,2,1,0.6698717948717948,0.6538461538461539,0.01602564102564097,0.6854354354354354,0.6774774774774776,0.007957957957957866,0.7339339339339338,0.7325825825825826,0.0013513513513512666,0.6461835495940396,0.6335521140690803,0.0126314355249592,0.6486486486486487,0.6216216216216216,0.02702702702702697,0.7222222222222222,0.7333333333333334,-0.0111111111111111
activity_wrist_off__LiftHold__right,activity_wrist,LiftHold,right,2,2,0.7249190938511326,0.715210355987055,0.009708737864077633,0.7208523592085235,0.7140030441400304,0.006849315068493099,0.7764079147640791,0.7735159817351599,0.0028919330289193333,0.6946769465872858,0.6860379271417042,0.008639019445581765,0.730593607305936,0.7168949771689498,0.013698630136986268,0.7111111111111111,0.7111111111111111,0.0
activity_wrist_off__LiftHold__right,activity_wrist,LiftHold,right,3,0,0.7238095238095239,0.7174603174603175,0.006349206349206334,0.7134553908747456,0.7120749782040104,0.0013804126707352333,0.7725951758209822,0.7723045626271432,0.0002906131938390331,0.692627828354373,0.6884888180140386,0.004139010340334333,0.7387387387387387,0.7252252252252251,0.013513513513513398,0.6881720430107526,0.6989247311827956,-0.010752688172043
activity_wrist_off__LiftHold__right,activity_wrist,LiftHold,right,3,1,0.7047619047619048,0.707936507936508,-0.0031746031746031334,0.6999418773612321,0.7053182214472536,-0.005376344086021501,0.7648939261842488,0.7635861668119732,0.0013077593722755,0.675160702905545,0.6790098261526833,-0.0038491232471382334,0.7117117117117117,0.7117117117117117,0.0,0.6881720430107526,0.6989247311827956,-0.010752688172043
activity_wrist_off__LiftHold__right,activity_wrist,LiftHold,right,3,2,0.8122977346278316,0.7993527508090614,0.0129449838187702,0.7923135464231356,0.7897260273972603,0.0025875190258752,0.8388127853881278,0.8356164383561643,0.0031963470319634,0.7804477565789808,0.7712995798898431,0.009148176689137666,0.8401826484018264,0.8127853881278538,0.0273972602739726,0.7444444444444445,0.7666666666666666,-0.0222222222222222
activity_wrist_off__LiftHold__right,activity_wrist,LiftHold,right,4,0,0.7682539682539682,0.7714285714285714,-0.0031746031746031334,0.7512351060738157,0.7566114501598372,-0.0053763440860215,0.8174949142691078,0.8185120604475443,-0.0010171461784364334,0.7352958112232413,0.7399498509081052,-0.004654039684863867,0.7927927927927927,0.7927927927927927,0.0,0.7096774193548386,0.7204301075268816,-0.010752688172043
activity_wrist_off__LiftHold__right,activity_wrist,LiftHold,right,4,1,0.7238095238095239,0.7174603174603175,0.006349206349206334,0.6759662888695147,0.6714617843650101,0.0045045045045045,0.6827956989247311,0.6826503923278118,0.00014530659691949996,0.6715874875078857,0.6660089275814995,0.0055785599263859995,0.7927927927927928,0.7837837837837838,0.009009009009008967,0.5591397849462365,0.5591397849462365,0.0
activity_wrist_off__LiftHold__right,activity_wrist,LiftHold,right,4,2,0.7864077669902912,0.7864077669902912,0.0,0.7478691019786909,0.7478691019786909,0.0,0.8071537290715373,0.8088280060882801,-0.0016742770167427333,0.7446039602121496,0.7446039602121496,0.0,0.8401826484018264,0.8401826484018264,0.0,0.6555555555555556,0.6555555555555556,0.0
activity_wrist_off__PointFinger__left,activity_wrist,PointFinger,left,0,0,0.7142857142857143,0.7142857142857143,6.591949208711867e-17,0.6723336239465271,0.6660854402789886,0.006248183667538533,0.7086602731764021,0.7080790467887242,0.0005812263876779667,0.666439635654999,0.6630358171952296,0.0034038184597692998,0.7747747747747747,0.7837837837837838,-0.009009009009009033,0.5698924731182796,0.5483870967741935,0.02150537634408603
activity_wrist_off__PointFinger__left,activity_wrist,PointFinger,left,0,1,0.6990291262135923,0.6990291262135923,0.0,0.6796803652968036,0.6796803652968036,0.0,0.7115677321156774,0.7158295281582953,-0.0042617960426179664,0.6568344367858968,0.6578863363294113,-0.0010518995435145329,0.7260273972602739,0.7260273972602739,0.0,0.6333333333333333,0.6333333333333333,0.0
activity_wrist_off__PointFinger__left,activity_wrist,PointFinger,left,0,2,0.7777777777777778,0.7745098039215685,0.0032679738562091665,0.7512202802708234,0.7420091324200913,0.009211147850732132,0.802708234923634,0.8049126121870572,-0.0022043772634231,0.7387989575818859,0.7326505609289246,0.006148396652961266,0.8127853881278538,0.817351598173516,-0.004566210045662066,0.689655172413793,0.6666666666666666,0.0229885057471264
activity_wrist_off__PointFinger__left,activity_wrist,PointFinger,left,1,0,0.7523809523809524,0.765079365079365,-0.012698412698412667,0.7056088346410926,0.7146178436501017,-0.009009009009009,0.7369950595757047,0.7417901772740483,-0.0047951176983435,0.704111491628615,0.7156496806134051,-0.011538188984790134,0.8198198198198199,0.8378378378378378,-0.018018018018018,0.5913978494623656,0.5913978494623656,0.0
activity_wrist_off__PointFinger__left,activity_wrist,PointFinger,left,1,1,0.7884615384615384,0.7788461538461539,0.009615384615384567,0.7489489489489488,0.7322822822822822,0.016666666666666597,0.7570570570570571,0.7554054054054055,0.0016516516516516002,0.7451219039210496,0.7315051478844135,0.013616756036636033,0.8423423423423424,0.8423423423423424,0.0,0.6555555555555556,0.6222222222222222,0.0333333333333333
activity_wrist_off__PointFinger__left,activity_wrist,PointFinger,left,1,2,0.744336569579288,0.744336569579288,0.0,0.7149162861491628,0.7149162861491628,0.0,0.7488584474885845,0.7519025875190258,-0.0030441400304413667,0.7034528519265018,0.7036338343557333,-0.00018098242923163312,0.7853881278538813,0.7853881278538813,0.0,0.6444444444444445,0.6444444444444445,0.0
activity_wrist_off__PointFinger__left,activity_wrist,PointFinger,left,2,0,0.7936507936507936,0.7777777777777778,0.015873015873015834,0.734888113920372,0.6986341179889567,0.036253995931415296,0.7333623946527172,0.7444056960185993,-0.011043301365881998,0.7434969737850992,0.7104596173653528,0.033037356419746366,0.8783783783783784,0.8918918918918918,-0.013513513513513466,0.5913978494623656,0.5053763440860215,0.0860215053763441
activity_wrist_off__PointFinger__left,activity_wrist,PointFinger,left,2,1,0.6698717948717948,0.673076923076923,-0.0032051282051281664,0.6854354354354354,0.6711711711711712,0.014264264264264201,0.7339339339339338,0.733033033033033,0.0009009009009008333,0.6461835495940396,0.64064528238928,0.0055382672047595005,0.6486486486486487,0.6756756756756758,-0.02702702702702697,0.7222222222222222,0.6666666666666666,0.0555555555555555
activity_wrist_off__PointFinger__left,activity_wrist,PointFinger,left,2,2,0.7249190938511326,0.7346278317152103,-0.009708737864077633,0.7208523592085235,0.7211567732115677,-0.00030441400304413333,0.7764079147640791,0.7753424657534246,0.0010654490106545335,0.6946769465872858,0.7011477026134455,-0.0064707560261596,0.730593607305936,0.7534246575342465,-0.0228310502283105,0.7111111111111111,0.6888888888888888,0.02222222222222223
activity_wrist_off__PointFinger__left,activity_wrist,PointFinger,left,3,0,0.7238095238095239,0.7301587301587301,-0.006349206349206234,0.7134553908747456,0.714835803545481,-0.0013804126707353,0.7725951758209822,0.7755013077593723,-0.00290613193839,0.692627828354373,0.6967376538805111,-0.004109825526138067,0.7387387387387387,0.7522522522522523,-0.013513513513513533,0.6881720430107526,0.6774193548387096,0.010752688172043
activity_wrist_off__PointFinger__left,activity_wrist,PointFinger,left,3,1,0.7047619047619048,0.7047619047619048,0.0,0.6999418773612321,0.6968177855274629,0.003124091833769266,0.7648939261842488,0.7640220866027319,0.0008718395815169666,0.675160702905545,0.6733482161167655,0.0018124867887796662,0.7117117117117117,0.7162162162162162,-0.0045045045045045,0.6881720430107526,0.6774193548387096,0.010752688172043
activity_wrist_off__PointFinger__left,activity_wrist,PointFinger,left,3,2,0.8122977346278316,0.7993527508090614,0.012944983818770165,0.7923135464231356,0.7831811263318113,0.0091324200913242,0.8388127853881278,0.8334855403348554,0.005327245053272367,0.7804477565789808,0.7681260647099885,0.0123216918689923,0.8401826484018264,0.8219178082191781,0.0182648401826484,0.7444444444444445,0.7444444444444445,0.0
activity_wrist_off__PointFinger__left,activity_wrist,PointFinger,left,4,0,0.7682539682539682,0.7682539682539682,0.0,0.7512351060738157,0.754359197907585,-0.003124091833769266,0.8174949142691078,0.8132810229584423,0.0042138913106655,0.7352958112232413,0.7370378212313696,-0.0017420100081283,0.7927927927927927,0.7882882882882883,0.004504504504504466,0.7096774193548386,0.7204301075268816,-0.010752688172043
activity_wrist_off__PointFinger__left,activity_wrist,PointFinger,left,4,1,0.7238095238095239,0.7206349206349207,0.0031746031746031334,0.6759662888695147,0.6737140366172625,0.002252252252252233,0.6827956989247311,0.6842487648939262,-0.0014530659691949334,0.6715874875078857,0.6687901278101306,0.0027973596977548336,0.7927927927927928,0.7882882882882883,0.004504504504504466,0.5591397849462365,0.5591397849462365,0.0
activity_wrist_off__PointFinger__left,activity_wrist,PointFinger,left,4,2,0.7864077669902912,0.7799352750809061,0.006472491909385067,0.7478691019786909,0.7334855403348554,0.014383561643835599,0.8071537290715373,0.8060882800608828,0.0010654490106544333,0.7446039602121496,0.7333401595707887,0.011263800641360967,0.8401826484018264,0.8447488584474886,-0.0045662100456621,0.6555555555555556,0.6222222222222222,0.0333333333333333
activity_wrist_off__PointFinger__right,activity_wrist,PointFinger,right,0,0,0.7142857142857143,0.7111111111111111,0.0031746031746031998,0.6723336239465271,0.6575850043591979,0.014748619587329266,0.7086602731764021,0.7106945655332751,-0.002034292356873,0.666439635654999,0.6556904432032321,0.010749192451766865,0.7747747747747747,0.7882882882882883,-0.0135135135135135,0.5698924731182796,0.5268817204301075,0.04301075268817203
activity_wrist_off__PointFinger__right,activity_wrist,PointFinger,right,0,1,0.6990291262135923,0.6957928802588996,0.0032362459546925334,0.6796803652968036,0.6741248097412481,0.005555555555555533,0.7115677321156774,0.7071537290715373,0.004414003044140034,0.6568344367858968,0.6519464330915861,0.0048880036943107,0.7260273972602739,0.7260273972602739,3.353798720221827e-17,0.6333333333333333,0.6222222222222222,0.0111111111111111
activity_wrist_off__PointFinger__right,activity_wrist,PointFinger,right,0,2,0.7777777777777778,0.7679738562091503,0.009803921568627433,0.7512202802708234,0.7270508581325776,0.0241694221382459,0.802708234923634,0.7990867579908675,0.0036214769327664667,0.7387989575818859,0.7219097759138363,0.0168891816680495,0.8127853881278538,0.8219178082191781,-0.0091324200913242,0.689655172413793,0.632183908045977,0.05747126436781604
activity_wrist_off__PointFinger__right,activity_wrist,PointFinger,right,1,0,0.7523809523809524,0.7587301587301587,-0.006349206349206334,0.7056088346410926,0.7101133391455973,-0.004504504504504532,0.7369950595757047,0.7372856727695437,-0.000290613193839,0.704111491628615,0.7095049570635495,-0.0053934654349346,0.8198198198198199,0.8288288288288288,-0.009009009009009,0.5913978494623656,0.5913978494623656,0.0
activity_wrist_off__PointFinger__right,activity_wrist,PointFinger,right,1,1,0.7884615384615384,0.7788461538461539,0.0096153846153846,0.7489489489489488,0.7388888888888889,0.010060060060060067,0.7570570570570571,0.7527027027027028,0.004354354354354334,0.7451219039210496,0.7347591735712005,0.010362730349849,0.8423423423423424,0.8333333333333334,0.009009009009009,0.6555555555555556,0.6444444444444444,0.0111111111111111
activity_wrist_off__PointFinger__right,activity_wrist,PointFinger,right,1,2,0.744336569579288,0.7249190938511326,0.019417475728155366,0.7149162861491628,0.7044901065449011,0.010426179604261766,0.7488584474885845,0.7445966514459665,0.0042617960426179335,0.7034528519265018,0.6856944321304344,0.01775841979606727,0.7853881278538813,0.7534246575342466,0.0319634703196347,0.6444444444444445,0.6555555555555556,-0.0111111111111111
activity_wrist_off__PointFinger__right,activity_wrist,PointFinger,right,2,0,0.7936507936507936,0.7777777777777778,0.0158730158730159,0.734888113920372,0.7080063934902645,0.0268817204301076,0.7333623946527172,0.7310374891020053,0.0023249055507119335,0.7434969737850992,0.7172109248698101,0.0262860489152891,0.8783783783783784,0.8783783783783784,3.353798720221827e-17,0.5913978494623656,0.5376344086021505,0.053763440860215034
activity_wrist_off__PointFinger__right,activity_wrist,PointFinger,right,2,1,0.6698717948717948,0.6666666666666666,0.0032051282051281664,0.6854354354354354,0.6732732732732734,0.0121621621621621,0.7339339339339338,0.7304804804804804,0.003453453453453433,0.6461835495940396,0.6396931931151079,0.006490356478931601,0.6486486486486487,0.6576576576576576,-0.009009009009008933,0.7222222222222222,0.6888888888888888,0.0333333333333333
activity_wrist_off__PointFinger__right,activity_wrist,PointFinger,right,2,2,0.7249190938511326,0.7216828478964401,0.0032362459546925334,0.7208523592085235,0.7185692541856925,0.0022831050228310002,0.7764079147640791,0.7744292237442923,0.0019786910197869332,0.6946769465872858,0.6917501455136826,0.002926801073603333,0.730593607305936,0.7260273972602739,0.004566210045662066,0.7111111111111111,0.7111111111111111,0.0
activity_wrist_off__PointFinger__right,activity_wrist,PointFinger,right,3,0,0.7238095238095239,0.7301587301587302,-0.006349206349206267,0.7134553908747456,0.7117117117117117,0.0017436791630339665,0.7725951758209822,0.7708514966579484,0.0017436791630339333,0.692627828354373,0.6955099692083707,-0.002882140853997666,0.7387387387387387,0.7567567567567567,-0.01801801801801797,0.6881720430107526,0.6666666666666666,0.021505376344086
activity_wrist_off__PointFinger__right,activity_wrist,PointFinger,right,3,1,0.7047619047619048,0.707936507936508,-0.0031746031746031334,0.6999418773612321,0.7021941296134845,-0.002252252252252233,0.7648939261842488,0.7614065678581808,0.0034873583260679,0.675160702905545,0.6780003338131589,-0.0028396309076139333,0.7117117117117117,0.7162162162162162,-0.0045045045045045,0.6881720430107526,0.6881720430107526,0.0
activity_wrist_off__PointFinger__right,activity_wrist,PointFinger,right,3,2,0.8122977346278316,0.7993527508090614,0.012944983818770165,0.7923135464231356,0.7700913242009132,0.022222222222222168,0.8388127853881278,0.835007610350076,0.0038051750380516665,0.7804477565789808,0.762705582457112,0.0177421741218687,0.8401826484018264,0.8401826484018264,3.353798720221827e-17,0.7444444444444445,0.7000000000000001,0.04444444444444443
activity_wrist_off__PointFinger__right,activity_wrist,PointFinger,right,4,0,0.7682539682539682,0.7777777777777777,-0.009523809523809433,0.7512351060738157,0.7579918628305725,-0.006756756756756699,0.8174949142691078,0.8121185701830863,0.005376344086021467,0.7352958112232413,0.7441969848476299,-0.008901173624388534,0.7927927927927927,0.8063063063063063,-0.0135135135135135,0.7096774193548386,0.7096774193548386,0.0
activity_wrist_off__PointFinger__right,activity_wrist,PointFinger,right,4,1,0.7238095238095239,0.7206349206349207,0.0031746031746031334,0.6759662888695147,0.6737140366172625,0.002252252252252233,0.6827956989247311,0.6797442603894216,0.0030514385353095004,0.6715874875078857,0.6687901278101306,0.0027973596977548336,0.7927927927927928,0.7882882882882883,0.004504504504504466,0.5591397849462365,0.5591397849462365,0.0
activity_wrist_off__PointFinger__right,activity_wrist,PointFinger,right,4,2,0.7864077669902912,0.7702265372168284,0.0161812297734627,0.7478691019786909,0.7200913242009133,0.027777777777777804,0.8071537290715373,0.8039573820395738,0.0031963470319634,0.7446039602121496,0.7207446665687404,0.023859293643409333,0.8401826484018264,0.8401826484018264,0.0,0.6555555555555556,0.6,0.0555555555555555
activity_wrist_off__RelaxedTask__left,activity_wrist,RelaxedTask,left,0,0,0.7142857142857143,0.7111111111111111,0.0031746031746031998,0.6723336239465271,0.670081371694275,0.002252252252252233,0.7086602731764021,0.7088055797733217,-0.00014530659691950002,0.666439635654999,0.6636761744271529,0.0027634612278460667,0.7747747747747747,0.7702702702702702,0.004504504504504466,0.5698924731182796,0.5698924731182796,0.0
activity_wrist_off__RelaxedTask__left,activity_wrist,RelaxedTask,left,0,1,0.6990291262135923,0.7055016181229773,-0.006472491909385067,0.6796803652968036,0.6809741248097412,-0.0012937595129375336,0.7115677321156774,0.7123287671232877,-0.0007610350076103336,0.6568344367858968,0.6609743036040372,-0.004139866818140367,0.7260273972602739,0.7397260273972602,-0.013698630136986268,0.6333333333333333,0.6222222222222222,0.0111111111111111
activity_wrist_off__RelaxedTask__left,activity_wrist,RelaxedTask,left,0,2,0.7777777777777778,0.7777777777777777,3.2959746043559335e-17,0.7512202802708234,0.747756258856873,0.003464021413950566,0.802708234923634,0.8009762242166588,0.0017320107069752,0.7387989575818859,0.7372073789258055,0.0015915786560804668,0.8127853881278538,0.817351598173516,-0.004566210045662066,0.689655172413793,0.6781609195402298,0.0114942528735632
activity_wrist_off__RelaxedTask__left,activity_wrist,RelaxedTask,left,1,0,0.7523809523809524,0.7523809523809524,0.0,0.7056088346410926,0.7056088346410926,0.0,0.7369950595757047,0.7380122057541412,-0.0010171461784364998,0.704111491628615,0.704111491628615,0.0,0.8198198198198199,0.8198198198198199,0.0,0.5913978494623656,0.5913978494623656,0.0
activity_wrist_off__RelaxedTask__left,activity_wrist,RelaxedTask,left,1,1,0.7884615384615384,0.782051282051282,0.006410256410256367,0.7489489489489488,0.7312312312312311,0.017717717717717737,0.7570570570570571,0.7576576576576577,-0.0006006006006006333,0.7451219039210496,0.7325637473856382,0.012558156535411332,0.8423423423423424,0.8513513513513513,-0.009009009009008967,0.6555555555555556,0.611111111111111,0.0444444444444444
activity_wrist_off__RelaxedTask__left,activity_wrist,RelaxedTask,left,1,2,0.744336569579288,0.7475728155339806,-0.0032362459546925668,0.7149162861491628,0.7106544901065449,0.004261796042617967,0.7488584474885845,0.7529680365296804,-0.004109589041095833,0.7034528519265018,0.7020700872962902,0.0013827646302115332,0.7853881278538813,0.7990867579908677,-0.0136986301369863,0.6444444444444445,0.6222222222222222,0.0222222222222222
activity_wrist_off__RelaxedTask__left,activity_wrist,RelaxedTask,left,2,0,0.7936507936507936,0.7841269841269841,0.009523809523809533,0.734888113920372,0.7156349898285382,0.019253124091833797,0.7333623946527172,0.7324905550712003,0.0008718395815169334,0.7434969737850992,0.7263429228006606,0.01715405098443853,0.8783783783783784,0.8828828828828829,-0.004504504504504466,0.5913978494623656,0.5483870967741935,0.04301075268817206
activity_wrist_off__RelaxedTask__left,activity_wrist,RelaxedTask,left,2,1,0.6698717948717948,0.6762820512820514,-0.006410256410256367,0.6854354354354354,0.68993993993994,-0.004504504504504433,0.7339339339339338,0.7333333333333334,0.0006006006006005667,0.6461835495940396,0.6517392872365807,-0.005555737642541067,0.6486486486486487,0.6576576576576577,-0.009009009009008967,0.7222222222222222,0.7222222222222222,0.0
activity_wrist_off__RelaxedTask__left,activity_wrist,RelaxedTask,left,2,2,0.7249190938511326,0.7249190938511326,0.0,0.7208523592085235,0.7143074581430745,0.006544901065448967,0.7764079147640791,0.7786910197869101,-0.0022831050228309334,0.6946769465872858,0.6916126215145293,0.0030643250727566667,0.730593607305936,0.7397260273972602,-0.0091324200913242,0.7111111111111111,0.6888888888888888,0.0222222222222222
activity_wrist_off__RelaxedTask__left,activity_wrist,RelaxedTask,left,3,0,0.7238095238095239,0.7238095238095238,6.649773324577761e-17,0.7134553908747456,0.7134553908747456,0.0,0.7725951758209822,0.7736123219994188,-0.0010171461784365331,0.692627828354373,0.6927053664310036,-7.753807663066677e-05,0.7387387387387387,0.7387387387387387,-3.353798720221827e-17,0.6881720430107526,0.6881720430107526,0.0
activity_wrist_off__RelaxedTask__left,activity_wrist,RelaxedTask,left,3,1,0.7047619047619048,0.707936507936508,-0.0031746031746031334,0.6999418773612321,0.7021941296134845,-0.002252252252252233,0.7648939261842488,0.7654751525719267,-0.0005812263876779667,0.675160702905545,0.6780671641963019,-0.0029064612907567667,0.7117117117117117,0.7162162162162162,-0.004504504504504466,0.6881720430107526,0.6881720430107526,0.0
activity_wrist_off__RelaxedTask__left,activity_wrist,RelaxedTask,left,3,2,0.8122977346278316,0.8155339805825242,-0.0032362459546925334,0.7923135464231356,0.7978691019786911,-0.005555555555555533,0.8388127853881278,0.836986301369863,0.0018264840182648,0.7804477565789808,0.785099298342884,-0.004651541763903367,0.8401826484018264,0.8401826484018264,0.0,0.7444444444444445,0.7555555555555555,-0.0111111111111111
activity_wrist_off__RelaxedTask__left,activity_wrist,RelaxedTask,left,4,0,0.7682539682539682,0.7746031746031745,-0.006349206349206267,0.7512351060738157,0.7557396105783202,-0.004504504504504433,0.8174949142691078,0.8177855274629469,-0.0002906131938389999,0.7352958112232413,0.7412808240029767,-0.005985012779735367,0.7927927927927927,0.8018018018018017,-0.009009009009008967,0.7096774193548386,0.7096774193548386,0.0
activity_wrist_off__RelaxedTask__left,activity_wrist,RelaxedTask,left,4,1,0.7238095238095239,0.7269841269841271,-0.0031746031746031334,0.6759662888695147,0.6813426329555362,-0.0053763440860215,0.6827956989247311,0.6819238593432142,0.000871839581517,0.6715874875078857,0.6758830450256541,-0.004295557517768466,0.7927927927927928,0.7927927927927928,0.0,0.5591397849462365,0.5698924731182795,-0.010752688172043
activity_wrist_off__RelaxedTask__left,activity_wrist,RelaxedTask,left,4,2,0.7864077669902912,0.7864077669902912,0.0,0.7478691019786909,0.7478691019786909,0.0,0.8071537290715373,0.8079147640791476,-0.0007610350076103332,0.7446039602121496,0.7446039602121496,0.0,0.8401826484018264,0.8401826484018264,0.0,0.6555555555555556,0.6555555555555556,0.0
activity_wrist_off__RelaxedTask__right,activity_wrist,RelaxedTask,right,0,0,0.7142857142857143,0.7142857142857143,0.0,0.6723336239465271,0.6723336239465271,0.0,0.7086602731764021,0.7090961929671608,-0.00043591979075849997,0.666439635654999,0.666439635654999,0.0,0.7747747747747747,0.7747747747747747,0.0,0.5698924731182796,0.5698924731182796,0.0
activity_wrist_off__RelaxedTask__right,activity_wrist,RelaxedTask,right,0,1,0.6990291262135923,0.6990291262135923,0.0,0.6796803652968036,0.6665905631659056,0.013089802130897965,0.7115677321156774,0.7133942161339423,-0.0018264840182648,0.6568344367858968,0.6515700820102046,0.0052643547756921665,0.7260273972602739,0.7442922374429224,-0.01826484018264837,0.6333333333333333,0.5888888888888889,0.0444444444444444
activity_wrist_off__RelaxedTask__right,activity_wrist,RelaxedTask,right,0,2,0.7777777777777778,0.7745098039215685,0.0032679738562091994,0.7512202802708234,0.7454731538340419,0.0057471264367816,0.802708234923634,0.8005038576602109,0.002204377263423,0.7387989575818859,0.7338602965051207,0.004938661076765134,0.8127853881278538,0.8127853881278538,3.353798720221827e-17,0.689655172413793,0.6781609195402298,0.0114942528735632
activity_wrist_off__RelaxedTask__right,activity_wrist,RelaxedTask,right,1,0,0.7523809523809524,0.7428571428571429,0.009523809523809467,0.7056088346410926,0.6957279860505666,0.009880848590525966,0.7369950595757047,0.7372856727695437,-0.00029061319383896664,0.704111491628615,0.6933969850772309,0.010714506551383868,0.8198198198198199,0.8108108108108109,0.009009009009008933,0.5913978494623656,0.5806451612903226,0.010752688172043
activity_wrist_off__RelaxedTask__right,activity_wrist,RelaxedTask,right,1,1,0.7884615384615384,0.782051282051282,0.006410256410256367,0.7489489489489488,0.7378378378378377,0.0111111111111111,0.7570570570570571,0.7542042042042043,0.0028528528528527666,0.7451219039210496,0.7362212779429589,0.008900625978090734,0.8423423423423424,0.8423423423423424,0.0,0.6555555555555556,0.6333333333333333,0.0222222222222222
activity_wrist_off__RelaxedTask__right,activity_wrist,RelaxedTask,right,1,2,0.744336569579288,0.7378640776699029,0.006472491909385067,0.7149162861491628,0.7038051750380517,0.011111111111111066,0.7488584474885845,0.7493150684931508,-0.0004566210045662,0.7034528519265018,0.6934395985935097,0.010013253332991934,0.7853881278538813,0.7853881278538813,0.0,0.6444444444444445,0.6222222222222222,0.0222222222222222
activity_wrist_off__RelaxedTask__right,activity_wrist,RelaxedTask,right,2,0,0.7936507936507936,0.7841269841269841,0.009523809523809533,0.734888113920372,0.7218831734960768,0.013004940424295267,0.7333623946527172,0.7316187154896833,0.0017436791630339001,0.7434969737850992,0.730516454280561,0.012980519504538135,0.8783783783783784,0.8738738738738739,0.004504504504504466,0.5913978494623656,0.5698924731182796,0.02150537634408603
activity_wrist_off__RelaxedTask__right,activity_wrist,RelaxedTask,right,2,1,0.6698717948717948,0.673076923076923,-0.0032051282051282002,0.6854354354354354,0.6909909909909909,-0.005555555555555533,0.7339339339339338,0.734084084084084,-0.00015015015015016668,0.6461835495940396,0.6504849275799279,-0.004301377985888333,0.6486486486486487,0.6486486486486487,0.0,0.7222222222222222,0.7333333333333334,-0.0111111111111111
activity_wrist_off__RelaxedTask__right,activity_wrist,RelaxedTask,right,2,2,0.7249190938511326,0.7216828478964401,0.0032362459546925334,0.7208523592085235,0.7054794520547945,0.015372907153729068,0.7764079147640791,0.7767123287671233,-0.00030441400304403315,0.6946769465872858,0.685255147962053,0.009421798625232933,0.730593607305936,0.7442922374429224,-0.0136986301369863,0.7111111111111111,0.6666666666666666,0.0444444444444444
activity_wrist_off__RelaxedTask__right,activity_wrist,RelaxedTask,right,3,0,0.7238095238095239,0.7333333333333334,-0.009523809523809434,0.7134553908747456,0.7170880557977334,-0.003632664922987501,0.7725951758209822,0.7705608834641092,0.0020342923568729336,0.692627828354373,0.7001263061046606,-0.007498477750287634,0.7387387387387387,0.7567567567567567,-0.018018018018018,0.6881720430107526,0.6774193548387096,0.010752688172043
activity_wrist_off__RelaxedTask__right,activity_wrist,RelaxedTask,right,3,1,0.7047619047619048,0.707936507936508,-0.0031746031746031334,0.6999418773612321,0.7021941296134845,-0.002252252252252233,0.7648939261842488,0.7644580063934902,0.0004359197907584667,0.675160702905545,0.6780671641963019,-0.0029064612907567667,0.7117117117117117,0.7162162162162162,-0.004504504504504466,0.6881720430107526,0.6881720430107526,0.0
activity_wrist_off__RelaxedTask__right,activity_wrist,RelaxedTask,right,3,2,0.8122977346278316,0.8122977346278316,0.0,0.7923135464231356,0.79558599695586,-0.0032724505327245,0.8388127853881278,0.837138508371385,0.0016742770167427,0.7804477565789808,0.7820549376854533,-0.0016071811064725333,0.8401826484018264,0.8356164383561643,0.004566210045662066,0.7444444444444445,0.7555555555555555,-0.0111111111111111
activity_wrist_off__RelaxedTask__right,activity_wrist,RelaxedTask,right,4,0,0.7682539682539682,0.7682539682539682,0.0,0.7512351060738157,0.7512351060738157,0.0,0.8174949142691078,0.8167683812845103,0.0007265329845975001,0.7352958112232413,0.7352958112232413,0.0,0.7927927927927927,0.7927927927927927,0.0,0.7096774193548386,0.7096774193548386,0.0
activity_wrist_off__RelaxedTask__right,activity_wrist,RelaxedTask,right,4,1,0.7238095238095239,0.7238095238095239,0.0,0.6759662888695147,0.6759662888695147,0.0,0.6827956989247311,0.6811973263586166,0.0015983725661145004,0.6715874875078857,0.6715874875078857,0.0,0.7927927927927928,0.7927927927927928,0.0,0.5591397849462365,0.5591397849462365,0.0
activity_wrist_off__RelaxedTask__right,activity_wrist,RelaxedTask,right,4,2,0.7864077669902912,0.7864077669902912,0.0,0.7478691019786909,0.7478691019786909,0.0,0.8071537290715373,0.8065449010654491,0.0006088280060882,0.7446039602121496,0.7446039602121496,0.0,0.8401826484018264,0.8401826484018264,0.0,0.6555555555555556,0.6555555555555556,0.0
activity_wrist_off__Relaxed__left,activity_wrist,Relaxed,left,0,0,0.7142857142857143,0.7111111111111111,0.0031746031746031998,0.6723336239465271,0.670081371694275,0.002252252252252233,0.7086602731764021,0.7092414995640802,-0.0005812263876780001,0.666439635654999,0.6636761744271529,0.0027634612278460667,0.7747747747747747,0.7702702702702702,0.004504504504504466,0.5698924731182796,0.5698924731182796,0.0
activity_wrist_off__Relaxed__left,activity_wrist,Relaxed,left,0,1,0.6990291262135923,0.7055016181229773,-0.0064724919093851,0.6796803652968036,0.6809741248097412,-0.001293759512937567,0.7115677321156774,0.7136986301369864,-0.0021308980213089663,0.6568344367858968,0.6608838554578921,-0.004049418671995267,0.7260273972602739,0.7397260273972602,-0.013698630136986268,0.6333333333333333,0.6222222222222222,0.0111111111111111
activity_wrist_off__Relaxed__left,activity_wrist,Relaxed,left,0,2,0.7777777777777778,0.7745098039215687,0.0032679738562091335,0.7512202802708234,0.7489371752479924,0.002283105022831033,0.802708234923634,0.8022358683671863,0.0004723665564477333,0.7387989575818859,0.7358065581802284,0.0029923994016574,0.8127853881278538,0.8082191780821918,0.0045662100456621,0.689655172413793,0.689655172413793,0.0
activity_wrist_off__Relaxed__left,activity_wrist,Relaxed,left,1,0,0.7523809523809524,0.7396825396825397,0.012698412698412667,0.7056088346410926,0.6903516419645452,0.015257192676547432,0.7369950595757047,0.7374309793664633,-0.0004359197907584667,0.704111491628615,0.6889365660794233,0.015174925549191634,0.8198198198198199,0.8108108108108109,0.009009009009008933,0.5913978494623656,0.5698924731182796,0.021505376344086
activity_wrist_off__Relaxed__left,activity_wrist,Relaxed,left,1,1,0.7884615384615384,0.7788461538461539,0.009615384615384567,0.7489489489489488,0.728978978978979,0.01996996996996993,0.7570570570570571,0.7549549549549549,0.0021021021021020666,0.7451219039210496,0.7290465940560235,0.016075309865026068,0.8423423423423424,0.8468468468468467,-0.004504504504504466,0.6555555555555556,0.611111111111111,0.0444444444444444
activity_wrist_off__Relaxed__left,activity_wrist,Relaxed,left,1,2,0.744336569579288,0.7411003236245954,0.0032362459546925334,0.7149162861491628,0.7093607305936073,0.005555555555555567,0.7488584474885845,0.7480974124809742,0.0007610350076103668,0.7034528519265018,0.6982439819244401,0.005208870002061567,0.7853881278538813,0.7853881278538813,0.0,0.6444444444444445,0.6333333333333333,0.0111111111111111
activity_wrist_off__Relaxed__left,activity_wrist,Relaxed,left,2,0,0.7936507936507936,0.7904761904761904,0.0031746031746031998,0.734888113920372,0.7295117698343505,0.0053763440860215,0.7333623946527172,0.7320546352804418,0.0013077593722754333,0.7434969737850992,0.7385430567344079,0.004953917050691167,0.8783783783783784,0.8783783783783784,0.0,0.5913978494623656,0.5806451612903226,0.010752688172043
activity_wrist_off__Relaxed__left,activity_wrist,Relaxed,left,2,1,0.6698717948717948,0.673076923076923,-0.0032051282051282002,0.6854354354354354,0.6876876876876876,-0.0022522522522522,0.7339339339339338,0.7336336336336337,0.0003003003003002667,0.6461835495940396,0.6489796910000645,-0.0027961414060248997,0.6486486486486487,0.6531531531531531,-0.004504504504504466,0.7222222222222222,0.7222222222222222,0.0
activity_wrist_off__Relaxed__left,activity_wrist,Relaxed,left,2,2,0.7249190938511326,0.7184466019417476,0.006472491909385067,0.7208523592085235,0.713013698630137,0.007838660578386567,0.7764079147640791,0.7779299847792999,-0.0015220700152206,0.6946769465872858,0.6878701735759746,0.006806773011311467,0.730593607305936,0.7260273972602739,0.004566210045662066,0.7111111111111111,0.7000000000000001,0.0111111111111111
activity_wrist_off__Relaxed__left,activity_wrist,Relaxed,left,3,0,0.7238095238095239,0.7238095238095239,0.0,0.7134553908747456,0.7134553908747456,0.0,0.7725951758209822,0.7733217088055797,-0.0007265329845974667,0.692627828354373,0.692627828354373,0.0,0.7387387387387387,0.7387387387387387,0.0,0.6881720430107526,0.6881720430107526,0.0
activity_wrist_off__Relaxed__left,activity_wrist,Relaxed,left,3,1,0.7047619047619048,0.707936507936508,-0.0031746031746031334,0.6999418773612321,0.7021941296134845,-0.002252252252252233,0.7648939261842488,0.7635861668119732,0.0013077593722754333,0.675160702905545,0.6780671641963019,-0.0029064612907567667,0.7117117117117117,0.7162162162162162,-0.004504504504504466,0.6881720430107526,0.6881720430107526,0.0
activity_wrist_off__Relaxed__left,activity_wrist,Relaxed,left,3,2,0.8122977346278316,0.8122977346278316,0.0,0.7923135464231356,0.79558599695586,-0.0032724505327245,0.8388127853881278,0.8392694063926941,-0.0004566210045662,0.7804477565789808,0.7820549376854533,-0.0016071811064725333,0.8401826484018264,0.8356164383561643,0.004566210045662066,0.7444444444444445,0.7555555555555555,-0.0111111111111111
activity_wrist_off__Relaxed__left,activity_wrist,Relaxed,left,4,0,0.7682539682539682,0.765079365079365,0.0031746031746031998,0.7512351060738157,0.7489828538215635,0.0022522522522522,0.8174949142691078,0.8166230746875908,0.0008718395815170333,0.7352958112232413,0.7323486317434851,0.0029471794797562667,0.7927927927927927,0.7882882882882883,0.004504504504504466,0.7096774193548386,0.7096774193548386,0.0
activity_wrist_off__Relaxed__left,activity_wrist,Relaxed,left,4,1,0.7238095238095239,0.7238095238095239,0.0,0.6759662888695147,0.6759662888695147,0.0,0.6827956989247311,0.6825050857308922,0.00029061319383900003,0.6715874875078857,0.6715874875078857,0.0,0.7927927927927928,0.7927927927927928,0.0,0.5591397849462365,0.5591397849462365,0.0
activity_wrist_off__Relaxed__left,activity_wrist,Relaxed,left,4,2,0.7864077669902912,0.7864077669902912,0.0,0.7478691019786909,0.7478691019786909,0.0,0.8071537290715373,0.8071537290715373,0.0,0.7446039602121496,0.7446039602121496,0.0,0.8401826484018264,0.8401826484018264,0.0,0.6555555555555556,0.6555555555555556,0.0
activity_wrist_off__Relaxed__right,activity_wrist,Relaxed,right,0,0,0.7142857142857143,0.7111111111111111,0.0031746031746031998,0.6723336239465271,0.670081371694275,0.002252252252252233,0.7086602731764021,0.7093868061609997,-0.0007265329845974667,0.666439635654999,0.6636761744271529,0.0027634612278460667,0.7747747747747747,0.7702702702702702,0.004504504504504466,0.5698924731182796,0.5698924731182796,0.0
activity_wrist_off__Relaxed__right,activity_wrist,Relaxed,right,0,1,0.6990291262135923,0.6990291262135923,0.0,0.6796803652968036,0.6698630136986301,0.0098173515981735,0.7115677321156774,0.715220700152207,-0.0036529680365296664,0.6568344367858968,0.6535617054560227,0.0032727313298741667,0.7260273972602739,0.7397260273972602,-0.013698630136986268,0.6333333333333333,0.6,0.0333333333333333
activity_wrist_off__Relaxed__right,activity_wrist,Relaxed,right,0,2,0.7777777777777778,0.7810457516339869,-0.0032679738562091335,0.7512202802708234,0.7535033852936546,-0.0022831050228310002,0.802708234923634,0.8023933238860023,0.0003149110376318333,0.7387989575818859,0.7418143344250548,-0.0030153768431688665,0.8127853881278538,0.817351598173516,-0.004566210045662066,0.689655172413793,0.689655172413793,0.0
activity_wrist_off__Relaxed__right,activity_wrist,Relaxed,right,1,0,0.7523809523809524,0.746031746031746,0.006349206349206334,0.7056088346410926,0.697980238302819,0.0076285963382736995,0.7369950595757047,0.7372856727695437,-0.00029061319383896664,0.704111491628615,0.6963337138508372,0.007777777777777733,0.8198198198198199,0.8153153153153153,0.004504504504504466,0.5913978494623656,0.5806451612903226,0.010752688172043
activity_wrist_off__Relaxed__right,activity_wrist,Relaxed,right,1,1,0.7884615384615384,0.7884615384615384,0.0,0.7489489489489488,0.7456456456456456,0.0033033033033033,0.7570570570570571,0.7566066066066067,0.0004504504504504333,0.7451219039210496,0.7437444260911069,0.0013774778299426,0.8423423423423424,0.8468468468468467,-0.004504504504504466,0.6555555555555556,0.6444444444444444,0.0111111111111111
activity_wrist_off__Relaxed__right,activity_wrist,Relaxed,right,1,2,0.744336569579288,0.7411003236245954,0.0032362459546925334,0.7149162861491628,0.7093607305936073,0.005555555555555567,0.7488584474885845,0.7470319634703196,0.0018264840182647998,0.7034528519265018,0.6982439819244401,0.005208870002061567,0.7853881278538813,0.7853881278538813,0.0,0.6444444444444445,0.6333333333333333,0.0111111111111111
activity_wrist_off__Relaxed__right,activity_wrist,Relaxed,right,2,0,0.7936507936507936,0.7873015873015873,0.0063492063492063995,0.734888113920372,0.7272595175820982,0.007628596338273767,0.7333623946527172,0.7316187154896833,0.0017436791630339333,0.7434969737850992,0.7352898100051801,0.0082071637799191,0.8783783783783784,0.8738738738738738,0.0045045045045045,0.5913978494623656,0.5806451612903226,0.010752688172043034
activity_wrist_off__Relaxed__right,activity_wrist,Relaxed,right,2,1,0.6698717948717948,0.673076923076923,-0.0032051282051281664,0.6854354354354354,0.6876876876876876,-0.002252252252252233,0.7339339339339338,0.7336336336336337,0.0003003003003002667,0.6461835495940396,0.6491256909786747,-0.0029421413846351,0.6486486486486487,0.6531531531531531,-0.004504504504504466,0.7222222222222222,0.7222222222222222,0.0
activity_wrist_off__Relaxed__right,activity_wrist,Relaxed,right,2,2,0.7249190938511326,0.7249190938511326,0.0,0.7208523592085235,0.7175799086757991,0.0032724505327245,0.7764079147640791,0.7768645357686453,-0.00045662100456616666,0.6946769465872858,0.6934770276483017,0.0011999189389843002,0.730593607305936,0.7351598173515982,-0.0045662100456621,0.7111111111111111,0.7000000000000001,0.0111111111111111
activity_wrist_off__Relaxed__right,activity_wrist,Relaxed,right,3,0,0.7238095238095239,0.7269841269841271,-0.0031746031746031334,0.7134553908747456,0.715707643126998,-0.002252252252252233,0.7725951758209822,0.7733217088055797,-0.0007265329845974667,0.692627828354373,0.6955387903170592,-0.0029109619626861336,0.7387387387387387,0.7432432432432433,-0.0045045045045045,0.6881720430107526,0.6881720430107526,0.0
activity_wrist_off__Relaxed__right,activity_wrist,Relaxed,right,3,1,0.7047619047619048,0.707936507936508,-0.0031746031746031334,0.6999418773612321,0.7021941296134845,-0.002252252252252233,0.7648939261842488,0.7634408602150536,0.0014530659691949334,0.675160702905545,0.6780671641963019,-0.0029064612907567667,0.7117117117117117,0.7162162162162162,-0.004504504504504466,0.6881720430107526,0.6881720430107526,0.0
activity_wrist_off__Relaxed__right,activity_wrist,Relaxed,right,3,2,0.8122977346278316,0.8122977346278316,0.0,0.7923135464231356,0.79558599695586,-0.0032724505327245,0.8388127853881278,0.8383561643835616,0.0004566210045661334,0.7804477565789808,0.7820549376854533,-0.0016071811064725333,0.8401826484018264,0.8356164383561643,0.004566210045662066,0.7444444444444445,0.7555555555555555,-0.0111111111111111
activity_wrist_off__Relaxed__right,activity_wrist,Relaxed,right,4,0,0.7682539682539682,0.765079365079365,0.0031746031746031998,0.7512351060738157,0.7489828538215635,0.0022522522522522,0.8174949142691078,0.8182214472537054,-0.0007265329845974667,0.7352958112232413,0.7323486317434851,0.0029471794797562667,0.7927927927927927,0.7882882882882883,0.004504504504504466,0.7096774193548386,0.7096774193548386,0.0
activity_wrist_off__Relaxed__right,activity_wrist,Relaxed,right,4,1,0.7238095238095239,0.7238095238095239,0.0,0.6759662888695147,0.6759662888695147,0.0,0.6827956989247311,0.6823597791339727,0.0004359197907585,0.6715874875078857,0.6715874875078857,0.0,0.7927927927927928,0.7927927927927928,0.0,0.5591397849462365,0.5591397849462365,0.0
activity_wrist_off__Relaxed__right,activity_wrist,Relaxed,right,4,2,0.7864077669902912,0.7864077669902912,0.0,0.7478691019786909,0.7478691019786909,0.0,0.8071537290715373,0.8076103500761035,-0.0004566210045662,0.7446039602121496,0.7446039602121496,0.0,0.8401826484018264,0.8401826484018264,0.0,0.6555555555555556,0.6555555555555556,0.0
activity_wrist_off__StretchHold__left,activity_wrist,StretchHold,left,0,0,0.7142857142857143,0.7111111111111111,0.0031746031746031998,0.6723336239465271,0.670081371694275,0.002252252252252233,0.7086602731764021,0.7082243533856437,0.0004359197907584667,0.666439635654999,0.6637345962572003,0.0027050393977986666,0.7747747747747747,0.7702702702702702,0.004504504504504466,0.5698924731182796,0.5698924731182796,0.0
activity_wrist_off__StretchHold__left,activity_wrist,StretchHold,left,0,1,0.6990291262135923,0.6763754045307443,0.022653721682847832,0.6796803652968036,0.6636986301369863,0.015981735159817368,0.7115677321156774,0.7115677321156774,-3.3465707057385906e-17,0.6568344367858968,0.6366053367351726,0.020229100050724164,0.7260273972602739,0.6940639269406392,0.0319634703196347,0.6333333333333333,0.6333333333333333,0.0
activity_wrist_off__StretchHold__left,activity_wrist,StretchHold,left,0,2,0.7777777777777778,0.7777777777777777,3.353798720221827e-17,0.7512202802708234,0.7546843016847741,-0.0034640214139505,0.802708234923634,0.8014485907731066,0.0012596441505274,0.7387989575818859,0.740229250617911,-0.0014302930360250328,0.8127853881278538,0.8082191780821918,0.004566210045662134,0.689655172413793,0.7011494252873564,-0.011494252873563234
activity_wrist_off__StretchHold__left,activity_wrist,StretchHold,left,1,0,0.7523809523809524,0.7428571428571429,0.009523809523809467,0.7056088346410926,0.6957279860505667,0.009880848590525933,0.7369950595757047,0.7348154606219123,0.002179598953792433,0.704111491628615,0.6937029956765137,0.010408495952101133,0.8198198198198199,0.8108108108108109,0.009009009009008967,0.5913978494623656,0.5806451612903225,0.010752688172043034
activity_wrist_off__StretchHold__left,activity_wrist,StretchHold,left,1,1,0.7884615384615384,0.7884615384615384,0.0,0.7489489489489488,0.7489489489489488,0.0,0.7570570570570571,0.7531531531531531,0.0039039039039039,0.7451219039210496,0.7451219039210496,0.0,0.8423423423423424,0.8423423423423424,0.0,0.6555555555555556,0.6555555555555556,0.0
activity_wrist_off__StretchHold__left,activity_wrist,StretchHold,left,1,2,0.744336569579288,0.7475728155339806,-0.0032362459546925334,0.7149162861491628,0.7171993911719939,-0.0022831050228310002,0.7488584474885845,0.749771689497717,-0.0009132420091324667,0.7034528519265018,0.7063291011916398,-0.0028762492651381,0.7853881278538813,0.7899543378995434,-0.004566210045662066,0.6444444444444445,0.6444444444444445,0.0
activity_wrist_off__StretchHold__left,activity_wrist,StretchHold,left,2,0,0.7936507936507936,0.7904761904761904,0.0031746031746031998,0.734888113920372,0.7326358616681198,0.002252252252252233,0.7333623946527172,0.7335077012496368,-0.00014530659691950002,0.7434969737850992,0.7402961985255004,0.003200775259598733,0.8783783783783784,0.8738738738738738,0.0045045045045045,0.5913978494623656,0.5913978494623656,0.0
activity_wrist_off__StretchHold__left,activity_wrist,StretchHold,left,2,1,0.6698717948717948,0.6666666666666666,0.0032051282051282336,0.6854354354354354,0.6831831831831833,0.002252252252252233,0.7339339339339338,0.7327327327327327,0.0012012012012011333,0.6461835495940396,0.6431546182927385,0.003028931301301166,0.6486486486486487,0.6441441441441441,0.0045045045045045,0.7222222222222222,0.7222222222222222,0.0
activity_wrist_off__StretchHold__left,activity_wrist,StretchHold,left,2,2,0.7249190938511326,0.7216828478964401,0.0032362459546925334,0.7208523592085235,0.715296803652968,0.005555555555555533,0.7764079147640791,0.7780821917808219,-0.0016742770167427,0.6946769465872858,0.6906641974704977,0.0040127491167882,0.730593607305936,0.730593607305936,0.0,0.7111111111111111,0.7000000000000001,0.0111111111111111
activity_wrist_off__StretchHold__left,activity_wrist,StretchHold,left,3,0,0.7238095238095239,0.7142857142857143,0.009523809523809467,0.7134553908747456,0.7066986341179889,0.006756756756756699,0.7725951758209822,0.7725951758209822,0.0,0.692627828354373,0.6841328461863557,0.008494982168017234,0.7387387387387387,0.7252252252252251,0.013513513513513433,0.6881720430107526,0.6881720430107526,0.0
activity_wrist_off__StretchHold__left,activity_wrist,StretchHold,left,3,1,0.7047619047619048,0.707936507936508,-0.0031746031746031334,0.6999418773612321,0.7053182214472536,-0.0053763440860215,0.7648939261842488,0.7651845393780877,-0.00029061319383900003,0.675160702905545,0.6789650804406518,-0.003804377535106767,0.7117117117117117,0.7117117117117117,0.0,0.6881720430107526,0.6989247311827956,-0.010752688172043
activity_wrist_off__StretchHold__left,activity_wrist,StretchHold,left,3,2,0.8122977346278316,0.7928802588996763,0.019417475728155265,0.7923135464231356,0.7753424657534246,0.016971080669710734,0.8388127853881278,0.8386605783866058,0.00015220700152200002,0.7804477565789808,0.7596479895001629,0.020799767078817834,0.8401826484018264,0.817351598173516,0.02283105022831047,0.7444444444444445,0.7333333333333334,0.0111111111111111
activity_wrist_off__StretchHold__left,activity_wrist,StretchHold,left,4,0,0.7682539682539682,0.7555555555555555,0.012698412698412735,0.7512351060738157,0.745350188898576,0.005884917175239735,0.8174949142691078,0.8160418482999129,0.0014530659691949666,0.7352958112232413,0.7254172230421441,0.009878588181097334,0.7927927927927927,0.7702702702702702,0.0225225225225225,0.7096774193548386,0.7204301075268816,-0.010752688172043
activity_wrist_off__StretchHold__left,activity_wrist,StretchHold,left,4,1,0.7238095238095239,0.7206349206349206,0.0031746031746031998,0.6759662888695147,0.6768381284510316,-0.0008718395815169666,0.6827956989247311,0.6843940714908457,-0.0015983725661144668,0.6715874875078857,0.670546737213404,0.0010407502944816333,0.7927927927927928,0.7837837837837838,0.009009009009009,0.5591397849462365,0.5698924731182795,-0.010752688172043
activity_wrist_off__StretchHold__left,activity_wrist,StretchHold,left,4,2,0.7864077669902912,0.7864077669902912,0.0,0.7478691019786909,0.7511415525114155,-0.003272450532724534,0.8071537290715373,0.8074581430745814,-0.00030441400304413333,0.7446039602121496,0.7462291842229022,-0.0016252240107525334,0.8401826484018264,0.8356164383561643,0.0045662100456621,0.6555555555555556,0.6666666666666666,-0.0111111111111111
activity_wrist_off__StretchHold__right,activity_wrist,StretchHold,right,0,0,0.7142857142857143,0.7142857142857143,0.0,0.6723336239465271,0.6723336239465271,0.0,0.7086602731764021,0.7088055797733217,-0.00014530659691950002,0.666439635654999,0.666439635654999,0.0,0.7747747747747747,0.7747747747747747,0.0,0.5698924731182796,0.5698924731182796,0.0
activity_wrist_off__StretchHold__right,activity_wrist,StretchHold,right,0,1,0.6990291262135923,0.6796116504854369,0.019417475728155265,0.6796803652968036,0.6627092846270929,0.01697108066971077,0.7115677321156774,0.7117199391171994,-0.00015220700152206667,0.6568344367858968,0.6387924213463783,0.018042015439518434,0.7260273972602739,0.7031963470319634,0.0228310502283105,0.6333333333333333,0.6222222222222222,0.0111111111111111
activity_wrist_off__StretchHold__right,activity_wrist,StretchHold,right,0,2,0.7777777777777778,0.7777777777777777,3.2959746043559335e-17,0.7512202802708234,0.7512202802708234,3.3248866622888805e-17,0.802708234923634,0.803180601480082,-0.0004723665564478334,0.7387989575818859,0.7386566840883934,0.00014227349349236681,0.8127853881278538,0.8127853881278538,3.353798720221827e-17,0.689655172413793,0.689655172413793,0.0
activity_wrist_off__StretchHold__right,activity_wrist,StretchHold,right,1,0,0.7523809523809524,0.7428571428571429,0.009523809523809533,0.7056088346410926,0.6988520778843359,0.006756756756756667,0.7369950595757047,0.7361232199941877,0.0008718395815169668,0.704111491628615,0.695481317991394,0.008630173637220967,0.8198198198198199,0.8063063063063063,0.013513513513513433,0.5913978494623656,0.5913978494623656,0.0
activity_wrist_off__StretchHold__right,activity_wrist,StretchHold,right,1,1,0.7884615384615384,0.7884615384615384,0.0,0.7489489489489488,0.7489489489489488,0.0,0.7570570570570571,0.7570570570570571,3.3357286840137355e-17,0.7451219039210496,0.7451219039210496,0.0,0.8423423423423424,0.8423423423423424,0.0,0.6555555555555556,0.6555555555555556,0.0
activity_wrist_off__StretchHold__right,activity_wrist,StretchHold,right,1,2,0.744336569579288,0.7475728155339806,-0.0032362459546925334,0.7149162861491628,0.7171993911719939,-0.0022831050228310002,0.7488584474885845,0.7517503805175038,-0.0028919330289193333,0.7034528519265018,0.7063291011916398,-0.0028762492651381,0.7853881278538813,0.7899543378995434,-0.004566210045662066,0.6444444444444445,0.6444444444444445,0.0
activity_wrist_off__StretchHold__right,activity_wrist,StretchHold,right,2,0,0.7936507936507936,0.7936507936507936,0.0,0.734888113920372,0.7317640220866028,0.0031240918337692666,0.7333623946527172,0.7327811682650393,0.0005812263876779334,0.7434969737850992,0.7417625970507226,0.0017343767343766666,0.8783783783783784,0.8828828828828829,-0.004504504504504466,0.5913978494623656,0.5806451612903226,0.010752688172043
activity_wrist_off__StretchHold__right,activity_wrist,StretchHold,right,2,1,0.6698717948717948,0.6634615384615384,0.0064102564102564005,0.6854354354354354,0.6842342342342342,0.0012012012012011335,0.7339339339339338,0.7337837837837838,0.00015015015015013334,0.6461835495940396,0.6419002586360857,0.0042832909579539,0.6486486486486487,0.6351351351351351,0.013513513513513467,0.7222222222222222,0.7333333333333334,-0.0111111111111111
activity_wrist_off__StretchHold__right,activity_wrist,StretchHold,right,2,2,0.7249190938511326,0.7249190938511326,0.0,0.7208523592085235,0.7208523592085235,0.0,0.7764079147640791,0.7773211567732116,-0.0009132420091324,0.6946769465872858,0.6946769465872858,0.0,0.730593607305936,0.730593607305936,0.0,0.7111111111111111,0.7111111111111111,0.0
activity_wrist_off__StretchHold__right,activity_wrist,StretchHold,right,3,0,0.7238095238095239,0.7238095238095239,0.0,0.7134553908747456,0.7134553908747456,0.0,0.7725951758209822,0.7731764022086604,-0.0005812263876779667,0.692627828354373,0.692627828354373,0.0,0.7387387387387387,0.7387387387387387,0.0,0.6881720430107526,0.6881720430107526,0.0
activity_wrist_off__StretchHold__right,activity_wrist,StretchHold,right,3,1,0.7047619047619048,0.707936507936508,-0.0031746031746031334,0.6999418773612321,0.7053182214472536,-0.0053763440860215,0.7648939261842488,0.7659110723626853,-0.0010171461784364668,0.675160702905545,0.6789650804406518,-0.003804377535106767,0.7117117117117117,0.7117117117117117,0.0,0.6881720430107526,0.6989247311827956,-0.010752688172043
activity_wrist_off__StretchHold__right,activity_wrist,StretchHold,right,3,2,0.8122977346278316,0.8090614886731391,0.0032362459546925334,0.7923135464231356,0.7933028919330289,-0.0009893455098934332,0.8388127853881278,0.8389649923896499,-0.00015220700152209998,0.7804477565789808,0.7789265632545087,0.001521193324472,0.8401826484018264,0.8310502283105023,0.0091324200913242,0.7444444444444445,0.7555555555555555,-0.0111111111111111
activity_wrist_off__StretchHold__right,activity_wrist,StretchHold,right,4,0,0.7682539682539682,0.7682539682539682,6.649773324577761e-17,0.7512351060738157,0.754359197907585,-0.003124091833769299,0.8174949142691078,0.8158965417029934,0.0015983725661144668,0.7352958112232413,0.7370026714283489,-0.0017068602051076003,0.7927927927927927,0.7882882882882883,0.004504504504504466,0.7096774193548386,0.7204301075268816,-0.010752688172043
activity_wrist_off__StretchHold__right,activity_wrist,StretchHold,right,4,1,0.7238095238095239,0.7174603174603175,0.006349206349206334,0.6759662888695147,0.6745858761987794,0.0013804126707352667,0.6827956989247311,0.6836675385062482,-0.0008718395815169333,0.6715874875078857,0.667749377515649,0.003838109992236467,0.7927927927927928,0.7792792792792792,0.013513513513513467,0.5591397849462365,0.5698924731182795,-0.010752688172043
activity_wrist_off__StretchHold__right,activity_wrist,StretchHold,right,4,2,0.7864077669902912,0.7864077669902912,0.0,0.7478691019786909,0.7511415525114155,-0.003272450532724534,0.8071537290715373,0.8088280060882801,-0.0016742770167427333,0.7446039602121496,0.7462291842229022,-0.0016252240107525334,0.8401826484018264,0.8356164383561643,0.0045662100456621,0.6555555555555556,0.6666666666666666,-0.0111111111111111
activity_wrist_off__TouchIndex__left,activity_wrist,TouchIndex,left,0,0,0.7142857142857143,0.707936507936508,0.006349206349206334,0.6723336239465271,0.6553327521069456,0.0170008718395815,0.7086602731764021,0.7006684103458296,0.007991862830572466,0.666439635654999,0.6530606160483171,0.013379019606681865,0.7747747747747747,0.7837837837837838,-0.009009009009009066,0.5698924731182796,0.5268817204301075,0.04301075268817203
activity_wrist_off__TouchIndex__left,activity_wrist,TouchIndex,left,0,1,0.6990291262135923,0.7055016181229773,-0.006472491909385067,0.6796803652968036,0.6777016742770168,0.0019786910197869,0.7115677321156774,0.7071537290715373,0.004414003044139934,0.6568344367858968,0.6612412851240307,-0.004406848338133833,0.7260273972602739,0.7442922374429224,-0.01826484018264837,0.6333333333333333,0.6111111111111112,0.0222222222222222
activity_wrist_off__TouchIndex__left,activity_wrist,TouchIndex,left,0,2,0.7777777777777778,0.7647058823529411,0.013071895424836567,0.7512202802708234,0.7213037316957959,0.029916548575027565,0.802708234923634,0.8066446228940324,-0.003936387970398333,0.7387989575818859,0.7155555440010098,0.023243413580876,0.8127853881278538,0.8219178082191781,-0.009132420091324166,0.689655172413793,0.6206896551724138,0.06896551724137924
activity_wrist_off__TouchIndex__left,activity_wrist,TouchIndex,left,1,0,0.7523809523809524,0.7428571428571429,0.009523809523809533,0.7056088346410926,0.6769834350479512,0.028625399593141466,0.7369950595757047,0.7391746585294973,-0.0021795989537925337,0.704111491628615,0.6778614549776952,0.02625003665091957,0.8198198198198199,0.8378378378378378,-0.018018018018018032,0.5913978494623656,0.5161290322580645,0.07526881720430108
activity_wrist_off__TouchIndex__left,activity_wrist,TouchIndex,left,1,1,0.7884615384615384,0.7884615384615384,3.353798720221827e-17,0.7489489489489488,0.7324324324324324,0.016516516516516498,0.7570570570570571,0.7575075075075075,-0.00045045045045046607,0.7451219039210496,0.7368940219410766,0.008227881979972899,0.8423423423423424,0.8648648648648649,-0.0225225225225225,0.6555555555555556,0.6,0.05555555555555553
activity_wrist_off__TouchIndex__left,activity_wrist,TouchIndex,left,1,2,0.744336569579288,0.744336569579288,0.0,0.7149162861491628,0.7050989345509894,0.009817351598173566,0.7488584474885845,0.7404870624048706,0.008371385083713767,0.7034528519265018,0.6998289396342264,0.0036239122922753,0.7853881278538813,0.7990867579908675,-0.013698630136986266,0.6444444444444445,0.611111111111111,0.03333333333333333
activity_wrist_off__TouchIndex__left,activity_wrist,TouchIndex,left,2,0,0.7936507936507936,0.780952380952381,0.0126984126984127,0.734888113920372,0.7196309212438244,0.015257192676547501,0.7333623946527172,0.7327811682650393,0.0005812263876779667,0.7434969737850992,0.7272632075513329,0.0162337662337662,0.8783783783783784,0.8693693693693693,0.009009009009009,0.5913978494623656,0.5698924731182796,0.02150537634408603
activity_wrist_off__TouchIndex__left,activity_wrist,TouchIndex,left,2,1,0.6698717948717948,0.6858974358974358,-0.016025641025640965,0.6854354354354354,0.6933933933933933,-0.007957957957957933,0.7339339339339338,0.7366366366366366,-0.0027027027027027,0.6461835495940396,0.6587131782742706,-0.0125296286802309,0.6486486486486487,0.6756756756756758,-0.027027027027027,0.7222222222222222,0.7111111111111111,0.0111111111111111
activity_wrist_off__TouchIndex__left,activity_wrist,TouchIndex,left,2,2,0.7249190938511326,0.7411003236245954,-0.016181229773462768,0.7208523592085235,0.7093607305936073,0.011491628614916302,0.7764079147640791,0.7858447488584476,-0.009436834094368267,0.6946769465872858,0.6998849865785349,-0.005208039991249032,0.730593607305936,0.7853881278538813,-0.0547945205479452,0.7111111111111111,0.6333333333333333,0.07777777777777777
activity_wrist_off__TouchIndex__left,activity_wrist,TouchIndex,left,3,0,0.7238095238095239,0.7333333333333334,-0.009523809523809434,0.7134553908747456,0.713963963963964,-0.0005085730892182335,0.7725951758209822,0.7717233362394653,0.0008718395815169666,0.692627828354373,0.6981164429440292,-0.005488614589656167,0.7387387387387387,0.7612612612612613,-0.022522522522522532,0.6881720430107526,0.6666666666666666,0.021505376344086
activity_wrist_off__TouchIndex__left,activity_wrist,TouchIndex,left,3,1,0.7047619047619048,0.7015873015873016,0.0031746031746031334,0.6999418773612321,0.6851932577739029,0.014748619587329266,0.7648939261842488,0.7483289741354257,0.016564952048822967,0.675160702905545,0.665618507468463,0.009542195437082167,0.7117117117117117,0.7252252252252251,-0.013513513513513467,0.6881720430107526,0.6451612903225806,0.04301075268817203
activity_wrist_off__TouchIndex__left,activity_wrist,TouchIndex,left,3,2,0.8122977346278316,0.7928802588996763,0.019417475728155265,0.7923135464231356,0.7458904109589041,0.04642313546423133,0.8388127853881278,0.8257229832572298,0.013089802130897965,0.7804477565789808,0.7464616214969922,0.033986135081988465,0.8401826484018264,0.858447488584475,-0.0182648401826484,0.7444444444444445,0.6333333333333333,0.11111111111111109
activity_wrist_off__TouchIndex__left,activity_wrist,TouchIndex,left,4,0,0.7682539682539682,0.7619047619047619,0.006349206349206334,0.7512351060738157,0.7342342342342342,0.017000871839581534,0.8174949142691078,0.8206916594013368,-0.003196745132229,0.7352958112232413,0.7224346015971367,0.01286120962610473,0.7927927927927927,0.8018018018018017,-0.009009009009008967,0.7096774193548386,0.6666666666666666,0.04301075268817203
activity_wrist_off__TouchIndex__left,activity_wrist,TouchIndex,left,4,1,0.7238095238095239,0.7174603174603175,0.006349206349206334,0.6759662888695147,0.668337692531241,0.0076285963382737325,0.6827956989247311,0.6811973263586166,0.0015983725661144668,0.6715874875078857,0.6644629975890781,0.0071244899188074,0.7927927927927928,0.7882882882882883,0.0045045045045045,0.5591397849462365,0.5483870967741935,0.010752688172043
activity_wrist_off__TouchIndex__left,activity_wrist,TouchIndex,left,4,2,0.7864077669902912,0.7669902912621359,0.0194174757281553,0.7478691019786909,0.7047184170471841,0.04315068493150683,0.8071537290715373,0.7989345509893454,0.0082191780821917,0.7446039602121496,0.7091815470940318,0.0354224131181178,0.8401826484018264,0.8538812785388128,-0.013698630136986268,0.6555555555555556,0.5555555555555555,0.09999999999999994
activity_wrist_off__TouchIndex__right,activity_wrist,TouchIndex,right,0,0,0.7142857142857143,0.707936507936508,0.006349206349206334,0.6723336239465271,0.6553327521069456,0.017000871839581534,0.7086602731764021,0.7009590235396687,0.007701249636733434,0.666439635654999,0.6529632640721433,0.013476371582855667,0.7747747747747747,0.7837837837837838,-0.009009009009009033,0.5698924731182796,0.5268817204301075,0.04301075268817203
activity_wrist_off__TouchIndex__right,activity_wrist,TouchIndex,right,0,1,0.6990291262135923,0.6925566343042071,0.006472491909385067,0.6796803652968036,0.658751902587519,0.020928462709284532,0.7115677321156774,0.7013698630136987,0.010197869101978568,0.6568344367858968,0.6435267901397345,0.013307646646162302,0.7260273972602739,0.7397260273972602,-0.0136986301369863,0.6333333333333333,0.5777777777777778,0.0555555555555555
activity_wrist_off__TouchIndex__right,activity_wrist,TouchIndex,right,0,2,0.7777777777777778,0.7647058823529411,0.013071895424836633,0.7512202802708234,0.7178397102818455,0.0333805699889781,0.802708234923634,0.8039678790741616,-0.0012596441505275332,0.7387989575818859,0.7118263908577612,0.02697256672412453,0.8127853881278538,0.8264840182648401,-0.013698630136986268,0.689655172413793,0.6091954022988505,0.0804597701149425
activity_wrist_off__TouchIndex__right,activity_wrist,TouchIndex,right,1,0,0.7523809523809524,0.7619047619047619,-0.009523809523809467,0.7056088346410926,0.7061174077303111,-0.0005085730892183,0.7369950595757047,0.7388840453356583,-0.0018889857599534998,0.704111491628615,0.7075584107629979,-0.0034469191343828674,0.8198198198198199,0.8423423423423424,-0.0225225225225225,0.5913978494623656,0.5698924731182795,0.021505376344086
activity_wrist_off__TouchIndex__right,activity_wrist,TouchIndex,right,1,1,0.7884615384615384,0.7724358974358975,0.016025641025641035,0.7489489489489488,0.7178678678678678,0.0310810810810811,0.7570570570570571,0.7546546546546548,0.0024024024024023997,0.7451219039210496,0.7201323799191419,0.024989524001907668,0.8423423423423424,0.8468468468468467,-0.004504504504504466,0.6555555555555556,0.5888888888888889,0.06666666666666664
activity_wrist_off__TouchIndex__right,activity_wrist,TouchIndex,right,1,2,0.744336569579288,0.744336569579288,0.0,0.7149162861491628,0.7050989345509894,0.0098173515981735,0.7488584474885845,0.7525114155251141,-0.0036529680365296664,0.7034528519265018,0.6981691843384725,0.005283667588029267,0.7853881278538813,0.7990867579908677,-0.0136986301369863,0.6444444444444445,0.611111111111111,0.03333333333333333
activity_wrist_off__TouchIndex__right,activity_wrist,TouchIndex,right,2,0,0.7936507936507936,0.7904761904761904,0.0031746031746031998,0.734888113920372,0.7326358616681198,0.002252252252252233,0.7333623946527172,0.7323452484742807,0.0010171461784364668,0.7434969737850992,0.7402961985255004,0.003200775259598733,0.8783783783783784,0.8738738738738738,0.0045045045045045,0.5913978494623656,0.5913978494623656,0.0
activity_wrist_off__TouchIndex__right,activity_wrist,TouchIndex,right,2,1,0.6698717948717948,0.6794871794871794,-0.009615384615384567,0.6854354354354354,0.6954954954954955,-0.010060060060060034,0.7339339339339338,0.7336336336336337,0.0003003003003002665,0.6461835495940396,0.6559512651356668,-0.009767715541627267,0.6486486486486487,0.6576576576576576,-0.009009009009008933,0.7222222222222222,0.7333333333333334,-0.0111111111111111
activity_wrist_off__TouchIndex__right,activity_wrist,TouchIndex,right,2,2,0.7249190938511326,0.7346278317152103,-0.009708737864077667,0.7208523592085235,0.7113394216133943,0.009512937595129332,0.7764079147640791,0.784779299847793,-0.008371385083713701,0.6946769465872858,0.6967606088444027,-0.002083662257116667,0.730593607305936,0.7671232876712328,-0.0365296803652968,0.7111111111111111,0.6555555555555556,0.055555555555555525
activity_wrist_off__TouchIndex__right,activity_wrist,TouchIndex,right,3,0,0.7238095238095239,0.7396825396825397,-0.0158730158730158,0.7134553908747456,0.7215925603022377,-0.008137169427491967,0.7725951758209822,0.7723045626271433,0.00029061319383900003,0.692627828354373,0.7056383560080666,-0.013010527653693501,0.7387387387387387,0.7657657657657658,-0.027027027027027,0.6881720430107526,0.6774193548387096,0.010752688172043
activity_wrist_off__TouchIndex__right,activity_wrist,TouchIndex,right,3,1,0.7047619047619048,0.7047619047619048,0.0,0.6999418773612321,0.6905696018599246,0.009372275501307733,0.7648939261842488,0.7563208369659983,0.0085730892182504,0.675160702905545,0.6705248484837405,0.004635854421804632,0.7117117117117117,0.7252252252252253,-0.013513513513513467,0.6881720430107526,0.6559139784946236,0.032258064516129
activity_wrist_off__TouchIndex__right,activity_wrist,TouchIndex,right,3,2,0.8122977346278316,0.7993527508090614,0.012944983818770198,0.7923135464231356,0.7406392694063927,0.0516742770167427,0.8388127853881278,0.8312024353120243,0.007610350076103466,0.7804477565789808,0.7496285905241842,0.030819166054796534,0.8401826484018264,0.8812785388127854,-0.04109589041095887,0.7444444444444445,0.6,0.14444444444444443
activity_wrist_off__TouchIndex__right,activity_wrist,TouchIndex,right,4,0,0.7682539682539682,0.765079365079365,0.0031746031746031334,0.7512351060738157,0.7427346701540251,0.008500435919790734,0.8174949142691078,0.8188026736413834,-0.0013077593722754667,0.7352958112232413,0.728583103914053,0.006712707309188299,0.7927927927927927,0.7972972972972974,-0.0045045045045045,0.7096774193548386,0.6881720430107526,0.021505376344086034
activity_wrist_off__TouchIndex__right,activity_wrist,TouchIndex,right,4,1,0.7238095238095239,0.7142857142857143,0.009523809523809533,0.6759662888695147,0.6723336239465271,0.003632664922987533,0.6827956989247311,0.6775646614356292,0.005231037489101967,0.6715874875078857,0.6646455499394751,0.006941937568410467,0.7927927927927928,0.7747747747747749,0.018018018018018032,0.5591397849462365,0.5698924731182795,-0.010752688172043
activity_wrist_off__TouchIndex__right,activity_wrist,TouchIndex,right,4,2,0.7864077669902912,0.7605177993527508,0.025889967637540368,0.7478691019786909,0.7001522070015221,0.047716894977168904,0.8071537290715373,0.8022831050228311,0.0048706240487062,0.7446039602121496,0.7041848546028989,0.0404191056092506,0.8401826484018264,0.8447488584474886,-0.0045662100456621,0.6555555555555556,0.5555555555555555,0.09999999999999991
activity_wrist_off__TouchNose__left,activity_wrist,TouchNose,left,0,0,0.7142857142857143,0.7111111111111111,0.0031746031746031334,0.6723336239465271,0.6513368206916593,0.020996803254867764,0.7086602731764021,0.6992153443766348,0.009444928799767402,0.666439635654999,0.6517543174214598,0.014685318233539168,0.7747747747747747,0.7972972972972974,-0.0225225225225225,0.5698924731182796,0.5053763440860215,0.06451612903225806
activity_wrist_off__TouchNose__left,activity_wrist,TouchNose,left,0,1,0.6990291262135923,0.6310679611650486,0.0679611650485436,0.6796803652968036,0.6317351598173516,0.04794520547945206,0.7115677321156774,0.693455098934551,0.0181126331811263,0.6568344367858968,0.6021164367714195,0.054718000014477235,0.7260273972602739,0.6301369863013698,0.0958904109589041,0.6333333333333333,0.6333333333333333,0.0
activity_wrist_off__TouchNose__left,activity_wrist,TouchNose,left,0,2,0.7777777777777778,0.7843137254901961,-0.006535947712418301,0.7512202802708234,0.7350023618327822,0.016217918438041237,0.802708234923634,0.8049126121870572,-0.0022043772634231,0.7387989575818859,0.7350022757084638,0.0037966818734220995,0.8127853881278538,0.8493150684931506,-0.0365296803652968,0.689655172413793,0.6206896551724138,0.06896551724137927
activity_wrist_off__TouchNose__left,activity_wrist,TouchNose,left,1,0,0.7523809523809524,0.7587301587301587,-0.0063492063492063,0.7056088346410926,0.6976169718105202,0.0079918628305725,0.7369950595757047,0.7423714036617263,-0.005376344086021501,0.704111491628615,0.7011854542914538,0.0029260373371610676,0.8198198198198199,0.8468468468468467,-0.027027027027027032,0.5913978494623656,0.5483870967741935,0.043010752688172
activity_wrist_off__TouchNose__left,activity_wrist,TouchNose,left,1,1,0.7884615384615384,0.7371794871794872,0.051282051282051266,0.7489489489489488,0.6963963963963963,0.05255255255255247,0.7570570570570571,0.7316816816816817,0.025375375375375334,0.7451219039210496,0.6907317518895071,0.05439015203154243,0.8423423423423424,0.7927927927927928,0.04954954954954957,0.6555555555555556,0.6,0.0555555555555555
activity_wrist_off__TouchNose__left,activity_wrist,TouchNose,left,1,2,0.744336569579288,0.7249190938511326,0.0194174757281553,0.7149162861491628,0.7077625570776256,0.0071537290715373006,0.7488584474885845,0.7371385083713852,0.011719939117199367,0.7034528519265018,0.6899777044682015,0.013475147458300134,0.7853881278538813,0.7488584474885845,0.03652968036529677,0.6444444444444445,0.6666666666666666,-0.02222222222222216
activity_wrist_off__TouchNose__left,activity_wrist,TouchNose,left,2,0,0.7936507936507936,0.7587301587301587,0.0349206349206349,0.734888113920372,0.7038651554780587,0.03102295844231333,0.7333623946527172,0.7112757919209532,0.022086602731763997,0.7434969737850992,0.7047646289637136,0.03873234482138554,0.8783783783783784,0.8378378378378378,0.040540540540540564,0.5913978494623656,0.5698924731182795,0.02150537634408604
activity_wrist_off__TouchNose__left,activity_wrist,TouchNose,left,2,1,0.6698717948717948,0.673076923076923,-0.0032051282051281335,0.6854354354354354,0.6447447447447447,0.040690690690690666,0.7339339339339338,0.7126126126126126,0.021321321321321297,0.6461835495940396,0.6303419956670245,0.015841553927014935,0.6486486486486487,0.7117117117117117,-0.063063063063063,0.7222222222222222,0.5777777777777778,0.14444444444444446
activity_wrist_off__TouchNose__left,activity_wrist,TouchNose,left,2,2,0.7249190938511326,0.7055016181229773,0.0194174757281553,0.7208523592085235,0.7038812785388128,0.016971080669710734,0.7764079147640791,0.7665144596651446,0.009893455098934533,0.6946769465872858,0.6761755935879831,0.018501352999302834,0.730593607305936,0.7077625570776256,0.02283105022831047,0.7111111111111111,0.7000000000000001,0.0111111111111111
activity_wrist_off__TouchNose__left,activity_wrist,TouchNose,left,3,0,0.7238095238095239,0.7047619047619048,0.019047619047619067,0.7134553908747456,0.6655768671897704,0.04787852368497523,0.7725951758209822,0.7278407439697762,0.044754431851206,0.692627828354373,0.6582124135500639,0.03441541480430907,0.7387387387387387,0.7612612612612613,-0.02252252252252257,0.6881720430107526,0.5698924731182795,0.11827956989247308
activity_wrist_off__TouchNose__left,activity_wrist,TouchNose,left,3,1,0.7047619047619048,0.6888888888888888,0.015873015873015834,0.6999418773612321,0.6699360650973554,0.030005812263876733,0.7648939261842488,0.7346701540249927,0.030223772159255965,0.675160702905545,0.6524074442284278,0.022753258677117232,0.7117117117117117,0.7162162162162162,-0.0045045045045045,0.6881720430107526,0.6236559139784946,0.06451612903225802
activity_wrist_off__TouchNose__left,activity_wrist,TouchNose,left,3,2,0.8122977346278316,0.773462783171521,0.0388349514563106,0.7923135464231356,0.7354642313546423,0.056849315068493105,0.8388127853881278,0.8133942161339421,0.025418569254185664,0.7804477565789808,0.7294882086109661,0.05095954796801474,0.8401826484018264,0.8264840182648401,0.0136986301369863,0.7444444444444445,0.6444444444444445,0.09999999999999999
activity_wrist_off__TouchNose__left,activity_wrist,TouchNose,left,4,0,0.7682539682539682,0.7111111111111111,0.05714285714285707,0.7512351060738157,0.707570473699506,0.043664632374309696,0.8174949142691078,0.8161871548968324,0.001307759372275533,0.7352958112232413,0.6784497700044184,0.05684604121882294,0.7927927927927927,0.7162162162162162,0.07657657657657659,0.7096774193548386,0.6989247311827956,0.010752688172043001
activity_wrist_off__TouchNose__left,activity_wrist,TouchNose,left,4,1,0.7238095238095239,0.6984126984126985,0.025396825396825366,0.6759662888695147,0.6579482708514967,0.018018018018018032,0.6827956989247311,0.6711711711711712,0.01162452775356,0.6715874875078857,0.6497883597883598,0.0217991277195257,0.7927927927927928,0.7567567567567567,0.036036036036036,0.5591397849462365,0.5591397849462365,0.0
activity_wrist_off__TouchNose__left,activity_wrist,TouchNose,left,4,2,0.7864077669902912,0.7572815533980582,0.02912621359223293,0.7478691019786909,0.6815068493150686,0.0663622526636225,0.8071537290715373,0.7928462709284627,0.014307458143074466,0.7446039602121496,0.6898953920355106,0.05470856817663903,0.8401826484018264,0.863013698630137,-0.02283105022831047,0.6555555555555556,0.5,0.15555555555555547
activity_wrist_off__TouchNose__right,activity_wrist,TouchNose,right,0,0,0.7142857142857143,0.7174603174603175,-0.003174603174603167,0.6723336239465271,0.6589654170299332,0.013368206916594001,0.7086602731764021,0.6944202266782913,0.014240046498110934,0.666439635654999,0.6588955680550127,0.007544067599986233,0.7747747747747747,0.8018018018018017,-0.027027027027027,0.5698924731182796,0.5161290322580645,0.053763440860215034
activity_wrist_off__TouchNose__right,activity_wrist,TouchNose,right,0,1,0.6990291262135923,0.6601941747572816,0.0388349514563106,0.6796803652968036,0.645738203957382,0.0339421613394216,0.7115677321156774,0.7123287671232877,-0.0007610350076104003,0.6568344367858968,0.6196562093526065,0.037178227433290266,0.7260273972602739,0.6803652968036529,0.045662100456621,0.6333333333333333,0.6111111111111112,0.022222222222222237
activity_wrist_off__TouchNose__right,activity_wrist,TouchNose,right,0,2,0.7777777777777778,0.7745098039215685,0.0032679738562091678,0.7512202802708234,0.7073689182805857,0.043851361990237765,0.802708234923634,0.7858604944103291,0.016847740513304933,0.7387989575818859,0.7111266189135041,0.027672338668381733,0.8127853881278538,0.863013698630137,-0.05022831050228307,0.689655172413793,0.5517241379310344,0.1379310344827586
activity_wrist_off__TouchNose__right,activity_wrist,TouchNose,right,1,0,0.7523809523809524,0.7269841269841271,0.025396825396825366,0.7056088346410926,0.6563498982853821,0.04925893635571053,0.7369950595757047,0.7122929380993898,0.024702121476315,0.704111491628615,0.6606233728780525,0.04348811875056243,0.8198198198198199,0.8288288288288288,-0.009009009009009033,0.5913978494623656,0.48387096774193544,0.10752688172043008
activity_wrist_off__TouchNose__right,activity_wrist,TouchNose,right,1,1,0.7884615384615384,0.7532051282051282,0.035256410256410235,0.7489489489489488,0.6878378378378378,0.06111111111111103,0.7570570570570571,0.7405405405405405,0.016516516516516536,0.7451219039210496,0.6909918178883697,0.05413008603267986,0.8423423423423424,0.8423423423423424,0.0,0.6555555555555556,0.5333333333333333,0.12222222222222212
activity_wrist_off__TouchNose__right,activity_wrist,TouchNose,right,1,2,0.744336569579288,0.7022653721682848,0.04207119741100316,0.7149162861491628,0.6754185692541856,0.0394977168949772,0.7488584474885845,0.7310502283105023,0.017808219178082164,0.7034528519265018,0.6599887567645565,0.043464095161945195,0.7853881278538813,0.7397260273972602,0.04566210045662097,0.6444444444444445,0.611111111111111,0.03333333333333333
activity_wrist_off__TouchNose__right,activity_wrist,TouchNose,right,2,0,0.7936507936507936,0.780952380952381,0.012698412698412667,0.734888113920372,0.7227550130775938,0.012133100842778232,0.7333623946527172,0.7420807904678872,-0.00871839581517,0.7434969737850992,0.7295952536926172,0.013901720092482,0.8783783783783784,0.8648648648648649,0.013513513513513433,0.5913978494623656,0.5806451612903226,0.010752688172043
activity_wrist_off__TouchNose__right,activity_wrist,TouchNose,right,2,1,0.6698717948717948,0.6891025641025642,-0.01923076923076913,0.6854354354354354,0.6626126126126126,0.022822822822822764,0.7339339339339338,0.7351351351351352,-0.0012012012012012664,0.6461835495940396,0.647493019997153,-0.0013094704031133668,0.6486486486486487,0.7252252252252253,-0.07657657657657653,0.7222222222222222,0.6,0.12222222222222219
activity_wrist_off__TouchNose__right,activity_wrist,TouchNose,right,2,2,0.7249190938511326,0.7281553398058253,-0.0032362459546925334,0.7208523592085235,0.7165905631659056,0.004261796042617967,0.7764079147640791,0.7820395738203958,-0.0056316590563166005,0.6946769465872858,0.6946364839734458,4.046261384013303e-05,0.730593607305936,0.7442922374429224,-0.0136986301369863,0.7111111111111111,0.6888888888888888,0.0222222222222222
activity_wrist_off__TouchNose__right,activity_wrist,TouchNose,right,3,0,0.7238095238095239,0.7142857142857143,0.009523809523809566,0.7134553908747456,0.6910781749491427,0.022377215925602965,0.7725951758209822,0.7778262133100843,-0.005231037489101999,0.692627828354373,0.6765018752780638,0.016125953076309135,0.7387387387387387,0.7477477477477477,-0.009009009009009064,0.6881720430107526,0.6344086021505376,0.053763440860215
activity_wrist_off__TouchNose__right,activity_wrist,TouchNose,right,3,1,0.7047619047619048,0.7111111111111111,-0.006349206349206364,0.6999418773612321,0.6763295553618134,0.023612321999418703,0.7648939261842488,0.7523975588491717,0.012496367335076966,0.675160702905545,0.6639764379142402,0.011184264991304834,0.7117117117117117,0.7612612612612613,-0.049549549549549564,0.6881720430107526,0.5913978494623656,0.09677419354838707
activity_wrist_off__TouchNose__right,activity_wrist,TouchNose,right,3,2,0.8122977346278316,0.7637540453074433,0.04854368932038827,0.7923135464231356,0.7220700152207001,0.07024353120243527,0.8388127853881278,0.8062404870624048,0.032572298325722934,0.7804477565789808,0.7181033035149613,0.06234445306401933,0.8401826484018264,0.8219178082191781,0.0182648401826484,0.7444444444444445,0.6222222222222222,0.12222222222222223
activity_wrist_off__TouchNose__right,activity_wrist,TouchNose,right,4,0,0.7682539682539682,0.780952380952381,-0.012698412698412667,0.7512351060738157,0.7102586457425167,0.04097646033129897,0.8174949142691078,0.8022377215925603,0.015257192676547501,0.7352958112232413,0.720922312860724,0.0143734983625173,0.7927927927927927,0.8828828828828829,-0.09009009009009006,0.7096774193548386,0.5376344086021505,0.17204301075268813
activity_wrist_off__TouchNose__right,activity_wrist,TouchNose,right,4,1,0.7238095238095239,0.7015873015873016,0.0222222222222222,0.6759662888695147,0.6570764312699796,0.018889857599535032,0.6827956989247311,0.6775646614356292,0.005231037489102033,0.6715874875078857,0.6508161233141813,0.0207713641937043,0.7927927927927928,0.7657657657657658,0.02702702702702697,0.5591397849462365,0.5483870967741935,0.010752688172043
activity_wrist_off__TouchNose__right,activity_wrist,TouchNose,right,4,2,0.7864077669902912,0.7508090614886731,0.03559870550161803,0.7478691019786909,0.6769406392694064,0.07092846270928464,0.8071537290715373,0.7841704718417047,0.02298325722983253,0.7446039602121496,0.6842674400636444,0.060336520148505164,0.8401826484018264,0.8538812785388128,-0.0136986301369863,0.6555555555555556,0.5,0.1555555555555555
all_ssl_off,anchor,,both,0,0,0.7142857142857143,0.6126984126984126,0.10158730158730156,0.6723336239465271,0.5534001743679163,0.11893344957861086,0.7086602731764021,0.6207497820401046,0.08791049113629756,0.666439635654999,0.5155363046552596,0.1509033309997395,0.7747747747747747,0.6981981981981983,0.07657657657657657,0.5698924731182796,0.40860215053763443,0.1612903225806452
all_ssl_off,anchor,,both,0,1,0.6990291262135923,0.6181229773462783,0.08090614886731383,0.6796803652968036,0.5767884322678843,0.10289193302891926,0.7115677321156774,0.6891933028919329,0.022374429223744233,0.6568344367858968,0.5328416943235325,0.12399274246236425,0.7260273972602739,0.6757990867579909,0.05022831050228314,0.6333333333333333,0.4777777777777778,0.15555555555555553
all_ssl_off,anchor,,both,0,2,0.7777777777777778,0.7320261437908497,0.0457516339869281,0.7512202802708234,0.6188001889466226,0.13242009132420088,0.802708234923634,0.6613131790269249,0.1413950558967091,0.7387989575818859,0.6248989535818237,0.11390000400006221,0.8127853881278538,0.8812785388127854,-0.06849315068493146,0.689655172413793,0.3563218390804597,0.33333333333333326
all_ssl_off,anchor,,both,1,0,0.7523809523809524,0.6888888888888888,0.06349206349206343,0.7056088346410926,0.5574687590816624,0.14814007555943035,0.7369950595757047,0.6918047079337403,0.045190351641964464,0.704111491628615,0.5253858633302629,0.1787256282983519,0.8198198198198199,0.8783783783783784,-0.058558558558558564,0.5913978494623656,0.23655913978494625,0.3548387096774193
all_ssl_off,anchor,,both,1,1,0.7884615384615384,0.6698717948717948,0.1185897435897436,0.7489489489489488,0.6127627627627628,0.13618618618618614,0.7570570570570571,0.6521021021021022,0.10495495495495488,0.7451219039210496,0.6068459868685455,0.1382759170525039,0.8423423423423424,0.7477477477477477,0.09459459459459459,0.6555555555555556,0.4777777777777777,0.1777777777777777
all_ssl_off,anchor,,both,1,2,0.744336569579288,0.6763754045307443,0.06796116504854365,0.7149162861491628,0.5851598173515982,0.12975646879756467,0.7488584474885845,0.6572298325722983,0.0916286149162861,0.7034528519265018,0.5711185079248056,0.13233434400169614,0.7853881278538813,0.8036529680365296,-0.0182648401826484,0.6444444444444445,0.36666666666666664,0.27777777777777773
all_ssl_off,anchor,,both,2,0,0.7936507936507936,0.6571428571428571,0.13650793650793655,0.734888113920372,0.5911798895669863,0.1437082243533857,0.7333623946527172,0.6569311246730601,0.07643126997965696,0.7434969737850992,0.5878988319651987,0.15559814181990053,0.8783783783783784,0.7522522522522522,0.1261261261261261,0.5913978494623656,0.43010752688172044,0.1612903225806452
all_ssl_off,anchor,,both,2,1,0.6698717948717948,0.6987179487179488,-0.0288461538461538,0.6854354354354354,0.6099099099099099,0.0755255255255255,0.7339339339339338,0.6343843843843843,0.09954954954954953,0.6461835495940396,0.6093224840808622,0.0368610655131773,0.6486486486486487,0.8198198198198199,-0.17117117117117112,0.7222222222222222,0.39999999999999997,0.3222222222222222
all_ssl_off,anchor,,both,2,2,0.7249190938511326,0.715210355987055,0.009708737864077633,0.7208523592085235,0.6583713850837138,0.062480974124809664,0.7764079147640791,0.7462709284627093,0.030136986301369902,0.6946769465872858,0.6438463649673297,0.05083058161995627,0.730593607305936,0.7945205479452054,-0.06392694063926944,0.7111111111111111,0.5222222222222223,0.18888888888888886
all_ssl_off,anchor,,both,3,0,0.7238095238095239,0.6698412698412698,0.053968253968253936,0.7134553908747456,0.6345539087474571,0.07890148212728854,0.7725951758209822,0.6839581517000872,0.08863702412089507,0.692627828354373,0.6247377138121321,0.06789011454224093,0.7387387387387387,0.7207207207207208,0.018018018018018032,0.6881720430107526,0.5483870967741935,0.1397849462365591
all_ssl_off,anchor,,both,3,1,0.7047619047619048,0.653968253968254,0.05079365079365073,0.6999418773612321,0.5795553618134263,0.12038651554780583,0.7648939261842488,0.6248183667538506,0.1400755594303981,0.675160702905545,0.5608004826551978,0.11436022025034724,0.7117117117117117,0.7612612612612613,-0.049549549549549564,0.6881720430107526,0.3978494623655913,0.29032258064516125
all_ssl_off,anchor,,both,3,2,0.8122977346278316,0.6990291262135923,0.11326860841423936,0.7923135464231356,0.584779299847793,0.2075342465753424,0.8388127853881278,0.6296803652968036,0.20913242009132413,0.7804477565789808,0.5785601101518547,0.20188764642712598,0.8401826484018264,0.858447488584475,-0.0182648401826484,0.7444444444444445,0.3111111111111111,0.43333333333333335
all_ssl_off,anchor,,both,4,0,0.7682539682539682,0.7269841269841271,0.0412698412698412,0.7512351060738157,0.6532258064516129,0.09800929962220277,0.8174949142691078,0.7294391165358908,0.08805579773321708,0.7352958112232413,0.6516255313857533,0.083670279837488,0.7927927927927927,0.8333333333333334,-0.040540540540540564,0.7096774193548386,0.4731182795698925,0.23655913978494622
all_ssl_off,anchor,,both,4,1,0.7238095238095239,0.6380952380952382,0.08571428571428567,0.6759662888695147,0.5995350188898576,0.0764312699796571,0.6827956989247311,0.6248183667538506,0.05797733217088053,0.6715874875078857,0.5830822338886855,0.08850525361920003,0.7927927927927928,0.6936936936936937,0.09909909909909907,0.5591397849462365,0.5053763440860215,0.053763440860215034
all_ssl_off,anchor,,both,4,2,0.7864077669902912,0.7702265372168284,0.016181229773462733,0.7478691019786909,0.6513698630136986,0.09649923896499234,0.8071537290715373,0.7602739726027398,0.046879756468797495,0.7446039602121496,0.6656959659782818,0.0789079942338677,0.8401826484018264,0.9360730593607306,-0.0958904109589041,0.6555555555555556,0.36666666666666664,0.2888888888888888
full,full,,,0,0,0.7142857142857143,0.7142857142857143,0.0,0.6723336239465271,0.6723336239465271,0.0,0.7086602731764021,0.7086602731764021,0.0,0.666439635654999,0.666439635654999,0.0,0.7747747747747747,0.7747747747747747,0.0,0.5698924731182796,0.5698924731182796,0.0
full,full,,,0,1,0.6990291262135923,0.6990291262135923,0.0,0.6796803652968036,0.6796803652968036,0.0,0.7115677321156774,0.7115677321156774,0.0,0.6568344367858968,0.6568344367858968,0.0,0.7260273972602739,0.7260273972602739,0.0,0.6333333333333333,0.6333333333333333,0.0
full,full,,,0,2,0.7777777777777778,0.7777777777777778,0.0,0.7512202802708234,0.7512202802708234,0.0,0.802708234923634,0.802708234923634,0.0,0.7387989575818859,0.7387989575818859,0.0,0.8127853881278538,0.8127853881278538,0.0,0.689655172413793,0.689655172413793,0.0
full,full,,,1,0,0.7523809523809524,0.7523809523809524,0.0,0.7056088346410926,0.7056088346410926,0.0,0.7369950595757047,0.7369950595757047,0.0,0.704111491628615,0.704111491628615,0.0,0.8198198198198199,0.8198198198198199,0.0,0.5913978494623656,0.5913978494623656,0.0
full,full,,,1,1,0.7884615384615384,0.7884615384615384,0.0,0.7489489489489488,0.7489489489489488,0.0,0.7570570570570571,0.7570570570570571,0.0,0.7451219039210496,0.7451219039210496,0.0,0.8423423423423424,0.8423423423423424,0.0,0.6555555555555556,0.6555555555555556,0.0
full,full,,,1,2,0.744336569579288,0.744336569579288,0.0,0.7149162861491628,0.7149162861491628,0.0,0.7488584474885845,0.7488584474885845,0.0,0.7034528519265018,0.7034528519265018,0.0,0.7853881278538813,0.7853881278538813,0.0,0.6444444444444445,0.6444444444444445,0.0
full,full,,,2,0,0.7936507936507936,0.7936507936507936,0.0,0.734888113920372,0.734888113920372,0.0,0.7333623946527172,0.7333623946527172,0.0,0.7434969737850992,0.7434969737850992,0.0,0.8783783783783784,0.8783783783783784,0.0,0.5913978494623656,0.5913978494623656,0.0
full,full,,,2,1,0.6698717948717948,0.6698717948717948,0.0,0.6854354354354354,0.6854354354354354,0.0,0.7339339339339338,0.7339339339339338,0.0,0.6461835495940396,0.6461835495940396,0.0,0.6486486486486487,0.6486486486486487,0.0,0.7222222222222222,0.7222222222222222,0.0
full,full,,,2,2,0.7249190938511326,0.7249190938511326,0.0,0.7208523592085235,0.7208523592085235,0.0,0.7764079147640791,0.7764079147640791,0.0,0.6946769465872858,0.6946769465872858,0.0,0.730593607305936,0.730593607305936,0.0,0.7111111111111111,0.7111111111111111,0.0
full,full,,,3,0,0.7238095238095239,0.7238095238095239,0.0,0.7134553908747456,0.7134553908747456,0.0,0.7725951758209822,0.7725951758209822,0.0,0.692627828354373,0.692627828354373,0.0,0.7387387387387387,0.7387387387387387,0.0,0.6881720430107526,0.6881720430107526,0.0
full,full,,,3,1,0.7047619047619048,0.7047619047619048,0.0,0.6999418773612321,0.6999418773612321,0.0,0.7648939261842488,0.7648939261842488,0.0,0.675160702905545,0.675160702905545,0.0,0.7117117117117117,0.7117117117117117,0.0,0.6881720430107526,0.6881720430107526,0.0
full,full,,,3,2,0.8122977346278316,0.8122977346278316,0.0,0.7923135464231356,0.7923135464231356,0.0,0.8388127853881278,0.8388127853881278,0.0,0.7804477565789808,0.7804477565789808,0.0,0.8401826484018264,0.8401826484018264,0.0,0.7444444444444445,0.7444444444444445,0.0
full,full,,,4,0,0.7682539682539682,0.7682539682539682,0.0,0.7512351060738157,0.7512351060738157,0.0,0.8174949142691078,0.8174949142691078,0.0,0.7352958112232413,0.7352958112232413,0.0,0.7927927927927927,0.7927927927927927,0.0,0.7096774193548386,0.7096774193548386,0.0
full,full,,,4,1,0.7238095238095239,0.7238095238095239,0.0,0.6759662888695147,0.6759662888695147,0.0,0.6827956989247311,0.6827956989247311,0.0,0.6715874875078857,0.6715874875078857,0.0,0.7927927927927928,0.7927927927927928,0.0,0.5591397849462365,0.5591397849462365,0.0
full,full,,,4,2,0.7864077669902912,0.7864077669902912,0.0,0.7478691019786909,0.7478691019786909,0.0,0.8071537290715373,0.8071537290715373,0.0,0.7446039602121496,0.7446039602121496,0.0,0.8401826484018264,0.8401826484018264,0.0,0.6555555555555556,0.6555555555555556,0.0
left_off,wrist,,left,0,0,0.7142857142857143,0.6825396825396824,0.031746031746031765,0.6723336239465271,0.6404388259226969,0.03189479802383024,0.7086602731764021,0.6976169718105202,0.011043301365882002,0.666439635654999,0.6312130773751242,0.035226558279874705,0.7747747747747747,0.7432432432432433,0.031531531531531466,0.5698924731182796,0.5376344086021505,0.03225806451612904
left_off,wrist,,left,0,1,0.6990291262135923,0.6699029126213593,0.02912621359223293,0.6796803652968036,0.6525875190258752,0.027092846270928467,0.7115677321156774,0.7063926940639269,0.005175038051750333,0.6568344367858968,0.6297107140527936,0.027123722733103164,0.7260273972602739,0.6940639269406392,0.03196347031963467,0.6333333333333333,0.611111111111111,0.022222222222222265
left_off,wrist,,left,0,2,0.7777777777777778,0.7875816993464052,-0.009803921568627435,0.7512202802708234,0.6818611242324044,0.06935915603841909,0.802708234923634,0.759722878286884,0.04298535663675007,0.7387989575818859,0.697446056520662,0.041352901061223836,0.8127853881278538,0.9269406392694064,-0.1141552511415525,0.689655172413793,0.43678160919540227,0.2528735632183907
left_off,wrist,,left,1,0,0.7523809523809524,0.7365079365079366,0.0158730158730158,0.7056088346410926,0.6662307468759082,0.0393780877651845,0.7369950595757047,0.7438244696309212,-0.006829410055216499,0.704111491628615,0.6587285675524939,0.045382924076120996,0.8198198198198199,0.8378378378378378,-0.018018018018018,0.5913978494623656,0.4946236559139785,0.09677419354838707
left_off,wrist,,left,1,1,0.7884615384615384,0.701923076923077,0.08653846153846152,0.7489489489489488,0.6484984984984985,0.10045045045045041,0.7570570570570571,0.7297297297297297,0.0273273273273273,0.7451219039210496,0.6424792504109492,0.10264265351010023,0.8423423423423424,0.7747747747747747,0.0675675675675676,0.6555555555555556,0.5222222222222223,0.13333333333333328
left_off,wrist,,left,1,2,0.744336569579288,0.7313915857605178,0.0129449838187702,0.7149162861491628,0.6534246575342465,0.061491628614916305,0.7488584474885845,0.739269406392694,0.009589041095890366,0.7034528519265018,0.6588133863119146,0.04463946561458713,0.7853881278538813,0.8401826484018264,-0.05479452054794517,0.6444444444444445,0.4666666666666666,0.17777777777777778
left_off,wrist,,left,2,0,0.7936507936507936,0.7238095238095239,0.0698412698412698,0.734888113920372,0.6478494623655914,0.08703865155478059,0.7333623946527172,0.6870095902353966,0.04635280441732046,0.7434969737850992,0.6512384906689946,0.09225848311610457,0.8783783783783784,0.8333333333333334,0.04504504504504503,0.5913978494623656,0.4623655913978495,0.12903225806451613
left_off,wrist,,left,2,1,0.6698717948717948,0.7083333333333334,-0.0384615384615384,0.6854354354354354,0.6166666666666667,0.06876876876876865,0.7339339339339338,0.7079579579579579,0.0259759759759759,0.6461835495940396,0.6166120434158109,0.029571506178228697,0.6486486486486487,0.8333333333333334,-0.18468468468468466,0.7222222222222222,0.39999999999999997,0.3222222222222222
left_off,wrist,,left,2,2,0.7249190938511326,0.7281553398058253,-0.0032362459546925334,0.7208523592085235,0.6576864535768645,0.06316590563165901,0.7764079147640791,0.7503805175038053,0.026027397260273935,0.6946769465872858,0.6594239461890626,0.035253000398223204,0.730593607305936,0.8264840182648401,-0.0958904109589041,0.7111111111111111,0.4888888888888889,0.2222222222222222
left_off,wrist,,left,3,0,0.7238095238095239,0.673015873015873,0.0507936507936508,0.7134553908747456,0.6493025283347865,0.06415286253995924,0.7725951758209822,0.7316187154896832,0.040976460331299064,0.692627828354373,0.6289802672796764,0.06364756107469653,0.7387387387387387,0.7072072072072073,0.03153153153153144,0.6881720430107526,0.5913978494623656,0.09677419354838707
left_off,wrist,,left,3,1,0.7047619047619048,0.6825396825396824,0.022222222222222133,0.6999418773612321,0.6466870095902354,0.05325486777099673,0.7648939261842488,0.7282766637605347,0.036617262423714,0.675160702905545,0.6305482446889958,0.044612458216549265,0.7117117117117117,0.7342342342342342,-0.022522522522522532,0.6881720430107526,0.5591397849462366,0.12903225806451607
left_off,wrist,,left,3,2,0.8122977346278316,0.7313915857605178,0.08090614886731383,0.7923135464231356,0.6894216133942161,0.1028919330289193,0.8388127853881278,0.7715372907153729,0.06727549467275486,0.7804477565789808,0.6810696924268606,0.09937806415212018,0.8401826484018264,0.7899543378995434,0.0502283105022831,0.7444444444444445,0.5888888888888889,0.15555555555555556
left_off,wrist,,left,4,0,0.7682539682539682,0.6984126984126985,0.06984126984126977,0.7512351060738157,0.6517000871839581,0.09953501888985754,0.8174949142691078,0.8044173205463528,0.013077593722754967,0.7352958112232413,0.6140158042092373,0.12128000701400399,0.7927927927927927,0.7657657657657658,0.027027027027026973,0.7096774193548386,0.5376344086021505,0.17204301075268816
left_off,wrist,,left,4,1,0.7238095238095239,0.6920634920634919,0.031746031746031765,0.6759662888695147,0.6440714908456844,0.0318947980238303,0.6827956989247311,0.6807614065678581,0.002034292356873,0.6715874875078857,0.6399081935494478,0.0316792939584376,0.7927927927927928,0.7612612612612613,0.031531531531531536,0.5591397849462365,0.5268817204301075,0.03225806451612903
left_off,wrist,,left,4,2,0.7864077669902912,0.7702265372168284,0.016181229773462733,0.7478691019786909,0.6644596651445966,0.08340943683409437,0.8071537290715373,0.7744292237442923,0.03272450532724503,0.7446039602121496,0.6773491249623459,0.06725483524980366,0.8401826484018264,0.9178082191780822,-0.07762557077625566,0.6555555555555556,0.41111111111111115,0.24444444444444435
right_off,wrist,,right,0,0,0.7142857142857143,0.7301587301587302,-0.0158730158730158,0.6723336239465271,0.6429816913687881,0.029351932577739066,0.7086602731764021,0.6764022086602731,0.032258064516129,0.666439635654999,0.6385532659270062,0.0278863697279927,0.7747747747747747,0.8558558558558559,-0.0810810810810811,0.5698924731182796,0.43010752688172044,0.13978494623655913
right_off,wrist,,right,0,1,0.6990291262135923,0.6504854368932039,0.04854368932038829,0.6796803652968036,0.6159817351598172,0.06369863013698628,0.7115677321156774,0.732572298325723,-0.021004566210045598,0.6568344367858968,0.5805207517522047,0.07631368503369207,0.7260273972602739,0.6986301369863014,0.027397260273972632,0.6333333333333333,0.5333333333333333,0.10000000000000002
right_off,wrist,,right,0,2,0.7777777777777778,0.7254901960784313,0.05228758169934644,0.7512202802708234,0.6488741930404661,0.10234608723035739,0.802708234923634,0.7320107069752795,0.0706975279483545,0.7387989575818859,0.6442593213208979,0.09453963626098782,0.8127853881278538,0.8264840182648402,-0.013698630136986337,0.689655172413793,0.47126436781609193,0.2183908045977011
right_off,wrist,,right,1,0,0.7523809523809524,0.688888888888889,0.0634920634920634,0.7056088346410926,0.5793374019180471,0.12627143272304564,0.7369950595757047,0.6883173496076722,0.0486777099680325,0.704111491628615,0.5677074899968758,0.13640400163173905,0.8198198198198199,0.8468468468468467,-0.027027027027027098,0.5913978494623656,0.3118279569892473,0.27956989247311825
right_off,wrist,,right,1,1,0.7884615384615384,0.7596153846153846,0.0288461538461538,0.7489489489489488,0.6758258258258257,0.07312312312312307,0.7570570570570571,0.7166666666666667,0.040390390390390364,0.7451219039210496,0.685595740331984,0.059526163589065505,0.8423423423423424,0.8738738738738738,-0.03153153153153143,0.6555555555555556,0.4777777777777778,0.1777777777777777
right_off,wrist,,right,1,2,0.744336569579288,0.7184466019417476,0.025889967637540433,0.7149162861491628,0.6508371385083714,0.06407914764079146,0.7488584474885845,0.7336377473363775,0.015220700152206898,0.7034528519265018,0.6436208280590527,0.059832023867448965,0.7853881278538813,0.8127853881278538,-0.0273972602739726,0.6444444444444445,0.4888888888888889,0.15555555555555553
right_off,wrist,,right,2,0,0.7936507936507936,0.7492063492063492,0.04444444444444443,0.734888113920372,0.672115664051148,0.0627724498692241,0.7333623946527172,0.7185411217669282,0.014821272885788902,0.7434969737850992,0.6803947599070549,0.06310221387804434,0.8783783783783784,0.8603603603603603,0.018018018018018032,0.5913978494623656,0.4838709677419355,0.10752688172043011
right_off,wrist,,right,2,1,0.6698717948717948,0.6153846153846154,0.054487179487179536,0.6854354354354354,0.6471471471471472,0.0382882882882882,0.7339339339339338,0.722072072072072,0.0118618618618618,0.6461835495940396,0.5839091614906832,0.06227438810335643,0.6486486486486487,0.5720720720720721,0.07657657657657659,0.7222222222222222,0.7222222222222223,0.0
right_off,wrist,,right,2,2,0.7249190938511326,0.6925566343042071,0.032362459546925605,0.7208523592085235,0.6685692541856926,0.05228310502283099,0.7764079147640791,0.7773211567732116,-0.0009132420091323331,0.6946769465872858,0.6470441257982992,0.0476328207889867,0.730593607305936,0.7260273972602739,0.0045662100456621,0.7111111111111111,0.6111111111111112,0.09999999999999998
right_off,wrist,,right,3,0,0.7238095238095239,0.7365079365079366,-0.012698412698412634,0.7134553908747456,0.70059575704737,0.012859633827375766,0.7725951758209822,0.7731764022086601,-0.0005812263876779321,0.692627828354373,0.6931601456915103,-0.0005323173371373011,0.7387387387387387,0.7882882882882883,-0.049549549549549536,0.6881720430107526,0.6129032258064516,0.07526881720430106
right_off,wrist,,right,3,1,0.7047619047619048,0.6952380952380951,0.009523809523809533,0.6999418773612321,0.6650682941005522,0.03487358326067993,0.7648939261842488,0.7381575123510608,0.026736413833187967,0.675160702905545,0.6540575674597339,0.021103135445811102,0.7117117117117117,0.7387387387387387,-0.0270270270270271,0.6881720430107526,0.5913978494623656,0.09677419354838707
right_off,wrist,,right,3,2,0.8122977346278316,0.773462783171521,0.03883495145631063,0.7923135464231356,0.6863774733637747,0.1059360730593607,0.8388127853881278,0.7691019786910198,0.06971080669710804,0.7804477565789808,0.7015400123533557,0.07890774422562508,0.8401826484018264,0.8949771689497718,-0.05479452054794514,0.7444444444444445,0.4777777777777777,0.26666666666666666
right_off,wrist,,right,4,0,0.7682539682539682,0.7682539682539682,-3.23815048849004e-17,0.7512351060738157,0.666884626562046,0.08435047951176981,0.8174949142691078,0.7952630049404243,0.022231909328683564,0.7352958112232413,0.6800716256937888,0.055224185529452435,0.7927927927927927,0.9144144144144143,-0.1216216216216216,0.7096774193548386,0.41935483870967744,0.2903225806451612
right_off,wrist,,right,4,1,0.7238095238095239,0.6666666666666666,0.057142857142857134,0.6759662888695147,0.622929380993897,0.053036907875617566,0.6827956989247311,0.6480674222609707,0.0347282766637605,0.6715874875078857,0.6093003538623506,0.06228713364553493,0.7927927927927928,0.7297297297297297,0.0630630630630631,0.5591397849462365,0.5161290322580645,0.04301075268817203
right_off,wrist,,right,4,2,0.7864077669902912,0.7928802588996763,-0.0064724919093851,0.7478691019786909,0.7164383561643834,0.031430745814307465,0.8071537290715373,0.7960426179604262,0.011111111111111066,0.7446039602121496,0.7293609516975743,0.015243008514575232,0.8401826484018264,0.8995433789954337,-0.059360730593607226,0.6555555555555556,0.5333333333333333,0.12222222222222216
