condition,seed,context,inner,epoch,selected_best,online_train_ce,validation_ce,online_train_ba,validation_ba,validation_auroc,validation_f1,validation_pd_recall,validation_dd_recall
P0,42,0,0,1,False,0.6938211763777384,0.7031663554055351,0.511028558161133,0.5,0.562772449869224,0.22794117647058823,0.0,1.0
P0,42,0,0,2,False,0.6999658956760313,0.6819469275928679,0.5116090085906664,0.5536181342632955,0.5832606800348736,0.5367647058823529,0.9459459459459459,0.16129032258064516
P0,42,0,0,3,False,0.6725770758419503,0.6776559789975484,0.5777803575574646,0.6004795117698344,0.590671316477768,0.60625,0.8783783783783784,0.3225806451612903
P0,42,0,0,4,False,0.6548727852542225,0.6669086530095055,0.6058741583468772,0.6015693112467306,0.6015693112467306,0.6033333333333334,0.7837837837837838,0.41935483870967744
P0,42,0,0,5,False,0.6265308667973775,0.6714307154927935,0.6718713721848154,0.5575414123801221,0.6342632955536182,0.49229084937505707,0.40540540540540543,0.7096774193548387
P0,42,0,0,6,False,0.602039974782525,0.6358304466520037,0.6170768516368702,0.6676111595466434,0.6774193548387096,0.6749226006191951,0.8513513513513513,0.4838709677419355
P0,42,0,0,7,False,0.5652029979519728,0.6459498257864089,0.7246923612723473,0.5823888404533566,0.6695727986050567,0.5695430456954305,0.6486486486486487,0.5161290322580645
P0,42,0,0,8,False,0.5431172304037141,0.6387345331055777,0.7650917111678662,0.6562772449869223,0.6900610287707062,0.624601410764325,0.6351351351351351,0.6774193548387096
P0,42,0,0,9,False,0.4999555048419208,0.6266675827049074,0.7856396563733457,0.6514821272885789,0.7096774193548387,0.659090909090909,0.8513513513513513,0.45161290322580644
P0,42,0,0,10,False,0.455882041774145,0.6467468244688851,0.7888901787787324,0.6312118570183086,0.7088055797733217,0.6346391289707038,0.8108108108108109,0.45161290322580644
P0,42,0,0,11,True,0.4241316777903859,0.6881816412721361,0.8316113303923844,0.6708805579773321,0.6782911944202267,0.6173254835996635,0.5675675675675675,0.7741935483870968
P0,42,0,0,12,False,0.4051375580997002,0.6584865560134252,0.8143139075922916,0.6229293809938972,0.7040104620749782,0.6164283477716314,0.7297297297297297,0.5161290322580645
P0,42,0,0,13,False,0.3582688378124702,0.8576605373904819,0.8364871140004644,0.572362685265911,0.7319093286835222,0.5687294633077765,0.918918918918919,0.22580645161290322
P0,42,0,0,14,False,0.3365283282791696,0.7097236625140622,0.8604597167401904,0.5828247602441151,0.6987794245858762,0.5860389610389609,0.8108108108108109,0.3548387096774194
P0,42,0,0,15,False,0.2649127465922658,0.7893648324445599,0.911655444625029,0.5937227550130776,0.7022667829119442,0.5985941546429893,0.8648648648648649,0.3225806451612903
P0,42,0,0,16,False,0.20849048306302326,0.844320705213717,0.9167053633619688,0.6004795117698344,0.6961639058413251,0.60625,0.8783783783783784,0.3225806451612903
P0,42,0,0,17,False,0.1955481587386713,0.9024635338002727,0.9405038309728349,0.6072362685265911,0.6952920662598082,0.614019520851819,0.8918918918918919,0.3225806451612903
P0,42,0,0,18,False,0.188578221856094,0.8076385958563714,0.9302298583700952,0.661944202266783,0.6900610287707062,0.652029826014913,0.7432432432432432,0.5806451612903226
P0,42,0,0,19,False,0.14638781314942895,0.8775602257411395,0.959252379846761,0.5802092414995641,0.6896251089799477,0.583583703881745,0.8378378378378378,0.3225806451612903
P0,42,0,0,20,False,0.13116208969092952,0.8699549241080171,0.9574529835152078,0.6660854402789886,0.6948561464690497,0.6628852739726028,0.7837837837837838,0.5483870967741935
P0,42,0,0,21,False,0.12470454946160317,1.0994401206173712,0.9506036684467147,0.5547079337401918,0.6909328683522232,0.55375,0.8513513513513513,0.25806451612903225
P0,42,0,0,22,False,0.13596855960332038,1.154120526006002,0.9572788483863478,0.5749782040104621,0.7009590235396687,0.5751207414175695,0.8918918918918919,0.25806451612903225
P0,42,0,0,23,False,0.07750223786002253,1.1235473766856428,0.9897260273972603,0.5640802092414996,0.6904969485614647,0.5654819863680624,0.8378378378378378,0.2903225806451613
P0,42,0,1,1,False,0.6874236582557937,0.6832588286075777,0.5062925170068027,0.4910958904109589,0.6474885844748859,0.290912667191188,0.0821917808219178,0.9
P0,42,0,1,2,False,0.6871293077722264,0.6673488142420945,0.5168367346938776,0.5598173515981735,0.6566210045662101,0.5353383458646617,0.9863013698630136,0.13333333333333333
P0,42,0,1,3,False,0.6980661245935781,0.6636761230172463,0.5243197278911564,0.6246575342465753,0.6593607305936073,0.6316438525095573,0.8493150684931506,0.4
P0,42,0,1,4,False,0.6690255481263866,0.6572478922825415,0.596938775510204,0.5764840182648402,0.6694063926940639,0.5624183006535948,0.9863013698630136,0.16666666666666666
P0,42,0,1,5,False,0.6678653311902198,0.6603007009885844,0.592687074829932,0.5598173515981735,0.682648401826484,0.5353383458646617,0.9863013698630136,0.13333333333333333
P0,42,0,1,6,False,0.5883355024068252,0.7169906329182745,0.7076530612244898,0.5547945205479452,0.6735159817351598,0.3387654320987654,0.1095890410958904,1.0
P0,42,0,1,7,False,0.6520026481669882,0.6181476793242889,0.6061224489795918,0.6070776255707763,0.6945205479452055,0.6080940850916638,0.7808219178082192,0.43333333333333335
P0,42,0,1,8,False,0.5692530833004753,0.6558222568150863,0.7222789115646259,0.5990867579908675,0.6876712328767123,0.6032244257383365,0.9315068493150684,0.26666666666666666
P0,42,0,1,9,False,0.5523071545333678,0.6256409524713905,0.6816326530612244,0.6728310502283105,0.6908675799086758,0.6537815126050419,0.7123287671232876,0.6333333333333333
P0,42,0,1,10,False,0.4983400022925962,0.6373497270843358,0.7755102040816326,0.6796803652968036,0.6954337899543379,0.6622236327091928,0.726027397260274,0.6333333333333333
P0,42,0,1,11,False,0.4280838617956005,0.6445519970458689,0.782312925170068,0.6856164383561644,0.7077625570776256,0.6540458015267177,0.6712328767123288,0.7
P0,42,0,1,12,False,0.40037566020292936,0.6448442015833068,0.8452380952380952,0.6924657534246574,0.7118721461187215,0.6625716625716627,0.684931506849315,0.7
P0,42,0,1,13,False,0.33257176651470904,0.6746255361918106,0.8656462585034014,0.6511415525114155,0.7200913242009133,0.6566666666666666,0.8356164383561644,0.4666666666666667
P0,42,0,1,14,False,0.27508760146472766,0.6446537115041492,0.8891156462585035,0.6561643835616437,0.7360730593607306,0.6404316090130118,0.7123287671232876,0.6
P0,42,0,1,15,False,0.2026147409049785,0.6670728675948764,0.9295918367346938,0.6668949771689497,0.7383561643835617,0.6599911971830985,0.7671232876712328,0.5666666666666667
P0,42,0,1,16,False,0.13505177185443287,0.6955310453488989,0.9681972789115646,0.6561643835616437,0.7269406392694064,0.6404316090130118,0.7123287671232876,0.6
P0,42,0,1,17,False,0.09984140479622255,0.7617945511942928,0.9897959183673469,0.6591324200913242,0.7246575342465753,0.6370232172470978,0.684931506849315,0.6333333333333333
P0,42,0,1,18,False,0.07267946515970183,0.8676387227854683,1.0,0.680593607305936,0.7004566210045662,0.6769713261648747,0.7945205479452054,0.5666666666666667
P0,42,0,1,19,False,0.05851507352458106,0.8985313666098326,0.9965986394557823,0.6874429223744292,0.7082191780821918,0.6855850763143019,0.8082191780821918,0.5666666666666667
P0,42,0,1,20,False,0.03716052201203102,0.8466133842769178,0.9965986394557823,0.6668949771689497,0.7324200913242009,0.6599911971830985,0.7671232876712328,0.5666666666666667
P0,42,0,1,21,False,0.027330645875204444,0.8314574412929202,1.0,0.7041095890410959,0.7388127853881279,0.7000448028673836,0.8082191780821918,0.6
P0,42,0,1,22,True,0.021746197737897363,1.0368843347702212,1.0,0.7050228310502282,0.7251141552511415,0.71475015051174,0.8767123287671232,0.5333333333333333
P0,42,0,1,23,False,0.017261594266221286,1.033573775615507,1.0,0.691324200913242,0.7132420091324201,0.6968091369363005,0.8493150684931506,0.5333333333333333
P0,42,0,1,24,False,0.013430572636785426,1.022565659678098,1.0,0.6404109589041096,0.7118721461187215,0.6390050876201243,0.7808219178082192,0.5
P0,42,0,1,25,False,0.01540003152753132,1.021358934131641,1.0,0.6776255707762557,0.7310502283105023,0.6793497059840885,0.821917808219178,0.5333333333333333
P0,42,0,1,26,False,0.01570486199956585,1.062378411732831,1.0,0.6981735159817352,0.7219178082191781,0.7057142857142857,0.863013698630137,0.5333333333333333
P0,42,0,1,27,False,0.01073568863434276,1.1029643346962419,1.0,0.6678082191780822,0.7155251141552511,0.6725538678912045,0.8356164383561644,0.5
P0,42,0,1,28,False,0.011307929161090207,1.0485877843157758,1.0,0.6874429223744292,0.7292237442922375,0.6855850763143019,0.8082191780821918,0.5666666666666667
P0,42,0,1,29,False,0.008255472941018173,1.0980232621280892,1.0,0.6776255707762557,0.7187214611872146,0.6793497059840885,0.821917808219178,0.5333333333333333
P0,42,0,1,30,False,0.007118855568170907,1.0457615817634804,1.0,0.6942922374429223,0.7319634703196347,0.6942922374429223,0.821917808219178,0.5666666666666667
P0,42,0,1,31,False,0.005905133834027726,1.1498057558698562,1.0,0.6844748858447489,0.7150684931506849,0.6880242311276794,0.8356164383561644,0.5333333333333333
P0,42,0,1,32,False,0.01118075753143732,1.0667112452312582,0.9965986394557823,0.6942922374429223,0.7310502283105023,0.6942922374429223,0.821917808219178,0.5666666666666667
P0,42,0,1,33,False,0.0052623606893202465,1.1075291697261402,1.0,0.6844748858447489,0.728310502283105,0.6880242311276794,0.8356164383561644,0.5333333333333333
P0,42,0,1,34,False,0.009186984316540369,1.232945978930853,1.0,0.6746575342465753,0.7123287671232876,0.6811904761904762,0.8493150684931506,0.5
P0,42,0,2,1,False,0.7108227748137254,0.6810851389286565,0.4742388758782201,0.5689655172413793,0.6102975909305621,0.5481127060074429,1.0,0.13793103448275862
P0,42,0,2,2,False,0.6962965268355149,0.6760457017842461,0.5119326419092227,0.5833726972130373,0.6400566839867737,0.5870445344129555,0.821917808219178,0.3448275862068966
P0,42,0,2,3,False,0.6809313366046319,0.6640318410069335,0.5616148098583695,0.5932923948984412,0.6896551724137931,0.5957317073170731,0.9452054794520548,0.2413793103448276
P0,42,0,2,4,False,0.6706426097796514,0.6585793740609113,0.5816884130701461,0.588804912612187,0.7264997638167218,0.43679163034001744,0.2465753424657534,0.9310344827586207
P0,42,0,2,5,False,0.656813613497294,0.6277712080992904,0.6508308241329319,0.6173830892772791,0.7543693906471421,0.6268292682926829,0.958904109589041,0.27586206896551724
P0,42,0,2,6,False,0.6371692694150485,0.6153918592368856,0.5996431359429018,0.5932923948984412,0.761927255550307,0.5957317073170731,0.9452054794520548,0.2413793103448276
P0,42,0,2,7,False,0.6019448947447997,0.6259055026606017,0.6542321846771495,0.5932923948984412,0.7675956542276807,0.5957317073170731,0.9452054794520548,0.2413793103448276
P0,42,0,2,8,False,0.5691509728248303,0.5789872875400618,0.7046392327422772,0.6589513462446859,0.7770429853566367,0.673076923076923,0.9041095890410958,0.41379310344827586
P0,42,0,2,9,False,0.5061258496000216,0.5604740013094509,0.7510315601650497,0.6868209730751063,0.7841284837033538,0.6868209730751063,0.821917808219178,0.5517241379310345
P0,42,0,2,10,False,0.46225615533498615,0.5664064574475381,0.790007806401249,0.7352385451110062,0.7732640529050543,0.7177642501383509,0.7808219178082192,0.6896551724137931
P0,42,0,2,11,False,0.40838983998848843,0.6288896518595078,0.8384074941451991,0.6624940954180444,0.7666509211147851,0.673202614379085,0.8767123287671232,0.4482758620689655
P0,42,0,2,12,False,0.3484450899637662,0.705233493271996,0.8650050184008029,0.6589513462446859,0.7496457250826641,0.673076923076923,0.9041095890410958,0.41379310344827586
P0,42,0,2,13,False,0.291840531791632,0.590998140035891,0.8882011821121891,0.728389230042513,0.7732640529050543,0.7088274044795784,0.7671232876712328,0.6896551724137931
P0,42,0,2,14,True,0.24500432753792176,0.5792261695160585,0.9168060666889707,0.7560226735947095,0.7888521492678319,0.7262479871175522,0.7534246575342466,0.7586206896551724
P0,42,0,2,15,False,0.18781298484939796,0.5804011214013193,0.9434035909445746,0.7494095418044402,0.8063297118564006,0.6975150833418551,0.6712328767123288,0.8275862068965517
P0,42,0,2,16,False,0.1395904151006387,0.7304033546471128,0.9597970335675253,0.6384034010392065,0.7638167217760983,0.6470588235294117,0.863013698630137,0.41379310344827586
P0,42,0,2,17,False,0.1059405398196899,0.7539283630310321,0.9700011152001784,0.6558809636277751,0.7567312234293812,0.6542372881355933,0.7945205479452054,0.5172413793103449
P0,42,0,2,18,False,0.08768201203873524,0.7126844718175775,0.9897959183673469,0.6627302786962683,0.778932451582428,0.6627302786962683,0.8082191780821918,0.5172413793103449
P0,42,0,2,19,False,0.06018996278110605,0.7618183207278159,0.9802051968328315,0.6731223429381199,0.7704298535663675,0.6694444444444445,0.7945205479452054,0.5517241379310345
P0,42,0,2,20,False,0.0488599522684056,0.8090382808563756,0.9918032786885246,0.6282475200755786,0.7709022201228153,0.6307915057915057,0.8082191780821918,0.4482758620689655
P0,42,0,2,21,False,0.0371696670145656,0.8418086840241563,0.9965986394557823,0.6972130373169579,0.7652338214454416,0.6930555555555555,0.8082191780821918,0.5862068965517241
P0,42,0,2,22,False,0.032821248625763334,0.9161450382249028,0.9931972789115646,0.6487954652810581,0.7633443552196505,0.6558790453579908,0.8493150684931506,0.4482758620689655
P0,42,0,2,23,False,0.020571380423811767,1.036101473166662,1.0,0.6521020311761927,0.759565422768068,0.6642527978933509,0.8904109589041096,0.41379310344827586
P0,42,0,2,24,False,0.026191923722553138,0.9298002597163705,1.0,0.7142182333490789,0.7737364194615022,0.722962962962963,0.8767123287671232,0.5517241379310345
P0,42,0,2,25,False,0.016152945732196364,1.0800166999665546,1.0,0.6521020311761927,0.7605101558809636,0.6642527978933509,0.8904109589041096,0.41379310344827586
P0,42,0,2,26,False,0.015980266974880718,0.8996938309248756,1.0,0.7007557864903164,0.7775153519130845,0.689969604863222,0.7808219178082192,0.6206896551724138
P0,42,1,0,1,False,0.7041115691696388,0.6817101030122666,0.5340136054421769,0.5442458587619878,0.6329555361813426,0.5180538555691554,0.9594594594594594,0.12903225806451613
P0,42,1,0,2,False,0.685637442961983,0.6765225955418178,0.5671768707482994,0.5510026155187446,0.6460331299040977,0.524293079206374,0.972972972972973,0.12903225806451613
P0,42,1,0,3,False,0.6829271978802152,0.6752853995277768,0.5231292517006803,0.5932868352223191,0.6455972101133391,0.5867854183927093,0.7027027027027027,0.4838709677419355
P0,42,1,0,4,False,0.6764929015279392,0.6820551540170398,0.5636054421768708,0.5483870967741935,0.6499564080209241,0.5086898395721925,1.0,0.0967741935483871
P0,42,1,0,5,False,0.6554240152455758,0.6548243079866681,0.5948979591836735,0.6098517872711422,0.6386224934612031,0.616601752677702,0.8648648648648649,0.3548387096774194
P0,42,1,0,6,False,0.6123287882205944,0.6636910767782302,0.6438775510204082,0.5843504795117699,0.6176983435047951,0.5874001774622892,0.8783783783783784,0.2903225806451613
P0,42,1,0,7,False,0.5862942867808871,0.6698325792948405,0.7062925170068027,0.6041848299912816,0.6251089799476897,0.6031746031746033,0.7567567567567568,0.45161290322580644
P0,42,1,0,8,False,0.5593461172592237,0.6859537368729001,0.6969387755102041,0.6176983435047951,0.6194420226678291,0.6187699416877545,0.7837837837837838,0.45161290322580644
P0,42,1,0,9,True,0.4988498562488003,0.7144631005468822,0.7726190476190475,0.6488666085440279,0.6290322580645161,0.6592957577214277,0.8783783783783784,0.41935483870967744
P0,42,1,0,10,False,0.4884431108760373,0.7286158898756617,0.7828231292517007,0.6192240627724499,0.6416739319965127,0.6260683760683761,0.8513513513513513,0.3870967741935484
P0,42,1,0,11,False,0.42523647319291524,0.722411336785271,0.8156462585034013,0.6270706190061028,0.6469049694856146,0.6258503401360545,0.7702702702702703,0.4838709677419355
P0,42,1,0,12,False,0.3675071025528194,0.7368701854986804,0.8267006802721089,0.6285963382737576,0.6604184829991282,0.6347402597402597,0.8378378378378378,0.41935483870967744
P0,42,1,0,13,False,0.32149034954499506,0.7482966693029517,0.8641156462585033,0.6109415867480383,0.6647776809067132,0.6109415867480383,0.7702702702702703,0.45161290322580644
P0,42,1,0,14,False,0.2722544582281712,0.8062551904292333,0.9141156462585034,0.5913251961639059,0.6447253705318221,0.5357406042741342,0.47297297297297297,0.7096774193548387
P0,42,1,0,15,False,0.27453219660238365,0.7841289735088746,0.8906462585034014,0.6281604184829992,0.6730601569311246,0.6115388461153884,0.6756756756756757,0.5806451612903226
P0,42,1,0,16,False,0.22086044552101605,0.7979288086649917,0.9057823129251701,0.6203138622493461,0.6778552746294682,0.6179366438356164,0.7567567567567568,0.4838709677419355
P0,42,1,0,17,False,0.19939251999924149,0.8479133052928817,0.9311224489795918,0.6375326939843069,0.6669572798605057,0.6162962962962963,0.6621621621621622,0.6129032258064516
P0,42,1,0,18,False,0.16350674686800454,0.960696225773011,0.9409863945578232,0.5974280732345248,0.6233653007846556,0.5954623287671232,0.7432432432432432,0.45161290322580644
P0,42,1,0,19,False,0.12448423861521454,1.0154978372733152,0.9780612244897959,0.6015693112467306,0.6743679163034002,0.6033333333333334,0.7837837837837838,0.41935483870967744
P0,42,1,0,20,False,0.12433381065510321,1.0582535196982679,0.9545918367346938,0.5760680034873583,0.6630340017436792,0.5786033711730306,0.7972972972972973,0.3548387096774194
P0,42,1,0,21,False,0.09171215484395695,1.039145162669454,0.9814625850340135,0.5786835222319093,0.6734960767218832,0.5800000000000001,0.7702702702702703,0.3870967741935484
P0,42,1,1,1,False,0.7120903524068686,0.6930607786545386,0.4425114308018289,0.5,0.6486486486486487,0.22388059701492538,0.0,1.0
P0,42,1,1,2,False,0.7157469896169809,0.6742068574978755,0.462919594067135,0.5932432432432433,0.6684684684684684,0.5890627469574838,0.9864864864864865,0.2
P0,42,1,1,3,False,0.6907236667779776,0.6698844341131357,0.5469499275119885,0.5932432432432433,0.6918918918918919,0.5890627469574838,0.9864864864864865,0.2
P0,42,1,1,4,False,0.6960121347354009,0.6755687181766217,0.533288725326196,0.5004504504504504,0.6990990990990991,0.2822008360066103,0.06756756756756757,0.9333333333333333
P0,42,1,1,5,False,0.6783359486323136,0.6505966553321252,0.5413739266198283,0.6855855855855856,0.7108108108108108,0.6891954022988505,0.8378378378378378,0.5333333333333333
P0,42,1,1,6,False,0.6505712156112378,0.6533099573392135,0.6178766588602654,0.5486486486486487,0.6995495495495495,0.44210136884942663,0.2972972972972973,0.8
P0,42,1,1,7,False,0.6265232379619892,0.6126401997529544,0.6482101037136165,0.6513513513513514,0.7247747747747748,0.6339544513457558,0.7027027027027027,0.6
P0,42,1,1,8,False,0.5920140617168866,0.581944057574639,0.680049068807851,0.7126126126126127,0.7608108108108108,0.7248677248677249,0.8918918918918919,0.5333333333333333
P0,42,1,1,9,True,0.5022774785757065,0.5807031117952787,0.777015724322516,0.7193693693693693,0.7716216216216216,0.7341448569689593,0.9054054054054054,0.5333333333333333
P0,42,1,1,10,False,0.4676493389102129,0.6058688278381641,0.7940225270436043,0.6324324324324324,0.7581081081081081,0.6410256410256411,0.8648648648648649,0.4
P0,42,1,1,11,False,0.4169933566680321,0.6216924820954983,0.8582022973123675,0.645945945945946,0.7801801801801802,0.6577215189873418,0.8918918918918919,0.4
P0,42,1,1,12,False,0.35877488668148333,0.6226443212765914,0.8286494925839187,0.6716216216216215,0.7463963963963964,0.6587276384037261,0.7432432432432432,0.6
P0,42,1,1,13,False,0.303302497531359,0.6292247038621169,0.882625181220029,0.6585585585585585,0.7612612612612613,0.655324790101635,0.7837837837837838,0.5333333333333333
P0,42,1,1,14,False,0.23976002604915544,0.6507659325232873,0.9188134270101482,0.6887387387387387,0.754054054054054,0.6868517898962864,0.8108108108108109,0.5666666666666667
P0,42,1,1,15,False,0.20816281179969126,0.6413653630476731,0.9140180662428905,0.6752252252252252,0.7644144144144144,0.6698412698412699,0.7837837837837838,0.5666666666666667
P0,42,1,1,16,False,0.18666797947998232,0.6620753269929153,0.9304115088658413,0.7085585585585585,0.7563063063063064,0.697902097902098,0.7837837837837838,0.6333333333333333
P0,42,1,1,17,False,0.17158330525629795,0.7499411449982569,0.9386082301773169,0.609009009009009,0.7653153153153153,0.6153846153846154,0.8513513513513513,0.36666666666666664
P0,42,1,1,18,False,0.11160161596937822,0.9922344203178699,0.9570090331214454,0.5927927927927928,0.7351351351351352,0.5964523281596452,0.918918918918919,0.26666666666666666
P0,42,1,1,19,False,0.16293138541424504,0.9231542096688197,0.9044273447083752,0.5756756756756757,0.7387387387387387,0.5787341772151899,0.8513513513513513,0.3
P0,42,1,1,20,False,0.08196438540919469,0.7981432768014761,0.9850005576000892,0.6752252252252252,0.745945945945946,0.6698412698412699,0.7837837837837838,0.5666666666666667
P0,42,1,1,21,False,0.06946863017331523,0.7682402546589191,0.9836065573770492,0.7085585585585585,0.7477477477477478,0.697902097902098,0.7837837837837838,0.6333333333333333
P0,42,1,2,1,False,0.7026038825797122,0.6870810823533141,0.4646101019051838,0.5264840182648401,0.5429223744292238,0.47679103170432646,0.9863013698630136,0.06666666666666667
P0,42,1,2,2,False,0.6772970197873823,0.6862970254953625,0.5886685866194064,0.6287671232876713,0.5712328767123288,0.6074775981048512,0.6575342465753424,0.6
P0,42,1,2,3,False,0.6705196244579753,0.7166488292147812,0.5754319893664156,0.5166666666666667,0.6068493150684932,0.44940092165898615,1.0,0.03333333333333333
P0,42,1,2,4,False,0.6724205638803363,0.6984354379107651,0.5722197607443509,0.4910958904109589,0.617351598173516,0.290912667191188,0.0821917808219178,0.9
P0,42,1,2,5,False,0.6445429171101328,0.6745941858847164,0.6093265396544085,0.5710045662100456,0.6278538812785388,0.546073717948718,0.5753424657534246,0.5666666666666667
P0,42,1,2,6,False,0.6264038108752675,0.6705753710663435,0.6353566681435534,0.5974885844748858,0.6406392694063927,0.5625679012345679,0.5616438356164384,0.6333333333333333
P0,42,1,2,7,False,0.5841897087234059,0.6566380534357238,0.6999889233495791,0.5796803652968037,0.6538812785388128,0.5769785769785769,0.726027397260274,0.43333333333333335
P0,42,1,2,8,False,0.5500928756722994,0.6511133394195038,0.6894107221976075,0.630593607305936,0.6762557077625571,0.6318459587224721,0.7945205479452054,0.4666666666666667
P0,42,1,2,9,False,0.5255306397328536,0.6432077774723757,0.7400310146211786,0.6296803652968037,0.693607305936073,0.6209956709956709,0.726027397260274,0.5333333333333333
P0,42,1,2,10,False,0.48498776825991546,0.6292380551690037,0.7482277359326539,0.6344748858447489,0.7118721461187215,0.6403371462974112,0.8356164383561644,0.43333333333333335
P0,42,1,2,11,False,0.45191468804646906,0.6452096671734041,0.7848914488258751,0.6050228310502282,0.7141552511415525,0.6117249447549721,0.8767123287671232,0.3333333333333333
P0,42,1,2,12,True,0.39569754877158897,0.6571468838210245,0.8355117412494462,0.6904109589041096,0.7027397260273973,0.6826584507042253,0.7808219178082192,0.6
P0,42,1,2,13,False,0.3981618413514498,0.6344121752433407,0.8388901196278246,0.641324200913242,0.7310502283105023,0.648635477582846,0.8493150684931506,0.43333333333333335
P0,42,1,2,14,False,0.3650705223662431,0.7472185903382533,0.8485268054940186,0.6089041095890411,0.7210045662100457,0.6161490683229813,0.9178082191780822,0.3
P0,42,1,2,15,False,0.3173401800639321,0.6564339057913104,0.888568896765618,0.6335616438356164,0.726027397260274,0.6308243727598566,0.7671232876712328,0.5
P0,42,1,2,16,False,0.2914621184031929,0.6935250556584701,0.9054607886575099,0.6680365296803652,0.7146118721461188,0.623604938271605,0.6027397260273972,0.7333333333333333
P0,42,1,2,17,False,0.30066620761697943,0.6461018694257273,0.888568896765618,0.6061643835616438,0.7333333333333333,0.5987012987012987,0.7123287671232876,0.5
P0,42,1,2,18,False,0.20086770030585202,0.7034915211131272,0.9435644661054498,0.6207762557077625,0.734703196347032,0.6240433298010126,0.8082191780821918,0.43333333333333335
P0,42,1,2,19,False,0.18320798046851272,0.6941799813682593,0.936807709348693,0.6442922374429223,0.7438356164383562,0.6482985988461085,0.821917808219178,0.4666666666666667
P0,42,1,2,20,False,0.1490624169128363,0.69286950699334,0.9633362871067789,0.6121004566210045,0.7292237442922375,0.5943200663349917,0.6575342465753424,0.5666666666666667
P0,42,1,2,21,False,0.1329385590735092,0.7006109921098913,0.9700930438635357,0.6639269406392694,0.7397260273972602,0.6622950819672131,0.7945205479452054,0.5333333333333333
P0,42,1,2,22,False,0.11646363994721591,0.7244432594590974,0.9782897651750111,0.6139269406392693,0.7392694063926941,0.6160298229263746,0.7945205479452054,0.43333333333333335
P0,42,1,2,23,False,0.09817323887177061,0.8808095785020624,0.9816681435533894,0.5990867579908675,0.7552511415525114,0.6032244257383365,0.9315068493150684,0.26666666666666666
P0,42,1,2,24,False,0.09188941115754072,0.7862196758534145,0.9734714222419141,0.641324200913242,0.7502283105022831,0.648635477582846,0.8493150684931506,0.43333333333333335
P0,42,2,0,1,False,0.7133022898061264,0.6984007284754798,0.49404761904761907,0.5067567567567568,0.6242371403661726,0.24296296296296296,0.013513513513513514,1.0
P0,42,2,0,2,False,0.694690822115267,0.6777870223635719,0.5144557823129252,0.6000435919790759,0.6285963382737576,0.594509967644296,0.7162162162162162,0.4838709677419355
P0,42,2,0,3,False,0.655258411946504,0.6712181590852283,0.6030612244897959,0.49324324324324326,0.6569311246730601,0.41011235955056174,0.9864864864864865,0.0
P0,42,2,0,4,False,0.6644817855623033,0.6899999936421712,0.5887755102040816,0.5259372275501307,0.6455972101133391,0.3545081967213115,0.14864864864864866,0.9032258064516129
P0,42,2,0,5,False,0.6611003887250227,0.6439317532948086,0.6136054421768707,0.5978639930252834,0.6717523975588492,0.6025323064874037,0.9054054054054054,0.2903225806451613
P0,42,2,0,6,False,0.6150597189935509,0.6350451378595261,0.6556122448979592,0.6229293809938972,0.6691368788142982,0.6164283477716314,0.7297297297297297,0.5161290322580645
P0,42,2,0,7,False,0.568954911208959,0.6292252165930612,0.726360544217687,0.6390584132519617,0.6721883173496077,0.630281690140845,0.7297297297297297,0.5483870967741935
P0,42,2,0,8,False,0.531103827815125,0.7171992446695056,0.7054421768707483,0.6100697471665213,0.6538796861377506,0.5394736842105263,0.44594594594594594,0.7741935483870968
P0,42,2,0,9,False,0.5386144907578178,0.631245890117827,0.7154761904761905,0.6364428945074107,0.6861377506538797,0.6323607427055702,0.7567567567567568,0.5161290322580645
P0,42,2,0,10,False,0.4659054380108193,0.6374311906950815,0.7767006802721088,0.6244551002615518,0.6822144725370531,0.6266666666666667,0.7972972972972973,0.45161290322580644
P0,42,2,0,11,False,0.4480345987755319,0.641982440721421,0.795578231292517,0.6499564080209241,0.6974716652136007,0.6485260770975056,0.7837837837837838,0.5161290322580645
P0,42,2,0,12,False,0.38065288852954254,0.656972805091313,0.8304421768707483,0.661944202266783,0.6887532693984307,0.652029826014913,0.7432432432432432,0.5806451612903226
P0,42,2,0,13,False,0.35556428602352236,0.6398465355237325,0.8659863945578232,0.6390584132519617,0.7040104620749782,0.630281690140845,0.7297297297297297,0.5483870967741935
P0,42,2,0,14,False,0.29783408854894594,0.7080817387217567,0.8928571428571428,0.6307759372275501,0.7040104620749782,0.6082089552238805,0.6486486486486487,0.6129032258064516
P0,42,2,0,15,False,0.2632558720843228,0.7355074601513999,0.8773809523809524,0.6375326939843069,0.6935483870967742,0.6162962962962963,0.6621621621621622,0.6129032258064516
P0,42,2,0,16,False,0.21179558315138886,0.728557357617787,0.9212585034013605,0.6375326939843069,0.7022667829119442,0.6162962962962963,0.6621621621621622,0.6129032258064516
P0,42,2,0,17,False,0.1819445850768527,0.8316855376675015,0.9447278911564625,0.6229293809938972,0.6752397558849171,0.6164283477716314,0.7297297297297297,0.5161290322580645
P0,42,2,0,18,False,0.16735249138684663,0.8326296559401921,0.9413265306122449,0.6364428945074107,0.6800348735832606,0.6323607427055702,0.7567567567567568,0.5161290322580645
P0,42,2,0,19,False,0.12123303698456805,0.8233339695703416,0.9715986394557823,0.6187881429816913,0.7031386224934612,0.6063430945384537,0.6891891891891891,0.5483870967741935
P0,42,2,0,20,False,0.09264256092517273,0.88663107582501,0.9731292517006802,0.6405841325196164,0.7013949433304272,0.6418747937066783,0.7972972972972973,0.4838709677419355
P0,42,2,0,21,False,0.08960580909939636,0.903765124366397,0.9799319727891156,0.6405841325196164,0.6948561464690497,0.6418747937066783,0.7972972972972973,0.4838709677419355
P0,42,2,0,22,False,0.07041078219235232,0.9344971188477107,0.9916666666666667,0.6822144725370531,0.7022667829119442,0.676923076923077,0.7837837837837838,0.5806451612903226
P0,42,2,0,23,False,0.05201179780749883,0.9585334403174264,0.9965986394557823,0.6687009590235398,0.6970357454228422,0.6602651080263021,0.7567567567567568,0.5806451612903226
P0,42,2,0,24,False,0.04815995032732613,0.9777728551910037,0.9882653061224489,0.6484306887532694,0.6987794245858762,0.6357142857142857,0.7162162162162162,0.5806451612903226
P0,42,2,0,25,False,0.030724364535316177,1.0661562959353128,0.9965986394557823,0.6484306887532694,0.6787271142109852,0.6357142857142857,0.7162162162162162,0.5806451612903226
P0,42,2,0,26,False,0.0474748566188818,1.0342687254860288,0.9965986394557823,0.6702266782911944,0.7048823016564952,0.6733333333333333,0.8243243243243243,0.5161290322580645
P0,42,2,0,27,False,0.027373227101845154,1.0480952932721093,0.9965986394557823,0.6837401918047079,0.7057541412380122,0.6903357531760436,0.8513513513513513,0.5161290322580645
P0,42,2,0,28,False,0.02989260065211838,1.0648185764040266,0.9965986394557823,0.6431996512641673,0.6952920662598082,0.6404109589041096,0.7702702702702703,0.5161290322580645
P0,42,2,0,29,False,0.026678425903265603,1.0748141498792738,0.9916666666666667,0.6676111595466434,0.7027027027027027,0.6749226006191951,0.8513513513513513,0.4838709677419355
P0,42,2,0,30,False,0.016637403463971787,1.0619442769459315,1.0,0.6567131647776809,0.7057541412380122,0.6567131647776809,0.7972972972972973,0.5161290322580645
P0,42,2,0,31,True,0.019957770440493516,1.056204724879492,1.0,0.6863557105492589,0.7122929380993898,0.6880844977445264,0.8243243243243243,0.5483870967741935
P0,42,2,0,32,False,0.017099587507725913,1.0971253809474764,1.0,0.6743679163034002,0.7092414995640802,0.6834415584415585,0.8648648648648649,0.4838709677419355
P0,42,2,0,33,False,0.015002241390779759,1.0882234482538133,1.0,0.6458151700087184,0.7083696599825632,0.6383467278989667,0.7432432432432432,0.5483870967741935
P0,42,2,0,34,False,0.013200658375784251,1.0863591426894779,1.0,0.6499564080209241,0.7122929380993898,0.6485260770975056,0.7837837837837838,0.5161290322580645
P0,42,2,0,35,False,0.009305655083434594,1.1205752083233425,1.0,0.6634699215344377,0.7101133391455972,0.6649796457256024,0.8108108108108109,0.5161290322580645
P0,42,2,0,36,False,0.009938203077313405,1.1253633385612851,1.0,0.6567131647776809,0.7053182214472538,0.6567131647776809,0.7972972972972973,0.5161290322580645
P0,42,2,0,37,False,0.012416219298282394,1.1479770070030575,0.9965986394557823,0.6473408892763732,0.7070619006102877,0.6500000000000001,0.8108108108108109,0.4838709677419355
P0,42,2,0,38,False,0.010789381673082637,1.1371766130129497,1.0,0.6634699215344377,0.7079337401918047,0.6649796457256024,0.8108108108108109,0.5161290322580645
P0,42,2,0,39,False,0.010870222614151269,1.148094588234311,1.0,0.6540976460331299,0.7105492589363557,0.6582107980693681,0.8243243243243243,0.4838709677419355
P0,42,2,0,40,False,0.011120911530142533,1.1445585091908772,0.9965986394557823,0.6567131647776809,0.7074978204010463,0.6567131647776809,0.7972972972972973,0.5161290322580645
P0,42,2,0,41,False,0.011483520116423063,1.1507049026943388,0.9965986394557823,0.6540976460331299,0.7088055797733217,0.6582107980693681,0.8243243243243243,0.4838709677419355
P0,42,2,0,42,False,0.007595064434569311,1.151288568405878,1.0,0.6634699215344377,0.7109851787271142,0.6649796457256024,0.8108108108108109,0.5161290322580645
P0,42,2,0,43,False,0.007870398844245839,1.1491129920596168,1.0,0.6567131647776809,0.7088055797733217,0.6567131647776809,0.7972972972972973,0.5161290322580645
P0,42,2,1,1,False,0.7011254223493429,0.680971044760484,0.5418200066912011,0.5666666666666667,0.6738738738738739,0.5429344151453684,1.0,0.13333333333333333
P0,42,2,1,2,False,0.6841743267499484,0.6863298324438242,0.5702576112412178,0.5,0.6761261261261261,0.22388059701492538,0.0,1.0
P0,42,2,1,3,False,0.6751550275545853,0.655492888047145,0.6112412177985949,0.6225225225225225,0.6653153153153153,0.6313924050632911,0.8783783783783784,0.36666666666666664
P0,42,2,1,4,False,0.6492125586821482,0.655028943832104,0.6240660198505632,0.5738738738738738,0.6621621621621622,0.5487179487179488,0.581081081081081,0.5666666666666667
P0,42,2,1,5,False,0.6241648529584591,0.6524844513489649,0.6576335452213673,0.6256756756756756,0.659009009009009,0.6328667072428484,0.8513513513513513,0.4
P0,42,2,1,6,False,0.6178759468289522,0.6773907931951376,0.6828370692539311,0.6225225225225225,0.6918918918918919,0.6313924050632911,0.8783783783783784,0.36666666666666664
P0,42,2,1,7,False,0.5789806372844256,0.6967145571341882,0.6958291513326642,0.6225225225225225,0.6328828828828829,0.6313924050632911,0.8783783783783784,0.36666666666666664
P0,42,2,1,8,False,0.5332624064042017,0.6816442173260909,0.7400468384074941,0.6189189189189189,0.6648648648648648,0.6248196248196248,0.8378378378378378,0.4
P0,42,2,1,9,False,0.49206167917985183,0.7085936826009017,0.7448421991747518,0.6054054054054054,0.668918918918919,0.6090225563909775,0.8108108108108109,0.4
P0,42,2,1,10,False,0.4516536518931389,0.761991866506063,0.8022192483550796,0.6292792792792793,0.6761261261261261,0.6395841355410088,0.8918918918918919,0.36666666666666664
P0,42,2,1,11,False,0.4057685457743131,0.7464742706372187,0.8184454109512658,0.6468468468468469,0.690990990990991,0.5863636363636364,0.527027027027027,0.7666666666666667
P0,42,2,1,12,False,0.43033488438679623,0.7251355040531892,0.8145979703356753,0.6509009009009008,0.686036036036036,0.6185188856944581,0.6351351351351351,0.6666666666666666
P0,42,2,1,13,False,0.3855638142961722,0.8177689760923386,0.8248020519683283,0.6054054054054054,0.6765765765765765,0.6090225563909775,0.8108108108108109,0.4
P0,42,2,1,14,False,0.2700474328146531,0.8254279505748016,0.912010705921713,0.6153153153153152,0.6756756756756757,0.6174712643678161,0.7972972972972973,0.43333333333333335
P0,42,2,1,15,False,0.28286128118634224,0.7934234864436663,0.9140180662428905,0.6184684684684685,0.6927927927927928,0.6172632987621278,0.7702702702702703,0.4666666666666667
P0,42,2,1,16,False,0.24072240493618524,0.9481122803229552,0.9174194267871083,0.6225225225225225,0.6513513513513514,0.6313924050632911,0.8783783783783784,0.36666666666666664
P0,42,2,1,17,False,0.22625547733444434,0.8882687005859154,0.9516003122560499,0.6085585585585586,0.677027027027027,0.6096007280172904,0.7837837837837838,0.43333333333333335
P0,42,2,1,18,False,0.17958616078473055,0.9280724364977616,0.9584030333444853,0.6117117117117117,0.6747747747747748,0.6093680954485197,0.7567567567567568,0.4666666666666667
P0,42,2,1,19,False,0.15548604726791382,0.9684972487963163,0.9597970335675253,0.6085585585585586,0.6635135135135135,0.6096007280172904,0.7837837837837838,0.43333333333333335
P0,42,2,1,20,False,0.1232092624816757,1.070011603144499,0.9734024757443961,0.6189189189189189,0.6698198198198199,0.6248196248196248,0.8378378378378378,0.4
P0,42,2,1,21,True,0.11113220324309972,1.1611898191846335,0.9815991970558715,0.6527027027027027,0.6653153153153153,0.6662816069824156,0.9054054054054054,0.4
P0,42,2,1,22,False,0.10282879387243436,1.0610412107064173,0.9686071149771384,0.6153153153153152,0.6824324324324325,0.6174712643678161,0.7972972972972973,0.43333333333333335
P0,42,2,1,23,False,0.08060872411498657,1.2049828842282295,0.9815991970558715,0.6292792792792793,0.6662162162162162,0.6395841355410088,0.8918918918918919,0.36666666666666664
P0,42,2,1,24,False,0.06620775807935458,1.0750807626889303,0.9965986394557823,0.5815315315315315,0.6720720720720721,0.5787629994526546,0.7297297297297297,0.43333333333333335
P0,42,2,1,25,False,0.05990243839243284,1.1537325932429388,0.9965986394557823,0.6054054054054054,0.6698198198198199,0.6090225563909775,0.8108108108108109,0.4
P0,42,2,1,26,False,0.052638662370065085,1.1766566674296672,0.9884019181443069,0.622072072072072,0.6954954954954955,0.62542116881608,0.8108108108108109,0.43333333333333335
P0,42,2,1,27,False,0.0520620233952426,1.1121892900421069,0.9965986394557823,0.5950450450450451,0.6756756756756757,0.5940671350507416,0.7567567567567568,0.43333333333333335
P0,42,2,1,28,False,0.03714329758300804,1.1523842616723134,0.9965986394557823,0.6018018018018019,0.6783783783783783,0.6018018018018019,0.7702702702702703,0.43333333333333335
P0,42,2,1,29,False,0.04139126808597492,1.3228937502090747,0.9918032786885246,0.6391891891891892,0.6756756756756757,0.649306856500562,0.8783783783783784,0.4
P0,42,2,1,30,False,0.027017528621050026,1.3721325259942274,1.0,0.6391891891891892,0.6810810810810811,0.649306856500562,0.8783783783783784,0.4
P0,42,2,1,31,False,0.020602719177706882,1.2717228723833194,1.0,0.6355855855855856,0.672972972972973,0.6415923945335711,0.8378378378378378,0.43333333333333335
P0,42,2,1,32,False,0.021349502243818,1.3921032877495656,1.0,0.6391891891891892,0.6842342342342342,0.649306856500562,0.8783783783783784,0.4
P0,42,2,1,33,False,0.019168024990134515,1.3889229564139476,1.0,0.6324324324324324,0.6702702702702703,0.6410256410256411,0.8648648648648649,0.4
P0,42,2,2,1,False,0.6905064970682683,0.6780420009372303,0.5345591493132477,0.5226027397260274,0.6123287671232877,0.48936510474972017,0.9452054794520548,0.1
P0,42,2,2,2,False,0.6826725518019006,0.6751885419910394,0.5914377492246345,0.5166666666666667,0.6625570776255708,0.44940092165898615,1.0,0.03333333333333333
P0,42,2,2,3,False,0.6658943466592634,0.6522814029628791,0.5389344262295082,0.6570776255707762,0.7155251141552511,0.6538978494623656,0.7808219178082192,0.5333333333333333
P0,42,2,2,4,False,0.6493560212650938,0.6520464692300963,0.6334736375719983,0.6328767123287671,0.7150684931506849,0.5589494718812447,0.4657534246575342,0.8
P0,42,2,2,5,False,0.6255893690164009,0.6321266849064132,0.6613867966326983,0.5824200913242009,0.7351598173515982,0.5813008130081301,0.9315068493150684,0.23333333333333334
P0,42,2,2,6,False,0.5829156346298291,0.6938874999296318,0.7058041648205582,0.5899543378995433,0.7155251141552511,0.4413359977162432,0.2465753424657534,0.9333333333333333
P0,42,2,2,7,False,0.6399140429268614,0.6298546886559829,0.6430549401860877,0.6484018264840182,0.719634703196347,0.6163294070270814,0.6301369863013698,0.6666666666666666
P0,42,2,2,8,False,0.6023336626125865,0.6447598942853872,0.672075764288879,0.63675799086758,0.7132420091324201,0.574666282531451,0.5068493150684932,0.7666666666666667
P0,42,2,2,9,False,0.552054426102547,0.6198541750606982,0.7130039875941515,0.6422374429223744,0.7141552511415525,0.6554262009902314,0.9178082191780822,0.36666666666666664
P0,42,2,2,10,False,0.5318533882284849,0.669363220050497,0.7323327425786442,0.6157534246575342,0.7333333333333333,0.6242985409652076,0.9315068493150684,0.3
P0,42,2,2,11,False,0.4763020750438197,0.6180148934855044,0.7294528134692069,0.6796803652968036,0.7319634703196347,0.6622236327091928,0.726027397260274,0.6333333333333333
P0,42,2,2,12,False,0.47609988525153346,0.6225032713806745,0.7810146211785556,0.6728310502283105,0.7278538812785388,0.6537815126050419,0.7123287671232876,0.6333333333333333
P0,42,2,2,13,False,0.42706557523690913,0.6253664256299584,0.8166814355338945,0.6981735159817352,0.7328767123287672,0.7057142857142857,0.863013698630137,0.5333333333333333
P0,42,2,2,14,False,0.4073069973995811,0.6148189404635753,0.8176783340717767,0.652283105022831,0.7547945205479452,0.6286950252343186,0.6712328767123288,0.6333333333333333
P0,42,2,2,15,True,0.35308627292299954,0.6285142594749488,0.8543420469649978,0.7276255707762557,0.7552511415525114,0.7231182795698925,0.821917808219178,0.6333333333333333
P0,42,2,2,16,False,0.32886558970766205,0.6301040325349975,0.8736154186973859,0.7070776255707762,0.7575342465753425,0.6965630114566286,0.7808219178082192,0.6333333333333333
P0,42,2,2,17,False,0.29882196604349964,0.6388466537577434,0.9069007532122286,0.7139269406392694,0.7698630136986301,0.7053257042253521,0.7945205479452054,0.6333333333333333
P0,42,2,2,18,False,0.29441235062964793,0.6668415897100874,0.8639787328311919,0.691324200913242,0.7465753424657534,0.6968091369363005,0.8493150684931506,0.5333333333333333
P0,42,2,2,19,False,0.2376272142218631,0.6455374788312078,0.9252326096588392,0.6767123287671233,0.7566210045662101,0.6655844155844156,0.7534246575342466,0.6
P0,42,2,2,20,False,0.21709642395305861,0.6902747892060326,0.9435644661054498,0.6618721461187215,0.7593607305936073,0.6742567994939912,0.8904109589041096,0.43333333333333335
P0,42,2,2,21,False,0.19741811478537236,0.739051477133649,0.9585179441736819,0.6550228310502283,0.7502283105022831,0.6655844155844156,0.8767123287671232,0.43333333333333335
P0,42,2,2,22,False,0.16318857302648598,0.7158087413866543,0.9551395657953035,0.6383561643835616,0.7515981735159817,0.6481973434535104,0.8767123287671232,0.4
P0,42,2,2,23,False,0.15079652614285502,0.7876090196151178,0.9734714222419141,0.6746575342465753,0.7447488584474886,0.6811904761904762,0.8493150684931506,0.5
P0,42,2,2,24,False,0.14017882864726217,0.7233725818036829,0.9633362871067789,0.6719178082191781,0.7410958904109589,0.6370683579985905,0.6438356164383562,0.7
P0,42,2,2,25,False,0.11228388325984114,0.7250387040735449,0.9700930438635357,0.6883561643835616,0.754337899543379,0.6988304093567252,0.8767123287671232,0.5
P0,42,2,2,26,False,0.10330780393234565,0.7622893553914376,0.9884249003101462,0.6746575342465753,0.7643835616438356,0.6811904761904762,0.8493150684931506,0.5
P0,42,2,2,27,False,0.07776511044343978,0.731273240256078,0.9898648648648649,0.6757990867579908,0.7488584474885844,0.6499124523637863,0.684931506849315,0.6666666666666666
P0,42,3,0,1,False,0.7145317449019506,0.6871288799104236,0.48678487788558045,0.5,0.6451612903225806,0.4134078212290503,1.0,0.0
P0,42,3,0,2,False,0.7027673595226728,0.7037301018124535,0.5032898405263745,0.5,0.6730601569311246,0.22794117647058823,0.0,1.0
P0,42,3,0,3,False,0.6848149528870215,0.6814981386775062,0.5591613694658191,0.5,0.6826503923278117,0.4134078212290503,1.0,0.0
P0,42,3,0,4,False,0.6892546209005209,0.6668668173608325,0.49046503847440615,0.6634699215344377,0.6835222319093287,0.6649796457256024,0.8108108108108109,0.5161290322580645
P0,42,3,0,5,False,0.6645029393526224,0.6535270668211437,0.5888256942121111,0.6078901482127288,0.6782911944202267,0.5875883739198744,0.6351351351351351,0.5806451612903226
P0,42,3,0,6,False,0.6112872270437387,0.6491227462178185,0.6622616259618601,0.5725806451612903,0.6748038360941587,0.5305514157973175,0.5,0.6451612903225806
P0,42,3,0,7,False,0.6012844982055517,0.646032418523516,0.6746403479424556,0.6089799476896252,0.6861377506538797,0.5667666916729183,0.5405405405405406,0.6774193548387096
P0,42,3,0,8,False,0.5691692376366029,0.6341995332922254,0.6816103490576558,0.6390584132519617,0.6852659110723627,0.630281690140845,0.7297297297297297,0.5483870967741935
P0,42,3,0,9,False,0.5044959468337206,0.6643185456593831,0.7784097245455559,0.6022231909328684,0.6878814298169137,0.558452481076535,0.527027027027027,0.6774193548387096
P0,42,3,0,10,False,0.4712243607411018,0.6277291046721595,0.8077952492472399,0.6660854402789886,0.7013949433304272,0.6628852739726028,0.7837837837837838,0.5483870967741935
P0,42,3,0,11,False,0.44798617924635226,0.6294838940813428,0.796029887364782,0.6593286835222318,0.7101133391455972,0.6546419098143237,0.7702702702702703,0.5483870967741935
P0,42,3,0,12,False,0.40522864632881606,0.6617852238672121,0.8316047730567637,0.6634699215344377,0.7061900610287707,0.6649796457256024,0.8108108108108109,0.5161290322580645
P0,42,3,0,13,False,0.33272915935287106,0.6912924765121369,0.8704137392661984,0.6364428945074107,0.6983435047951178,0.6323607427055702,0.7567567567567568,0.5161290322580645
P0,42,3,0,14,False,0.3167170899418684,0.7087983884272121,0.9079959852793577,0.6578029642545772,0.6769834350479512,0.6407004830917875,0.7027027027027027,0.6129032258064516
P0,42,3,0,15,False,0.2757876648639257,0.7146774246579125,0.8868071818891491,0.6536617262423714,0.6935483870967742,0.6288295365278869,0.6621621621621622,0.6451612903225806
P0,42,3,0,16,False,0.2690435263973016,0.7606439272562663,0.9032006245120999,0.6379686137750654,0.6839581517000872,0.6426950998185117,0.8243243243243243,0.45161290322580644
P0,42,3,0,17,False,0.22629838049984896,0.797909966182141,0.9250027880004461,0.6608544027898866,0.6874455100261552,0.6665154264972777,0.8378378378378378,0.4838709677419355
P0,42,3,0,18,False,0.21471075570354095,0.7627280414459251,0.941396230623397,0.6660854402789886,0.7066259808195292,0.6628852739726028,0.7837837837837838,0.5483870967741935
P0,42,3,0,19,True,0.16194969429992712,0.8538205256242127,0.9550016728002676,0.6743679163034002,0.7035745422842197,0.6834415584415585,0.8648648648648649,0.4838709677419355
P0,42,3,0,20,False,0.1398972639670739,0.7799815307770457,0.963198394111743,0.6525719267654752,0.7044463818657367,0.6464646464646464,0.7567567567567568,0.5483870967741935
P0,42,3,0,21,False,0.10940694508071129,0.9292068806876029,0.9584030333444853,0.6649956408020924,0.6944202266782912,0.6759259259259259,0.8783783783783784,0.45161290322580644
P0,42,3,0,22,False,0.09418563372813739,0.904720116105108,0.9850005576000892,0.6676111595466434,0.7053182214472538,0.6749226006191951,0.8513513513513513,0.4838709677419355
P0,42,3,0,23,False,0.07099538826598571,0.8858392835993852,1.0,0.6634699215344377,0.7009590235396687,0.6649796457256024,0.8108108108108109,0.5161290322580645
P0,42,3,0,24,False,0.0680109872124516,0.9404909388871775,0.9918032786885246,0.6540976460331299,0.7040104620749782,0.6582107980693681,0.8243243243243243,0.4838709677419355
P0,42,3,0,25,False,0.04538170724677352,0.8978560036092642,1.0,0.6458151700087184,0.6957279860505667,0.6383467278989667,0.7432432432432432,0.5483870967741935
P0,42,3,0,26,False,0.03975276888992924,0.9379123619513675,1.0,0.6473408892763732,0.7013949433304272,0.6500000000000001,0.8108108108108109,0.4838709677419355
P0,42,3,0,27,False,0.038499957881867886,0.9190678231595527,0.9918032786885246,0.6431996512641673,0.6992153443766347,0.6404109589041096,0.7702702702702703,0.5161290322580645
P0,42,3,0,28,False,0.0292117997036817,0.9522208768253525,1.0,0.6540976460331299,0.6965998256320837,0.6582107980693681,0.8243243243243243,0.4838709677419355
P0,42,3,0,29,False,0.0250967345916881,0.9868717365255136,1.0,0.6540976460331299,0.7000871839581517,0.6582107980693681,0.8243243243243243,0.4838709677419355
P0,42,3,0,30,False,0.022721251257910177,1.0302983956123215,1.0,0.6676111595466434,0.7022667829119442,0.6749226006191951,0.8513513513513513,0.4838709677419355
P0,42,3,0,31,False,0.018436284699978735,0.9971359127156791,1.0,0.6608544027898866,0.6974716652136007,0.6665154264972777,0.8378378378378378,0.4838709677419355
P0,42,3,1,1,False,0.7264082248394306,0.6950321952501933,0.49358759897401583,0.5,0.5479511769834351,0.22794117647058823,0.0,1.0
P0,42,3,1,2,False,0.691580287539042,0.6859778387205941,0.5181220028995205,0.5823888404533566,0.5749782040104621,0.5695430456954305,0.6486486486486487,0.5161290322580645
P0,42,3,1,3,False,0.6889027265401987,0.6783216402644203,0.5342366454778633,0.6057105492589363,0.6111595466434177,0.6103896103896104,0.8243243243243243,0.3870967741935484
P0,42,3,1,4,False,0.6634457042584052,0.673574976126353,0.5686963309914129,0.6224934612031385,0.6312118570183086,0.5833333333333333,0.5675675675675675,0.6774193548387096
P0,42,3,1,5,False,0.670469886981524,0.6603438672565278,0.5391992862718858,0.5978639930252834,0.6617262423714037,0.6025323064874037,0.9054054054054054,0.2903225806451613
P0,42,3,1,6,False,0.6236901466663067,0.6479500481060573,0.6622616259618601,0.6495204882301656,0.6987794245858762,0.6163461538461538,0.6216216216216216,0.6774193548387096
P0,42,3,1,7,True,0.6010095259317985,0.6405870829309736,0.7018512322961972,0.7140366172624237,0.7266782911944202,0.6626984126984128,0.6216216216216216,0.8064516129032258
P0,42,3,1,8,False,0.5780708159391696,0.6189156217234475,0.6848444295751087,0.6353530950305144,0.7628596338273758,0.6428152492668622,0.8513513513513513,0.41935483870967744
P0,42,3,1,9,False,0.5222703837431394,0.5956671027910142,0.7352514776402364,0.6634699215344377,0.7619877942458587,0.6649796457256024,0.8108108108108109,0.5161290322580645
P0,42,3,1,10,False,0.4786937471765738,0.5961631275358654,0.7482435597189696,0.7020488230165649,0.7663469921534438,0.6651850420330467,0.6621621621621622,0.7419354838709677
P0,42,3,1,11,False,0.44638268420329463,0.5894724187396821,0.798817887810862,0.7020488230165649,0.7715780296425457,0.6651850420330467,0.6621621621621622,0.7419354838709677
P0,42,3,1,12,False,0.3911557105871347,0.618511723620551,0.8322181331549012,0.6431996512641673,0.7606800348735833,0.6404109589041096,0.7702702702702703,0.5161290322580645
P0,42,3,1,13,False,0.33360063571196336,0.6294541307148479,0.876603100256496,0.6728421970357454,0.7615518744551003,0.6712018140589568,0.7972972972972973,0.5483870967741935
P0,42,3,1,14,False,0.28429244515987545,0.7355974132106418,0.885413181666109,0.6285963382737576,0.7541412380122058,0.6347402597402597,0.8378378378378378,0.41935483870967744
P0,42,3,1,15,False,0.23700086056039885,0.7511957506693545,0.9086093453774953,0.6285963382737576,0.7532693984306887,0.6347402597402597,0.8378378378378378,0.41935483870967744
P0,42,3,1,16,False,0.21789899840950966,0.7715065005102328,0.913404706144753,0.6150828247602441,0.7436791630340017,0.6188747731397459,0.8108108108108109,0.41935483870967744
P0,42,3,1,17,False,0.17885452236693639,0.7985719055292152,0.9468049514887922,0.6244551002615518,0.7419354838709677,0.6266666666666667,0.7972972972972973,0.45161290322580644
P0,42,3,1,18,False,0.126009134719005,0.7711685078662066,0.9781978365116538,0.7129468177855275,0.7236268526591108,0.6870031796502385,0.7162162162162162,0.7096774193548387
P0,42,3,1,19,False,0.10588549435711823,0.8333069284756979,0.9734024757443961,0.6593286835222318,0.7170880557977333,0.6546419098143237,0.7702702702702703,0.5483870967741935
P0,42,3,2,1,False,0.6804953467278253,0.6877120577015923,0.5639712292938099,0.5098173515981735,0.6091324200913242,0.44504310344827586,0.9863013698630136,0.03333333333333333
P0,42,3,2,2,False,0.704576693830036,0.6780100898835265,0.5081734960767219,0.5662100456621004,0.6538812785388128,0.5153173917218862,0.4657534246575342,0.6666666666666666
P0,42,3,2,3,False,0.6734232425689697,0.6591909122698515,0.5968831734960767,0.6255707762557078,0.6949771689497717,0.6361413043478261,0.9178082191780822,0.3333333333333333
P0,42,3,2,4,False,0.6709427470252627,0.6496891142095177,0.5319311246730601,0.6776255707762557,0.7054794520547946,0.6793497059840885,0.821917808219178,0.5333333333333333
P0,42,3,2,5,False,0.64407168059122,0.6182459743277541,0.6219485614646905,0.6589041095890411,0.719634703196347,0.6740506329113924,0.9178082191780822,0.4
P0,42,3,2,6,False,0.6397595785913013,0.6286136415398237,0.6244551002615518,0.6573059360730593,0.7470319634703196,0.6007751937984496,0.547945205479452,0.7666666666666667
P0,42,3,2,7,False,0.6539253720215389,0.5905467838916963,0.6195510026155188,0.702054794520548,0.7639269406392694,0.717032967032967,0.9041095890410958,0.5
P0,42,3,2,8,False,0.5631443267776852,0.5747362120637616,0.6891891891891893,0.7255707762557078,0.7726027397260274,0.7427572427572426,0.9178082191780822,0.5333333333333333
P0,42,3,2,9,False,0.5411768964358739,0.5840980332453274,0.7100043591979075,0.7433789954337899,0.7780821917808219,0.7186974789915966,0.7534246575342466,0.7333333333333333
P0,42,3,2,10,False,0.5330811001005626,0.5935939000648203,0.7007410636442895,0.6922374429223744,0.7726027397260274,0.7094871794871795,0.9178082191780822,0.4666666666666667
P0,42,3,2,11,False,0.4968533173913047,0.5729661696744197,0.7789886660854403,0.7089041095890412,0.791324200913242,0.7263757115749525,0.9178082191780822,0.5
P0,42,3,2,12,False,0.4381795272940681,0.5626035257450586,0.8275937227550131,0.7276255707762557,0.7926940639269406,0.7231182795698925,0.821917808219178,0.6333333333333333
P0,42,3,2,13,False,0.4059764101391747,0.5670353611117428,0.814843068875327,0.7404109589041096,0.7894977168949772,0.7235047782669386,0.7808219178082192,0.7
P0,42,3,2,14,False,0.38026790902728125,0.5733187704989053,0.8289014821272885,0.7493150684931507,0.7968036529680366,0.7080971659919029,0.6986301369863014,0.8
P0,42,3,2,15,False,0.3276917971315838,0.5626089060769498,0.891564952048823,0.760958904109589,0.8054794520547945,0.7506602112676056,0.821917808219178,0.7
P0,42,3,2,16,False,0.2863423031000864,0.5645018295176978,0.9178291194420227,0.7570776255707763,0.8022831050228311,0.7365728900255755,0.7808219178082192,0.7333333333333333
P0,42,3,2,17,False,0.22675140244620187,0.6534968472800209,0.9326503923278117,0.702054794520548,0.7954337899543379,0.717032967032967,0.9041095890410958,0.5
P0,42,3,2,18,False,0.2432890134198325,0.7027431014672066,0.9373365300784655,0.6755707762557077,0.791324200913242,0.6920577148056675,0.9178082191780822,0.43333333333333335
P0,42,3,2,19,False,0.18902275271358945,0.6882325946127327,0.9474716652136006,0.7353881278538812,0.8013698630136986,0.7490253411306043,0.9041095890410958,0.5666666666666667
P0,42,3,2,20,False,0.14992047406378248,0.601803102250238,0.967741935483871,0.7776255707762556,0.8164383561643835,0.7639934533551553,0.821917808219178,0.7333333333333333
P0,42,3,2,21,False,0.13504592058736653,0.6725953412287443,0.9669790758500436,0.7520547945205479,0.8100456621004566,0.7643588199879592,0.9041095890410958,0.6
P0,42,3,2,22,False,0.11531112584329786,0.6234009543668877,0.9690496948561464,0.7570776255707763,0.8168949771689498,0.7365728900255755,0.7808219178082192,0.7333333333333333
P0,42,3,2,23,False,0.11486929513159252,0.6086655641065061,0.970357454228422,0.7707762557077625,0.8237442922374429,0.7547619047619047,0.8082191780821918,0.7333333333333333
P0,42,3,2,24,False,0.07436226528315316,0.6810877820820485,0.9919354838709677,0.7550228310502283,0.8100456621004566,0.7600186393289842,0.8767123287671232,0.6333333333333333
P0,42,3,2,25,False,0.05679105838672036,0.7654343230053059,1.0,0.7452054794520548,0.8031963470319635,0.7547619047619047,0.8904109589041096,0.6
P0,42,3,2,26,False,0.04608099148387001,0.720488497065109,0.9919354838709677,0.7579908675799086,0.8068493150684931,0.7554550593555681,0.8493150684931506,0.6666666666666666
P0,42,3,2,27,False,0.030851619114123638,0.8103467153692708,1.0,0.7353881278538812,0.810958904109589,0.7490253411306043,0.9041095890410958,0.5666666666666667
P0,42,3,2,28,True,0.044429411215796355,0.7961723248935441,0.9919354838709677,0.7853881278538812,0.8050228310502283,0.7938302131166843,0.9041095890410958,0.6666666666666666
P0,42,3,2,29,False,0.031394484248899276,0.8111565257739095,0.9919354838709677,0.7716894977168949,0.7981735159817351,0.7743572005073216,0.8767123287671232,0.6666666666666666
P0,42,3,2,30,False,0.033224710893063315,0.7438138949060903,0.9919354838709677,0.7579908675799086,0.8105022831050228,0.7554550593555681,0.8493150684931506,0.6666666666666666
P0,42,3,2,31,False,0.023474304617515634,0.8220528841597362,1.0,0.7618721461187214,0.7981735159817351,0.7695749440715884,0.8904109589041096,0.6333333333333333
P0,42,3,2,32,False,0.020813709869980813,0.7997608022782409,1.0,0.7648401826484018,0.8,0.7648401826484018,0.863013698630137,0.6666666666666666
P0,42,3,2,33,False,0.019894138155948548,0.824711010872739,1.0,0.7716894977168949,0.7958904109589041,0.7743572005073216,0.8767123287671232,0.6666666666666666
P0,42,3,2,34,False,0.016661023987191066,0.8561891369449283,1.0,0.7550228310502283,0.7922374429223744,0.7600186393289842,0.8767123287671232,0.6333333333333333
P0,42,3,2,35,False,0.01485991897504954,0.8213709780892122,1.0,0.7648401826484018,0.7949771689497717,0.7648401826484018,0.863013698630137,0.6666666666666666
P0,42,3,2,36,False,0.013389346606674648,0.868388615186932,1.0,0.7716894977168949,0.7958904109589041,0.7743572005073216,0.8767123287671232,0.6666666666666666
P0,42,3,2,37,False,0.012380819563709554,0.8679521905565725,1.0,0.7452054794520548,0.7945205479452054,0.7547619047619047,0.8904109589041096,0.6
P0,42,3,2,38,False,0.011615405137473275,0.872415119293824,1.0,0.7550228310502283,0.7945205479452054,0.7600186393289842,0.8767123287671232,0.6333333333333333
P0,42,3,2,39,False,0.011575773968139575,0.8581857713102137,1.0,0.7716894977168949,0.7954337899543379,0.7743572005073216,0.8767123287671232,0.6666666666666666
P0,42,3,2,40,False,0.011033233476891405,0.8665961736035579,1.0,0.7481735159817351,0.7926940639269406,0.7506053268765134,0.863013698630137,0.6333333333333333
P0,42,4,0,1,False,0.711769027205614,0.7035165434791928,0.46910895505743283,0.5,0.6857018308631212,0.22794117647058823,0.0,1.0
P0,42,4,0,2,False,0.7073820760616889,0.6753095445178804,0.5200736032117765,0.5483870967741935,0.7197035745422842,0.5086898395721925,1.0,0.0967741935483871
P0,42,4,0,3,False,0.6807983609346243,0.6708041662261599,0.5836957733913237,0.6401482127288578,0.7244986922406277,0.6124708624708624,0.6351351351351351,0.6451612903225806
P0,42,4,0,4,False,0.6772957329566662,0.6454996858324323,0.5892717742834839,0.6567131647776809,0.7231909328683522,0.6567131647776809,0.7972972972972973,0.5161290322580645
P0,42,4,0,5,False,0.6730875097788297,0.621611571879614,0.5656295305007248,0.6732781168265038,0.7127288578901482,0.693796394485684,0.9594594594594594,0.3870967741935484
P0,42,4,0,6,False,0.6368577434466436,0.6002950120539893,0.6206646593063455,0.6743679163034002,0.7362685265911072,0.6834415584415585,0.8648648648648649,0.4838709677419355
P0,42,4,0,7,False,0.6326003750929465,0.5793516652924674,0.6680049068807851,0.6743679163034002,0.7476024411508283,0.6834415584415585,0.8648648648648649,0.4838709677419355
P0,42,4,0,8,False,0.6009531456690568,0.5700685739517212,0.6738597078175532,0.694202266782912,0.7733217088055798,0.6785714285714286,0.7432432432432432,0.6451612903225806
P0,42,4,0,9,False,0.5758732637533774,0.5727844326269059,0.7040258726441396,0.7103312990409765,0.7689625108979947,0.691458101124734,0.7432432432432432,0.6774193548387096
P0,42,4,0,10,False,0.5767708443678342,0.5681288029466357,0.7190253150440504,0.713382737576286,0.7654751525719268,0.7230822153422773,0.8783783783783784,0.5483870967741935
P0,42,4,0,11,False,0.5081747690072427,0.5874858796596527,0.7648042823686851,0.6691368788142982,0.7741935483870968,0.685,0.918918918918919,0.41935483870967744
P0,42,4,0,12,False,0.4916135628636067,0.5906793859742937,0.7648042823686851,0.6878814298169137,0.7707061900610288,0.7008547008547008,0.8918918918918919,0.4838709677419355
P0,42,4,0,13,False,0.4800487389931312,0.5669220385097322,0.755046280807405,0.7197035745422842,0.7676547515257193,0.6955304469553045,0.7297297297297297,0.7096774193548387
P0,42,4,0,14,False,0.4109097100221194,0.5918031681151618,0.7784097245455559,0.7212292938099389,0.7707061900610288,0.7127525252525252,0.7972972972972973,0.6451612903225806
P0,42,4,0,15,False,0.37781195170604265,0.6012472144195011,0.8274227723876435,0.7373583260680034,0.7602441150828247,0.726020248408308,0.7972972972972973,0.6774193548387096
P0,42,4,0,16,False,0.3388315702860172,0.7244862731013979,0.867793018846883,0.6394943330427201,0.7602441150828247,0.6503884572697003,0.8918918918918919,0.3870967741935484
P0,42,4,0,17,False,0.3034188145628342,0.667917780152389,0.876603100256496,0.6931124673060156,0.7506538796861377,0.6966666666666665,0.8378378378378378,0.5483870967741935
P0,42,4,0,18,False,0.25071604206011844,0.6755386326994215,0.912010705921713,0.6634699215344377,0.7523975588491717,0.6649796457256024,0.8108108108108109,0.5161290322580645
P0,42,4,0,19,True,0.21466240730996317,0.6852863111666271,0.9352068696330991,0.7628596338273758,0.7493461203138623,0.7428571428571429,0.7837837837837838,0.7419354838709677
P0,42,4,0,20,False,0.21934540970967367,0.684252550204595,0.9331995093119215,0.7399738448125546,0.7432432432432432,0.7214285714285714,0.7702702702702703,0.7096774193548387
P0,42,4,0,21,False,0.16644446809704488,0.7944550161560376,0.9550016728002676,0.6676111595466434,0.7467306015693113,0.6749226006191951,0.8513513513513513,0.4838709677419355
P0,42,4,0,22,False,0.15727569807607394,0.7659502982383682,0.9516003122560499,0.6769834350479511,0.7436791630340017,0.6817824671680324,0.8378378378378378,0.5161290322580645
P0,42,4,0,23,False,0.10028619749041703,0.9102072780685765,0.9897959183673469,0.6421098517872712,0.7449869224062773,0.650997150997151,0.8648648648648649,0.41935483870967744
P0,42,4,0,24,False,0.10378226516051935,0.8678237899250928,0.9734024757443961,0.681124673060157,0.7441150828247602,0.6920821114369502,0.8783783783783784,0.4838709677419355
P0,42,4,0,25,False,0.08444575485415183,0.8621520936489105,0.9931972789115646,0.7051002615518744,0.7375762859633828,0.6992042440318302,0.7972972972972973,0.6129032258064516
P0,42,4,0,26,False,0.06908643102416626,0.8843933186005979,0.9931972789115646,0.6702266782911944,0.7340889276373147,0.6733333333333333,0.8243243243243243,0.5161290322580645
P0,42,4,0,27,False,0.06268631652570687,0.8983474190391245,0.9931972789115646,0.7051002615518744,0.7367044463818657,0.6992042440318302,0.7972972972972973,0.6129032258064516
P0,42,4,0,28,False,0.042864674057524935,0.9247213890864736,0.9931972789115646,0.7092414995640802,0.7401918047079338,0.7111893497634504,0.8378378378378378,0.5806451612903226
P0,42,4,0,29,False,0.046879805373744324,0.9144044930381434,0.9965986394557823,0.6837401918047079,0.7297297297297297,0.6903357531760436,0.8513513513513513,0.5161290322580645
P0,42,4,0,30,False,0.034372655065873496,0.9806838832884317,0.9884019181443069,0.7066259808195292,0.7336530078465562,0.7141560798548094,0.8648648648648649,0.5483870967741935
P0,42,4,0,31,False,0.03376416340828515,1.0015360359457277,0.9965986394557823,0.6904969485614647,0.7367044463818657,0.6990024079807362,0.8648648648648649,0.5161290322580645
P0,42,4,1,1,False,0.7002122585590069,0.703002599307469,0.5204639232742277,0.5,0.576721883173496,0.22794117647058823,0.0,1.0
P0,42,4,1,2,False,0.6851664047974807,0.6829642994063241,0.5382513661202186,0.5775937227550131,0.6142109851787271,0.5800000000000001,0.8648648648648649,0.2903225806451613
P0,42,4,1,3,False,0.6659605021660144,0.6814682966186887,0.5944016951042712,0.6375326939843069,0.6360069747166521,0.6162962962962963,0.6621621621621622,0.6129032258064516
P0,42,4,1,4,False,0.6318863572982641,0.6727122193291074,0.5979145756663321,0.6525719267654752,0.6495204882301656,0.6464646464646464,0.7567567567567568,0.5483870967741935
P0,42,4,1,5,False,0.5988947978386512,0.6830530671846299,0.6078398572543772,0.6203138622493461,0.6556233653007847,0.6179366438356164,0.7567567567567568,0.4838709677419355
P0,42,4,1,6,False,0.5295686297691785,0.7319140224229722,0.716850674696108,0.6370967741935484,0.6582388840453357,0.5744288872512897,0.5,0.7741935483870968
P0,42,4,1,7,False,0.5346751625721271,0.7165767859844935,0.7510315601650497,0.6052746294681779,0.6678291194420227,0.5905409459054094,0.6621621621621622,0.5483870967741935
P0,42,4,1,8,False,0.4796446326833505,0.7380815041916711,0.7612356417977026,0.6192240627724499,0.6761115954664342,0.6260683760683761,0.8513513513513513,0.3870967741935484
P0,42,4,1,9,False,0.46468574897601056,0.7111023946886971,0.7626296420207428,0.6338273757628596,0.6839581517000872,0.6338273757628596,0.7837837837837838,0.4838709677419355
P0,42,4,1,10,False,0.48192097733800227,0.7179280678431194,0.7570536411285826,0.6562772449869223,0.6896251089799477,0.624601410764325,0.6351351351351351,0.6774193548387096
P0,42,4,1,11,False,0.43244025541039616,0.7764845974388577,0.8227946916471507,0.6218395815170009,0.6769834350479512,0.6267629858961129,0.8243243243243243,0.41935483870967744
P0,42,4,1,12,False,0.40250464328206503,0.8051440158770198,0.8070146091223375,0.6285963382737576,0.6891891891891891,0.6347402597402597,0.8378378378378378,0.41935483870967744
P0,42,4,1,13,False,0.34077471838547635,0.7865149130423864,0.8813984610237537,0.6405841325196164,0.6887532693984307,0.6418747937066783,0.7972972972972973,0.4838709677419355
P0,42,4,1,14,False,0.2967853798316075,0.8353422489194643,0.8813984610237537,0.6447253705318221,0.6852659110723627,0.6508427932576539,0.8378378378378378,0.45161290322580644
P0,42,4,1,15,False,0.31713364072717154,0.9117130399282489,0.8772164603546337,0.6285963382737576,0.6865736704446382,0.6347402597402597,0.8378378378378378,0.41935483870967744
P0,42,4,1,16,False,0.2910215760079714,0.9860292900176275,0.8520129363220699,0.6259808195292067,0.6891891891891891,0.6340584064415334,0.8648648648648649,0.3870967741935484
P0,42,4,1,17,False,0.26798357327397054,0.883193426543758,0.8820118211218914,0.6405841325196164,0.6926765475152572,0.6418747937066783,0.7972972972972973,0.4838709677419355
P0,42,4,1,18,False,0.2012599166482687,0.8890830501914024,0.95020631203301,0.6270706190061028,0.6918047079337402,0.6258503401360545,0.7702702702702703,0.4838709677419355
P0,42,4,1,19,False,0.18925752863287926,0.9532383055736621,0.9679937548790007,0.6405841325196164,0.6874455100261552,0.6418747937066783,0.7972972972972973,0.4838709677419355
P0,42,4,1,20,False,0.1477156883965318,0.9492633095099813,0.9665997546559607,0.6540976460331299,0.6965998256320837,0.6582107980693681,0.8243243243243243,0.4838709677419355
P0,42,4,1,21,False,0.16237362287938595,1.0301172124488014,0.9584030333444853,0.6608544027898866,0.6961639058413251,0.6665154264972777,0.8378378378378378,0.4838709677419355
P0,42,4,1,22,False,0.1470942634086196,1.0517169682641647,0.9781978365116538,0.6176983435047951,0.6891891891891891,0.6187699416877545,0.7837837837837838,0.45161290322580644
P0,42,4,1,23,False,0.10355779163252848,1.1401352685410528,0.9781978365116538,0.6285963382737576,0.6909328683522232,0.6347402597402597,0.8378378378378378,0.41935483870967744
P0,42,4,1,24,False,0.09643424159059158,1.057968085886733,0.9815991970558715,0.6567131647776809,0.6987794245858762,0.6567131647776809,0.7972972972972973,0.5161290322580645
P0,42,4,1,25,False,0.08755135887230818,1.1869624034168997,0.9747964759674361,0.6353530950305144,0.6992153443766347,0.6428152492668622,0.8513513513513513,0.41935483870967744
P0,42,4,1,26,True,0.08790954850757352,1.0900531504702355,0.9815991970558715,0.6728421970357454,0.6970357454228422,0.6712018140589568,0.7972972972972973,0.5483870967741935
P0,42,4,1,27,False,0.0597074177975838,1.325027148315816,0.9931972789115646,0.6259808195292067,0.6918047079337402,0.6340584064415334,0.8648648648648649,0.3870967741935484
P0,42,4,1,28,False,0.07843100637770616,1.1983308321053516,0.9747964759674361,0.6676111595466434,0.6935483870967742,0.6749226006191951,0.8513513513513513,0.4838709677419355
P0,42,4,1,29,False,0.06894525566783088,1.2194074066311476,0.9815991970558715,0.6379686137750654,0.6996512641673932,0.6426950998185117,0.8243243243243243,0.45161290322580644
P0,42,4,1,30,False,0.04374634467351895,1.181924743024588,0.9918032786885246,0.6702266782911944,0.6974716652136007,0.6733333333333333,0.8243243243243243,0.5161290322580645
P0,42,4,1,31,False,0.04598087165504694,1.1718664615592431,0.9918032786885246,0.6458151700087184,0.6965998256320837,0.6383467278989667,0.7432432432432432,0.5483870967741935
P0,42,4,1,32,False,0.0401746343749647,1.1910212587121696,0.9918032786885246,0.6728421970357454,0.6965998256320837,0.6712018140589568,0.7972972972972973,0.5483870967741935
P0,42,4,1,33,False,0.03350258606056181,1.1472896212445838,0.9850005576000892,0.6458151700087184,0.6983435047951178,0.6383467278989667,0.7432432432432432,0.5483870967741935
P0,42,4,1,34,False,0.04087067186796608,1.228969862340905,0.9918032786885246,0.6728421970357454,0.6961639058413251,0.6712018140589568,0.7972972972972973,0.5483870967741935
P0,42,4,1,35,False,0.02574305687672817,1.2531536585418508,0.9965986394557823,0.6567131647776809,0.6909328683522232,0.6567131647776809,0.7972972972972973,0.5161290322580645
P0,42,4,1,36,False,0.028713484017106775,1.3088173723313958,0.9965986394557823,0.6634699215344377,0.6900610287707062,0.6649796457256024,0.8108108108108109,0.5161290322580645
P0,42,4,1,37,False,0.026696771598206118,1.273069131972512,1.0,0.6567131647776809,0.6900610287707062,0.6567131647776809,0.7972972972972973,0.5161290322580645
P0,42,4,1,38,False,0.021106235324763335,1.301365750694337,1.0,0.6567131647776809,0.6861377506538797,0.6567131647776809,0.7972972972972973,0.5161290322580645
P0,42,4,2,1,False,0.710433244137537,0.6847885175816064,0.4675239755884917,0.5166666666666667,0.6,0.44940092165898615,1.0,0.03333333333333333
P0,42,4,2,2,False,0.6989679228691827,0.6842557284438494,0.5053400174367917,0.5184931506849315,0.6378995433789955,0.3412790697674419,0.136986301369863,0.9
P0,42,4,2,3,False,0.6637546153295608,0.6656586255842042,0.634590235396687,0.5794520547945206,0.6584474885844749,0.5730078304928604,0.958904109589041,0.2
P0,42,4,2,4,False,0.6842842669714064,0.6566525362070325,0.5377070619006102,0.5764840182648402,0.6726027397260274,0.5624183006535948,0.9863013698630136,0.16666666666666666
P0,42,4,2,5,False,0.6691651934669132,0.6452865473275046,0.5771578029642546,0.6363013698630137,0.7146118721461188,0.6498152254249815,0.9726027397260274,0.3
P0,42,4,2,6,False,0.6510590689522879,0.605928023463314,0.6257628596338274,0.6618721461187215,0.7429223744292237,0.6742567994939912,0.8904109589041096,0.43333333333333335
P0,42,4,2,7,False,0.6185113407316662,0.5897630696157807,0.6512641673931996,0.6981735159817352,0.7945205479452054,0.7057142857142857,0.863013698630137,0.5333333333333333
P0,42,4,2,8,False,0.5773960686865307,0.5989002047233212,0.7069529206625981,0.6490867579908676,0.7977168949771689,0.6641304347826087,0.9315068493150684,0.36666666666666664
P0,42,4,2,9,False,0.5614332857586088,0.5637865737803931,0.7066259808195292,0.7168949771689497,0.8077625570776256,0.7013851605282937,0.7671232876712328,0.6666666666666666
P0,42,4,2,10,False,0.5280598700046539,0.5445371478506662,0.7373583260680034,0.710958904109589,0.8159817351598173,0.7088750706613907,0.821917808219178,0.6
P0,42,4,2,11,False,0.5045775700183142,0.5425614263247518,0.7958805579773321,0.7365296803652968,0.810958904109589,0.7098591549295774,0.7397260273972602,0.7333333333333333
P0,42,4,2,12,False,0.4661830709094093,0.5193129610089422,0.7651482127288578,0.7285388127853881,0.8305936073059361,0.7395544852498495,0.8904109589041096,0.5666666666666667
P0,42,4,2,13,False,0.42903417334670113,0.5258931899533689,0.7958805579773321,0.7089041095890412,0.8324200913242009,0.7263757115749525,0.9178082191780822,0.5
P0,42,4,2,14,False,0.4151671148481823,0.51434028727337,0.7953356582388841,0.7374429223744292,0.8228310502283105,0.727992957746479,0.8082191780821918,0.6666666666666666
P0,42,4,2,15,False,0.3273078590631485,0.5387404370076448,0.8606146469049696,0.6678082191780822,0.8095890410958904,0.6725538678912045,0.8356164383561644,0.5
P0,42,4,2,16,False,0.3122477126973016,0.5209518451135136,0.8928727114210986,0.7011415525114155,0.8164383561643835,0.7031015796148968,0.8356164383561644,0.5666666666666667
P0,42,4,2,17,False,0.290220483427956,0.5239431748112429,0.8923278116826504,0.7561643835616438,0.8118721461187215,0.7169465648854962,0.7123287671232876,0.8
P0,42,4,2,18,False,0.22413408997512999,0.5084309780481949,0.9339581517000872,0.7472602739726026,0.8210045662100457,0.7324675324675325,0.7945205479452054,0.7
P0,42,4,2,19,False,0.19330728167579286,0.5421256208882749,0.9656713164777682,0.691324200913242,0.8036529680365296,0.6968091369363005,0.8493150684931506,0.5333333333333333
P0,42,4,2,20,False,0.1793920008554345,0.5176916446500611,0.9521578029642546,0.7178082191780821,0.8200913242009132,0.7178082191780821,0.8356164383561644,0.6
P0,42,4,2,21,True,0.12898338493846712,0.5507668343562524,0.9690496948561464,0.7591324200913242,0.8045662100456621,0.7111378205128205,0.684931506849315,0.8333333333333334
P0,42,4,2,22,False,0.12167285155682336,0.5785252365093787,0.9771142109851787,0.6981735159817352,0.7917808219178082,0.7057142857142857,0.863013698630137,0.5333333333333333
P0,42,4,2,23,False,0.07993589710621607,0.564386496266115,0.9885571054925893,0.6844748858447489,0.8100456621004566,0.6880242311276794,0.8356164383561644,0.5333333333333333
P0,42,4,2,24,False,0.07176568117879686,0.6327286061731358,0.9919354838709677,0.7118721461187214,0.7872146118721461,0.7239278752436648,0.8904109589041096,0.5333333333333333
P0,42,4,2,25,False,0.048314907384060676,0.631386011838913,1.0,0.6844748858447489,0.7899543378995434,0.6880242311276794,0.8356164383561644,0.5333333333333333
P0,42,4,2,26,False,0.045349100764308654,0.6523095392486424,0.9966216216216216,0.702054794520548,0.7977168949771689,0.717032967032967,0.9041095890410958,0.5
P0,42,4,2,27,False,0.03439424907167753,0.6505837996029159,1.0,0.6815068493150684,0.7904109589041096,0.6899458157736302,0.863013698630137,0.5
P0,42,4,2,28,False,0.03255834983927863,0.6041418522307016,1.0,0.7237442922374429,0.8022831050228311,0.7101731601731601,0.7808219178082192,0.6666666666666666
P0,42,4,2,29,False,0.02807839797543628,0.6457768837803776,1.0,0.6981735159817352,0.7945205479452054,0.7057142857142857,0.863013698630137,0.5333333333333333
P0,42,4,2,30,False,0.021681490487286022,0.6611489445260428,1.0,0.6746575342465753,0.7977168949771689,0.6811904761904762,0.8493150684931506,0.5
P0,42,4,2,31,False,0.018064764416998343,0.7006860407232081,1.0,0.6952054794520548,0.7835616438356164,0.7078554692317178,0.8904109589041096,0.5
P0,42,4,2,32,False,0.015551421809054557,0.6499209950849848,1.0,0.710958904109589,0.7936073059360731,0.7088750706613907,0.821917808219178,0.6
P0,42,4,2,33,False,0.016483643278479575,0.6560618449183344,1.0,0.7041095890410959,0.7954337899543379,0.7000448028673836,0.8082191780821918,0.6
P0,43,0,0,1,False,0.7138464602028451,0.7229218255905878,0.5168330624564662,0.5,0.5636442894507411,0.22794117647058823,0.0,1.0
P0,43,0,0,2,False,0.6835285529857729,0.6853423464865912,0.5105061527745531,0.5573234524847428,0.5714908456843941,0.5583463526018508,0.8243243243243243,0.2903225806451613
P0,43,0,0,3,False,0.6967193228442494,0.6907918277240935,0.508938936614813,0.49324324324324326,0.5749782040104621,0.41011235955056174,0.9864864864864865,0.0
P0,43,0,0,4,False,0.6758239245996243,0.6888650678452991,0.562804736475505,0.5690932868352223,0.5993897122929381,0.40853264382676147,0.20270270270270271,0.9354838709677419
P0,43,0,0,5,False,0.6558462459866593,0.6725864308221,0.6019270954260506,0.5671316477768091,0.6076721883173496,0.5501835985312117,0.972972972972973,0.16129032258064516
P0,43,0,0,6,False,0.6307258097136893,0.6802578540075392,0.658695147434409,0.5050130775937227,0.6224934612031386,0.4451530612244898,0.36486486486486486,0.6451612903225806
P0,43,0,0,7,False,0.609108375921482,0.6532953773226057,0.6291502205711632,0.6098517872711422,0.6373147340889277,0.616601752677702,0.8648648648648649,0.3548387096774194
P0,43,0,0,8,False,0.5539353548026666,0.6303959982735771,0.7176689110749942,0.6296861377506539,0.6713164777680907,0.6243686868686869,0.7432432432432432,0.5161290322580645
P0,43,0,0,9,False,0.5218063517314632,0.6254594507671538,0.7346180636173671,0.6214036617262424,0.6922406277244987,0.6035373608903021,0.6621621621621622,0.5806451612903226
P0,43,0,0,10,False,0.4788471389107588,0.6205598553021748,0.7840143951706524,0.6588927637314734,0.7166521360069747,0.6198551829268293,0.6081081081081081,0.7096774193548387
P0,43,0,0,11,True,0.43270832329261594,0.6043209785506839,0.787439052704899,0.7170880557977333,0.7306015693112468,0.7000000000000001,0.7567567567567568,0.6774193548387096
P0,43,0,0,12,False,0.35929931867413406,0.6644262122256416,0.8806593916879499,0.5775937227550131,0.7249346120313862,0.5800000000000001,0.8648648648648649,0.2903225806451613
P0,43,0,0,13,False,0.2866232085882164,0.6962233716533297,0.9334803807754818,0.5937227550130776,0.7345248474280732,0.5985941546429893,0.8648648648648649,0.3225806451612903
P0,43,0,0,14,False,0.2508533480327304,0.7159432951893125,0.9098560482934757,0.5963382737576286,0.7362685265911072,0.6011396011396011,0.8378378378378378,0.3548387096774194
P0,43,0,0,15,False,0.22177486892153578,0.7176795353492101,0.9150801021592756,0.555797733217088,0.7105492589363557,0.5566666666666666,0.7567567567567568,0.3548387096774194
P0,43,0,0,16,False,0.1854897202696742,0.8798967113452298,0.9388785697701416,0.5749782040104621,0.7175239755884917,0.5751207414175695,0.8918918918918919,0.25806451612903225
P0,43,0,0,17,False,0.1381761948873357,0.7726750934407824,0.9659275597863942,0.5516564952048824,0.6979075850043592,0.550513698630137,0.7162162162162162,0.3870967741935484
P0,43,0,0,18,False,0.08626528291440591,0.7733653619175865,0.9915254237288136,0.6458151700087184,0.6979075850043592,0.6383467278989667,0.7432432432432432,0.5483870967741935
P0,43,0,0,19,False,0.07197646433260382,0.9568399979688582,0.9965753424657534,0.5573234524847428,0.7236268526591108,0.5583463526018508,0.8243243243243243,0.2903225806451613
P0,43,0,0,20,False,0.05423232458713578,0.8741511146404913,0.9915254237288136,0.5812990409764603,0.6922406277244987,0.5804988662131518,0.7432432432432432,0.41935483870967744
P0,43,0,0,21,False,0.04271905380414753,0.8778277494190704,0.9965753424657534,0.6109415867480383,0.7053182214472538,0.6109415867480383,0.7702702702702703,0.45161290322580644
P0,43,0,0,22,False,0.029571524980228123,1.0335722294369978,1.0,0.5505666957279861,0.7066259808195292,0.5512820512820513,0.8108108108108109,0.2903225806451613
P0,43,0,0,23,False,0.025194033012702698,1.1588675553588905,1.0,0.5614646904969486,0.7214472537053183,0.5607808340727595,0.8648648648648649,0.25806451612903225
P0,43,0,1,1,False,0.6961972031040468,0.6762696128447079,0.5151360544217687,0.5863013698630137,0.6552511415525114,0.5805137844611529,0.9726027397260274,0.2
P0,43,0,1,2,False,0.6977229832451125,0.6745456121500256,0.49030612244897964,0.5333333333333333,0.6785388127853881,0.48204022988505746,1.0,0.06666666666666667
P0,43,0,1,3,False,0.6770630144842581,0.6662257250072887,0.5517006802721088,0.5961187214611872,0.6648401826484018,0.5966867469879518,0.958904109589041,0.23333333333333334
P0,43,0,1,4,False,0.6661232234775156,0.6532981065870489,0.6129251700680272,0.641324200913242,0.6634703196347032,0.648635477582846,0.8493150684931506,0.43333333333333335
P0,43,0,1,5,False,0.6505125896366322,0.6616379786463618,0.5914965986394558,0.5986301369863014,0.6616438356164384,0.513416477702192,0.3972602739726027,0.8
P0,43,0,1,6,False,0.6022497645898718,0.6357040150651654,0.6989795918367347,0.6335616438356164,0.6611872146118721,0.6308243727598566,0.7671232876712328,0.5
P0,43,0,1,7,False,0.5512298426190436,0.6598571758825802,0.726360544217687,0.623972602739726,0.6707762557077626,0.5778688524590164,0.547945205479452,0.7
P0,43,0,1,8,False,0.5150229657329799,0.6735124512783532,0.7316326530612245,0.5965753424657534,0.6794520547945205,0.5437211093990755,0.4931506849315068,0.7
P0,43,0,1,9,False,0.4932995087282669,0.6719355085521068,0.7853741496598639,0.6178082191780823,0.6744292237442923,0.6235380116959065,0.8356164383561644,0.4
P0,43,0,1,10,False,0.4554327876095611,0.6571283814976516,0.7782312925170067,0.6493150684931507,0.6926940639269407,0.6321428571428572,0.6986301369863014,0.6
P0,43,0,1,11,False,0.3634008635645327,0.6866632248591451,0.8425170068027211,0.6276255707762557,0.6867579908675799,0.6321428571428571,0.821917808219178,0.43333333333333335
P0,43,0,1,12,True,0.3003417486729829,0.6908106485616814,0.8909863945578231,0.6865296803652967,0.6926940639269407,0.6707161125319693,0.7397260273972602,0.6333333333333333
P0,43,0,1,13,False,0.23730131047935302,0.7345084177637563,0.9261904761904762,0.6178082191780823,0.6954337899543379,0.6235380116959065,0.8356164383561644,0.4
P0,43,0,1,14,False,0.16974011315527746,0.7931327570989294,0.9545918367346938,0.5993150684931507,0.6662100456621004,0.5907870718350693,0.6986301369863014,0.5
P0,43,0,1,15,False,0.1630244250026878,0.7315586539148127,0.9515306122448979,0.6865296803652967,0.7164383561643836,0.6707161125319693,0.7397260273972602,0.6333333333333333
P0,43,0,1,16,False,0.11210157646649126,0.8002691072167702,0.9799319727891156,0.6394977168949771,0.7031963470319634,0.6268115942028986,0.7123287671232876,0.5666666666666667
P0,43,0,1,17,False,0.06534407017887503,0.9094202200185906,0.9916666666666667,0.6335616438356164,0.6767123287671233,0.6308243727598566,0.7671232876712328,0.5
P0,43,0,1,18,False,0.0566259434779629,0.9390238610286157,0.9965986394557823,0.6168949771689498,0.6698630136986301,0.6157150932730356,0.7671232876712328,0.4666666666666667
P0,43,0,1,19,False,0.03284714172103843,1.001603855670077,1.0,0.6070776255707763,0.6726027397260274,0.6080940850916638,0.7808219178082192,0.43333333333333335
P0,43,0,1,20,False,0.025068295307475445,1.0268875736634708,1.0,0.5904109589041096,0.6789954337899543,0.5920316868592731,0.7808219178082192,0.4
P0,43,0,1,21,False,0.017332656448482028,1.1392558136032622,1.0,0.5942922374429224,0.6607305936073059,0.5984405458089669,0.821917808219178,0.36666666666666664
P0,43,0,1,22,False,0.016723342758382935,1.0453719398350392,1.0,0.5972602739726027,0.6835616438356165,0.5997880607559166,0.7945205479452054,0.4
P0,43,0,1,23,False,0.014617628966804576,1.1857712002633845,1.0,0.5776255707762556,0.6607305936073059,0.5808361080281169,0.821917808219178,0.3333333333333333
P0,43,0,1,24,False,0.011303698970229873,1.1487238974247165,1.0,0.5737442922374429,0.6639269406392694,0.5755327917108206,0.7808219178082192,0.36666666666666664
P0,43,0,2,1,False,0.7151424265824832,0.6821465515622905,0.5229731236756998,0.5172413793103449,0.6915446386395843,0.4528735632183908,1.0,0.034482758620689655
P0,43,0,2,2,False,0.6921900373238784,0.6771067451028263,0.5150552024088324,0.5621162021728862,0.7061880018894662,0.5411764705882353,0.9863013698630136,0.13793103448275862
P0,43,0,2,3,False,0.6842104242398188,0.6720166790719125,0.5597189695550351,0.5899858290033065,0.7170524326877658,0.5943181818181817,0.9041095890410958,0.27586206896551724
P0,43,0,2,4,False,0.6590470327780797,0.6635230230350121,0.565741050518568,0.6495040151157299,0.7326405290505432,0.6182952182952183,0.6438356164383562,0.6551724137931034
P0,43,0,2,5,False,0.6785610547432532,0.6754971941312155,0.5865395338463254,0.5517241379310345,0.7501180916391119,0.5181686046511628,1.0,0.10344827586206896
P0,43,0,2,6,False,0.6612001519936782,0.6707765740506789,0.6012044161927066,0.5862068965517242,0.7557864903164856,0.5764705882352941,1.0,0.1724137931034483
P0,43,0,2,7,False,0.669409107703429,0.628515995016285,0.6062785770045723,0.6936702881435994,0.7605101558809636,0.6956677407805227,0.8356164383561644,0.5517241379310345
P0,43,0,2,8,False,0.592252431007532,0.6051673445047117,0.7448421991747518,0.7146905999055266,0.7723193197921587,0.6911764705882353,0.7397260273972602,0.6896551724137931
P0,43,0,2,9,True,0.5513704499373069,0.5858749922584084,0.7375933980149436,0.7489371752479925,0.7727916863486065,0.7359000337723742,0.8082191780821918,0.6896551724137931
P0,43,0,2,10,False,0.5008931182898008,0.5841569660925398,0.7702130032340806,0.6487954652810581,0.7699574870099197,0.6558790453579908,0.8493150684931506,0.4482758620689655
P0,43,0,2,11,False,0.45217465781248534,0.6007025978144478,0.8152113304338129,0.6384034010392065,0.7628719886632026,0.6470588235294117,0.863013698630137,0.41379310344827586
P0,43,0,2,12,False,0.3743116523210819,0.6226737025906058,0.8676257388201183,0.586679263108172,0.769485120453472,0.5913461538461539,0.863013698630137,0.3103448275862069
P0,43,0,2,13,False,0.3253200529859616,0.6334303927187827,0.8568082970893276,0.5833726972130373,0.7524799244213509,0.5870445344129555,0.821917808219178,0.3448275862068966
P0,43,0,2,14,False,0.2653698187607985,0.637625154911303,0.9160254265640682,0.6317902692489372,0.7529522909777988,0.6303915838690825,0.7808219178082192,0.4827586206896552
P0,43,0,2,15,False,0.21789191147455803,0.674697187016992,0.9284041485446638,0.5904581955597543,0.7321681624940954,0.5904581955597543,0.7671232876712328,0.41379310344827586
P0,43,0,2,16,False,0.1404297980838097,0.7634247506366056,0.9931972789115646,0.5833726972130373,0.7203589985829003,0.5870445344129555,0.821917808219178,0.3448275862068966
P0,43,0,2,17,False,0.11899200998819791,0.7568552225243812,0.9781978365116538,0.5869154463863958,0.7387812942843647,0.589261744966443,0.7945205479452054,0.3793103448275862
P0,43,0,2,18,False,0.08972280787733886,0.8058996048628115,0.9897959183673469,0.624940954180444,0.721303731695796,0.6222222222222222,0.7671232876712328,0.4827586206896552
P0,43,0,2,19,False,0.06830938719213009,0.8609435534944722,1.0,0.5973075106282475,0.7146905999055266,0.59828141783029,0.7808219178082192,0.41379310344827586
P0,43,0,2,20,False,0.055600968547738515,0.8321629026356865,0.9884019181443069,0.6180916391119509,0.7246102975909305,0.6141235813366961,0.7534246575342466,0.4827586206896552
P0,43,0,2,21,False,0.04809471062169625,0.8575454202352786,0.9965986394557823,0.6112423240434577,0.726027397260274,0.6060881417537483,0.7397260273972602,0.4827586206896552
P0,43,1,0,1,False,0.7430644029580452,0.6881658395131429,0.5035714285714286,0.5,0.6556233653007847,0.4134078212290503,1.0,0.0
P0,43,1,0,2,False,0.7065756571465645,0.6823583103361583,0.49965986394557826,0.5,0.6591107236268526,0.4134078212290503,1.0,0.0
P0,43,1,0,3,False,0.695169859174369,0.6780872736658369,0.5023809523809524,0.532258064516129,0.6704446381865736,0.4786851566512583,1.0,0.06451612903225806
P0,43,1,0,4,False,0.6727170627474209,0.683736637092772,0.5736394557823129,0.5176547515257193,0.6883173496076722,0.2932692307692308,0.06756756756756757,0.967741935483871
P0,43,1,0,5,False,0.6773791563683662,0.6732129704384576,0.5256802721088436,0.532258064516129,0.6800348735832606,0.4786851566512583,1.0,0.06451612903225806
P0,43,1,0,6,False,0.6659039143778852,0.6511278975577581,0.5624149659863946,0.6214036617262424,0.6865736704446382,0.6035373608903021,0.6621621621621622,0.5806451612903226
P0,43,1,0,7,False,0.6309481410012729,0.6643410427229745,0.6408163265306123,0.5882737576285963,0.6730601569311246,0.4856676342525399,0.33783783783783783,0.8387096774193549
P0,43,1,0,8,False,0.6041668765786765,0.6397766397112892,0.6840136054421768,0.6078901482127288,0.6599825632083697,0.5875883739198744,0.6351351351351351,0.5806451612903226
P0,43,1,0,9,False,0.5404284900225304,0.7043429025581904,0.7309523809523809,0.6181342632955537,0.6403661726242371,0.6262322015334064,0.9459459459459459,0.2903225806451613
P0,43,1,0,10,False,0.49899985652039014,0.6785806072609765,0.7612244897959184,0.5911072362685266,0.6708805579773321,0.5949074074074074,0.8918918918918919,0.2903225806451613
P0,43,1,0,11,False,0.4509126371231632,0.6874132934070769,0.7816326530612245,0.5786835222319093,0.6586748038360941,0.5800000000000001,0.7702702702702703,0.3870967741935484
P0,43,1,0,12,True,0.36394954418790515,0.6569186976977757,0.8539115646258504,0.6442894507410637,0.6813426329555362,0.6244038155802861,0.6756756756756757,0.6129032258064516
P0,43,1,0,13,False,0.3066852236715492,0.6825298719462894,0.8906462585034014,0.6323016564952049,0.6822144725370531,0.6222633364168979,0.7162162162162162,0.5483870967741935
P0,43,1,0,14,False,0.24934968532283525,0.7556183188444092,0.9360544217687075,0.6353530950305144,0.6769834350479512,0.6428152492668622,0.8513513513513513,0.41935483870967744
P0,43,1,0,15,False,0.217310665310293,0.7939715630773987,0.9280612244897959,0.6218395815170009,0.6817785527462947,0.6267629858961129,0.8243243243243243,0.41935483870967744
P0,43,1,0,16,False,0.15997153304625247,0.9154732356468837,0.9761904761904762,0.5843504795117699,0.6730601569311246,0.5874001774622892,0.8783783783783784,0.2903225806451613
P0,43,1,0,17,False,0.10181857577124656,1.0495663578311603,0.9931972789115646,0.5817349607672189,0.6665213600697472,0.5824496288441146,0.9054054054054054,0.25806451612903225
P0,43,1,0,18,False,0.08719219783869918,1.0400908630518686,1.0,0.5843504795117699,0.6765475152571927,0.5874001774622892,0.8783783783783784,0.2903225806451613
P0,43,1,0,19,False,0.05353819182961459,0.9669021850984011,1.0,0.5895815170008718,0.6931124673060157,0.5935483870967742,0.8243243243243243,0.3548387096774194
P0,43,1,0,20,False,0.05345687255767233,1.0713351406910945,0.9916666666666667,0.6004795117698344,0.6931124673060157,0.60625,0.8783783783783784,0.3225806451612903
P0,43,1,0,21,False,0.034160489630368024,1.0122056940260034,1.0,0.5828247602441151,0.6848299912816042,0.5860389610389609,0.8108108108108109,0.3548387096774194
P0,43,1,0,22,False,0.02380616942213641,1.0726222562891918,1.0,0.6098517872711422,0.7031386224934612,0.616601752677702,0.8648648648648649,0.3548387096774194
P0,43,1,0,23,False,0.02944478084859641,1.1592811234960598,1.0,0.6004795117698344,0.6883173496076722,0.60625,0.8783783783783784,0.3225806451612903
P0,43,1,0,24,False,0.018908015780762774,1.1092737935416932,1.0,0.5963382737576286,0.7048823016564952,0.6011396011396011,0.8378378378378378,0.3548387096774194
P0,43,1,1,1,False,0.7048599628301767,0.6831329235663781,0.49464703914352626,0.5432432432432432,0.6337837837837837,0.5077755240027046,0.9864864864864865,0.1
P0,43,1,1,2,False,0.6957915012653058,0.68599678002871,0.5543660086985615,0.5,0.663963963963964,0.41573033707865165,1.0,0.0
P0,43,1,1,3,False,0.6843127608299255,0.6791683022792523,0.5628415300546448,0.5117117117117117,0.6878378378378378,0.40296296296296297,0.25675675675675674,0.7666666666666667
P0,43,1,1,4,False,0.6704009404549232,0.6688708525437576,0.5784543325526932,0.6099099099099099,0.6815315315315316,0.5495291902071563,0.4864864864864865,0.7333333333333333
P0,43,1,1,5,False,0.6525668146518561,0.6688032700465276,0.6042712166833947,0.5554054054054054,0.6882882882882883,0.45187239944521496,0.3108108108108108,0.8
P0,43,1,1,6,False,0.6356632067607,0.638670068520766,0.6598081855693096,0.6441441441441441,0.7027027027027027,0.6102564102564102,0.6216216216216216,0.6666666666666666
P0,43,1,1,7,False,0.593029933480116,0.6854085692992578,0.7068138730902197,0.5716216216216217,0.7040540540540541,0.42841173730787147,0.24324324324324326,0.9
P0,43,1,1,8,False,0.5593400127612628,0.6109189070188082,0.7675922828147652,0.6648648648648648,0.7252252252252253,0.6504201680672269,0.7297297297297297,0.6
P0,43,1,1,9,False,0.47777615831448483,0.6245900300832895,0.8070146091223375,0.6018018018018019,0.7238738738738739,0.6018018018018019,0.7702702702702703,0.43333333333333335
P0,43,1,1,10,False,0.46938157024291843,0.621510950418619,0.7584476413516226,0.6545045045045045,0.713963963963964,0.6306443429731101,0.6756756756756757,0.6333333333333333
P0,43,1,1,11,True,0.36534943546240145,0.6544524431228638,0.8772164603546337,0.681081081081081,0.7022522522522523,0.6475279106858054,0.6621621621621622,0.7
P0,43,1,1,12,False,0.28591181710362434,0.7225849949396573,0.9011932641909223,0.6184684684684685,0.6977477477477477,0.6172632987621278,0.7702702702702703,0.4666666666666667
P0,43,1,1,13,False,0.2312856072989794,0.78345931493319,0.9338128694100591,0.6081081081081081,0.6941441441441442,0.6005121638924455,0.7162162162162162,0.5
P0,43,1,1,14,False,0.17599077293506035,0.8330478072166443,0.9352068696330991,0.5981981981981982,0.6837837837837838,0.59375,0.7297297297297297,0.4666666666666667
P0,43,1,1,15,False,0.1586974379248344,0.8783119699129691,0.9468049514887922,0.5882882882882883,0.6891891891891891,0.586389748121962,0.7432432432432432,0.43333333333333335
P0,43,1,1,16,False,0.1018474199450933,1.062066220320188,0.9815991970558715,0.5684684684684684,0.6779279279279279,0.5696551724137932,0.7702702702702703,0.36666666666666664
P0,43,1,1,17,False,0.07147522098742999,1.1390814666564648,0.9884019181443069,0.5414414414414415,0.6518018018018018,0.5404330534688466,0.7162162162162162,0.36666666666666664
P0,43,1,1,18,False,0.0490801060715547,1.1189800191384096,0.9931972789115646,0.6117117117117117,0.6761261261261261,0.6093680954485197,0.7567567567567568,0.4666666666666667
P0,43,1,1,19,False,0.036077267866438396,1.0934759435745387,1.0,0.6315315315315315,0.681981981981982,0.6227059325650874,0.7297297297297297,0.5333333333333333
P0,43,1,1,20,False,0.02067428085809717,1.247774984401006,1.0,0.554954954954955,0.6788288288288288,0.5549549549549548,0.7432432432432432,0.36666666666666664
P0,43,1,1,21,False,0.017726492853118822,1.3001861365941854,1.0,0.5716216216216217,0.6671171171171171,0.5708709713393554,0.7432432432432432,0.4
P0,43,1,1,22,False,0.014634683799858276,1.273295521736145,1.0,0.5815315315315315,0.6734234234234234,0.5787629994526546,0.7297297297297297,0.43333333333333335
P0,43,1,1,23,False,0.016624458241634645,1.3750803023576736,1.0,0.5481981981981981,0.6581081081081082,0.5476748076279692,0.7297297297297297,0.36666666666666664
P0,43,1,2,1,False,0.7034104329547243,0.6880719609630918,0.5351129818342933,0.5611872146118722,0.5538812785388127,0.5412955465587045,0.589041095890411,0.5333333333333333
P0,43,1,2,2,False,0.6945370321638846,0.681652924968201,0.5393221089942402,0.5294520547945205,0.5721461187214611,0.4950980392156863,0.958904109589041,0.1
P0,43,1,2,3,False,0.6656502944430666,0.699061560399324,0.5495680106335844,0.5312785388127854,0.5958904109589042,0.3184197530864198,0.0958904109589041,0.9666666666666667
P0,43,1,2,4,False,0.6535718627808768,0.6714939602370401,0.6097696056712449,0.5755707762557077,0.6018264840182649,0.5738336424596946,0.9178082191780822,0.23333333333333334
P0,43,1,2,5,False,0.6196074203441018,0.6659760266831778,0.6170801949490474,0.5582191780821918,0.6246575342465753,0.5438253167164486,0.6164383561643836,0.5
P0,43,1,2,6,False,0.589890557613099,0.6426544021634222,0.7019273371732389,0.5865296803652968,0.6689497716894978,0.5846774193548387,0.7397260273972602,0.43333333333333335
P0,43,1,2,7,False,0.5549427983863502,0.63199820217577,0.6787771377935312,0.5561643835616439,0.6794520547945205,0.5541125541125541,0.7123287671232876,0.4
P0,43,1,2,8,False,0.4831320497978247,0.7049009626351513,0.7776362428001773,0.5559360730593608,0.7036529680365297,0.541378780899739,0.9452054794520548,0.16666666666666666
P0,43,1,2,9,True,0.4312365214790454,0.6293912558879667,0.8316902968542312,0.6552511415525114,0.7045662100456621,0.6246963562753036,0.6438356164383562,0.6666666666666666
P0,43,1,2,10,False,0.4003470569991609,0.659292901603921,0.8447053610988038,0.5815068493150685,0.7301369863013699,0.5849473547380736,0.863013698630137,0.3
P0,43,1,2,11,False,0.3163113822206926,0.688620357258806,0.8842490031014621,0.6315068493150685,0.7168949771689498,0.6398601398601399,0.863013698630137,0.4
P0,43,1,2,12,False,0.2686802707790758,0.6592595374699936,0.8842490031014621,0.6257990867579908,0.7132420091324201,0.6105042016806723,0.684931506849315,0.5666666666666667
P0,43,1,2,13,False,0.2237154608993439,0.8506637742218462,0.9170358883473637,0.5687214611872146,0.728310502283105,0.5664983164983164,0.9041095890410958,0.23333333333333334
P0,43,1,2,14,False,0.20088690019805322,1.1115768142406224,0.9483828090385467,0.5657534246575342,0.6812785388127854,0.5584626755358462,0.9315068493150684,0.2
P0,43,1,2,15,False,0.17198357437002032,0.9019159651497035,0.9209127159946833,0.5815068493150685,0.6799086757990868,0.5849473547380736,0.863013698630137,0.3
P0,43,1,2,16,False,0.10559757788215528,0.8989363327188399,0.9768498006202924,0.6041095890410959,0.6799086757990868,0.6076190476190476,0.8082191780821918,0.4
P0,43,1,2,17,False,0.06956125738803279,0.9427827550369559,0.9884249003101462,0.580593607305936,0.682648401826484,0.5830952380952381,0.7945205479452054,0.36666666666666664
P0,43,1,2,18,False,0.0664698771294652,1.1526076039932307,0.9932432432432432,0.5883561643835616,0.6863013698630137,0.5925632911392404,0.8767123287671232,0.3
P0,43,1,2,19,False,0.04384351083028473,1.2665640727698224,0.9966216216216216,0.5853881278538813,0.6726027397260274,0.5877156659765355,0.9041095890410958,0.26666666666666666
P0,43,1,2,20,False,0.032826545376455386,1.265213882894192,1.0,0.5883561643835616,0.6744292237442923,0.5925632911392404,0.8767123287671232,0.3
P0,43,1,2,21,False,0.019629112102256187,1.2709253488235104,1.0,0.6011415525114155,0.6493150684931507,0.6062399802688371,0.8356164383561644,0.36666666666666664
P0,43,2,0,1,False,0.7182399489453449,0.7354805878230504,0.5064625850340136,0.5,0.6390584132519617,0.22794117647058823,0.0,1.0
P0,43,2,0,2,False,0.6929271255714305,0.6877956895601182,0.5052721088435375,0.5586312118570183,0.6285963382737576,0.45694583068687056,0.3108108108108108,0.8064516129032258
P0,43,2,0,3,False,0.6884012766506361,0.6827723752884638,0.5532312925170069,0.5658238884045336,0.6111595466434177,0.5222397622806203,0.4864864864864865,0.6451612903225806
P0,43,2,0,4,False,0.6729717450441369,0.6833831815492539,0.5693877551020408,0.4888840453356582,0.6002615518744551,0.43481434175713896,0.36486486486486486,0.6129032258064516
P0,43,2,0,5,False,0.6487056805891691,0.664981114296686,0.6267006802721089,0.5427201394943331,0.5993897122929381,0.5333333333333333,0.8918918918918919,0.1935483870967742
P0,43,2,0,6,False,0.6080523303165528,0.6702851897194272,0.6578231292517007,0.5359633827375763,0.6146469049694856,0.5267762460233298,0.8783783783783784,0.1935483870967742
P0,43,2,0,7,False,0.5554552540399026,0.7207814568565005,0.7017006802721089,0.5039232781168265,0.5993897122929381,0.47187034277198214,0.4594594594594595,0.5483870967741935
P0,43,2,0,8,False,0.5038025069639879,0.7334921513284955,0.7801020408163266,0.5028334786399302,0.5985178727114211,0.4900932400932401,0.5540540540540541,0.45161290322580644
P0,43,2,0,9,False,0.45984902387655874,0.7516450041816348,0.7986394557823129,0.5453356582388841,0.6416739319965127,0.5408950617283951,0.8648648648648649,0.22580645161290322
P0,43,2,0,10,False,0.41681693847052714,0.7253244910921369,0.8270408163265306,0.5693112467306016,0.6460331299040977,0.5712341197822142,0.7837837837837838,0.3548387096774194
P0,43,2,0,11,False,0.35247622106386267,0.7375134530521574,0.8489795918367347,0.5693112467306016,0.6586748038360941,0.5712341197822142,0.7837837837837838,0.3548387096774194
P0,43,2,0,12,False,0.2795309093983277,0.7880528438658941,0.9277210884353742,0.6000435919790759,0.6543156059285091,0.594509967644296,0.7162162162162162,0.4838709677419355
P0,43,2,0,13,False,0.24878315012092175,0.7700712893690381,0.9159863945578232,0.6094158674803836,0.6787271142109852,0.6006783842121493,0.7027027027027027,0.5161290322580645
P0,43,2,0,14,True,0.1891662762072927,0.7902398773602077,0.9545918367346938,0.6349171752397559,0.6861377506538797,0.6195652173913044,0.6891891891891891,0.5806451612903226
P0,43,2,0,15,False,0.1564098760701608,0.8449633774303255,0.9564625850340136,0.5719267654751525,0.6708805579773321,0.5725602376499064,0.7567567567567568,0.3870967741935484
P0,43,2,0,16,False,0.11693312996179585,0.8493145868891762,0.9882653061224489,0.6146469049694856,0.6861377506538797,0.5955555555555556,0.6486486486486487,0.5806451612903226
P0,43,2,0,17,False,0.09280512989431187,0.9147612259501503,0.9882653061224489,0.6026591107236268,0.6795989537925021,0.5928571428571427,0.6891891891891891,0.5161290322580645
P0,43,2,0,18,False,0.059054346008289266,0.9869251313663664,1.0,0.5771578029642546,0.6665213600697472,0.5725915875169607,0.7027027027027027,0.45161290322580644
P0,43,2,0,19,False,0.05588356686243112,1.0709941710744586,0.9965986394557823,0.5760680034873583,0.6743679163034002,0.5786033711730306,0.7972972972972973,0.3548387096774194
P0,43,2,0,20,False,0.040811265400354416,1.0201147346269517,1.0,0.6270706190061028,0.6809067131647777,0.6258503401360545,0.7702702702702703,0.4838709677419355
P0,43,2,0,21,False,0.024986496348167964,1.0974123869623458,1.0,0.6015693112467306,0.6778552746294682,0.6033333333333334,0.7837837837837838,0.41935483870967744
P0,43,2,0,22,False,0.027891068350397733,1.1058253027143932,1.0,0.5932868352223191,0.6726242371403661,0.5867854183927093,0.7027027027027027,0.4838709677419355
P0,43,2,0,23,False,0.02355712186995048,1.1262518139112563,1.0,0.6041848299912816,0.6795989537925021,0.6031746031746033,0.7567567567567568,0.45161290322580644
P0,43,2,0,24,False,0.02317726452821407,1.2004095151310876,1.0,0.553182214472537,0.6739319965126417,0.5545235638114895,0.7837837837837838,0.3225806451612903
P0,43,2,0,25,False,0.014252945659277231,1.222356843380701,1.0,0.553182214472537,0.6726242371403661,0.5545235638114895,0.7837837837837838,0.3225806451612903
P0,43,2,0,26,False,0.016152549121114943,1.3339095223517645,1.0,0.5666957279860506,0.6634699215344376,0.5689149560117303,0.8108108108108109,0.3225806451612903
P0,43,2,1,1,False,0.6995592231933887,0.6855125381396368,0.5430467268874762,0.6531531531531531,0.6427927927927928,0.6718301778542742,0.972972972972973,0.3333333333333333
P0,43,2,1,2,False,0.6970777878394494,0.6792486034906827,0.5224712835954054,0.6166666666666667,0.6653153153153153,0.621937727200885,1.0,0.23333333333333334
P0,43,2,1,3,False,0.6785256060270163,0.6769720453482407,0.5625627300100368,0.5333333333333333,0.690990990990991,0.4829545454545454,1.0,0.06666666666666667
P0,43,2,1,4,False,0.7007992611481593,0.678872076364664,0.5467826474852235,0.5333333333333333,0.7157657657657658,0.4829545454545454,1.0,0.06666666666666667
P0,43,2,1,5,False,0.6729960074791541,0.6485956815572885,0.5455001672800268,0.6490990990990991,0.7360360360360361,0.6581862446743761,0.8648648648648649,0.43333333333333335
P0,43,2,1,6,False,0.6248603898745316,0.6181344527464646,0.6696777071484331,0.659009009009009,0.7432432432432432,0.6663101604278074,0.8513513513513513,0.4666666666666667
P0,43,2,1,7,False,0.5794951606255311,0.6037710790450757,0.7054198728671797,0.6549549549549549,0.7522522522522522,0.6448997012377294,0.7432432432432432,0.5666666666666667
P0,43,2,1,8,False,0.5402004638543496,0.5895996666871585,0.722426675588268,0.6621621621621622,0.7684684684684685,0.6652873563218391,0.8243243243243243,0.5
P0,43,2,1,9,False,0.4756286241687261,0.6032039752373328,0.8022192483550796,0.6905405405405405,0.768918918918919,0.6319464371114301,0.581081081081081,0.8
P0,43,2,1,10,False,0.4397192935530956,0.5952772681529706,0.7776290844206535,0.7004504504504505,0.7684684684684685,0.6344637598556093,0.5675675675675675,0.8333333333333334
P0,43,2,1,11,False,0.37770163325163036,0.7100615799427032,0.8622170179547228,0.6225225225225225,0.7518018018018018,0.6313924050632911,0.8783783783783784,0.36666666666666664
P0,43,2,1,12,False,0.3011196092344247,0.5980696838635665,0.912010705921713,0.7184684684684685,0.7716216216216216,0.7027627818355033,0.7702702702702703,0.6666666666666666
P0,43,2,1,13,False,0.2699208867091399,0.6105269308273609,0.941396230623397,0.7153153153153153,0.772972972972973,0.7065972222222222,0.7972972972972973,0.6333333333333333
P0,43,2,1,14,False,0.22909639919033417,0.7859541917076478,0.9345935095349616,0.6558558558558558,0.7495495495495496,0.6666666666666667,0.8783783783783784,0.43333333333333335
P0,43,2,1,15,False,0.15757726233165997,0.8710656658961222,0.9795918367346939,0.645945945945946,0.7558558558558559,0.6577215189873418,0.8918918918918919,0.4
P0,43,2,1,16,False,0.12878967047883913,0.8127227308085332,0.9850005576000892,0.6490990990990991,0.7581081081081081,0.6581862446743761,0.8648648648648649,0.43333333333333335
P0,43,2,1,17,False,0.11363655801575917,0.794025277862182,0.961804393888703,0.6923423423423423,0.7585585585585586,0.6979202974323225,0.8513513513513513,0.5333333333333333
P0,43,2,1,18,False,0.08737205413098519,0.9699950656638696,0.9897959183673469,0.6423423423423423,0.7445945945945946,0.6498316498316498,0.8513513513513513,0.43333333333333335
P0,43,2,1,19,True,0.0914949278275554,0.8051772954372259,0.9850005576000892,0.7319819819819819,0.7626126126126126,0.7202797202797202,0.7972972972972973,0.6666666666666666
P0,43,2,1,20,False,0.05429159821226047,0.9828509169702346,1.0,0.6657657657657658,0.7495495495495496,0.6748436748436749,0.8648648648648649,0.4666666666666667
P0,43,2,1,21,False,0.0510149710596754,1.0532594285905361,0.9965986394557823,0.6558558558558558,0.7509009009009009,0.6666666666666667,0.8783783783783784,0.43333333333333335
P0,43,2,1,22,False,0.043371515456013955,0.8465650620368811,1.0,0.7085585585585585,0.7639639639639639,0.697902097902098,0.7837837837837838,0.6333333333333333
P0,43,2,1,23,False,0.035093538785496585,0.9331735713550677,1.0,0.6788288288288289,0.7608108108108108,0.6805824138323285,0.8243243243243243,0.5333333333333333
P0,43,2,1,24,False,0.03266175189771904,0.9112101074021596,1.0,0.7054054054054054,0.7603603603603604,0.7012814847547504,0.8108108108108109,0.6
P0,43,2,1,25,False,0.026174357590767052,0.9327484850700085,1.0,0.7085585585585585,0.7549549549549549,0.697902097902098,0.7837837837837838,0.6333333333333333
P0,43,2,1,26,False,0.023827972857711408,1.041929570528177,1.0,0.6788288288288289,0.7509009009009009,0.6805824138323285,0.8243243243243243,0.5333333333333333
P0,43,2,1,27,False,0.018255726756671302,1.0487822973384306,1.0,0.6954954954954955,0.7527027027027027,0.6954954954954955,0.8243243243243243,0.5666666666666667
P0,43,2,1,28,False,0.014371522948539887,1.188278907480148,1.0,0.6558558558558558,0.7445945945945946,0.6666666666666667,0.8783783783783784,0.43333333333333335
P0,43,2,1,29,False,0.01829476182599767,1.1338691158363452,1.0,0.6657657657657658,0.75,0.6748436748436749,0.8648648648648649,0.4666666666666667
P0,43,2,1,30,False,0.013566056015686346,1.0892684797828014,1.0,0.6689189189189189,0.7490990990990991,0.6737539212269084,0.8378378378378378,0.5
P0,43,2,1,31,False,0.013222688889632432,1.0856792339338706,1.0,0.6855855855855856,0.7522522522522522,0.6891954022988505,0.8378378378378378,0.5333333333333333
P0,43,2,2,1,False,0.6927353078098388,0.6866577203991344,0.5316238369517058,0.5,0.5739726027397261,0.41477272727272724,1.0,0.0
P0,43,2,2,2,False,0.7098656336656598,0.6897377649557244,0.5108551174124945,0.5,0.6118721461187214,0.41477272727272724,1.0,0.0
P0,43,2,2,3,False,0.706264724571739,0.6729810671898925,0.5363867966326983,0.5815068493150685,0.6771689497716895,0.5849473547380736,0.863013698630137,0.3
P0,43,2,2,4,False,0.6820570634027417,0.6763870577210361,0.5172241914045193,0.5166666666666667,0.6963470319634704,0.44940092165898615,1.0,0.03333333333333333
P0,43,2,2,5,False,0.6801454416302403,0.7006476891850962,0.5533894550287992,0.5166666666666667,0.7219178082191781,0.44940092165898615,1.0,0.03333333333333333
P0,43,2,2,6,False,0.6426240125911657,0.6519710369480466,0.5939299955693398,0.6319634703196347,0.7611872146118721,0.5335849056603774,0.3972602739726027,0.8666666666666667
P0,43,2,2,7,False,0.6634906758532,0.6219221781758428,0.6021267168808153,0.763013698630137,0.7844748858447489,0.7258394758394757,0.726027397260274,0.8
P0,43,2,2,8,False,0.6168944758661626,0.6133901031271926,0.6280460788657509,0.6059360730593607,0.7867579908675799,0.6112078977932636,0.9452054794520548,0.26666666666666666
P0,43,2,2,9,False,0.5670785076880569,0.5728056650717281,0.7068010633584404,0.6952054794520548,0.8013698630136986,0.7078554692317178,0.8904109589041096,0.5
P0,43,2,2,10,False,0.5048034653138886,0.5667230579459551,0.7376495347806823,0.7121004566210045,0.8159817351598173,0.6698717948717949,0.6575342465753424,0.7666666666666667
P0,43,2,2,11,False,0.44065172364266864,0.5556105736968586,0.7993464776251662,0.7237442922374429,0.7977168949771689,0.7101731601731601,0.7808219178082192,0.6666666666666666
P0,43,2,2,12,True,0.4088164318406411,0.5646606782107677,0.780571555161719,0.7826484018264841,0.8036529680365296,0.7317708333333334,0.6986301369863014,0.8666666666666667
P0,43,2,2,13,False,0.37179801919671335,0.5525754418187928,0.8639787328311919,0.7139269406392694,0.7922374429223744,0.7053257042253521,0.7945205479452054,0.6333333333333333
P0,43,2,2,14,False,0.2775663661828452,0.6393052055997756,0.936807709348693,0.6490867579908676,0.7931506849315069,0.6641304347826087,0.9315068493150684,0.36666666666666664
P0,43,2,2,15,False,0.2399790814618745,0.5683570897694931,0.9252326096588392,0.7276255707762557,0.7931506849315069,0.7231182795698925,0.821917808219178,0.6333333333333333
P0,43,2,2,16,False,0.16667472588958923,0.6135192611842479,0.968653079308817,0.6481735159817352,0.7844748858447489,0.6570477247502775,0.863013698630137,0.43333333333333335
P0,43,2,2,17,False,0.1739181592686182,0.6210406567286519,0.9604563579973416,0.660958904109589,0.7821917808219178,0.6640260950605779,0.821917808219178,0.5
P0,43,2,2,18,False,0.09594988357721333,0.8249160557695963,0.9932432432432432,0.5922374429223745,0.773972602739726,0.595398428731762,0.9178082191780822,0.26666666666666666
P0,43,2,2,19,False,0.09034712768592047,0.6993322858532656,0.9884249003101462,0.660958904109589,0.7721461187214612,0.6640260950605779,0.821917808219178,0.5
P0,43,2,2,20,False,0.0714358682142633,0.7284553195666341,0.9932432432432432,0.6472602739726028,0.7639269406392694,0.6472602739726027,0.7945205479452054,0.5
P0,43,2,2,21,False,0.050364578739878096,0.7468606488218585,0.9966216216216216,0.6570776255707762,0.7488584474885844,0.6538978494623656,0.7808219178082192,0.5333333333333333
P0,43,2,2,22,False,0.04088371385080499,0.898280688859884,1.0,0.6246575342465753,0.7589041095890411,0.6316438525095573,0.8493150684931506,0.4
P0,43,2,2,23,False,0.04023456271140698,0.9239248662318998,1.0,0.591324200913242,0.7616438356164383,0.596078431372549,0.8493150684931506,0.3333333333333333
P0,43,2,2,24,False,0.03563147957512494,0.894270586157308,1.0,0.6246575342465753,0.7616438356164383,0.6316438525095573,0.8493150684931506,0.4
P0,43,3,0,1,False,0.7179766801687387,0.7027153633889698,0.49492583918813426,0.5,0.5911072362685266,0.22794117647058823,0.0,1.0
P0,43,3,0,2,False,0.7022830408353072,0.6846610773177374,0.5089216014274562,0.5161290322580645,0.6434176111595467,0.44698033707865165,1.0,0.03225806451612903
P0,43,3,0,3,False,0.7095146270898672,0.6792197999500093,0.4754655960744954,0.5483870967741935,0.6682650392327811,0.5086898395721925,1.0,0.0967741935483871
P0,43,3,0,4,False,0.6788231592911941,0.6799088205610003,0.5530835284933645,0.5311682650392328,0.6778552746294682,0.31974085365853655,0.0945945945945946,0.967741935483871
P0,43,3,0,5,False,0.635705903172493,0.6752368098213559,0.6743615478978476,0.5967741935483871,0.6455972101133391,0.5899078269020466,1.0,0.1935483870967742
P0,43,3,0,6,False,0.6026847798090714,0.6895026601496197,0.6488234638117543,0.6316477768090671,0.6421098517872711,0.6428571428571428,0.972972972972973,0.2903225806451613
P0,43,3,0,7,False,0.6164805671343436,0.6532693945226216,0.6464815434370469,0.6150828247602441,0.6604184829991282,0.6188747731397459,0.8108108108108109,0.41935483870967744
P0,43,3,0,8,False,0.5538164239663345,0.6441710270586468,0.7130032340805175,0.6296861377506539,0.6730601569311246,0.6243686868686869,0.7432432432432432,0.5161290322580645
P0,43,3,0,9,False,0.5058239526473559,0.6305114774476914,0.7518122002899521,0.6754577157802965,0.7031386224934612,0.6685606060606061,0.7702702702702703,0.5806451612903226
P0,43,3,0,10,False,0.4398059108509467,0.6888632768676395,0.7618490018958404,0.6386224934612031,0.6791630340017437,0.5948235294117646,0.5675675675675675,0.7096774193548387
P0,43,3,0,11,False,0.3862151944866547,0.6813479301475344,0.8391881342701015,0.6593286835222318,0.6857018308631212,0.6546419098143237,0.7702702702702703,0.5483870967741935
P0,43,3,0,12,False,0.3688582686277536,0.7425224274396897,0.828203412512546,0.6022231909328684,0.6730601569311246,0.558452481076535,0.527027027027027,0.6774193548387096
P0,43,3,0,13,False,0.32589617428871304,0.7707914770891269,0.9127913460466154,0.6702266782911944,0.6634699215344376,0.6733333333333333,0.8243243243243243,0.5161290322580645
P0,43,3,0,14,False,0.2528595316868562,0.7780151032088768,0.9086093453774953,0.6634699215344377,0.6891891891891891,0.6649796457256024,0.8108108108108109,0.5161290322580645
P0,43,3,0,15,False,0.23252878796595794,0.8223599364981056,0.9263967882234861,0.6567131647776809,0.6752397558849171,0.6567131647776809,0.7972972972972973,0.5161290322580645
P0,43,3,0,16,True,0.18408914411870334,0.8055350371237312,0.9420095907215345,0.7035745422842197,0.6857018308631212,0.6829710144927537,0.7297297297297297,0.6774193548387096
P0,43,3,0,17,False,0.15529889484437612,0.8718549054027314,0.9523809523809523,0.661944202266783,0.6717523975588492,0.652029826014913,0.7432432432432432,0.5806451612903226
P0,43,3,0,18,False,0.1492116664751218,0.8781102546002894,0.9536076725772276,0.6822144725370531,0.6817785527462947,0.676923076923077,0.7837837837837838,0.5806451612903226
P0,43,3,0,19,False,0.1151750458834263,0.9865222632596713,0.9747964759674361,0.6728421970357454,0.6743679163034002,0.6712018140589568,0.7972972972972973,0.5483870967741935
P0,43,3,0,20,False,0.07267346799087065,1.1739821153182892,0.9965986394557823,0.6353530950305144,0.6547515257192676,0.6428152492668622,0.8513513513513513,0.41935483870967744
P0,43,3,0,21,False,0.07331752619491173,1.094270913986977,0.9850005576000892,0.6728421970357454,0.6595466434176112,0.6712018140589568,0.7972972972972973,0.5483870967741935
P0,43,3,0,22,False,0.06569586300219481,1.1123377291973502,0.9815991970558715,0.6499564080209241,0.6647776809067132,0.6485260770975056,0.7837837837837838,0.5161290322580645
P0,43,3,0,23,False,0.051180294553677626,1.1871131969008795,0.9931972789115646,0.6499564080209241,0.6608544027898866,0.6485260770975056,0.7837837837837838,0.5161290322580645
P0,43,3,0,24,False,0.03779734457986286,1.2634821672233687,0.9965986394557823,0.6244551002615518,0.6543156059285091,0.6266666666666667,0.7972972972972973,0.45161290322580644
P0,43,3,0,25,False,0.03664884735973409,1.2760428104340376,1.0,0.6338273757628596,0.6578029642545772,0.6338273757628596,0.7837837837837838,0.4838709677419355
P0,43,3,0,26,False,0.036825311585114553,1.2978394671627376,0.9918032786885246,0.6567131647776809,0.6530078465562337,0.6567131647776809,0.7972972972972973,0.5161290322580645
P0,43,3,0,27,False,0.035039913321200475,1.2749700653652238,0.9884019181443069,0.6499564080209241,0.6691368788142982,0.6485260770975056,0.7837837837837838,0.5161290322580645
P0,43,3,0,28,False,0.01925731204951612,1.3200648318952604,1.0,0.6499564080209241,0.6643417611159547,0.6485260770975056,0.7837837837837838,0.5161290322580645
P0,43,3,1,1,False,0.7064316249810733,0.7049701832589649,0.5071930411508866,0.5,0.5815170008718396,0.4134078212290503,1.0,0.0
P0,43,3,1,2,False,0.6828980228075614,0.6950984875361125,0.5776736924277908,0.5135135135135135,0.5998256320836965,0.2576590730557738,0.02702702702702703,1.0
P0,43,3,1,3,False,0.678574277804448,0.676167448929378,0.580015612802498,0.5656059285091543,0.6068003487358327,0.5616161616161617,0.9054054054054054,0.22580645161290322
P0,43,3,1,4,False,0.6583035404865558,0.6671275990349906,0.6070592171294747,0.6004795117698344,0.6120313862249346,0.60625,0.8783783783783784,0.3225806451612903
P0,43,3,1,5,False,0.6377014013437124,0.6602751822698684,0.6302553808408609,0.5802092414995641,0.6172624237140366,0.583583703881745,0.8378378378378378,0.3225806451612903
P0,43,3,1,6,False,0.5841256185219839,0.6506230036417643,0.6936545109847218,0.5501307759372276,0.6490845684394071,0.5425068395987436,0.6486486486486487,0.45161290322580644
P0,43,3,1,7,False,0.5933305357511227,0.6553148996262324,0.6680049068807851,0.5937227550130776,0.6625980819529207,0.5985941546429893,0.8648648648648649,0.3225806451612903
P0,43,3,1,8,True,0.567931028512808,0.6506322781244914,0.6972231515557042,0.6499564080209241,0.6556233653007847,0.6485260770975056,0.7837837837837838,0.5161290322580645
P0,43,3,1,9,False,0.4794073551893234,0.6632234420095171,0.7796364447418311,0.6150828247602441,0.6713164777680907,0.6188747731397459,0.8108108108108109,0.41935483870967744
P0,43,3,1,10,False,0.400421957557018,0.6715705076853434,0.8588156574105053,0.6244551002615518,0.6874455100261552,0.6266666666666667,0.7972972972972973,0.45161290322580644
P0,43,3,1,11,False,0.3650053796859888,0.7686638270105635,0.8609902977584476,0.5573234524847428,0.6695727986050567,0.5583463526018508,0.8243243243243243,0.2903225806451613
P0,43,3,1,12,False,0.28861588784135306,0.8460115055243175,0.9195940671350508,0.5479511769834351,0.6782911944202267,0.5467998520162782,0.8378378378378378,0.25806451612903225
P0,43,3,1,13,False,0.26861489994021565,0.8412944768156324,0.8936099029775845,0.5599389712292938,0.6564952048823016,0.5616883116883117,0.7972972972972973,0.3225806451612903
P0,43,3,1,14,False,0.19648416999440926,0.9842069228490193,0.9686071149771384,0.5250653879686138,0.6595466434176112,0.5209027007029227,0.8243243243243243,0.22580645161290322
P0,43,3,1,15,False,0.18113272866377464,0.8785705021094709,0.9563956730233076,0.6083260680034873,0.6673931996512642,0.6110674598720396,0.7972972972972973,0.41935483870967744
P0,43,3,1,16,False,0.12198812077538325,0.954121883248999,0.9815991970558715,0.5989537925021796,0.6608544027898866,0.6026831785345717,0.8108108108108109,0.3870967741935484
P0,43,3,1,17,False,0.09146914401879677,1.29960898915084,0.9884019181443069,0.5588491717523976,0.6630340017436792,0.5546129374337222,0.8918918918918919,0.22580645161290322
P0,43,3,1,18,False,0.08372265387039918,1.1036191740738495,0.9965986394557823,0.5573234524847428,0.6695727986050567,0.5583463526018508,0.8243243243243243,0.2903225806451613
P0,43,3,1,19,False,0.05865776166319847,1.1535994259684923,1.0,0.5411944202266783,0.6630340017436792,0.5399221032132425,0.8243243243243243,0.25806451612903225
P0,43,3,1,20,False,0.05510212215953148,1.2727340287905895,0.9965986394557823,0.5479511769834351,0.6656495204882301,0.5467998520162782,0.8378378378378378,0.25806451612903225
P0,43,3,2,1,False,0.7121802540052504,0.6971960675369189,0.46556233653007845,0.5,0.55662100456621,0.2255639097744361,0.0,1.0
P0,43,3,2,2,False,0.6997121572494507,0.6846380239551507,0.5051220575414124,0.5904109589041096,0.5899543378995433,0.5920316868592731,0.7808219178082192,0.4
P0,43,3,2,3,False,0.701829937526158,0.6776999617085874,0.45368352223190933,0.5657534246575342,0.6123287671232877,0.5584626755358462,0.9315068493150684,0.2
P0,43,3,2,4,False,0.6601259328070141,0.6705624281781392,0.597972972972973,0.6059360730593607,0.645662100456621,0.6112078977932636,0.9452054794520548,0.26666666666666666
P0,43,3,2,5,False,0.6608072400093079,0.6610686182975769,0.625,0.630593607305936,0.6634703196347032,0.6318459587224721,0.7945205479452054,0.4666666666666667
P0,43,3,2,6,False,0.618086116086869,0.6461224752722434,0.6593286835222318,0.6089041095890411,0.6794520547945205,0.6161490683229813,0.9178082191780822,0.3
P0,43,3,2,7,False,0.5724374118305388,0.6281010913617403,0.6944202266782913,0.6561643835616437,0.6986301369863014,0.6404316090130118,0.7123287671232876,0.6
P0,43,3,2,8,True,0.5397075945422762,0.6168316434888006,0.7698343504795118,0.6776255707762557,0.719634703196347,0.6793497059840885,0.821917808219178,0.5333333333333333
P0,43,3,2,9,False,0.4753681893859591,0.6272647085699062,0.8133173496076722,0.654109589041096,0.7168949771689498,0.6555978323532803,0.8082191780821918,0.5
P0,43,3,2,10,False,0.39956338732015517,0.6418752363584574,0.8658456843940715,0.6511415525114155,0.7392694063926941,0.6566666666666666,0.8356164383561644,0.4666666666666667
P0,43,3,2,11,False,0.3494880398114522,0.6684111240998055,0.8720575414123801,0.6561643835616437,0.7100456621004566,0.6404316090130118,0.7123287671232876,0.6
P0,43,3,2,12,False,0.27194530225935437,0.6948644819768887,0.9178291194420227,0.6100456621004566,0.7168949771689498,0.6077508960573477,0.7534246575342466,0.4666666666666667
P0,43,3,2,13,False,0.26827374015535627,0.7338938458451947,0.8775065387968615,0.64337899543379,0.7210045662100457,0.6373239436619719,0.7534246575342466,0.5333333333333333
P0,43,3,2,14,False,0.2034457395474116,0.7699124691555801,0.9440932868352223,0.6442922374429223,0.7251141552511415,0.6482985988461085,0.821917808219178,0.4666666666666667
P0,43,3,2,15,False,0.17950490627970014,0.8448204733793018,0.9636006974716652,0.6511415525114155,0.7228310502283105,0.6566666666666666,0.8356164383561644,0.4666666666666667
P0,43,3,2,16,False,0.12091959824874288,0.9499059724576265,0.970357454228422,0.621689497716895,0.7255707762557078,0.6302564102564102,0.8767123287671232,0.36666666666666664
P0,43,3,2,17,False,0.1128978329045432,0.9617876549368923,0.9737358326068004,0.6315068493150685,0.7315068493150685,0.6398601398601399,0.863013698630137,0.4
P0,43,3,2,18,False,0.09032778289346467,0.9023520101621313,0.9818003487358327,0.630593607305936,0.7296803652968037,0.6318459587224721,0.7945205479452054,0.4666666666666667
P0,43,3,2,19,False,0.0854747402880873,0.923860882671134,0.9737358326068004,0.630593607305936,0.7287671232876712,0.6318459587224721,0.7945205479452054,0.4666666666666667
P0,43,3,2,20,False,0.06466744911989995,1.061746696824009,0.9737358326068004,0.6315068493150685,0.736986301369863,0.6398601398601399,0.863013698630137,0.4
P0,43,4,0,1,False,0.6941020832611964,0.686972295102619,0.4843871975019516,0.5316041848299913,0.6155187445510026,0.41714441714441713,0.25675675675675674,0.8064516129032258
P0,43,4,0,2,False,0.7251972670738513,0.6951646566390991,0.47875543660086983,0.5,0.6320836965998257,0.4134078212290503,1.0,0.0
P0,43,4,0,3,False,0.6853767266640296,0.6867074035462879,0.5328426452548233,0.5067567567567568,0.6643417611159547,0.24296296296296296,0.013513513513513514,1.0
P0,43,4,0,4,False,0.6703921212599828,0.6722484863939739,0.6307572209211554,0.5483870967741935,0.7066259808195292,0.5086898395721925,1.0,0.0967741935483871
P0,43,4,0,5,False,0.6481247280652707,0.6493642619677953,0.6164826586372254,0.5963382737576286,0.7345248474280732,0.6011396011396011,0.8378378378378378,0.3548387096774194
P0,43,4,0,6,False,0.6290408258254712,0.6219679730279105,0.6206646593063455,0.6270706190061028,0.7458587619877942,0.6258503401360545,0.7702702702702703,0.4838709677419355
P0,43,4,0,7,False,0.6142743963461655,0.6193615237871806,0.6746403479424556,0.6370967741935484,0.7489102005231038,0.5744288872512897,0.5,0.7741935483870968
P0,43,4,0,8,False,0.5454273865773127,0.5868947040467035,0.7538195606111298,0.6540976460331299,0.7462946817785527,0.6582107980693681,0.8243243243243243,0.4838709677419355
P0,43,4,0,9,False,0.4631410579268749,0.5854546724330811,0.7866064458570313,0.6795989537925022,0.7493461203138623,0.6795989537925022,0.8108108108108109,0.5483870967741935
P0,43,4,0,10,False,0.4238793517534549,0.6066471610750471,0.8241886918701906,0.6728421970357454,0.7336530078465562,0.6712018140589568,0.7972972972972973,0.5483870967741935
P0,43,4,0,11,False,0.3661204530642583,0.6252068313814345,0.8364001338240215,0.6266346992153444,0.7362685265911072,0.5961538461538463,0.6081081081081081,0.6451612903225806
P0,43,4,0,12,True,0.3256833232366122,0.6365465600575719,0.8588156574105053,0.7212292938099389,0.7441150828247602,0.7127525252525252,0.7972972972972973,0.6451612903225806
P0,43,4,0,13,False,0.26292384845706135,0.7073420167678879,0.9393888703022193,0.6743679163034002,0.7388840453356582,0.6834415584415585,0.8648648648648649,0.4838709677419355
P0,43,4,0,14,False,0.20980933108008826,0.7030527957138561,0.9284041485446638,0.7024847428073235,0.7406277244986922,0.7024847428073235,0.8243243243243243,0.5806451612903226
P0,43,4,0,15,False,0.1745647984341933,0.8200086597530615,0.9481989517118323,0.6421098517872712,0.7375762859633828,0.650997150997151,0.8648648648648649,0.41935483870967744
P0,43,4,0,16,False,0.15040700481488153,0.79618859652962,0.9727891156462585,0.6327375762859634,0.7432432432432432,0.642161635832522,0.8783783783783784,0.3870967741935484
P0,43,4,0,17,False,0.1023051690023679,0.7900724279029029,0.9815991970558715,0.6863557105492589,0.7445510026155188,0.6880844977445264,0.8243243243243243,0.5483870967741935
P0,43,4,0,18,False,0.09498143052825561,0.8066422605798358,0.9781978365116538,0.661944202266783,0.7371403661726242,0.652029826014913,0.7432432432432432,0.5806451612903226
P0,43,4,0,19,False,0.06837325310334563,0.8949047494857084,0.9965986394557823,0.6379686137750654,0.7332170880557978,0.6426950998185117,0.8243243243243243,0.45161290322580644
P0,43,4,0,20,False,0.05406897464910379,1.0148890906501384,0.9965986394557823,0.6368788142981692,0.7367044463818657,0.6489197530864197,0.918918918918919,0.3548387096774194
P0,43,4,0,21,False,0.05469665823217768,0.9186675036237353,0.9965986394557823,0.6567131647776809,0.7345248474280732,0.6567131647776809,0.7972972972972973,0.5161290322580645
P0,43,4,0,22,False,0.03646989489117494,0.9800964542797633,0.9965986394557823,0.6327375762859634,0.7406277244986922,0.642161635832522,0.8783783783783784,0.3870967741935484
P0,43,4,0,23,False,0.028448557731910393,0.9882975106792791,1.0,0.6608544027898866,0.7367044463818657,0.6665154264972777,0.8378378378378378,0.4838709677419355
P0,43,4,0,24,False,0.023028861820841066,1.0527932999566907,1.0,0.6259808195292067,0.7336530078465562,0.6340584064415334,0.8648648648648649,0.3870967741935484
P0,43,4,1,1,False,0.6966555599982922,0.6909872299148923,0.5144418423106948,0.489537925021796,0.5980819529206626,0.3107651912978245,0.10810810810810811,0.8709677419354839
P0,43,4,1,2,False,0.6912765617554004,0.6868413715135484,0.5448868071818891,0.5605928509154317,0.588055797733217,0.5318280998007779,0.5405405405405406,0.5806451612903226
P0,43,4,1,3,False,0.6871588826179504,0.6866594337281726,0.5528047284487565,0.5590671316477768,0.581081081081081,0.5138888888888888,0.47297297297297297,0.6451612903225806
P0,43,4,1,4,False,0.6752706238856683,0.6811378064609709,0.6052191368350619,0.536617262423714,0.5858761987794245,0.5275472452754724,0.6216216216216216,0.45161290322580644
P0,43,4,1,5,False,0.6355883410343757,0.8391564335141863,0.6110739377718301,0.5,0.6094158674803836,0.22794117647058823,0.0,1.0
P0,43,4,1,6,False,0.6325669047924188,0.6757989491735186,0.6366120218579234,0.5775937227550131,0.6146469049694856,0.5800000000000001,0.8648648648648649,0.2903225806451613
P0,43,4,1,7,False,0.5975419947734246,0.6787121091570173,0.6750864280138285,0.6469049694856146,0.6360069747166521,0.6206425153793574,0.6486486486486487,0.6451612903225806
P0,43,4,1,8,False,0.5644004597113683,0.6995205345607939,0.7354187576670013,0.6235832606800349,0.6582388840453357,0.5570432868672048,0.47297297297297297,0.7741935483870968
P0,43,4,1,9,False,0.500465629192499,0.6649687142599197,0.7502509200401473,0.5932868352223191,0.6721883173496077,0.5867854183927093,0.7027027027027027,0.4838709677419355
P0,43,4,1,10,False,0.44559272206746614,0.6940126782371885,0.8064012490241999,0.5895815170008718,0.6791630340017437,0.5935483870967742,0.8243243243243243,0.3548387096774194
P0,43,4,1,11,False,0.38682817209225434,0.7052798168999809,0.8472175755548121,0.6323016564952049,0.6713164777680907,0.6222633364168979,0.7162162162162162,0.5483870967741935
P0,43,4,1,12,False,0.3213937199459626,0.7283498508589609,0.8772164603546337,0.6510462074978204,0.6778552746294682,0.6325367463253675,0.6891891891891891,0.6129032258064516
P0,43,4,1,13,False,0.26365626288148075,0.8151397460982913,0.8990186238429798,0.5812990409764603,0.6612903225806451,0.5804988662131518,0.7432432432432432,0.41935483870967744
P0,43,4,1,14,False,0.20309578283474997,0.8179638607161386,0.9386082301773169,0.6458151700087184,0.6752397558849171,0.6383467278989667,0.7432432432432432,0.5483870967741935
P0,43,4,1,15,True,0.16202176075715286,0.8382984944752284,0.9570090331214454,0.7061900610287708,0.6765475152571927,0.6785185185185185,0.7027027027027027,0.7096774193548387
P0,43,4,1,16,False,0.1487158019668781,0.9138074744315374,0.9686071149771384,0.6203138622493461,0.6704446381865736,0.6179366438356164,0.7567567567567568,0.4838709677419355
P0,43,4,1,17,False,0.09834031137422873,0.9894291508765448,0.9686071149771384,0.6109415867480383,0.6665213600697472,0.6109415867480383,0.7702702702702703,0.45161290322580644
P0,43,4,1,18,False,0.09068865063958444,0.9858284507478986,0.9754098360655737,0.5948125544899738,0.6756756756756757,0.5956650896688305,0.7702702702702703,0.41935483870967744
P0,43,4,1,19,False,0.062318007390086465,1.0739455643154325,0.9884019181443069,0.5625544899738448,0.6721883173496077,0.5639241216747111,0.7702702702702703,0.3548387096774194
P0,43,4,1,20,False,0.059867432878281064,1.0773966386204674,0.9918032786885246,0.6109415867480383,0.6704446381865736,0.6109415867480383,0.7702702702702703,0.45161290322580644
P0,43,4,1,21,False,0.04344702696499343,1.13382013071151,0.9918032786885246,0.6150828247602441,0.6795989537925021,0.6188747731397459,0.8108108108108109,0.41935483870967744
P0,43,4,1,22,False,0.034710314411383406,1.1254104046594529,1.0,0.6041848299912816,0.6673931996512642,0.6031746031746033,0.7567567567567568,0.45161290322580644
P0,43,4,1,23,False,0.038695401297165796,1.2187967087541307,0.9965986394557823,0.5989537925021796,0.6726242371403661,0.6026831785345717,0.8108108108108109,0.3870967741935484
P0,43,4,1,24,False,0.027217428038756434,1.2201967936186564,1.0,0.6041848299912816,0.6573670444638187,0.6031746031746033,0.7567567567567568,0.45161290322580644
P0,43,4,1,25,False,0.022201971706146233,1.2573685149351757,1.0,0.6312118570183086,0.6695727986050567,0.6346391289707038,0.8108108108108109,0.45161290322580644
P0,43,4,1,26,False,0.01915459709170346,1.3091805256548381,1.0,0.6057105492589363,0.6756756756756757,0.6103896103896104,0.8243243243243243,0.3870967741935484
P0,43,4,1,27,False,0.020806548597577672,1.2843442421583902,1.0,0.6109415867480383,0.6647776809067132,0.6109415867480383,0.7702702702702703,0.45161290322580644
P0,43,4,2,1,False,0.7129345780327206,0.7110186635869221,0.46687009590235395,0.5,0.6095890410958904,0.2255639097744361,0.0,1.0
P0,43,4,2,2,False,0.7144538731802077,0.6787832639749768,0.47733217088055796,0.5833333333333334,0.6534246575342466,0.5697577276524646,1.0,0.16666666666666666
P0,43,4,2,3,False,0.6825740252222333,0.6828560169460705,0.5652789886660854,0.5244292237442922,0.6894977168949772,0.30515873015873013,0.0821917808219178,0.9666666666666667
P0,43,4,2,4,False,0.6808318416277568,0.667384823549141,0.5452266782911944,0.5682648401826484,0.6981735159817352,0.48465968092136313,0.3698630136986301,0.7666666666666667
P0,43,4,2,5,False,0.6387751400470734,0.650133323900908,0.6567131647776809,0.6029680365296803,0.7155251141552511,0.6046368800859818,0.9726027397260274,0.23333333333333334
P0,43,4,2,6,False,0.6434283801487514,0.6291412265555373,0.6214036617262424,0.673972602739726,0.7515981735159817,0.6119965227470299,0.547945205479452,0.8
P0,43,4,2,7,False,0.5962401384399051,0.6284389264375261,0.6696817785527462,0.6721461187214612,0.7808219178082192,0.562942008486563,0.410958904109589,0.9333333333333333
P0,43,4,2,8,False,0.5493458864234743,0.5753112047621347,0.7407367044463818,0.7198630136986301,0.7926940639269406,0.6970588235294117,0.7397260273972602,0.7
P0,43,4,2,9,False,0.5188804160980951,0.6263443636662752,0.7227550130775937,0.6614155251141552,0.7840182648401827,0.5335849056603774,0.3561643835616438,0.9666666666666667
P0,43,4,2,10,True,0.4649676171087083,0.5539111523952299,0.800566695727986,0.730593607305936,0.7949771689497717,0.7190398254228041,0.7945205479452054,0.6666666666666666
P0,43,4,2,11,False,0.4121318328948248,0.569821897640969,0.8013295553618134,0.7079908675799087,0.771689497716895,0.712022367194781,0.8493150684931506,0.5666666666666667
P0,43,4,2,12,False,0.373357359568278,0.5840132051301234,0.8613775065387969,0.7061643835616438,0.7589041095890411,0.6797263681592041,0.7123287671232876,0.7
P0,43,4,2,13,False,0.33905952544439405,0.6239367937578738,0.8322798605056669,0.6876712328767123,0.7438356164383562,0.6294603791929996,0.5753424657534246,0.8
P0,43,4,2,14,False,0.25369050878854027,0.610642446476279,0.925893635571055,0.7207762557077626,0.7579908675799086,0.7141747141747142,0.8082191780821918,0.6333333333333333
P0,43,4,2,15,False,0.21310093182893025,0.6653956429472248,0.9313426329555361,0.6639269406392694,0.7292237442922375,0.6622950819672131,0.7945205479452054,0.5333333333333333
P0,43,4,2,16,False,0.17392046267078037,0.7154025857888379,0.955536181342633,0.6520547945205479,0.7621004566210046,0.665280124788769,0.9041095890410958,0.4
P0,43,4,2,17,False,0.13152640894764944,0.7260819013836315,0.9622929380993898,0.6904109589041096,0.7246575342465753,0.6826584507042253,0.7808219178082192,0.6
P0,43,4,2,18,False,0.08359520766617996,0.7797034174493216,0.9919354838709677,0.6737442922374429,0.7146118721461188,0.6684426684426684,0.7808219178082192,0.5666666666666667
P0,43,4,2,19,False,0.09292166927119806,0.9590618407842025,0.9716652136006975,0.639269406392694,0.7406392694063927,0.6531986531986531,0.9452054794520548,0.3333333333333333
P0,43,4,2,20,False,0.06496477410906837,0.8624199223749845,1.0,0.6933789954337899,0.6958904109589041,0.6792655427896488,0.7534246575342466,0.6333333333333333
P0,43,4,2,21,False,0.05993453136512211,0.8835064485235121,0.9919354838709677,0.6668949771689497,0.7063926940639269,0.6599911971830985,0.7671232876712328,0.5666666666666667
P0,43,4,2,22,False,0.053905397955150834,0.9213398660270913,0.9885571054925893,0.6707762557077626,0.7031963470319634,0.6707762557077626,0.8082191780821918,0.5333333333333333
P0,44,0,0,1,False,0.7088653642956804,0.7115789722828638,0.525539818899466,0.5,0.583696599825632,0.4134078212290503,1.0,0.0
P0,44,0,0,2,False,0.6974580308286155,0.6883028541292463,0.5605990248432784,0.5730165649520489,0.5911072362685266,0.5637855912453136,0.6621621621621622,0.4838709677419355
P0,44,0,0,3,False,0.6810252020998699,0.6847625391823905,0.5316345484095658,0.49324324324324326,0.5924149956408021,0.41011235955056174,0.9864864864864865,0.0
P0,44,0,0,4,False,0.6665545091396425,0.678520321278345,0.5761550963547712,0.6214036617262424,0.6011333914559721,0.6035373608903021,0.6621621621621622,0.5806451612903226
P0,44,0,0,5,False,0.6386104176684124,0.6951018463997614,0.651149291850476,0.5187445510026155,0.6268526591107236,0.4685714285714286,0.972972972972973,0.06451612903225806
P0,44,0,0,6,False,0.6292455952341963,0.6671050020626613,0.604074762015324,0.5791194420226679,0.6242371403661726,0.5759643503690294,0.9324324324324325,0.22580645161290322
P0,44,0,0,7,False,0.6051717130149283,0.7723028066612425,0.6444741119108428,0.5093722755013078,0.6717523975588492,0.4427324088341037,0.9864864864864865,0.03225806451612903
P0,44,0,0,8,False,0.6193681452332473,0.6426239882196699,0.6567216159739958,0.5959023539668701,0.6564952048823016,0.5850643428918837,0.6756756756756757,0.5161290322580645
P0,44,0,0,9,False,0.5608594653083057,0.646921512058803,0.7158695147434408,0.5943766346992154,0.6547515257192676,0.5716783216783217,0.6081081081081081,0.5806451612903226
P0,44,0,0,10,False,0.5279369040233333,0.6237343617847988,0.722718829811934,0.6255448997384481,0.6839581517000872,0.6142857142857143,0.7027027027027027,0.5483870967741935
P0,44,0,0,11,False,0.45508638460461687,0.6309753900482541,0.8162874390527048,0.6030950305143854,0.6970357454228422,0.6088210551616392,0.8513513513513513,0.3548387096774194
P0,44,0,0,12,True,0.3981478898263559,0.62910268448648,0.8249361504527513,0.6660854402789886,0.6952920662598082,0.6628852739726028,0.7837837837837838,0.5483870967741935
P0,44,0,0,13,False,0.3465476222154571,0.691050081309818,0.87578360807987,0.5989537925021796,0.6992153443766347,0.6026831785345717,0.8108108108108109,0.3870967741935484
P0,44,0,0,14,False,0.32998128649665087,0.6832453137352353,0.8656837706059903,0.6540976460331299,0.6822144725370531,0.6582107980693681,0.8243243243243243,0.4838709677419355
P0,44,0,0,15,False,0.26418609815399824,0.7728835772900354,0.899582075690736,0.6233653007846556,0.6891891891891891,0.6325000000000001,0.8918918918918919,0.3548387096774194
P0,44,0,0,16,False,0.19849138972235889,0.8427138734431494,0.9421290921755282,0.5869659982563208,0.6795989537925021,0.5910418695228822,0.8513513513513513,0.3225806451612903
P0,44,0,0,17,False,0.1577232202742158,1.0275367903212707,0.9590782447179012,0.6275065387968614,0.6739319965126417,0.6381230116648993,0.9324324324324325,0.3225806451612903
P0,44,0,0,18,False,0.11576051017860087,0.9117095853601184,0.9727768748548874,0.5921970357454228,0.6682650392327811,0.59505444646098,0.7972972972972973,0.3870967741935484
P0,44,0,0,19,False,0.07425887654649048,1.114368731031815,0.9931506849315068,0.5775937227550131,0.6695727986050567,0.5800000000000001,0.8648648648648649,0.2903225806451613
P0,44,0,0,20,False,0.0799429879319377,1.1068248789934885,0.971151613652194,0.5802092414995641,0.6569311246730601,0.583583703881745,0.8378378378378378,0.3225806451612903
P0,44,0,0,21,False,0.0484177602954754,1.156469351762817,0.9965753424657534,0.5802092414995641,0.6586748038360941,0.583583703881745,0.8378378378378378,0.3225806451612903
P0,44,0,0,22,False,0.04605856287043269,1.136843261140443,0.9965753424657534,0.6379686137750654,0.6530078465562337,0.6426950998185117,0.8243243243243243,0.45161290322580644
P0,44,0,0,23,False,0.027189485383469884,1.2814836266849723,1.0,0.6004795117698344,0.6547515257192676,0.60625,0.8783783783783784,0.3225806451612903
P0,44,0,0,24,False,0.028428364267981635,1.3648260422671834,0.9965753424657534,0.6207497820401047,0.6621621621621622,0.629943871557238,0.918918918918919,0.3225806451612903
P0,44,0,1,1,False,0.725227815805426,0.6939907299662099,0.41122448979591836,0.5,0.6036529680365297,0.2255639097744361,0.0,1.0
P0,44,0,1,2,False,0.685079818762443,0.6819807372046905,0.5105442176870748,0.5333333333333333,0.6410958904109589,0.48204022988505746,1.0,0.06666666666666667
P0,44,0,1,3,False,0.6891046998581448,0.6892333429993935,0.5474489795918367,0.5136986301369864,0.6351598173515982,0.2556743002544529,0.0273972602739726,1.0
P0,44,0,1,4,False,0.6763545536764578,0.6718405652972101,0.594047619047619,0.5639269406392694,0.6273972602739726,0.5659241420830824,0.7945205479452054,0.3333333333333333
P0,44,0,1,5,False,0.6649933598467693,0.6808773406500955,0.6062925170068028,0.5518264840182648,0.6429223744292237,0.35675253708040594,0.136986301369863,0.9666666666666667
P0,44,0,1,6,False,0.6592350268133597,0.6615152359008789,0.5950680272108844,0.634703196347032,0.6474885844748859,0.5996212498754112,0.6027397260273972,0.6666666666666666
P0,44,0,1,7,False,0.6192685037419416,0.6524994234436924,0.6457482993197279,0.5794520547945206,0.6625570776255708,0.5730078304928604,0.958904109589041,0.2
P0,44,0,1,8,False,0.5634578843623543,0.6262935139600513,0.7528911564625851,0.641324200913242,0.6808219178082192,0.648635477582846,0.8493150684931506,0.43333333333333335
P0,44,0,1,9,False,0.5001166704772175,0.6349580878192939,0.773639455782313,0.634703196347032,0.6899543378995434,0.5996212498754112,0.6027397260273972,0.6666666666666666
P0,44,0,1,10,False,0.4435639168329285,0.6392594651111121,0.808843537414966,0.623972602739726,0.7013698630136986,0.5778688524590164,0.547945205479452,0.7
P0,44,0,1,11,True,0.37611970219059265,0.6716717904053845,0.8455782312925171,0.654109589041096,0.6675799086757991,0.6555978323532803,0.8082191780821918,0.5
P0,44,0,1,12,False,0.2811323911095587,0.7220253799725505,0.8959183673469389,0.6100456621004566,0.6484018264840182,0.6077508960573477,0.7534246575342466,0.4666666666666667
P0,44,0,1,13,False,0.23628463002218716,0.8169044823322481,0.9144557823129251,0.6002283105022831,0.6360730593607306,0.6002283105022831,0.7671232876712328,0.43333333333333335
P0,44,0,1,14,False,0.1906259330574441,0.8564006645702621,0.939795918367347,0.6168949771689498,0.626027397260274,0.6157150932730356,0.7671232876712328,0.4666666666666667
P0,44,0,1,15,False,0.1461735114383237,0.8815672802693636,0.975,0.6002283105022831,0.6474885844748859,0.6002283105022831,0.7671232876712328,0.43333333333333335
P0,44,0,1,16,False,0.10656440995885554,0.90047620569618,0.9965986394557823,0.6061643835616438,0.6452054794520548,0.5987012987012987,0.7123287671232876,0.5
P0,44,0,1,17,False,0.06404010595186897,0.9557963256697053,1.0,0.6159817351598174,0.64337899543379,0.6048593350383632,0.6986301369863014,0.5333333333333333
P0,44,0,1,18,False,0.05721847381856707,1.0350792367481492,1.0,0.5728310502283105,0.639269406392694,0.5693221830985915,0.7123287671232876,0.43333333333333335
P0,44,0,1,19,False,0.05045534536278478,1.0116032454573993,1.0,0.613013698630137,0.6520547945205479,0.6066557555919257,0.726027397260274,0.5
P0,44,0,1,20,False,0.029954674437750076,1.1970066954788652,1.0,0.6011415525114155,0.6319634703196347,0.6062399802688371,0.8356164383561644,0.36666666666666664
P0,44,0,1,21,False,0.026369664881036477,1.260248385008099,1.0,0.5874429223744292,0.6287671232876713,0.590728476821192,0.8082191780821918,0.36666666666666664
P0,44,0,1,22,False,0.023195864281792572,1.299695709955345,1.0,0.5541095890410959,0.6296803652968036,0.5554322357873968,0.8082191780821918,0.3
P0,44,0,1,23,False,0.021560819810571303,1.3506822609207005,1.0,0.5844748858447488,0.6328767123287671,0.5884115884115884,0.8356164383561644,0.3333333333333333
P0,44,0,2,1,False,0.7187062020485218,0.7132684354688607,0.46403479424556704,0.5,0.588923004251299,0.22137404580152673,0.0,1.0
P0,44,0,2,2,False,0.6987884159271534,0.6837338477957482,0.5554254488680719,0.5103920642418517,0.6584789796882381,0.4484430356143949,0.9863013698630136,0.034482758620689655
P0,44,0,2,3,False,0.6936163375010858,0.6798007429814806,0.51845656295305,0.5829003306565895,0.6603684459140293,0.579581483830057,0.958904109589041,0.20689655172413793
P0,44,0,2,4,False,0.6768798667650956,0.6710277924350664,0.5629530500724881,0.5932923948984412,0.6858762399622107,0.5957317073170731,0.9452054794520548,0.2413793103448276
P0,44,0,2,5,False,0.6834847995868096,0.6607970197995504,0.5549793687966991,0.5973075106282475,0.6877657061880019,0.59828141783029,0.7808219178082192,0.41379310344827586
P0,44,0,2,6,False,0.6362086396950942,0.6401993620629404,0.6443069030891044,0.6006140765233821,0.6868209730751063,0.6048981631888042,0.821917808219178,0.3793103448275862
P0,44,0,2,7,True,0.6222719882543271,0.6281550362998364,0.6266867402698785,0.6939064714218233,0.7005196032120926,0.68125,0.7671232876712328,0.6206896551724138
P0,44,0,2,8,False,0.5840777158737183,0.6144705356336108,0.641853462696554,0.6936702881435994,0.7128011336797355,0.6956677407805227,0.8356164383561644,0.5517241379310345
P0,44,0,2,9,False,0.5137498516302842,0.6532735123353846,0.7832050853128136,0.6140765233821446,0.6920170051960322,0.6232954545454545,0.9178082191780822,0.3103448275862069
P0,44,0,2,10,False,0.47182080952020794,0.6332826921168495,0.7764023642243782,0.6624940954180444,0.7146905999055266,0.673202614379085,0.8767123287671232,0.4482758620689655
P0,44,0,2,11,False,0.40667144381082976,0.6483456425222696,0.832831493253039,0.6384034010392065,0.7203589985829003,0.6470588235294117,0.863013698630137,0.41379310344827586
P0,44,0,2,12,False,0.33357341702167803,0.6262891672405542,0.8738150998104159,0.6731223429381199,0.7269721303731695,0.6694444444444445,0.7945205479452054,0.5517241379310345
P0,44,0,2,13,False,0.3040852022285645,0.6400920322128371,0.9195940671350508,0.6769012753897024,0.7203589985829003,0.6520255863539446,0.6986301369863014,0.6551724137931034
P0,44,0,2,14,False,0.2592818292860801,0.6664967767748178,0.9372142299542767,0.649031648559282,0.7156353330184223,0.6458333333333334,0.7808219178082192,0.5172413793103449
P0,44,0,2,15,False,0.1936754220380233,0.6571435275323251,0.9597970335675253,0.6178554558337269,0.7312234293811998,0.6222222222222222,0.821917808219178,0.41379310344827586
P0,44,0,2,16,False,0.16573843230994847,0.7170975656778205,0.963198394111743,0.6178554558337269,0.7113840340103921,0.6222222222222222,0.821917808219178,0.41379310344827586
P0,44,0,2,17,False,0.12719762726471975,0.7714767502803429,0.9897959183673469,0.6039206424185168,0.7165800661313179,0.6105332455562871,0.863013698630137,0.3448275862068966
P0,44,0,2,18,False,0.13316474768977898,0.808221879250863,0.9815991970558715,0.5798299480396788,0.7128011336797355,0.5836734693877551,0.8493150684931506,0.3103448275862069
P0,44,0,2,19,False,0.08750925886516388,0.8444481758656455,0.9897959183673469,0.593528578176665,0.7057156353330184,0.5991326738040386,0.8767123287671232,0.3103448275862069
P0,44,1,0,1,False,0.7152110669347975,0.6888847487313406,0.5,0.49324324324324326,0.514821272885789,0.41011235955056174,0.9864864864864865,0.0
P0,44,1,0,2,False,0.6845272670045567,0.6860652537572951,0.5083333333333333,0.5978639930252834,0.6054925893635571,0.6025323064874037,0.9054054054054054,0.2903225806451613
P0,44,1,0,3,False,0.6763488572576771,0.6810073716299875,0.5314625850340137,0.532258064516129,0.6346992153443767,0.4786851566512583,1.0,0.06451612903225806
P0,44,1,0,4,False,0.669143761989575,0.6665611414682298,0.5865646258503401,0.5765039232781168,0.6543156059285091,0.5676470588235295,0.9594594594594594,0.1935483870967742
P0,44,1,0,5,False,0.6603083357142941,0.6580094922156561,0.6071428571428572,0.6052746294681779,0.6678291194420227,0.5905409459054094,0.6621621621621622,0.5483870967741935
P0,44,1,0,6,False,0.6461020140832173,0.6555257502056303,0.6078231292517007,0.6124673060156931,0.6377506538796861,0.6181818181818182,0.8378378378378378,0.3870967741935484
P0,44,1,0,7,False,0.5881362473907102,0.6602039303098406,0.6736394557823129,0.5320401046207498,0.6290322580645161,0.48000733675715335,0.4189189189189189,0.6451612903225806
P0,44,1,0,8,False,0.5435838126329984,0.6380685511089507,0.7448979591836735,0.6000435919790759,0.6543156059285091,0.594509967644296,0.7162162162162162,0.4838709677419355
P0,44,1,0,9,False,0.4848563360131305,0.6740562271504175,0.7887755102040817,0.5106800348735833,0.6408020924149956,0.47995514437903,0.47297297297297297,0.5483870967741935
P0,44,1,0,10,False,0.44220676053549357,0.7135486802884511,0.8369047619047618,0.5948125544899738,0.6194420226678291,0.5956650896688305,0.7702702702702703,0.41935483870967744
P0,44,1,0,11,False,0.3694279476784278,0.7095768928527832,0.8403061224489796,0.6176983435047951,0.6495204882301656,0.6187699416877545,0.7837837837837838,0.45161290322580644
P0,44,1,0,12,False,0.3424426382722486,0.7513048580005055,0.8554421768707483,0.5610287707061901,0.6251089799476897,0.5580808080808082,0.7027027027027027,0.41935483870967744
P0,44,1,0,13,False,0.2721032211602022,0.7827582285162948,0.9125850340136055,0.6218395815170009,0.6538796861377506,0.6267629858961129,0.8243243243243243,0.41935483870967744
P0,44,1,0,14,False,0.23468505717130098,0.8202851476768652,0.9246598639455782,0.5812990409764603,0.6469049694856146,0.5804988662131518,0.7432432432432432,0.41935483870967744
P0,44,1,0,15,False,0.1905822476759049,0.8484009324439934,0.9428571428571428,0.6015693112467306,0.6534437663469922,0.6033333333333334,0.7837837837837838,0.41935483870967744
P0,44,1,0,16,False,0.14490930779256683,0.8105092389597779,0.9530612244897959,0.5969921534437663,0.6634699215344376,0.5679012345679012,0.581081081081081,0.6129032258064516
P0,44,1,0,17,False,0.15308289082297957,0.8730675986834935,0.9629251700680272,0.5542720139494333,0.6512641673931997,0.5506732073896252,0.6891891891891891,0.41935483870967744
P0,44,1,0,18,False,0.11998004487891129,0.9456346167694955,0.9678571428571427,0.6124673060156931,0.6477768090671316,0.6181818181818182,0.8378378378378378,0.3870967741935484
P0,44,1,0,19,True,0.08515970714858188,1.0753724365273403,0.9897959183673469,0.6233653007846556,0.6678291194420227,0.6325000000000001,0.8918918918918919,0.3548387096774194
P0,44,1,0,20,False,0.08584860759080896,1.1220181711106783,0.9731292517006802,0.5828247602441151,0.6482127288578902,0.5860389610389609,0.8108108108108109,0.3548387096774194
P0,44,1,0,21,False,0.07452818434595486,1.1230506461113692,0.9780612244897959,0.6057105492589363,0.6604184829991282,0.6103896103896104,0.8243243243243243,0.3870967741935484
P0,44,1,0,22,False,0.06333108763727877,1.2475936816650488,0.9882653061224489,0.5978639930252834,0.6451612903225806,0.6025323064874037,0.9054054054054054,0.2903225806451613
P0,44,1,0,23,False,0.0556276378352285,1.2197000734374992,0.9897959183673469,0.5828247602441151,0.6381865736704446,0.5860389610389609,0.8108108108108109,0.3548387096774194
P0,44,1,0,24,False,0.04023434882218711,1.2135108278532114,0.9965986394557823,0.5666957279860506,0.6429816913687881,0.5689149560117303,0.8108108108108109,0.3225806451612903
P0,44,1,0,25,False,0.04018146949617759,1.320263041307529,0.9965986394557823,0.5505666957279861,0.6246730601569311,0.5512820512820513,0.8108108108108109,0.2903225806451613
P0,44,1,0,26,False,0.026295312558827194,1.3007720187705543,1.0,0.5734524847428073,0.6612903225806451,0.5762108262108261,0.8243243243243243,0.3225806451612903
P0,44,1,0,27,False,0.021794768239276997,1.2008836517265686,1.0,0.5895815170008718,0.6734960767218832,0.5935483870967742,0.8243243243243243,0.3548387096774194
P0,44,1,0,28,False,0.020305351997559198,1.2912071104294487,1.0,0.5895815170008718,0.6564952048823016,0.5935483870967742,0.8243243243243243,0.3548387096774194
P0,44,1,0,29,False,0.02184157822155146,1.4605534392863602,1.0,0.5708369659982563,0.6447253705318221,0.5726970033296337,0.8513513513513513,0.2903225806451613
P0,44,1,0,30,False,0.01672084909382362,1.3126641217940709,1.0,0.5989537925021796,0.6534437663469922,0.6026831785345717,0.8108108108108109,0.3870967741935484
P0,44,1,0,31,False,0.0169505238407044,1.3754516450732592,1.0,0.6057105492589363,0.6508282476024412,0.6103896103896104,0.8243243243243243,0.3870967741935484
P0,44,1,1,1,False,0.7060839579655573,0.6885268963300265,0.48739823798371806,0.5779279279279279,0.6509009009009009,0.4010008497781135,0.1891891891891892,0.9666666666666667
P0,44,1,1,2,False,0.7034445611330179,0.680364150267381,0.4742388758782201,0.6094594594594595,0.6459459459459459,0.6171779141104294,0.918918918918919,0.3
P0,44,1,1,3,False,0.6942823116595929,0.679700480057643,0.5277127244340359,0.6554054054054055,0.6472972972972973,0.6569218518939826,0.8108108108108109,0.5
P0,44,1,1,4,False,0.6705165482484378,0.6687650497143085,0.5756663321066131,0.5864864864864865,0.6486486486486487,0.5814241486068112,0.972972972972973,0.2
P0,44,1,1,5,False,0.6704685458770165,0.6528393076016352,0.5602208096353296,0.6626126126126126,0.6648648648648648,0.6752841263894093,0.8918918918918919,0.43333333333333335
P0,44,1,1,6,False,0.6211122228549077,0.6410974401694077,0.6634883461581353,0.618018018018018,0.6891891891891891,0.6067226890756303,0.7027027027027027,0.5333333333333333
P0,44,1,1,7,False,0.5872885687993123,0.712299828345959,0.6944351511096242,0.5310810810810811,0.6648648648648648,0.36172221697667833,0.16216216216216217,0.9
P0,44,1,1,8,False,0.5729971562440579,0.6432762650343088,0.6788223486115759,0.5968468468468469,0.6905405405405406,0.5523672883787661,0.527027027027027,0.6666666666666666
P0,44,1,1,9,False,0.5246232495858119,0.6377024765198047,0.7641909222705476,0.6238738738738738,0.6945945945945946,0.5854962574122679,0.581081081081081,0.6666666666666666
P0,44,1,1,10,False,0.4561937932784741,0.6358236785118396,0.8391881342701015,0.6684684684684685,0.6954954954954955,0.6614583333333333,0.7702702702702703,0.5666666666666667
P0,44,1,1,11,False,0.3822162036712353,0.6515029760507437,0.8478309356529496,0.695045045045045,0.7040540540540541,0.6807452101196145,0.7567567567567568,0.6333333333333333
P0,44,1,1,12,False,0.36064344816482985,0.651608006312297,0.8786104605776737,0.6436936936936937,0.6936936936936937,0.592156862745098,0.5540540540540541,0.7333333333333333
P0,44,1,1,13,False,0.35191116711268056,0.6491748094558716,0.8595962975354076,0.6720720720720721,0.7130630630630631,0.6720720720720721,0.8108108108108109,0.5333333333333333
P0,44,1,1,14,False,0.29107944982556194,0.6300409619624798,0.8950039032006245,0.7148648648648648,0.7279279279279279,0.6899352318289298,0.7297297297297297,0.7
P0,44,1,1,15,False,0.2286919166262333,0.6766196122536292,0.9400022304003569,0.6743243243243243,0.7135135135135136,0.6391394864677307,0.6486486486486487,0.7
P0,44,1,1,16,True,0.18228417491683593,0.6688044942342318,0.9516003122560499,0.7153153153153153,0.7315315315315315,0.7065972222222222,0.7972972972972973,0.6333333333333333
P0,44,1,1,17,False,0.17379915656951758,0.7282698790614421,0.95020631203301,0.6986486486486486,0.709009009009009,0.6926108374384237,0.7972972972972973,0.6
P0,44,1,1,18,False,0.11452060622664598,0.8224785058544233,0.9863945578231292,0.6522522522522523,0.7099099099099099,0.6578947368421053,0.8378378378378378,0.4666666666666667
P0,44,1,1,19,False,0.0978316107334999,0.8642257119600589,0.9897959183673469,0.6756756756756757,0.7054054054054054,0.6823308270676691,0.8513513513513513,0.5
P0,44,1,1,20,False,0.07840647025463673,0.8375862722213452,0.9931972789115646,0.6689189189189189,0.7117117117117117,0.6737539212269084,0.8378378378378378,0.5
P0,44,1,1,21,False,0.06757136699385367,0.8480178633561501,1.0,0.7121621621621621,0.7135135135135136,0.7100479536076726,0.8243243243243243,0.6
P0,44,1,1,22,False,0.06524451016090237,1.0001154722502599,0.9931972789115646,0.6355855855855856,0.7,0.6415923945335711,0.8378378378378378,0.43333333333333335
P0,44,1,1,23,False,0.042844333220273256,0.990171152811784,0.9965986394557823,0.659009009009009,0.6986486486486486,0.6663101604278074,0.8513513513513513,0.4666666666666667
P0,44,1,1,24,False,0.034400934174370304,0.9791727025921528,1.0,0.6689189189189189,0.6986486486486486,0.6737539212269084,0.8378378378378378,0.5
P0,44,1,1,25,False,0.028264200529800013,0.9936640030489519,1.0,0.6355855855855856,0.7108108108108108,0.6415923945335711,0.8378378378378378,0.43333333333333335
P0,44,1,1,26,False,0.02697994080013954,1.0035758219086206,1.0,0.6355855855855856,0.7108108108108108,0.6415923945335711,0.8378378378378378,0.43333333333333335
P0,44,1,1,27,False,0.021099579036952212,0.9709939002417601,1.0,0.7022522522522523,0.7103603603603603,0.7042429757706746,0.8378378378378378,0.5666666666666667
P0,44,1,1,28,False,0.01628116561243167,1.0233199395812476,1.0,0.6522522522522523,0.7148648648648649,0.6578947368421053,0.8378378378378378,0.4666666666666667
P0,44,1,2,1,False,0.7172271486674769,0.6901943035496091,0.4370846256092158,0.5748858447488585,0.6009132420091324,0.5571253071253072,0.6164383561643836,0.5333333333333333
P0,44,1,2,2,False,0.6910278335142364,0.6843022733058745,0.5804164820558263,0.5059360730593607,0.602283105022831,0.46143790849673205,0.9452054794520548,0.06666666666666667
P0,44,1,2,3,False,0.6741196621548046,0.6805150827157844,0.5355560478511298,0.541324200913242,0.5981735159817352,0.5382383966244725,0.8493150684931506,0.23333333333333334
P0,44,1,2,4,False,0.685688831304249,0.6770501478204449,0.5885024368630927,0.5255707762557078,0.6315068493150685,0.5036144578313253,0.9178082191780822,0.13333333333333333
P0,44,1,2,5,False,0.6386131764028631,0.6953962948715803,0.599246787771378,0.5184931506849315,0.6328767123287671,0.3412790697674419,0.136986301369863,0.9
P0,44,1,2,6,False,0.602858155110236,0.6552462369492911,0.6590053167922021,0.5981735159817352,0.6794520547945205,0.6038461538461539,0.863013698630137,0.3333333333333333
P0,44,1,2,7,False,0.5718701273630681,0.6457695243428054,0.7318342933097032,0.6374429223744292,0.673972602739726,0.6400279589934762,0.8082191780821918,0.4666666666666667
P0,44,1,2,8,False,0.5226559846452549,0.7235600198935537,0.7810146211785556,0.5922374429223745,0.6694063926940639,0.595398428731762,0.9178082191780822,0.26666666666666666
P0,44,1,2,9,False,0.5040376100813944,0.7379629232929749,0.6942290651307044,0.5883561643835616,0.671689497716895,0.5925632911392404,0.8767123287671232,0.3
P0,44,1,2,10,False,0.3969999292250455,0.6927852639295522,0.8360101905183872,0.650228310502283,0.671689497716895,0.6455766455766456,0.7671232876712328,0.5333333333333333
P0,44,1,2,11,False,0.39158481958380154,0.7927105192420552,0.8171798848028355,0.5579908675799087,0.6625570776255708,0.5581697647211752,0.8493150684931506,0.26666666666666666
P0,44,1,2,12,False,0.3310514277818671,0.7703013969856558,0.8707354895879487,0.6424657534246575,0.6461187214611872,0.6238914971309337,0.684931506849315,0.6
P0,44,1,2,13,True,0.2863886370613244,0.8488459543695728,0.9170358883473637,0.6570776255707762,0.6429223744292237,0.6538978494623656,0.7808219178082192,0.5333333333333333
P0,44,1,2,14,False,0.2641502022386738,0.9655418251324626,0.8890673460345591,0.6011415525114155,0.6570776255707762,0.6062399802688371,0.8356164383561644,0.36666666666666664
P0,44,1,2,15,False,0.2139094231124415,0.9665787471729574,0.9339277802392556,0.6139269406392693,0.663013698630137,0.6160298229263746,0.7945205479452054,0.43333333333333335
P0,44,1,2,16,False,0.20630412809016033,1.0049561348933618,0.9189743021710235,0.6109589041095891,0.6625570776255708,0.6155328115593017,0.821917808219178,0.4
P0,44,1,2,17,False,0.14072052129147725,0.9982890478036937,0.9667146654851573,0.6070776255707763,0.6698630136986301,0.6080940850916638,0.7808219178082192,0.43333333333333335
P0,44,1,2,18,False,0.10831365276252825,1.030655409525899,0.9734714222419141,0.623744292237443,0.6593607305936073,0.623744292237443,0.7808219178082192,0.4666666666666667
P0,44,1,2,19,False,0.10891462086240926,1.1236020639104751,0.9633362871067789,0.6002283105022831,0.6730593607305936,0.6002283105022831,0.7671232876712328,0.43333333333333335
P0,44,1,2,20,False,0.0820596894543422,1.242797451111877,0.9782897651750111,0.6246575342465753,0.6735159817351598,0.6316438525095573,0.8493150684931506,0.4
P0,44,1,2,21,False,0.061632368780458656,1.1888578583314582,0.9932432432432432,0.5904109589041096,0.6680365296803653,0.5920316868592731,0.7808219178082192,0.4
P0,44,1,2,22,False,0.06185327816986296,1.3476374340288848,0.9700930438635357,0.6148401826484018,0.6584474885844749,0.6221378874130297,0.863013698630137,0.36666666666666664
P0,44,1,2,23,False,0.0457321548629463,1.2843906989375364,0.9932432432432432,0.5942922374429224,0.663013698630137,0.5984405458089669,0.821917808219178,0.36666666666666664
P0,44,1,2,24,False,0.033214242703339274,1.3669696739576396,0.9966216216216216,0.6109589041095891,0.6602739726027397,0.6155328115593017,0.821917808219178,0.4
P0,44,1,2,25,False,0.025292860292807293,1.3056823625726608,1.0,0.6207762557077625,0.6566210045662101,0.6240433298010126,0.8082191780821918,0.43333333333333335
P0,44,2,0,1,False,0.7224254124406455,0.6824540558315458,0.4362244897959184,0.5,0.6333914559721011,0.4134078212290503,1.0,0.0
P0,44,2,0,2,False,0.6926856187806614,0.6976718754995437,0.5188775510204082,0.5,0.6377506538796861,0.22794117647058823,0.0,1.0
P0,44,2,0,3,False,0.6739713235753746,0.6740410509563628,0.6090136054421769,0.56974716652136,0.6442894507410637,0.5605426468465867,0.9459459459459459,0.1935483870967742
P0,44,2,0,4,False,0.6697470928735779,0.6713354161807469,0.5870748299319728,0.6187881429816913,0.6490845684394071,0.6063430945384537,0.6891891891891891,0.5483870967741935
P0,44,2,0,5,False,0.639805443332967,0.6521964896292913,0.6297619047619047,0.6015693112467306,0.6591107236268526,0.6033333333333334,0.7837837837837838,0.41935483870967744
P0,44,2,0,6,False,0.6242462560750436,0.6532682305290586,0.6636054421768707,0.572362685265911,0.6730601569311246,0.5687294633077765,0.918918918918919,0.22580645161290322
P0,44,2,0,7,True,0.6068576372763961,0.6304808213597253,0.6687074829931973,0.6780732345248475,0.6791630340017437,0.6654332408263954,0.7432432432432432,0.6129032258064516
P0,44,2,0,8,False,0.549867165837311,0.6596497569765364,0.7210884353741496,0.6318657367044465,0.6752397558849171,0.5864591147786946,0.5540540540540541,0.7096774193548387
P0,44,2,0,9,False,0.5044223646034941,0.6975915236132485,0.7335034013605441,0.5965562336530078,0.6678291194420227,0.5216836734693877,0.4189189189189189,0.7741935483870968
P0,44,2,0,10,False,0.4424869516045575,0.6590703816640945,0.8217687074829932,0.6285963382737576,0.6922406277244987,0.6347402597402597,0.8378378378378378,0.41935483870967744
P0,44,2,0,11,False,0.3896337227832868,0.6329125228382292,0.8406462585034014,0.6135571054925893,0.6944202266782912,0.6100795755968169,0.7432432432432432,0.4838709677419355
P0,44,2,0,12,False,0.3528606867156743,0.6854201543898809,0.8622448979591837,0.6030950305143854,0.6939843068875327,0.6088210551616392,0.8513513513513513,0.3548387096774194
P0,44,2,0,13,False,0.30709828904285524,0.7389178843725295,0.8591836734693878,0.6192240627724499,0.6721883173496077,0.6260683760683761,0.8513513513513513,0.3870967741935484
P0,44,2,0,14,False,0.26600042057498063,0.798319787638528,0.9079931972789115,0.6327375762859634,0.6647776809067132,0.642161635832522,0.8783783783783784,0.3870967741935484
P0,44,2,0,15,False,0.21632207145437526,0.7413697807561783,0.9409863945578232,0.6379686137750654,0.6782911944202267,0.6426950998185117,0.8243243243243243,0.45161290322580644
P0,44,2,0,16,False,0.16287443833650597,0.8371557695525033,0.9814625850340135,0.6312118570183086,0.6713164777680907,0.6346391289707038,0.8108108108108109,0.45161290322580644
P0,44,2,0,17,False,0.11711092926741798,0.8934461667424156,0.9715986394557823,0.6353530950305144,0.6708805579773321,0.6428152492668622,0.8513513513513513,0.41935483870967744
P0,44,2,0,18,False,0.1055788451778716,0.9300390503236226,0.9848639455782313,0.5989537925021796,0.6687009590235397,0.6026831785345717,0.8108108108108109,0.3870967741935484
P0,44,2,0,19,False,0.07339703362741044,1.0065957500821068,0.9799319727891156,0.5895815170008718,0.6634699215344376,0.5935483870967742,0.8243243243243243,0.3548387096774194
P0,44,2,1,1,False,0.7211403984289902,0.6897734220211322,0.3900970224155236,0.559009009009009,0.5837837837837838,0.5594917212167886,0.8513513513513513,0.26666666666666666
P0,44,2,1,2,False,0.7054776778587928,0.6978745460510254,0.48304895728783315,0.5,0.6283783783783784,0.22388059701492538,0.0,1.0
P0,44,2,1,3,False,0.6768825352191925,0.6945762496728164,0.5579346492695438,0.5,0.6581081081081082,0.41573033707865165,1.0,0.0
P0,44,2,1,4,False,0.6731819934569873,0.6962158038065984,0.5467268874763019,0.5,0.6522522522522523,0.22388059701492538,0.0,1.0
P0,44,2,1,5,False,0.6890143476999723,0.6749178125308111,0.5791234526597524,0.6031531531531532,0.6801801801801802,0.6055226824457595,0.972972972972973,0.23333333333333334
P0,44,2,1,6,True,0.635399185694181,0.6507726563857152,0.6073380171740828,0.6918918918918919,0.6873873873873874,0.6840277777777777,0.7837837837837838,0.6
P0,44,2,1,7,False,0.6125726837378281,0.6407195283816411,0.688580350172856,0.5725225225225226,0.7202702702702702,0.573939474031981,0.8783783783783784,0.26666666666666666
P0,44,2,1,8,False,0.5908220570821029,0.6482356144831731,0.6678376268540203,0.6270270270270271,0.7004504504504504,0.5806451612903225,0.5540540540540541,0.7
P0,44,2,1,9,False,0.5392105476214335,0.6499755267913525,0.7708263633322181,0.5819819819819819,0.6783783783783783,0.5845864661654134,0.7972972972972973,0.36666666666666664
P0,44,2,1,10,False,0.48669173740423644,0.6639543932217818,0.7600089216014274,0.5954954954954955,0.704954954954955,0.5998075998075998,0.8243243243243243,0.36666666666666664
P0,44,2,1,11,False,0.4304342373059346,0.6595871792389796,0.8622170179547228,0.6405405405405404,0.6873873873873874,0.597367402245451,0.581081081081081,0.7
P0,44,2,1,12,False,0.38772883208898395,0.7431935713841364,0.8554142968662874,0.6256756756756756,0.6765765765765765,0.6328667072428484,0.8513513513513513,0.4
P0,44,2,1,13,False,0.3058787357921784,0.7963312245332278,0.9018066242890599,0.6126126126126126,0.6882882882882883,0.6208333333333333,0.8918918918918919,0.3333333333333333
P0,44,2,1,14,False,0.2561482706895241,0.7364952541314639,0.9338128694100591,0.6247747747747747,0.6653153153153153,0.6146924949719488,0.7162162162162162,0.5333333333333333
P0,44,2,1,15,False,0.21871781864991555,0.843176041658108,0.9434035909445746,0.6022522522522522,0.6558558558558558,0.6075471698113208,0.8378378378378378,0.36666666666666664
P0,44,2,1,16,False,0.2416489226027177,1.0667937799141958,0.9106167056986729,0.595945945945946,0.6621621621621622,0.6014272499008855,0.8918918918918919,0.3
P0,44,2,1,17,False,0.16314066015183926,0.8245683358265803,0.9747964759674361,0.6148648648648649,0.654054054054054,0.6083916083916084,0.7297297297297297,0.5
P0,44,2,1,18,False,0.14433483349589202,0.9579000725195959,0.961804393888703,0.5887387387387387,0.6554054054054054,0.592156862745098,0.8108108108108109,0.36666666666666664
P0,44,2,2,1,False,0.6924518432343405,0.7000087945206651,0.5532233052724856,0.5,0.6776255707762557,0.41477272727272724,1.0,0.0
P0,44,2,2,2,False,0.6927548980598814,0.6791361118983297,0.47385910500664596,0.5029680365296804,0.6694063926940639,0.44070765458048694,0.9726027397260274,0.03333333333333333
P0,44,2,2,3,False,0.6907299004103008,0.6729545240263337,0.5263070447496677,0.5166666666666667,0.6831050228310502,0.44940092165898615,1.0,0.03333333333333333
P0,44,2,2,4,False,0.6747456292786667,0.6584120919403521,0.5568785999113868,0.541324200913242,0.689041095890411,0.5382383966244725,0.8493150684931506,0.23333333333333334
P0,44,2,2,5,False,0.6637990081139158,0.6614492032134417,0.5890008861320337,0.5333333333333333,0.7045662100456621,0.48204022988505746,1.0,0.06666666666666667
P0,44,2,2,6,True,0.6471748397681132,0.6309674087079983,0.6416703588834737,0.6815068493150684,0.691324200913242,0.6899458157736302,0.863013698630137,0.5
P0,44,2,2,7,False,0.6090183798491099,0.6281866844996665,0.6595037660611431,0.6689497716894977,0.6995433789954338,0.6414823914823915,0.6712328767123288,0.6666666666666666
P0,44,2,2,8,False,0.5629253099409587,0.659580386668733,0.7058041648205582,0.6230593607305936,0.6808219178082192,0.5570950788342092,0.4794520547945205,0.7666666666666667
P0,44,2,2,9,False,0.4950237994986858,0.644719732328526,0.7877713779353124,0.6550228310502283,0.6872146118721462,0.6655844155844156,0.8767123287671232,0.43333333333333335
P0,44,2,2,10,False,0.4633967622615504,0.6425900696550758,0.7945281346920692,0.652283105022831,0.6963470319634704,0.6286950252343186,0.6712328767123288,0.6333333333333333
P0,44,2,2,11,False,0.43305966600276635,0.6914913758490849,0.789211342490031,0.6073059360730593,0.6753424657534246,0.5661671074542071,0.547945205479452,0.6666666666666666
P0,44,2,2,12,False,0.35932385379617865,0.6877771838776117,0.8408285334514842,0.6552511415525114,0.6771689497716895,0.6246963562753036,0.6438356164383562,0.6666666666666666
P0,44,2,2,13,False,0.32957940616390924,0.7364233118816487,0.8601019051838723,0.6139269406392693,0.6785388127853881,0.6160298229263746,0.7945205479452054,0.43333333333333335
P0,44,2,2,14,False,0.2786966485982877,0.7040631729132921,0.8890673460345591,0.652283105022831,0.689041095890411,0.6286950252343186,0.6712328767123288,0.6333333333333333
P0,44,2,2,15,False,0.22038123783383642,0.7924077224384234,0.9478843597696056,0.6246575342465753,0.6945205479452055,0.6316438525095573,0.8493150684931506,0.4
P0,44,2,2,16,False,0.20425038852474905,0.8993447920651112,0.9551395657953035,0.5776255707762556,0.6652968036529681,0.5808361080281169,0.821917808219178,0.3333333333333333
P0,44,2,2,17,False,0.16828306796448084,0.802895598619887,0.9401860877270714,0.6463470319634703,0.6808219178082192,0.635026307312359,0.726027397260274,0.5666666666666667
P0,44,2,2,18,False,0.11100699513722835,0.8159706494183216,0.9782897651750111,0.6767123287671233,0.6794520547945205,0.6655844155844156,0.7534246575342466,0.6
P0,44,3,0,1,False,0.7141885092625251,0.694350688798087,0.48672911787665885,0.5244115082824761,0.5553618134263295,0.30663221360895776,0.08108108108108109,0.967741935483871
P0,44,3,0,2,False,0.7009096833375784,0.6866630400930133,0.5281030444964872,0.5093722755013078,0.6634699215344376,0.4427324088341037,0.9864864864864865,0.03225806451612903
P0,44,3,0,3,False,0.6913502170489385,0.6838533901032947,0.5428794468607115,0.5520924149956408,0.7201394943330427,0.5477091763477353,0.8783783783783784,0.22580645161290322
P0,44,3,0,4,False,0.6869633541657374,0.6778787243933905,0.5277127244340359,0.5,0.7205754141238012,0.4134078212290503,1.0,0.0
P0,44,3,0,5,False,0.6692147323718438,0.6625392970584688,0.6140292182446749,0.6368788142981692,0.6874455100261552,0.6489197530864197,0.918918918918919,0.3548387096774194
P0,44,3,0,6,False,0.6691638506375827,0.657787272192183,0.5705921712947474,0.6139930252833479,0.6656495204882301,0.6219135802469136,0.9054054054054054,0.3225806451612903
P0,44,3,0,7,False,0.5917113560896653,0.656083151272365,0.7174640347942456,0.6240191804707933,0.6630340017436792,0.6001367053998632,0.6351351351351351,0.6129032258064516
P0,44,3,0,8,False,0.5603102479989712,0.6469535206045424,0.7278353964536635,0.6364428945074107,0.6717523975588492,0.6323607427055702,0.7567567567567568,0.5161290322580645
P0,44,3,0,9,False,0.5163848996162415,0.6874227816150302,0.7853797256607562,0.6394943330427201,0.6748038360941587,0.6503884572697003,0.8918918918918919,0.3870967741935484
P0,44,3,0,10,False,0.4734737661022406,0.6575094858805338,0.7907884465261514,0.5985178727114211,0.6809067131647777,0.5826709062003179,0.6486486486486487,0.5483870967741935
P0,44,3,0,11,False,0.4136975069458668,0.674452433841569,0.8432028549124568,0.6499564080209241,0.6765475152571927,0.6485260770975056,0.7837837837837838,0.5161290322580645
P0,44,3,0,12,False,0.3592984922803365,0.6802629028047834,0.8698003791680606,0.6567131647776809,0.6979075850043592,0.6567131647776809,0.7972972972972973,0.5161290322580645
P0,44,3,0,13,False,0.31084860087587285,0.7408739871921993,0.8929965428794469,0.6634699215344377,0.6922406277244987,0.6649796457256024,0.8108108108108109,0.5161290322580645
P0,44,3,0,14,False,0.26982491320142377,0.7542460219491096,0.9127913460466154,0.6634699215344377,0.6996512641673932,0.6649796457256024,0.8108108108108109,0.5161290322580645
P0,44,3,0,15,False,0.21352572080034476,0.7550186433962414,0.9263967882234861,0.6458151700087184,0.6887532693984307,0.6383467278989667,0.7432432432432432,0.5483870967741935
P0,44,3,0,16,False,0.19064320308657792,0.809669763417471,0.9379948700791791,0.6338273757628596,0.6913687881429816,0.6338273757628596,0.7837837837837838,0.4838709677419355
P0,44,3,0,17,False,0.164759091173227,0.7321495145559311,0.941396230623397,0.6172624237140366,0.6987794245858762,0.5920745920745921,0.6216216216216216,0.6129032258064516
P0,44,3,0,18,True,0.1391630139775001,0.7415448022030648,0.9563956730233076,0.699433304272014,0.7262423714036618,0.6700706991358995,0.6891891891891891,0.7096774193548387
P0,44,3,0,19,False,0.09864750930752891,1.0364572654699995,0.9829931972789115,0.5921970357454228,0.6782911944202267,0.59505444646098,0.7972972972972973,0.3870967741935484
P0,44,3,0,20,False,0.08768029589779101,1.0015830413394031,0.9761904761904762,0.6057105492589363,0.6887532693984307,0.6103896103896104,0.8243243243243243,0.3870967741935484
P0,44,3,0,21,False,0.06455622312541191,1.1179987065227968,0.9965986394557823,0.6083260680034873,0.6843940714908456,0.6110674598720396,0.7972972972972973,0.41935483870967744
P0,44,3,0,22,False,0.047865253228407637,0.9919520470890261,0.9965986394557823,0.5812990409764603,0.6769834350479512,0.5804988662131518,0.7432432432432432,0.41935483870967744
P0,44,3,0,23,False,0.04278204269492282,1.2286039327005192,0.9931972789115646,0.5854402789886661,0.6804707933740192,0.5874957907733752,0.7837837837837838,0.3870967741935484
P0,44,3,0,24,False,0.03399332544694726,1.1390974848930324,1.0,0.5854402789886661,0.6839581517000872,0.5874957907733752,0.7837837837837838,0.3870967741935484
P0,44,3,0,25,False,0.03255298182081718,1.3218012907453591,1.0,0.5921970357454228,0.6717523975588492,0.59505444646098,0.7972972972972973,0.3870967741935484
P0,44,3,0,26,False,0.027148268579577025,1.2013305945055825,1.0,0.5854402789886661,0.6795989537925021,0.5874957907733752,0.7837837837837838,0.3870967741935484
P0,44,3,0,27,False,0.024038431986879844,1.2361522050485725,1.0,0.5854402789886661,0.6822144725370531,0.5874957907733752,0.7837837837837838,0.3870967741935484
P0,44,3,0,28,False,0.022529313018402226,1.254753691640993,1.0,0.5854402789886661,0.6861377506538797,0.5874957907733752,0.7837837837837838,0.3870967741935484
P0,44,3,0,29,False,0.018023260716850367,1.2936028704313296,1.0,0.5854402789886661,0.6883173496076722,0.5874957907733752,0.7837837837837838,0.3870967741935484
P0,44,3,0,30,False,0.02004620082712231,1.307211382004122,0.9965986394557823,0.5854402789886661,0.6861377506538797,0.5874957907733752,0.7837837837837838,0.3870967741935484
P0,44,3,1,1,False,0.7241038978099823,0.6917084767704919,0.499163599866176,0.5,0.6085440278988666,0.4134078212290503,1.0,0.0
P0,44,3,1,2,False,0.6877029079657334,0.684601282505762,0.536522805843649,0.5427201394943331,0.6168265039232781,0.5333333333333333,0.8918918918918919,0.1935483870967742
P0,44,3,1,3,False,0.6915250053772559,0.6869519892193022,0.522805843648935,0.502615518744551,0.6381865736704446,0.43850267379679153,0.972972972972973,0.03225806451612903
P0,44,3,1,4,False,0.6727688541779151,0.6912820923896063,0.5490688078510093,0.5,0.6512641673931997,0.22794117647058823,0.0,1.0
P0,44,3,1,5,False,0.6486791624472692,0.6523159952390761,0.625627300100368,0.6218395815170009,0.6935483870967742,0.6267629858961129,0.8243243243243243,0.41935483870967744
P0,44,3,1,6,False,0.6124545771342057,0.6395509384927296,0.7066465930634549,0.6671752397558849,0.7131647776809067,0.6452702702702703,0.6891891891891891,0.6451612903225806
P0,44,3,1,7,False,0.5743627043870779,0.6510737461703164,0.7026318724210996,0.5843504795117699,0.7192676547515258,0.5874001774622892,0.8783783783783784,0.2903225806451613
P0,44,3,1,8,True,0.5006014085732974,0.62412645646504,0.7762350841976134,0.7035745422842197,0.7109851787271142,0.6829710144927537,0.7297297297297297,0.6774193548387096
P0,44,3,1,9,False,0.45065845319857967,0.6692916881470453,0.8166053306568529,0.6192240627724499,0.7149084568439407,0.6260683760683761,0.8513513513513513,0.3870967741935484
P0,44,3,1,10,False,0.37728841688770515,0.6980961200736818,0.8479982156797146,0.6124673060156931,0.6996512641673932,0.6181818181818182,0.8378378378378378,0.3870967741935484
P0,44,3,1,11,False,0.30395085880389583,0.7407491140422366,0.8800044608007137,0.6285963382737576,0.6900610287707062,0.6347402597402597,0.8378378378378378,0.41935483870967744
P0,44,3,1,12,False,0.28339342601024187,0.7968313030543781,0.8868071818891491,0.6124673060156931,0.6822144725370531,0.6181818181818182,0.8378378378378378,0.3870967741935484
P0,44,3,1,13,False,0.21963019181902593,0.9229175545630001,0.9263967882234861,0.6030950305143854,0.6769834350479512,0.6088210551616392,0.8513513513513513,0.3548387096774194
P0,44,3,1,14,False,0.16918367376694313,0.9078433185815811,0.95299431247909,0.6353530950305144,0.6887532693984307,0.6428152492668622,0.8513513513513513,0.41935483870967744
P0,44,3,1,15,False,0.14188432729301545,1.080965845428762,0.9597970335675253,0.6166085440278989,0.6904969485614647,0.6244913059563447,0.8783783783783784,0.3548387096774194
P0,44,3,1,16,False,0.09994978142472413,1.0553644856349342,0.9781978365116538,0.5802092414995641,0.6761115954664342,0.583583703881745,0.8378378378378378,0.3225806451612903
P0,44,3,1,17,False,0.09782440229677238,1.1745298468640872,0.9795918367346939,0.6098517872711422,0.6730601569311246,0.616601752677702,0.8648648648648649,0.3548387096774194
P0,44,3,1,18,False,0.059566251933574677,1.2805394317777383,0.9897959183673469,0.5937227550130776,0.6809067131647777,0.5985941546429893,0.8648648648648649,0.3225806451612903
P0,44,3,1,19,False,0.05601584123304257,1.3561375459523073,0.9931972789115646,0.6004795117698344,0.6721883173496077,0.60625,0.8783783783783784,0.3225806451612903
P0,44,3,1,20,False,0.03650959982321812,1.3375691439734683,0.9965986394557823,0.5937227550130776,0.6756756756756757,0.5985941546429893,0.8648648648648649,0.3225806451612903
P0,44,3,2,1,False,0.7155185824348813,0.6852140085211078,0.45553618134263296,0.5687214611872146,0.671689497716895,0.5664983164983164,0.9041095890410958,0.23333333333333334
P0,44,3,2,2,False,0.6864141509646461,0.6813396203865125,0.5773757628596339,0.5029680365296804,0.6904109589041096,0.44070765458048694,0.9726027397260274,0.03333333333333333
P0,44,3,2,3,False,0.6610514271826972,0.6996124699277785,0.6044027898866609,0.5,0.7059360730593607,0.2255639097744361,0.0,1.0
P0,44,3,2,4,False,0.6727533493723188,0.6797082615130156,0.5767218831734962,0.5029680365296804,0.7493150684931507,0.44070765458048694,0.9726027397260274,0.03333333333333333
P0,44,3,2,5,False,0.6548683768226987,0.6920216696933635,0.6002615518744551,0.5068493150684932,0.7470319634703196,0.24078624078624078,0.0136986301369863,1.0
P0,44,3,2,6,False,0.6537507355213166,0.628157516706337,0.6045117698343505,0.6687214611872145,0.7799086757990867,0.6830769230769229,0.9041095890410958,0.43333333333333335
P0,44,3,2,7,False,0.5964720680600121,0.6072655696313358,0.6829773321708805,0.6657534246575343,0.7904109589041096,0.682992104911013,0.9315068493150684,0.4
P0,44,3,2,8,False,0.5512157660155069,0.5984309454566067,0.74128160418483,0.6755707762557077,0.7872146118721461,0.6920577148056675,0.9178082191780822,0.43333333333333335
P0,44,3,2,9,False,0.5214981255786759,0.6206437783333861,0.7392109851787272,0.6589041095890411,0.7840182648401827,0.6740506329113924,0.9178082191780822,0.4
P0,44,3,2,10,False,0.4359424801099868,0.5904401153036691,0.8182214472537053,0.6963470319634704,0.7657534246575343,0.6754201680672269,0.726027397260274,0.6666666666666666
P0,44,3,2,11,True,0.3730988275437128,0.5856060947029336,0.8645379250217959,0.7413242009132419,0.7835616438356164,0.7413242009132419,0.8493150684931506,0.6333333333333333
P0,44,3,2,12,False,0.3174646300219354,0.6184342949135789,0.8902571926765475,0.7207762557077626,0.7538812785388128,0.7141747141747142,0.8082191780821918,0.6333333333333333
P0,44,3,2,13,False,0.2633852955840883,0.6266743045987435,0.9245858761987794,0.7413242009132419,0.7808219178082192,0.7413242009132419,0.8493150684931506,0.6333333333333333
P0,44,3,2,14,False,0.18498167409783317,0.6407321844864817,0.9508500435919791,0.7276255707762557,0.7808219178082192,0.7231182795698925,0.821917808219178,0.6333333333333333
P0,44,3,2,15,False,0.19635039151069664,0.6374439736014431,0.9407149084568439,0.7276255707762557,0.7821917808219178,0.7231182795698925,0.821917808219178,0.6333333333333333
P0,44,3,2,16,False,0.17696569505191984,0.6815632350236467,0.9380993897122929,0.7207762557077626,0.7698630136986301,0.7141747141747142,0.8082191780821918,0.6333333333333333
P0,44,3,2,17,False,0.15896207023234593,0.6832030979753698,0.9568439407149085,0.7178082191780821,0.7757990867579909,0.7178082191780821,0.8356164383561644,0.6
P0,44,3,2,18,False,0.12738896526751065,0.6779019453571838,0.9737358326068004,0.7178082191780821,0.7821917808219178,0.7178082191780821,0.8356164383561644,0.6
P0,44,3,2,19,False,0.10300869008614903,0.693117963602242,0.9737358326068004,0.7178082191780821,0.8009132420091324,0.7178082191780821,0.8356164383561644,0.6
P0,44,3,2,20,False,0.08811566301044964,0.7829098059135733,0.9784219703574543,0.691324200913242,0.7812785388127854,0.6968091369363005,0.8493150684931506,0.5333333333333333
P0,44,3,2,21,False,0.06712234035311711,0.7182561147560194,0.9898648648648649,0.7139269406392694,0.7808219178082192,0.7053257042253521,0.7945205479452054,0.6333333333333333
P0,44,3,2,22,False,0.057294525631836485,0.883683208412337,0.9898648648648649,0.6883561643835616,0.7671232876712328,0.6988304093567252,0.8767123287671232,0.5
P0,44,3,2,23,False,0.053677250941594444,0.8227143041717196,0.985178727114211,0.6815068493150684,0.7908675799086758,0.6899458157736302,0.863013698630137,0.5
P0,44,4,0,1,False,0.7192070736334875,0.6874079982439677,0.45829151332664214,0.5,0.6987794245858762,0.4134078212290503,1.0,0.0
P0,44,4,0,2,False,0.6954893057162945,0.6859752132779076,0.49743503958960633,0.5472972972972973,0.7327811682650393,0.32672983060579963,0.0945945945945946,1.0
P0,44,4,0,3,False,0.7097004674948179,0.677132575284867,0.44936991189918596,0.6285963382737576,0.7554489973844812,0.6347402597402597,0.8378378378378378,0.41935483870967744
P0,44,4,0,4,False,0.6788129668969375,0.6683653048106603,0.5799598527935764,0.5884917175239757,0.7458587619877942,0.5898989898989899,0.918918918918919,0.25806451612903225
P0,44,4,0,5,False,0.6732239654430976,0.6631895485378447,0.5982491357198617,0.7057541412380122,0.7632955536181343,0.6324613117170229,0.5405405405405406,0.8709677419354839
P0,44,4,0,6,False,0.6557226914625901,0.6343889049121312,0.6356641017062563,0.6353530950305144,0.7619877942458587,0.6428152492668622,0.8513513513513513,0.41935483870967744
P0,44,4,0,7,False,0.6115841487279305,0.6230814899717059,0.6902531504405041,0.6368788142981692,0.7419354838709677,0.6489197530864197,0.918918918918919,0.3548387096774194
P0,44,4,0,8,False,0.5847129535216552,0.6351994402351834,0.7148433143749303,0.6503923278116827,0.7541412380122058,0.6659597030752916,0.9459459459459459,0.3548387096774194
P0,44,4,0,9,True,0.5197317118828113,0.5770942912215278,0.7360321177651388,0.7253705318221447,0.7689625108979947,0.7253705318221447,0.8378378378378378,0.6129032258064516
P0,44,4,0,10,False,0.4671879170032648,0.5910983630589076,0.7714397234303557,0.6859197907585004,0.7497820401046208,0.6532634032634033,0.6621621621621622,0.7096774193548387
P0,44,4,0,11,False,0.4274252945413956,0.5844391311917986,0.8138173302107727,0.699433304272014,0.7523975588491717,0.6700706991358995,0.6891891891891891,0.7096774193548387
P0,44,4,0,12,False,0.3590551998752814,0.5839572651045662,0.8390208542433366,0.7077157802964255,0.7654751525719268,0.6955260977630489,0.7702702702702703,0.6451612903225806
P0,44,4,0,13,False,0.27952506479162437,0.6703305304050445,0.9052079848332776,0.6649956408020924,0.7502179598953792,0.6759259259259259,0.8783783783783784,0.45161290322580644
P0,44,4,0,14,False,0.21858249002924332,0.6946387444933255,0.9331995093119215,0.6540976460331299,0.7271142109851787,0.6582107980693681,0.8243243243243243,0.4838709677419355
P0,44,4,0,15,False,0.1769041045067402,0.7937035141956239,0.9400022304003569,0.6218395815170009,0.7092414995640802,0.6267629858961129,0.8243243243243243,0.41935483870967744
P0,44,4,0,16,False,0.13598451663095218,0.8173525388396922,0.9781978365116538,0.6015693112467306,0.6935483870967742,0.6033333333333334,0.7837837837837838,0.41935483870967744
P0,44,4,0,17,False,0.10380468470975757,0.8457120582106568,0.9713951154232184,0.6312118570183086,0.7048823016564952,0.6346391289707038,0.8108108108108109,0.45161290322580644
P0,44,4,0,18,False,0.07495254349823181,1.0436479432951837,0.9931972789115646,0.5802092414995641,0.6826503923278117,0.583583703881745,0.8378378378378378,0.3225806451612903
P0,44,4,0,19,False,0.05669974413915323,0.9970446670694011,0.9965986394557823,0.5828247602441151,0.6909328683522232,0.5860389610389609,0.8108108108108109,0.3548387096774194
P0,44,4,0,20,False,0.05311615847480985,1.1305837854654306,0.9863945578231292,0.5895815170008718,0.6769834350479512,0.5935483870967742,0.8243243243243243,0.3548387096774194
P0,44,4,0,21,False,0.037362692125428185,1.1309196802610089,0.9931972789115646,0.5599389712292938,0.6743679163034002,0.5616883116883117,0.7972972972972973,0.3225806451612903
P0,44,4,1,1,False,0.718825482405149,0.6861929325830369,0.4252258280361325,0.5146033129904097,0.590671316477768,0.48043184885290147,0.9324324324324325,0.0967741935483871
P0,44,4,1,2,False,0.6933253522102649,0.7005248285475232,0.5158358425337348,0.5,0.5911072362685266,0.22794117647058823,0.0,1.0
P0,44,4,1,3,False,0.6744571580336645,0.6930070513770694,0.5720976915356306,0.560156931124673,0.5915431560592851,0.4845454545454546,0.3783783783783784,0.7419354838709677
P0,44,4,1,4,False,0.6450056089804723,0.6772397989318484,0.666610906657745,0.5921970357454228,0.6203138622493461,0.59505444646098,0.7972972972972973,0.3870967741935484
P0,44,4,1,5,False,0.6108881223660249,0.6882959490730649,0.6670569867291178,0.5520924149956408,0.6229293809938972,0.5477091763477353,0.8783783783783784,0.22580645161290322
P0,44,4,1,6,False,0.5390277252747462,0.7104096685137068,0.7720530835284933,0.5969921534437663,0.6163905841325196,0.5679012345679012,0.581081081081081,0.6129032258064516
P0,44,4,1,7,False,0.4842883571982384,0.7204180967240107,0.7791903646704583,0.5704010462074978,0.6325196163905842,0.5650372825186413,0.6891891891891891,0.45161290322580644
P0,44,4,1,8,False,0.41449298423070174,0.7774546799205598,0.8254154120664658,0.5704010462074978,0.6198779424585876,0.5650372825186413,0.6891891891891891,0.45161290322580644
P0,44,4,1,9,True,0.36841418135624665,0.789714430343537,0.8643916583026654,0.6161726242371404,0.6299040976460332,0.6085335542667771,0.7162162162162162,0.5161290322580645
P0,44,4,1,10,False,0.3279930576682091,0.9102896974200294,0.8698003791680606,0.5771578029642546,0.6211857018308631,0.5725915875169607,0.7027027027027027,0.45161290322580644
P0,44,4,1,11,False,0.3358826276201468,0.9190229742299942,0.8629976580796253,0.5636442894507411,0.6168265039232781,0.5575084798026518,0.6756756756756757,0.45161290322580644
P0,44,4,1,12,False,0.2673293277621269,0.947393819405919,0.9079959852793577,0.5719267654751525,0.6416739319965127,0.5725602376499064,0.7567567567567568,0.3870967741935484
P0,44,4,1,13,False,0.3483524358329865,0.9227502317655654,0.8424222147875544,0.5823888404533566,0.6312118570183086,0.5695430456954305,0.6486486486486487,0.5161290322580645
P0,44,4,1,14,False,0.21433626029353875,0.996573333513169,0.9182000669120107,0.5636442894507411,0.6294681778552746,0.5575084798026518,0.6756756756756757,0.45161290322580644
P0,44,4,1,15,False,0.18782885816807932,1.0712999688727516,0.9202074272331884,0.5745422842197035,0.6290322580645161,0.5729880136986301,0.7297297297297297,0.41935483870967744
P0,44,4,1,16,False,0.16094959441285867,1.0990374774450347,0.9400022304003569,0.5677855274629469,0.6355710549258936,0.5655172413793104,0.7162162162162162,0.41935483870967744
P0,44,4,1,17,False,0.13632717485038134,1.1092759873185838,0.9495929519348723,0.5392327811682651,0.6207497820401047,0.5257266300078555,0.5945945945945946,0.4838709677419355
P0,44,4,1,18,False,0.1124381826330836,1.1442706325934047,0.9679937548790007,0.5340017436791631,0.6355710549258936,0.5285714285714286,0.6486486486486487,0.41935483870967744
P0,44,4,1,19,False,0.08816979345507346,1.277988210276124,0.9727891156462585,0.5651700087183957,0.6377506538796861,0.5651700087183957,0.7432432432432432,0.3870967741935484
P0,44,4,1,20,False,0.07889216226668885,1.368958074111669,0.9734024757443961,0.5651700087183957,0.6185701830863121,0.5651700087183957,0.7432432432432432,0.3870967741935484
P0,44,4,1,21,False,0.0639956473516157,1.3368087758088396,0.9863945578231292,0.5475152571926766,0.6246730601569311,0.5432891466445733,0.6756756756756757,0.41935483870967744
P0,44,4,2,1,False,0.7222139699118478,0.6974497454837688,0.4385353095030514,0.5,0.5684931506849316,0.2255639097744361,0.0,1.0
P0,44,4,2,2,False,0.6928074518839519,0.6847854117745334,0.5433740191804708,0.5,0.6159817351598174,0.41477272727272724,1.0,0.0
P0,44,4,2,3,False,0.692828943615868,0.6876277240734656,0.5061028770706191,0.5,0.6643835616438356,0.2255639097744361,0.0,1.0
P0,44,4,2,4,False,0.6798502655256362,0.6665342097143525,0.5654969485614647,0.630593607305936,0.6821917808219178,0.6318459587224721,0.7945205479452054,0.4666666666666667
P0,44,4,2,5,False,0.6772746358598981,0.6521496350325428,0.5602659110723627,0.6785388127853882,0.7187214611872146,0.6913086913086914,0.8904109589041096,0.4666666666666667
P0,44,4,2,6,False,0.6391333074796768,0.6426618336473854,0.6562772449869223,0.6059360730593607,0.7579908675799086,0.6112078977932636,0.9452054794520548,0.26666666666666666
P0,44,4,2,7,False,0.6310029393150693,0.5979091484569808,0.6024411508282477,0.6755707762557077,0.8045662100456621,0.6920577148056675,0.9178082191780822,0.43333333333333335
P0,44,4,2,8,False,0.5675779393741063,0.5956667250799901,0.6730601569311246,0.6490867579908676,0.7977168949771689,0.6641304347826087,0.9315068493150684,0.36666666666666664
P0,44,4,2,9,False,0.5199335251535688,0.5564024488902787,0.7784437663469921,0.710958904109589,0.7831050228310502,0.7088750706613907,0.821917808219178,0.6
P0,44,4,2,10,False,0.45350381135940554,0.5553517842177048,0.8075414123801221,0.702054794520548,0.7844748858447489,0.717032967032967,0.9041095890410958,0.5
P0,44,4,2,11,False,0.43309873058682397,0.6182144805065637,0.8195292066259808,0.6559360730593607,0.7977168949771689,0.6730158730158731,0.9452054794520548,0.36666666666666664
P0,44,4,2,12,False,0.36941821234566824,0.626107191865884,0.8202920662598082,0.6559360730593607,0.7799086757990867,0.6730158730158731,0.9452054794520548,0.36666666666666664
P0,44,4,2,13,True,0.31460659816151576,0.6055156814241872,0.8707497820401047,0.7285388127853881,0.7821917808219178,0.7395544852498495,0.8904109589041096,0.5666666666666667
P0,44,4,2,14,False,0.26930404021626425,0.5909742232665275,0.9043156059285091,0.710958904109589,0.765296803652968,0.7088750706613907,0.821917808219178,0.6
P0,44,4,2,15,False,0.2098963669368199,0.6310055652289714,0.9568439407149085,0.710958904109589,0.7547945205479452,0.7088750706613907,0.821917808219178,0.6
P0,44,4,2,16,False,0.18376420665354956,0.6814216100475163,0.9427855274629469,0.6874429223744292,0.7520547945205479,0.6855850763143019,0.8082191780821918,0.5666666666666667
P0,44,4,2,17,False,0.1281836401848566,0.7907437725553235,0.9784219703574543,0.6004566210045662,0.7132420091324201,0.557767369242779,0.5342465753424658,0.6666666666666666
P0,44,4,2,18,False,0.09412810642804419,0.7748947557315086,0.9831081081081081,0.6776255707762557,0.7278538812785388,0.6793497059840885,0.821917808219178,0.5333333333333333
P0,44,4,2,19,False,0.0671258482372477,0.8345007213574012,0.9898648648648649,0.6493150684931507,0.7054794520547946,0.6321428571428572,0.6986301369863014,0.6
P0,44,4,2,20,False,0.049664527958347686,0.8764824551864735,0.9966216216216216,0.6424657534246575,0.6931506849315069,0.6238914971309337,0.684931506849315,0.6
P0,44,4,2,21,False,0.047218059912501345,0.9303462652905473,0.9898648648648649,0.6150684931506849,0.7,0.591145038167939,0.6301369863013698,0.6
P0,44,4,2,22,False,0.03571939945575737,0.9453877763262073,0.9966216216216216,0.6904109589041096,0.7114155251141553,0.6826584507042253,0.7808219178082192,0.6
P0,44,4,2,23,False,0.03021733413139979,0.9422698935258735,0.9966216216216216,0.6630136986301369,0.7091324200913242,0.648763853367434,0.726027397260274,0.6
P0,44,4,2,24,False,0.02955101795904782,0.9781398113491466,0.9932432432432432,0.6531963470319635,0.7050228310502283,0.6432900432900434,0.7397260273972602,0.5666666666666667
P0,44,4,2,25,False,0.02234078392031647,0.9920202606511348,1.0,0.6796803652968036,0.7059360730593607,0.6622236327091928,0.726027397260274,0.6333333333333333
P1,42,0,0,1,False,0.6938366587569074,0.7032533129056294,0.511028558161133,0.5,0.562772449869224,0.22794117647058823,0.0,1.0
P1,42,0,0,2,False,0.6999755033632604,0.6819503977185204,0.5116090085906664,0.5536181342632955,0.5832606800348736,0.5367647058823529,0.9459459459459459,0.16129032258064516
P1,42,0,0,3,False,0.6726513903315474,0.6776458280427116,0.5777803575574646,0.6004795117698344,0.5915431560592851,0.60625,0.8783783783783784,0.3225806451612903
P1,42,0,0,4,False,0.654862038100638,0.6669351929710025,0.6058741583468772,0.6015693112467306,0.6020052310374892,0.6033333333333334,0.7837837837837838,0.41935483870967744
P1,42,0,0,5,False,0.6266049399608519,0.671574506305513,0.6718713721848154,0.5575414123801221,0.6338273757628596,0.49229084937505707,0.40540540540540543,0.7096774193548387
P1,42,0,0,6,False,0.6022128160406903,0.6358808999969846,0.6170768516368702,0.6676111595466434,0.6765475152571927,0.6749226006191951,0.8513513513513513,0.4838709677419355
P1,42,0,0,7,False,0.5650896014236823,0.6463098270552499,0.7246923612723473,0.5756320836965998,0.6660854402789886,0.5618044515103339,0.6351351351351351,0.5161290322580645
P1,42,0,0,8,False,0.542461821800325,0.6408389284497216,0.7600417924309264,0.6630340017436791,0.6896251089799477,0.6328671328671329,0.6486486486486487,0.6774193548387096
P1,42,0,0,9,False,0.49950143607651315,0.6264740994998387,0.7856396563733457,0.6514821272885789,0.7092414995640802,0.659090909090909,0.8513513513513513,0.45161290322580644
P1,42,0,0,10,False,0.4574235872524541,0.6473934901612145,0.7923148363129788,0.6312118570183086,0.7070619006102877,0.6346391289707038,0.8108108108108109,0.45161290322580644
P1,42,0,0,11,False,0.4284169025537444,0.6822548162369501,0.828186672858138,0.6708805579773321,0.6817785527462947,0.6173254835996635,0.5675675675675675,0.7741935483870968
P1,42,0,0,12,False,0.4097222210430517,0.6597862375634057,0.8074645925237984,0.6390584132519617,0.7022667829119442,0.630281690140845,0.7297297297297297,0.5483870967741935
P1,42,0,0,13,False,0.36620857366701454,0.8746979263211999,0.8211632226607848,0.540104620749782,0.7279860505666957,0.5238095238095238,0.918918918918919,0.16129032258064516
P1,42,0,0,14,False,0.3443163777269968,0.7160038606396744,0.8570350592059438,0.5828247602441151,0.6992153443766347,0.5860389610389609,0.8108108108108109,0.3548387096774194
P1,42,0,0,15,False,0.2766841420313207,0.8091638877810466,0.911655444625029,0.5937227550130776,0.7005231037489102,0.5985941546429893,0.8648648648648649,0.3225806451612903
P1,42,0,0,16,False,0.2136132488890392,0.8457612162367218,0.911655444625029,0.5911072362685266,0.6970357454228422,0.5949074074074074,0.8918918918918919,0.2903225806451613
P1,42,0,0,17,False,0.20002770820041982,0.9092411833150046,0.9405038309728349,0.6207497820401047,0.6926765475152572,0.629943871557238,0.918918918918919,0.3225806451612903
P1,42,0,0,18,True,0.20747461587917515,0.78524661028669,0.9149059670304156,0.694202266782912,0.6970357454228422,0.6785714285714286,0.7432432432432432,0.6451612903225806
P1,42,0,0,19,False,0.15896023519155456,0.8596053738679205,0.9489784072440213,0.5802092414995641,0.6979075850043592,0.583583703881745,0.8378378378378378,0.3225806451612903
P1,42,0,0,20,False,0.1354402326956028,0.8526831156973328,0.9489784072440213,0.6687009590235398,0.6987794245858762,0.6602651080263021,0.7567567567567568,0.5806451612903226
P1,42,0,0,21,False,0.13212761411943086,1.0291636803231778,0.947353146041328,0.5573234524847428,0.6979075850043592,0.5583463526018508,0.8243243243243243,0.2903225806451613
P1,42,0,0,22,False,0.11771504306575147,1.0672660495908488,0.9744021360575807,0.5775937227550131,0.6974716652136007,0.5800000000000001,0.8648648648648649,0.2903225806451613
P1,42,0,0,23,False,0.06975128074608199,1.0629769976228653,0.9931506849315068,0.5895815170008718,0.6904969485614647,0.5935483870967742,0.8243243243243243,0.3548387096774194
P1,42,0,0,24,False,0.0714834972125728,1.1912774963481796,0.9931506849315068,0.5775937227550131,0.6878814298169137,0.5800000000000001,0.8648648648648649,0.2903225806451613
P1,42,0,0,25,False,0.0656140775942221,1.2317628273851282,0.9965753424657534,0.5614646904969486,0.6865736704446382,0.5607808340727595,0.8648648648648649,0.25806451612903225
P1,42,0,0,26,False,0.04937999904519174,1.2080582730882314,0.9965753424657534,0.6030950305143854,0.7027027027027027,0.6088210551616392,0.8513513513513513,0.3548387096774194
P1,42,0,0,27,False,0.03697399111328328,1.1984753397958618,1.0,0.5963382737576286,0.6965998256320837,0.6011396011396011,0.8378378378378378,0.3548387096774194
P1,42,0,0,28,False,0.03624614063741231,1.292236048444396,1.0,0.5869659982563208,0.7088055797733217,0.5910418695228822,0.8513513513513513,0.3225806451612903
P1,42,0,0,29,False,0.03130730459602868,1.3586653854542723,0.9965753424657534,0.5775937227550131,0.7009590235396687,0.5800000000000001,0.8648648648648649,0.2903225806451613
P1,42,0,0,30,False,0.02778672786747537,1.3044429150193797,1.0,0.6030950305143854,0.7031386224934612,0.6088210551616392,0.8513513513513513,0.3548387096774194
P1,42,0,1,1,False,0.687439069079892,0.6833245650078487,0.5146258503401361,0.4910958904109589,0.6465753424657534,0.290912667191188,0.0821917808219178,0.9
P1,42,0,1,2,False,0.687213517329543,0.6674091231475756,0.5168367346938776,0.5598173515981735,0.6570776255707762,0.5353383458646617,0.9863013698630136,0.13333333333333333
P1,42,0,1,3,False,0.698129509670147,0.6636526306856025,0.5243197278911564,0.6246575342465753,0.6589041095890411,0.6316438525095573,0.8493150684931506,0.4
P1,42,0,1,4,False,0.6691058825179574,0.6573885696605571,0.596938775510204,0.5764840182648402,0.6689497716894978,0.5624183006535948,0.9863013698630136,0.16666666666666666
P1,42,0,1,5,False,0.6679988123368525,0.6606566269420883,0.592687074829932,0.5598173515981735,0.682648401826484,0.5353383458646617,0.9863013698630136,0.13333333333333333
P1,42,0,1,6,False,0.5883490084737971,0.7169882475751118,0.7076530612244898,0.5547945205479452,0.6730593607305936,0.3387654320987654,0.1095890410958904,1.0
P1,42,0,1,7,False,0.6519717654744208,0.6181933862491719,0.6061224489795918,0.6070776255707763,0.6945205479452055,0.6080940850916638,0.7808219178082192,0.43333333333333335
P1,42,0,1,8,False,0.5690443455309108,0.6561945005527978,0.7222789115646259,0.5990867579908675,0.6863013698630137,0.6032244257383365,0.9315068493150684,0.26666666666666666
P1,42,0,1,9,False,0.5521349490840654,0.6259338803661679,0.6816326530612244,0.6728310502283105,0.6908675799086758,0.6537815126050419,0.7123287671232876,0.6333333333333333
P1,42,0,1,10,False,0.49817428439135714,0.637801864772167,0.7755102040816326,0.6865296803652967,0.6945205479452055,0.6707161125319693,0.7397260273972602,0.6333333333333333
P1,42,0,1,11,False,0.4270691549144505,0.6464583891109356,0.782312925170068,0.6787671232876712,0.7077625570776256,0.6455465587044534,0.6575342465753424,0.7
P1,42,0,1,12,False,0.39940398672352667,0.6473306741529298,0.8452380952380952,0.6924657534246574,0.7105022831050228,0.6625716625716627,0.684931506849315,0.7
P1,42,0,1,13,False,0.3288520928742229,0.6790362891641636,0.8690476190476191,0.6678082191780822,0.7223744292237443,0.6725538678912045,0.8356164383561644,0.5
P1,42,0,1,14,False,0.27256357842597406,0.6626175106729119,0.8891156462585035,0.6767123287671233,0.7328767123287672,0.6655844155844156,0.7534246575342466,0.6
P1,42,0,1,15,False,0.1983131058694084,0.6928227893935824,0.9413265306122449,0.6904109589041096,0.7374429223744292,0.6826584507042253,0.7808219178082192,0.6
P1,42,0,1,16,False,0.12754487843761123,0.7447632380480905,0.9799319727891156,0.6463470319634703,0.7287671232876712,0.635026307312359,0.726027397260274,0.5666666666666667
P1,42,0,1,17,False,0.09244498686082121,0.8329350638736799,0.9965986394557823,0.682648401826484,0.728310502283105,0.6583747927031509,0.6986301369863014,0.6666666666666666
P1,42,0,1,18,False,0.07271695288195126,0.9633421122449116,0.9965986394557823,0.6737442922374429,0.7105022831050228,0.6684426684426684,0.7808219178082192,0.5666666666666667
P1,42,0,1,19,False,0.05535514760708463,1.028830146615945,0.9965986394557823,0.6942922374429223,0.7114155251141553,0.6942922374429223,0.821917808219178,0.5666666666666667
P1,42,0,1,20,False,0.03206429686307331,1.0038669962906144,0.9965986394557823,0.6874429223744292,0.7228310502283105,0.6855850763143019,0.8082191780821918,0.5666666666666667
P1,42,0,1,21,False,0.020775860695141382,1.028680619684238,1.0,0.6874429223744292,0.7232876712328767,0.6855850763143019,0.8082191780821918,0.5666666666666667
P1,42,0,1,22,False,0.017304324144542506,1.1964053965887977,1.0,0.7118721461187214,0.7228310502283105,0.7239278752436648,0.8904109589041096,0.5333333333333333
P1,42,0,1,23,False,0.01546753042013101,1.2116368823838466,1.0,0.6844748858447489,0.7109589041095891,0.6880242311276794,0.8356164383561644,0.5333333333333333
P1,42,0,1,24,False,0.0116962559953116,1.2664612187343893,1.0,0.6678082191780822,0.6981735159817352,0.6725538678912045,0.8356164383561644,0.5
P1,42,0,1,25,True,0.012038621372106859,1.191657871875948,1.0,0.7178082191780821,0.728310502283105,0.7178082191780821,0.8356164383561644,0.6
P1,42,0,1,26,False,0.012141951274324731,1.273411196991078,1.0,0.691324200913242,0.7168949771689498,0.6968091369363005,0.8493150684931506,0.5333333333333333
P1,42,0,1,27,False,0.007540183760459728,1.3242521890737478,1.0,0.6883561643835616,0.7118721461187215,0.6988304093567252,0.8767123287671232,0.5
P1,42,0,1,28,False,0.008678206733027518,1.2231134158893697,1.0,0.7178082191780821,0.7287671232876712,0.7178082191780821,0.8356164383561644,0.6
P1,42,0,1,29,False,0.007662058498593416,1.3616814740653176,1.0,0.6981735159817352,0.7105022831050228,0.7057142857142857,0.863013698630137,0.5333333333333333
P1,42,0,1,30,False,0.005766490565450943,1.3196570711228455,1.0,0.7079908675799087,0.7146118721461188,0.712022367194781,0.8493150684931506,0.5666666666666667
P1,42,0,1,31,False,0.00492814588158027,1.4031510419637254,1.0,0.6981735159817352,0.7073059360730594,0.7057142857142857,0.863013698630137,0.5333333333333333
P1,42,0,1,32,False,0.009164128346809587,1.3734515242784926,0.9965986394557823,0.6981735159817352,0.7164383561643836,0.7057142857142857,0.863013698630137,0.5333333333333333
P1,42,0,1,33,False,0.004219557311619825,1.3734425786629463,1.0,0.691324200913242,0.7159817351598173,0.6968091369363005,0.8493150684931506,0.5333333333333333
P1,42,0,1,34,False,0.006848071022454091,1.5121350175547368,1.0,0.6952054794520548,0.7050228310502283,0.7078554692317178,0.8904109589041096,0.5
P1,42,0,1,35,False,0.005079765484672814,1.38281603721739,1.0,0.6844748858447489,0.7182648401826484,0.6880242311276794,0.8356164383561644,0.5333333333333333
P1,42,0,1,36,False,0.00420712986184905,1.4598290217154235,1.0,0.6746575342465753,0.7045662100456621,0.6811904761904762,0.8493150684931506,0.5
P1,42,0,1,37,False,0.005414580804822238,1.4321641082902556,1.0,0.6776255707762557,0.7105022831050228,0.6793497059840885,0.821917808219178,0.5333333333333333
P1,42,0,2,1,False,0.7109116499240582,0.6810652660388573,0.4694435151109624,0.5689655172413793,0.6098252243741143,0.5481127060074429,1.0,0.13793103448275862
P1,42,0,2,2,False,0.6962917355390695,0.6760560683175629,0.5119326419092227,0.5833726972130373,0.6405290505432215,0.5870445344129555,0.821917808219178,0.3448275862068966
P1,42,0,2,3,False,0.6809570674712841,0.6640010020312141,0.5616148098583695,0.5932923948984412,0.6896551724137931,0.5957317073170731,0.9452054794520548,0.2413793103448276
P1,42,0,2,4,False,0.6705867785673875,0.6585980688824373,0.5816884130701461,0.5819555975436939,0.7269721303731695,0.4258540372670807,0.2328767123287671,0.9310344827586207
P1,42,0,2,5,False,0.6569331689522817,0.6276956118789374,0.6508308241329319,0.6173830892772791,0.75484175720359,0.6268292682926829,0.958904109589041,0.27586206896551724
P1,42,0,2,6,False,0.6373730806203989,0.6157008216661566,0.6078398572543772,0.5932923948984412,0.7609825224374114,0.5957317073170731,0.9452054794520548,0.2413793103448276
P1,42,0,2,7,False,0.6026089902107532,0.6255464787576713,0.6542321846771495,0.5932923948984412,0.7699574870099197,0.5957317073170731,0.9452054794520548,0.2413793103448276
P1,42,0,2,8,False,0.5704968858223695,0.5795329487791249,0.6964425114308018,0.6589513462446859,0.7770429853566367,0.673076923076923,0.9041095890410958,0.41379310344827586
P1,42,0,2,9,False,0.5079521983861923,0.5587695357846278,0.7428348388535742,0.6868209730751063,0.7864903164855929,0.6868209730751063,0.821917808219178,0.5517241379310345
P1,42,0,2,10,False,0.46409050260598844,0.5672060707036186,0.7750083640013382,0.7352385451110062,0.771846953235711,0.7177642501383509,0.7808219178082192,0.6896551724137931
P1,42,0,2,11,False,0.41337312242159474,0.6318922410993015,0.8234080517452883,0.6624940954180444,0.7647614548889938,0.673202614379085,0.8767123287671232,0.4482758620689655
P1,42,0,2,12,False,0.35099921776698184,0.7076417087924247,0.863611018177763,0.665800661313179,0.7482286254133207,0.6820707412928582,0.9178082191780822,0.41379310344827586
P1,42,0,2,13,False,0.2884659211222942,0.595401353111454,0.8950039032006245,0.728389230042513,0.7732640529050543,0.7088274044795784,0.7671232876712328,0.6896551724137931
P1,42,0,2,14,False,0.24720864800306466,0.5715091374574923,0.9052079848332776,0.7250826641473784,0.7912139820500709,0.6955223880597015,0.726027397260274,0.7241379310344828
P1,42,0,2,15,True,0.19498905467872435,0.5723120803926506,0.9468049514887922,0.7803495512517713,0.805384978743505,0.7273848684210527,0.6986301369863014,0.8620689655172413
P1,42,0,2,16,False,0.13705453018729502,0.7215440769990286,0.963198394111743,0.6591875295229098,0.759565422768068,0.663941427699817,0.8356164383561644,0.4827586206896552
P1,42,0,2,17,False,0.10257167304651095,0.7740742198976815,0.9734024757443961,0.6282475200755786,0.7576759565422768,0.6307915057915057,0.8082191780821918,0.4482758620689655
P1,42,0,2,18,False,0.08683958728439532,0.7009703248154884,0.9897959183673469,0.6835144071799717,0.7770429853566367,0.675601999091322,0.7808219178082192,0.5862068965517241
P1,42,0,2,19,False,0.06034956247402498,0.7407300454728744,0.9850005576000892,0.6939064714218233,0.7746811525743977,0.68125,0.7671232876712328,0.6206896551724138
P1,42,0,2,20,False,0.045870628351202376,0.8299320582665649,1.0,0.6386395843174303,0.7723193197921587,0.6386395843174303,0.7945205479452054,0.4827586206896552
P1,42,0,2,21,False,0.03281131599886486,0.8951402810566566,0.9965986394557823,0.6799716580066131,0.7590930562116203,0.6780829924021041,0.8082191780821918,0.5517241379310345
P1,42,0,2,22,False,0.029335009346071344,0.9757217712992546,0.9931972789115646,0.6487954652810581,0.7638167217760983,0.6558790453579908,0.8493150684931506,0.4482758620689655
P1,42,0,2,23,False,0.018412451026961207,1.0620626645053135,1.0,0.6384034010392065,0.7586206896551724,0.6470588235294117,0.863013698630137,0.41379310344827586
P1,42,0,2,24,False,0.02182669497023408,0.9576928609726476,1.0,0.6832782239017477,0.771846953235711,0.6888346552776082,0.8493150684931506,0.5172413793103449
P1,42,0,2,25,False,0.01459542632353707,1.1360308166008954,1.0,0.6176192725555031,0.7633443552196505,0.6267786963003117,0.8904109589041096,0.3448275862068966
P1,42,0,2,26,False,0.013209182594437152,0.9483376420011708,1.0,0.7248464808691544,0.776570618800189,0.712934819317798,0.7945205479452054,0.6551724137931034
P1,42,0,2,27,False,0.018789698468306318,0.9584998510339681,0.9918032786885246,0.7489371752479925,0.7737364194615022,0.7359000337723742,0.8082191780821918,0.6896551724137931
P1,42,1,0,1,False,0.7040479819555789,0.6817792716480436,0.5340136054421769,0.5442458587619878,0.6325196163905842,0.5180538555691554,0.9594594594594594,0.12903225806451613
P1,42,1,0,2,False,0.685736130113187,0.6765119853473845,0.570578231292517,0.5510026155187446,0.6464690496948562,0.524293079206374,0.972972972972973,0.12903225806451613
P1,42,1,0,3,False,0.6830057735028474,0.6752659598986308,0.5231292517006803,0.5932868352223191,0.6460331299040977,0.5867854183927093,0.7027027027027027,0.4838709677419355
P1,42,1,0,4,False,0.6765934513962787,0.6818843336332412,0.5636054421768708,0.5483870967741935,0.6525719267654752,0.5086898395721925,1.0,0.0967741935483871
P1,42,1,0,5,False,0.6556150559065999,0.6547732801664443,0.5948979591836735,0.6098517872711422,0.6386224934612031,0.616601752677702,0.8648648648648649,0.3548387096774194
P1,42,1,0,6,False,0.6122990930138003,0.6642687578996023,0.6522108843537415,0.5843504795117699,0.6142109851787271,0.5874001774622892,0.8783783783783784,0.2903225806451613
P1,42,1,0,7,False,0.586789277728629,0.6717502511682965,0.7062925170068027,0.6041848299912816,0.6194420226678291,0.6031746031746033,0.7567567567567568,0.45161290322580644
P1,42,1,0,8,False,0.5568968351336493,0.6890563984711965,0.6935374149659863,0.6109415867480383,0.6163905841325196,0.6109415867480383,0.7702702702702703,0.45161290322580644
P1,42,1,0,9,True,0.4987827563919307,0.7177421354112171,0.7642857142857142,0.6488666085440279,0.6268526591107236,0.6592957577214277,0.8783783783783784,0.41935483870967744
P1,42,1,0,10,False,0.48636911960615625,0.7367873615452222,0.7828231292517007,0.6098517872711422,0.6394943330427202,0.616601752677702,0.8648648648648649,0.3548387096774194
P1,42,1,0,11,False,0.4253829504556702,0.7267548695206643,0.819047619047619,0.6015693112467306,0.6451612903225806,0.6033333333333334,0.7837837837837838,0.41935483870967744
P1,42,1,0,12,False,0.3665311486248809,0.7419360619925317,0.8267006802721089,0.6192240627724499,0.6621621621621622,0.6260683760683761,0.8513513513513513,0.3870967741935484
P1,42,1,0,13,False,0.3211849830000873,0.7601007994086969,0.8841836734693878,0.6203138622493461,0.6634699215344376,0.6179366438356164,0.7567567567567568,0.4838709677419355
P1,42,1,0,14,False,0.2702579349999267,0.809796734438056,0.9224489795918367,0.5751961639058413,0.6394943330427202,0.5248868778280543,0.47297297297297297,0.6774193548387096
P1,42,1,0,15,False,0.2779896660271474,0.7828438527882099,0.894047619047619,0.6442894507410637,0.6691368788142982,0.6244038155802861,0.6756756756756757,0.6129032258064516
P1,42,1,0,16,False,0.2233891356466473,0.7992277733094636,0.9141156462585034,0.6203138622493461,0.6739319965126417,0.6179366438356164,0.7567567567567568,0.4838709677419355
P1,42,1,0,17,False,0.19945431936190325,0.8529030822306162,0.9311224489795918,0.6442894507410637,0.6608544027898866,0.6244038155802861,0.6756756756756757,0.6129032258064516
P1,42,1,0,18,False,0.16442908749776186,0.9621933091431856,0.9360544217687075,0.590671316477768,0.6233653007846556,0.5877984084880636,0.7297297297297297,0.45161290322580644
P1,42,1,0,19,False,0.12435092822005207,1.013421206788293,0.9780612244897959,0.6083260680034873,0.6717523975588492,0.6110674598720396,0.7972972972972973,0.41935483870967744
P1,42,1,0,20,False,0.1253928003679727,1.0607191202940331,0.9545918367346938,0.5693112467306016,0.6612903225806451,0.5712341197822142,0.7837837837837838,0.3548387096774194
P1,42,1,0,21,False,0.09154049980179699,1.04261808161779,0.9780612244897959,0.5786835222319093,0.6743679163034002,0.5800000000000001,0.7702702702702703,0.3870967741935484
P1,42,1,1,1,False,0.7121454523159907,0.6931129877383893,0.4425114308018289,0.5,0.6477477477477478,0.22388059701492538,0.0,1.0
P1,42,1,1,2,False,0.715776169529328,0.6742174808795636,0.462919594067135,0.5932432432432433,0.668918918918919,0.5890627469574838,0.9864864864864865,0.2
P1,42,1,1,3,False,0.6908148137422708,0.6698858187748835,0.5469499275119885,0.5932432432432433,0.6914414414414415,0.5890627469574838,0.9864864864864865,0.2
P1,42,1,1,4,False,0.6960859229931464,0.6754730848165659,0.533288725326196,0.5004504504504504,0.6981981981981982,0.2822008360066103,0.06756756756756757,0.9333333333333333
P1,42,1,1,5,False,0.6783605813980103,0.6505944728851318,0.5413739266198283,0.6855855855855856,0.7094594594594594,0.6891954022988505,0.8378378378378378,0.5333333333333333
P1,42,1,1,6,False,0.6505769697519449,0.6535869722182934,0.6212780194044831,0.5486486486486487,0.6990990990990991,0.44210136884942663,0.2972972972972973,0.8
P1,42,1,1,7,False,0.6266175462649419,0.6138748732896951,0.6482101037136165,0.6445945945945946,0.7184684684684685,0.6257839004831911,0.6891891891891891,0.6
P1,42,1,1,8,False,0.5902242649060029,0.5820595438663776,0.6834504293520687,0.7126126126126127,0.7594594594594595,0.7248677248677249,0.8918918918918919,0.5333333333333333
P1,42,1,1,9,True,0.5016720294952393,0.5793410585476801,0.7736143637782982,0.7193693693693693,0.7707207207207207,0.7341448569689593,0.9054054054054054,0.5333333333333333
P1,42,1,1,10,False,0.46781589606633556,0.6078976163497338,0.797423887587822,0.6391891891891892,0.7504504504504504,0.649306856500562,0.8783783783783784,0.4
P1,42,1,1,11,False,0.4160903027424446,0.6200147706728715,0.8548009367681498,0.645945945945946,0.7806306306306307,0.6577215189873418,0.8918918918918919,0.4
P1,42,1,1,12,False,0.36385340042985403,0.6055434690071986,0.8204527712724434,0.6716216216216215,0.7585585585585586,0.6587276384037261,0.7432432432432432,0.6
P1,42,1,1,13,False,0.31458957779866,0.6645717804248517,0.8662317385970781,0.6418918918918919,0.7513513513513513,0.6404594624735139,0.7837837837837838,0.5
P1,42,1,1,14,False,0.24098962602707055,0.6613297600012559,0.9202074272331884,0.6153153153153152,0.7612612612612613,0.6174712643678161,0.7972972972972973,0.43333333333333335
P1,42,1,1,15,False,0.20720144246633238,0.6379180413026077,0.9140180662428905,0.6887387387387387,0.7666666666666667,0.6868517898962864,0.8108108108108109,0.5666666666666667
P1,42,1,1,16,False,0.18919540841418964,0.6934224940263308,0.9256161480985836,0.6986486486486486,0.7463963963963964,0.6926108374384237,0.7972972972972973,0.6
P1,42,1,1,17,False,0.17946528292332703,0.774842599263558,0.9352068696330991,0.6157657657657658,0.7720720720720721,0.6233295866117148,0.8648648648648649,0.36666666666666664
P1,42,1,1,18,False,0.11468245805456088,0.9276078320466555,0.961804393888703,0.595945945945946,0.7504504504504504,0.6014272499008855,0.8918918918918919,0.3
P1,42,1,1,19,False,0.1410683521356147,0.8936629455823165,0.9126240660198506,0.5923423423423423,0.7495495495495496,0.5973523167228675,0.8513513513513513,0.3333333333333333
P1,42,1,1,20,False,0.07678816979750991,0.7982191672691932,0.9884019181443069,0.7018018018018017,0.7477477477477478,0.6892872385830133,0.7702702702702703,0.6333333333333333
P1,42,1,1,21,False,0.05925612681760238,0.7925001199428852,0.9884019181443069,0.7085585585585585,0.7522522522522522,0.697902097902098,0.7837837837837838,0.6333333333333333
P1,42,1,2,1,False,0.7026887990926441,0.6871012541854266,0.4646101019051838,0.5264840182648401,0.5429223744292238,0.47679103170432646,0.9863013698630136,0.06666666666666667
P1,42,1,2,2,False,0.6773386472149899,0.6863146314343203,0.5886685866194064,0.6219178082191781,0.5712328767123288,0.5993038493038493,0.6438356164383562,0.6
P1,42,1,2,3,False,0.670516494928935,0.7170034959478285,0.5821887461231724,0.5166666666666667,0.6063926940639269,0.44940092165898615,1.0,0.03333333333333333
P1,42,1,2,4,False,0.6724747151278994,0.6983328594744784,0.5722197607443509,0.4979452054794521,0.6168949771689498,0.30384954451954155,0.0958904109589041,0.9
P1,42,1,2,5,False,0.6444970720122305,0.6747206686769874,0.6093265396544085,0.5710045662100456,0.6278538812785388,0.546073717948718,0.5753424657534246,0.5666666666666667
P1,42,1,2,6,False,0.6264409796472942,0.6706569964445911,0.6353566681435534,0.5974885844748858,0.6406392694063927,0.5625679012345679,0.5616438356164384,0.6333333333333333
P1,42,1,2,7,False,0.5841728042472493,0.6566060717823436,0.6999889233495791,0.5796803652968037,0.6534246575342466,0.5769785769785769,0.726027397260274,0.43333333333333335
P1,42,1,2,8,False,0.5500880899041464,0.6514667978564512,0.6894107221976075,0.623744292237443,0.6762557077625571,0.623744292237443,0.7808219178082192,0.4666666666666667
P1,42,1,2,9,False,0.5258770051755404,0.6433437061541288,0.7366526362428001,0.6296803652968037,0.6922374429223744,0.6209956709956709,0.726027397260274,0.5333333333333333
P1,42,1,2,10,False,0.48517608157755654,0.6290601723402449,0.7482277359326539,0.6344748858447489,0.7118721461187215,0.6403371462974112,0.8356164383561644,0.43333333333333335
P1,42,1,2,11,False,0.45143933683348614,0.645207063086982,0.7848914488258751,0.6050228310502282,0.7159817351598173,0.6117249447549721,0.8767123287671232,0.3333333333333333
P1,42,1,2,12,True,0.39445987201193305,0.6557687862405499,0.8355117412494462,0.6904109589041096,0.7050228310502283,0.6826584507042253,0.7808219178082192,0.6
P1,42,1,2,13,False,0.3969323150278849,0.6335439479466781,0.8258750553832521,0.641324200913242,0.734703196347032,0.648635477582846,0.8493150684931506,0.43333333333333335
P1,42,1,2,14,False,0.36041747022901427,0.7513420558670192,0.8485268054940186,0.6089041095890411,0.7242009132420091,0.6161490683229813,0.9178082191780822,0.3
P1,42,1,2,15,False,0.3166448428656496,0.6565810123693596,0.8919472751439965,0.6267123287671232,0.7264840182648402,0.6227106227106227,0.7534246575342466,0.5
P1,42,1,2,16,False,0.2863538755754535,0.6936013218268607,0.9054607886575099,0.6778538812785389,0.7141552511415525,0.6267019296698991,0.589041095890411,0.7666666666666667
P1,42,1,2,17,False,0.29884724497224724,0.6448802693376263,0.888568896765618,0.5993150684931507,0.7337899543378995,0.5907870718350693,0.6986301369863014,0.5
P1,42,1,2,18,False,0.19854744766174892,0.7077452719790264,0.9469428444838282,0.6276255707762557,0.734703196347032,0.6321428571428571,0.821917808219178,0.43333333333333335
P1,42,1,2,19,False,0.18060320765493018,0.6948369373974291,0.936807709348693,0.6344748858447489,0.7484018264840183,0.6403371462974112,0.8356164383561644,0.43333333333333335
P1,42,1,2,20,False,0.14490904591300272,0.6936589161169182,0.9667146654851573,0.6121004566210045,0.7292237442922375,0.5943200663349917,0.6575342465753424,0.5666666666666667
P1,42,1,2,21,False,0.13058225201826063,0.7073700289124424,0.9700930438635357,0.6472602739726028,0.7447488584474886,0.6472602739726027,0.7945205479452054,0.5
P1,42,1,2,22,False,0.11280279995151685,0.7263259957137617,0.9782897651750111,0.6207762557077625,0.7401826484018265,0.6240433298010126,0.8082191780821918,0.43333333333333335
P1,42,1,2,23,False,0.09282224928363088,0.8845615033964509,0.9850465219317679,0.5990867579908675,0.7575342465753425,0.6032244257383365,0.9315068493150684,0.26666666666666666
P1,42,1,2,24,False,0.09161553804597786,0.8013031213607603,0.9782897651750111,0.6452054794520548,0.7570776255707763,0.6566666666666667,0.8904109589041096,0.4
P1,42,2,0,1,False,0.7134276556507977,0.6985317201841446,0.49404761904761907,0.5067567567567568,0.6238012205754141,0.24296296296296296,0.013513513513513514,1.0
P1,42,2,0,2,False,0.6948092916737432,0.6778139256295703,0.5110544217687075,0.6000435919790759,0.6285963382737576,0.594509967644296,0.7162162162162162,0.4838709677419355
P1,42,2,0,3,False,0.6552599118527583,0.6713424830209641,0.6030612244897959,0.49324324324324326,0.6569311246730601,0.41011235955056174,0.9864864864864865,0.0
P1,42,2,0,4,False,0.6645118548098393,0.6900293815703619,0.5887755102040816,0.5259372275501307,0.6455972101133391,0.3545081967213115,0.14864864864864866,0.9032258064516129
P1,42,2,0,5,False,0.6610446203733988,0.6438541656448727,0.6136054421768707,0.5978639930252834,0.6717523975588492,0.6025323064874037,0.9054054054054054,0.2903225806451613
P1,42,2,0,6,False,0.6153085908452094,0.6349347619783311,0.6556122448979592,0.6229293809938972,0.6687009590235397,0.6164283477716314,0.7297297297297297,0.5161290322580645
P1,42,2,0,7,False,0.5686458303156682,0.6290935482297625,0.726360544217687,0.6390584132519617,0.6752397558849171,0.630281690140845,0.7297297297297297,0.5483870967741935
P1,42,2,0,8,False,0.5314150559153534,0.7157544618561155,0.7054421768707483,0.6100697471665213,0.6530078465562337,0.5394736842105263,0.44594594594594594,0.7741935483870968
P1,42,2,0,9,False,0.538245834014266,0.6323895908537365,0.7154761904761905,0.6364428945074107,0.6870095902353966,0.6323607427055702,0.7567567567567568,0.5161290322580645
P1,42,2,0,10,False,0.4657004230840195,0.6379367084730239,0.7732993197278912,0.6244551002615518,0.6830863121185702,0.6266666666666667,0.7972972972972973,0.45161290322580644
P1,42,2,0,11,False,0.445993941763173,0.643270734945933,0.795578231292517,0.6499564080209241,0.6979075850043592,0.6485260770975056,0.7837837837837838,0.5161290322580645
P1,42,2,0,12,False,0.37945102205598985,0.6616057827359154,0.8187074829931973,0.661944202266783,0.6861377506538797,0.652029826014913,0.7432432432432432,0.5806451612903226
P1,42,2,0,13,False,0.3522915984121498,0.6526992883001055,0.85578231292517,0.6551874455100262,0.7048823016564952,0.6438482886216466,0.7297297297297297,0.5806451612903226
P1,42,2,0,14,False,0.29979743840901746,0.7164343182529722,0.8879251700680272,0.6307759372275501,0.7057541412380122,0.6082089552238805,0.6486486486486487,0.6129032258064516
P1,42,2,0,15,False,0.2518895681641528,0.7507775841724305,0.8875850340136054,0.6510462074978204,0.6883173496076722,0.6325367463253675,0.6891891891891891,0.6129032258064516
P1,42,2,0,16,False,0.21178038036765684,0.74981500236761,0.9295918367346938,0.6442894507410637,0.7070619006102877,0.6244038155802861,0.6756756756756757,0.6129032258064516
P1,42,2,0,17,False,0.17073427421459253,0.8305622782026019,0.9564625850340136,0.6229293809938972,0.6830863121185702,0.6164283477716314,0.7297297297297297,0.5161290322580645
P1,42,2,0,18,False,0.1595195464177984,0.8840771459397816,0.9530612244897959,0.6364428945074107,0.6809067131647777,0.6323607427055702,0.7567567567567568,0.5161290322580645
P1,42,2,0,19,False,0.12825768358177608,0.8703955423264277,0.9666666666666667,0.6135571054925893,0.6939843068875327,0.6100795755968169,0.7432432432432432,0.4838709677419355
P1,42,2,0,20,False,0.09251530571044356,0.8880585705950147,0.9848639455782313,0.6499564080209241,0.6957279860505667,0.6485260770975056,0.7837837837837838,0.5161290322580645
P1,42,2,0,21,False,0.08335077007647586,0.8932488299551464,0.9814625850340135,0.6593286835222318,0.7157802964254577,0.6546419098143237,0.7702702702702703,0.5483870967741935
P1,42,2,0,22,True,0.06663601395588566,1.0117440462112426,0.9833333333333334,0.6822144725370531,0.7022667829119442,0.676923076923077,0.7837837837837838,0.5806451612903226
P1,42,2,0,23,False,0.04548035388371507,1.0349311107680912,0.9882653061224489,0.6296861377506539,0.6965998256320837,0.6243686868686869,0.7432432432432432,0.5161290322580645
P1,42,2,0,24,False,0.03572541649862764,1.01862005846841,1.0,0.6390584132519617,0.7031386224934612,0.630281690140845,0.7297297297297297,0.5483870967741935
P1,42,2,0,25,False,0.024461928354621222,1.097885903858003,1.0,0.6525719267654752,0.6948561464690497,0.6464646464646464,0.7567567567567568,0.5483870967741935
P1,42,2,0,26,False,0.028439656561375527,1.0771509204592025,0.9965986394557823,0.6161726242371404,0.7013949433304272,0.6085335542667771,0.7162162162162162,0.5161290322580645
P1,42,2,0,27,False,0.02068872799520979,1.1093531353133066,1.0,0.6769834350479511,0.6996512641673932,0.6817824671680324,0.8378378378378378,0.5161290322580645
P1,42,2,0,28,False,0.016685178377418126,1.1736142748878116,1.0,0.6296861377506539,0.6913687881429816,0.6243686868686869,0.7432432432432432,0.5161290322580645
P1,42,2,0,29,False,0.028308946315361107,1.16363654704321,0.9916666666666667,0.6634699215344377,0.6961639058413251,0.6649796457256024,0.8108108108108109,0.5161290322580645
P1,42,2,0,30,False,0.01358413266171004,1.178511957327525,1.0,0.6567131647776809,0.6983435047951178,0.6567131647776809,0.7972972972972973,0.5161290322580645
P1,42,2,0,31,False,0.02364007034451489,1.2117408752441405,1.0,0.6229293809938972,0.6913687881429816,0.6164283477716314,0.7297297297297297,0.5161290322580645
P1,42,2,0,32,False,0.011602849947009686,1.2162192480904714,1.0,0.6567131647776809,0.6944202266782912,0.6567131647776809,0.7972972972972973,0.5161290322580645
P1,42,2,0,33,False,0.012404670581167591,1.2032210923376538,1.0,0.6484306887532694,0.7005231037489102,0.6357142857142857,0.7162162162162162,0.5806451612903226
P1,42,2,0,34,False,0.010010442068881315,1.1703135081699916,1.0,0.6458151700087184,0.7018308631211857,0.6383467278989667,0.7432432432432432,0.5483870967741935
P1,42,2,1,1,False,0.7011712422737708,0.680988284257742,0.5418200066912011,0.5666666666666667,0.6738738738738739,0.5429344151453684,1.0,0.13333333333333333
P1,42,2,1,2,False,0.6842001080513,0.6863343440569364,0.5702576112412178,0.5,0.6761261261261261,0.22388059701492538,0.0,1.0
P1,42,2,1,3,False,0.6751608023276696,0.6554970282774705,0.6112412177985949,0.6225225225225225,0.6657657657657657,0.6313924050632911,0.8783783783783784,0.36666666666666664
P1,42,2,1,4,False,0.649311825633049,0.6551200357767252,0.6240660198505632,0.5738738738738738,0.6621621621621622,0.5487179487179488,0.581081081081081,0.5666666666666667
P1,42,2,1,5,False,0.6245550971764785,0.6534834756301,0.6576335452213673,0.6256756756756756,0.6531531531531531,0.6328667072428484,0.8513513513513513,0.4
P1,42,2,1,6,False,0.6172193609751188,0.6786013153883127,0.6896397903423664,0.6225225225225225,0.690990990990991,0.6313924050632911,0.8783783783783784,0.36666666666666664
P1,42,2,1,7,False,0.580032960153543,0.7023011996195867,0.6808297089327534,0.6058558558558559,0.6333333333333333,0.612886664099602,0.8783783783783784,0.3333333333333333
P1,42,2,1,8,False,0.5321365961661706,0.6816198023465964,0.7482435597189696,0.6121621621621622,0.6657657657657657,0.6168746286393346,0.8243243243243243,0.4
P1,42,2,1,9,False,0.49116489119254625,0.7125538289546967,0.7448421991747518,0.6054054054054054,0.663963963963964,0.6090225563909775,0.8108108108108109,0.4
P1,42,2,1,10,False,0.44869883816975814,0.7594015300273895,0.8036132485781198,0.6292792792792793,0.677027027027027,0.6395841355410088,0.8918918918918919,0.36666666666666664
P1,42,2,1,11,True,0.40266092809347004,0.7392535989101117,0.8184454109512658,0.6536036036036037,0.6891891891891891,0.5949463284886483,0.5405405405405406,0.7666666666666667
P1,42,2,1,12,False,0.4223509201636681,0.72660809640701,0.8295974127355861,0.6509009009009008,0.6914414414414415,0.6185188856944581,0.6351351351351351,0.6666666666666666
P1,42,2,1,13,False,0.3855694228639969,0.8226315551079236,0.8248020519683283,0.6054054054054054,0.672972972972973,0.6090225563909775,0.8108108108108109,0.4
P1,42,2,1,14,False,0.2717176458010307,0.8366754261346964,0.912010705921713,0.6054054054054054,0.6783783783783783,0.6090225563909775,0.8108108108108109,0.4
P1,42,2,1,15,False,0.2847990155793153,0.8095258726523473,0.9106167056986729,0.6252252252252253,0.6869369369369369,0.6252252252252253,0.7837837837837838,0.4666666666666667
P1,42,2,1,16,False,0.2362964772261106,0.9444434172832049,0.9174194267871083,0.6058558558558559,0.6536036036036036,0.612886664099602,0.8783783783783784,0.3333333333333333
P1,42,2,1,17,False,0.22250911622093275,0.8933035267087129,0.9481989517118323,0.6153153153153152,0.6725225225225225,0.6174712643678161,0.7972972972972973,0.43333333333333335
P1,42,2,1,18,False,0.17503171414136887,0.9286504640029027,0.9665997546559607,0.6252252252252253,0.6725225225225225,0.6252252252252253,0.7837837837837838,0.4666666666666667
P1,42,2,1,19,False,0.15214289294985625,0.9580554721447138,0.9597970335675253,0.6018018018018019,0.6635135135135135,0.6018018018018019,0.7702702702702703,0.43333333333333335
P1,42,2,1,20,False,0.12065199253937373,1.0714419850936303,0.9734024757443961,0.6121621621621622,0.6657657657657657,0.6168746286393346,0.8243243243243243,0.4
P1,42,2,1,21,False,0.10628274606110957,1.1687753424048424,0.9815991970558715,0.645945945945946,0.6653153153153153,0.6577215189873418,0.8918918918918919,0.4
P1,42,2,1,22,False,0.09957838158767957,1.0574618136653533,0.9686071149771384,0.6085585585585586,0.6806306306306307,0.6096007280172904,0.7837837837837838,0.43333333333333335
P1,42,2,1,23,False,0.07835884757626516,1.1966799560647745,0.9815991970558715,0.6292792792792793,0.6648648648648648,0.6395841355410088,0.8918918918918919,0.36666666666666664
P1,42,2,2,1,False,0.6905306368068075,0.6780431623597747,0.5345591493132477,0.5226027397260274,0.6123287671232877,0.48936510474972017,0.9452054794520548,0.1
P1,42,2,2,2,False,0.682693719436107,0.6752830830592553,0.5914377492246345,0.5166666666666667,0.6625570776255708,0.44940092165898615,1.0,0.03333333333333333
P1,42,2,2,3,False,0.665939428304371,0.6522396490411851,0.5389344262295082,0.6570776255707762,0.7155251141552511,0.6538978494623656,0.7808219178082192,0.5333333333333333
P1,42,2,2,4,False,0.649542612892589,0.6521177708523945,0.6334736375719983,0.6328767123287671,0.7159817351598173,0.5589494718812447,0.4657534246575342,0.8
P1,42,2,2,5,False,0.625543054781462,0.6322147927237945,0.6613867966326983,0.5824200913242009,0.7333333333333333,0.5813008130081301,0.9315068493150684,0.23333333333333334
P1,42,2,2,6,False,0.5831446465122643,0.692974392071511,0.7091825431989367,0.5899543378995433,0.7141552511415525,0.4413359977162432,0.2465753424657534,0.9333333333333333
P1,42,2,2,7,False,0.639767521306088,0.6306089023941929,0.6430549401860877,0.6484018264840182,0.717351598173516,0.6163294070270814,0.6301369863013698,0.6666666666666666
P1,42,2,2,8,False,0.6021857840592781,0.6437021349240275,0.6754541426672575,0.6337899543378995,0.7127853881278539,0.5808139534883721,0.5342465753424658,0.7333333333333333
P1,42,2,2,9,False,0.55240290123595,0.619800536956602,0.7130039875941515,0.6422374429223744,0.7155251141552511,0.6554262009902314,0.9178082191780822,0.36666666666666664
P1,42,2,2,10,False,0.531848105232111,0.6701960586807103,0.7241360212671688,0.6226027397260274,0.734703196347032,0.6326152090169781,0.9452054794520548,0.3
P1,42,2,2,11,False,0.47722727659216335,0.6179176111823147,0.7294528134692069,0.6796803652968036,0.7301369863013699,0.6622236327091928,0.726027397260274,0.6333333333333333
P1,42,2,2,12,False,0.478037202187132,0.618037151769527,0.779574656623837,0.6728310502283105,0.7319634703196347,0.6537815126050419,0.7123287671232876,0.6333333333333333
P1,42,2,2,13,False,0.42855264638599594,0.6205331142087585,0.8084847142224192,0.691324200913242,0.7351598173515982,0.6968091369363005,0.8493150684931506,0.5333333333333333
P1,42,2,2,14,False,0.40693636317002146,0.6127109796676821,0.8258750553832521,0.6689497716894977,0.7589041095890411,0.6414823914823915,0.6712328767123288,0.6666666666666666
P1,42,2,2,15,True,0.353845194766396,0.6272474327712383,0.852403633141338,0.7207762557077626,0.7547945205479452,0.7141747141747142,0.8082191780821918,0.6333333333333333
P1,42,2,2,16,False,0.3280689955898449,0.6275877822371363,0.8818121400088613,0.7070776255707762,0.7579908675799086,0.6965630114566286,0.7808219178082192,0.6333333333333333
P1,42,2,2,17,False,0.299987224585702,0.6321398277305862,0.9035223748338502,0.7207762557077626,0.771689497716895,0.7141747141747142,0.8082191780821918,0.6333333333333333
P1,42,2,2,18,False,0.2991319166130997,0.6632699769677468,0.8639787328311919,0.6776255707762557,0.7493150684931507,0.6793497059840885,0.821917808219178,0.5333333333333333
P1,42,2,2,19,False,0.23823504698903938,0.6426274544984392,0.9286109880372175,0.6600456621004567,0.7589041095890411,0.6516093835242771,0.7534246575342466,0.5666666666666667
P1,42,2,2,20,False,0.2181099016201553,0.6838694975792783,0.9435644661054498,0.6785388127853882,0.7625570776255708,0.6913086913086914,0.8904109589041096,0.4666666666666667
P1,42,2,2,21,False,0.19756749272346497,0.738327785603051,0.9469428444838282,0.6383561643835616,0.7515981735159817,0.6481973434535104,0.8767123287671232,0.4
P1,42,2,2,22,False,0.16418362218155816,0.7080129165093876,0.9551395657953035,0.6550228310502283,0.7515981735159817,0.6655844155844156,0.8767123287671232,0.43333333333333335
P1,42,2,2,23,False,0.15194490213285794,0.784483326002232,0.9734714222419141,0.6815068493150684,0.7479452054794521,0.6899458157736302,0.863013698630137,0.5
P1,42,2,2,24,False,0.13830929787820606,0.7167765590751055,0.9667146654851573,0.6719178082191781,0.745662100456621,0.6370683579985905,0.6438356164383562,0.7
P1,42,2,2,25,False,0.11066535719487655,0.7222608802388015,0.9700930438635357,0.6883561643835616,0.7589041095890411,0.6988304093567252,0.8767123287671232,0.5
P1,42,2,2,26,False,0.10308339692759172,0.7729144350996295,0.9884249003101462,0.6579908675799087,0.7611872146118721,0.6651414810355207,0.8493150684931506,0.4666666666666667
P1,42,2,2,27,False,0.07863006706496603,0.7295950358932458,0.9864864864864865,0.6894977168949772,0.7520547945205479,0.6668753260302557,0.7123287671232876,0.6666666666666666
P1,42,3,0,1,False,0.7145741031720088,0.6871616471381414,0.49018623842979814,0.5,0.6447253705318221,0.4134078212290503,1.0,0.0
P1,42,3,0,2,False,0.7027549216380486,0.7039256532986958,0.5032898405263745,0.5,0.6713164777680907,0.22794117647058823,0.0,1.0
P1,42,3,0,3,False,0.6848066426240481,0.6815562719390506,0.5591613694658191,0.5,0.6822144725370531,0.4134078212290503,1.0,0.0
P1,42,3,0,4,True,0.6893289433075831,0.6667905166035607,0.49046503847440615,0.6634699215344377,0.6835222319093287,0.6649796457256024,0.8108108108108109,0.5161290322580645
P1,42,3,0,5,False,0.6646792040421412,0.6536107091676622,0.5888256942121111,0.6078901482127288,0.6787271142109852,0.5875883739198744,0.6351351351351351,0.5806451612903226
P1,42,3,0,6,False,0.6114948426301663,0.6492323461033049,0.6622616259618601,0.5725806451612903,0.6761115954664342,0.5305514157973175,0.5,0.6451612903225806
P1,42,3,0,7,False,0.6017674058675766,0.6444681082453046,0.6746403479424556,0.6157367044463818,0.6913687881429816,0.5750588235294117,0.5540540540540541,0.6774193548387096
P1,42,3,0,8,False,0.5686729630598655,0.6336959188892728,0.6816103490576558,0.6390584132519617,0.6843940714908456,0.630281690140845,0.7297297297297297,0.5483870967741935
P1,42,3,0,9,False,0.5043783405652413,0.6652867896216256,0.790007806401249,0.6022231909328684,0.6883173496076722,0.558452481076535,0.527027027027027,0.6774193548387096
P1,42,3,0,10,False,0.4731533412749951,0.6292257568665913,0.7927958068473291,0.6593286835222318,0.7013949433304272,0.6546419098143237,0.7702702702702703,0.5483870967741935
P1,42,3,0,11,False,0.44972903625323224,0.6326099256674449,0.796029887364782,0.6593286835222318,0.7079337401918047,0.6546419098143237,0.7702702702702703,0.5483870967741935
P1,42,3,0,12,False,0.4052496753059901,0.6640125988494783,0.826809412289506,0.6473408892763732,0.7044463818657367,0.6500000000000001,0.8108108108108109,0.4838709677419355
P1,42,3,0,13,False,0.3335608129317944,0.6950075857696079,0.8738150998104159,0.6203138622493461,0.6944202266782912,0.6179366438356164,0.7567567567567568,0.4838709677419355
P1,42,3,0,14,False,0.3185496487869666,0.7066020858429727,0.9113973458235753,0.6578029642545772,0.6791630340017437,0.6407004830917875,0.7027027027027027,0.6129032258064516
P1,42,3,0,15,False,0.27374391042842317,0.709345768463044,0.8868071818891491,0.6536617262423714,0.6974716652136007,0.6288295365278869,0.6621621621621622,0.6451612903225806
P1,42,3,0,16,False,0.2636055083802113,0.7584513885279497,0.9066019850563176,0.6312118570183086,0.6870095902353966,0.6346391289707038,0.8108108108108109,0.45161290322580644
P1,42,3,1,1,False,0.7265283763408661,0.6949281970659892,0.49358759897401583,0.5,0.5483870967741935,0.22794117647058823,0.0,1.0
P1,42,3,1,2,False,0.6915878424277673,0.6860383822804406,0.5215233634437382,0.5823888404533566,0.5745422842197035,0.5695430456954305,0.6486486486486487,0.5161290322580645
P1,42,3,1,3,False,0.6890951372109927,0.6782957088379633,0.5342366454778633,0.6057105492589363,0.6120313862249346,0.6103896103896104,0.8243243243243243,0.3870967741935484
P1,42,3,1,4,False,0.6634130982252268,0.6735977712131682,0.5720976915356306,0.6224934612031385,0.6320836965998257,0.5833333333333333,0.5675675675675675,0.6774193548387096
P1,42,3,1,5,False,0.670530053285452,0.6603232241812207,0.5391992862718858,0.5978639930252834,0.6621621621621622,0.6025323064874037,0.9054054054054054,0.2903225806451613
P1,42,3,1,6,False,0.623717249586032,0.6478568945612226,0.6622616259618601,0.6630340017436791,0.6992153443766347,0.6328671328671329,0.6486486486486487,0.6774193548387096
P1,42,3,1,7,False,0.6009072065353394,0.6405154262270246,0.7018512322961972,0.7140366172624237,0.7271142109851787,0.6626984126984128,0.6216216216216216,0.8064516129032258
P1,42,3,1,8,False,0.5780733560140316,0.6198040201550439,0.6848444295751087,0.6353530950305144,0.7593722755013078,0.6428152492668622,0.8513513513513513,0.41935483870967744
P1,42,3,1,9,False,0.5221429455738801,0.595255913904735,0.7352514776402364,0.6634699215344377,0.7619877942458587,0.6649796457256024,0.8108108108108109,0.5161290322580645
P1,42,3,1,10,False,0.4783889725804329,0.5945551483404069,0.7482435597189696,0.7020488230165649,0.7676547515257193,0.6651850420330467,0.6621621621621622,0.7419354838709677
P1,42,3,1,11,True,0.44651565700769424,0.5895695910567329,0.798817887810862,0.7343068875326939,0.7776809067131648,0.6884869365489521,0.6621621621621622,0.8064516129032258
P1,42,3,1,12,False,0.38930415362119675,0.6162533104419708,0.8568082970893276,0.6431996512641673,0.7598081952920662,0.6404109589041096,0.7702702702702703,0.5161290322580645
P1,42,3,1,13,False,0.3321949719236447,0.6298409896947089,0.876603100256496,0.6728421970357454,0.7628596338273758,0.6712018140589568,0.7972972972972973,0.5483870967741935
P1,42,3,1,14,False,0.2815487149816293,0.7351289778238251,0.8936099029775845,0.6218395815170009,0.7532693984306887,0.6267629858961129,0.8243243243243243,0.41935483870967744
P1,42,3,1,15,False,0.23285295241154158,0.752518030185075,0.912010705921713,0.6285963382737576,0.7554489973844812,0.6347402597402597,0.8378378378378378,0.41935483870967744
P1,42,3,1,16,False,0.21442580595612526,0.7702280932771308,0.9284041485446638,0.6218395815170009,0.7441150828247602,0.6267629858961129,0.8243243243243243,0.41935483870967744
P1,42,3,1,17,False,0.17189808662694234,0.8154241387155794,0.9468049514887922,0.6312118570183086,0.7401918047079338,0.6346391289707038,0.8108108108108109,0.45161290322580644
P1,42,3,1,18,False,0.11840791978801672,0.7872862838563465,0.9781978365116538,0.7035745422842197,0.7275501307759372,0.6829710144927537,0.7297297297297297,0.6774193548387096
P1,42,3,1,19,False,0.09719384769694163,0.847793295802105,0.9815991970558715,0.6822144725370531,0.7297297297297297,0.676923076923077,0.7837837837837838,0.5806451612903226
P1,42,3,1,20,False,0.08070316939399792,1.03118915416389,0.9850005576000892,0.6244551002615518,0.7149084568439407,0.6266666666666667,0.7972972972972973,0.45161290322580644
P1,42,3,1,21,False,0.06066083743308599,0.9832214480265975,0.9918032786885246,0.6660854402789886,0.7105492589363557,0.6628852739726028,0.7837837837837838,0.5483870967741935
P1,42,3,1,22,False,0.04681678281094019,1.0483631328990062,0.9965986394557823,0.6754577157802965,0.7083696599825632,0.6685606060606061,0.7702702702702703,0.5806451612903226
P1,42,3,1,23,False,0.037976672407239676,1.053671985634026,1.0,0.6312118570183086,0.7197035745422842,0.6346391289707038,0.8108108108108109,0.45161290322580644
P1,42,3,2,1,False,0.6805134001232329,0.6877405591381406,0.5605928509154317,0.5098173515981735,0.6091324200913242,0.44504310344827586,0.9863013698630136,0.03333333333333333
P1,42,3,2,2,False,0.7046215625036331,0.6780073550140974,0.5081734960767219,0.5662100456621004,0.6538812785388128,0.5153173917218862,0.4657534246575342,0.6666666666666666
P1,42,3,2,3,False,0.6734874333654132,0.6591746500394877,0.5968831734960767,0.6255707762557078,0.6949771689497717,0.6361413043478261,0.9178082191780822,0.3333333333333333
P1,42,3,2,4,False,0.6710542440414429,0.6496834390371748,0.5319311246730601,0.6776255707762557,0.7050228310502283,0.6793497059840885,0.821917808219178,0.5333333333333333
P1,42,3,2,5,False,0.6440599081062135,0.6182670309705641,0.6266346992153444,0.6589041095890411,0.719634703196347,0.6740506329113924,0.9178082191780822,0.4
P1,42,3,2,6,False,0.6393530618576776,0.6279356826856298,0.6244551002615518,0.6641552511415525,0.7520547945205479,0.6094312105007293,0.5616438356164384,0.7666666666666667
P1,42,3,2,7,False,0.6540067913986388,0.5903206826413719,0.6161726242371404,0.702054794520548,0.7648401826484018,0.717032967032967,0.9041095890410958,0.5
P1,42,3,2,8,False,0.5632578123183477,0.5749305987242356,0.693875326939843,0.7255707762557078,0.7712328767123288,0.7427572427572426,0.9178082191780822,0.5333333333333333
P1,42,3,2,9,False,0.5411872670764015,0.5842889365061973,0.7180688753269399,0.7433789954337899,0.7794520547945205,0.7186974789915966,0.7534246575342466,0.7333333333333333
P1,42,3,2,10,False,0.5331374472095853,0.5904673442099858,0.7007410636442895,0.6922374429223744,0.776255707762557,0.7094871794871795,0.9178082191780822,0.4666666666666667
P1,42,3,2,11,False,0.49655442578451975,0.5691250383275227,0.7951176983435048,0.7089041095890412,0.7908675799086758,0.7263757115749525,0.9178082191780822,0.5
P1,42,3,2,12,False,0.43658313439005897,0.5601397356362019,0.8309721011333915,0.7207762557077626,0.791324200913242,0.7141747141747142,0.8082191780821918,0.6333333333333333
P1,42,3,2,13,False,0.40560763222830637,0.5705905365712435,0.8067785527462947,0.7404109589041096,0.7863013698630137,0.7235047782669386,0.7808219178082192,0.7
P1,42,3,2,14,False,0.3794108691669646,0.5678989982720718,0.8356582388840453,0.732648401826484,0.7972602739726027,0.6959796437659034,0.6986301369863014,0.7666666666666667
P1,42,3,2,15,False,0.3270471683570317,0.5594741719440349,0.8949433304272014,0.7678082191780822,0.806392694063927,0.7599067599067599,0.8356164383561644,0.7
P1,42,3,2,16,False,0.2883651030915124,0.5579103601789012,0.9178291194420227,0.7502283105022831,0.8082191780821918,0.7275997037977362,0.7671232876712328,0.7333333333333333
P1,42,3,2,17,False,0.22348245751290094,0.6480331235718959,0.9245858761987794,0.702054794520548,0.7963470319634703,0.717032967032967,0.9041095890410958,0.5
P1,42,3,2,18,False,0.24401448596091496,0.6906950780488912,0.9420226678291195,0.6687214611872145,0.7968036529680366,0.6830769230769229,0.9041095890410958,0.43333333333333335
P1,42,3,2,19,False,0.1876942834683827,0.6808904930225854,0.955536181342633,0.7353881278538812,0.8027397260273973,0.7490253411306043,0.9041095890410958,0.5666666666666667
P1,42,3,2,20,False,0.1470830308539527,0.5993848124754082,0.967741935483871,0.7776255707762556,0.821917808219178,0.7639934533551553,0.821917808219178,0.7333333333333333
P1,42,3,2,21,False,0.13388128369337038,0.6564850870845387,0.9636006974716652,0.7687214611872146,0.8164383561643835,0.7792857142857142,0.9041095890410958,0.6333333333333333
P1,42,3,2,22,False,0.11594461848338446,0.612555291178157,0.9690496948561464,0.7639269406392694,0.8246575342465754,0.7456243960055835,0.7945205479452054,0.7333333333333333
P1,42,3,2,23,False,0.1151199289730617,0.5973968390122201,0.970357454228422,0.7776255707762556,0.8301369863013699,0.7639934533551553,0.821917808219178,0.7333333333333333
P1,42,3,2,24,False,0.07343853023790178,0.6726892324327265,0.9885571054925893,0.7481735159817351,0.8159817351598173,0.7506053268765134,0.863013698630137,0.6333333333333333
P1,42,3,2,25,False,0.05552232568817479,0.7517135452876971,0.9919354838709677,0.7452054794520548,0.8077625570776256,0.7547619047619047,0.8904109589041096,0.6
P1,42,3,2,26,True,0.04433608785981224,0.7060993209625911,0.9919354838709677,0.7785388127853881,0.8164383561643835,0.7840167753960857,0.8904109589041096,0.6666666666666666
P1,42,3,2,27,False,0.02996955921075174,0.7917403219972999,1.0,0.7687214611872146,0.8223744292237443,0.7792857142857142,0.9041095890410958,0.6333333333333333
P1,42,3,2,28,False,0.04166406281292438,0.7760465396839438,0.9919354838709677,0.7687214611872146,0.8205479452054795,0.7792857142857142,0.9041095890410958,0.6333333333333333
P1,42,3,2,29,False,0.029877136869444734,0.797976742959717,0.9919354838709677,0.7618721461187214,0.8100456621004566,0.7695749440715884,0.8904109589041096,0.6333333333333333
P1,42,3,2,30,False,0.0319529039341779,0.7263940271821995,0.9919354838709677,0.7678082191780822,0.8141552511415525,0.7599067599067599,0.8356164383561644,0.7
P1,42,3,2,31,False,0.022443201379584415,0.7976045605627079,1.0,0.7618721461187214,0.8105022831050228,0.7695749440715884,0.8904109589041096,0.6333333333333333
P1,42,3,2,32,False,0.019812899508646557,0.797480519824815,1.0,0.7550228310502283,0.8082191780821918,0.7600186393289842,0.8767123287671232,0.6333333333333333
P1,42,3,2,33,False,0.01888452084468944,0.8065634421931888,1.0,0.7716894977168949,0.8068493150684931,0.7743572005073216,0.8767123287671232,0.6666666666666666
P1,42,3,2,34,False,0.01554105438380724,0.8479704318694699,1.0,0.7618721461187214,0.8105022831050228,0.7695749440715884,0.8904109589041096,0.6333333333333333
P1,42,3,2,35,False,0.013840859556304557,0.8042704769708577,1.0,0.7716894977168949,0.8059360730593608,0.7743572005073216,0.8767123287671232,0.6666666666666666
P1,42,3,2,36,False,0.012484037592297508,0.8565663487008475,1.0,0.7785388127853881,0.8095890410958904,0.7840167753960857,0.8904109589041096,0.6666666666666666
P1,42,3,2,37,False,0.01124995836899394,0.8558983791221693,1.0,0.7618721461187214,0.8041095890410959,0.7695749440715884,0.8904109589041096,0.6333333333333333
P1,42,3,2,38,False,0.010546024361558791,0.8594742614088706,1.0,0.7785388127853881,0.8077625570776256,0.7840167753960857,0.8904109589041096,0.6666666666666666
P1,42,4,0,1,False,0.7118309954038033,0.7038232496806553,0.46910895505743283,0.5,0.6843940714908456,0.22794117647058823,0.0,1.0
P1,42,4,0,2,False,0.7073723077774048,0.6753836410386221,0.5200736032117765,0.532258064516129,0.7188317349607672,0.4786851566512583,1.0,0.06451612903225806
P1,42,4,0,3,False,0.6809265086284051,0.6708485205968221,0.5836957733913237,0.6401482127288578,0.7266782911944202,0.6124708624708624,0.6351351351351351,0.6451612903225806
P1,42,4,0,4,False,0.6773245586798742,0.6454354394049872,0.5892717742834839,0.6567131647776809,0.7244986922406277,0.6567131647776809,0.7972972972972973,0.5161290322580645
P1,42,4,0,5,False,0.6731574764618506,0.6215230288959684,0.5656295305007248,0.6732781168265038,0.7140366172624237,0.693796394485684,0.9594594594594594,0.3870967741935484
P1,42,4,0,6,False,0.6368055079992001,0.6000029033138639,0.6206646593063455,0.6878814298169137,0.7353966870095903,0.7008547008547008,0.8918918918918919,0.4838709677419355
P1,42,4,0,7,False,0.6329703330993652,0.578988516330719,0.6646035463365674,0.6743679163034002,0.7480383609415867,0.6834415584415585,0.8648648648648649,0.4838709677419355
P1,42,4,0,8,False,0.6014658648234147,0.5703124440851666,0.6690643470502955,0.6874455100261552,0.7750653879686138,0.670179349478164,0.7297297297297297,0.6451612903225806
P1,42,4,0,9,False,0.5760152511871778,0.5724674900372823,0.7040258726441396,0.7170880557977333,0.7659110723626853,0.7000000000000001,0.7567567567567568,0.6774193548387096
P1,42,4,0,10,False,0.5782346370128485,0.5663601327510107,0.710828593732575,0.6972537053182215,0.7659110723626853,0.7077922077922078,0.8783783783783784,0.5161290322580645
P1,42,4,0,11,False,0.5097763526898164,0.5876615573962529,0.7682056429129028,0.6691368788142982,0.7746294681778553,0.685,0.918918918918919,0.41935483870967744
P1,42,4,0,12,False,0.4929009578548945,0.5895871468952724,0.7648042823686851,0.681124673060157,0.7707061900610288,0.6920821114369502,0.8783783783783784,0.4838709677419355
P1,42,4,0,13,False,0.482552618934558,0.5673501088505699,0.7468495594959295,0.7129468177855275,0.7689625108979947,0.6870031796502385,0.7162162162162162,0.7096774193548387
P1,42,4,0,14,False,0.41185244344747984,0.5918172773860749,0.7866064458570313,0.7347428073234525,0.7702702702702703,0.7303082191780823,0.8243243243243243,0.6451612903225806
P1,42,4,0,15,True,0.3772606992950806,0.5979005291348412,0.8308241329318613,0.7373583260680034,0.7606800348735833,0.726020248408308,0.7972972972972973,0.6774193548387096
P1,42,4,0,16,False,0.3359478580263945,0.7309796240358125,0.8827924612467938,0.6394943330427201,0.7571926765475152,0.6503884572697003,0.8918918918918919,0.3870967741935484
P1,42,4,0,17,False,0.30600099752728754,0.6638911239448048,0.8732017397122783,0.6863557105492589,0.7510897994768962,0.6880844977445264,0.8243243243243243,0.5483870967741935
P1,42,4,0,18,False,0.2536607224207658,0.6714667621822584,0.9202074272331884,0.6837401918047079,0.7558849171752398,0.6903357531760436,0.8513513513513513,0.5161290322580645
P1,42,4,0,19,False,0.21346798739754236,0.6756200909614563,0.9434035909445746,0.7332170880557978,0.7523975588491717,0.712736852771304,0.7567567567567568,0.7096774193548387
P1,42,4,0,20,False,0.21537958873579136,0.6814232159228552,0.9216014274562284,0.7103312990409765,0.7432432432432432,0.691458101124734,0.7432432432432432,0.6774193548387096
P1,42,4,0,21,False,0.1627615185167927,0.7977023623528935,0.9550016728002676,0.6514821272885789,0.7484742807323452,0.659090909090909,0.8513513513513513,0.45161290322580644
P1,42,4,0,22,False,0.15447090687946632,0.7761431387492589,0.9516003122560499,0.6769834350479511,0.7445510026155188,0.6817824671680324,0.8378378378378378,0.5161290322580645
P1,42,4,0,23,False,0.09727783329211749,0.8927007019519806,0.9897959183673469,0.6514821272885789,0.7458587619877942,0.659090909090909,0.8513513513513513,0.45161290322580644
P1,42,4,0,24,False,0.10222599368828994,0.8699804358184338,0.9700011152001784,0.6972537053182215,0.7480383609415867,0.7077922077922078,0.8783783783783784,0.5161290322580645
P1,42,4,0,25,False,0.08010519278020813,0.8622750044223808,0.9931972789115646,0.6889712292938099,0.7349607672188317,0.685359589041096,0.7972972972972973,0.5806451612903226
P1,42,4,0,26,False,0.06528000684025195,0.8930279439758687,0.9931972789115646,0.6931124673060156,0.7314734088927637,0.6966666666666665,0.8378378378378378,0.5483870967741935
P1,42,4,0,27,False,0.06032929626794962,0.8973005323892548,0.9931972789115646,0.7212292938099389,0.7388840453356582,0.7127525252525252,0.7972972972972973,0.6451612903225806
P1,42,4,1,1,False,0.7002891508432535,0.702999594665709,0.5204639232742277,0.5,0.576721883173496,0.22794117647058823,0.0,1.0
P1,42,4,1,2,False,0.685131467305697,0.6830426738375709,0.5382513661202186,0.5775937227550131,0.6142109851787271,0.5800000000000001,0.8648648648648649,0.2903225806451613
P1,42,4,1,3,False,0.6660488958542163,0.6814667514392307,0.5944016951042712,0.6375326939843069,0.6360069747166521,0.6162962962962963,0.6621621621621622,0.6129032258064516
P1,42,4,1,4,False,0.6319291385320517,0.6728177405539013,0.5979145756663321,0.6458151700087184,0.6499564080209241,0.6383467278989667,0.7432432432432432,0.5483870967741935
P1,42,4,1,5,False,0.5993359753718743,0.6836143760454088,0.6078398572543772,0.6203138622493461,0.6551874455100262,0.6179366438356164,0.7567567567567568,0.4838709677419355
P1,42,4,1,6,False,0.5294066793643512,0.7324096781866891,0.716850674696108,0.6303400174367917,0.6573670444638187,0.56575682382134,0.4864864864864865,0.7741935483870968
P1,42,4,1,7,False,0.5353362474303979,0.7182909213361286,0.7510315601650497,0.5850043591979075,0.6678291194420227,0.566967792615868,0.6216216216216216,0.5483870967741935
P1,42,4,1,8,False,0.47911166514341647,0.737292150798298,0.7530389204862272,0.6192240627724499,0.6752397558849171,0.6260683760683761,0.8513513513513513,0.3870967741935484
P1,42,4,1,9,False,0.4638207463117746,0.7143338568153835,0.7626296420207428,0.6338273757628596,0.6839581517000872,0.6338273757628596,0.7837837837837838,0.4838709677419355
P1,42,4,1,10,False,0.48352394797481024,0.7154243916273118,0.7604550016728002,0.6562772449869223,0.6922406277244987,0.624601410764325,0.6351351351351351,0.6774193548387096
P1,42,4,1,11,False,0.4319332603078622,0.7791377172583626,0.8145979703356753,0.6218395815170009,0.6739319965126417,0.6267629858961129,0.8243243243243243,0.41935483870967744
P1,42,4,1,12,False,0.3965310654961146,0.7935033360407466,0.8234080517452883,0.6285963382737576,0.6900610287707062,0.6347402597402597,0.8378378378378378,0.41935483870967744
P1,42,4,1,13,False,0.3402412805992823,0.7866196940342586,0.8732017397122783,0.6338273757628596,0.6861377506538797,0.6338273757628596,0.7837837837837838,0.4838709677419355
P1,42,4,1,14,False,0.29629513076864755,0.8410403721034527,0.8895951823352292,0.6379686137750654,0.6857018308631212,0.6426950998185117,0.8243243243243243,0.45161290322580644
P1,42,4,1,15,False,0.3153495659621862,0.9323267598414705,0.8772164603546337,0.6285963382737576,0.6835222319093287,0.6347402597402597,0.8378378378378378,0.41935483870967744
P1,42,4,1,16,False,0.29553267187797105,0.9944312159947696,0.8520129363220699,0.6192240627724499,0.6887532693984307,0.6260683760683761,0.8513513513513513,0.3870967741935484
P1,42,4,1,17,False,0.2685638633198463,0.886508671939373,0.8786104605776737,0.6405841325196164,0.6926765475152572,0.6418747937066783,0.7972972972972973,0.4838709677419355
P1,42,4,1,18,False,0.2009868316638928,0.891912034810299,0.9468049514887922,0.6176983435047951,0.6891891891891891,0.6187699416877545,0.7837837837837838,0.45161290322580644
P1,42,4,1,19,False,0.18853895380519903,0.9530150647496893,0.9713951154232184,0.6405841325196164,0.6896251089799477,0.6418747937066783,0.7972972972972973,0.4838709677419355
P1,42,4,1,20,False,0.14724022343468207,0.9708447999187878,0.9700011152001784,0.6540976460331299,0.6970357454228422,0.6582107980693681,0.8243243243243243,0.4838709677419355
P1,42,4,1,21,False,0.16209962541380754,1.0645418744755997,0.9584030333444853,0.6676111595466434,0.6931124673060157,0.6749226006191951,0.8513513513513513,0.4838709677419355
P1,42,4,1,22,False,0.1428726907246388,1.0607205718511805,0.9747964759674361,0.6338273757628596,0.6904969485614647,0.6338273757628596,0.7837837837837838,0.4838709677419355
P1,42,4,1,23,False,0.1007761826308874,1.154445063218563,0.9781978365116538,0.6285963382737576,0.6874455100261552,0.6347402597402597,0.8378378378378378,0.41935483870967744
P1,42,4,1,24,False,0.09356599473036252,1.0730043445802515,0.9815991970558715,0.6567131647776809,0.6983435047951178,0.6567131647776809,0.7972972972972973,0.5161290322580645
P1,42,4,1,25,False,0.08523575417124309,1.215691744741274,0.9781978365116538,0.6353530950305144,0.6957279860505667,0.6428152492668622,0.8513513513513513,0.41935483870967744
P1,42,4,1,26,False,0.08185431633431178,1.1436873516755268,0.9815991970558715,0.6567131647776809,0.6961639058413251,0.6567131647776809,0.7972972972972973,0.5161290322580645
P1,42,4,1,27,False,0.057529548792025216,1.3723616958972775,0.9931972789115646,0.6098517872711422,0.6878814298169137,0.616601752677702,0.8648648648648649,0.3548387096774194
P1,42,4,1,28,False,0.0767712603824643,1.2462929818014215,0.9829931972789115,0.6676111595466434,0.6922406277244987,0.6749226006191951,0.8513513513513513,0.4838709677419355
P1,42,4,1,29,False,0.06349475839390205,1.2900908589376958,0.9815991970558715,0.6514821272885789,0.6961639058413251,0.659090909090909,0.8513513513513513,0.45161290322580644
P1,42,4,1,30,False,0.04147594998805569,1.2372985080574705,0.9918032786885246,0.6702266782911944,0.7009590235396687,0.6733333333333333,0.8243243243243243,0.5161290322580645
P1,42,4,1,31,False,0.041636723559349775,1.2498997597791632,0.9918032786885246,0.6660854402789886,0.7009590235396687,0.6628852739726028,0.7837837837837838,0.5483870967741935
P1,42,4,1,32,True,0.036794830597220704,1.2549918487196832,0.9918032786885246,0.6728421970357454,0.6965998256320837,0.6712018140589568,0.7972972972972973,0.5483870967741935
P1,42,4,1,33,False,0.030599602730944753,1.2427089687786066,0.9965986394557823,0.6593286835222318,0.6987794245858762,0.6546419098143237,0.7702702702702703,0.5483870967741935
P1,42,4,1,34,False,0.0362451932249734,1.3079905334643886,0.9918032786885246,0.6728421970357454,0.6948561464690497,0.6712018140589568,0.7972972972972973,0.5483870967741935
P1,42,4,1,35,False,0.022772868629544973,1.3522678508445443,0.9965986394557823,0.6567131647776809,0.6926765475152572,0.6567131647776809,0.7972972972972973,0.5161290322580645
P1,42,4,1,36,False,0.02573141323115963,1.3947483185914322,0.9965986394557823,0.6634699215344377,0.6909328683522232,0.6649796457256024,0.8108108108108109,0.5161290322580645
P1,42,4,1,37,False,0.023960139924803607,1.367490754585292,1.0,0.6567131647776809,0.6896251089799477,0.6567131647776809,0.7972972972972973,0.5161290322580645
P1,42,4,1,38,False,0.018899863514189538,1.3964949947063967,1.0,0.6499564080209241,0.6852659110723627,0.6485260770975056,0.7837837837837838,0.5161290322580645
P1,42,4,1,39,False,0.021068460325925395,1.4373694453223531,1.0,0.6473408892763732,0.6874455100261552,0.6500000000000001,0.8108108108108109,0.4838709677419355
P1,42,4,1,40,False,0.019401484061605655,1.3877040487053038,1.0,0.6567131647776809,0.6870095902353966,0.6567131647776809,0.7972972972972973,0.5161290322580645
P1,42,4,1,41,False,0.01768898683635948,1.4305798972541066,1.0,0.6567131647776809,0.6865736704446382,0.6567131647776809,0.7972972972972973,0.5161290322580645
P1,42,4,1,42,False,0.01707498272522711,1.409622585112118,1.0,0.6567131647776809,0.6874455100261552,0.6567131647776809,0.7972972972972973,0.5161290322580645
P1,42,4,1,43,False,0.01629826367402879,1.4557515620637873,1.0,0.6405841325196164,0.6861377506538797,0.6418747937066783,0.7972972972972973,0.4838709677419355
P1,42,4,1,44,False,0.015158660530757446,1.4463061877057217,1.0,0.6405841325196164,0.6857018308631212,0.6418747937066783,0.7972972972972973,0.4838709677419355
P1,42,4,2,1,False,0.710527947970799,0.6848567735801623,0.4675239755884917,0.5166666666666667,0.6,0.44940092165898615,1.0,0.03333333333333333
P1,42,4,2,2,False,0.699104080313728,0.6843250214474873,0.50871839581517,0.5116438356164383,0.6378995433789955,0.32902284880894506,0.1232876712328767,0.9
P1,42,4,2,3,False,0.6638056760742551,0.6656982401042308,0.634590235396687,0.5794520547945206,0.6575342465753424,0.5730078304928604,0.958904109589041,0.2
P1,42,4,2,4,False,0.6843339800834656,0.6568832194920883,0.5377070619006102,0.5764840182648402,0.6712328767123288,0.5624183006535948,0.9863013698630136,0.16666666666666666
P1,42,4,2,5,False,0.6694249147460574,0.6454326493068806,0.5737794245858762,0.6363013698630137,0.7132420091324201,0.6498152254249815,0.9726027397260274,0.3
P1,42,4,2,6,False,0.6512727816899617,0.6059468376983717,0.622384481255449,0.6687214611872145,0.7433789954337899,0.6830769230769229,0.9041095890410958,0.43333333333333335
P1,42,4,2,7,False,0.6181778416747139,0.5895787182363491,0.6512641673931996,0.6981735159817352,0.7977168949771689,0.7057142857142857,0.863013698630137,0.5333333333333333
P1,42,4,2,8,False,0.5772467457112812,0.5978476648191804,0.7069529206625981,0.6490867579908676,0.8004566210045662,0.6641304347826087,0.9315068493150684,0.36666666666666664
P1,42,4,2,9,False,0.5603583000955128,0.5630951784189465,0.7066259808195292,0.7237442922374429,0.8100456621004566,0.7101731601731601,0.7808219178082192,0.6666666666666666
P1,42,4,2,10,False,0.5280767009371803,0.5431940445622194,0.753487358326068,0.710958904109589,0.8182648401826484,0.7088750706613907,0.821917808219178,0.6
P1,42,4,2,11,False,0.5042995398952848,0.5415200567939906,0.7958805579773321,0.7296803652968036,0.8123287671232877,0.701077943615257,0.726027397260274,0.7333333333333333
P1,42,4,2,12,False,0.46530705562659674,0.5176841165255575,0.7570836965998256,0.7285388127853881,0.8305936073059361,0.7395544852498495,0.8904109589041096,0.5666666666666667
P1,42,4,2,13,False,0.42802782569612774,0.5256836425910876,0.7958805579773321,0.6922374429223744,0.8324200913242009,0.7094871794871795,0.9178082191780822,0.4666666666666667
P1,42,4,2,14,False,0.41250120940662566,0.5122362276882801,0.7987140366172625,0.7374429223744292,0.8228310502283105,0.727992957746479,0.8082191780821918,0.6666666666666666
P1,42,4,2,15,False,0.3268783471414021,0.5367462935956936,0.8491717523975588,0.6678082191780822,0.810958904109589,0.6725538678912045,0.8356164383561644,0.5
P1,42,4,2,16,False,0.3130801530111404,0.5165682788034087,0.8894943330427201,0.7374429223744292,0.8095890410958904,0.727992957746479,0.8082191780821918,0.6666666666666666
P1,42,4,2,17,False,0.2879466380391802,0.5256073943619589,0.8923278116826504,0.7561643835616438,0.8105022831050228,0.7169465648854962,0.7123287671232876,0.8
P1,42,4,2,18,False,0.22249259196576618,0.5091564828909717,0.9339581517000872,0.7404109589041096,0.8159817351598173,0.7235047782669386,0.7808219178082192,0.7
P1,42,4,2,19,False,0.1899719551915214,0.5390763734150859,0.9622929380993898,0.7011415525114155,0.8031963470319635,0.7031015796148968,0.8356164383561644,0.5666666666666667
P1,42,4,2,20,False,0.1762302175519012,0.5153482353803024,0.9649084568439408,0.7139269406392694,0.8223744292237443,0.7053257042253521,0.7945205479452054,0.6333333333333333
P1,42,4,2,21,True,0.12426121092977978,0.545384709117482,0.9724280732345248,0.7757990867579909,0.810958904109589,0.7228147114522077,0.684931506849315,0.8666666666666667
P1,42,4,2,22,False,0.11597420885449364,0.5859963911250957,0.9804925893635571,0.7050228310502282,0.7977168949771689,0.71475015051174,0.8767123287671232,0.5333333333333333
P1,42,4,2,23,False,0.07574635107247603,0.5581494749171062,0.9885571054925893,0.6776255707762557,0.817351598173516,0.6793497059840885,0.821917808219178,0.5333333333333333
P1,42,4,2,24,False,0.06455497117269607,0.6453187546683746,0.9919354838709677,0.7187214611872146,0.7936073059360731,0.7332593414724381,0.9041095890410958,0.5333333333333333
P1,42,4,2,25,False,0.04235179188350836,0.6320796088107581,1.0,0.6776255707762557,0.8,0.6793497059840885,0.821917808219178,0.5333333333333333
P1,42,4,2,26,False,0.040297813092668854,0.6692195048609983,0.9966216216216216,0.702054794520548,0.8009132420091324,0.717032967032967,0.9041095890410958,0.5
P1,42,4,2,27,False,0.03062277129363446,0.6485687210721877,1.0,0.7050228310502282,0.7954337899543379,0.71475015051174,0.8767123287671232,0.5333333333333333
P1,42,4,2,28,False,0.02803802231238002,0.5966334481841152,1.0,0.7070776255707762,0.8100456621004566,0.6965630114566286,0.7808219178082192,0.6333333333333333
P1,42,4,2,29,False,0.02532720436297712,0.6366509323559918,0.9966216216216216,0.6776255707762557,0.8095890410958904,0.6793497059840885,0.821917808219178,0.5333333333333333
P1,42,4,2,30,False,0.01810485227476983,0.6492131647554417,1.0,0.6815068493150684,0.8036529680365296,0.6899458157736302,0.863013698630137,0.5
P1,42,4,2,31,False,0.015339291556960061,0.7031701490717027,1.0,0.671689497716895,0.7945205479452054,0.6824515969909977,0.8767123287671232,0.4666666666666667
P1,42,4,2,32,False,0.013315873220562935,0.6401640142051919,1.0,0.6874429223744292,0.8036529680365296,0.6855850763143019,0.8082191780821918,0.5666666666666667
P1,42,4,2,33,False,0.014413612402443375,0.6472519155844901,1.0,0.7041095890410959,0.8041095890410959,0.7000448028673836,0.8082191780821918,0.6
P1,43,0,0,1,False,0.7138970770486971,0.722992559841701,0.5168330624564662,0.5,0.5632083696599826,0.22794117647058823,0.0,1.0
P1,43,0,0,2,False,0.683540055519197,0.6854148507118225,0.5139308103087996,0.5734524847428073,0.5710549258936356,0.5762108262108261,0.8243243243243243,0.3225806451612903
P1,43,0,0,3,False,0.6967689432748934,0.6910335983548845,0.508938936614813,0.49324324324324326,0.5749782040104621,0.41011235955056174,0.9864864864864865,0.0
P1,43,0,0,4,False,0.6758437915546138,0.6889260184197199,0.562804736475505,0.5690932868352223,0.5989537925021796,0.40853264382676147,0.20270270270270271,0.9354838709677419
P1,43,0,0,5,False,0.6558475209445488,0.6725889205932617,0.6019270954260506,0.5671316477768091,0.6072362685265911,0.5501835985312117,0.972972972972973,0.16129032258064516
P1,43,0,0,6,False,0.6309509896650547,0.6805175486065093,0.658695147434409,0.5050130775937227,0.6220575414123801,0.4451530612244898,0.36486486486486486,0.6451612903225806
P1,43,0,0,7,False,0.6093751575888657,0.6533603032430013,0.6291502205711632,0.6098517872711422,0.6368788142981692,0.616601752677702,0.8648648648648649,0.3548387096774194
P1,43,0,0,8,False,0.553888306094379,0.6306484398387727,0.7210935686092408,0.6296861377506539,0.6721883173496077,0.6243686868686869,0.7432432432432432,0.5161290322580645
P1,43,0,0,9,False,0.5216006396747217,0.625795544896807,0.7346180636173671,0.6214036617262424,0.6909328683522232,0.6035373608903021,0.6621621621621622,0.5806451612903226
P1,43,0,0,10,False,0.478491631804443,0.6201570652780078,0.7840143951706524,0.6588927637314734,0.7153443766346992,0.6198551829268293,0.6081081081081081,0.7096774193548387
P1,43,0,0,11,True,0.43223861368691047,0.6049810398192633,0.787439052704899,0.7170880557977333,0.7310374891020053,0.7000000000000001,0.7567567567567568,0.6774193548387096
P1,43,0,0,12,False,0.35782846121526346,0.6700300694931121,0.8721848154167634,0.5775937227550131,0.7249346120313862,0.5800000000000001,0.8648648648648649,0.2903225806451613
P1,43,0,0,13,False,0.28568185807728186,0.6979330108988853,0.9403296958439749,0.6030950305143854,0.7306015693112468,0.6088210551616392,0.8513513513513513,0.3548387096774194
P1,43,0,0,14,False,0.2471230528340107,0.710105639908995,0.9132807058277224,0.6124673060156931,0.7319093286835222,0.6181818181818182,0.8378378378378378,0.3870967741935484
P1,43,0,0,15,False,0.22184637770420168,0.7185294435137795,0.923554678430462,0.5625544899738448,0.7105492589363557,0.5639241216747111,0.7702702702702703,0.3548387096774194
P1,43,0,0,16,False,0.18359794596709855,0.8879522738002595,0.9388785697701416,0.5817349607672189,0.7153443766346992,0.5824496288441146,0.9054054054054054,0.25806451612903225
P1,43,0,0,17,False,0.1405663061432722,0.7751904348532359,0.9625029022521476,0.6000435919790759,0.6939843068875327,0.594509967644296,0.7162162162162162,0.4838709677419355
P1,43,0,0,18,False,0.08485098461188921,0.7799061742566881,0.9915254237288136,0.6458151700087184,0.7027027027027027,0.6383467278989667,0.7432432432432432,0.5483870967741935
P1,43,0,0,19,False,0.06919622672040288,0.9408413940242358,0.9965753424657534,0.5505666957279861,0.7227550130775937,0.5512820512820513,0.8108108108108109,0.2903225806451613
P1,43,0,0,20,False,0.05510986748991943,0.8750639515973273,0.9915254237288136,0.5974280732345248,0.6883173496076722,0.5954623287671232,0.7432432432432432,0.45161290322580644
P1,43,0,0,21,False,0.043681429217501386,0.8852603455739362,0.9965753424657534,0.6364428945074107,0.7000871839581517,0.6323607427055702,0.7567567567567568,0.5161290322580645
P1,43,0,0,22,False,0.02902253554543344,1.0260959300389958,1.0,0.5438099389712293,0.7118570183086312,0.5442815249266862,0.7972972972972973,0.2903225806451613
P1,43,0,0,23,False,0.02428723453975669,1.1569768289968902,1.0,0.5614646904969486,0.7218831734960767,0.5607808340727595,0.8648648648648649,0.25806451612903225
P1,43,0,1,1,False,0.6962743577173942,0.6762804516310831,0.5151360544217687,0.5863013698630137,0.6547945205479452,0.5805137844611529,0.9726027397260274,0.2
P1,43,0,1,2,False,0.6978111367870644,0.6745719203671205,0.49030612244897964,0.5333333333333333,0.6785388127853881,0.48204022988505746,1.0,0.06666666666666667
P1,43,0,1,3,False,0.6771182337244928,0.6662554283743923,0.5517006802721088,0.5961187214611872,0.6652968036529681,0.5966867469879518,0.958904109589041,0.23333333333333334
P1,43,0,1,4,False,0.6661447349953766,0.653348450521821,0.6129251700680272,0.641324200913242,0.6634703196347032,0.648635477582846,0.8493150684931506,0.43333333333333335
P1,43,0,1,5,False,0.6505529938112711,0.6618490907752398,0.5998299319727891,0.6054794520547946,0.6607305936073059,0.5226520382105362,0.410958904109589,0.8
P1,43,0,1,6,False,0.6021296353155864,0.6358205629783926,0.6989795918367347,0.6335616438356164,0.6607305936073059,0.6308243727598566,0.7671232876712328,0.5
P1,43,0,1,7,False,0.5513078293938568,0.6598172957457386,0.7180272108843537,0.623972602739726,0.6698630136986301,0.5778688524590164,0.547945205479452,0.7
P1,43,0,1,8,False,0.5148130545869541,0.6738703783276012,0.7316326530612245,0.5965753424657534,0.6808219178082192,0.5437211093990755,0.4931506849315068,0.7
P1,43,0,1,9,False,0.49240763564616585,0.672931532257969,0.7853741496598639,0.6178082191780823,0.6757990867579908,0.6235380116959065,0.8356164383561644,0.4
P1,43,0,1,10,False,0.45467649169878105,0.6601138491075016,0.7782312925170067,0.6424657534246575,0.693607305936073,0.6238914971309337,0.684931506849315,0.6
P1,43,0,1,11,False,0.36202477401005473,0.6906392244459356,0.8459183673469388,0.6168949771689498,0.6872146118721462,0.6157150932730356,0.7671232876712328,0.4666666666666667
P1,43,0,1,12,True,0.29422469602690804,0.702014743124397,0.8909863945578231,0.6728310502283105,0.6963470319634704,0.6537815126050419,0.7123287671232876,0.6333333333333333
P1,43,0,1,13,False,0.23254171661708667,0.7480924320452421,0.9261904761904762,0.6139269406392693,0.6995433789954338,0.6160298229263746,0.7945205479452054,0.43333333333333335
P1,43,0,1,14,False,0.1643961931484333,0.8134571105531119,0.9545918367346938,0.6189497716894977,0.6744292237442923,0.6023995826812729,0.6712328767123288,0.5666666666666667
P1,43,0,1,15,False,0.15433325758878735,0.7607264929604762,0.9598639455782313,0.6728310502283105,0.7246575342465753,0.6537815126050419,0.7123287671232876,0.6333333333333333
P1,43,0,1,16,False,0.10620392373074657,0.8316093677455939,0.9799319727891156,0.6463470319634703,0.7127853881278539,0.635026307312359,0.726027397260274,0.5666666666666667
P1,43,0,1,17,False,0.05993165990004793,0.9253645001105892,1.0,0.650228310502283,0.6904109589041096,0.6455766455766456,0.7671232876712328,0.5333333333333333
P1,43,0,1,18,False,0.05560486734021401,0.950564452745382,0.9965986394557823,0.6600456621004567,0.6899543378995434,0.6516093835242771,0.7534246575342466,0.5666666666666667
P1,43,0,1,19,False,0.030199423738291875,1.019736381410395,1.0,0.650228310502283,0.6867579908675799,0.6455766455766456,0.7671232876712328,0.5333333333333333
P1,43,0,1,20,False,0.02403418471865752,1.0438337592245306,1.0,0.6472602739726028,0.6904109589041096,0.6472602739726027,0.7945205479452054,0.5
P1,43,0,1,21,False,0.01619580314733124,1.1492486856516124,1.0,0.6178082191780823,0.680365296803653,0.6235380116959065,0.8356164383561644,0.4
P1,43,0,1,22,False,0.016869027933537745,1.0825387638749429,1.0,0.630593607305936,0.6926940639269407,0.6318459587224721,0.7945205479452054,0.4666666666666667
P1,43,0,1,23,False,0.015255146389962107,1.1649477863774715,1.0,0.6178082191780823,0.6840182648401827,0.6235380116959065,0.8356164383561644,0.4
P1,43,0,1,24,False,0.011072739666318835,1.1490826745635097,1.0,0.6374429223744292,0.6812785388127854,0.6400279589934762,0.8082191780821918,0.4666666666666667
P1,43,0,2,1,False,0.7153046497931848,0.6822192166365829,0.5229731236756998,0.5172413793103449,0.6915446386395843,0.4528735632183908,1.0,0.034482758620689655
P1,43,0,2,2,False,0.6923062938910264,0.67711855617224,0.5150552024088324,0.5621162021728862,0.7057156353330184,0.5411764705882353,0.9863013698630136,0.13793103448275862
P1,43,0,2,3,False,0.6842680527613714,0.6720519019108192,0.5597189695550351,0.5899858290033065,0.7170524326877658,0.5943181818181817,0.9041095890410958,0.27586206896551724
P1,43,0,2,4,False,0.6590817009027188,0.6636145301893646,0.565741050518568,0.6495040151157299,0.7312234293811998,0.6182952182952183,0.6438356164383562,0.6551724137931034
P1,43,0,2,5,False,0.6786149866305865,0.6756412620637932,0.5865395338463254,0.5517241379310345,0.7505904581955598,0.5181686046511628,1.0,0.10344827586206896
P1,43,0,2,6,False,0.661283614543768,0.6709740325516346,0.5978030556484889,0.5862068965517242,0.7562588568729334,0.5764705882352941,1.0,0.1724137931034483
P1,43,0,2,7,False,0.6696764116103833,0.628593313927744,0.6062785770045723,0.6936702881435994,0.7600377893245158,0.6956677407805227,0.8356164383561644,0.5517241379310345
P1,43,0,2,8,False,0.5925641896633002,0.6054790183609607,0.7448421991747518,0.6974492205951819,0.7704298535663675,0.6777426734938445,0.7397260273972602,0.6551724137931034
P1,43,0,2,9,True,0.5513682342492617,0.586929542761223,0.7375933980149436,0.7316957959376476,0.7727916863486065,0.7219445706497047,0.8082191780821918,0.6551724137931034
P1,43,0,2,10,False,0.5005116153221864,0.5866164413152957,0.7586149213783875,0.6556447803495513,0.7704298535663675,0.6644736842105262,0.863013698630137,0.4482758620689655
P1,43,0,2,11,False,0.45397251615157497,0.6012388304168103,0.8070146091223375,0.6315540859707133,0.7628719886632026,0.638663967611336,0.8493150684931506,0.41379310344827586
P1,43,0,2,12,False,0.37394657215246785,0.6239184970949211,0.8676257388201183,0.586679263108172,0.7657061880018895,0.5913461538461539,0.863013698630137,0.3103448275862069
P1,43,0,2,13,False,0.32433833812291807,0.6363765357756147,0.8520129363220699,0.6006140765233821,0.7487009919697686,0.6048981631888042,0.821917808219178,0.3793103448275862
P1,43,0,2,14,False,0.2635750011182748,0.6447530394675685,0.9160254265640682,0.624940954180444,0.7472838923004251,0.6222222222222222,0.7671232876712328,0.4827586206896552
P1,43,0,2,15,False,0.21458685426757887,0.6790159595947639,0.9284041485446638,0.6076995748700992,0.7302786962683042,0.6065458796025716,0.7671232876712328,0.4482758620689655
P1,43,0,2,16,False,0.13758063789170522,0.7649758814596662,0.9931972789115646,0.5765233821445441,0.7203589985829003,0.5794077221042109,0.8082191780821918,0.3448275862068966
P1,43,0,2,17,False,0.11708266990116009,0.7637649201879314,0.9815991970558715,0.5869154463863958,0.7335852621634388,0.589261744966443,0.7945205479452054,0.3793103448275862
P1,43,0,2,18,False,0.08809876871796754,0.818031488680372,0.9897959183673469,0.6076995748700992,0.721303731695796,0.6065458796025716,0.7671232876712328,0.4482758620689655
P1,43,0,2,19,False,0.06460441799404529,0.8693844979884577,0.9965986394557823,0.6110061407652339,0.7156353330184223,0.6141549725442342,0.8082191780821918,0.41379310344827586
P1,43,0,2,20,False,0.054850842230595075,0.8415640908129075,1.0,0.6180916391119509,0.7293339631554085,0.6141235813366961,0.7534246575342466,0.4827586206896552
P1,43,0,2,21,False,0.046527514449105814,0.8752761191012812,1.0,0.624940954180444,0.7250826641473783,0.6222222222222222,0.7671232876712328,0.4827586206896552
P1,43,1,0,1,False,0.7433224406795226,0.6881706629480634,0.5035714285714286,0.5,0.6556233653007847,0.4134078212290503,1.0,0.0
P1,43,1,0,2,False,0.7067667481979886,0.682368856952304,0.503061224489796,0.5,0.6591107236268526,0.4134078212290503,1.0,0.0
P1,43,1,0,3,False,0.6951810844278566,0.6781035922822498,0.4989795918367347,0.532258064516129,0.6700087183958152,0.4786851566512583,1.0,0.06451612903225806
P1,43,1,0,4,False,0.672738574553227,0.6839407211258298,0.5736394557823129,0.5176547515257193,0.6883173496076722,0.2932692307692308,0.06756756756756757,0.967741935483871
P1,43,1,0,5,False,0.6774292006584757,0.6733050726708911,0.5256802721088436,0.532258064516129,0.6804707933740192,0.4786851566512583,1.0,0.06451612903225806
P1,43,1,0,6,False,0.6660780670562229,0.6512629855246771,0.5624149659863946,0.6214036617262424,0.6874455100261552,0.6035373608903021,0.6621621621621622,0.5806451612903226
P1,43,1,0,7,False,0.6311119509779889,0.6642976749510993,0.6408163265306123,0.5882737576285963,0.6726242371403661,0.4856676342525399,0.33783783783783783,0.8387096774193549
P1,43,1,0,8,False,0.6043442078834571,0.6395320835567656,0.6840136054421768,0.6240191804707933,0.6595466434176112,0.6001367053998632,0.6351351351351351,0.6129032258064516
P1,43,1,0,9,False,0.540321103328668,0.704155902209736,0.7476190476190476,0.6181342632955537,0.6408020924149956,0.6262322015334064,0.9459459459459459,0.2903225806451613
P1,43,1,0,10,False,0.4974246140263507,0.6794263098921095,0.7695578231292517,0.5911072362685266,0.6717523975588492,0.5949074074074074,0.8918918918918919,0.2903225806451613
P1,43,1,0,11,False,0.44949113401237895,0.690927788402353,0.7850340136054421,0.5786835222319093,0.6595466434176112,0.5800000000000001,0.7702702702702703,0.3870967741935484
P1,43,1,0,12,False,0.3626197340407809,0.6612491599151067,0.857312925170068,0.6281604184829992,0.6782911944202267,0.6115388461153884,0.6756756756756757,0.5806451612903226
P1,43,1,0,13,False,0.3034126883831577,0.6907679261196227,0.8989795918367347,0.6161726242371404,0.6748038360941587,0.6085335542667771,0.7162162162162162,0.5161290322580645
P1,43,1,0,14,True,0.24649634640573878,0.7683591885580903,0.9326530612244899,0.6285963382737576,0.6700087183958152,0.6347402597402597,0.8378378378378378,0.41935483870967744
P1,43,1,0,15,False,0.21876612715963004,0.8099326915506806,0.9197278911564626,0.6285963382737576,0.6717523975588492,0.6347402597402597,0.8378378378378378,0.41935483870967744
P1,43,1,0,16,False,0.15776203104839231,0.9313520249688909,0.9761904761904762,0.5911072362685266,0.6687009590235397,0.5949074074074074,0.8918918918918919,0.2903225806451613
P1,43,1,0,17,False,0.09870155792737352,1.0763403468543575,0.9931972789115646,0.5656059285091543,0.6617262423714037,0.5616161616161617,0.9054054054054054,0.22580645161290322
P1,43,1,0,18,False,0.08861420962257661,1.0788435567791264,1.0,0.5843504795117699,0.6652136006974717,0.5874001774622892,0.8783783783783784,0.2903225806451613
P1,43,1,0,19,False,0.05289084334736285,0.964622530660459,1.0,0.5828247602441151,0.6926765475152572,0.5860389610389609,0.8108108108108109,0.3548387096774194
P1,43,1,0,20,False,0.05269262271568827,1.0969761628081047,0.9916666666666667,0.6166085440278989,0.6874455100261552,0.6244913059563447,0.8783783783783784,0.3548387096774194
P1,43,1,0,21,False,0.03425925513864427,1.0454367211798117,1.0,0.5963382737576286,0.6769834350479512,0.6011396011396011,0.8378378378378378,0.3548387096774194
P1,43,1,0,22,False,0.023265710064538436,1.1020558627677106,1.0,0.6098517872711422,0.6935483870967742,0.616601752677702,0.8648648648648649,0.3548387096774194
P1,43,1,0,23,False,0.02719784815962188,1.1701574985337044,1.0,0.5937227550130776,0.6826503923278117,0.5985941546429893,0.8648648648648649,0.3225806451612903
P1,43,1,0,24,False,0.018589325708107673,1.1499621405665363,1.0,0.5895815170008718,0.6996512641673932,0.5935483870967742,0.8243243243243243,0.3548387096774194
P1,43,1,0,25,False,0.014575959205771413,1.2740585355176812,1.0,0.5749782040104621,0.6931124673060157,0.5751207414175695,0.8918918918918919,0.25806451612903225
P1,43,1,0,26,False,0.01642070226551254,1.4600947787397585,1.0,0.5656059285091543,0.6778552746294682,0.5616161616161617,0.9054054054054054,0.22580645161290322
P1,43,1,1,1,False,0.7049684616235586,0.6831178069114685,0.49464703914352626,0.5432432432432432,0.6337837837837837,0.5077755240027046,0.9864864864864865,0.1
P1,43,1,1,2,False,0.6958544093828934,0.6861045085466825,0.5543660086985615,0.5,0.6644144144144144,0.41573033707865165,1.0,0.0
P1,43,1,1,3,False,0.684343193586056,0.6791455241350027,0.5676368908219025,0.5117117117117117,0.6873873873873874,0.40296296296296297,0.25675675675675674,0.7666666666666667
P1,43,1,1,4,False,0.6704910695552826,0.6688966338451092,0.5750529720084755,0.6099099099099099,0.6810810810810811,0.5495291902071563,0.4864864864864865,0.7333333333333333
P1,43,1,1,5,False,0.6526546100011239,0.6688553736760066,0.6124679379948701,0.5554054054054054,0.6878378378378378,0.45187239944521496,0.3108108108108108,0.8
P1,43,1,1,6,False,0.6357509688689158,0.6386432647705078,0.6598081855693096,0.6441441441441441,0.7036036036036036,0.6102564102564102,0.6216216216216216,0.6666666666666666
P1,43,1,1,7,False,0.5928806513547897,0.6847409170407516,0.6952157912345266,0.554954954954955,0.7054054054054054,0.41964285714285715,0.24324324324324326,0.8666666666666667
P1,43,1,1,8,False,0.5594370720478204,0.6107382659728711,0.7675922828147652,0.6648648648648648,0.7247747747747748,0.6504201680672269,0.7297297297297297,0.6
P1,43,1,1,9,False,0.47733286023139954,0.6254190389926617,0.8070146091223375,0.6018018018018019,0.7261261261261261,0.6018018018018019,0.7702702702702703,0.43333333333333335
P1,43,1,1,10,False,0.4701077863574028,0.622226364337481,0.7536522805843648,0.6545045045045045,0.7144144144144144,0.6306443429731101,0.6756756756756757,0.6333333333333333
P1,43,1,1,11,True,0.3649391967516679,0.6531533255026891,0.8690197390431582,0.681081081081081,0.7036036036036036,0.6475279106858054,0.6621621621621622,0.7
P1,43,1,1,12,False,0.2880823408754972,0.7223551204571357,0.8929965428794469,0.6184684684684685,0.6986486486486486,0.6172632987621278,0.7702702702702703,0.4666666666666667
P1,43,1,1,13,False,0.23354457290126726,0.7781582348621808,0.9256161480985836,0.6148648648648649,0.6936936936936937,0.6083916083916084,0.7297297297297297,0.5
P1,43,1,1,14,False,0.17724509780796674,0.8222674681590154,0.9318055090888815,0.5981981981981982,0.6846846846846847,0.59375,0.7297297297297297,0.4666666666666667
P1,43,1,1,15,False,0.15994337416039064,0.8684723595013986,0.9468049514887922,0.5815315315315315,0.695045045045045,0.5787629994526546,0.7297297297297297,0.43333333333333335
P1,43,1,1,16,False,0.10311810693775232,1.0611901054015527,0.9815991970558715,0.5684684684684684,0.6756756756756757,0.5696551724137932,0.7702702702702703,0.36666666666666664
P1,43,1,1,17,False,0.07176942428430685,1.1416185016815479,0.9850005576000892,0.5481981981981981,0.6509009009009009,0.5476748076279692,0.7297297297297297,0.36666666666666664
P1,43,1,1,18,False,0.048077035981875196,1.1278400650391212,0.9931972789115646,0.6117117117117117,0.6806306306306307,0.6093680954485197,0.7567567567567568,0.4666666666666667
P1,43,1,1,19,False,0.035336172476840705,1.0822919320601683,1.0,0.6315315315315315,0.6837837837837838,0.6227059325650874,0.7297297297297297,0.5333333333333333
P1,43,1,1,20,False,0.021209970725556977,1.2494215139975915,1.0,0.554954954954955,0.6761261261261261,0.5549549549549548,0.7432432432432432,0.36666666666666664
P1,43,1,1,21,False,0.017768169198041923,1.2982913868931623,1.0,0.554954954954955,0.6693693693693694,0.5549549549549548,0.7432432432432432,0.36666666666666664
P1,43,1,1,22,False,0.014354180902815782,1.2815005744879062,1.0,0.6117117117117117,0.6707207207207208,0.6093680954485197,0.7567567567567568,0.4666666666666667
P1,43,1,1,23,False,0.015578579533701906,1.3827031925320625,1.0,0.554954954954955,0.6585585585585586,0.5549549549549548,0.7432432432432432,0.36666666666666664
P1,43,1,2,1,False,0.7034837900166306,0.688135550438779,0.5351129818342933,0.5611872146118722,0.5538812785388127,0.5412955465587045,0.589041095890411,0.5333333333333333
P1,43,1,2,2,False,0.6946053339533829,0.6816559769574878,0.5393221089942402,0.5294520547945205,0.5726027397260274,0.4950980392156863,0.958904109589041,0.1
P1,43,1,2,3,False,0.6656796059540014,0.6993061535566756,0.5495680106335844,0.5312785388127854,0.5954337899543379,0.3184197530864198,0.0958904109589041,0.9666666666666667
P1,43,1,2,4,False,0.6536626537735952,0.6715259089053256,0.6097696056712449,0.5755707762557077,0.6041095890410959,0.5738336424596946,0.9178082191780822,0.23333333333333334
P1,43,1,2,5,False,0.6197132927378969,0.6659223541472722,0.6170801949490474,0.5582191780821918,0.6255707762557078,0.5438253167164486,0.6164383561643836,0.5
P1,43,1,2,6,False,0.5901260775242125,0.6427605840766314,0.7019273371732389,0.5865296803652968,0.6680365296803653,0.5846774193548387,0.7397260273972602,0.43333333333333335
P1,43,1,2,7,False,0.5551448144981165,0.6319845515547446,0.6821555161719096,0.5561643835616439,0.6812785388127854,0.5541125541125541,0.7123287671232876,0.4
P1,43,1,2,8,False,0.48305791673477755,0.7049548527569447,0.7776362428001773,0.5627853881278538,0.7027397260273973,0.5482456140350878,0.958904109589041,0.16666666666666666
P1,43,1,2,9,True,0.43165321298763515,0.6299612579993832,0.8398870181657067,0.6719178082191781,0.7050228310502283,0.6370683579985905,0.6438356164383562,0.7
P1,43,1,2,10,False,0.40066090491756295,0.6593394348922285,0.8413269827204253,0.5883561643835616,0.7287671232876712,0.5925632911392404,0.8767123287671232,0.3
P1,43,1,2,11,False,0.3167553240317477,0.6854349820359239,0.8890673460345591,0.6246575342465753,0.7123287671232876,0.6316438525095573,0.8493150684931506,0.4
P1,43,1,2,12,False,0.2671681323119898,0.6618735691876088,0.8924457244129376,0.6257990867579908,0.7091324200913242,0.6105042016806723,0.684931506849315,0.5666666666666667
P1,43,1,2,13,False,0.2214277729249457,0.8657377790478826,0.9170358883473637,0.5755707762557077,0.7278538812785388,0.5738336424596946,0.9178082191780822,0.23333333333333334
P1,43,1,2,14,False,0.1969665764256171,1.1135368274832236,0.9401860877270714,0.5657534246575342,0.682648401826484,0.5584626755358462,0.9315068493150684,0.2
P1,43,1,2,15,False,0.16869895151286035,0.9077947556393818,0.9242910943730616,0.5746575342465753,0.6735159817351598,0.5774358974358975,0.8493150684931506,0.3
P1,43,1,2,16,False,0.10441824733212804,0.9074831931915098,0.9768498006202924,0.6041095890410959,0.6689497716894978,0.6076190476190476,0.8082191780821918,0.4
P1,43,1,2,17,False,0.06819516270639794,0.9549250967294267,0.9884249003101462,0.5639269406392694,0.6753424657534246,0.5659241420830824,0.7945205479452054,0.3333333333333333
P1,43,1,2,18,False,0.07031642063632251,1.1522437140200903,0.9884249003101462,0.5716894977168949,0.6789954337899543,0.5727284892278871,0.8767123287671232,0.26666666666666666
P1,43,1,2,19,False,0.04330320199773286,1.242655348575231,0.9966216216216216,0.5785388127853881,0.6730593607305936,0.5801630434782609,0.8904109589041096,0.26666666666666666
P1,43,1,2,20,False,0.03171297728694512,1.2590720957344017,1.0,0.5481735159817351,0.6671232876712329,0.5451625853071056,0.863013698630137,0.23333333333333334
P1,43,1,2,21,False,0.019802524662258004,1.27161195758477,1.0,0.591324200913242,0.6493150684931507,0.596078431372549,0.8493150684931506,0.3333333333333333
P1,43,2,0,1,False,0.7183058719704116,0.7354545298076811,0.5064625850340136,0.5,0.6386224934612031,0.22794117647058823,0.0,1.0
P1,43,2,0,2,False,0.6930068673718954,0.688036178407215,0.5052721088435375,0.5518744551002616,0.6281604184829991,0.44716775599128544,0.2972972972972973,0.8064516129032258
P1,43,2,0,3,False,0.6884370333906533,0.6828929583231608,0.5532312925170069,0.5658238884045336,0.6115954664341761,0.5222397622806203,0.4864864864864865,0.6451612903225806
P1,43,2,0,4,False,0.67317828780787,0.6833484178497677,0.5727891156462586,0.4888840453356582,0.6002615518744551,0.43481434175713896,0.36486486486486486,0.6129032258064516
P1,43,2,0,5,False,0.6487247203859154,0.6650943778810047,0.6267006802721089,0.5427201394943331,0.5989537925021796,0.5333333333333333,0.8918918918918919,0.1935483870967742
P1,43,2,0,6,False,0.6081722377291048,0.6702782108670189,0.6578231292517007,0.5359633827375763,0.6146469049694856,0.5267762460233298,0.8783783783783784,0.1935483870967742
P1,43,2,0,7,False,0.5555544610760638,0.7213290066946121,0.7017006802721089,0.5039232781168265,0.5985178727114211,0.47187034277198214,0.4594594594594595,0.5483870967741935
P1,43,2,0,8,False,0.5036346777049816,0.7343317775499253,0.7767006802721088,0.5028334786399302,0.5963382737576286,0.4900932400932401,0.5540540540540541,0.45161290322580644
P1,43,2,0,9,False,0.4601797343452196,0.7531178531192598,0.7986394557823129,0.5453356582388841,0.6390584132519617,0.5408950617283951,0.8648648648648649,0.22580645161290322
P1,43,2,0,10,False,0.41670817655065784,0.7288513717197237,0.8387755102040817,0.5625544899738448,0.6464690496948562,0.5639241216747111,0.7702702702702703,0.3548387096774194
P1,43,2,0,11,False,0.35254816646161286,0.744056905451275,0.857312925170068,0.5625544899738448,0.6556233653007847,0.5639241216747111,0.7702702702702703,0.3548387096774194
P1,43,2,0,12,False,0.2794238010034469,0.7914890539078485,0.9277210884353742,0.6161726242371404,0.6564952048823016,0.6085335542667771,0.7162162162162162,0.5161290322580645
P1,43,2,0,13,False,0.2509645340235337,0.7677452677772159,0.9193877551020408,0.6094158674803836,0.6813426329555362,0.6006783842121493,0.7027027027027027,0.5161290322580645
P1,43,2,0,14,True,0.1870488517238322,0.7956085273197719,0.9545918367346938,0.6510462074978204,0.6878814298169137,0.6325367463253675,0.6891891891891891,0.6129032258064516
P1,43,2,0,15,False,0.15222965763962787,0.8624645585105533,0.9681972789115646,0.5786835222319093,0.6669572798605057,0.5800000000000001,0.7702702702702703,0.3870967741935484
P1,43,2,0,16,False,0.11158968853777733,0.8729024671372914,0.9848639455782313,0.6214036617262424,0.6822144725370531,0.6035373608903021,0.6621621621621622,0.5806451612903226
P1,43,2,0,17,False,0.0888284677684595,0.9470520394189017,0.9931972789115646,0.5959023539668701,0.6809067131647777,0.5850643428918837,0.6756756756756757,0.5161290322580645
P1,43,2,0,18,False,0.0543290839355061,1.0223449372109912,1.0,0.6068003487358327,0.6704446381865736,0.6022727272727273,0.7297297297297297,0.4838709677419355
P1,43,2,0,19,False,0.05111698982652259,1.1338007444427127,0.9965986394557823,0.5828247602441151,0.6721883173496077,0.5860389610389609,0.8108108108108109,0.3548387096774194
P1,43,2,0,20,False,0.03715892143295583,1.0847607096036276,1.0,0.6203138622493461,0.6761115954664342,0.6179366438356164,0.7567567567567568,0.4838709677419355
P1,43,2,0,21,False,0.02289044849826518,1.157636192866734,1.0,0.6176983435047951,0.6743679163034002,0.6187699416877545,0.7837837837837838,0.45161290322580644
P1,43,2,0,22,False,0.02462738028453024,1.1822102149327596,1.0,0.6161726242371404,0.6752397558849171,0.6085335542667771,0.7162162162162162,0.5161290322580645
P1,43,2,0,23,False,0.0201230364298259,1.2270746236755734,1.0,0.6203138622493461,0.6739319965126417,0.6179366438356164,0.7567567567567568,0.4838709677419355
P1,43,2,0,24,False,0.017325258809299283,1.2968350762412661,1.0,0.5760680034873583,0.6734960767218832,0.5786033711730306,0.7972972972972973,0.3548387096774194
P1,43,2,0,25,False,0.012984768568497637,1.30832568974722,1.0,0.5948125544899738,0.6721883173496077,0.5956650896688305,0.7702702702702703,0.41935483870967744
P1,43,2,0,26,False,0.014320069456086066,1.3874826987584432,1.0,0.5828247602441151,0.6612903225806451,0.5860389610389609,0.8108108108108109,0.3548387096774194
P1,43,2,1,1,False,0.6996151552750514,0.685510149368873,0.5430467268874762,0.6531531531531531,0.6427927927927928,0.6718301778542742,0.972972972972973,0.3333333333333333
P1,43,2,1,2,False,0.6971080647065089,0.6792407723573538,0.51427456228393,0.6166666666666667,0.6657657657657657,0.621937727200885,1.0,0.23333333333333334
P1,43,2,1,3,False,0.6785401082955874,0.6770568260779748,0.5625627300100368,0.5333333333333333,0.6905405405405406,0.4829545454545454,1.0,0.06666666666666667
P1,43,2,1,4,False,0.7008766004672418,0.6791340617033151,0.543381286941006,0.5333333333333333,0.7148648648648649,0.4829545454545454,1.0,0.06666666666666667
P1,43,2,1,5,False,0.6731636042778308,0.6484909974611722,0.5455001672800268,0.6490990990990991,0.7351351351351352,0.6581862446743761,0.8648648648648649,0.43333333333333335
P1,43,2,1,6,False,0.6249632548827392,0.6180746349004599,0.6696777071484331,0.659009009009009,0.7418918918918919,0.6663101604278074,0.8513513513513513,0.4666666666666667
P1,43,2,1,7,False,0.5799486545416025,0.6038645803928375,0.7006245120999219,0.6549549549549549,0.7495495495495496,0.6448997012377294,0.7432432432432432,0.5666666666666667
P1,43,2,1,8,False,0.539115751018891,0.5892376968493829,0.7306233968997435,0.6621621621621622,0.7617117117117117,0.6652873563218391,0.8243243243243243,0.5
P1,43,2,1,9,False,0.47505534841464114,0.6062215681259449,0.798817887810862,0.6837837837837838,0.7671171171171172,0.6233320625238277,0.5675675675675675,0.8
P1,43,2,1,10,False,0.44116077801355946,0.5989545171077435,0.7776290844206535,0.6869369369369369,0.7648648648648648,0.617033330186007,0.5405405405405406,0.8333333333333334
P1,43,2,1,11,False,0.3745231181383133,0.7154508874966548,0.8588156574105053,0.6058558558558559,0.7454954954954955,0.612886664099602,0.8783783783783784,0.3333333333333333
P1,43,2,1,12,False,0.3007152137848047,0.6004659751286874,0.9038139846102375,0.7117117117117118,0.7662162162162162,0.6941176470588236,0.7567567567567568,0.6666666666666666
P1,43,2,1,13,False,0.2684115727360432,0.620974050118373,0.941396230623397,0.7288288288288288,0.7684684684684685,0.7242598320813081,0.8243243243243243,0.6333333333333333
P1,43,2,1,14,False,0.22342968904055083,0.7763885007454798,0.9495929519348723,0.6558558558558558,0.7495495495495496,0.6666666666666667,0.8783783783783784,0.43333333333333335
P1,43,2,1,15,False,0.15819797278023684,0.8449767845181319,0.9761904761904762,0.6558558558558558,0.7585585585585586,0.6666666666666667,0.8783783783783784,0.43333333333333335
P1,43,2,1,16,False,0.12389580575892559,0.8180634771975187,0.9884019181443069,0.6657657657657658,0.7617117117117117,0.6748436748436749,0.8648648648648649,0.4666666666666667
P1,43,2,1,17,False,0.11401040415064646,0.7913016952001132,0.9700011152001784,0.6923423423423423,0.7635135135135135,0.6979202974323225,0.8513513513513513,0.5333333333333333
P1,43,2,1,18,False,0.08642523112491919,0.9689143062211,0.9897959183673469,0.6423423423423423,0.7472972972972973,0.6498316498316498,0.8513513513513513,0.43333333333333335
P1,43,2,1,19,True,0.09351299645809028,0.8263711794637717,0.9850005576000892,0.7387387387387387,0.7576576576576577,0.7291666666666667,0.8108108108108109,0.6666666666666666
P1,43,2,1,20,False,0.05275256824321472,0.9494008106681017,0.9965986394557823,0.6756756756756757,0.7481981981981982,0.6823308270676691,0.8513513513513513,0.5
P1,43,2,1,21,False,0.047645512431000285,1.05998513303124,0.9965986394557823,0.6490990990990991,0.7495495495495496,0.6581862446743761,0.8648648648648649,0.43333333333333335
P1,43,2,1,22,False,0.04469282541853877,0.8676191823413739,1.0,0.7085585585585585,0.7635135135135135,0.697902097902098,0.7837837837837838,0.6333333333333333
P1,43,2,1,23,False,0.03181195388046595,0.9526453359195819,1.0,0.6621621621621622,0.7558558558558559,0.6652873563218391,0.8243243243243243,0.5
P1,43,2,1,24,False,0.0316184028589095,0.9005718139501718,1.0,0.6986486486486486,0.7612612612612613,0.6926108374384237,0.7972972972972973,0.6
P1,43,2,1,25,False,0.025277481862128928,0.9293861091136932,1.0,0.6918918918918919,0.7599099099099099,0.6840277777777777,0.7837837837837838,0.6
P1,43,2,1,26,False,0.02333978248330263,1.0055789216779745,1.0,0.6788288288288289,0.7558558558558559,0.6805824138323285,0.8243243243243243,0.5333333333333333
P1,43,2,1,27,False,0.017655853343267854,1.0266821100734747,1.0,0.6954954954954955,0.7531531531531531,0.6954954954954955,0.8243243243243243,0.5666666666666667
P1,43,2,1,28,False,0.01368150116580252,1.1884895637631416,1.0,0.6490990990990991,0.745945945945946,0.6581862446743761,0.8648648648648649,0.43333333333333335
P1,43,2,1,29,False,0.0176879835064308,1.1380956438011849,1.0,0.659009009009009,0.75,0.6663101604278074,0.8513513513513513,0.4666666666666667
P1,43,2,1,30,False,0.012935711787297176,1.0686698931340988,1.0,0.6689189189189189,0.7545045045045045,0.6737539212269084,0.8378378378378378,0.5
P1,43,2,1,31,False,0.01233120034269702,1.0709653161466122,1.0,0.6855855855855856,0.7545045045045045,0.6891954022988505,0.8378378378378378,0.5333333333333333
P1,43,2,2,1,False,0.6927987776304546,0.6866650581359863,0.5316238369517058,0.5,0.5744292237442923,0.41477272727272724,1.0,0.0
P1,43,2,2,2,False,0.7100116251188032,0.6899491357571871,0.5108551174124945,0.5,0.6114155251141552,0.41477272727272724,1.0,0.0
P1,43,2,2,3,False,0.70639505511836,0.6729384151477258,0.5330084182543199,0.5815068493150685,0.6771689497716895,0.5849473547380736,0.863013698630137,0.3
P1,43,2,2,4,False,0.6821749133356451,0.6764675077882786,0.5206025697828977,0.5166666666666667,0.6968036529680365,0.44940092165898615,1.0,0.03333333333333333
P1,43,2,2,5,False,0.6802704898934615,0.7006697284365163,0.5533894550287992,0.5166666666666667,0.7223744292237443,0.44940092165898615,1.0,0.03333333333333333
P1,43,2,2,6,False,0.642566429656088,0.6519978717692847,0.5939299955693398,0.6319634703196347,0.7611872146118721,0.5335849056603774,0.3972602739726027,0.8666666666666667
P1,43,2,2,7,True,0.6637135116677535,0.6220229389598069,0.6021267168808153,0.763013698630137,0.7844748858447489,0.7258394758394757,0.726027397260274,0.8
P1,43,2,2,8,False,0.6168327210337351,0.6134832495624579,0.632864421798848,0.5990867579908675,0.7876712328767124,0.6032244257383365,0.9315068493150684,0.26666666666666666
P1,43,2,2,9,False,0.5671043196363312,0.5730739698826688,0.698604342046965,0.6952054794520548,0.8009132420091324,0.7078554692317178,0.8904109589041096,0.5
P1,43,2,2,10,False,0.5047895857021569,0.567275724075373,0.7540429774036331,0.7121004566210045,0.815068493150685,0.6698717948717949,0.6575342465753424,0.7666666666666667
P1,43,2,2,11,False,0.4411260716652756,0.5551519281077153,0.8027248560035445,0.730593607305936,0.7958904109589041,0.7190398254228041,0.7945205479452054,0.6666666666666666
P1,43,2,2,12,False,0.4120435115823335,0.5638601713388869,0.7738147984049624,0.7493150684931507,0.8031963470319635,0.7080971659919029,0.6986301369863014,0.8
P1,43,2,2,13,False,0.37330653703811634,0.5527528084597542,0.8639787328311919,0.730593607305936,0.7936073059360731,0.7190398254228041,0.7945205479452054,0.6666666666666666
P1,43,2,2,14,False,0.2792937487149923,0.6385865842254417,0.936807709348693,0.6657534246575343,0.7908675799086758,0.682992104911013,0.9315068493150684,0.4
P1,43,2,2,15,False,0.23771601772764653,0.5660609244142921,0.9252326096588392,0.6942922374429223,0.7972602739726027,0.6942922374429223,0.821917808219178,0.5666666666666667
P1,43,2,2,16,False,0.16645214332347852,0.6089567495781241,0.9652747009304385,0.6481735159817352,0.7881278538812785,0.6570477247502775,0.863013698630137,0.43333333333333335
P1,43,2,2,17,False,0.16709815517388749,0.6230821678939374,0.9604563579973416,0.6776255707762557,0.7867579908675799,0.6793497059840885,0.821917808219178,0.5333333333333333
P1,43,2,2,18,False,0.09250005672387245,0.8263292263433771,0.9932432432432432,0.5922374429223745,0.7812785388127854,0.595398428731762,0.9178082191780822,0.26666666666666666
P1,43,2,2,19,False,0.09058082745406046,0.6931912812214454,0.9850465219317679,0.660958904109589,0.7799086757990867,0.6640260950605779,0.821917808219178,0.5
P1,43,3,0,1,False,0.7181142889536344,0.7028211275736491,0.49492583918813426,0.5,0.5915431560592851,0.22794117647058823,0.0,1.0
P1,43,3,0,2,False,0.7022785085898179,0.6846644918123881,0.5089216014274562,0.5161290322580645,0.6442894507410637,0.44698033707865165,1.0,0.03225806451612903
P1,43,3,0,3,False,0.7096055654379038,0.6792001684506734,0.4754655960744954,0.5483870967741935,0.6687009590235397,0.5086898395721925,1.0,0.0967741935483871
P1,43,3,0,4,False,0.6785937662308033,0.6797707762037005,0.5448868071818891,0.5379250217959896,0.6721883173496077,0.3326060146096196,0.10810810810810811,0.967741935483871
P1,43,3,0,5,False,0.6351566922206145,0.6758545807429722,0.6777629084420653,0.5967741935483871,0.6447253705318221,0.5899078269020466,1.0,0.1935483870967742
P1,43,3,0,6,False,0.6023893791895646,0.6902452945709229,0.6522248243559718,0.6248910200523103,0.6442894507410637,0.6344520261801978,0.9594594594594594,0.2903225806451613
P1,43,3,0,7,False,0.6162906357875237,0.6556646085920788,0.6430801828928293,0.6218395815170009,0.6608544027898866,0.6267629858961129,0.8243243243243243,0.41935483870967744
P1,43,3,0,8,False,0.5534448944605314,0.6431459614208767,0.704806512769042,0.6135571054925893,0.6739319965126417,0.6100795755968169,0.7432432432432432,0.4838709677419355
P1,43,3,0,9,False,0.5073694426279801,0.6308176348606745,0.7470168395226944,0.6567131647776809,0.6987794245858762,0.6567131647776809,0.7972972972972973,0.5161290322580645
P1,43,3,0,10,False,0.4355563550041272,0.6813336460363297,0.7782424445187911,0.6386224934612031,0.6795989537925021,0.5948235294117646,0.5675675675675675,0.7096774193548387
P1,43,3,0,11,False,0.3814004476253803,0.6766848547118051,0.8425894948143191,0.6660854402789886,0.6900610287707062,0.6628852739726028,0.7837837837837838,0.5483870967741935
P1,43,3,0,12,False,0.36238747433974194,0.7053868753569467,0.8316047730567637,0.6588927637314734,0.6817785527462947,0.6198551829268293,0.6081081081081081,0.7096774193548387
P1,43,3,0,13,False,0.3156235945912508,0.7668119718453714,0.9079959852793577,0.6957279860505667,0.6695727986050567,0.6938775510204083,0.8108108108108109,0.5806451612903226
P1,43,3,0,14,False,0.2514841358822126,0.7867467747114244,0.912010705921713,0.6447253705318221,0.6857018308631212,0.6508427932576539,0.8378378378378378,0.45161290322580644
P1,43,3,0,15,False,0.23199727873389536,0.815396228512483,0.9263967882234861,0.6634699215344377,0.6774193548387096,0.6649796457256024,0.8108108108108109,0.5161290322580645
P1,43,3,0,16,True,0.18064587083286965,0.7984110060369685,0.9420095907215345,0.7129468177855275,0.6865736704446382,0.6870031796502385,0.7162162162162162,0.7096774193548387
P1,43,3,0,17,False,0.1530561070316113,0.856948831296038,0.9591836734693877,0.6822144725370531,0.6761115954664342,0.676923076923077,0.7837837837837838,0.5806451612903226
P1,43,3,0,18,False,0.13828854599537757,0.8694868648047781,0.9734024757443961,0.6754577157802965,0.6909328683522232,0.6685606060606061,0.7702702702702703,0.5806451612903226
P1,43,3,0,19,False,0.11124295691171518,0.9816183639047223,0.9747964759674361,0.6728421970357454,0.6843940714908456,0.6712018140589568,0.7972972972972973,0.5483870967741935
P1,43,3,0,20,False,0.07068037599898301,1.1513353917548166,0.9931972789115646,0.6421098517872712,0.6621621621621622,0.650997150997151,0.8648648648648649,0.41935483870967744
P1,43,3,0,21,False,0.06856140587478876,1.065239894685025,0.9850005576000892,0.6660854402789886,0.6647776809067132,0.6628852739726028,0.7837837837837838,0.5483870967741935
P1,43,3,0,22,False,0.06270948507321569,1.06640077251054,0.9815991970558715,0.6593286835222318,0.6713164777680907,0.6546419098143237,0.7702702702702703,0.5483870967741935
P1,43,3,0,23,False,0.05804231008872963,1.1475945317397072,0.9815991970558715,0.6499564080209241,0.6734960767218832,0.6485260770975056,0.7837837837837838,0.5161290322580645
P1,43,3,0,24,False,0.037643204586437114,1.259841138456804,0.9965986394557823,0.6285963382737576,0.6639058413251961,0.6347402597402597,0.8378378378378378,0.41935483870967744
P1,43,3,0,25,False,0.03840878628230152,1.253764731379176,1.0,0.6338273757628596,0.6608544027898866,0.6338273757628596,0.7837837837837838,0.4838709677419355
P1,43,3,0,26,False,0.036590066308585495,1.2604505843457965,0.9965986394557823,0.6499564080209241,0.6665213600697472,0.6485260770975056,0.7837837837837838,0.5161290322580645
P1,43,3,0,27,False,0.029974913502183672,1.256076117300836,0.9918032786885246,0.6499564080209241,0.6774193548387096,0.6485260770975056,0.7837837837837838,0.5161290322580645
P1,43,3,0,28,False,0.018246691584443815,1.2843552708344457,1.0,0.6499564080209241,0.6752397558849171,0.6485260770975056,0.7837837837837838,0.5161290322580645
P1,43,3,1,1,False,0.7064893153997568,0.7051591850462414,0.5071930411508866,0.5,0.5819529206625981,0.4134078212290503,1.0,0.0
P1,43,3,1,2,False,0.6829181829324136,0.6951579565093631,0.5776736924277908,0.5135135135135135,0.5998256320836965,0.2576590730557738,0.02702702702702703,1.0
P1,43,3,1,3,False,0.6786753283097193,0.6761458192552839,0.580015612802498,0.5656059285091543,0.6063644289450741,0.5616161616161617,0.9054054054054054,0.22580645161290322
P1,43,3,1,4,False,0.6582921078571906,0.6670722598121279,0.6070592171294747,0.6004795117698344,0.6129032258064516,0.60625,0.8783783783783784,0.3225806451612903
P1,43,3,1,5,False,0.6378850409617791,0.6601001291047959,0.6302553808408609,0.5802092414995641,0.6172624237140366,0.583583703881745,0.8378378378378378,0.3225806451612903
P1,43,3,1,6,False,0.5842285855458333,0.6502303725197202,0.6936545109847218,0.5501307759372276,0.6499564080209241,0.5425068395987436,0.6486486486486487,0.45161290322580644
P1,43,3,1,7,False,0.5937588765070989,0.6547400400752112,0.6680049068807851,0.5937227550130776,0.6630340017436792,0.5985941546429893,0.8648648648648649,0.3225806451612903
P1,43,3,1,8,False,0.5676654474093363,0.6499005783171881,0.7006245120999219,0.6338273757628596,0.6569311246730601,0.6338273757628596,0.7837837837837838,0.4838709677419355
P1,43,3,1,9,False,0.47873284954291123,0.6637262446539742,0.7912345265975242,0.6150828247602441,0.6700087183958152,0.6188747731397459,0.8108108108108109,0.41935483870967744
P1,43,3,1,10,False,0.40067866158026916,0.6715990801652273,0.8506189360990297,0.6244551002615518,0.6865736704446382,0.6266666666666667,0.7972972972972973,0.45161290322580644
P1,43,3,1,11,False,0.3658584293264609,0.766619062423706,0.85758893721423,0.5573234524847428,0.6691368788142982,0.5583463526018508,0.8243243243243243,0.2903225806451613
P1,43,3,1,12,False,0.28882828469459826,0.8396794736385346,0.9195940671350508,0.5479511769834351,0.6787271142109852,0.5467998520162782,0.8378378378378378,0.25806451612903225
P1,43,3,1,13,False,0.2684004083275795,0.8378946608730725,0.8820118211218914,0.5599389712292938,0.6599825632083697,0.5616883116883117,0.7972972972972973,0.3225806451612903
P1,43,3,1,14,False,0.19515735283493996,0.9819678164486374,0.9686071149771384,0.5224498692240628,0.6604184829991282,0.5138888888888888,0.8513513513513513,0.1935483870967742
P1,43,3,1,15,True,0.1821364276111126,0.8590662453855787,0.9563956730233076,0.6405841325196164,0.6708805579773321,0.6418747937066783,0.7972972972972973,0.4838709677419355
P1,43,3,1,16,False,0.12113707620077409,0.9501039768790915,0.9850005576000892,0.6150828247602441,0.6678291194420227,0.6188747731397459,0.8108108108108109,0.41935483870967744
P1,43,3,1,17,False,0.09055294941824216,1.2726133556703905,0.9884019181443069,0.5520924149956408,0.6708805579773321,0.5477091763477353,0.8783783783783784,0.22580645161290322
P1,43,3,1,18,False,0.0811163758715758,1.0696539677856933,0.9965986394557823,0.5573234524847428,0.6778552746294682,0.5583463526018508,0.8243243243243243,0.2903225806451613
P1,43,3,1,19,False,0.057220739097549364,1.1578663317752735,1.0,0.5411944202266783,0.6748038360941587,0.5399221032132425,0.8243243243243243,0.25806451612903225
P1,43,3,1,20,False,0.052287655166135386,1.2638887306032258,0.9965986394557823,0.5411944202266783,0.6769834350479512,0.5399221032132425,0.8243243243243243,0.25806451612903225
P1,43,3,1,21,False,0.03349989459205132,1.2205927244165824,1.0,0.5895815170008718,0.6687009590235397,0.5935483870967742,0.8243243243243243,0.3548387096774194
P1,43,3,1,22,False,0.024764546784214102,1.167817536306878,1.0,0.6150828247602441,0.6748038360941587,0.6188747731397459,0.8108108108108109,0.41935483870967744
P1,43,3,1,23,False,0.023046834197325203,1.280770677181759,1.0,0.5963382737576286,0.6695727986050567,0.6011396011396011,0.8378378378378378,0.3548387096774194
P1,43,3,1,24,False,0.019259538519411132,1.3720819822418326,1.0,0.5802092414995641,0.6687009590235397,0.583583703881745,0.8378378378378378,0.3225806451612903
P1,43,3,1,25,False,0.01330379369811943,1.380031250405591,1.0,0.5802092414995641,0.6660854402789886,0.583583703881745,0.8378378378378378,0.3225806451612903
P1,43,3,1,26,False,0.013328471292669956,1.3050334451520549,1.0,0.6057105492589363,0.6704446381865736,0.6103896103896104,0.8243243243243243,0.3870967741935484
P1,43,3,1,27,False,0.012635715126704711,1.5136340200870542,1.0,0.5547079337401918,0.6756756756756757,0.55375,0.8513513513513513,0.25806451612903225
P1,43,3,2,1,False,0.712259064401899,0.6973034004563267,0.46556233653007845,0.5,0.55662100456621,0.2255639097744361,0.0,1.0
P1,43,3,2,2,False,0.6997637555712746,0.6846433061997867,0.5051220575414124,0.5904109589041096,0.5899543378995433,0.5920316868592731,0.7808219178082192,0.4
P1,43,3,2,3,False,0.701885081472851,0.6776888949199787,0.45368352223190933,0.5657534246575342,0.6127853881278539,0.5584626755358462,0.9315068493150684,0.2
P1,43,3,2,4,False,0.6601584604808263,0.6705624744730089,0.597972972972973,0.6059360730593607,0.6461187214611872,0.6112078977932636,0.9452054794520548,0.26666666666666666
P1,43,3,2,5,False,0.6608715352557955,0.6610378420468673,0.625,0.630593607305936,0.6625570776255708,0.6318459587224721,0.7945205479452054,0.4666666666666667
P1,43,3,2,6,False,0.6180476319222223,0.6461027374545347,0.6593286835222318,0.6089041095890411,0.6776255707762557,0.6161490683229813,0.9178082191780822,0.3
P1,43,3,2,7,False,0.5725389605476743,0.6282129918487327,0.7058631211857018,0.6561643835616437,0.6990867579908676,0.6404316090130118,0.7123287671232876,0.6
P1,43,3,2,8,True,0.5395553838639032,0.6167126662522844,0.7698343504795118,0.6707762557077626,0.7187214611872146,0.6707762557077626,0.8082191780821918,0.5333333333333333
P1,43,3,2,9,False,0.47574803701468876,0.627021759459116,0.8213818657367045,0.654109589041096,0.7164383561643836,0.6555978323532803,0.8082191780821918,0.5
P1,43,3,2,10,False,0.3989438977979478,0.643365875899213,0.8658456843940715,0.6511415525114155,0.736986301369863,0.6566666666666666,0.8356164383561644,0.4666666666666667
P1,43,3,2,11,False,0.34938791876747494,0.6684411116016721,0.8720575414123801,0.6561643835616437,0.708675799086758,0.6404316090130118,0.7123287671232876,0.6
P1,43,3,2,12,False,0.27202747967981156,0.6965704143626018,0.9178291194420227,0.6198630136986301,0.7146118721461188,0.614656690140845,0.7397260273972602,0.5
P1,43,3,2,13,False,0.27002037337848117,0.7334956758230635,0.8775065387968615,0.64337899543379,0.7187214611872146,0.6373239436619719,0.7534246575342466,0.5333333333333333
P1,43,3,2,14,False,0.20220544579483213,0.7695015923490802,0.9440932868352223,0.6374429223744292,0.7278538812785388,0.6400279589934762,0.8082191780821918,0.4666666666666667
P1,43,3,2,15,False,0.18222074097111113,0.8457061168059562,0.9636006974716652,0.6511415525114155,0.7219178082191781,0.6566666666666666,0.8356164383561644,0.4666666666666667
P1,43,3,2,16,False,0.12209594721595446,0.9445089738345841,0.970357454228422,0.6285388127853881,0.7232876712328767,0.6385025347718705,0.8904109589041096,0.36666666666666664
P1,43,3,2,17,False,0.11096220633813313,0.9449369392348724,0.9737358326068004,0.6383561643835616,0.7315068493150685,0.6481973434535104,0.8767123287671232,0.4
P1,43,3,2,18,False,0.08820619724158729,0.8983200823219077,0.9818003487358327,0.623744292237443,0.7315068493150685,0.623744292237443,0.7808219178082192,0.4666666666666667
P1,43,3,2,19,False,0.0846687760026682,0.9308594957138728,0.9737358326068004,0.6374429223744292,0.7296803652968037,0.6400279589934762,0.8082191780821918,0.4666666666666667
P1,43,3,2,20,False,0.06385958216463526,1.0429011727999715,0.9737358326068004,0.6315068493150685,0.7479452054794521,0.6398601398601399,0.863013698630137,0.4
P1,43,4,0,1,False,0.6941708108553519,0.6870650104113988,0.4843871975019516,0.5180906713164778,0.6150828247602441,0.3964966700118602,0.22972972972972974,0.8064516129032258
P1,43,4,0,2,False,0.725330976339487,0.6954407606806073,0.47875543660086983,0.5,0.6320836965998257,0.4134078212290503,1.0,0.0
P1,43,4,0,3,False,0.6853825747966766,0.6866980308578128,0.5328426452548233,0.5067567567567568,0.6634699215344376,0.24296296296296296,0.013513513513513514,1.0
P1,43,4,0,4,False,0.6703951152471396,0.6722954131308057,0.6307572209211554,0.5483870967741935,0.7066259808195292,0.5086898395721925,1.0,0.0967741935483871
P1,43,4,0,5,False,0.6481110820403466,0.6494040483520145,0.6130812980930077,0.5963382737576286,0.7340889276373147,0.6011396011396011,0.8378378378378378,0.3548387096774194
P1,43,4,0,6,False,0.6289085241464468,0.6220060212271554,0.6206646593063455,0.6270706190061028,0.7454228421970357,0.6258503401360545,0.7702702702702703,0.4838709677419355
P1,43,4,0,7,False,0.6139329717709467,0.619292950630188,0.671238987398238,0.6370967741935484,0.7515257192676548,0.5744288872512897,0.5,0.7741935483870968
P1,43,4,0,8,False,0.5458119184925005,0.5871878374190558,0.7538195606111298,0.6540976460331299,0.7480383609415867,0.6582107980693681,0.8243243243243243,0.4838709677419355
P1,43,4,0,9,False,0.46325089553227794,0.5843386177505766,0.7784097245455559,0.6931124673060156,0.7484742807323452,0.6966666666666665,0.8378378378378378,0.5483870967741935
P1,43,4,0,10,False,0.4234952995410332,0.6052648758604413,0.8241886918701906,0.6822144725370531,0.7362685265911072,0.676923076923077,0.7837837837837838,0.5806451612903226
P1,43,4,0,11,False,0.366896910736194,0.6249087200987906,0.8364001338240215,0.6724062772449869,0.7393199651264167,0.6365384615384615,0.6351351351351351,0.7096774193548387
P1,43,4,0,12,True,0.32625275735671705,0.6356860184953326,0.8534069365451098,0.7051002615518744,0.7445510026155188,0.6992042440318302,0.7972972972972973,0.6129032258064516
P1,43,4,0,13,False,0.26296194556813973,0.7059866275106158,0.9393888703022193,0.6743679163034002,0.7380122057541413,0.6834415584415585,0.8648648648648649,0.4838709677419355
P1,43,4,0,14,False,0.21103284393365568,0.7011694263134683,0.9318055090888815,0.7024847428073235,0.7380122057541413,0.7024847428073235,0.8243243243243243,0.5806451612903226
P1,43,4,0,15,False,0.17571245363125435,0.8201262394232409,0.9447975911676145,0.6582388840453357,0.7384481255448997,0.6674486803519062,0.8648648648648649,0.45161290322580644
P1,43,4,0,16,False,0.15061975399462077,0.795453593205838,0.9727891156462585,0.6488666085440279,0.7454228421970357,0.6592957577214277,0.8783783783783784,0.41935483870967744
P1,43,4,0,17,False,0.10164468441731654,0.7887867925067743,0.9815991970558715,0.6863557105492589,0.7428073234524848,0.6880844977445264,0.8243243243243243,0.5483870967741935
P1,43,4,0,18,False,0.09489557727311666,0.8058851405978202,0.9815991970558715,0.6593286835222318,0.7362685265911072,0.6546419098143237,0.7702702702702703,0.5483870967741935
P1,43,4,0,19,False,0.06883087338736424,0.8936543952496279,0.9965986394557823,0.6379686137750654,0.7375762859633828,0.6426950998185117,0.8243243243243243,0.45161290322580644
P1,43,4,0,20,False,0.05317960099245493,1.010432102318321,0.9965986394557823,0.6368788142981692,0.7371403661726242,0.6489197530864197,0.918918918918919,0.3548387096774194
P1,43,4,0,21,False,0.05327963144876636,0.9151204159217221,0.9965986394557823,0.6567131647776809,0.7393199651264167,0.6567131647776809,0.7972972972972973,0.5161290322580645
P1,43,4,0,22,False,0.036656545367665015,0.976867406389543,0.9965986394557823,0.6327375762859634,0.7428073234524848,0.642161635832522,0.8783783783783784,0.3870967741935484
P1,43,4,0,23,False,0.027784562365223583,0.9855192045548132,1.0,0.6608544027898866,0.7380122057541413,0.6665154264972777,0.8378378378378378,0.4838709677419355
P1,43,4,0,24,False,0.02244471163990406,1.044850715622306,1.0,0.6421098517872712,0.7384481255448997,0.650997150997151,0.8648648648648649,0.41935483870967744
P1,43,4,1,1,False,0.6967044472694397,0.690963305745806,0.5144418423106948,0.489537925021796,0.597646033129904,0.3107651912978245,0.10810810810810811,0.8709677419354839
P1,43,4,1,2,False,0.6912492651205796,0.6869952411878677,0.5448868071818891,0.5538360941586749,0.588055797733217,0.5238095238095237,0.527027027027027,0.5806451612903226
P1,43,4,1,3,False,0.6872775508807256,0.6867217699686686,0.5528047284487565,0.5523103748910201,0.581081081081081,0.5054945054945055,0.4594594594594595,0.6451612903225806
P1,43,4,1,4,False,0.6753619473714095,0.681182861328125,0.6052191368350619,0.536617262423714,0.5867480383609416,0.5275472452754724,0.6216216216216216,0.45161290322580644
P1,43,4,1,5,False,0.6356580841999787,0.8411329780306135,0.6110739377718301,0.5,0.6085440278988666,0.22794117647058823,0.0,1.0
P1,43,4,1,6,False,0.6329393627551886,0.6757431444667634,0.6366120218579234,0.5775937227550131,0.6155187445510026,0.5800000000000001,0.8648648648648649,0.2903225806451613
P1,43,4,1,7,False,0.5976330007498081,0.6791534469241187,0.6750864280138285,0.6469049694856146,0.6377506538796861,0.6206425153793574,0.6486486486486487,0.6451612903225806
P1,43,4,1,8,False,0.5646669910504267,0.6998721077328637,0.7320173971227835,0.6235832606800349,0.6578029642545772,0.5570432868672048,0.47297297297297297,0.7741935483870968
P1,43,4,1,9,False,0.5005694776773453,0.6652527877262661,0.7536522805843648,0.6000435919790759,0.6708805579773321,0.594509967644296,0.7162162162162162,0.4838709677419355
P1,43,4,1,10,False,0.44624465703964233,0.693019792011806,0.8064012490241999,0.5895815170008718,0.6800348735832606,0.5935483870967742,0.8243243243243243,0.3548387096774194
P1,43,4,1,11,False,0.3865748340120682,0.7042065041405814,0.8554142968662874,0.6323016564952049,0.6726242371403661,0.6222633364168979,0.7162162162162162,0.5483870967741935
P1,43,4,1,12,False,0.3195296500164729,0.7270604701269241,0.8806178208988513,0.6510462074978204,0.6765475152571927,0.6325367463253675,0.6891891891891891,0.6129032258064516
P1,43,4,1,13,False,0.26216231716366917,0.8134396303267706,0.8990186238429798,0.5880557977332171,0.6608544027898866,0.588055797733217,0.7567567567567568,0.41935483870967744
P1,43,4,1,14,False,0.20190335867496637,0.8197267855916704,0.9468049514887922,0.6458151700087184,0.6748038360941587,0.6383467278989667,0.7432432432432432,0.5483870967741935
P1,43,4,1,15,True,0.16111014052652395,0.8412905465988886,0.9570090331214454,0.6900610287707062,0.6765475152571927,0.6661367249602543,0.7027027027027027,0.6774193548387096
P1,43,4,1,16,False,0.14731484307692602,0.9198115067822593,0.9686071149771384,0.6041848299912816,0.6726242371403661,0.6031746031746033,0.7567567567567568,0.45161290322580644
P1,43,4,1,17,False,0.09744639429621972,1.001106221902938,0.9686071149771384,0.6109415867480383,0.6665213600697472,0.6109415867480383,0.7702702702702703,0.45161290322580644
P1,43,4,1,18,False,0.08965183819572513,0.9875624514761425,0.9754098360655737,0.6338273757628596,0.6826503923278117,0.6338273757628596,0.7837837837837838,0.4838709677419355
P1,43,4,1,19,False,0.06153763013963516,1.0740598174787703,1.0,0.5880557977332171,0.6752397558849171,0.588055797733217,0.7567567567567568,0.41935483870967744
P1,43,4,1,20,False,0.05761341320780607,1.0865068078041076,0.9918032786885246,0.6176983435047951,0.6765475152571927,0.6187699416877545,0.7837837837837838,0.45161290322580644
P1,43,4,1,21,False,0.04227203492505046,1.1448537518580755,0.9918032786885246,0.6150828247602441,0.6848299912816042,0.6188747731397459,0.8108108108108109,0.41935483870967744
P1,43,4,1,22,False,0.03393709641666366,1.1385157021738235,1.0,0.6109415867480383,0.6717523975588492,0.6109415867480383,0.7702702702702703,0.45161290322580644
P1,43,4,1,23,False,0.03660047942629227,1.250364107957908,0.9965986394557823,0.6057105492589363,0.6782911944202267,0.6103896103896104,0.8243243243243243,0.3870967741935484
P1,43,4,1,24,False,0.026422710748962484,1.2441558785026983,1.0,0.6041848299912816,0.6625980819529207,0.6031746031746033,0.7567567567567568,0.45161290322580644
P1,43,4,1,25,False,0.02159844696199378,1.3041485425971804,1.0,0.5895815170008718,0.6739319965126417,0.5935483870967742,0.8243243243243243,0.3548387096774194
P1,43,4,1,26,False,0.01866488497202786,1.3497625995249976,1.0,0.5895815170008718,0.6804707933740192,0.5935483870967742,0.8243243243243243,0.3548387096774194
P1,43,4,1,27,False,0.01956518715283332,1.313832180592276,1.0,0.6109415867480383,0.6621621621621622,0.6109415867480383,0.7702702702702703,0.45161290322580644
P1,43,4,2,1,False,0.7129634976387024,0.7111638518213068,0.46687009590235395,0.5,0.6095890410958904,0.2255639097744361,0.0,1.0
P1,43,4,2,2,False,0.7144868402254014,0.6787707423700869,0.47733217088055796,0.5833333333333334,0.6529680365296804,0.5697577276524646,1.0,0.16666666666666666
P1,43,4,2,3,False,0.6827256469499497,0.6828059664050352,0.5652789886660854,0.5312785388127854,0.6899543378995434,0.3184197530864198,0.0958904109589041,0.9666666666666667
P1,43,4,2,4,False,0.6810017341659182,0.6674252204524661,0.5452266782911944,0.5682648401826484,0.6990867579908676,0.48465968092136313,0.3698630136986301,0.7666666666666667
P1,43,4,2,5,False,0.6388369722025735,0.650117489898089,0.6567131647776809,0.6029680365296803,0.7155251141552511,0.6046368800859818,0.9726027397260274,0.23333333333333334
P1,43,4,2,6,False,0.6437696706681024,0.629402562831212,0.6214036617262424,0.673972602739726,0.7529680365296804,0.6119965227470299,0.547945205479452,0.8
P1,43,4,2,7,False,0.5966841124352955,0.628620607760346,0.6696817785527462,0.6721461187214612,0.7817351598173516,0.562942008486563,0.410958904109589,0.9333333333333333
P1,43,4,2,8,False,0.54912491611072,0.5751607493289466,0.7407367044463818,0.7031963470319634,0.7917808219178082,0.6840156564053739,0.7397260273972602,0.6666666666666666
P1,43,4,2,9,False,0.5194401582082112,0.623964967079533,0.730819529206626,0.6614155251141552,0.7872146118721461,0.5335849056603774,0.3561643835616438,0.9666666666666667
P1,43,4,2,10,False,0.4643414530016127,0.552667138067264,0.7938099389712292,0.7070776255707762,0.7986301369863014,0.6965630114566286,0.7808219178082192,0.6333333333333333
P1,43,4,2,11,True,0.41213901326769875,0.5661689534928035,0.7979511769834351,0.7413242009132419,0.7780821917808219,0.7413242009132419,0.8493150684931506,0.6333333333333333
P1,43,4,2,12,False,0.3731363256772359,0.5819840818932913,0.8579991281604185,0.7091324200913242,0.7593607305936073,0.6750127226463105,0.684931506849315,0.7333333333333333
P1,43,4,2,13,False,0.33777877376193094,0.628336728197857,0.8302092414995641,0.667123287671233,0.7470319634703196,0.6032357473035439,0.5342465753424658,0.8
P1,43,4,2,14,False,0.2566747276555924,0.6076609127729842,0.9178291194420227,0.7237442922374429,0.763013698630137,0.7101731601731601,0.7808219178082192,0.6666666666666666
P1,43,4,2,15,False,0.21582446857577278,0.6567151627494293,0.9313426329555361,0.6472602739726028,0.7333333333333333,0.6472602739726027,0.7945205479452054,0.5
P1,43,4,2,16,False,0.17321377375296185,0.7077028577767529,0.9508500435919791,0.6755707762557077,0.7689497716894977,0.6920577148056675,0.9178082191780822,0.43333333333333335
P1,43,4,2,17,False,0.1297617902358373,0.7241700054372399,0.9622929380993898,0.6904109589041096,0.7232876712328767,0.6826584507042253,0.7808219178082192,0.6
P1,43,4,2,18,False,0.08535539686591143,0.7757973462632559,0.9919354838709677,0.6776255707762557,0.7182648401826484,0.6793497059840885,0.821917808219178,0.5333333333333333
P1,43,4,2,19,False,0.09425081452798276,0.9791556851377765,0.9669790758500436,0.639269406392694,0.7525114155251141,0.6531986531986531,0.9452054794520548,0.3333333333333333
P1,43,4,2,20,False,0.06731428688480741,0.8505371103008974,1.0,0.6767123287671233,0.7022831050228311,0.6655844155844156,0.7534246575342466,0.6
P1,43,4,2,21,False,0.061208363675645416,0.883797048943714,0.9919354838709677,0.6668949771689497,0.6990867579908676,0.6599911971830985,0.7671232876712328,0.5666666666666667
P1,43,4,2,22,False,0.0561349995611679,0.9197172806100938,0.9885571054925893,0.6639269406392694,0.7018264840182649,0.6622950819672131,0.7945205479452054,0.5333333333333333
P1,43,4,2,23,False,0.034605908092288744,0.9838051957991517,1.0,0.6424657534246575,0.6726027397260274,0.6238914971309337,0.684931506849315,0.6
P1,44,0,0,1,False,0.7088676993439837,0.711795509429205,0.5289644764337126,0.5,0.583696599825632,0.4134078212290503,1.0,0.0
P1,44,0,0,2,False,0.6974961501796071,0.6883627181961423,0.5605990248432784,0.5730165649520489,0.5902353966870096,0.5637855912453136,0.6621621621621622,0.4838709677419355
P1,44,0,0,3,False,0.6810292249772607,0.6847672962007069,0.5316345484095658,0.49324324324324326,0.5919790758500436,0.41011235955056174,0.9864864864864865,0.0
P1,44,0,0,4,False,0.6665916701642478,0.6785371717952546,0.5761550963547712,0.6214036617262424,0.6006974716652136,0.6035373608903021,0.6621621621621622,0.5806451612903226
P1,44,0,0,5,False,0.6386779587443282,0.6951954807553973,0.651149291850476,0.5187445510026155,0.6277244986922407,0.4685714285714286,0.972972972972973,0.06451612903225806
P1,44,0,0,6,False,0.6291111134901279,0.6675508856773377,0.604074762015324,0.5791194420226679,0.6242371403661726,0.5759643503690294,0.9324324324324325,0.22580645161290322
P1,44,0,0,7,False,0.6052544460064028,0.7739337935334161,0.6444741119108428,0.5093722755013078,0.6687009590235397,0.4427324088341037,0.9864864864864865,0.03225806451612903
P1,44,0,0,8,False,0.6187813526246606,0.6426551500956218,0.6567216159739958,0.5959023539668701,0.6564952048823016,0.5850643428918837,0.6756756756756757,0.5161290322580645
P1,44,0,0,9,False,0.5599789456623356,0.64775204261144,0.7124448572091944,0.6011333914559721,0.6538796861377506,0.579630895420369,0.6216216216216216,0.5806451612903226
P1,44,0,0,10,False,0.5288183661495767,0.6260014465876989,0.7158695147434408,0.6323016564952049,0.6809067131647777,0.6222633364168979,0.7162162162162162,0.5483870967741935
P1,44,0,0,11,False,0.4554568678867526,0.6308670787584214,0.8247620153238914,0.6030950305143854,0.6979075850043592,0.6088210551616392,0.8513513513513513,0.3548387096774194
P1,44,0,0,12,True,0.3986509318758802,0.6299012439591544,0.8249361504527513,0.6660854402789886,0.6922406277244987,0.6628852739726028,0.7837837837837838,0.5483870967741935
P1,44,0,0,13,False,0.3438973236374739,0.6889572875840323,0.87578360807987,0.5989537925021796,0.6965998256320837,0.6026831785345717,0.8108108108108109,0.3870967741935484
P1,44,0,0,14,False,0.3293954621000988,0.6845892012119293,0.8725330856744834,0.6540976460331299,0.6800348735832606,0.6582107980693681,0.8243243243243243,0.4838709677419355
P1,44,0,0,15,False,0.26244026306198864,0.7709133548395974,0.8927327606222428,0.6233653007846556,0.6931124673060157,0.6325000000000001,0.8918918918918919,0.3548387096774194
P1,44,0,0,16,False,0.1949860122145676,0.8472826722122374,0.9421290921755282,0.5869659982563208,0.6682650392327811,0.5910418695228822,0.8513513513513513,0.3225806451612903
P1,44,0,0,17,False,0.14899254764725522,1.0478407011855215,0.9625029022521476,0.6046207497820402,0.6673931996512642,0.6102863202545069,0.918918918918919,0.2903225806451613
P1,44,0,0,18,False,0.11498665518876983,0.9293219234262194,0.976201532389134,0.5786835222319093,0.6560592850915432,0.5800000000000001,0.7702702702702703,0.3870967741935484
P1,44,0,0,19,False,0.07421880103647709,1.1157183235245092,0.9931506849315068,0.5775937227550131,0.6647776809067132,0.5800000000000001,0.8648648648648649,0.2903225806451613
P1,44,0,0,20,False,0.07748367986301097,1.1136462539434433,0.976201532389134,0.5802092414995641,0.6525719267654752,0.583583703881745,0.8378378378378378,0.3225806451612903
P1,44,0,0,21,False,0.04661496161687665,1.1503195988635222,1.0,0.6098517872711422,0.6608544027898866,0.616601752677702,0.8648648648648649,0.3548387096774194
P1,44,0,0,22,False,0.04725884048313629,1.13374632923376,0.9965753424657534,0.6379686137750654,0.6560592850915432,0.6426950998185117,0.8243243243243243,0.45161290322580644
P1,44,0,0,23,False,0.02829496929558312,1.2582434033708914,1.0,0.6004795117698344,0.6586748038360941,0.60625,0.8783783783783784,0.3225806451612903
P1,44,0,0,24,False,0.029034973422019945,1.3105579956833806,0.9965753424657534,0.6004795117698344,0.6691368788142982,0.60625,0.8783783783783784,0.3225806451612903
P1,44,0,1,1,False,0.7252770302376309,0.6939468372215345,0.41122448979591836,0.5,0.6027397260273972,0.2255639097744361,0.0,1.0
P1,44,0,1,2,False,0.6851229457463619,0.6820212886171434,0.5105442176870748,0.5333333333333333,0.6415525114155252,0.48204022988505746,1.0,0.06666666666666667
P1,44,0,1,3,False,0.6891842783937132,0.6894122101728198,0.5474489795918367,0.5136986301369864,0.6356164383561644,0.2556743002544529,0.0273972602739726,1.0
P1,44,0,1,4,False,0.6765213942758127,0.6719464966394368,0.5857142857142856,0.5639269406392694,0.6278538812785388,0.5659241420830824,0.7945205479452054,0.3333333333333333
P1,44,0,1,5,False,0.6651666331406377,0.6808303224230275,0.6062925170068028,0.5518264840182648,0.6424657534246575,0.35675253708040594,0.136986301369863,0.9666666666666667
P1,44,0,1,6,False,0.6596028274959989,0.6617389176655741,0.5950680272108844,0.634703196347032,0.6452054794520548,0.5996212498754112,0.6027397260273972,0.6666666666666666
P1,44,0,1,7,False,0.6197081222626322,0.652543703329216,0.6457482993197279,0.5726027397260274,0.6607305936073059,0.5656626506024096,0.9452054794520548,0.2
P1,44,0,1,8,True,0.5644047041446114,0.6258729580536629,0.7729591836734694,0.6579908675799087,0.6840182648401827,0.6651414810355207,0.8493150684931506,0.4666666666666667
P1,44,0,1,9,False,0.5004921158154806,0.6344321746270634,0.773639455782313,0.634703196347032,0.6904109589041096,0.5996212498754112,0.6027397260273972,0.6666666666666666
P1,44,0,1,10,False,0.4456651314445164,0.6388626208583128,0.8020408163265306,0.6308219178082192,0.7063926940639269,0.5863453815261045,0.5616438356164384,0.7
P1,44,0,1,11,False,0.37657020496573423,0.6692031321016331,0.8455782312925171,0.654109589041096,0.6721461187214612,0.6555978323532803,0.8082191780821918,0.5
P1,44,0,1,12,False,0.282958732135054,0.7225216881742755,0.9076530612244897,0.6198630136986301,0.6497716894977169,0.614656690140845,0.7397260273972602,0.5
P1,44,0,1,13,False,0.2365298985283156,0.8218133634733922,0.9144557823129251,0.5835616438356164,0.636986301369863,0.5843422114608555,0.7671232876712328,0.4
P1,44,0,1,14,False,0.19047765923295043,0.8481816718879255,0.9465986394557824,0.6100456621004566,0.6246575342465753,0.6077508960573477,0.7534246575342466,0.4666666666666667
P1,44,0,1,15,False,0.14446477523604453,0.8975640460125451,0.975,0.6070776255707763,0.632420091324201,0.6080940850916638,0.7808219178082192,0.43333333333333335
P1,44,0,1,16,False,0.10397080477813016,0.9211455323163745,0.9965986394557823,0.5757990867579909,0.6342465753424658,0.5686674540964244,0.684931506849315,0.4666666666666667
P1,44,0,1,17,False,0.06405360329050373,0.9696081726296434,1.0,0.5924657534246576,0.6360730593607306,0.5829070758738277,0.684931506849315,0.5
P1,44,0,1,18,False,0.05704925752780288,1.0716115843902514,1.0,0.5728310502283105,0.6251141552511416,0.5693221830985915,0.7123287671232876,0.43333333333333335
P1,44,0,1,19,False,0.04965016092421208,1.073188381866344,1.0,0.6228310502283105,0.632420091324201,0.6129066895737142,0.7123287671232876,0.5333333333333333
P1,44,0,1,20,False,0.028505333825261985,1.2506354086607405,1.0,0.5442922374429223,0.6242009132420091,0.5439595192915876,0.821917808219178,0.26666666666666666
P1,44,0,2,1,False,0.7188180341170385,0.7133225634986279,0.46403479424556704,0.5,0.5885687293339632,0.22137404580152673,0.0,1.0
P1,44,0,2,2,False,0.6988082000842462,0.6837380820629644,0.5472287275565964,0.5103920642418517,0.6580066131317903,0.4484430356143949,0.9863013698630136,0.034482758620689655
P1,44,0,2,3,False,0.6936789109156682,0.6798234207957399,0.5150552024088324,0.5829003306565895,0.6608408124704771,0.579581483830057,0.958904109589041,0.20689655172413793
P1,44,0,2,4,False,0.6769310717399304,0.6710391558852851,0.5629530500724881,0.5932923948984412,0.6858762399622107,0.5957317073170731,0.9452054794520548,0.2413793103448276
P1,44,0,2,5,False,0.6834665491030767,0.660754569605285,0.5549793687966991,0.5973075106282475,0.687293339631554,0.59828141783029,0.7808219178082192,0.41379310344827586
P1,44,0,2,6,False,0.6362069295002863,0.6403432488441467,0.6443069030891044,0.6006140765233821,0.6858762399622107,0.6048981631888042,0.821917808219178,0.3793103448275862
P1,44,0,2,7,False,0.6226591891967334,0.6276833718898249,0.6348834615813539,0.6766650921114785,0.7009919697685404,0.6670043904086458,0.7671232876712328,0.5862068965517241
P1,44,0,2,8,False,0.5847774583559769,0.6151198534404531,0.641853462696554,0.6832782239017477,0.7109116674539443,0.6888346552776082,0.8493150684931506,0.5172413793103449
P1,44,0,2,9,False,0.513339584836593,0.6538528338366864,0.791401806624289,0.6140765233821446,0.6905999055266887,0.6232954545454545,0.9178082191780822,0.3103448275862069
P1,44,0,2,10,False,0.4741688588490853,0.6352524827508366,0.7832050853128136,0.6797354747283892,0.7113840340103921,0.6902834008097166,0.8767123287671232,0.4827586206896552
P1,44,0,2,11,False,0.41022243809241515,0.6503933302912057,0.8294301327088212,0.6556447803495513,0.7137458667926311,0.6644736842105262,0.863013698630137,0.4482758620689655
P1,44,0,2,12,True,0.3427377990805186,0.6307463610873503,0.8738150998104159,0.6835144071799717,0.7246102975909305,0.675601999091322,0.7808219178082192,0.5862068965517241
P1,44,0,2,13,False,0.3107125790646443,0.6387799630562464,0.914798706367793,0.6769012753897024,0.7165800661313179,0.6520255863539446,0.6986301369863014,0.6551724137931034
P1,44,0,2,14,False,0.26300594726434123,0.6607709173478332,0.9420095907215345,0.649031648559282,0.7184695323571091,0.6458333333333334,0.7808219178082192,0.5172413793103449
P1,44,0,2,15,False,0.20249776284282023,0.6583303284703517,0.9563956730233076,0.6523382144544166,0.7231931979215872,0.6554054054054054,0.821917808219178,0.4827586206896552
P1,44,0,2,16,False,0.17410414164456037,0.6972749823448705,0.963198394111743,0.6350968351440718,0.7198866320264525,0.6390482001220256,0.821917808219178,0.4482758620689655
P1,44,0,2,17,False,0.13069854046289736,0.7548419267815702,0.9897959183673469,0.6039206424185168,0.7326405290505432,0.6105332455562871,0.863013698630137,0.3448275862068966
P1,44,0,2,18,False,0.13669376103923872,0.7708231044896677,0.9815991970558715,0.6039206424185168,0.7274444969296174,0.6105332455562871,0.863013698630137,0.3448275862068966
P1,44,0,2,19,False,0.09003642330376002,0.8225654029086524,0.9863945578231292,0.586679263108172,0.7156353330184223,0.5913461538461539,0.863013698630137,0.3103448275862069
P1,44,0,2,20,False,0.07546776096121623,0.925393973495446,0.9897959183673469,0.5798299480396788,0.7085498346717053,0.5836734693877551,0.8493150684931506,0.3103448275862069
P1,44,0,2,21,False,0.06758377328515053,0.8334854041390559,0.9897959183673469,0.569674067076051,0.7146905999055266,0.5718518518518518,0.7945205479452054,0.3448275862068966
P1,44,0,2,22,False,0.06347532792446706,0.8031653424396235,0.9850005576000892,0.6145488899385924,0.7208313651393481,0.6145488899385924,0.7808219178082192,0.4482758620689655
P1,44,0,2,23,False,0.04728351614008156,0.9724471122026443,0.9965986394557823,0.586679263108172,0.7184695323571091,0.5913461538461539,0.863013698630137,0.3103448275862069
P1,44,0,2,24,False,0.04191351402550936,1.0177183352849062,0.9884019181443069,0.586679263108172,0.7132735002361833,0.5913461538461539,0.863013698630137,0.3103448275862069
P1,44,1,0,1,False,0.7152285840776231,0.6889023905708677,0.5,0.49324324324324326,0.5143853530950305,0.41011235955056174,0.9864864864864865,0.0
P1,44,1,0,2,False,0.6845540781527901,0.6860188160623822,0.5049319727891156,0.5978639930252834,0.6059285091543156,0.6025323064874037,0.9054054054054054,0.2903225806451613
P1,44,1,0,3,False,0.6764112549703478,0.6810188889503479,0.5314625850340137,0.532258064516129,0.6355710549258936,0.4786851566512583,1.0,0.06451612903225806
P1,44,1,0,4,False,0.6691857112778558,0.6665817737579346,0.5865646258503401,0.5765039232781168,0.6530078465562337,0.5676470588235295,0.9594594594594594,0.1935483870967742
P1,44,1,0,5,False,0.6603040228719297,0.6580034602256049,0.6071428571428572,0.5985178727114211,0.6682650392327811,0.5826709062003179,0.6486486486486487,0.5483870967741935
P1,44,1,0,6,False,0.6462502734384675,0.6554843874204727,0.604421768707483,0.6124673060156931,0.6360069747166521,0.6181818181818182,0.8378378378378378,0.3870967741935484
P1,44,1,0,7,False,0.5880734445392222,0.6598619631358555,0.6736394557823129,0.5320401046207498,0.6290322580645161,0.48000733675715335,0.4189189189189189,0.6451612903225806
P1,44,1,0,8,False,0.5435985562881985,0.637217758950733,0.7365646258503402,0.6000435919790759,0.6551874455100262,0.594509967644296,0.7162162162162162,0.4838709677419355
P1,44,1,0,9,False,0.48471129170938393,0.6728107327506656,0.7838435374149659,0.5106800348735833,0.6364428945074107,0.47995514437903,0.47297297297297297,0.5483870967741935
P1,44,1,0,10,False,0.4420163206720122,0.7086904571169899,0.8369047619047618,0.6015693112467306,0.6259808195292066,0.6033333333333334,0.7837837837837838,0.41935483870967744
P1,44,1,0,11,False,0.3692871414232945,0.7070563734996886,0.847108843537415,0.6176983435047951,0.6495204882301656,0.6187699416877545,0.7837837837837838,0.45161290322580644
P1,44,1,0,12,False,0.34042955207939884,0.7562927855622201,0.858843537414966,0.5610287707061901,0.6220575414123801,0.5580808080808082,0.7027027027027027,0.41935483870967744
P1,44,1,0,13,False,0.2706838830369682,0.7902773882306757,0.9125850340136055,0.6218395815170009,0.6499564080209241,0.6267629858961129,0.8243243243243243,0.41935483870967744
P1,44,1,0,14,False,0.22856258849302927,0.8197212888016587,0.9295918367346938,0.5677855274629469,0.6421098517872711,0.5655172413793104,0.7162162162162162,0.41935483870967744
P1,44,1,0,15,False,0.18922303998527895,0.8442377160702433,0.9462585034013605,0.5948125544899738,0.6499564080209241,0.5956650896688305,0.7702702702702703,0.41935483870967744
P1,44,1,0,16,False,0.14419812417548636,0.8210350553194682,0.9530612244897959,0.5647340889276373,0.6560592850915432,0.5434341482268819,0.581081081081081,0.5483870967741935
P1,44,1,0,17,False,0.14983792118908126,0.8740171693975017,0.9595238095238094,0.5677855274629469,0.6503923278116827,0.5655172413793104,0.7162162162162162,0.41935483870967744
P1,44,1,0,18,False,0.1183933076147296,0.9538015395402908,0.9746598639455781,0.5828247602441151,0.6499564080209241,0.5860389610389609,0.8108108108108109,0.3548387096774194
P1,44,1,0,19,True,0.08491633389739023,1.0837242347942222,0.9897959183673469,0.6233653007846556,0.6647776809067132,0.6325000000000001,0.8918918918918919,0.3548387096774194
P1,44,1,0,20,False,0.08553664587834031,1.1398911021738536,0.9731292517006802,0.5828247602441151,0.6421098517872711,0.5860389610389609,0.8108108108108109,0.3548387096774194
P1,44,1,0,21,False,0.07503982510975593,1.1369553767765561,0.9731292517006802,0.6057105492589363,0.6534437663469922,0.6103896103896104,0.8243243243243243,0.3870967741935484
P1,44,1,0,22,False,0.06338461130128606,1.273470922821157,0.9882653061224489,0.5911072362685266,0.6421098517872711,0.5949074074074074,0.8918918918918919,0.2903225806451613
P1,44,1,0,23,False,0.05787000533391312,1.229787686866309,0.9897959183673469,0.5760680034873583,0.6360069747166521,0.5786033711730306,0.7972972972972973,0.3548387096774194
P1,44,1,0,24,False,0.04071638257139259,1.2230016577013192,0.9882653061224489,0.5828247602441151,0.6434176111595467,0.5860389610389609,0.8108108108108109,0.3548387096774194
P1,44,1,0,25,False,0.038372535060569285,1.3102989615251621,0.9965986394557823,0.5438099389712293,0.6229293809938972,0.5442815249266862,0.7972972972972973,0.2903225806451613
P1,44,1,0,26,False,0.026526054988304775,1.3057973784971095,1.0,0.5734524847428073,0.6617262423714037,0.5762108262108261,0.8243243243243243,0.3225806451612903
P1,44,1,0,27,False,0.02124091574319319,1.22178097093877,1.0,0.5828247602441151,0.6700087183958152,0.5860389610389609,0.8108108108108109,0.3548387096774194
P1,44,1,0,28,False,0.019187642558329346,1.3369638040972254,1.0,0.5734524847428073,0.6556233653007847,0.5762108262108261,0.8243243243243243,0.3225806451612903
P1,44,1,0,29,False,0.021507871967114976,1.4764772245682598,1.0,0.5802092414995641,0.6442894507410637,0.583583703881745,0.8378378378378378,0.3225806451612903
P1,44,1,0,30,False,0.016840891431171248,1.3361783822377522,1.0,0.5921970357454228,0.6464690496948562,0.59505444646098,0.7972972972972973,0.3870967741935484
P1,44,1,0,31,False,0.017029318193666602,1.4117488920400363,1.0,0.5802092414995641,0.6403661726242371,0.583583703881745,0.8378378378378378,0.3225806451612903
P1,44,1,1,1,False,0.7060975569945115,0.688538345006796,0.48739823798371806,0.5779279279279279,0.6504504504504505,0.4010008497781135,0.1891891891891892,0.9666666666666667
P1,44,1,1,2,False,0.7035463521113763,0.680369088282952,0.4742388758782201,0.6162162162162163,0.6459459459459459,0.6252771618625278,0.9324324324324325,0.3
P1,44,1,1,3,False,0.6943895702178662,0.6797836331220773,0.5243113638898182,0.6554054054054055,0.6459459459459459,0.6569218518939826,0.8108108108108109,0.5
P1,44,1,1,4,False,0.6705529781488272,0.6688152368252094,0.5756663321066131,0.5864864864864865,0.6481981981981982,0.5814241486068112,0.972972972972973,0.2
P1,44,1,1,5,False,0.6705308854579926,0.6528333608920758,0.5602208096353296,0.6626126126126126,0.6657657657657657,0.6752841263894093,0.8918918918918919,0.43333333333333335
P1,44,1,1,6,False,0.6212573876747718,0.6409823894500732,0.6634883461581353,0.618018018018018,0.6891891891891891,0.6067226890756303,0.7027027027027027,0.5333333333333333
P1,44,1,1,7,False,0.5869451692471137,0.7137683102717767,0.6944351511096242,0.5310810810810811,0.663963963963964,0.36172221697667833,0.16216216216216217,0.9
P1,44,1,1,8,False,0.5727090044663503,0.6454634941541232,0.6754209880673581,0.5900900900900901,0.6864864864864865,0.5440335493709493,0.5135135135135135,0.6666666666666666
P1,44,1,1,9,False,0.5240637992437069,0.6376240941194388,0.7709936433589829,0.6472972972972972,0.695045045045045,0.6057159521726452,0.5945945945945946,0.7
P1,44,1,1,10,False,0.45703405141830444,0.63480783196596,0.8343927735028438,0.6684684684684685,0.6945945945945946,0.6614583333333333,0.7702702702702703,0.5666666666666667
P1,44,1,1,11,False,0.38121486340577787,0.6523637634057265,0.8444295751087321,0.6882882882882883,0.7009009009009008,0.6722689075630253,0.7432432432432432,0.6333333333333333
P1,44,1,1,12,False,0.35992618191700715,0.6569819473303281,0.8670123787219806,0.6337837837837837,0.6887387387387387,0.5890120481927711,0.5675675675675675,0.7
P1,44,1,1,13,False,0.3488359313744765,0.6519375581007737,0.8595962975354076,0.6720720720720721,0.7148648648648649,0.6720720720720721,0.8108108108108109,0.5333333333333333
P1,44,1,1,14,False,0.290234986692667,0.6408491249267871,0.8834058213449314,0.7117117117117118,0.718018018018018,0.6941176470588236,0.7567567567567568,0.6666666666666666
P1,44,1,1,15,False,0.22311465212932,0.6778658651388608,0.9366008698561392,0.7013513513513514,0.7099099099099099,0.6728564180618974,0.7027027027027027,0.7
P1,44,1,1,16,True,0.17763919211350954,0.6906600193335459,0.9584030333444853,0.7220720720720721,0.7184684684684685,0.7153804050355775,0.8108108108108109,0.6333333333333333
P1,44,1,1,17,False,0.17575446229714614,0.7497614725277975,0.9536076725772276,0.7054054054054054,0.7009009009009008,0.7012814847547504,0.8108108108108109,0.6
P1,44,1,1,18,False,0.11501176999165462,0.8303217463768445,0.9829931972789115,0.6522522522522523,0.7040540540540541,0.6578947368421053,0.8378378378378378,0.4666666666666667
P1,44,1,1,19,False,0.09993909285045587,0.8717169773120147,0.9931972789115646,0.6756756756756757,0.7072072072072072,0.6823308270676691,0.8513513513513513,0.5
P1,44,1,1,20,False,0.08045055645589645,0.8678964387912017,0.9931972789115646,0.6621621621621622,0.7103603603603603,0.6652873563218391,0.8243243243243243,0.5
P1,44,1,1,21,False,0.0698906504907287,0.8727621619517987,1.0,0.7054054054054054,0.7076576576576576,0.7012814847547504,0.8108108108108109,0.6
P1,44,1,1,22,False,0.06278438554503597,1.0054565865833025,0.9931972789115646,0.6189189189189189,0.6941441441441442,0.6248196248196248,0.8378378378378378,0.4
P1,44,1,1,23,False,0.041405026980031,1.012735398342976,0.9965986394557823,0.6387387387387388,0.6878378378378378,0.6413793103448276,0.8108108108108109,0.4666666666666667
P1,44,1,1,24,False,0.03261543192470876,1.0013336115158522,1.0,0.6252252252252253,0.6851351351351351,0.6252252252252253,0.7837837837837838,0.4666666666666667
P1,44,1,1,25,False,0.026236546673597053,1.029925490801151,1.0,0.6554054054054055,0.6972972972972973,0.6569218518939826,0.8108108108108109,0.5
P1,44,1,1,26,False,0.025930522081370536,1.0404336532721152,1.0,0.6288288288288288,0.6941441441441442,0.6334586466165413,0.8243243243243243,0.43333333333333335
P1,44,1,1,27,False,0.02008147012943832,1.0076742006035952,1.0,0.6819819819819819,0.6977477477477477,0.6783031374281927,0.7972972972972973,0.5666666666666667
P1,44,1,1,28,False,0.015356532871150054,1.0533036194168603,1.0,0.6819819819819819,0.7,0.6783031374281927,0.7972972972972973,0.5666666666666667
P1,44,1,2,1,False,0.7172579337535292,0.6901855596060892,0.4404630039875942,0.5748858447488585,0.6013698630136987,0.5571253071253072,0.6164383561643836,0.5333333333333333
P1,44,1,2,2,False,0.6910462895648901,0.6843019648663049,0.5804164820558263,0.5059360730593607,0.6013698630136987,0.46143790849673205,0.9452054794520548,0.06666666666666667
P1,44,1,2,3,False,0.67417374723836,0.6805542678508943,0.5355560478511298,0.541324200913242,0.5981735159817352,0.5382383966244725,0.8493150684931506,0.23333333333333334
P1,44,1,2,4,False,0.6858126101881693,0.6772203254468233,0.5885024368630927,0.5255707762557078,0.630593607305936,0.5036144578313253,0.9178082191780822,0.13333333333333333
P1,44,1,2,5,False,0.6385791201910904,0.6952880227450028,0.599246787771378,0.5253424657534247,0.6310502283105023,0.35332753791171645,0.1506849315068493,0.9
P1,44,1,2,6,False,0.6032244205189664,0.6555482693088864,0.6590053167922021,0.5981735159817352,0.6799086757990868,0.6038461538461539,0.863013698630137,0.3333333333333333
P1,44,1,2,7,False,0.5730157309171686,0.6462100304446174,0.7318342933097032,0.6374429223744292,0.6726027397260274,0.6400279589934762,0.8082191780821918,0.4666666666666667
P1,44,1,2,8,False,0.5246227158313733,0.7221001409789891,0.7776362428001773,0.5922374429223745,0.6698630136986301,0.595398428731762,0.9178082191780822,0.26666666666666666
P1,44,1,2,9,False,0.5048377921706751,0.736025004421623,0.6990474080638015,0.5716894977168949,0.6707762557077626,0.5727284892278871,0.8767123287671232,0.26666666666666666
P1,44,1,2,10,True,0.3987380431599594,0.6948201974618782,0.8278134692069118,0.6570776255707762,0.6698630136986301,0.6538978494623656,0.7808219178082192,0.5333333333333333
P1,44,1,2,11,False,0.394484563877708,0.7882823854395486,0.8041648205582632,0.5579908675799087,0.6721461187214612,0.5581697647211752,0.8493150684931506,0.26666666666666666
P1,44,1,2,12,False,0.33336917949065065,0.7667801947269625,0.8856889676561808,0.6356164383561644,0.6474885844748859,0.6156716417910448,0.6712328767123288,0.6
P1,44,1,2,13,False,0.2824712516873647,0.8522863992788259,0.9170358883473637,0.6570776255707762,0.6461187214611872,0.6538978494623656,0.7808219178082192,0.5333333333333333
P1,44,1,2,14,False,0.26149495195543937,0.9592870881835234,0.8890673460345591,0.6079908675799086,0.6652968036529681,0.6141358641358641,0.8493150684931506,0.36666666666666664
P1,44,1,2,15,False,0.21248027464847244,0.9682652365814135,0.9305494018608773,0.6070776255707763,0.6579908675799087,0.6080940850916638,0.7808219178082192,0.43333333333333335
P1,44,1,2,16,False,0.20795640392166576,0.9952930628674702,0.9189743021710235,0.6109589041095891,0.6726027397260274,0.6155328115593017,0.821917808219178,0.4
P1,44,1,2,17,False,0.13699987630524704,1.0138477816165072,0.9700930438635357,0.6070776255707763,0.6735159817351598,0.6080940850916638,0.7808219178082192,0.43333333333333335
P1,44,1,2,18,False,0.10775805418892055,1.0333150703351475,0.9700930438635357,0.623744292237443,0.6598173515981736,0.623744292237443,0.7808219178082192,0.4666666666666667
P1,44,1,2,19,False,0.11190492160948055,1.1405033897427679,0.9599579087284005,0.6276255707762557,0.6698630136986301,0.6321428571428571,0.821917808219178,0.43333333333333335
P1,44,1,2,20,False,0.08109493406141917,1.2267012625064664,0.9782897651750111,0.6178082191780823,0.6652968036529681,0.6235380116959065,0.8356164383561644,0.4
P1,44,1,2,21,False,0.05490627482479982,1.2343933012300325,0.9932432432432432,0.6207762557077625,0.6616438356164384,0.6240433298010126,0.8082191780821918,0.43333333333333335
P1,44,1,2,22,False,0.05786899233495362,1.3058573155148516,0.9816681435533894,0.6041095890410959,0.6602739726027397,0.6076190476190476,0.8082191780821918,0.4
P1,44,2,0,1,False,0.7224384756479862,0.6824739444823492,0.44455782312925174,0.5,0.6333914559721011,0.4134078212290503,1.0,0.0
P1,44,2,0,2,False,0.6927513079942712,0.6976943226087661,0.5188775510204082,0.5,0.6377506538796861,0.22794117647058823,0.0,1.0
P1,44,2,0,3,False,0.6739675345052267,0.6740531966799781,0.6090136054421769,0.56974716652136,0.6451612903225806,0.5605426468465867,0.9459459459459459,0.1935483870967742
P1,44,2,0,4,False,0.6697465135279485,0.6712967100597563,0.5870748299319728,0.6026591107236268,0.6495204882301656,0.5928571428571427,0.6891891891891891,0.5161290322580645
P1,44,2,0,5,False,0.6397198476077278,0.6522323710577829,0.6297619047619047,0.6015693112467306,0.6582388840453357,0.6033333333333334,0.7837837837837838,0.41935483870967744
P1,44,2,0,6,False,0.6243504740765705,0.6541390226000832,0.6636054421768707,0.572362685265911,0.6713164777680907,0.5687294633077765,0.918918918918919,0.22580645161290322
P1,44,2,0,7,True,0.6074434956490705,0.6298104297547114,0.6653061224489796,0.6780732345248475,0.6813426329555362,0.6654332408263954,0.7432432432432432,0.6129032258064516
P1,44,2,0,8,False,0.5511138891252343,0.6619359640848069,0.729421768707483,0.6183522231909329,0.6708805579773321,0.5696721311475409,0.527027027027027,0.7096774193548387
P1,44,2,0,9,False,0.5054097031625573,0.7008375375043778,0.7335034013605441,0.6033129904097646,0.6669572798605057,0.5306085211203357,0.43243243243243246,0.7741935483870968
P1,44,2,0,10,False,0.4429937480152517,0.6620646624338059,0.8217687074829932,0.6124673060156931,0.6913687881429816,0.6181818181818182,0.8378378378378378,0.3870967741935484
P1,44,2,0,11,False,0.38974077495687826,0.6375089909349169,0.8372448979591837,0.6203138622493461,0.6891891891891891,0.6179366438356164,0.7567567567567568,0.4838709677419355
P1,44,2,0,12,False,0.352835542337906,0.6870874640487489,0.8637755102040816,0.6192240627724499,0.6887532693984307,0.6260683760683761,0.8513513513513513,0.3870967741935484
P1,44,2,0,13,False,0.30391380061273987,0.7501629148210798,0.8758503401360545,0.6192240627724499,0.6656495204882301,0.6260683760683761,0.8513513513513513,0.3870967741935484
P1,44,2,0,14,False,0.26514637974149363,0.8011251469453176,0.9079931972789115,0.6327375762859634,0.6617262423714037,0.642161635832522,0.8783783783783784,0.3870967741935484
P1,44,2,0,15,False,0.21809249598047006,0.7488360220477694,0.9375850340136054,0.6447253705318221,0.6761115954664342,0.6508427932576539,0.8378378378378378,0.45161290322580644
P1,44,2,0,16,False,0.15941436545572418,0.8416947543621063,0.9814625850340135,0.6312118570183086,0.6721883173496077,0.6346391289707038,0.8108108108108109,0.45161290322580644
P1,44,2,0,17,False,0.11187579464797237,0.8973410362289065,0.975,0.6192240627724499,0.6730601569311246,0.6260683760683761,0.8513513513513513,0.3870967741935484
P1,44,2,0,18,False,0.09822914594613412,0.9773128959394637,0.9681972789115646,0.5828247602441151,0.6695727986050567,0.5860389610389609,0.8108108108108109,0.3548387096774194
P1,44,2,0,19,False,0.06531596783962515,1.060740848382314,0.9882653061224489,0.5963382737576286,0.6604184829991282,0.6011396011396011,0.8378378378378378,0.3548387096774194
P1,44,2,1,1,False,0.721170941224465,0.6897729956186734,0.3900970224155236,0.559009009009009,0.5837837837837838,0.5594917212167886,0.8513513513513513,0.26666666666666666
P1,44,2,1,2,False,0.7055670756560105,0.6979773640632629,0.48645031783205084,0.5,0.6288288288288288,0.22388059701492538,0.0,1.0
P1,44,2,1,3,False,0.6768126373107617,0.6947504281997681,0.5579346492695438,0.5,0.6594594594594595,0.41573033707865165,1.0,0.0
P1,44,2,1,4,False,0.6730206173199874,0.696454249895536,0.5467268874763019,0.5,0.6523648648648649,0.22388059701492538,0.0,1.0
P1,44,2,1,5,False,0.6888898335970365,0.6751468365009015,0.5791234526597524,0.6031531531531532,0.6815315315315316,0.6055226824457595,0.972972972972973,0.23333333333333334
P1,44,2,1,6,True,0.6351314026575822,0.6507244797853323,0.6073380171740828,0.6918918918918919,0.6891891891891891,0.6840277777777777,0.7837837837837838,0.6
P1,44,2,1,7,False,0.6121203257487371,0.6404809149412009,0.688580350172856,0.5725225225225226,0.7211711711711711,0.573939474031981,0.8783783783783784,0.26666666666666666
P1,44,2,1,8,False,0.591181429532858,0.6486667784360739,0.6644362663098026,0.6301801801801801,0.6981981981981982,0.5751876128051676,0.527027027027027,0.7333333333333333
P1,44,2,1,9,False,0.5371661587403371,0.6468725342016953,0.7510315601650497,0.6054054054054054,0.6882882882882883,0.6090225563909775,0.8108108108108109,0.4
P1,44,2,1,10,False,0.48333699771991145,0.6652697278903081,0.7784097245455559,0.5954954954954955,0.7063063063063063,0.5998075998075998,0.8243243243243243,0.36666666666666664
P1,44,2,1,11,False,0.42671676667836994,0.6618642875781426,0.8738150998104159,0.6405405405405404,0.6882882882882883,0.597367402245451,0.581081081081081,0.7
P1,44,2,1,12,False,0.38704347954346585,0.7529426102454846,0.8390208542433366,0.6324324324324324,0.6734234234234234,0.6410256410256411,0.8648648648648649,0.4
P1,44,2,1,13,False,0.30144479068425983,0.7841182740835043,0.8984052637448422,0.6225225225225225,0.6887387387387387,0.6313924050632911,0.8783783783783784,0.36666666666666664
P1,44,2,1,14,False,0.25163756196315473,0.7354307518555567,0.922214787554366,0.6112612612612612,0.663963963963964,0.5987905327911583,0.6891891891891891,0.5333333333333333
P1,44,2,1,15,False,0.22017471907803646,0.855976579281,0.9400022304003569,0.5887387387387387,0.6572072072072072,0.592156862745098,0.8108108108108109,0.36666666666666664
P1,44,2,1,16,False,0.2367188880363336,1.0676677387494307,0.9154120664659307,0.595945945945946,0.6617117117117117,0.6014272499008855,0.8918918918918919,0.3
P1,44,2,1,17,False,0.159501835417289,0.8348485621122214,0.9781978365116538,0.5981981981981982,0.6558558558558558,0.59375,0.7297297297297297,0.4666666666666667
P1,44,2,1,18,False,0.14182042731688574,0.9600314062375289,0.9584030333444853,0.5954954954954955,0.6504504504504505,0.5998075998075998,0.8243243243243243,0.36666666666666664
P1,44,2,2,1,False,0.6924182279258253,0.700189444046576,0.5532233052724856,0.5,0.6776255707762557,0.41477272727272724,1.0,0.0
P1,44,2,2,2,False,0.6928846630753512,0.6791580469862929,0.47385910500664596,0.5029680365296804,0.6698630136986301,0.44070765458048694,0.9726027397260274,0.03333333333333333
P1,44,2,2,3,False,0.6907344258002688,0.6729748359004271,0.5263070447496677,0.5166666666666667,0.6840182648401827,0.44940092165898615,1.0,0.03333333333333333
P1,44,2,2,4,False,0.6747799281868638,0.6584134628471819,0.5568785999113868,0.5579908675799087,0.6876712328767123,0.5581697647211752,0.8493150684931506,0.26666666666666666
P1,44,2,2,5,False,0.6638375492187208,0.6616118735480077,0.5890008861320337,0.5333333333333333,0.7045662100456621,0.48204022988505746,1.0,0.06666666666666667
P1,44,2,2,6,False,0.6470671495752471,0.630696875956452,0.6416703588834737,0.6815068493150684,0.6926940639269407,0.6899458157736302,0.863013698630137,0.5
P1,44,2,2,7,False,0.6082516666234395,0.62917576108164,0.6595037660611431,0.6552511415525114,0.6963470319634704,0.6246963562753036,0.6438356164383562,0.6666666666666666
P1,44,2,2,8,False,0.5643962767135584,0.6603457618106916,0.7106225077536552,0.6299086757990868,0.6831050228310502,0.5659003831417624,0.4931506849315068,0.7666666666666667
P1,44,2,2,9,False,0.49620289523065375,0.6418822665237686,0.784392999556934,0.6687214611872145,0.689041095890411,0.6830769230769229,0.9041095890410958,0.43333333333333335
P1,44,2,2,10,False,0.4651366239101693,0.6419343057188015,0.7911497563136908,0.6454337899543379,0.6968036529680365,0.6203931203931203,0.6575342465753424,0.6333333333333333
P1,44,2,2,11,False,0.4352457442066886,0.6876298617390753,0.7858329641116526,0.6141552511415524,0.6812785388127854,0.5745476003147129,0.5616438356164384,0.6666666666666666
P1,44,2,2,12,False,0.36196532859756614,0.6788980764092751,0.8408285334514842,0.6621004566210045,0.6858447488584475,0.6330788804071247,0.6575342465753424,0.6666666666666666
P1,44,2,2,13,False,0.330877993523219,0.7170726240259929,0.856723526805494,0.6041095890410959,0.6885844748858447,0.6076190476190476,0.8082191780821918,0.4
P1,44,2,2,14,False,0.2792871757700112,0.6946180766647302,0.8924457244129376,0.682648401826484,0.6968036529680365,0.6583747927031509,0.6986301369863014,0.6666666666666666
P1,44,2,2,15,False,0.22218421308332653,0.7813140087336012,0.9396876384581303,0.6452054794520548,0.7013698630136986,0.6566666666666667,0.8904109589041096,0.4
P1,44,2,2,16,False,0.2027032302612323,0.8553065359592438,0.9551395657953035,0.6246575342465753,0.6844748858447488,0.6316438525095573,0.8493150684931506,0.4
P1,44,2,2,17,False,0.1684681848048023,0.7799643186978924,0.9435644661054498,0.6698630136986301,0.6972602739726027,0.6571459250510039,0.7397260273972602,0.6
P1,44,2,2,18,False,0.11027964265152598,0.7842772093791406,0.9734714222419141,0.6698630136986301,0.6908675799086758,0.6571459250510039,0.7397260273972602,0.6
P1,44,2,2,19,False,0.09583319263737738,0.8743860569683094,0.9932432432432432,0.6531963470319635,0.673972602739726,0.6432900432900434,0.7397260273972602,0.5666666666666667
P1,44,2,2,20,False,0.07748382035910227,0.9404346352642022,0.9966216216216216,0.660958904109589,0.6881278538812785,0.6640260950605779,0.821917808219178,0.5
P1,44,2,2,21,False,0.07126784435157,0.9385306145091659,0.9850465219317679,0.680593607305936,0.6853881278538813,0.6769713261648747,0.7945205479452054,0.5666666666666667
P1,44,2,2,22,False,0.05674818234794448,0.9877675984380314,0.9918032786885246,0.6904109589041096,0.6771689497716895,0.6826584507042253,0.7808219178082192,0.6
P1,44,2,2,23,False,0.033993197097019714,0.9668925145586718,0.9966216216216216,0.6707762557077626,0.6968036529680365,0.6707762557077626,0.8082191780821918,0.5333333333333333
P1,44,2,2,24,True,0.038604497606531854,1.0006659997319711,0.9966216216216216,0.6942922374429223,0.693607305936073,0.6942922374429223,0.821917808219178,0.5666666666666667
P1,44,2,2,25,False,0.022961290303671188,1.1577615850758785,1.0,0.5746575342465753,0.6863013698630137,0.5774358974358975,0.8493150684931506,0.3
P1,44,2,2,26,False,0.02339503874013013,1.1025401906481067,1.0,0.6178082191780823,0.7004566210045662,0.6235380116959065,0.8356164383561644,0.4
P1,44,2,2,27,False,0.01741577258737954,1.08306444906494,1.0,0.6639269406392694,0.6867579908675799,0.6622950819672131,0.7945205479452054,0.5333333333333333
P1,44,2,2,28,False,0.01845725528443562,1.2632632507282553,0.9932432432432432,0.5648401826484019,0.6986301369863014,0.5654008438818566,0.863013698630137,0.26666666666666666
P1,44,2,2,29,False,0.014329379375435804,1.1171821147492789,1.0,0.6374429223744292,0.6926940639269407,0.6400279589934762,0.8082191780821918,0.4666666666666667
P1,44,2,2,30,False,0.011474318503798766,1.1892785528331127,1.0,0.6442922374429223,0.6926940639269407,0.6482985988461085,0.821917808219178,0.4666666666666667
P1,44,2,2,31,False,0.013436158930740216,1.2606016924080339,0.9966216216216216,0.6079908675799086,0.6995433789954338,0.6141358641358641,0.8493150684931506,0.36666666666666664
P1,44,2,2,32,False,0.007927844165512428,1.2331180983376735,1.0,0.6276255707762557,0.6968036529680365,0.6321428571428571,0.821917808219178,0.43333333333333335
P1,44,2,2,33,False,0.009635747444891688,1.2769987875396767,1.0,0.591324200913242,0.6945205479452055,0.596078431372549,0.8493150684931506,0.3333333333333333
P1,44,2,2,34,False,0.008646236438500253,1.244755645978798,1.0,0.6178082191780823,0.6894977168949772,0.6235380116959065,0.8356164383561644,0.4
P1,44,2,2,35,False,0.006670666531588365,1.2552788185263144,1.0,0.6178082191780823,0.6963470319634704,0.6235380116959065,0.8356164383561644,0.4
P1,44,2,2,36,False,0.006718366544996722,1.252723495937088,1.0,0.6276255707762557,0.6908675799086758,0.6321428571428571,0.821917808219178,0.43333333333333335
P1,44,3,0,1,False,0.7141391428617331,0.6945136325699942,0.4785323965651834,0.5176547515257193,0.5549258936355711,0.2932692307692308,0.06756756756756757,0.967741935483871
P1,44,3,0,2,False,0.7010210202290461,0.686648918901171,0.5281030444964872,0.5093722755013078,0.6639058413251961,0.4427324088341037,0.9864864864864865,0.03225806451612903
P1,44,3,0,3,False,0.6914801918543302,0.6838577452160063,0.5462808074049292,0.5453356582388841,0.7197035745422842,0.5408950617283951,0.8648648648648649,0.22580645161290322
P1,44,3,0,4,False,0.6869914554632627,0.6778797183718,0.5277127244340359,0.5,0.7218831734960767,0.4134078212290503,1.0,0.0
P1,44,3,0,5,False,0.669395027252344,0.6625600309599013,0.6106278577004572,0.6207497820401047,0.6896251089799477,0.629943871557238,0.918918918918919,0.3225806451612903
P1,44,3,0,6,False,0.6695091449297391,0.6578338041192009,0.5739935318389651,0.6139930252833479,0.6682650392327811,0.6219135802469136,0.9054054054054054,0.3225806451612903
P1,44,3,0,7,False,0.5927321246037116,0.6564771305947077,0.7208653953384632,0.6240191804707933,0.6625980819529207,0.6001367053998632,0.6351351351351351,0.6129032258064516
P1,44,3,0,8,False,0.5597771761509088,0.6465369729768662,0.7278353964536635,0.6364428945074107,0.6752397558849171,0.6323607427055702,0.7567567567567568,0.5161290322580645
P1,44,3,0,9,False,0.5176705339780221,0.6881440977255503,0.7921824467491916,0.6394943330427201,0.6721883173496077,0.6503884572697003,0.8918918918918919,0.3870967741935484
P1,44,3,0,10,False,0.47309700686198014,0.6623007325899033,0.7859930857588937,0.5917611159546643,0.6726242371403661,0.5748148148148148,0.6351351351351351,0.5483870967741935
P1,44,3,0,11,False,0.4124606681557802,0.67991216920671,0.8350061336009813,0.6593286835222318,0.6713164777680907,0.6546419098143237,0.7702702702702703,0.5483870967741935
P1,44,3,0,12,False,0.3607055934575888,0.6853603502114614,0.8745957399353184,0.6728421970357454,0.6918047079337402,0.6712018140589568,0.7972972972972973,0.5483870967741935
P1,44,3,0,13,False,0.30663319075336826,0.7429748408851169,0.8929965428794469,0.6499564080209241,0.6800348735832606,0.6485260770975056,0.7837837837837838,0.5161290322580645
P1,44,3,0,14,False,0.26839922024653506,0.7672650493326642,0.9161927065908331,0.6702266782911944,0.6922406277244987,0.6733333333333333,0.8243243243243243,0.5161290322580645
P1,44,3,0,15,False,0.21177473807564148,0.7710871788717452,0.9263967882234861,0.6525719267654752,0.6883173496076722,0.6464646464646464,0.7567567567567568,0.5483870967741935
P1,44,3,0,16,False,0.18975465973982444,0.8266829647478603,0.9447975911676145,0.6338273757628596,0.6795989537925021,0.6338273757628596,0.7837837837837838,0.4838709677419355
P1,44,3,0,17,False,0.16186501529927438,0.7441076565356481,0.9345935095349616,0.6198779424585876,0.6952920662598082,0.5879988515647431,0.5945945945945946,0.6451612903225806
P1,44,3,0,18,True,0.14898919077733389,0.7697190232929729,0.9481989517118323,0.6833042720139494,0.7118570183086312,0.6577777777777778,0.6891891891891891,0.6774193548387096
P1,44,3,0,19,False,0.10236047903219095,1.045084467006936,0.9761904761904762,0.6218395815170009,0.6756756756756757,0.6267629858961129,0.8243243243243243,0.41935483870967744
P1,44,3,0,20,False,0.08817374881786796,1.0377427497435183,0.9795918367346939,0.6057105492589363,0.6852659110723627,0.6103896103896104,0.8243243243243243,0.3870967741935484
P1,44,3,0,21,False,0.06564893989035717,1.146507167647637,1.0,0.6083260680034873,0.6765475152571927,0.6110674598720396,0.7972972972972973,0.41935483870967744
P1,44,3,0,22,False,0.04789522014415035,1.04288952229988,0.9965986394557823,0.5745422842197035,0.6617262423714037,0.5729880136986301,0.7297297297297297,0.41935483870967744
P1,44,3,0,23,False,0.04382000310131563,1.2698814655920225,0.9897959183673469,0.5921970357454228,0.6743679163034002,0.59505444646098,0.7972972972972973,0.3870967741935484
P1,44,3,0,24,False,0.03607776900753379,1.1763515806623868,1.0,0.5921970357454228,0.6634699215344376,0.59505444646098,0.7972972972972973,0.3870967741935484
P1,44,3,0,25,False,0.034156587153959736,1.364004993083931,1.0,0.5921970357454228,0.6656495204882301,0.59505444646098,0.7972972972972973,0.3870967741935484
P1,44,3,0,26,False,0.026746131372279845,1.2596840992569924,1.0,0.5921970357454228,0.6634699215344376,0.59505444646098,0.7972972972972973,0.3870967741935484
P1,44,3,0,27,False,0.023134944297803137,1.2892999012466697,1.0,0.5921970357454228,0.6612903225806451,0.59505444646098,0.7972972972972973,0.3870967741935484
P1,44,3,0,28,False,0.021154239052870814,1.3294818599486635,1.0,0.5921970357454228,0.6721883173496077,0.59505444646098,0.7972972972972973,0.3870967741935484
P1,44,3,0,29,False,0.01763092412147671,1.3664969079196454,1.0,0.5989537925021796,0.6726242371403661,0.6026831785345717,0.8108108108108109,0.3870967741935484
P1,44,3,0,30,False,0.01856004695246856,1.3948896566760682,0.9965986394557823,0.5989537925021796,0.6665213600697472,0.6026831785345717,0.8108108108108109,0.3870967741935484
P1,44,3,1,1,False,0.7242187582529508,0.6917581484431312,0.499163599866176,0.5,0.6081081081081081,0.4134078212290503,1.0,0.0
P1,44,3,1,2,False,0.6877199961588933,0.6846194482984997,0.536522805843649,0.5427201394943331,0.6163905841325196,0.5333333333333333,0.8918918918918919,0.1935483870967742
P1,44,3,1,3,False,0.691531227185176,0.6870488751502264,0.522805843648935,0.502615518744551,0.6381865736704446,0.43850267379679153,0.972972972972973,0.03225806451612903
P1,44,3,1,4,False,0.6727421810993781,0.6913977861404419,0.5490688078510093,0.5,0.6517000871839581,0.22794117647058823,0.0,1.0
P1,44,3,1,5,False,0.648668783215376,0.6520250922157651,0.625627300100368,0.6285963382737576,0.6952920662598082,0.6347402597402597,0.8378378378378378,0.41935483870967744
P1,44,3,1,6,False,0.6127571692833533,0.6390248713039216,0.7066465930634549,0.6833042720139494,0.7136006974716652,0.6577777777777778,0.6891891891891891,0.6774193548387096
P1,44,3,1,7,False,0.5754603365292916,0.6516444016070593,0.7026318724210996,0.5843504795117699,0.7210113339145597,0.5874001774622892,0.8783783783783784,0.2903225806451613
P1,44,3,1,8,True,0.501634527857487,0.622548260575249,0.7762350841976134,0.7035745422842197,0.7127288578901482,0.6829710144927537,0.7297297297297297,0.6774193548387096
P1,44,3,1,9,False,0.4514021403514422,0.6689158510594141,0.8166053306568529,0.6192240627724499,0.7162162162162162,0.6260683760683761,0.8513513513513513,0.3870967741935484
P1,44,3,1,10,False,0.37781726769529855,0.6973488847414653,0.8479982156797146,0.6124673060156931,0.6952920662598082,0.6181818181818182,0.8378378378378378,0.3870967741935484
P1,44,3,1,11,False,0.3037043715325686,0.7439582174732572,0.8882011821121891,0.6285963382737576,0.6883173496076722,0.6347402597402597,0.8378378378378378,0.41935483870967744
P1,44,3,1,12,False,0.28226480890925115,0.7955125031017122,0.8902085424333668,0.5963382737576286,0.6826503923278117,0.6011396011396011,0.8378378378378378,0.3548387096774194
P1,44,3,1,13,False,0.21675983185951525,0.9236232120721113,0.9263967882234861,0.6030950305143854,0.6739319965126417,0.6088210551616392,0.8513513513513513,0.3548387096774194
P1,44,3,1,14,False,0.1662822040514304,0.9102188124897934,0.95299431247909,0.6353530950305144,0.6800348735832606,0.6428152492668622,0.8513513513513513,0.41935483870967744
P1,44,3,1,15,False,0.13874428998678923,1.0939472110675914,0.963198394111743,0.6004795117698344,0.6878814298169137,0.60625,0.8783783783783784,0.3225806451612903
P1,44,3,1,16,False,0.09837200306355953,1.0695269108882972,0.9781978365116538,0.5802092414995641,0.6739319965126417,0.583583703881745,0.8378378378378378,0.3225806451612903
P1,44,3,1,17,False,0.09518386151355046,1.1882384281871574,0.9795918367346939,0.6098517872711422,0.6739319965126417,0.616601752677702,0.8648648648648649,0.3548387096774194
P1,44,3,1,18,False,0.05709145339922263,1.2913157072716526,0.9897959183673469,0.5775937227550131,0.6800348735832606,0.5800000000000001,0.8648648648648649,0.2903225806451613
P1,44,3,1,19,False,0.05411755558676445,1.3851422514367318,0.9931972789115646,0.5843504795117699,0.6726242371403661,0.5874001774622892,0.8783783783783784,0.2903225806451613
P1,44,3,1,20,False,0.03368206637410017,1.3728825974145107,0.9965986394557823,0.5775937227550131,0.6700087183958152,0.5800000000000001,0.8648648648648649,0.2903225806451613
P1,44,3,2,1,False,0.7155845556940351,0.6852123864646097,0.45553618134263296,0.5687214611872146,0.671689497716895,0.5664983164983164,0.9041095890410958,0.23333333333333334
P1,44,3,2,2,False,0.6864330848058064,0.6813437209545987,0.5773757628596339,0.5029680365296804,0.6904109589041096,0.44070765458048694,0.9726027397260274,0.03333333333333333
P1,44,3,2,3,False,0.6610314318111965,0.6997492892070881,0.6044027898866609,0.5,0.7050228310502283,0.2255639097744361,0.0,1.0
P1,44,3,2,4,False,0.6727870379175459,0.6796954881797717,0.5767218831734962,0.5029680365296804,0.7497716894977169,0.44070765458048694,0.9726027397260274,0.03333333333333333
P1,44,3,2,5,False,0.6547750302723476,0.6920345830685884,0.6002615518744551,0.5068493150684932,0.7479452054794521,0.24078624078624078,0.0136986301369863,1.0
P1,44,3,2,6,False,0.6535698155562083,0.627719444557301,0.6045117698343505,0.6687214611872145,0.7794520547945205,0.6830769230769229,0.9041095890410958,0.43333333333333335
P1,44,3,2,7,False,0.5962011913458506,0.6070384498938773,0.6829773321708805,0.6657534246575343,0.7908675799086758,0.682992104911013,0.9315068493150684,0.4
P1,44,3,2,8,False,0.5504638904616946,0.5976550694808219,0.7332170880557978,0.6922374429223744,0.7876712328767124,0.7094871794871795,0.9178082191780822,0.4666666666666667
P1,44,3,2,9,False,0.520493716498216,0.6204333970847639,0.7472755013077594,0.6589041095890411,0.7831050228310502,0.6740506329113924,0.9178082191780822,0.4
P1,44,3,2,10,False,0.43458179320607865,0.5890037049946276,0.8182214472537053,0.6963470319634704,0.7634703196347032,0.6754201680672269,0.726027397260274,0.6666666666666666
P1,44,3,2,11,True,0.3723901470502218,0.5861965429435656,0.8679163034001744,0.7413242009132419,0.7831050228310502,0.7413242009132419,0.8493150684931506,0.6333333333333333
P1,44,3,2,12,False,0.3148027698908533,0.6176038450986436,0.8902571926765475,0.7207762557077626,0.7557077625570776,0.7141747141747142,0.8082191780821918,0.6333333333333333
P1,44,3,2,13,False,0.26276596841358,0.6258459993936483,0.9131429816913688,0.7413242009132419,0.7835616438356164,0.7413242009132419,0.8493150684931506,0.6333333333333333
P1,44,3,2,14,False,0.1850261402981622,0.6406690964421022,0.9508500435919791,0.7276255707762557,0.7821917808219178,0.7231182795698925,0.821917808219178,0.6333333333333333
P1,44,3,2,15,False,0.19639505094715526,0.6342108672104992,0.9407149084568439,0.7207762557077626,0.7890410958904109,0.7141747141747142,0.8082191780821918,0.6333333333333333
P1,44,3,2,16,False,0.17880816055195672,0.6665419398002255,0.9300348735832606,0.7207762557077626,0.7753424657534247,0.7141747141747142,0.8082191780821918,0.6333333333333333
P1,44,3,2,17,False,0.15878700472059704,0.6812129576229354,0.95346556233653,0.7178082191780821,0.782648401826484,0.7178082191780821,0.8356164383561644,0.6
P1,44,3,2,18,False,0.12629595966566176,0.6769936593990882,0.9737358326068004,0.7344748858447488,0.7853881278538812,0.7321650650084794,0.8356164383561644,0.6333333333333333
P1,44,3,2,19,False,0.10206717895787387,0.689669452535296,0.9737358326068004,0.7178082191780821,0.8031963470319635,0.7178082191780821,0.8356164383561644,0.6
P1,44,3,2,20,False,0.08735764718481473,0.778721142741083,0.9784219703574543,0.691324200913242,0.791324200913242,0.6968091369363005,0.8493150684931506,0.5333333333333333
P1,44,3,2,21,False,0.06601200457662344,0.7051279614272626,0.9818003487358327,0.7070776255707762,0.7863013698630137,0.6965630114566286,0.7808219178082192,0.6333333333333333
P1,44,3,2,22,False,0.05832419111615136,0.8835540222890169,0.9898648648648649,0.6648401826484018,0.7780821917808219,0.6737329434697856,0.863013698630137,0.4666666666666667
P1,44,3,2,23,False,0.05208978017880803,0.8283205098897508,0.985178727114211,0.6815068493150684,0.8004566210045662,0.6899458157736302,0.863013698630137,0.5
P1,44,4,0,1,False,0.719202669767233,0.6873696735927037,0.45829151332664214,0.5,0.6992153443766347,0.4134078212290503,1.0,0.0
P1,44,4,0,2,False,0.6955946340010717,0.6859857871418907,0.500836400133824,0.5472972972972973,0.7327811682650393,0.32672983060579963,0.0945945945945946,1.0
P1,44,4,0,3,False,0.709764498930711,0.6771162708600362,0.44936991189918596,0.6285963382737576,0.7554489973844812,0.6347402597402597,0.8378378378378378,0.41935483870967744
P1,44,4,0,4,False,0.6788492374695264,0.6684131349836077,0.5799598527935764,0.5884917175239757,0.7467306015693113,0.5898989898989899,0.918918918918919,0.25806451612903225
P1,44,4,0,5,False,0.6733605150993054,0.6631984307652428,0.594847775175644,0.712510897994769,0.7628596338273758,0.6412411118293471,0.5540540540540541,0.8709677419354839
P1,44,4,0,6,False,0.6557156787468836,0.634882732800075,0.6356641017062563,0.6353530950305144,0.7611159546643418,0.6428152492668622,0.8513513513513513,0.41935483870967744
P1,44,4,0,7,False,0.6117228601987545,0.6242124006861732,0.6902531504405041,0.6368788142981692,0.7388840453356582,0.6489197530864197,0.918918918918919,0.3548387096774194
P1,44,4,0,8,False,0.5852841070065131,0.6346987749849047,0.7032452325192372,0.6503923278116827,0.7532693984306887,0.6659597030752916,0.9459459459459459,0.3548387096774194
P1,44,4,0,9,True,0.5207563650149566,0.5792078949156262,0.7326307572209212,0.7253705318221447,0.7707061900610288,0.7253705318221447,0.8378378378378378,0.6129032258064516
P1,44,4,0,10,False,0.4664710588180102,0.5966695081619989,0.7632430021188803,0.6952920662598082,0.7428073234524848,0.6567307692307692,0.6486486486486487,0.7419354838709677
P1,44,4,0,11,False,0.42560434685303616,0.5868332845824106,0.8070146091223375,0.7061900610287708,0.7506538796861377,0.6785185185185185,0.7027027027027027,0.7096774193548387
P1,44,4,0,12,False,0.35271521084583723,0.5870741551830655,0.8588156574105053,0.7009590235396688,0.7602441150828247,0.687018193031144,0.7567567567567568,0.6451612903225806
P1,44,4,0,13,False,0.27817290706130177,0.6746788601080577,0.9216014274562284,0.6649956408020924,0.7445510026155188,0.6759259259259259,0.8783783783783784,0.45161290322580644
P1,44,4,0,14,False,0.21400127961085394,0.7064743789888563,0.9318055090888815,0.6608544027898866,0.7244986922406277,0.6665154264972777,0.8378378378378378,0.4838709677419355
P1,44,4,0,15,False,0.1718992076527614,0.7941077894398144,0.9434035909445746,0.5989537925021796,0.7040104620749782,0.6026831785345717,0.8108108108108109,0.3870967741935484
P1,44,4,0,16,False,0.13375747203826904,0.800198015215851,0.9781978365116538,0.5880557977332171,0.6918047079337402,0.588055797733217,0.7567567567567568,0.41935483870967744
P1,44,4,0,17,False,0.10222715339981593,0.8354845042384806,0.9679937548790007,0.6473408892763732,0.7101133391455972,0.6500000000000001,0.8108108108108109,0.4838709677419355
P1,44,4,0,18,False,0.07358117229663409,1.0380400394133869,0.9965986394557823,0.5937227550130776,0.6795989537925021,0.5985941546429893,0.8648648648648649,0.3225806451612903
P1,44,4,0,19,False,0.05562215198117953,0.9910941204677025,0.9965986394557823,0.5963382737576286,0.6896251089799477,0.6011396011396011,0.8378378378378378,0.3548387096774194
P1,44,4,0,20,False,0.053269180111013927,1.122118766579245,0.9781978365116538,0.5895815170008718,0.6857018308631212,0.5935483870967742,0.8243243243243243,0.3548387096774194
P1,44,4,0,21,False,0.03542881000500459,1.1211475736195489,1.0,0.5734524847428073,0.6782911944202267,0.5762108262108261,0.8243243243243243,0.3225806451612903
P1,44,4,1,1,False,0.7188411561342386,0.6861910178547814,0.4252258280361325,0.5146033129904097,0.590671316477768,0.48043184885290147,0.9324324324324325,0.0967741935483871
P1,44,4,1,2,False,0.6933755920483515,0.7006078311375209,0.5158358425337348,0.5,0.5911072362685266,0.22794117647058823,0.0,1.0
P1,44,4,1,3,False,0.6744976593897893,0.6932434496425447,0.5754990520798483,0.5695292066259808,0.5919790758500436,0.4852941176470589,0.36486486486486486,0.7741935483870968
P1,44,4,1,4,False,0.6450420480508071,0.6772501224563235,0.666610906657745,0.5921970357454228,0.6194420226678291,0.59505444646098,0.7972972972972973,0.3870967741935484
P1,44,4,1,5,False,0.6106961954098481,0.6878112628346398,0.6670569867291178,0.5520924149956408,0.6246730601569311,0.5477091763477353,0.8783783783783784,0.22580645161290322
P1,44,4,1,6,False,0.5394529706010451,0.7098386673700242,0.7686517229842758,0.5808631211857018,0.6155187445510026,0.5557692307692308,0.581081081081081,0.5806451612903226
P1,44,4,1,7,False,0.4832009317783209,0.7178802186534519,0.7709936433589829,0.5771578029642546,0.6364428945074107,0.5725915875169607,0.7027027027027027,0.45161290322580644
P1,44,4,1,8,False,0.4174058993275349,0.7714803772313255,0.8220140515222483,0.5771578029642546,0.6238012205754141,0.5725915875169607,0.7027027027027027,0.45161290322580644
P1,44,4,1,9,True,0.36914029316260266,0.7871394458271208,0.8595962975354076,0.5959023539668701,0.6294681778552746,0.5850643428918837,0.6756756756756757,0.5161290322580645
P1,44,4,1,10,False,0.3319576159119606,0.900883810151191,0.8698003791680606,0.5771578029642546,0.6229293809938972,0.5725915875169607,0.7027027027027027,0.45161290322580644
P1,44,4,1,11,False,0.3404073663629018,0.9001401730236553,0.8629976580796253,0.5704010462074978,0.6142109851787271,0.5650372825186413,0.6891891891891891,0.45161290322580644
P1,44,4,1,12,False,0.2642149200233129,0.9506637073698498,0.8929965428794469,0.5786835222319093,0.6390584132519617,0.5800000000000001,0.7702702702702703,0.3870967741935484
P1,44,4,1,13,False,0.335823728917883,0.9280432117836815,0.835619493699119,0.5959023539668701,0.6281604184829991,0.5850643428918837,0.6756756756756757,0.5161290322580645
P1,44,4,1,14,False,0.21693649945350793,0.9897417717746326,0.9263967882234861,0.5636442894507411,0.6342632955536182,0.5575084798026518,0.6756756756756757,0.45161290322580644
P1,44,4,1,15,False,0.19255267585126254,1.0743614442646503,0.912010705921713,0.5812990409764603,0.6316477768090671,0.5804988662131518,0.7432432432432432,0.41935483870967744
P1,44,4,1,16,False,0.16428002170645273,1.0908770922039237,0.9481989517118323,0.5677855274629469,0.6399302528334786,0.5655172413793104,0.7162162162162162,0.41935483870967744
P1,44,4,1,17,False,0.13558816616065228,1.1034987824658553,0.9495929519348723,0.5486050566695728,0.6246730601569311,0.530885780885781,0.581081081081081,0.5161290322580645
P1,44,4,1,18,False,0.11391261656983541,1.1294439217873982,0.9611910337905654,0.5527462946817785,0.6408020924149956,0.5409379968203498,0.6216216216216216,0.4838709677419355
P1,44,4,1,19,False,0.0858540700462002,1.2928195920817198,0.9829931972789115,0.5719267654751525,0.6425457715780296,0.5725602376499064,0.7567567567567568,0.3870967741935484
P1,44,4,1,20,False,0.07604250820496908,1.3705337359525618,0.9734024757443961,0.5745422842197035,0.6229293809938972,0.5729880136986301,0.7297297297297297,0.41935483870967744
P1,44,4,1,21,False,0.061783355015974775,1.3460507037206775,0.9863945578231292,0.5542720139494333,0.6312118570183086,0.5506732073896252,0.6891891891891891,0.41935483870967744
P1,44,4,2,1,False,0.722331204300835,0.6975674345655348,0.4385353095030514,0.5,0.5684931506849316,0.2255639097744361,0.0,1.0
P1,44,4,2,2,False,0.6928471826371693,0.6848084874523496,0.5433740191804708,0.5,0.6159817351598174,0.41477272727272724,1.0,0.0
P1,44,4,2,3,False,0.6928494430723644,0.687705740187932,0.5061028770706191,0.5,0.6643835616438356,0.2255639097744361,0.0,1.0
P1,44,4,2,4,False,0.6798817697025481,0.666631164481339,0.5654969485614647,0.623744292237443,0.682648401826484,0.623744292237443,0.7808219178082192,0.4666666666666667
P1,44,4,2,5,False,0.6774717705590384,0.6521060553569238,0.5602659110723627,0.6785388127853882,0.7178082191780822,0.6913086913086914,0.8904109589041096,0.4666666666666667
P1,44,4,2,6,False,0.639248860450018,0.6424994005740268,0.6562772449869223,0.6059360730593607,0.7584474885844749,0.6112078977932636,0.9452054794520548,0.26666666666666666
P1,44,4,2,7,False,0.6313520397458757,0.5981864755593457,0.6024411508282477,0.6755707762557077,0.8031963470319635,0.6920577148056675,0.9178082191780822,0.43333333333333335
P1,44,4,2,8,False,0.5679957457951137,0.5951602742509935,0.6730601569311246,0.6490867579908676,0.7945205479452054,0.6641304347826087,0.9315068493150684,0.36666666666666664
P1,44,4,2,9,False,0.5203553503467924,0.5554277891094245,0.7818221447253706,0.710958904109589,0.7858447488584475,0.7088750706613907,0.821917808219178,0.6
P1,44,4,2,10,False,0.4546470352581569,0.5529731624913448,0.8075414123801221,0.702054794520548,0.7853881278538812,0.717032967032967,0.9041095890410958,0.5
P1,44,4,2,11,False,0.4334492286046346,0.6195082039509004,0.8195292066259808,0.6559360730593607,0.7995433789954338,0.6730158730158731,0.9452054794520548,0.36666666666666664
P1,44,4,2,12,False,0.371760020511491,0.6249742988243844,0.8283565823888405,0.6559360730593607,0.7835616438356164,0.6730158730158731,0.9452054794520548,0.36666666666666664
P1,44,4,2,13,True,0.3180116971333822,0.5995974199285785,0.8626852659110724,0.7285388127853881,0.7831050228310502,0.7395544852498495,0.8904109589041096,0.5666666666666667
P1,44,4,2,14,False,0.2726907900401524,0.5837954253826326,0.9043156059285091,0.7276255707762557,0.7698630136986301,0.7231182795698925,0.821917808219178,0.6333333333333333
P1,44,4,2,15,False,0.21148982679560072,0.6241837424560658,0.9454010462074978,0.7246575342465753,0.7547945205479452,0.726853453245705,0.8493150684931506,0.6
P1,44,4,2,16,False,0.18569194333893912,0.6811550826702303,0.9461639058413251,0.6874429223744292,0.7493150684931507,0.6855850763143019,0.8082191780821918,0.5666666666666667
P1,44,4,2,17,False,0.132378791450035,0.7840518051559485,0.970357454228422,0.6171232876712329,0.717351598173516,0.5693728731161887,0.5342465753424658,0.7
P1,44,4,2,18,False,0.09839687631243751,0.7753024283543374,0.9797297297297297,0.7011415525114155,0.728310502283105,0.7031015796148968,0.8356164383561644,0.5666666666666667
P1,44,4,2,19,False,0.06842361575081235,0.8227516861216536,0.9898648648648649,0.6561643835616437,0.7127853881278539,0.6404316090130118,0.7123287671232876,0.6
P1,44,4,2,20,False,0.049732748738357,0.8627045226907267,0.9966216216216216,0.6424657534246575,0.7009132420091324,0.6238914971309337,0.684931506849315,0.6
P1,44,4,2,21,False,0.048559170500153584,0.9255066508228339,0.9898648648648649,0.6317351598173515,0.6990867579908676,0.6038461538461539,0.6301369863013698,0.6333333333333333
P1,44,4,2,22,False,0.03543042055375519,0.9454401283009538,0.9966216216216216,0.6972602739726027,0.7187214611872146,0.6913086913086912,0.7945205479452054,0.6
P1,44,4,2,23,False,0.03004475737966242,0.9316651773394891,0.9966216216216216,0.6630136986301369,0.7132420091324201,0.648763853367434,0.726027397260274,0.6
P1,44,4,2,24,False,0.029215548209114265,0.9699494479929359,0.9966216216216216,0.6865296803652967,0.7127853881278539,0.6707161125319693,0.7397260273972602,0.6333333333333333
P1,44,4,2,25,False,0.022511373087763787,0.982949196713642,1.0,0.7002283105022831,0.7077625570776256,0.687878787878788,0.7671232876712328,0.6333333333333333
P2,42,0,0,1,False,0.6938370108604431,0.7032502497945513,0.511028558161133,0.5,0.562772449869224,0.22794117647058823,0.0,1.0
P2,42,0,0,2,False,0.6999780087936215,0.6819408070473444,0.5116090085906664,0.5536181342632955,0.5832606800348736,0.5367647058823529,0.9459459459459459,0.16129032258064516
P2,42,0,0,3,False,0.6726473651281217,0.6776324998764764,0.5777803575574646,0.6004795117698344,0.5911072362685266,0.60625,0.8783783783783784,0.3225806451612903
P2,42,0,0,4,False,0.6548087893462763,0.6669175931385585,0.6058741583468772,0.6015693112467306,0.6024411508282476,0.6033333333333334,0.7837837837837838,0.41935483870967744
P2,42,0,0,5,False,0.6265102145148487,0.6715769268217541,0.6718713721848154,0.5575414123801221,0.6346992153443767,0.49229084937505707,0.40540540540540543,0.7096774193548387
P2,42,0,0,6,False,0.6021985629709755,0.6356800312087649,0.6170768516368702,0.6676111595466434,0.6761115954664342,0.6749226006191951,0.8513513513513513,0.4838709677419355
P2,42,0,0,7,False,0.5646847742359813,0.6460805484226771,0.7246923612723473,0.5823888404533566,0.6678291194420227,0.5695430456954305,0.6486486486486487,0.5161290322580645
P2,42,0,0,8,False,0.5418848002829203,0.6393348864146642,0.7650917111678662,0.6630340017436791,0.6883173496076722,0.6328671328671329,0.6486486486486487,0.6774193548387096
P2,42,0,0,9,False,0.49940662543948106,0.6270589459510076,0.7721151613652194,0.6582388840453357,0.7074978204010463,0.6674486803519062,0.8648648648648649,0.45161290322580644
P2,42,0,0,10,False,0.4570097568558484,0.6472796618938446,0.7888901787787324,0.6312118570183086,0.7048823016564952,0.6346391289707038,0.8108108108108109,0.45161290322580644
P2,42,0,0,11,False,0.4249469283150464,0.6913181668236142,0.8316113303923844,0.6708805579773321,0.6809067131647777,0.6173254835996635,0.5675675675675675,0.7741935483870968
P2,42,0,0,12,False,0.4044082358116057,0.6622429928609304,0.8159391687949848,0.590671316477768,0.7031386224934612,0.5877984084880636,0.7297297297297297,0.45161290322580644
P2,42,0,0,13,False,0.3508815381585098,0.8606642722373917,0.8364871140004644,0.5562336530078466,0.7262423714036618,0.5467205124634452,0.918918918918919,0.1935483870967742
P2,42,0,0,14,False,0.33416962725360216,0.7121731956090246,0.863884374274437,0.5828247602441151,0.6948561464690497,0.5860389610389609,0.8108108108108109,0.3548387096774194
P2,42,0,0,15,False,0.26207824073186736,0.8009388250609238,0.911655444625029,0.5843504795117699,0.7005231037489102,0.5874001774622892,0.8783783783783784,0.2903225806451613
P2,42,0,0,16,False,0.20773281818482933,0.8468812063868557,0.923554678430462,0.5911072362685266,0.6948561464690497,0.5949074074074074,0.8918918918918919,0.2903225806451613
P2,42,0,0,17,False,0.19226425250129,0.9210552084658827,0.9405038309728349,0.6207497820401047,0.6904969485614647,0.629943871557238,0.918918918918919,0.3225806451612903
P2,42,0,0,18,True,0.20009632728448729,0.7912626280316285,0.9268052008358486,0.7009590235396688,0.6935483870967742,0.687018193031144,0.7567567567567568,0.6451612903225806
P2,42,0,0,19,False,0.15201612551037857,0.8799657642663944,0.952403064778268,0.5802092414995641,0.6926765475152572,0.583583703881745,0.8378378378378378,0.3225806451612903
P2,42,0,0,20,False,0.12950638539907408,0.8634674641348067,0.9574529835152078,0.6405841325196164,0.7005231037489102,0.6418747937066783,0.7972972972972973,0.4838709677419355
P2,42,0,0,21,False,0.12626817064677798,1.1060016655274445,0.9506036684467147,0.5520924149956408,0.6900610287707062,0.5477091763477353,0.8783783783783784,0.22580645161290322
P2,42,0,0,22,False,0.12524830040226623,1.1135881062951827,0.9607035059205944,0.5775937227550131,0.6944202266782912,0.5800000000000001,0.8648648648648649,0.2903225806451613
P2,42,0,0,23,False,0.07240501651313247,1.0995657453867829,0.9931506849315068,0.5573234524847428,0.6891891891891891,0.5583463526018508,0.8243243243243243,0.2903225806451613
P2,42,0,0,24,False,0.06988644872496767,1.2075192970822433,0.9931506849315068,0.5614646904969486,0.6791630340017437,0.5607808340727595,0.8648648648648649,0.25806451612903225
P2,42,0,0,25,False,0.06504612197963203,1.2607009688924466,0.9965753424657534,0.5614646904969486,0.6822144725370531,0.5607808340727595,0.8648648648648649,0.25806451612903225
P2,42,0,0,26,False,0.04840839056343567,1.1749025627893086,0.9965753424657534,0.5963382737576286,0.6992153443766347,0.6011396011396011,0.8378378378378378,0.3548387096774194
P2,42,0,0,27,False,0.0368178013257864,1.205169756833597,1.0,0.5963382737576286,0.6970357454228422,0.6011396011396011,0.8378378378378378,0.3548387096774194
P2,42,0,0,28,False,0.03788487116420051,1.3140176173942608,1.0,0.5708369659982563,0.7088055797733217,0.5726970033296337,0.8513513513513513,0.2903225806451613
P2,42,0,0,29,False,0.031180818724196133,1.3688550825053383,0.9965753424657534,0.5614646904969486,0.6983435047951178,0.5607808340727595,0.8648648648648649,0.25806451612903225
P2,42,0,0,30,False,0.027314817541983068,1.3318638123023057,1.0,0.6098517872711422,0.7027027027027027,0.616601752677702,0.8648648648648649,0.3548387096774194
P2,42,0,1,1,False,0.6874395539795143,0.6833269561378701,0.5146258503401361,0.4910958904109589,0.6465753424657534,0.290912667191188,0.0821917808219178,0.9
P2,42,0,1,2,False,0.687214087748873,0.6674107816612836,0.5168367346938776,0.5598173515981735,0.6570776255707762,0.5353383458646617,0.9863013698630136,0.13333333333333333
P2,42,0,1,3,False,0.6981246828457007,0.6636604047516017,0.5243197278911564,0.6246575342465753,0.6575342465753424,0.6316438525095573,0.8493150684931506,0.4
P2,42,0,1,4,False,0.6691223040295108,0.6573869678580645,0.596938775510204,0.5764840182648402,0.6703196347031963,0.5624183006535948,0.9863013698630136,0.16666666666666666
P2,42,0,1,5,False,0.6680226783821548,0.6605960356379018,0.592687074829932,0.5598173515981735,0.6831050228310502,0.5353383458646617,0.9863013698630136,0.13333333333333333
P2,42,0,1,6,False,0.5884203481789373,0.7168733442871316,0.7076530612244898,0.5547945205479452,0.6730593607305936,0.3387654320987654,0.1095890410958904,1.0
P2,42,0,1,7,False,0.65187258420935,0.6181695767976705,0.6144557823129252,0.6070776255707763,0.6945205479452055,0.6080940850916638,0.7808219178082192,0.43333333333333335
P2,42,0,1,8,False,0.5691373132277227,0.6560158943666995,0.7222789115646259,0.5990867579908675,0.6863013698630137,0.6032244257383365,0.9315068493150684,0.26666666666666666
P2,42,0,1,9,False,0.5521262768961958,0.6257881753652998,0.6816326530612244,0.6728310502283105,0.691324200913242,0.6537815126050419,0.7123287671232876,0.6333333333333333
P2,42,0,1,10,False,0.4982141725682982,0.637814453504618,0.7755102040816326,0.6796803652968036,0.6949771689497717,0.6622236327091928,0.726027397260274,0.6333333333333333
P2,42,0,1,11,False,0.4275917118586204,0.6468919637133774,0.782312925170068,0.6787671232876712,0.7068493150684931,0.6455465587044534,0.6575342465753424,0.7
P2,42,0,1,12,False,0.4005157502665036,0.6435142518247216,0.8452380952380952,0.6924657534246574,0.7136986301369863,0.6625716625716627,0.684931506849315,0.7
P2,42,0,1,13,False,0.3328835013983906,0.677713011074992,0.8690476190476191,0.6511415525114155,0.7200913242009133,0.6566666666666666,0.8356164383561644,0.4666666666666667
P2,42,0,1,14,False,0.27373695229562583,0.6366320486786297,0.8857142857142857,0.6933789954337899,0.7415525114155251,0.6792655427896488,0.7534246575342466,0.6333333333333333
P2,42,0,1,15,False,0.20065082134543985,0.6701118781149966,0.9428571428571428,0.6904109589041096,0.7429223744292237,0.6826584507042253,0.7808219178082192,0.6
P2,42,0,1,16,False,0.13408377453468848,0.7008044326189652,0.9681972789115646,0.6561643835616437,0.7278538812785388,0.6404316090130118,0.7123287671232876,0.6
P2,42,0,1,17,False,0.09538661325035463,0.7987886262171476,0.9965986394557823,0.6424657534246575,0.7214611872146118,0.6238914971309337,0.684931506849315,0.6
P2,42,0,1,18,False,0.07123196785504692,0.9002686909680228,1.0,0.6668949771689497,0.7063926940639269,0.6599911971830985,0.7671232876712328,0.5666666666666667
P2,42,0,1,19,False,0.05268678515429658,0.9669644002196858,0.9965986394557823,0.6874429223744292,0.7050228310502283,0.6855850763143019,0.8082191780821918,0.5666666666666667
P2,42,0,1,20,False,0.029241213062103245,0.9440237885539972,1.0,0.6737442922374429,0.7255707762557078,0.6684426684426684,0.7808219178082192,0.5666666666666667
P2,42,0,1,21,False,0.02255424380230443,0.9811809094785486,1.0,0.680593607305936,0.7228310502283105,0.6769713261648747,0.7945205479452054,0.5666666666666667
P2,42,0,1,22,False,0.018921442476105717,1.1703521250521096,1.0,0.7118721461187214,0.7141552511415525,0.7239278752436648,0.8904109589041096,0.5333333333333333
P2,42,0,1,23,False,0.01563084822885944,1.1660245720622608,1.0,0.7079908675799087,0.7059360730593607,0.712022367194781,0.8493150684931506,0.5666666666666667
P2,42,0,1,24,False,0.012992529826157766,1.1027745416442167,1.0,0.6737442922374429,0.7146118721461188,0.6684426684426684,0.7808219178082192,0.5666666666666667
P2,42,0,1,25,False,0.015007821145660924,1.1350725084832571,1.0,0.7079908675799087,0.7264840182648402,0.712022367194781,0.8493150684931506,0.5666666666666667
P2,42,0,1,26,True,0.012157833815556794,1.1921633597716546,1.0,0.7148401826484019,0.723744292237443,0.7210644059813964,0.863013698630137,0.5666666666666667
P2,42,0,1,27,False,0.008714574456646822,1.2168719279534608,1.0,0.6844748858447489,0.7150684931506849,0.6880242311276794,0.8356164383561644,0.5333333333333333
P2,42,0,1,28,False,0.00853406386854856,1.181752144711689,1.0,0.7011415525114155,0.7242009132420091,0.7031015796148968,0.8356164383561644,0.5666666666666667
P2,42,0,1,29,False,0.008637529797289647,1.2678935114041114,1.0,0.7011415525114155,0.7123287671232876,0.7031015796148968,0.8356164383561644,0.5666666666666667
P2,42,0,1,30,False,0.005309683046920072,1.2429911948523475,1.0,0.6942922374429223,0.7178082191780822,0.6942922374429223,0.821917808219178,0.5666666666666667
P2,42,0,1,31,False,0.004834238806478499,1.3076438709948828,1.0,0.6776255707762557,0.7109589041095891,0.6793497059840885,0.821917808219178,0.5333333333333333
P2,42,0,1,32,False,0.00962481277000501,1.2528172022509343,0.9965986394557823,0.7079908675799087,0.7242009132420091,0.712022367194781,0.8493150684931506,0.5666666666666667
P2,42,0,1,33,False,0.004165881634509902,1.2784427803696938,1.0,0.7079908675799087,0.7219178082191781,0.712022367194781,0.8493150684931506,0.5666666666666667
P2,42,0,1,34,False,0.00737165784292319,1.3751886411777978,1.0,0.6981735159817352,0.7132420091324201,0.7057142857142857,0.863013698630137,0.5333333333333333
P2,42,0,1,35,False,0.0059615553127250805,1.2439220941182478,1.0,0.6874429223744292,0.7301369863013699,0.6855850763143019,0.8082191780821918,0.5666666666666667
P2,42,0,1,36,False,0.004175428325278855,1.3149653221797017,1.0,0.6776255707762557,0.7187214611872146,0.6793497059840885,0.821917808219178,0.5333333333333333
P2,42,0,1,37,False,0.005009096437516276,1.3384286492194943,1.0,0.6776255707762557,0.717351598173516,0.6793497059840885,0.821917808219178,0.5333333333333333
P2,42,0,1,38,False,0.0039828051931049295,1.3129270270611475,1.0,0.6942922374429223,0.7210045662100457,0.6942922374429223,0.821917808219178,0.5666666666666667
P2,42,0,2,1,False,0.7109128764042487,0.6810647751770768,0.4694435151109624,0.5689655172413793,0.6102975909305621,0.5481127060074429,1.0,0.13793103448275862
P2,42,0,2,2,False,0.6962934526113363,0.6760531383402207,0.5119326419092227,0.5833726972130373,0.6405290505432215,0.5870445344129555,0.821917808219178,0.3448275862068966
P2,42,0,2,3,False,0.6809543027327611,0.6639886054338193,0.5616148098583695,0.5932923948984412,0.6891828058573453,0.5957317073170731,0.9452054794520548,0.2413793103448276
P2,42,0,2,4,False,0.6705834429997665,0.6585868795712789,0.5816884130701461,0.5819555975436939,0.7269721303731695,0.4258540372670807,0.2328767123287671,0.9310344827586207
P2,42,0,2,5,False,0.6569305131068597,0.6276182380377078,0.6508308241329319,0.6173830892772791,0.7553141237600378,0.6268292682926829,0.958904109589041,0.27586206896551724
P2,42,0,2,6,False,0.6372650082294757,0.6155646636205561,0.5996431359429018,0.5932923948984412,0.761927255550307,0.5957317073170731,0.9452054794520548,0.2413793103448276
P2,42,0,2,7,False,0.60233051272539,0.6254889129423628,0.6542321846771495,0.5932923948984412,0.769485120453472,0.5957317073170731,0.9452054794520548,0.2413793103448276
P2,42,0,2,8,False,0.569701625750615,0.5788257583683613,0.7046392327422772,0.6589513462446859,0.778932451582428,0.673076923076923,0.9041095890410958,0.41379310344827586
P2,42,0,2,9,False,0.506505841246018,0.5594134359967475,0.7428348388535742,0.6868209730751063,0.786017949929145,0.6868209730751063,0.821917808219178,0.5517241379310345
P2,42,0,2,10,False,0.4616774916648865,0.5672992222449359,0.7866064458570313,0.7352385451110062,0.77420878601795,0.7177642501383509,0.7808219178082192,0.6896551724137931
P2,42,0,2,11,False,0.40912026396164525,0.627030088036668,0.8350061336009813,0.6693434104865376,0.7666509211147851,0.6820779220779221,0.8904109589041096,0.4482758620689655
P2,42,0,2,12,False,0.35008021329457945,0.7041483302326763,0.8684063789450206,0.665800661313179,0.7505904581955598,0.6820707412928582,0.9178082191780822,0.41379310344827586
P2,42,0,2,13,False,0.2922963308027157,0.6017398536205292,0.8882011821121891,0.7352385451110062,0.7699574870099197,0.7177642501383509,0.7808219178082192,0.6896551724137931
P2,42,0,2,14,False,0.24056670184318835,0.5761585200534147,0.9086093453774953,0.7250826641473784,0.788379782711384,0.6955223880597015,0.726027397260274,0.7241379310344828
P2,42,0,2,15,True,0.18373385802484477,0.5722027678115695,0.9468049514887922,0.7631081719414265,0.8058573452999528,0.7153488372093023,0.6986301369863014,0.8275862068965517
P2,42,0,2,16,False,0.13791455070559794,0.7247180856910407,0.9597970335675253,0.6728861596598961,0.7657061880018895,0.6813694864425841,0.863013698630137,0.4827586206896552
P2,42,0,2,17,False,0.10357542851796517,0.7579808530269885,0.9652057544329207,0.6317902692489372,0.7543693906471421,0.6303915838690825,0.7808219178082192,0.4827586206896552
P2,42,0,2,18,False,0.08361612679436803,0.7119170850982853,0.9897959183673469,0.6972130373169579,0.7794048181388757,0.6930555555555555,0.8082191780821918,0.5862068965517241
P2,42,0,2,19,False,0.05595824050788696,0.774315811255399,0.9850005576000892,0.6558809636277751,0.769485120453472,0.6542372881355933,0.7945205479452054,0.5172413793103449
P2,42,0,2,20,False,0.043831446243879885,0.8099113710078538,1.0,0.6386395843174303,0.7756258856872933,0.6386395843174303,0.7945205479452054,0.4827586206896552
P2,42,0,2,21,False,0.03493125079414593,0.8568372445947984,0.9965986394557823,0.6972130373169579,0.7680680207841285,0.6930555555555555,0.8082191780821918,0.5862068965517241
P2,42,0,2,22,False,0.030539825128821228,0.8977038895382601,0.9965986394557823,0.6521020311761927,0.776570618800189,0.6642527978933509,0.8904109589041096,0.41379310344827586
P2,42,0,2,23,False,0.017977291897225838,1.0154660585902484,1.0,0.6452527161076995,0.7661785545583373,0.6555844155844156,0.8767123287671232,0.41379310344827586
P2,42,0,2,24,False,0.02024221507151826,0.9223420457074455,1.0,0.6936702881435994,0.778932451582428,0.6956677407805227,0.8356164383561644,0.5517241379310345
P2,42,0,2,25,False,0.013207441531659033,1.0492174300346888,1.0,0.696976854038734,0.7675956542276807,0.7068599275271774,0.8767123287671232,0.5172413793103449
P2,42,0,2,26,False,0.011893680838581461,0.894917161295227,1.0,0.7420878601794993,0.7803495512517714,0.7267857142857144,0.7945205479452054,0.6896551724137931
P2,42,0,2,27,False,0.01633118534496484,0.92598826876458,0.9918032786885246,0.721303731695796,0.7864903164855929,0.7166666666666667,0.821917808219178,0.6206896551724138
P2,42,1,0,1,False,0.7040444897568744,0.6817801418758574,0.5340136054421769,0.5442458587619878,0.6325196163905842,0.5180538555691554,0.9594594594594594,0.12903225806451613
P2,42,1,0,2,False,0.6857384803214511,0.6765106439590454,0.570578231292517,0.5510026155187446,0.6464690496948562,0.524293079206374,0.972972972972973,0.12903225806451613
P2,42,1,0,3,False,0.6830027993174567,0.6752639361790248,0.5231292517006803,0.5932868352223191,0.6460331299040977,0.5867854183927093,0.7027027027027027,0.4838709677419355
P2,42,1,0,4,False,0.6765934522601141,0.6818849972316197,0.5636054421768708,0.5483870967741935,0.6525719267654752,0.5086898395721925,1.0,0.0967741935483871
P2,42,1,0,5,False,0.6556190448106775,0.6546683112780253,0.5948979591836735,0.6098517872711422,0.6386224934612031,0.616601752677702,0.8648648648648649,0.3548387096774194
P2,42,1,0,6,False,0.6123202549662567,0.6641578563622066,0.6522108843537415,0.5843504795117699,0.6142109851787271,0.5874001774622892,0.8783783783783784,0.2903225806451613
P2,42,1,0,7,False,0.5867787219476008,0.6708901916231428,0.7062925170068027,0.6041848299912816,0.6207497820401047,0.6031746031746033,0.7567567567567568,0.45161290322580644
P2,42,1,0,8,False,0.5579552094717533,0.6867092731453124,0.6901360544217687,0.6176983435047951,0.6142109851787271,0.6187699416877545,0.7837837837837838,0.45161290322580644
P2,42,1,0,9,True,0.5002235100753065,0.7165846225761232,0.7642857142857142,0.6488666085440279,0.6294681778552746,0.6592957577214277,0.8783783783783784,0.41935483870967744
P2,42,1,0,10,False,0.48891576937431297,0.7316746774173918,0.7828231292517007,0.6124673060156931,0.6377506538796861,0.6181818181818182,0.8378378378378378,0.3870967741935484
P2,42,1,0,11,False,0.425135999917984,0.7246972770208404,0.807312925170068,0.5948125544899738,0.6477768090671316,0.5956650896688305,0.7702702702702703,0.41935483870967744
P2,42,1,0,12,False,0.3687763764086553,0.7417346139394102,0.8267006802721089,0.6285963382737576,0.6612903225806451,0.6347402597402597,0.8378378378378378,0.41935483870967744
P2,42,1,0,13,False,0.32367786750701316,0.7614059473432245,0.8724489795918368,0.6270706190061028,0.6608544027898866,0.6258503401360545,0.7702702702702703,0.4838709677419355
P2,42,1,0,14,False,0.271971360064935,0.806896384769962,0.9141156462585034,0.5980819529206627,0.6399302528334786,0.5442792501616031,0.4864864864864865,0.7096774193548387
P2,42,1,0,15,False,0.27729787954673674,0.7895164173628603,0.8906462585034014,0.6187881429816913,0.6687009590235397,0.6063430945384537,0.6891891891891891,0.5483870967741935
P2,42,1,0,16,False,0.22325304967625706,0.7992168908850068,0.9141156462585034,0.6203138622493461,0.6743679163034002,0.6179366438356164,0.7567567567567568,0.4838709677419355
P2,42,1,0,17,False,0.20037785071681663,0.8526999914663889,0.9277210884353742,0.6375326939843069,0.6604184829991282,0.6162962962962963,0.6621621621621622,0.6129032258064516
P2,42,1,0,18,False,0.16521224552306576,0.9606097371716584,0.9409863945578232,0.5974280732345248,0.6251089799476897,0.5954623287671232,0.7432432432432432,0.45161290322580644
P2,42,1,0,19,False,0.12537053747525537,1.0183808972593398,0.9780612244897959,0.5989537925021796,0.6756756756756757,0.6026831785345717,0.8108108108108109,0.3870967741935484
P2,42,1,0,20,False,0.1272948214577304,1.0565246541651765,0.9545918367346938,0.5693112467306016,0.6673931996512642,0.5712341197822142,0.7837837837837838,0.3548387096774194
P2,42,1,0,21,False,0.09379415264452137,1.0367932215011457,0.9780612244897959,0.5786835222319093,0.6752397558849171,0.5800000000000001,0.7702702702702703,0.3870967741935484
P2,42,1,1,1,False,0.7121462913659903,0.6931127080550561,0.4425114308018289,0.5,0.6477477477477478,0.22388059701492538,0.0,1.0
P2,42,1,1,2,False,0.7157776584992042,0.6742093379680927,0.462919594067135,0.5932432432432433,0.6684684684684684,0.5890627469574838,0.9864864864864865,0.2
P2,42,1,1,3,False,0.6908034544724685,0.6698768276434678,0.5469499275119885,0.5932432432432433,0.6923423423423424,0.5890627469574838,0.9864864864864865,0.2
P2,42,1,1,4,False,0.6960869064697852,0.675474804181319,0.533288725326196,0.5004504504504504,0.7004504504504504,0.2822008360066103,0.06756756756756757,0.9333333333333333
P2,42,1,1,5,False,0.6783677614652194,0.650578132042518,0.5413739266198283,0.6855855855855856,0.7108108108108108,0.6891954022988505,0.8378378378378378,0.5333333333333333
P2,42,1,1,6,False,0.6505459100008011,0.6537735920685989,0.6212780194044831,0.5486486486486487,0.6990990990990991,0.44210136884942663,0.2972972972972973,0.8
P2,42,1,1,7,False,0.6263778335773028,0.6136435109835404,0.6482101037136165,0.6513513513513514,0.7198198198198198,0.6339544513457558,0.7027027027027027,0.6
P2,42,1,1,8,False,0.5901035356980103,0.5806267399054307,0.6834504293520687,0.7126126126126127,0.7684684684684685,0.7248677248677249,0.8918918918918919,0.5333333333333333
P2,42,1,1,9,True,0.5010534158119788,0.5810811634247119,0.7702130032340806,0.7193693693693693,0.7671171171171172,0.7341448569689593,0.9054054054054054,0.5333333333333333
P2,42,1,1,10,False,0.46711645046105754,0.6004013487925897,0.7906211664993867,0.6558558558558558,0.7594594594594595,0.6666666666666667,0.8783783783783784,0.43333333333333335
P2,42,1,1,11,False,0.4167904704809189,0.6248203435769448,0.8534069365451098,0.6527027027027027,0.7797297297297298,0.6662816069824156,0.9054054054054054,0.4
P2,42,1,1,12,False,0.3621673503747353,0.616133472094169,0.8320508531281365,0.6747747747747748,0.754054054054054,0.655486542443064,0.7162162162162162,0.6333333333333333
P2,42,1,1,13,False,0.31608520591488254,0.6631998969958379,0.8792238206758114,0.6351351351351351,0.7518018018018018,0.6323464427750773,0.7702702702702703,0.5
P2,42,1,1,14,False,0.2474130506698902,0.6901265451541314,0.912010705921713,0.622072072072072,0.7549549549549549,0.62542116881608,0.8108108108108109,0.43333333333333335
P2,42,1,1,15,False,0.21327166660473898,0.6399784179834219,0.9188134270101482,0.6986486486486486,0.7603603603603604,0.6926108374384237,0.7972972972972973,0.6
P2,42,1,1,16,False,0.17949697518577942,0.6952573381937467,0.9174194267871083,0.6819819819819819,0.7513513513513513,0.6783031374281927,0.7972972972972973,0.5666666666666667
P2,42,1,1,17,False,0.18193674796762374,0.7587278256049523,0.9386082301773169,0.6292792792792793,0.7711711711711712,0.6395841355410088,0.8918918918918919,0.36666666666666664
P2,42,1,1,18,False,0.10750844157659091,0.9904778072467217,0.9652057544329207,0.5761261261261261,0.7436936936936936,0.5749119097956308,0.918918918918919,0.23333333333333334
P2,42,1,1,19,False,0.1602273341984703,0.8707441125924771,0.9044273447083752,0.6022522522522522,0.7445945945945946,0.6075471698113208,0.8378378378378378,0.36666666666666664
P2,42,1,1,20,False,0.08451625436114577,0.8196536256716802,0.9850005576000892,0.6518018018018018,0.7391891891891892,0.6470717022441161,0.7702702702702703,0.5333333333333333
P2,42,1,1,21,False,0.07116050753169335,0.7762467838250674,0.9802051968328315,0.704954954954955,0.745945945945946,0.6855385257011782,0.7432432432432432,0.6666666666666666
P2,42,1,2,1,False,0.7026893312566018,0.6870983595986968,0.4646101019051838,0.5264840182648401,0.5424657534246575,0.47679103170432646,0.9863013698630136,0.06666666666666667
P2,42,1,2,2,False,0.6773387704169351,0.6863131089117921,0.5886685866194064,0.6219178082191781,0.5712328767123288,0.5993038493038493,0.6438356164383562,0.6
P2,42,1,2,3,False,0.6705185772414413,0.7170019913645624,0.5821887461231724,0.5166666666666667,0.6063926940639269,0.44940092165898615,1.0,0.03333333333333333
P2,42,1,2,4,False,0.6725082408868525,0.6984058659053544,0.5722197607443509,0.4979452054794521,0.617351598173516,0.30384954451954155,0.0958904109589041,0.9
P2,42,1,2,5,False,0.6445279269697564,0.674668158720998,0.6093265396544085,0.5710045662100456,0.6278538812785388,0.546073717948718,0.5753424657534246,0.5666666666666667
P2,42,1,2,6,False,0.6264686883921828,0.6705683388756317,0.6353566681435534,0.5974885844748858,0.6406392694063927,0.5625679012345679,0.5616438356164384,0.6333333333333333
P2,42,1,2,7,False,0.5841771730680785,0.6565144594433239,0.6999889233495791,0.5796803652968037,0.6538812785388128,0.5769785769785769,0.726027397260274,0.43333333333333335
P2,42,1,2,8,False,0.5499358761823919,0.6509613765096202,0.6894107221976075,0.630593607305936,0.6762557077625571,0.6318459587224721,0.7945205479452054,0.4666666666666667
P2,42,1,2,9,False,0.5256815110667471,0.6429045362379945,0.7400310146211786,0.6296803652968037,0.6940639269406392,0.6209956709956709,0.726027397260274,0.5333333333333333
P2,42,1,2,10,False,0.4848203730355039,0.6296411121933205,0.7482277359326539,0.6344748858447489,0.7095890410958904,0.6403371462974112,0.8356164383561644,0.43333333333333335
P2,42,1,2,11,False,0.4523436050666006,0.6469091339018739,0.7848914488258751,0.6050228310502282,0.7132420091324201,0.6117249447549721,0.8767123287671232,0.3333333333333333
P2,42,1,2,12,True,0.3959424981232465,0.6561432197255995,0.8388901196278246,0.6904109589041096,0.7027397260273973,0.6826584507042253,0.7808219178082192,0.6
P2,42,1,2,13,False,0.39843332510815854,0.6334798914714924,0.8340717766947275,0.641324200913242,0.7324200913242009,0.648635477582846,0.8493150684931506,0.43333333333333335
P2,42,1,2,14,False,0.3645028045588133,0.7502971777638185,0.8485268054940186,0.6089041095890411,0.7219178082191781,0.6161490683229813,0.9178082191780822,0.3
P2,42,1,2,15,False,0.3182834364010386,0.6579390960989646,0.8803721754541427,0.6335616438356164,0.726027397260274,0.6308243727598566,0.7671232876712328,0.5
P2,42,1,2,16,False,0.29052570419448415,0.6941283142682418,0.9054607886575099,0.6680365296803652,0.7132420091324201,0.623604938271605,0.6027397260273972,0.7333333333333333
P2,42,1,2,17,False,0.29996142518577396,0.6477197368168136,0.8851905183872397,0.6061643835616438,0.7310502283105023,0.5987012987012987,0.7123287671232876,0.5
P2,42,1,2,18,False,0.2001102989691011,0.7078081948085896,0.9435644661054498,0.6276255707762557,0.7351598173515982,0.6321428571428571,0.821917808219178,0.43333333333333335
P2,42,1,2,19,False,0.1781890807967437,0.692374785258932,0.9450044306601684,0.6442922374429223,0.7447488584474886,0.6482985988461085,0.821917808219178,0.4666666666666667
P2,42,1,2,20,False,0.14779636014306374,0.6982542380545903,0.9565795303500222,0.6052511415525115,0.7269406392694064,0.5862601709753836,0.6438356164383562,0.5666666666666667
P2,42,1,2,21,False,0.1318910875531475,0.7063648341928871,0.9734714222419141,0.6472602739726028,0.7424657534246575,0.6472602739726027,0.7945205479452054,0.5
P2,42,1,2,22,False,0.11375151337547736,0.7282263787047377,0.9782897651750111,0.6139269406392693,0.7388127853881279,0.6160298229263746,0.7945205479452054,0.43333333333333335
P2,42,1,2,23,False,0.09252547433501795,0.8998508253722515,0.9816681435533894,0.5824200913242009,0.7547945205479452,0.5813008130081301,0.9315068493150684,0.23333333333333334
P2,42,1,2,24,False,0.09023957081032141,0.7986808089376654,0.9816681435533894,0.6315068493150685,0.7534246575342466,0.6398601398601399,0.863013698630137,0.4
P2,42,2,0,1,False,0.7134309707632387,0.6985355292047774,0.49404761904761907,0.5067567567567568,0.6233653007846556,0.24296296296296296,0.013513513513513514,1.0
P2,42,2,0,2,False,0.6948080713622236,0.6777973623502822,0.5110544217687075,0.6000435919790759,0.6285963382737576,0.594509967644296,0.7162162162162162,0.4838709677419355
P2,42,2,0,3,False,0.6552557602596744,0.671305825596764,0.6030612244897959,0.49324324324324326,0.6569311246730601,0.41011235955056174,0.9864864864864865,0.0
P2,42,2,0,4,False,0.6644530492128381,0.6899760751497178,0.5887755102040816,0.5259372275501307,0.6451612903225806,0.3545081967213115,0.14864864864864866,0.9032258064516129
P2,42,2,0,5,False,0.6609204306406675,0.6437890438806443,0.6136054421768707,0.5978639930252834,0.6717523975588492,0.6025323064874037,0.9054054054054054,0.2903225806451613
P2,42,2,0,6,False,0.6152830276512293,0.635000247047061,0.6472789115646258,0.6229293809938972,0.6687009590235397,0.6164283477716314,0.7297297297297297,0.5161290322580645
P2,42,2,0,7,False,0.5686928547810817,0.6291258516765776,0.726360544217687,0.6390584132519617,0.6743679163034002,0.630281690140845,0.7297297297297297,0.5483870967741935
P2,42,2,0,8,False,0.5312129048909542,0.7177173733711243,0.7054421768707483,0.6100697471665213,0.6543156059285091,0.5394736842105263,0.44594594594594594,0.7741935483870968
P2,42,2,0,9,False,0.5386144397915273,0.6307529148601351,0.7154761904761905,0.6364428945074107,0.6861377506538797,0.6323607427055702,0.7567567567567568,0.5161290322580645
P2,42,2,0,10,False,0.46512966253907206,0.6380341461726597,0.7767006802721088,0.6244551002615518,0.6826503923278117,0.6266666666666667,0.7972972972972973,0.45161290322580644
P2,42,2,0,11,False,0.4471237992030987,0.641876832360313,0.795578231292517,0.6499564080209241,0.6979075850043592,0.6485260770975056,0.7837837837837838,0.5161290322580645
P2,42,2,0,12,False,0.3802405626013659,0.6507406461806524,0.822108843537415,0.661944202266783,0.6961639058413251,0.652029826014913,0.7432432432432432,0.5806451612903226
P2,42,2,0,13,False,0.35850718905384416,0.6367638962609428,0.8659863945578232,0.6525719267654752,0.7096774193548387,0.6464646464646464,0.7567567567567568,0.5483870967741935
P2,42,2,0,14,False,0.2994750224881702,0.6789269694260188,0.8761904761904762,0.6484306887532694,0.7105492589363557,0.6357142857142857,0.7162162162162162,0.5806451612903226
P2,42,2,0,15,False,0.2557224349123268,0.7171972480558214,0.8959183673469389,0.6349171752397559,0.6987794245858762,0.6195652173913044,0.6891891891891891,0.5806451612903226
P2,42,2,0,16,False,0.2120999171969971,0.7241975700571424,0.9246598639455782,0.6510462074978204,0.7048823016564952,0.6325367463253675,0.6891891891891891,0.6129032258064516
P2,42,2,0,17,False,0.1784878460969326,0.805729068177087,0.9363945578231292,0.6349171752397559,0.6918047079337402,0.6195652173913044,0.6891891891891891,0.5806451612903226
P2,42,2,0,18,False,0.16281374799456574,0.8143265088399251,0.9530612244897959,0.6323016564952049,0.6900610287707062,0.6222633364168979,0.7162162162162162,0.5483870967741935
P2,42,2,0,19,False,0.12469308186268462,0.8461330731709799,0.9681972789115646,0.6135571054925893,0.6974716652136007,0.6100795755968169,0.7432432432432432,0.4838709677419355
P2,42,2,0,20,False,0.09067815956142214,0.8746693338666643,0.9731292517006802,0.6593286835222318,0.7057541412380122,0.6546419098143237,0.7702702702702703,0.5483870967741935
P2,42,2,0,21,False,0.08069270365120132,0.8648586721647353,0.9799319727891156,0.6728421970357454,0.7109851787271142,0.6712018140589568,0.7972972972972973,0.5483870967741935
P2,42,2,0,22,False,0.06471169056991737,0.923447078750247,0.9916666666666667,0.6458151700087184,0.7109851787271142,0.6383467278989667,0.7432432432432432,0.5483870967741935
P2,42,2,0,23,False,0.05093013601386605,0.9577079540207273,0.9965986394557823,0.6660854402789886,0.7066259808195292,0.6628852739726028,0.7837837837837838,0.5483870967741935
P2,42,2,0,24,False,0.03802840763945942,0.9275212253843035,0.9965986394557823,0.6473408892763732,0.7136006974716652,0.6500000000000001,0.8108108108108109,0.4838709677419355
P2,42,2,0,25,False,0.03530216876615361,1.0359256920360385,0.9965986394557823,0.6364428945074107,0.6935483870967742,0.6323607427055702,0.7567567567567568,0.5161290322580645
P2,42,2,0,26,False,0.044061564286981804,1.0181714080628894,0.9965986394557823,0.6795989537925022,0.7070619006102877,0.6795989537925022,0.8108108108108109,0.5483870967741935
P2,42,2,0,27,False,0.02392148147314643,1.0450935914402917,1.0,0.6608544027898866,0.7044463818657367,0.6665154264972777,0.8378378378378378,0.4838709677419355
P2,42,2,0,28,False,0.023069862978181976,1.094835497084118,1.0,0.6431996512641673,0.6979075850043592,0.6404109589041096,0.7702702702702703,0.5161290322580645
P2,42,2,0,29,False,0.026923416825776227,1.0783967903682163,0.9916666666666667,0.6743679163034002,0.7118570183086312,0.6834415584415585,0.8648648648648649,0.4838709677419355
P2,42,2,0,30,False,0.015009317817031473,1.059341369356428,1.0,0.6702266782911944,0.7144725370531823,0.6733333333333333,0.8243243243243243,0.5161290322580645
P2,42,2,0,31,True,0.019137876891139625,1.0803673718656812,1.0,0.6837401918047079,0.7183958151700087,0.6903357531760436,0.8513513513513513,0.5161290322580645
P2,42,2,0,32,False,0.016540005922335503,1.1214181008793058,1.0,0.6743679163034002,0.7144725370531823,0.6834415584415585,0.8648648648648649,0.4838709677419355
P2,42,2,0,33,False,0.012439596123660461,1.1296700593971072,1.0,0.6349171752397559,0.7127288578901482,0.6195652173913044,0.6891891891891891,0.5806451612903226
P2,42,2,0,34,False,0.009887856597773696,1.1302741896538508,1.0,0.6795989537925022,0.7114210985178727,0.6795989537925022,0.8108108108108109,0.5483870967741935
P2,42,2,0,35,False,0.0078322841371927,1.1451656727563768,1.0,0.6795989537925022,0.7162162162162162,0.6795989537925022,0.8108108108108109,0.5483870967741935
P2,42,2,0,36,False,0.007614763446854076,1.150098549184345,1.0,0.6634699215344377,0.7140366172624237,0.6649796457256024,0.8108108108108109,0.5161290322580645
P2,42,2,0,37,False,0.007374229080579131,1.1706312111445836,1.0,0.6540976460331299,0.7109851787271142,0.6582107980693681,0.8243243243243243,0.4838709677419355
P2,42,2,0,38,False,0.009322662207923361,1.176897925422305,1.0,0.6702266782911944,0.7131647776809067,0.6733333333333333,0.8243243243243243,0.5161290322580645
P2,42,2,0,39,False,0.009584122615222986,1.176688960052672,1.0,0.6540976460331299,0.7101133391455972,0.6582107980693681,0.8243243243243243,0.4838709677419355
P2,42,2,0,40,False,0.007716084146593216,1.18923355057126,1.0,0.6473408892763732,0.7079337401918047,0.6500000000000001,0.8108108108108109,0.4838709677419355
P2,42,2,0,41,False,0.008171412182728882,1.1941999781699408,1.0,0.6540976460331299,0.7074978204010463,0.6582107980693681,0.8243243243243243,0.4838709677419355
P2,42,2,0,42,False,0.005349655957343642,1.199211875597636,1.0,0.6540976460331299,0.7074978204010463,0.6582107980693681,0.8243243243243243,0.4838709677419355
P2,42,2,0,43,False,0.006782630989373018,1.2037776328268506,1.0,0.6634699215344377,0.7088055797733217,0.6649796457256024,0.8108108108108109,0.5161290322580645
P2,42,2,1,1,False,0.7011730212431687,0.6809877340610211,0.5418200066912011,0.5666666666666667,0.6738738738738739,0.5429344151453684,1.0,0.13333333333333333
P2,42,2,1,2,False,0.6842007614099063,0.6863368520369897,0.5702576112412178,0.5,0.6761261261261261,0.22388059701492538,0.0,1.0
P2,42,2,1,3,False,0.6751524989421551,0.6554953089127173,0.6112412177985949,0.6225225225225225,0.6657657657657657,0.6313924050632911,0.8783783783783784,0.36666666666666664
P2,42,2,1,4,False,0.6492573011379975,0.6550568021260775,0.6240660198505632,0.5738738738738738,0.6626126126126126,0.5487179487179488,0.581081081081081,0.5666666666666667
P2,42,2,1,5,False,0.6241788015915797,0.6530133348244888,0.6576335452213673,0.6256756756756756,0.6545045045045045,0.6328667072428484,0.8513513513513513,0.4
P2,42,2,1,6,False,0.6165158496453211,0.6794495788904337,0.6862384297981488,0.6157657657657658,0.6882882882882883,0.6233295866117148,0.8648648648648649,0.36666666666666664
P2,42,2,1,7,False,0.5783657437333694,0.7036955264898447,0.6890264302442288,0.6058558558558559,0.6310810810810811,0.612886664099602,0.8783783783783784,0.3333333333333333
P2,42,2,1,8,False,0.5301842872913067,0.6818491633121784,0.7496375599420095,0.6256756756756756,0.668018018018018,0.6328667072428484,0.8513513513513513,0.4
P2,42,2,1,9,False,0.49085161491082263,0.7150792915087479,0.7298427567748411,0.6054054054054054,0.6630630630630631,0.6090225563909775,0.8108108108108109,0.4
P2,42,2,1,10,False,0.4507617967633101,0.7600167130048459,0.8002118880339021,0.6292792792792793,0.6711711711711712,0.6395841355410088,0.8918918918918919,0.36666666666666664
P2,42,2,1,11,False,0.4010743017380054,0.7366855832246634,0.8150440504070481,0.6536036036036037,0.6914414414414415,0.5949463284886483,0.5405405405405406,0.7666666666666667
P2,42,2,1,12,True,0.42170813106573546,0.7282243646108187,0.8295974127355861,0.6675675675675675,0.6891891891891891,0.6307692307692307,0.6351351351351351,0.7
P2,42,2,1,13,False,0.3853287725494458,0.8253328536565487,0.8248020519683283,0.6054054054054054,0.6716216216216216,0.6090225563909775,0.8108108108108109,0.4
P2,42,2,1,14,False,0.27014223428872913,0.8371695910508816,0.912010705921713,0.5986486486486486,0.6738738738738739,0.6012547926106657,0.7972972972972973,0.4
P2,42,2,1,15,False,0.28694713574189407,0.8026559467499073,0.9072153451544552,0.6252252252252253,0.6914414414414415,0.6252252252252253,0.7837837837837838,0.4666666666666667
P2,42,2,1,16,False,0.23927119488899523,0.9550418555736542,0.9208207873313259,0.6058558558558559,0.6486486486486487,0.612886664099602,0.8783783783783784,0.3333333333333333
P2,42,2,1,17,False,0.2231010261636514,0.8818265491953263,0.9481989517118323,0.6085585585585586,0.6797297297297298,0.6096007280172904,0.7837837837837838,0.43333333333333335
P2,42,2,1,18,False,0.17696058793136707,0.9224232377914282,0.9584030333444853,0.6117117117117117,0.6725225225225225,0.6093680954485197,0.7567567567567568,0.4666666666666667
P2,42,2,1,19,False,0.15190920162086302,0.9608690371880164,0.9516003122560499,0.6018018018018019,0.6648648648648648,0.6018018018018019,0.7702702702702703,0.43333333333333335
P2,42,2,1,20,False,0.12322061229497194,1.070400001337895,0.9700011152001784,0.6121621621621622,0.6684684684684684,0.6168746286393346,0.8243243243243243,0.4
P2,42,2,1,21,False,0.10926110261621383,1.1748950853943825,0.9815991970558715,0.645945945945946,0.6684684684684684,0.6577215189873418,0.8918918918918919,0.4
P2,42,2,1,22,False,0.10371106010503493,1.0727338280815344,0.9686071149771384,0.5986486486486486,0.6815315315315316,0.6012547926106657,0.7972972972972973,0.4
P2,42,2,1,23,False,0.07911432620424491,1.1919527999483621,0.9781978365116538,0.6292792792792793,0.6621621621621622,0.6395841355410088,0.8918918918918919,0.36666666666666664
P2,42,2,1,24,False,0.06844180843864496,1.0804931189005191,0.9931972789115646,0.6018018018018019,0.6738738738738739,0.6018018018018019,0.7702702702702703,0.43333333333333335
P2,42,2,2,1,False,0.6905295088815917,0.6780422156296887,0.5345591493132477,0.5226027397260274,0.6123287671232877,0.48936510474972017,0.9452054794520548,0.1
P2,42,2,2,2,False,0.6826931166877016,0.6752761104731884,0.5914377492246345,0.5166666666666667,0.6625570776255708,0.44940092165898615,1.0,0.03333333333333333
P2,42,2,2,3,False,0.6659474846278651,0.652234150946719,0.5389344262295082,0.6570776255707762,0.7155251141552511,0.6538978494623656,0.7808219178082192,0.5333333333333333
P2,42,2,2,4,False,0.6495238622409876,0.652070520572292,0.6334736375719983,0.6328767123287671,0.7155251141552511,0.5589494718812447,0.4657534246575342,0.8
P2,42,2,2,5,False,0.6255037736094169,0.6322767329447477,0.6613867966326983,0.5824200913242009,0.7337899543378995,0.5813008130081301,0.9315068493150684,0.23333333333333334
P2,42,2,2,6,False,0.5828414043170984,0.6924761209673095,0.7091825431989367,0.5899543378995433,0.7159817351598173,0.4413359977162432,0.2465753424657534,0.9333333333333333
P2,42,2,2,7,False,0.6396085947894594,0.6309959703278774,0.6430549401860877,0.6415525114155252,0.7178082191780822,0.6079727564102564,0.6164383561643836,0.6666666666666666
P2,42,2,2,8,False,0.6017549460014088,0.645777841794838,0.672075764288879,0.6299086757990868,0.7118721461187215,0.5659003831417624,0.4931506849315068,0.7666666666666667
P2,42,2,2,9,False,0.5528125626761378,0.6198902202462687,0.7130039875941515,0.6422374429223744,0.7164383561643836,0.6554262009902314,0.9178082191780822,0.36666666666666664
P2,42,2,2,10,False,0.5326354839085963,0.6713806460204633,0.7275143996455472,0.6226027397260274,0.7292237442922375,0.6326152090169781,0.9452054794520548,0.3
P2,42,2,2,11,False,0.47675510599282367,0.6187085196809862,0.7294528134692069,0.6796803652968036,0.7278538812785388,0.6622236327091928,0.726027397260274,0.6333333333333333
P2,42,2,2,12,False,0.47761798503866604,0.6187678344041398,0.779574656623837,0.6728310502283105,0.7310502283105023,0.6537815126050419,0.7123287671232876,0.6333333333333333
P2,42,2,2,13,False,0.42828459688350917,0.622448516702189,0.8166814355338945,0.691324200913242,0.7324200913242009,0.6968091369363005,0.8493150684931506,0.5333333333333333
P2,42,2,2,14,False,0.4058196744279998,0.6155456585212818,0.8258750553832521,0.6552511415525114,0.7575342465753425,0.6246963562753036,0.6438356164383562,0.6666666666666666
P2,42,2,2,15,False,0.3551073057229439,0.6291438309313024,0.8557820115197164,0.7139269406392694,0.7525114155251141,0.7053257042253521,0.7945205479452054,0.6333333333333333
P2,42,2,2,16,False,0.3294169994062214,0.6288860385279054,0.8736154186973859,0.7139269406392694,0.7589041095890411,0.7053257042253521,0.7945205479452054,0.6333333333333333
P2,42,2,2,17,True,0.29937276115828154,0.6342396501777241,0.9020824102791316,0.7207762557077626,0.7684931506849315,0.7141747141747142,0.8082191780821918,0.6333333333333333
P2,42,2,2,18,False,0.29541533262107933,0.6591217766687708,0.8755538325210457,0.6874429223744292,0.7474885844748859,0.6855850763143019,0.8082191780821918,0.5666666666666667
P2,42,2,2,19,False,0.234207665520992,0.6444217198103377,0.9382476739034116,0.6600456621004567,0.7552511415525114,0.6516093835242771,0.7534246575342466,0.5666666666666667
P2,42,2,2,20,False,0.21872532620812146,0.6958699457853743,0.9435644661054498,0.6452054794520548,0.7662100456621005,0.6566666666666667,0.8904109589041096,0.4
P2,42,2,2,21,False,0.1988004744052887,0.7350666097645621,0.9469428444838282,0.6550228310502283,0.7529680365296804,0.6655844155844156,0.8767123287671232,0.43333333333333335
P2,42,2,2,22,False,0.16401233269195808,0.7046127168877611,0.9551395657953035,0.6550228310502283,0.7547945205479452,0.6655844155844156,0.8767123287671232,0.43333333333333335
P2,42,2,2,23,False,0.14957661313588538,0.7847940247614407,0.9700930438635357,0.6648401826484018,0.7447488584474886,0.6737329434697856,0.863013698630137,0.4666666666666667
P2,42,2,2,24,False,0.14062959283732912,0.7119959908203014,0.9633362871067789,0.6719178082191781,0.7479452054794521,0.6370683579985905,0.6438356164383562,0.7
P2,42,2,2,25,False,0.11108055614541022,0.7051175135431937,0.9700930438635357,0.6981735159817352,0.7602739726027398,0.7057142857142857,0.863013698630137,0.5333333333333333
P2,42,2,2,26,False,0.10241553949361498,0.7665893099840405,0.9850465219317679,0.6511415525114155,0.7621004566210046,0.6566666666666666,0.8356164383561644,0.4666666666666667
P2,42,2,2,27,False,0.07651592420556685,0.7237724135222944,0.9864864864864865,0.6757990867579908,0.7547945205479452,0.6499124523637863,0.684931506849315,0.6666666666666666
P2,42,2,2,28,False,0.07115459549641816,0.76784592317146,0.9884249003101462,0.6757990867579908,0.7502283105022831,0.6499124523637863,0.684931506849315,0.6666666666666666
P2,42,2,2,29,False,0.06461279859329667,0.774962544730566,0.9802281789986708,0.6776255707762557,0.7525114155251141,0.6793497059840885,0.821917808219178,0.5333333333333333
P2,42,3,0,1,False,0.7145756941575271,0.6871598084767659,0.49018623842979814,0.5,0.6447253705318221,0.4134078212290503,1.0,0.0
P2,42,3,0,2,False,0.7027509143719306,0.7039209717795962,0.5032898405263745,0.5,0.6713164777680907,0.22794117647058823,0.0,1.0
P2,42,3,0,3,False,0.6848141665642078,0.6815581985882351,0.5591613694658191,0.5,0.6826503923278117,0.4134078212290503,1.0,0.0
P2,42,3,0,4,False,0.689338736809217,0.66681467294693,0.49046503847440615,0.6634699215344377,0.6835222319093287,0.6649796457256024,0.8108108108108109,0.5161290322580645
P2,42,3,0,5,False,0.6646472330276783,0.65359164362862,0.5888256942121111,0.6078901482127288,0.6782911944202267,0.5875883739198744,0.6351351351351351,0.5806451612903226
P2,42,3,0,6,False,0.6114057359787134,0.6493786227135431,0.6622616259618601,0.5725806451612903,0.6761115954664342,0.5305514157973175,0.5,0.6451612903225806
P2,42,3,0,7,False,0.6014146988208477,0.6442551692326863,0.6746403479424556,0.6157367044463818,0.6904969485614647,0.5750588235294117,0.5540540540540541,0.6774193548387096
P2,42,3,0,8,False,0.5689206409912843,0.6331380724906921,0.6816103490576558,0.6390584132519617,0.6848299912816042,0.630281690140845,0.7297297297297297,0.5483870967741935
P2,42,3,0,9,False,0.5045216054870532,0.665359800202506,0.7784097245455559,0.6022231909328684,0.6883173496076722,0.558452481076535,0.527027027027027,0.6774193548387096
P2,42,3,0,10,False,0.4733654845219392,0.6293154385827836,0.7859930857588937,0.6567131647776809,0.7018308631211857,0.6567131647776809,0.7972972972972973,0.5161290322580645
P2,42,3,0,11,False,0.4515347561010948,0.6343539110251836,0.7762350841976134,0.6593286835222318,0.7040104620749782,0.6546419098143237,0.7702702702702703,0.5483870967741935
P2,42,3,0,12,False,0.40462570981337476,0.6660111252750669,0.826809412289506,0.6473408892763732,0.7035745422842197,0.6500000000000001,0.8108108108108109,0.4838709677419355
P2,42,3,0,13,False,0.3346147955610202,0.6983837471121833,0.8704137392661984,0.6270706190061028,0.6939843068875327,0.6258503401360545,0.7702702702702703,0.4838709677419355
P2,42,3,0,14,False,0.3187212474071063,0.7095246653471674,0.8997992639678822,0.6645597210113339,0.6800348735832606,0.6489005978315939,0.7162162162162162,0.6129032258064516
P2,42,3,0,15,False,0.2696056653960393,0.7133850162227948,0.8868071818891491,0.6442894507410637,0.6965998256320837,0.6244038155802861,0.6756756756756757,0.6129032258064516
P2,42,3,0,16,False,0.2644638132590514,0.7713054868791784,0.9032006245120999,0.6312118570183086,0.6839581517000872,0.6346391289707038,0.8108108108108109,0.45161290322580644
P2,42,3,0,17,False,0.22647922242490146,0.7923738521124636,0.9182000669120107,0.6540976460331299,0.6848299912816042,0.6582107980693681,0.8243243243243243,0.4838709677419355
P2,42,3,0,18,False,0.2124920733846151,0.7635736674070358,0.941396230623397,0.6728421970357454,0.7022667829119442,0.6712018140589568,0.7972972972972973,0.5483870967741935
P2,42,3,0,19,True,0.16040100071292657,0.8385672686976336,0.9550016728002676,0.6743679163034002,0.7048823016564952,0.6834415584415585,0.8648648648648649,0.4838709677419355
P2,42,3,0,20,False,0.13814611804599947,0.7771721569909936,0.9550016728002676,0.6458151700087184,0.7044463818657367,0.6383467278989667,0.7432432432432432,0.5483870967741935
P2,42,3,0,21,False,0.10993804625020577,0.9256506731290193,0.9481989517118323,0.6582388840453357,0.6996512641673932,0.6674486803519062,0.8648648648648649,0.45161290322580644
P2,42,3,0,22,False,0.09325809318285722,0.9058597110655336,0.9931972789115646,0.6676111595466434,0.7053182214472538,0.6749226006191951,0.8513513513513513,0.4838709677419355
P2,42,3,0,23,False,0.06814071600540327,0.9000619496617999,1.0,0.6540976460331299,0.6987794245858762,0.6582107980693681,0.8243243243243243,0.4838709677419355
P2,42,3,0,24,False,0.06233242967237647,0.9400634608142787,0.9918032786885246,0.6743679163034002,0.7053182214472538,0.6834415584415585,0.8648648648648649,0.4838709677419355
P2,42,3,0,25,False,0.04499131713349085,0.9216531956213571,1.0,0.6567131647776809,0.7005231037489102,0.6567131647776809,0.7972972972972973,0.5161290322580645
P2,42,3,0,26,False,0.03777434375996773,0.9660762693134269,1.0,0.6676111595466434,0.7035745422842197,0.6749226006191951,0.8513513513513513,0.4838709677419355
P2,42,3,0,27,False,0.036181818693876266,0.9355328278083886,1.0,0.6634699215344377,0.7013949433304272,0.6649796457256024,0.8108108108108109,0.5161290322580645
P2,42,3,0,28,False,0.027096576809596557,0.9656958773732185,1.0,0.6608544027898866,0.7009590235396687,0.6665154264972777,0.8378378378378378,0.4838709677419355
P2,42,3,0,29,False,0.023434802173421934,1.0101455889021358,1.0,0.6540976460331299,0.7027027027027027,0.6582107980693681,0.8243243243243243,0.4838709677419355
P2,42,3,0,30,False,0.021616879143179037,1.0629994598306005,1.0,0.6514821272885789,0.7031386224934612,0.659090909090909,0.8513513513513513,0.45161290322580644
P2,42,3,0,31,False,0.017097372866164032,1.020967800740064,1.0,0.6405841325196164,0.6996512641673932,0.6418747937066783,0.7972972972972973,0.4838709677419355
P2,42,3,1,1,False,0.7265302745195535,0.6949239878427415,0.49358759897401583,0.5,0.5483870967741935,0.22794117647058823,0.0,1.0
P2,42,3,1,2,False,0.6915890115957993,0.6860338324592227,0.5215233634437382,0.5823888404533566,0.5745422842197035,0.5695430456954305,0.6486486486486487,0.5161290322580645
P2,42,3,1,3,False,0.6890887044943296,0.6782774788992746,0.5342366454778633,0.6057105492589363,0.6115954664341761,0.6103896103896104,0.8243243243243243,0.3870967741935484
P2,42,3,1,4,False,0.6634273116405194,0.673545343535287,0.5720976915356306,0.6224934612031385,0.6325196163905842,0.5833333333333333,0.5675675675675675,0.6774193548387096
P2,42,3,1,5,False,0.6704878417345194,0.6602441651480538,0.5391992862718858,0.5978639930252834,0.6621621621621622,0.6025323064874037,0.9054054054054054,0.2903225806451613
P2,42,3,1,6,False,0.6237046088163669,0.6477491804531642,0.6622616259618601,0.6630340017436791,0.6983435047951178,0.6328671328671329,0.6486486486486487,0.6774193548387096
P2,42,3,1,7,False,0.6008859826968267,0.6405328012648083,0.7018512322961972,0.7140366172624237,0.7266782911944202,0.6626984126984128,0.6216216216216216,0.8064516129032258
P2,42,3,1,8,False,0.5776696090514843,0.6189807764121464,0.6766477082636333,0.6353530950305144,0.7619877942458587,0.6428152492668622,0.8513513513513513,0.41935483870967744
P2,42,3,1,9,False,0.5218992496912296,0.5948741180556161,0.7352514776402364,0.6634699215344377,0.7606800348735833,0.6649796457256024,0.8108108108108109,0.5161290322580645
P2,42,3,1,10,False,0.47813701457702196,0.593119055884225,0.7482435597189696,0.7088055797733217,0.7685265911072363,0.6736596736596736,0.6756756756756757,0.7419354838709677
P2,42,3,1,11,True,0.44597540165369326,0.588888832217171,0.798817887810862,0.7181778552746294,0.7733217088055798,0.676923076923077,0.6621621621621622,0.7741935483870968
P2,42,3,1,12,False,0.3905083921093207,0.6157667779496738,0.8486115757778521,0.6431996512641673,0.7611159546643418,0.6404109589041096,0.7702702702702703,0.5161290322580645
P2,42,3,1,13,False,0.3321669858235579,0.6296299810210864,0.876603100256496,0.6728421970357454,0.7624237140366172,0.6712018140589568,0.7972972972972973,0.5483870967741935
P2,42,3,1,14,False,0.2812437916604372,0.7353038264172418,0.8888145422103267,0.6285963382737576,0.7537053182214473,0.6347402597402597,0.8378378378378378,0.41935483870967744
P2,42,3,1,15,False,0.23517538148623246,0.7515608985509191,0.9086093453774953,0.6285963382737576,0.7532693984306887,0.6347402597402597,0.8378378378378378,0.41935483870967744
P2,42,3,1,16,False,0.21364685678138182,0.7786788042279936,0.9250027880004461,0.6150828247602441,0.7471665213600698,0.6188747731397459,0.8108108108108109,0.41935483870967744
P2,42,3,1,17,False,0.17529572216937175,0.8025477484932968,0.9468049514887922,0.6244551002615518,0.7471665213600698,0.6266666666666667,0.7972972972972973,0.45161290322580644
P2,42,3,1,18,False,0.12563738979112643,0.7590502940827892,0.9747964759674361,0.7129468177855275,0.7288578901482128,0.6870031796502385,0.7162162162162162,0.7096774193548387
P2,42,3,1,19,False,0.09972351517241734,0.8332901848568803,0.9768038362886138,0.6431996512641673,0.7301656495204882,0.6404109589041096,0.7702702702702703,0.5161290322580645
P2,42,3,1,20,False,0.08178283030597064,1.0316546384555598,0.9850005576000892,0.6150828247602441,0.7053182214472538,0.6188747731397459,0.8108108108108109,0.41935483870967744
P2,42,3,1,21,False,0.06428221466306311,0.960424556215072,0.9884019181443069,0.6364428945074107,0.7074978204010463,0.6323607427055702,0.7567567567567568,0.5161290322580645
P2,42,3,1,22,False,0.04812134922338793,1.0153554577069979,0.9965986394557823,0.6593286835222318,0.7040104620749782,0.6546419098143237,0.7702702702702703,0.5483870967741935
P2,42,3,1,23,False,0.03996023947659593,1.1035715139426645,1.0,0.6379686137750654,0.7061900610287707,0.6426950998185117,0.8243243243243243,0.45161290322580644
P2,42,3,2,1,False,0.6805139609745571,0.6877390568696179,0.5605928509154317,0.5098173515981735,0.6091324200913242,0.44504310344827586,0.9863013698630136,0.03333333333333333
P2,42,3,2,2,False,0.7046200071062361,0.678002524723127,0.5081734960767219,0.5662100456621004,0.6538812785388128,0.5153173917218862,0.4657534246575342,0.6666666666666666
P2,42,3,2,3,False,0.6734946773165749,0.6591667677592306,0.5968831734960767,0.6255707762557078,0.6940639269406392,0.6361413043478261,0.9178082191780822,0.3333333333333333
P2,42,3,2,4,False,0.6710995322182065,0.6496538114779203,0.5319311246730601,0.6776255707762557,0.7031963470319634,0.6793497059840885,0.821917808219178,0.5333333333333333
P2,42,3,2,5,False,0.644069999172574,0.6183239302588898,0.6333914559721011,0.6589041095890411,0.7187214611872146,0.6740506329113924,0.9178082191780822,0.4
P2,42,3,2,6,False,0.6397700956889562,0.6279631152893733,0.6210767218831735,0.6573059360730593,0.7474885844748859,0.6007751937984496,0.547945205479452,0.7666666666666667
P2,42,3,2,7,False,0.654168656042644,0.5899429700328308,0.6161726242371404,0.702054794520548,0.7634703196347032,0.717032967032967,0.9041095890410958,0.5
P2,42,3,2,8,False,0.5631060946555365,0.5740360496113601,0.693875326939843,0.7255707762557078,0.7721461187214612,0.7427572427572426,0.9178082191780822,0.5333333333333333
P2,42,3,2,9,False,0.5403281004655929,0.5849343188179349,0.7100043591979075,0.7433789954337899,0.7785388127853882,0.7186974789915966,0.7534246575342466,0.7333333333333333
P2,42,3,2,10,False,0.5337500018732888,0.5939869550825323,0.7007410636442895,0.6990867579908675,0.7712328767123288,0.718835304822566,0.9315068493150684,0.4666666666666667
P2,42,3,2,11,False,0.4978566327265331,0.5696752430165856,0.7789886660854403,0.7089041095890412,0.7917808219178082,0.7263757115749525,0.9178082191780822,0.5
P2,42,3,2,12,False,0.43666796457199825,0.5613451765000241,0.8229075850043592,0.7139269406392694,0.791324200913242,0.7053257042253521,0.7945205479452054,0.6333333333333333
P2,42,3,2,13,False,0.4056345099494571,0.5687318970856158,0.814843068875327,0.7404109589041096,0.7890410958904109,0.7235047782669386,0.7808219178082192,0.7
P2,42,3,2,14,False,0.37980005854652044,0.5746026745120298,0.8289014821272885,0.7394977168949772,0.7958904109589041,0.7047502047502048,0.7123287671232876,0.7666666666666667
P2,42,3,2,15,False,0.3259692470232646,0.5616463743945928,0.8949433304272014,0.760958904109589,0.806392694063927,0.7506602112676056,0.821917808219178,0.7
P2,42,3,2,16,False,0.28698043539410545,0.5623854468169721,0.9144507410636442,0.7570776255707763,0.806392694063927,0.7365728900255755,0.7808219178082192,0.7333333333333333
P2,42,3,2,17,False,0.22570337795075915,0.6499119777123905,0.9245858761987794,0.702054794520548,0.7949771689497717,0.717032967032967,0.9041095890410958,0.5
P2,42,3,2,18,False,0.2435937450045631,0.6952562077531537,0.9386442894507411,0.6755707762557077,0.7931506849315069,0.6920577148056675,0.9178082191780822,0.43333333333333335
P2,42,3,2,19,False,0.18866279022324653,0.6853076656466549,0.955536181342633,0.7353881278538812,0.8004566210045662,0.7490253411306043,0.9041095890410958,0.5666666666666667
P2,42,3,2,20,False,0.1481368729755992,0.6017160418542843,0.9643635571054925,0.760958904109589,0.819634703196347,0.7506602112676056,0.821917808219178,0.7
P2,42,3,2,21,False,0.1351763277979834,0.6613537061561658,0.955536181342633,0.7618721461187214,0.8132420091324201,0.7695749440715884,0.8904109589041096,0.6333333333333333
P2,42,3,2,22,False,0.11757905845131193,0.6162459384469152,0.9771142109851787,0.7639269406392694,0.8200913242009132,0.7456243960055835,0.7945205479452054,0.7333333333333333
P2,42,3,2,23,False,0.1162212461233139,0.601466588892983,0.970357454228422,0.7707762557077625,0.826027397260274,0.7547619047619047,0.8082191780821918,0.7333333333333333
P2,42,3,2,24,False,0.07465870621658507,0.6739857737879151,0.9885571054925893,0.7550228310502283,0.8136986301369863,0.7600186393289842,0.8767123287671232,0.6333333333333333
P2,42,3,2,25,False,0.056780045488405796,0.7544677162054673,1.0,0.7452054794520548,0.8068493150684931,0.7547619047619047,0.8904109589041096,0.6
P2,42,3,2,26,False,0.04531590672475951,0.7081854028030506,0.9919354838709677,0.7716894977168949,0.8136986301369863,0.7743572005073216,0.8767123287671232,0.6666666666666666
P2,42,3,2,27,False,0.030783389943341413,0.7893514257032894,1.0,0.7755707762557078,0.8214611872146119,0.7891631547260687,0.9178082191780822,0.6333333333333333
P2,42,3,2,28,True,0.042198137681753865,0.7744427794970355,0.9919354838709677,0.7853881278538812,0.8164383561643835,0.7938302131166843,0.9041095890410958,0.6666666666666666
P2,42,3,2,29,False,0.03029685854202225,0.7917329153968292,0.9919354838709677,0.7785388127853881,0.8082191780821918,0.7840167753960857,0.8904109589041096,0.6666666666666666
P2,42,3,2,30,False,0.03226385943236805,0.7229372375798457,0.9919354838709677,0.7678082191780822,0.8136986301369863,0.7599067599067599,0.8356164383561644,0.7
P2,42,3,2,31,False,0.022718295792029018,0.7995004908552448,1.0,0.7618721461187214,0.8077625570776256,0.7695749440715884,0.8904109589041096,0.6333333333333333
P2,42,3,2,32,False,0.020106920795071693,0.7889659931358782,1.0,0.7481735159817351,0.8095890410958904,0.7506053268765134,0.863013698630137,0.6333333333333333
P2,42,3,2,33,False,0.018773420518707663,0.8053503976863565,1.0,0.7785388127853881,0.8054794520547945,0.7840167753960857,0.8904109589041096,0.6666666666666666
P2,42,3,2,34,False,0.015501772630072776,0.8412967095675977,1.0,0.7785388127853881,0.8091324200913242,0.7840167753960857,0.8904109589041096,0.6666666666666666
P2,42,3,2,35,False,0.013807597889431885,0.8037661470255806,1.0,0.7716894977168949,0.8068493150684931,0.7743572005073216,0.8767123287671232,0.6666666666666666
P2,42,3,2,36,False,0.01238998006142321,0.8510865849777333,1.0,0.7785388127853881,0.8068493150684931,0.7840167753960857,0.8904109589041096,0.6666666666666666
P2,42,3,2,37,False,0.011332828179001808,0.8510276403241944,1.0,0.7618721461187214,0.8036529680365296,0.7695749440715884,0.8904109589041096,0.6333333333333333
P2,42,3,2,38,False,0.010599788825493306,0.8576609926316344,1.0,0.7785388127853881,0.8054794520547945,0.7840167753960857,0.8904109589041096,0.6666666666666666
P2,42,3,2,39,False,0.010578129746552025,0.8411076011009586,1.0,0.7716894977168949,0.8068493150684931,0.7743572005073216,0.8767123287671232,0.6666666666666666
P2,42,3,2,40,False,0.009987891988740082,0.8491039875062923,1.0,0.7785388127853881,0.8073059360730593,0.7840167753960857,0.8904109589041096,0.6666666666666666
P2,42,4,0,1,False,0.7118311203443087,0.7038270399683998,0.46910895505743283,0.5,0.6848299912816042,0.22794117647058823,0.0,1.0
P2,42,4,0,2,False,0.7073757350444794,0.6753911251113528,0.5200736032117765,0.532258064516129,0.7188317349607672,0.4786851566512583,1.0,0.06451612903225806
P2,42,4,0,3,False,0.6809465151566726,0.6708759608722868,0.5836957733913237,0.6401482127288578,0.7266782911944202,0.6124708624708624,0.6351351351351351,0.6451612903225806
P2,42,4,0,4,False,0.6773504591905154,0.6455202522731963,0.5892717742834839,0.6567131647776809,0.7236268526591108,0.6567131647776809,0.7972972972972973,0.5161290322580645
P2,42,4,0,5,False,0.6731753739026877,0.621475016503107,0.5656295305007248,0.6732781168265038,0.7140366172624237,0.693796394485684,0.9594594594594594,0.3870967741935484
P2,42,4,0,6,False,0.6368331966491846,0.6000023600601014,0.6206646593063455,0.6878814298169137,0.7349607672188317,0.7008547008547008,0.8918918918918919,0.4838709677419355
P2,42,4,0,7,False,0.6331172894973022,0.5795330175331661,0.6680049068807851,0.6743679163034002,0.7467306015693113,0.6834415584415585,0.8648648648648649,0.4838709677419355
P2,42,4,0,8,False,0.6013852930985965,0.5700206177575248,0.677261068361771,0.6874455100261552,0.7733217088055798,0.670179349478164,0.7297297297297297,0.6451612903225806
P2,42,4,0,9,False,0.5765296152004828,0.5721269550777617,0.6972231515557042,0.7170880557977333,0.7707061900610288,0.7000000000000001,0.7567567567567568,0.6774193548387096
P2,42,4,0,10,False,0.577324255154683,0.565117867787679,0.710828593732575,0.6972537053182215,0.7667829119442022,0.7077922077922078,0.8783783783783784,0.5161290322580645
P2,42,4,0,11,False,0.5091296342703012,0.5865563310327984,0.7566075610572098,0.6691368788142982,0.7750653879686138,0.685,0.918918918918919,0.41935483870967744
P2,42,4,0,12,False,0.4931561591533514,0.5863376357725688,0.7648042823686851,0.6904969485614647,0.7737576285963382,0.6990024079807362,0.8648648648648649,0.5161290322580645
P2,42,4,0,13,False,0.48171863934168446,0.5663835281417483,0.7482435597189696,0.7129468177855275,0.7663469921534438,0.6870031796502385,0.7162162162162162,0.7096774193548387
P2,42,4,0,14,False,0.41103704617573666,0.5925697108109792,0.7866064458570313,0.7279860505666957,0.7698343504795118,0.7214854111405836,0.8108108108108109,0.6451612903225806
P2,42,4,0,15,False,0.37842775078920216,0.5971154418729601,0.8390208542433366,0.7373583260680034,0.7611159546643418,0.726020248408308,0.7972972972972973,0.6774193548387096
P2,42,4,0,16,False,0.3387857856085667,0.7243951906050955,0.8711943793911007,0.6556233653007847,0.7606800348735833,0.6677215189873418,0.8918918918918919,0.41935483870967744
P2,42,4,0,17,False,0.30789899080991745,0.6576145424729302,0.8800044608007137,0.7159982563208369,0.7545771578029643,0.7200000000000001,0.8513513513513513,0.5806451612903226
P2,42,4,0,18,False,0.25565638278539365,0.6750156532440866,0.9154120664659307,0.6837401918047079,0.7515257192676548,0.6903357531760436,0.8513513513513513,0.5161290322580645
P2,42,4,0,19,True,0.21535167986383805,0.6784724428540184,0.9434035909445746,0.7467306015693113,0.7519616390584133,0.7301880974406414,0.7837837837837838,0.7096774193548387
P2,42,4,0,20,False,0.2197891053958581,0.6767951163507643,0.913404706144753,0.726460331299041,0.7445510026155188,0.7041062801932367,0.7432432432432432,0.7096774193548387
P2,42,4,0,21,False,0.16379335751900306,0.8014067975892907,0.963198394111743,0.6514821272885789,0.7497820401046208,0.659090909090909,0.8513513513513513,0.45161290322580644
P2,42,4,0,22,False,0.15700086406790292,0.7745674834364936,0.9318055090888815,0.6769834350479511,0.7428073234524848,0.6817824671680324,0.8378378378378378,0.5161290322580645
P2,42,4,0,23,False,0.09755712145796189,0.8921456381323791,0.9897959183673469,0.6514821272885789,0.7493461203138623,0.659090909090909,0.8513513513513513,0.45161290322580644
P2,42,4,0,24,False,0.10170185766541041,0.8619613904505968,0.9700011152001784,0.6972537053182215,0.7489102005231038,0.7077922077922078,0.8783783783783784,0.5161290322580645
P2,42,4,0,25,False,0.0833796256293471,0.8592369696568876,0.9931972789115646,0.6889712292938099,0.7367044463818657,0.685359589041096,0.7972972972972973,0.5806451612903226
P2,42,4,0,26,False,0.06682957307650493,0.8926800887499536,0.9931972789115646,0.7092414995640802,0.7319093286835222,0.7111893497634504,0.8378378378378378,0.5806451612903226
P2,42,4,0,27,False,0.06144233900480545,0.9028806101708186,0.9931972789115646,0.7118570183086312,0.7380122057541413,0.7078339041095891,0.8108108108108109,0.6129032258064516
P2,42,4,0,28,False,0.04219490819825576,0.9299053078251226,0.9931972789115646,0.718613775065388,0.7414995640802092,0.7165532879818595,0.8243243243243243,0.6129032258064516
P2,42,4,0,29,False,0.044174050948081106,0.9207530714216686,0.9965986394557823,0.6931124673060156,0.7319093286835222,0.6966666666666665,0.8378378378378378,0.5483870967741935
P2,42,4,0,30,False,0.03223524640242641,0.9853964280957977,0.9884019181443069,0.7066259808195292,0.7410636442894507,0.7141560798548094,0.8648648648648649,0.5483870967741935
P2,42,4,0,31,False,0.030952743147141658,1.010337379530427,0.9965986394557823,0.6904969485614647,0.7406277244986922,0.6990024079807362,0.8648648648648649,0.5161290322580645
P2,42,4,1,1,False,0.7002913951873779,0.7029921883628482,0.5204639232742277,0.5,0.576721883173496,0.22794117647058823,0.0,1.0
P2,42,4,1,2,False,0.6851371618417593,0.6830217571485611,0.5382513661202186,0.5775937227550131,0.6142109851787271,0.5800000000000001,0.8648648648648649,0.2903225806451613
P2,42,4,1,3,False,0.6660467156997094,0.6814280424799238,0.5944016951042712,0.6375326939843069,0.6364428945074107,0.6162962962962963,0.6621621621621622,0.6129032258064516
P2,42,4,1,4,False,0.6319142213234534,0.6727610559690567,0.5979145756663321,0.6458151700087184,0.6503923278116827,0.6383467278989667,0.7432432432432432,0.5483870967741935
P2,42,4,1,5,False,0.5991193159268453,0.6833771944046021,0.6112412177985949,0.6203138622493461,0.6551874455100262,0.6179366438356164,0.7567567567567568,0.4838709677419355
P2,42,4,1,6,False,0.5302322678841077,0.7317830318496341,0.716850674696108,0.6235832606800349,0.6569311246730601,0.5570432868672048,0.47297297297297297,0.7741935483870968
P2,42,4,1,7,False,0.5359595876473647,0.7170045662493932,0.7510315601650497,0.5985178727114211,0.6665213600697472,0.5826709062003179,0.6486486486486487,0.5483870967741935
P2,42,4,1,8,False,0.47997963772370267,0.7368220489649545,0.7530389204862272,0.6192240627724499,0.6761115954664342,0.6260683760683761,0.8513513513513513,0.3870967741935484
P2,42,4,1,9,False,0.4653856668334741,0.7129293274311792,0.7626296420207428,0.6338273757628596,0.6835222319093287,0.6338273757628596,0.7837837837837838,0.4838709677419355
P2,42,4,1,10,False,0.48137172856009924,0.7197365484067372,0.7570536411285826,0.6562772449869223,0.6891891891891891,0.624601410764325,0.6351351351351351,0.6774193548387096
P2,42,4,1,11,False,0.4317689904799828,0.7812635807763962,0.8227946916471507,0.6218395815170009,0.6765475152571927,0.6267629858961129,0.8243243243243243,0.41935483870967744
P2,42,4,1,12,False,0.40070549656565374,0.8006091632303738,0.8118099698895952,0.6285963382737576,0.6891891891891891,0.6347402597402597,0.8378378378378378,0.41935483870967744
P2,42,4,1,13,False,0.3409848127227563,0.787748589756943,0.8663990186238429,0.6244551002615518,0.6874455100261552,0.6266666666666667,0.7972972972972973,0.45161290322580644
P2,42,4,1,14,False,0.29681343871813554,0.8332285128533841,0.8895951823352292,0.6379686137750654,0.6852659110723627,0.6426950998185117,0.8243243243243243,0.45161290322580644
P2,42,4,1,15,False,0.31727324741391033,0.9094064616731234,0.8738150998104159,0.6285963382737576,0.6857018308631212,0.6347402597402597,0.8378378378378378,0.41935483870967744
P2,42,4,1,16,False,0.2865483815280291,0.9949092945527462,0.8554142968662874,0.6259808195292067,0.6909328683522232,0.6340584064415334,0.8648648648648649,0.3870967741935484
P2,42,4,1,17,False,0.26749288032834345,0.8834547673307714,0.8772164603546337,0.6473408892763732,0.6935483870967742,0.6500000000000001,0.8108108108108109,0.4838709677419355
P2,42,4,1,18,False,0.20027023396239832,0.8926456266570659,0.9434035909445746,0.6270706190061028,0.6918047079337402,0.6258503401360545,0.7702702702702703,0.4838709677419355
P2,42,4,1,19,False,0.18977879245693868,0.9408038602875811,0.963198394111743,0.6499564080209241,0.6874455100261552,0.6485260770975056,0.7837837837837838,0.5161290322580645
P2,42,4,1,20,False,0.14681267322829136,0.9599311830475926,0.9700011152001784,0.6540976460331299,0.6965998256320837,0.6582107980693681,0.8243243243243243,0.4838709677419355
P2,42,4,1,21,False,0.162873048048753,1.0520070997776374,0.9584030333444853,0.6608544027898866,0.6965998256320837,0.6665154264972777,0.8378378378378378,0.4838709677419355
P2,42,4,1,22,False,0.14711709714566285,1.0649251921301974,0.9747964759674361,0.6405841325196164,0.6896251089799477,0.6418747937066783,0.7972972972972973,0.4838709677419355
P2,42,4,1,23,False,0.10304742492735386,1.1542519885714033,0.9781978365116538,0.6285963382737576,0.6918047079337402,0.6347402597402597,0.8378378378378378,0.41935483870967744
P2,42,4,1,24,False,0.09532076080974478,1.0672842225059866,0.9815991970558715,0.6634699215344377,0.6983435047951178,0.6649796457256024,0.8108108108108109,0.5161290322580645
P2,42,4,1,25,False,0.08809896651655436,1.2210937849356838,0.9747964759674361,0.6353530950305144,0.6970357454228422,0.6428152492668622,0.8513513513513513,0.41935483870967744
P2,42,4,1,26,False,0.08840639796108007,1.133798110695733,0.9815991970558715,0.6634699215344377,0.6970357454228422,0.6649796457256024,0.8108108108108109,0.5161290322580645
P2,42,4,1,27,False,0.05990469466465024,1.3615661142249813,0.9931972789115646,0.6259808195292067,0.6839581517000872,0.6340584064415334,0.8648648648648649,0.3870967741935484
P2,42,4,1,28,False,0.0791801932052924,1.2286873844053063,0.9747964759674361,0.6676111595466434,0.6926765475152572,0.6749226006191951,0.8513513513513513,0.4838709677419355
P2,42,4,1,29,False,0.06745500457831301,1.2549901926374463,0.9815991970558715,0.6608544027898866,0.7048823016564952,0.6665154264972777,0.8378378378378378,0.4838709677419355
P2,42,4,1,30,True,0.04328642670924847,1.212625408541256,0.9918032786885246,0.6863557105492589,0.7009590235396687,0.6880844977445264,0.8243243243243243,0.5483870967741935
P2,42,4,1,31,False,0.044245473109185696,1.2078671896142796,0.9918032786885246,0.6525719267654752,0.7009590235396687,0.6464646464646464,0.7567567567567568,0.5483870967741935
P2,42,4,1,32,False,0.04003982219952517,1.2179817014856131,0.9918032786885246,0.6660854402789886,0.6996512641673932,0.6628852739726028,0.7837837837837838,0.5483870967741935
P2,42,4,1,33,False,0.03291356613716254,1.1914825407555327,0.9884019181443069,0.6525719267654752,0.7035745422842197,0.6464646464646464,0.7567567567567568,0.5483870967741935
P2,42,4,1,34,False,0.0398216236454363,1.2844337802324888,0.9918032786885246,0.6728421970357454,0.7000871839581517,0.6712018140589568,0.7972972972972973,0.5483870967741935
P2,42,4,1,35,False,0.02370346142337299,1.3079105598070393,0.9965986394557823,0.6728421970357454,0.6974716652136007,0.6712018140589568,0.7972972972972973,0.5483870967741935
P2,42,4,1,36,False,0.02723783348651173,1.3621393842938623,0.9965986394557823,0.6702266782911944,0.6939843068875327,0.6733333333333333,0.8243243243243243,0.5161290322580645
P2,42,4,1,37,False,0.025221795273514893,1.3244442780014305,1.0,0.6660854402789886,0.6952920662598082,0.6628852739726028,0.7837837837837838,0.5483870967741935
P2,42,4,1,38,False,0.019586545486862842,1.3534684400966701,1.0,0.6499564080209241,0.6922406277244987,0.6485260770975056,0.7837837837837838,0.5161290322580645
P2,42,4,1,39,False,0.022319547420081038,1.3947575009039914,1.0,0.6702266782911944,0.6935483870967742,0.6733333333333333,0.8243243243243243,0.5161290322580645
P2,42,4,1,40,False,0.020122940419241786,1.3495481438599417,1.0,0.6660854402789886,0.6961639058413251,0.6628852739726028,0.7837837837837838,0.5483870967741935
P2,42,4,1,41,False,0.018319716712889764,1.3889363988341452,1.0,0.6499564080209241,0.6926765475152572,0.6485260770975056,0.7837837837837838,0.5161290322580645
P2,42,4,1,42,False,0.018166854888057478,1.3682722710752084,1.0,0.6660854402789886,0.6939843068875327,0.6628852739726028,0.7837837837837838,0.5483870967741935
P2,42,4,2,1,False,0.7105232153620039,0.6848609696314173,0.4675239755884917,0.5166666666666667,0.6,0.44940092165898615,1.0,0.03333333333333333
P2,42,4,2,2,False,0.6990981277965364,0.6843292840476175,0.50871839581517,0.5116438356164383,0.6374429223744292,0.32902284880894506,0.1232876712328767,0.9
P2,42,4,2,3,False,0.6638197649092902,0.6656810537125301,0.634590235396687,0.5794520547945206,0.6579908675799087,0.5730078304928604,0.958904109589041,0.2
P2,42,4,2,4,False,0.6843581812722342,0.6568967769446882,0.5377070619006102,0.5764840182648402,0.6721461187214612,0.5624183006535948,0.9863013698630136,0.16666666666666666
P2,42,4,2,5,False,0.6694609948566982,0.6453452879942737,0.5737794245858762,0.6363013698630137,0.7141552511415525,0.6498152254249815,0.9726027397260274,0.3
P2,42,4,2,6,False,0.6514327106021699,0.6059096698622102,0.6257628596338274,0.6687214611872145,0.7429223744292237,0.6830769230769229,0.9041095890410958,0.43333333333333335
P2,42,4,2,7,False,0.6182389108907609,0.5897871620446733,0.6512641673931996,0.6981735159817352,0.7986301369863014,0.7057142857142857,0.863013698630137,0.5333333333333333
P2,42,4,2,8,False,0.576860941591717,0.5978132492130243,0.7069529206625981,0.6490867579908676,0.7990867579908676,0.6641304347826087,0.9315068493150684,0.36666666666666664
P2,42,4,2,9,False,0.5598743904204596,0.5632635898960446,0.7066259808195292,0.7168949771689497,0.8100456621004566,0.7013851605282937,0.7671232876712328,0.6666666666666666
P2,42,4,2,10,False,0.5271081546942393,0.5429892100176765,0.7615518744551002,0.710958904109589,0.8200913242009132,0.7088750706613907,0.821917808219178,0.6
P2,42,4,2,11,False,0.5031604664666313,0.5405382728113711,0.7958805579773321,0.7365296803652968,0.810958904109589,0.7098591549295774,0.7397260273972602,0.7333333333333333
P2,42,4,2,12,False,0.4648657255229496,0.5182323282204785,0.7490191804707933,0.7285388127853881,0.8296803652968037,0.7395544852498495,0.8904109589041096,0.5666666666666667
P2,42,4,2,13,False,0.42701270225502197,0.5261228148219654,0.7958805579773321,0.6755707762557077,0.8315068493150685,0.6920577148056675,0.9178082191780822,0.43333333333333335
P2,42,4,2,14,False,0.4134146934463864,0.5129806862294095,0.7987140366172625,0.7374429223744292,0.8214611872146119,0.727992957746479,0.8082191780821918,0.6666666666666666
P2,42,4,2,15,False,0.3260029898512931,0.5364640343536451,0.8491717523975588,0.6678082191780822,0.810958904109589,0.6725538678912045,0.8356164383561644,0.5
P2,42,4,2,16,False,0.311207914352417,0.5189809133705584,0.8928727114210986,0.6707762557077626,0.8100456621004566,0.6707762557077626,0.8082191780821918,0.5333333333333333
P2,42,4,2,17,False,0.2890548425061362,0.5237499070399015,0.8923278116826504,0.763013698630137,0.8105022831050228,0.7258394758394757,0.726027397260274,0.8
P2,42,4,2,18,False,0.22168562838009426,0.5056167337500933,0.9373365300784655,0.7472602739726026,0.8251141552511415,0.7324675324675325,0.7945205479452054,0.7
P2,42,4,2,19,False,0.19249248717512404,0.5380355275950386,0.9656713164777682,0.691324200913242,0.8068493150684931,0.6968091369363005,0.8493150684931506,0.5333333333333333
P2,42,4,2,20,False,0.1754519454780079,0.5158899397525972,0.9682868352223191,0.7207762557077626,0.8187214611872146,0.7141747141747142,0.8082191780821918,0.6333333333333333
P2,42,4,2,21,True,0.12487089279152098,0.5479531878406562,0.9724280732345248,0.7757990867579909,0.8105022831050228,0.7228147114522077,0.684931506849315,0.8666666666666667
P2,42,4,2,22,False,0.11714993800435747,0.5825109829023046,0.9804925893635571,0.6981735159817352,0.7958904109589041,0.7057142857142857,0.863013698630137,0.5333333333333333
P2,42,4,2,23,False,0.07575894038946855,0.5619272346635467,0.9885571054925893,0.6844748858447489,0.815068493150685,0.6880242311276794,0.8356164383561644,0.5333333333333333
P2,42,4,2,24,False,0.06506350792589642,0.6361388986550488,0.9919354838709677,0.7050228310502282,0.7968036529680366,0.71475015051174,0.8767123287671232,0.5333333333333333
P2,42,4,2,25,False,0.043334331789187025,0.6363235952206028,1.0,0.6844748858447489,0.7945205479452054,0.6880242311276794,0.8356164383561644,0.5333333333333333
P2,42,4,2,26,False,0.04067607820034027,0.6595160735463633,0.9966216216216216,0.6883561643835616,0.8009132420091324,0.6988304093567252,0.8767123287671232,0.5
P2,42,4,2,27,False,0.03102521291446118,0.6586703073631213,1.0,0.6815068493150684,0.7917808219178082,0.6899458157736302,0.863013698630137,0.5
P2,42,4,2,28,False,0.029144187200637092,0.6035143252715324,1.0,0.7070776255707762,0.8077625570776256,0.6965630114566286,0.7808219178082192,0.6333333333333333
P2,42,4,2,29,False,0.025853515238988968,0.6393327305039156,0.9966216216216216,0.6776255707762557,0.8059360730593608,0.6793497059840885,0.821917808219178,0.5333333333333333
P2,42,4,2,30,False,0.018380616463366008,0.6548902256396211,1.0,0.6746575342465753,0.7995433789954338,0.6811904761904762,0.8493150684931506,0.5
P2,42,4,2,31,False,0.015538139446150689,0.7077644762483616,1.0,0.671689497716895,0.7936073059360731,0.6824515969909977,0.8767123287671232,0.4666666666666667
P2,42,4,2,32,False,0.01353971567004919,0.6461790293744467,1.0,0.7207762557077626,0.8013698630136986,0.7141747141747142,0.8082191780821918,0.6333333333333333
P2,42,4,2,33,False,0.014610248240863993,0.6508512870200629,1.0,0.7207762557077626,0.8031963470319635,0.7141747141747142,0.8082191780821918,0.6333333333333333
P2,43,0,0,1,False,0.7139112923203446,0.7229788144429524,0.5168330624564662,0.5,0.5636442894507411,0.22794117647058823,0.0,1.0
P2,43,0,0,2,False,0.6835497981164513,0.6854115951628912,0.5105061527745531,0.5734524847428073,0.5710549258936356,0.5762108262108261,0.8243243243243243,0.3225806451612903
P2,43,0,0,3,False,0.6968189672725956,0.6910038959412348,0.508938936614813,0.49324324324324326,0.5749782040104621,0.41011235955056174,0.9864864864864865,0.0
P2,43,0,0,4,False,0.6758699449097237,0.6889264674413772,0.562804736475505,0.5690932868352223,0.5989537925021796,0.40853264382676147,0.20270270270270271,0.9354838709677419
P2,43,0,0,5,False,0.6558955484774055,0.6725344595454988,0.6019270954260506,0.5671316477768091,0.6081081081081081,0.5501835985312117,0.972972972972973,0.16129032258064516
P2,43,0,0,6,False,0.6310443901434177,0.6804195313226609,0.658695147434409,0.498256320836966,0.6242371403661726,0.4362544362544363,0.35135135135135137,0.6451612903225806
P2,43,0,0,7,False,0.6095447717643365,0.6533430593354361,0.6291502205711632,0.6098517872711422,0.6373147340889277,0.616601752677702,0.8648648648648649,0.3548387096774194
P2,43,0,0,8,False,0.554034729120208,0.6308775101389203,0.7142442535407476,0.6296861377506539,0.6708805579773321,0.6243686868686869,0.7432432432432432,0.5161290322580645
P2,43,0,0,9,False,0.5219823187444268,0.6261789912269229,0.7430926398885536,0.6214036617262424,0.6922406277244987,0.6035373608903021,0.6621621621621622,0.5806451612903226
P2,43,0,0,10,False,0.4794669971233461,0.6203931615466163,0.7805897376364058,0.6360069747166521,0.7144725370531823,0.5998475609756098,0.5945945945945946,0.6774193548387096
P2,43,0,0,11,True,0.4330306945777521,0.6058663606643677,0.787439052704899,0.7103312990409765,0.7266782911944202,0.691458101124734,0.7432432432432432,0.6774193548387096
P2,43,0,0,12,False,0.3575877548354428,0.6694653152000336,0.8840840492221964,0.5614646904969486,0.7227550130775937,0.5607808340727595,0.8648648648648649,0.25806451612903225
P2,43,0,0,13,False,0.28423491752729185,0.6961689589279039,0.9334803807754818,0.6192240627724499,0.7358326068003488,0.6260683760683761,0.8513513513513513,0.3870967741935484
P2,43,0,0,14,False,0.24372158119591272,0.7068469064576285,0.9098560482934757,0.5963382737576286,0.7367044463818657,0.6011396011396011,0.8378378378378378,0.3548387096774194
P2,43,0,0,15,False,0.21826931172754707,0.7194074222019741,0.9185047596935222,0.5625544899738448,0.7114210985178727,0.5639241216747111,0.7702702702702703,0.3548387096774194
P2,43,0,0,16,False,0.18056432361282954,0.8758427679183938,0.9388785697701416,0.5911072362685266,0.7144725370531823,0.5949074074074074,0.8918918918918919,0.2903225806451613
P2,43,0,0,17,False,0.13457317432252372,0.7741722768261319,0.9659275597863942,0.5839145597210114,0.6965998256320837,0.5801767676767677,0.7162162162162162,0.45161290322580644
P2,43,0,0,18,False,0.08607516435951722,0.7812393676666987,0.9915254237288136,0.6390584132519617,0.6931124673060157,0.630281690140845,0.7297297297297297,0.5483870967741935
P2,43,0,0,19,False,0.07124363067673474,0.9867824854417926,0.9965753424657534,0.5640802092414996,0.7205754141238012,0.5654819863680624,0.8378378378378378,0.2903225806451613
P2,43,0,0,20,False,0.053654310161747584,0.8654333669692278,0.9915254237288136,0.5745422842197035,0.6922406277244987,0.5729880136986301,0.7297297297297297,0.41935483870967744
P2,43,0,0,21,False,0.04155506051895095,0.8756361627152988,1.0,0.6270706190061028,0.7061900610287707,0.6258503401360545,0.7702702702702703,0.4838709677419355
P2,43,0,0,22,False,0.028491509215133947,1.02308633841042,1.0,0.553182214472537,0.7048823016564952,0.5545235638114895,0.7837837837837838,0.3225806451612903
P2,43,0,0,23,False,0.024306102631977054,1.1646061957725102,1.0,0.5547079337401918,0.7227550130775937,0.55375,0.8513513513513513,0.25806451612903225
P2,43,0,1,1,False,0.696277129765294,0.6762853004400012,0.5151360544217687,0.5863013698630137,0.6552511415525114,0.5805137844611529,0.9726027397260274,0.2
P2,43,0,1,2,False,0.6978115329995823,0.6745680385422939,0.49030612244897964,0.5333333333333333,0.6785388127853881,0.48204022988505746,1.0,0.06666666666666667
P2,43,0,1,3,False,0.6771331253834969,0.6662289286122739,0.5551020408163265,0.5961187214611872,0.6652968036529681,0.5966867469879518,0.958904109589041,0.23333333333333334
P2,43,0,1,4,False,0.6661022463858416,0.6532870733622208,0.6129251700680272,0.641324200913242,0.6621004566210046,0.648635477582846,0.8493150684931506,0.43333333333333335
P2,43,0,1,5,False,0.6505671794287824,0.6617541648809192,0.5998299319727891,0.5986301369863014,0.6607305936073059,0.513416477702192,0.3972602739726027,0.8
P2,43,0,1,6,False,0.6021880170573359,0.635704142954743,0.6989795918367347,0.6335616438356164,0.6621004566210046,0.6308243727598566,0.7671232876712328,0.5
P2,43,0,1,7,False,0.551224778815744,0.6599194945640934,0.726360544217687,0.623972602739726,0.6703196347031963,0.5778688524590164,0.547945205479452,0.7
P2,43,0,1,8,False,0.5149869599204132,0.6737161012529169,0.7316326530612245,0.5965753424657534,0.6789954337899543,0.5437211093990755,0.4931506849315068,0.7
P2,43,0,1,9,False,0.493331165417381,0.6725363609860244,0.7853741496598639,0.6011415525114155,0.6721461187214612,0.6062399802688371,0.8356164383561644,0.36666666666666664
P2,43,0,1,10,False,0.455794672963124,0.6564387789050352,0.7782312925170067,0.6561643835616437,0.6922374429223744,0.6404316090130118,0.7123287671232876,0.6
P2,43,0,1,11,False,0.36462025538734766,0.6896671751170482,0.8391156462585034,0.6070776255707763,0.6835616438356165,0.6080940850916638,0.7808219178082192,0.43333333333333335
P2,43,0,1,12,False,0.2993223181957208,0.6914896137506059,0.8909863945578231,0.6698630136986301,0.6922374429223744,0.6571459250510039,0.7397260273972602,0.6
P2,43,0,1,13,False,0.23622357132642166,0.7351020140555299,0.9261904761904762,0.6011415525114155,0.6977168949771689,0.6062399802688371,0.8356164383561644,0.36666666666666664
P2,43,0,1,14,False,0.16607764895987395,0.7966373574386523,0.9545918367346938,0.5856164383561644,0.6643835616438356,0.5750555379244684,0.6712328767123288,0.5
P2,43,0,1,15,True,0.15972168477261123,0.741981263878276,0.9598639455782313,0.6796803652968036,0.7164383561643836,0.6622236327091928,0.726027397260274,0.6333333333333333
P2,43,0,1,16,False,0.10797775335213988,0.8046503755652789,0.9799319727891156,0.6561643835616437,0.7063926940639269,0.6404316090130118,0.7123287671232876,0.6
P2,43,0,1,17,False,0.06303111902901516,0.9154041270607883,0.9916666666666667,0.6267123287671232,0.6794520547945205,0.6227106227106227,0.7534246575342466,0.5
P2,43,0,1,18,False,0.05601518516595237,0.9274798961519037,0.9965986394557823,0.6198630136986301,0.6785388127853881,0.614656690140845,0.7397260273972602,0.5
P2,43,0,1,19,False,0.03205281266591687,0.9918252009789921,1.0,0.623744292237443,0.6817351598173516,0.623744292237443,0.7808219178082192,0.4666666666666667
P2,43,0,1,20,False,0.023601821916186868,1.0159437997827252,1.0,0.6207762557077625,0.6872146118721462,0.6240433298010126,0.8082191780821918,0.43333333333333335
P2,43,0,1,21,False,0.01607989478442404,1.1157126889645474,1.0,0.6178082191780823,0.6757990867579908,0.6235380116959065,0.8356164383561644,0.4
P2,43,0,1,22,False,0.015872303015161036,1.04729395352521,1.0,0.630593607305936,0.6926940639269407,0.6318459587224721,0.7945205479452054,0.4666666666666667
P2,43,0,1,23,False,0.013528127909372538,1.1481402632102227,1.0,0.6011415525114155,0.6771689497716895,0.6062399802688371,0.8356164383561644,0.36666666666666664
P2,43,0,1,24,False,0.010055854021243139,1.125752193835175,1.0,0.5942922374429224,0.6808219178082192,0.5984405458089669,0.821917808219178,0.36666666666666664
P2,43,0,1,25,False,0.009026551605674667,1.1439984845883637,1.0,0.5942922374429224,0.6853881278538813,0.5984405458089669,0.821917808219178,0.36666666666666664
P2,43,0,1,26,False,0.010918351544904104,1.1229732106032881,1.0,0.6139269406392693,0.6863013698630137,0.6160298229263746,0.7945205479452054,0.43333333333333335
P2,43,0,1,27,False,0.00866279228599427,1.1840785683937443,1.0,0.6315068493150685,0.6863013698630137,0.6398601398601399,0.863013698630137,0.4
P2,43,0,2,1,False,0.7153035952494695,0.6822238295686012,0.5229731236756998,0.5172413793103449,0.6915446386395843,0.4528735632183908,1.0,0.034482758620689655
P2,43,0,2,2,False,0.6923130888205308,0.6771225181280398,0.5150552024088324,0.5621162021728862,0.7057156353330184,0.5411764705882353,0.9863013698630136,0.13793103448275862
P2,43,0,2,3,False,0.6842753612078153,0.6720599859368568,0.5597189695550351,0.5899858290033065,0.7170524326877658,0.5943181818181817,0.9041095890410958,0.27586206896551724
P2,43,0,2,4,False,0.6591056505074868,0.6636325062489977,0.565741050518568,0.6495040151157299,0.7321681624940954,0.6182952182952183,0.6438356164383562,0.6551724137931034
P2,43,0,2,5,False,0.678637757897377,0.6755687606100943,0.5865395338463254,0.5517241379310345,0.7501180916391119,0.5181686046511628,1.0,0.10344827586206896
P2,43,0,2,6,False,0.6612346355731671,0.670968866815754,0.5978030556484889,0.5862068965517242,0.7553141237600378,0.5764705882352941,1.0,0.1724137931034483
P2,43,0,2,7,False,0.669741330238489,0.6284778480436287,0.6062785770045723,0.6936702881435994,0.7609825224374114,0.6956677407805227,0.8356164383561644,0.5517241379310345
P2,43,0,2,8,False,0.5922598426158612,0.6051983774877062,0.7448421991747518,0.7146905999055266,0.7713745866792631,0.6911764705882353,0.7397260273972602,0.6896551724137931
P2,43,0,2,9,True,0.5511311693833425,0.5868399236716476,0.7375933980149436,0.7316957959376476,0.7709022201228153,0.7219445706497047,0.8082191780821918,0.6551724137931034
P2,43,0,2,10,False,0.49993144548856294,0.5860489957472858,0.7702130032340806,0.6556447803495513,0.7704298535663675,0.6644736842105262,0.863013698630137,0.4482758620689655
P2,43,0,2,11,False,0.45327370441876924,0.601928664188759,0.8036132485781198,0.6315540859707133,0.7600377893245158,0.638663967611336,0.8493150684931506,0.41379310344827586
P2,43,0,2,12,False,0.373808890581131,0.6236645117694256,0.8642243782759005,0.586679263108172,0.7647614548889938,0.5913461538461539,0.863013698630137,0.3103448275862069
P2,43,0,2,13,False,0.3243847437776052,0.6327931810827816,0.8602096576335452,0.6006140765233821,0.7510628247520076,0.6048981631888042,0.821917808219178,0.3793103448275862
P2,43,0,2,14,False,0.2643108803492326,0.6410738054443809,0.9242221478755437,0.624940954180444,0.7505904581955598,0.6222222222222222,0.7671232876712328,0.4827586206896552
P2,43,0,2,15,False,0.21663359839182633,0.6714233241829217,0.9284041485446638,0.5904581955597543,0.73547472838923,0.5904581955597543,0.7671232876712328,0.41379310344827586
P2,43,0,2,16,False,0.14039681293070316,0.7626486128451777,0.9931972789115646,0.5833726972130373,0.7222484648086915,0.5870445344129555,0.821917808219178,0.3448275862068966
P2,43,0,2,17,False,0.11944545776798175,0.755856409961102,0.9747964759674361,0.5869154463863958,0.7383089277279169,0.589261744966443,0.7945205479452054,0.3793103448275862
P2,43,0,2,18,False,0.0891254388082486,0.8000703044966155,0.9897959183673469,0.624940954180444,0.7246102975909305,0.6222222222222222,0.7671232876712328,0.4827586206896552
P2,43,0,2,19,False,0.06766279464444289,0.8544023469382641,0.9965986394557823,0.6041568256967407,0.7165800661313179,0.6061776061776062,0.7945205479452054,0.41379310344827586
P2,43,0,2,20,False,0.05537967344459433,0.8319038666930854,0.9884019181443069,0.6180916391119509,0.7255550307038262,0.6141235813366961,0.7534246575342466,0.4827586206896552
P2,43,0,2,21,False,0.048471811012579843,0.8536495250814101,0.9965986394557823,0.6112423240434577,0.7288615965989608,0.6060881417537483,0.7397260273972602,0.4827586206896552
P2,43,1,0,1,False,0.7433300398398137,0.6881709257761638,0.5035714285714286,0.5,0.6556233653007847,0.4134078212290503,1.0,0.0
P2,43,1,0,2,False,0.7067837453118845,0.6823665925434658,0.503061224489796,0.5,0.6591107236268526,0.4134078212290503,1.0,0.0
P2,43,1,0,3,False,0.6951941764297117,0.6781044585364205,0.4989795918367347,0.532258064516129,0.6704446381865736,0.4786851566512583,1.0,0.06451612903225806
P2,43,1,0,4,False,0.6727299958035566,0.6840000504539127,0.5736394557823129,0.5176547515257193,0.6878814298169137,0.2932692307692308,0.06756756756756757,0.967741935483871
P2,43,1,0,5,False,0.6773975307238851,0.6732955830437797,0.5256802721088436,0.532258064516129,0.6791630340017437,0.4786851566512583,1.0,0.06451612903225806
P2,43,1,0,6,False,0.6659589715050038,0.6511302408717927,0.5624149659863946,0.6214036617262424,0.6857018308631212,0.6035373608903021,0.6621621621621622,0.5806451612903226
P2,43,1,0,7,False,0.6311459310964685,0.6646354022480193,0.6408163265306123,0.5882737576285963,0.6717523975588492,0.4856676342525399,0.33783783783783783,0.8387096774193549
P2,43,1,0,8,False,0.6042482720481025,0.6387360731760661,0.6840136054421768,0.6240191804707933,0.6617262423714037,0.6001367053998632,0.6351351351351351,0.6129032258064516
P2,43,1,0,9,False,0.5401643793939969,0.704526856257802,0.7476190476190476,0.602005231037489,0.6394943330427202,0.6052081882746136,0.9459459459459459,0.25806451612903225
P2,43,1,0,10,False,0.49845372075619904,0.6802768738496872,0.7695578231292517,0.5911072362685266,0.6717523975588492,0.5949074074074074,0.8918918918918919,0.2903225806451613
P2,43,1,0,11,False,0.45084730265797046,0.692077124118805,0.7816326530612245,0.5854402789886661,0.6564952048823016,0.5874957907733752,0.7837837837837838,0.3870967741935484
P2,43,1,0,12,False,0.3637880654150737,0.6618127929312843,0.8607142857142858,0.6187881429816913,0.6782911944202267,0.6063430945384537,0.6891891891891891,0.5483870967741935
P2,43,1,0,13,True,0.30526726919671765,0.6882133889056388,0.8906462585034014,0.6323016564952049,0.6761115954664342,0.6222633364168979,0.7162162162162162,0.5483870967741935
P2,43,1,0,14,False,0.2487165557877453,0.7631776534020901,0.9326530612244899,0.6285963382737576,0.6739319965126417,0.6347402597402597,0.8378378378378378,0.41935483870967744
P2,43,1,0,15,False,0.2215959732083307,0.8080988677129859,0.9197278911564626,0.6124673060156931,0.6765475152571927,0.6181818181818182,0.8378378378378378,0.3870967741935484
P2,43,1,0,16,False,0.15962821813885142,0.9291353889075773,0.9761904761904762,0.5911072362685266,0.6673931996512642,0.5949074074074074,0.8918918918918919,0.2903225806451613
P2,43,1,0,17,False,0.10118017579622315,1.0700422166447554,0.9931972789115646,0.5817349607672189,0.6564952048823016,0.5824496288441146,0.9054054054054054,0.25806451612903225
P2,43,1,0,18,False,0.08988187206540131,1.0539634793287231,1.0,0.5749782040104621,0.6726242371403661,0.5751207414175695,0.8918918918918919,0.25806451612903225
P2,43,1,0,19,False,0.053274432962067464,0.9845839546549888,1.0,0.5895815170008718,0.6922406277244987,0.5935483870967742,0.8243243243243243,0.3548387096774194
P2,43,1,0,20,False,0.05457616013425272,1.0780106134801393,0.9916666666666667,0.6004795117698344,0.6926765475152572,0.60625,0.8783783783783784,0.3225806451612903
P2,43,1,0,21,False,0.03500984133567643,1.0530801304527337,1.0,0.5666957279860506,0.6778552746294682,0.5689149560117303,0.8108108108108109,0.3225806451612903
P2,43,1,0,22,False,0.024115795017656497,1.0791753276761267,1.0,0.6098517872711422,0.7013949433304272,0.616601752677702,0.8648648648648649,0.3548387096774194
P2,43,1,0,23,False,0.029991394295784585,1.1584830691128791,1.0,0.5869659982563208,0.6874455100261552,0.5910418695228822,0.8513513513513513,0.3225806451612903
P2,43,1,0,24,False,0.01831501170740899,1.1201558909667213,1.0,0.5963382737576286,0.7035745422842197,0.6011396011396011,0.8378378378378378,0.3548387096774194
P2,43,1,0,25,False,0.015518052903890321,1.2734258519552115,1.0,0.5749782040104621,0.6896251089799477,0.5751207414175695,0.8918918918918919,0.25806451612903225
P2,43,1,1,1,False,0.7049708435168633,0.6831233501434326,0.49464703914352626,0.5432432432432432,0.6337837837837837,0.5077755240027046,0.9864864864864865,0.1
P2,43,1,1,2,False,0.6958543658256531,0.686115732559791,0.5543660086985615,0.5,0.6635135135135135,0.41573033707865165,1.0,0.0
P2,43,1,1,3,False,0.6843559730511445,0.6791536945563096,0.5676368908219025,0.5117117117117117,0.6869369369369369,0.40296296296296297,0.25675675675675674,0.7666666666666667
P2,43,1,1,4,False,0.670489292878371,0.6689003201631399,0.5750529720084755,0.6099099099099099,0.6810810810810811,0.5495291902071563,0.4864864864864865,0.7333333333333333
P2,43,1,1,5,False,0.6526308747438284,0.6688890273754413,0.6124679379948701,0.5554054054054054,0.6878378378378378,0.45187239944521496,0.3108108108108108,0.8
P2,43,1,1,6,False,0.6358374357223511,0.6386695504188538,0.6598081855693096,0.6441441441441441,0.7040540540540541,0.6102564102564102,0.6216216216216216,0.6666666666666666
P2,43,1,1,7,False,0.5927709627609986,0.6846474798826071,0.7116092338574774,0.554954954954955,0.7040540540540541,0.41964285714285715,0.24324324324324326,0.8666666666666667
P2,43,1,1,8,False,0.5592591785467588,0.611146881030156,0.7675922828147652,0.6648648648648648,0.7261261261261261,0.6504201680672269,0.7297297297297297,0.6
P2,43,1,1,9,False,0.47802498363531554,0.6249177295428056,0.8070146091223375,0.6018018018018019,0.7243243243243244,0.6018018018018019,0.7702702702702703,0.43333333333333335
P2,43,1,1,10,False,0.4709971793569051,0.621866918527163,0.7584476413516226,0.6545045045045045,0.7148648648648649,0.6306443429731101,0.6756756756756757,0.6333333333333333
P2,43,1,1,11,True,0.36620147354327715,0.6534224244264456,0.8772164603546337,0.681081081081081,0.7031531531531532,0.6475279106858054,0.6621621621621622,0.7
P2,43,1,1,12,False,0.28743186507087487,0.7252210298409829,0.8929965428794469,0.6184684684684685,0.6995495495495495,0.6172632987621278,0.7702702702702703,0.4666666666666667
P2,43,1,1,13,False,0.2329986814696055,0.7773062793108133,0.9256161480985836,0.6148648648648649,0.695045045045045,0.6083916083916084,0.7297297297297297,0.5
P2,43,1,1,14,False,0.17475973857709995,0.8275055380967947,0.9352068696330991,0.5981981981981982,0.686036036036036,0.59375,0.7297297297297297,0.4666666666666667
P2,43,1,1,15,False,0.1588672034155864,0.8758038546030338,0.9468049514887922,0.5981981981981982,0.6923423423423424,0.59375,0.7297297297297297,0.4666666666666667
P2,43,1,1,16,False,0.10391207841726449,1.0572724101635127,0.9815991970558715,0.5684684684684684,0.6788288288288288,0.5696551724137932,0.7702702702702703,0.36666666666666664
P2,43,1,1,17,False,0.07267845156960763,1.1364447199381316,0.9884019181443069,0.5315315315315315,0.6513513513513514,0.5315315315315315,0.7297297297297297,0.3333333333333333
P2,43,1,1,18,False,0.04864047951279925,1.1165262346084301,0.9931972789115646,0.6117117117117117,0.6792792792792792,0.6093680954485197,0.7567567567567568,0.4666666666666667
P2,43,1,1,19,False,0.03536042322118122,1.1026402551394243,1.0,0.6247747747747747,0.6815315315315316,0.6146924949719488,0.7162162162162162,0.5333333333333333
P2,43,1,1,20,False,0.020699543144124057,1.2443259564729838,1.0,0.5414414414414415,0.6783783783783783,0.5404330534688466,0.7162162162162162,0.36666666666666664
P2,43,1,1,21,False,0.01795169093216268,1.312355207136044,1.0,0.5716216216216217,0.6648648648648648,0.5708709713393554,0.7432432432432432,0.4
P2,43,1,1,22,False,0.014353329978453426,1.2507030705992992,1.0,0.5747747747747748,0.6774774774774774,0.5711805555555556,0.7162162162162162,0.43333333333333335
P2,43,1,1,23,False,0.016075990735911407,1.36731561846458,1.0,0.5481981981981981,0.6599099099099099,0.5476748076279692,0.7297297297297297,0.36666666666666664
P2,43,1,2,1,False,0.7034856115231674,0.6881292271382601,0.5351129818342933,0.5611872146118722,0.5538812785388127,0.5412955465587045,0.589041095890411,0.5333333333333333
P2,43,1,2,2,False,0.6946077184243635,0.6816469893872159,0.5393221089942402,0.5294520547945205,0.5726027397260274,0.4950980392156863,0.958904109589041,0.1
P2,43,1,2,3,False,0.6656687864276211,0.6992694081612003,0.5495680106335844,0.5312785388127854,0.5954337899543379,0.3184197530864198,0.0958904109589041,0.9666666666666667
P2,43,1,2,4,False,0.6537089518953169,0.6716206073760986,0.6097696056712449,0.5755707762557077,0.602283105022831,0.5738336424596946,0.9178082191780822,0.23333333333333334
P2,43,1,2,5,False,0.6197901065840105,0.6661567699561999,0.6170801949490474,0.5582191780821918,0.6242009132420091,0.5438253167164486,0.6164383561643836,0.5
P2,43,1,2,6,False,0.5901996387819354,0.6426241536742275,0.7019273371732389,0.5865296803652968,0.6684931506849315,0.5846774193548387,0.7397260273972602,0.43333333333333335
P2,43,1,2,7,False,0.5555815300302642,0.6324091634704071,0.6787771377935312,0.5561643835616439,0.6808219178082192,0.5541125541125541,0.7123287671232876,0.4
P2,43,1,2,8,False,0.4832993011440387,0.7037543370885756,0.789211342490031,0.5559360730593608,0.7031963470319634,0.541378780899739,0.9452054794520548,0.16666666666666666
P2,43,1,2,9,True,0.4316568280521192,0.6299991219946481,0.8398870181657067,0.665068493150685,0.7059360730593607,0.6286057692307692,0.6301369863013698,0.7
P2,43,1,2,10,False,0.40225259524783447,0.657630412323961,0.8413269827204253,0.5815068493150685,0.7278538812785388,0.5849473547380736,0.863013698630137,0.3
P2,43,1,2,11,False,0.3171997650673515,0.6855988409912702,0.8924457244129376,0.6148401826484018,0.7168949771689498,0.6221378874130297,0.863013698630137,0.36666666666666664
P2,43,1,2,12,False,0.2704577286277661,0.6603203589476428,0.8842490031014621,0.6257990867579908,0.7105022831050228,0.6105042016806723,0.684931506849315,0.5666666666666667
P2,43,1,2,13,False,0.22937453948139574,0.8340352941485285,0.9170358883473637,0.5785388127853881,0.7342465753424657,0.5801630434782609,0.8904109589041096,0.26666666666666666
P2,43,1,2,14,False,0.2078289785132739,1.0855443659916664,0.94162605228179,0.5657534246575342,0.678082191780822,0.5584626755358462,0.9315068493150684,0.2
P2,43,1,2,15,False,0.17434675303515065,0.8960283207661898,0.9291094373061586,0.5815068493150685,0.6757990867579908,0.5849473547380736,0.863013698630137,0.3
P2,43,1,2,16,False,0.10567863442395863,0.8956172755621012,0.9768498006202924,0.5874429223744292,0.6771689497716895,0.590728476821192,0.8082191780821918,0.36666666666666664
P2,43,1,2,17,False,0.07095793627523349,0.9516934000172661,0.9884249003101462,0.5639269406392694,0.6821917808219178,0.5659241420830824,0.7945205479452054,0.3333333333333333
P2,43,1,2,18,False,0.06759087322502616,1.1277667749853968,0.9966216216216216,0.5746575342465753,0.684931506849315,0.5774358974358975,0.8493150684931506,0.3
P2,43,1,2,19,False,0.044283592674667326,1.2461579284332331,1.0,0.5853881278538813,0.673972602739726,0.5877156659765355,0.9041095890410958,0.26666666666666666
P2,43,1,2,20,False,0.03255628823841873,1.2323902162533362,1.0,0.5981735159817352,0.6703196347031963,0.6038461538461539,0.863013698630137,0.3333333333333333
P2,43,1,2,21,False,0.02056592003287498,1.269462999209617,1.0,0.6011415525114155,0.6520547945205479,0.6062399802688371,0.8356164383561644,0.36666666666666664
P2,43,2,0,1,False,0.7183090079809733,0.7354452956290473,0.5064625850340136,0.5,0.6386224934612031,0.22794117647058823,0.0,1.0
P2,43,2,0,2,False,0.6930043795258527,0.688039855729966,0.5052721088435375,0.5518744551002616,0.6285963382737576,0.44716775599128544,0.2972972972972973,0.8064516129032258
P2,43,2,0,3,False,0.688439352788787,0.6828842532067072,0.5532312925170069,0.5658238884045336,0.6120313862249346,0.5222397622806203,0.4864864864864865,0.6451612903225806
P2,43,2,0,4,False,0.6731672975176198,0.6833221253894625,0.5727891156462586,0.4888840453356582,0.6002615518744551,0.43481434175713896,0.36486486486486486,0.6129032258064516
P2,43,2,0,5,False,0.6487471988235695,0.665053721836635,0.6267006802721089,0.5427201394943331,0.5993897122929381,0.5333333333333333,0.8918918918918919,0.1935483870967742
P2,43,2,0,6,False,0.6081247836495367,0.6702514239719936,0.6578231292517007,0.5359633827375763,0.6150828247602441,0.5267762460233298,0.8783783783783784,0.1935483870967742
P2,43,2,0,7,False,0.5554719380134545,0.7210248640605381,0.7017006802721089,0.48779424585876197,0.5993897122929381,0.4603308102046537,0.4594594594594595,0.5161290322580645
P2,43,2,0,8,False,0.5036095402378967,0.7344808771496727,0.7767006802721088,0.5028334786399302,0.5959023539668701,0.4900932400932401,0.5540540540540541,0.45161290322580644
P2,43,2,0,9,False,0.4603462466871105,0.7524494534447079,0.7952380952380952,0.5385789014821273,0.6394943330427202,0.5341614906832298,0.8513513513513513,0.22580645161290322
P2,43,2,0,10,False,0.4170674949452497,0.7277036121913365,0.8304421768707483,0.5625544899738448,0.6460331299040977,0.5639241216747111,0.7702702702702703,0.3548387096774194
P2,43,2,0,11,False,0.3523141206174657,0.7437459599404108,0.857312925170068,0.5625544899738448,0.6551874455100262,0.5639241216747111,0.7702702702702703,0.3548387096774194
P2,43,2,0,12,False,0.2808201896827578,0.78667916229793,0.9243197278911565,0.6161726242371404,0.6560592850915432,0.6085335542667771,0.7162162162162162,0.5161290322580645
P2,43,2,0,13,False,0.2511847425558141,0.7630966680390494,0.9193877551020408,0.6094158674803836,0.6809067131647777,0.6006783842121493,0.7027027027027027,0.5161290322580645
P2,43,2,0,14,True,0.18997014360727318,0.790269516763233,0.9462585034013605,0.6349171752397559,0.6835222319093287,0.6195652173913044,0.6891891891891891,0.5806451612903226
P2,43,2,0,15,False,0.15591274756164367,0.8444900268600101,0.9647959183673469,0.5719267654751525,0.6721883173496077,0.5725602376499064,0.7567567567567568,0.3870967741935484
P2,43,2,0,16,False,0.11799868612869638,0.8523964246114095,0.9882653061224489,0.6078901482127288,0.6835222319093287,0.5875883739198744,0.6351351351351351,0.5806451612903226
P2,43,2,0,17,False,0.09122044816253266,0.9193492707752046,0.9931972789115646,0.6026591107236268,0.6822144725370531,0.5928571428571427,0.6891891891891891,0.5161290322580645
P2,43,2,0,18,False,0.055238839256878634,0.9981208381198702,1.0,0.6000435919790759,0.6700087183958152,0.594509967644296,0.7162162162162162,0.4838709677419355
P2,43,2,0,19,False,0.05259114485863902,1.1192347946621122,0.9965986394557823,0.5828247602441151,0.6687009590235397,0.5860389610389609,0.8108108108108109,0.3548387096774194
P2,43,2,0,20,False,0.037204116978795054,1.0665488084157309,1.0,0.6203138622493461,0.6774193548387096,0.6179366438356164,0.7567567567567568,0.4838709677419355
P2,43,2,0,21,False,0.022234531794337258,1.146457220259167,1.0,0.6176983435047951,0.6778552746294682,0.6187699416877545,0.7837837837837838,0.45161290322580644
P2,43,2,0,22,False,0.02450961237638325,1.1665836652119954,1.0,0.6000435919790759,0.6734960767218832,0.594509967644296,0.7162162162162162,0.4838709677419355
P2,43,2,0,23,False,0.01987924350083666,1.208853486606053,1.0,0.6176983435047951,0.6752397558849171,0.6187699416877545,0.7837837837837838,0.45161290322580644
P2,43,2,0,24,False,0.018407024218192423,1.2845061551956904,1.0,0.553182214472537,0.6726242371403661,0.5545235638114895,0.7837837837837838,0.3225806451612903
P2,43,2,0,25,False,0.013394175929687738,1.2789340802601405,1.0,0.5948125544899738,0.6769834350479512,0.5956650896688305,0.7702702702702703,0.41935483870967744
P2,43,2,0,26,False,0.014138703823881448,1.3822343457312811,1.0,0.5828247602441151,0.6682650392327811,0.5860389610389609,0.8108108108108109,0.3548387096774194
P2,43,2,1,1,False,0.6996155839699966,0.6855069582278912,0.5430467268874762,0.6531531531531531,0.6427927927927928,0.6718301778542742,0.972972972972973,0.3333333333333333
P2,43,2,1,2,False,0.6971101256517264,0.6792377233505249,0.51427456228393,0.6166666666666667,0.6657657657657657,0.621937727200885,1.0,0.23333333333333334
P2,43,2,1,3,False,0.6785439642576071,0.677064414207752,0.5625627300100368,0.5333333333333333,0.6905405405405406,0.4829545454545454,1.0,0.06666666666666667
P2,43,2,1,4,False,0.7008512478608352,0.6791542218281672,0.543381286941006,0.5333333333333333,0.7148648648648649,0.4829545454545454,1.0,0.06666666666666667
P2,43,2,1,5,False,0.6731561238949115,0.6484284217541034,0.5455001672800268,0.6490990990990991,0.7346846846846847,0.6581862446743761,0.8648648648648649,0.43333333333333335
P2,43,2,1,6,False,0.6248945662608514,0.6180340441373678,0.6696777071484331,0.659009009009009,0.7436936936936936,0.6663101604278074,0.8513513513513513,0.4666666666666667
P2,43,2,1,7,False,0.5798977303963441,0.6038093612744257,0.7006245120999219,0.6549549549549549,0.7495495495495496,0.6448997012377294,0.7432432432432432,0.5666666666666667
P2,43,2,1,8,False,0.5391374723269389,0.5894175859598013,0.7306233968997435,0.6621621621621622,0.7612612612612613,0.6652873563218391,0.8243243243243243,0.5
P2,43,2,1,9,False,0.4759249280278499,0.6054173272389632,0.7954165272666444,0.6905405405405405,0.7698198198198198,0.6319464371114301,0.581081081081081,0.8
P2,43,2,1,10,False,0.44144911490953886,0.5982118157240061,0.7810304449648712,0.6869369369369369,0.7675675675675676,0.617033330186007,0.5405405405405406,0.8333333333333334
P2,43,2,1,11,False,0.37504124297545505,0.7153499149359189,0.8622170179547228,0.6058558558558559,0.7463963963963964,0.612886664099602,0.8783783783783784,0.3333333333333333
P2,43,2,1,12,False,0.30115646209854346,0.6017032059339377,0.9154120664659307,0.7117117117117118,0.7657657657657657,0.6941176470588236,0.7567567567567568,0.6666666666666666
P2,43,2,1,13,False,0.26853698377425855,0.6173131947333996,0.941396230623397,0.7220720720720721,0.7711711711711712,0.7153804050355775,0.8108108108108109,0.6333333333333333
P2,43,2,1,14,False,0.22619314377124494,0.7842895033267828,0.9495929519348723,0.6558558558558558,0.75,0.6666666666666667,0.8783783783783784,0.43333333333333335
P2,43,2,1,15,False,0.15910471545962188,0.852438778258287,0.9761904761904762,0.6626126126126126,0.7567567567567568,0.6752841263894093,0.8918918918918919,0.43333333333333335
P2,43,2,1,16,False,0.12683686399115965,0.8119041572969693,0.9884019181443069,0.659009009009009,0.7608108108108108,0.6663101604278074,0.8513513513513513,0.4666666666666667
P2,43,2,1,17,False,0.11490093845014389,0.7940058865799353,0.961804393888703,0.6855855855855856,0.7603603603603604,0.6891954022988505,0.8378378378378378,0.5333333333333333
P2,43,2,1,18,False,0.08802892461132544,0.967917307638205,0.9897959183673469,0.6423423423423423,0.7454954954954955,0.6498316498316498,0.8513513513513513,0.43333333333333335
P2,43,2,1,19,True,0.0963351743009228,0.8271810102921265,0.9850005576000892,0.7387387387387387,0.7567567567567568,0.7291666666666667,0.8108108108108109,0.6666666666666666
P2,43,2,1,20,False,0.05431135700872311,0.9534630107765014,0.9965986394557823,0.6756756756756757,0.7486486486486487,0.6823308270676691,0.8513513513513513,0.5
P2,43,2,1,21,False,0.0492109706482062,1.0768389389492,0.9965986394557823,0.6490990990990991,0.7504504504504504,0.6581862446743761,0.8648648648648649,0.43333333333333335
P2,43,2,1,22,False,0.047110557806893036,0.8638019785284996,1.0,0.7085585585585585,0.7621621621621621,0.697902097902098,0.7837837837837838,0.6333333333333333
P2,43,2,1,23,False,0.03285033986545526,0.9534579802017945,1.0,0.6788288288288289,0.7549549549549549,0.6805824138323285,0.8243243243243243,0.5333333333333333
P2,43,2,1,24,False,0.0322629206885512,0.9070907836923232,1.0,0.6986486486486486,0.759009009009009,0.6926108374384237,0.7972972972972973,0.6
P2,43,2,1,25,False,0.026204045521668516,0.9326882385290586,1.0,0.7085585585585585,0.7576576576576577,0.697902097902098,0.7837837837837838,0.6333333333333333
P2,43,2,1,26,False,0.023598081933764312,1.0072168212097425,1.0,0.6887387387387387,0.7531531531531531,0.6868517898962864,0.8108108108108109,0.5666666666666667
P2,43,2,1,27,False,0.018213190639821384,1.025056924384374,1.0,0.6788288288288289,0.7545045045045045,0.6805824138323285,0.8243243243243243,0.5333333333333333
P2,43,2,1,28,False,0.013887497074812507,1.191451867039387,1.0,0.6558558558558558,0.7454954954954955,0.6666666666666667,0.8783783783783784,0.43333333333333335
P2,43,2,1,29,False,0.017987491903253473,1.1351730840710492,1.0,0.659009009009009,0.7504504504504504,0.6663101604278074,0.8513513513513513,0.4666666666666667
P2,43,2,1,30,False,0.013143939825777825,1.0810823128200495,1.0,0.6689189189189189,0.7527027027027027,0.6737539212269084,0.8378378378378378,0.5
P2,43,2,1,31,False,0.012584598914075356,1.0769631475783312,1.0,0.6855855855855856,0.7527027027027027,0.6891954022988505,0.8378378378378378,0.5333333333333333
P2,43,2,2,1,False,0.6927964362231168,0.6866684243517015,0.5316238369517058,0.5,0.5744292237442923,0.41477272727272724,1.0,0.0
P2,43,2,2,2,False,0.7099790293634223,0.6899593015318936,0.5108551174124945,0.5,0.6118721461187214,0.41477272727272724,1.0,0.0
P2,43,2,2,3,False,0.7063722288209285,0.6729602628541225,0.5330084182543199,0.5815068493150685,0.6776255707762557,0.5849473547380736,0.863013698630137,0.3
P2,43,2,2,4,False,0.6821674422213906,0.6764922176749961,0.5206025697828977,0.5166666666666667,0.6958904109589041,0.44940092165898615,1.0,0.03333333333333333
P2,43,2,2,5,False,0.6802590515054584,0.7007615300058161,0.5533894550287992,0.5166666666666667,0.723744292237443,0.44940092165898615,1.0,0.03333333333333333
P2,43,2,2,6,False,0.6425443887710571,0.6519397641848592,0.5939299955693398,0.6319634703196347,0.7616438356164383,0.5335849056603774,0.3972602739726027,0.8666666666666667
P2,43,2,2,7,True,0.663450354594363,0.6222135870202073,0.6021267168808153,0.763013698630137,0.7844748858447489,0.7258394758394757,0.726027397260274,0.8
P2,43,2,2,8,False,0.6170405150885787,0.6138557184089735,0.6246677004873726,0.6059360730593607,0.7876712328767124,0.6112078977932636,0.9452054794520548,0.26666666666666666
P2,43,2,2,9,False,0.5674208944494074,0.5729972905325658,0.7149977846699158,0.6952054794520548,0.8018264840182648,0.7078554692317178,0.8904109589041096,0.5
P2,43,2,2,10,False,0.5051127643676466,0.5672317540761337,0.7458462560921577,0.7121004566210045,0.8155251141552512,0.6698717948717949,0.6575342465753424,0.7666666666666667
P2,43,2,2,11,False,0.4401230107654225,0.5569764025581693,0.8061032343819229,0.730593607305936,0.7963470319634703,0.7190398254228041,0.7945205479452054,0.6666666666666666
P2,43,2,2,12,False,0.41042471245715495,0.5637959241867065,0.7771931767833407,0.7493150684931507,0.8,0.7080971659919029,0.6986301369863014,0.8
P2,43,2,2,13,False,0.3703228020995998,0.5560520129296386,0.8639787328311919,0.7070776255707762,0.7894977168949772,0.6965630114566286,0.7808219178082192,0.6333333333333333
P2,43,2,2,14,False,0.2768084127366828,0.651880370181741,0.9252326096588392,0.6559360730593607,0.7863013698630137,0.6730158730158731,0.9452054794520548,0.36666666666666664
P2,43,2,2,15,False,0.23823716765955874,0.5698531171650563,0.9170358883473637,0.6844748858447489,0.7940639269406393,0.6880242311276794,0.8356164383561644,0.5333333333333333
P2,43,2,2,16,False,0.16178401235188022,0.6083472741460337,0.968653079308817,0.6383561643835616,0.7954337899543379,0.6481973434535104,0.8767123287671232,0.4
P2,43,2,2,17,False,0.15771991053694173,0.6216537819325345,0.9604563579973416,0.691324200913242,0.7899543378995434,0.6968091369363005,0.8493150684931506,0.5333333333333333
P2,43,2,2,18,False,0.09177951781195032,0.8226787442142524,0.9966216216216216,0.5922374429223745,0.7776255707762557,0.595398428731762,0.9178082191780822,0.26666666666666666
P2,43,2,2,19,False,0.08735385104906901,0.7205944333261657,0.9884249003101462,0.6579908675799087,0.7744292237442922,0.6651414810355207,0.8493150684931506,0.4666666666666667
P2,43,3,0,1,False,0.718117702465791,0.7028215022314163,0.49492583918813426,0.5,0.5915431560592851,0.22794117647058823,0.0,1.0
P2,43,3,0,2,False,0.7022788570477412,0.6846640620912824,0.5089216014274562,0.5161290322580645,0.6438535309503052,0.44698033707865165,1.0,0.03225806451612903
P2,43,3,0,3,False,0.7096232221676753,0.6792065569332668,0.4754655960744954,0.5483870967741935,0.6682650392327811,0.5086898395721925,1.0,0.0967741935483871
P2,43,3,0,4,False,0.6786604386109573,0.6798273938042777,0.5448868071818891,0.5379250217959896,0.6717523975588492,0.3326060146096196,0.10810810810810811,0.967741935483871
P2,43,3,0,5,False,0.6353338739046683,0.6755298523675828,0.6777629084420653,0.5967741935483871,0.6460331299040977,0.5899078269020466,1.0,0.1935483870967742
P2,43,3,0,6,False,0.6022831052541733,0.6901958354881832,0.6522248243559718,0.6316477768090671,0.6438535309503052,0.6428571428571428,0.972972972972973,0.2903225806451613
P2,43,3,0,7,False,0.6161462400968258,0.655603730110895,0.6430801828928293,0.6218395815170009,0.6621621621621622,0.6267629858961129,0.8243243243243243,0.41935483870967744
P2,43,3,0,8,False,0.5538554374988263,0.6434949179490407,0.704806512769042,0.6135571054925893,0.6726242371403661,0.6100795755968169,0.7432432432432432,0.4838709677419355
P2,43,3,0,9,False,0.5073110575859363,0.6291323308433805,0.7470168395226944,0.6405841325196164,0.7018308631211857,0.6418747937066783,0.7972972972972973,0.4838709677419355
P2,43,3,0,10,False,0.43525291033662283,0.6825095622312455,0.7850451656072265,0.6386224934612031,0.6769834350479512,0.5948235294117646,0.5675675675675675,0.7096774193548387
P2,43,3,0,11,False,0.3793369193489735,0.6762159583824021,0.85758893721423,0.6660854402789886,0.6918047079337402,0.6628852739726028,0.7837837837837838,0.5483870967741935
P2,43,3,0,12,False,0.3587556744997318,0.701516227282229,0.8316047730567637,0.6724062772449869,0.6813426329555362,0.6365384615384615,0.6351351351351351,0.7096774193548387
P2,43,3,0,13,False,0.3143134953883978,0.774047271144532,0.9161927065908331,0.7024847428073235,0.6721883173496077,0.7024847428073235,0.8243243243243243,0.5806451612903226
P2,43,3,0,14,False,0.2514358415053441,0.7948551472187751,0.912010705921713,0.6540976460331299,0.6830863121185702,0.6582107980693681,0.8243243243243243,0.4838709677419355
P2,43,3,0,15,False,0.23246700832476982,0.8088043444745597,0.9229954276792685,0.6728421970357454,0.6774193548387096,0.6712018140589568,0.7972972972972973,0.5483870967741935
P2,43,3,0,16,True,0.18123314873530313,0.8007044228414695,0.9468049514887922,0.7129468177855275,0.6839581517000872,0.6870031796502385,0.7162162162162162,0.7096774193548387
P2,43,3,0,17,False,0.15352030127094343,0.8645718193923434,0.9591836734693877,0.6687009590235398,0.6752397558849171,0.6602651080263021,0.7567567567567568,0.5806451612903226
P2,43,3,0,18,False,0.14061922465379423,0.8822763029153325,0.9768038362886138,0.6754577157802965,0.6865736704446382,0.6685606060606061,0.7702702702702703,0.5806451612903226
P2,43,3,0,19,False,0.1120199476583646,0.9782530644431799,0.9713951154232184,0.6728421970357454,0.6830863121185702,0.6712018140589568,0.7972972972972973,0.5483870967741935
P2,43,3,0,20,False,0.07059680849600297,1.162777119901009,0.9965986394557823,0.6421098517872712,0.6604184829991282,0.650997150997151,0.8648648648648649,0.41935483870967744
P2,43,3,0,21,False,0.07077223327583991,1.071940773849686,0.9815991970558715,0.6660854402789886,0.6656495204882301,0.6628852739726028,0.7837837837837838,0.5483870967741935
P2,43,3,0,22,False,0.06514754812591352,1.0658779343091218,0.9815991970558715,0.6593286835222318,0.6665213600697472,0.6546419098143237,0.7702702702702703,0.5483870967741935
P2,43,3,0,23,False,0.05982333382305045,1.1571208169808544,0.9815991970558715,0.6499564080209241,0.6704446381865736,0.6485260770975056,0.7837837837837838,0.5161290322580645
P2,43,3,0,24,False,0.037599046768334046,1.2639784456288907,0.9965986394557823,0.6285963382737576,0.6608544027898866,0.6347402597402597,0.8378378378378378,0.41935483870967744
P2,43,3,0,25,False,0.040245130693969816,1.2686588581098477,1.0,0.6176983435047951,0.6569311246730601,0.6187699416877545,0.7837837837837838,0.45161290322580644
P2,43,3,0,26,False,0.03796256644328913,1.2602430886959024,0.9965986394557823,0.6499564080209241,0.6647776809067132,0.6485260770975056,0.7837837837837838,0.5161290322580645
P2,43,3,0,27,False,0.030239621634021975,1.2689640538606217,0.9918032786885246,0.6499564080209241,0.6752397558849171,0.6485260770975056,0.7837837837837838,0.5161290322580645
P2,43,3,0,28,False,0.018360432470217347,1.289965639770907,1.0,0.6499564080209241,0.6695727986050567,0.6485260770975056,0.7837837837837838,0.5161290322580645
P2,43,3,1,1,False,0.7064914772143731,0.7051549099740528,0.5071930411508866,0.5,0.5819529206625981,0.4134078212290503,1.0,0.0
P2,43,3,1,2,False,0.68291625724389,0.6951482699030922,0.5776736924277908,0.5135135135135135,0.5998256320836965,0.2576590730557738,0.02702702702702703,1.0
P2,43,3,1,3,False,0.6786776391359476,0.6761507528168814,0.580015612802498,0.5656059285091543,0.6063644289450741,0.5616161616161617,0.9054054054054054,0.22580645161290322
P2,43,3,1,4,False,0.6582480852420514,0.6671296834945679,0.6070592171294747,0.6004795117698344,0.6124673060156931,0.60625,0.8783783783783784,0.3225806451612903
P2,43,3,1,5,False,0.6378330909288846,0.660168825444721,0.6302553808408609,0.5802092414995641,0.6163905841325196,0.583583703881745,0.8378378378378378,0.3225806451612903
P2,43,3,1,6,False,0.5842290486280735,0.6504101458049956,0.6936545109847218,0.5501307759372276,0.6482127288578902,0.5425068395987436,0.6486486486486487,0.45161290322580644
P2,43,3,1,7,False,0.593905529150596,0.654616802079337,0.6680049068807851,0.5937227550130776,0.6625980819529207,0.5985941546429893,0.8648648648648649,0.3225806451612903
P2,43,3,1,8,False,0.5677280953297248,0.6498731505303156,0.7006245120999219,0.6270706190061028,0.6569311246730601,0.6258503401360545,0.7702702702702703,0.4838709677419355
P2,43,3,1,9,False,0.479505717754364,0.6626245901698158,0.7830378052860488,0.6150828247602441,0.6691368788142982,0.6188747731397459,0.8108108108108109,0.41935483870967744
P2,43,3,1,10,False,0.40046796603844714,0.6712448321637653,0.8540202966432475,0.6244551002615518,0.6857018308631212,0.6266666666666667,0.7972972972972973,0.45161290322580644
P2,43,3,1,11,False,0.36398176791576237,0.7726305836722964,0.8609902977584476,0.5411944202266783,0.6691368788142982,0.5399221032132425,0.8243243243243243,0.25806451612903225
P2,43,3,1,12,False,0.28802825997655207,0.8388335119400706,0.9229954276792685,0.5479511769834351,0.6791630340017437,0.5467998520162782,0.8378378378378378,0.25806451612903225
P2,43,3,1,13,False,0.26619279413269115,0.8409038810502916,0.8888145422103267,0.5599389712292938,0.6595466434176112,0.5616883116883117,0.7972972972972973,0.3225806451612903
P2,43,3,1,14,False,0.19557397010234687,0.9843281531795149,0.9652057544329207,0.515693112467306,0.6591107236268526,0.5075421472937001,0.8378378378378378,0.1935483870967742
P2,43,3,1,15,True,0.17955731629179075,0.8695819187377181,0.9563956730233076,0.6405841325196164,0.6669572798605057,0.6418747937066783,0.7972972972972973,0.4838709677419355
P2,43,3,1,16,False,0.12095909708967575,0.952675899189143,0.9815991970558715,0.6150828247602441,0.6599825632083697,0.6188747731397459,0.8108108108108109,0.41935483870967744
P2,43,3,1,17,False,0.09103103469197567,1.287082047798183,0.9850005576000892,0.5588491717523976,0.6625980819529207,0.5546129374337222,0.8918918918918919,0.22580645161290322
P2,43,3,1,18,False,0.08132260751265746,1.0863336221625408,0.9965986394557823,0.5573234524847428,0.6726242371403661,0.5583463526018508,0.8243243243243243,0.2903225806451613
P2,43,3,1,19,False,0.057859828122533284,1.158883257864398,1.0,0.5573234524847428,0.6647776809067132,0.5583463526018508,0.8243243243243243,0.2903225806451613
P2,43,3,1,20,False,0.0530739500402258,1.263860716864777,0.9965986394557823,0.5479511769834351,0.6687009590235397,0.5467998520162782,0.8378378378378378,0.25806451612903225
P2,43,3,1,21,False,0.033196806227071926,1.2359260539746,1.0,0.5505666957279861,0.6630340017436792,0.5512820512820513,0.8108108108108109,0.2903225806451613
P2,43,3,1,22,False,0.024891673873823423,1.1932819669378834,1.0,0.5760680034873583,0.6625980819529207,0.5786033711730306,0.7972972972972973,0.3548387096774194
P2,43,3,1,23,False,0.023196906012554582,1.294622168780881,1.0,0.5666957279860506,0.6599825632083697,0.5689149560117303,0.8108108108108109,0.3225806451612903
P2,43,3,1,24,False,0.01963723066728562,1.384268415031866,1.0,0.5734524847428073,0.6578029642545772,0.5762108262108261,0.8243243243243243,0.3225806451612903
P2,43,3,1,25,False,0.013479254759239176,1.3918970301292748,1.0,0.5666957279860506,0.6512641673931997,0.5689149560117303,0.8108108108108109,0.3225806451612903
P2,43,3,1,26,False,0.013831839323616944,1.3193797101211246,1.0,0.5760680034873583,0.6564952048823016,0.5786033711730306,0.7972972972972973,0.3548387096774194
P2,43,3,1,27,False,0.012849239829497842,1.5203864667076794,1.0,0.5547079337401918,0.6630340017436792,0.55375,0.8513513513513513,0.25806451612903225
P2,43,3,2,1,False,0.7122605777922131,0.6973111050800213,0.46556233653007845,0.5,0.55662100456621,0.2255639097744361,0.0,1.0
P2,43,3,2,2,False,0.6997666858491444,0.6846445955119087,0.5051220575414124,0.5904109589041096,0.5899543378995433,0.5920316868592731,0.7808219178082192,0.4
P2,43,3,2,3,False,0.7019019251778013,0.6777038909856555,0.45368352223190933,0.5657534246575342,0.6127853881278539,0.5584626755358462,0.9315068493150684,0.2
P2,43,3,2,4,False,0.6601550516628084,0.6705682584382955,0.597972972972973,0.6059360730593607,0.6461187214611872,0.6112078977932636,0.9452054794520548,0.26666666666666666
P2,43,3,2,5,False,0.6608603029024034,0.6610365961361857,0.625,0.630593607305936,0.6634703196347032,0.6318459587224721,0.7945205479452054,0.4666666666666667
P2,43,3,2,6,False,0.6180426858720325,0.646023415824742,0.6593286835222318,0.6089041095890411,0.6767123287671233,0.6161490683229813,0.9178082191780822,0.3
P2,43,3,2,7,False,0.57234719480787,0.6280511015827216,0.7058631211857018,0.6561643835616437,0.6981735159817352,0.6404316090130118,0.7123287671232876,0.6
P2,43,3,2,8,True,0.5392931075323195,0.6163665715930531,0.7698343504795118,0.6776255707762557,0.7182648401826484,0.6793497059840885,0.821917808219178,0.5333333333333333
P2,43,3,2,9,False,0.47586572624388196,0.6270261458980227,0.8133173496076722,0.654109589041096,0.717351598173516,0.6555978323532803,0.8082191780821918,0.5
P2,43,3,2,10,False,0.3990369799591246,0.641792001076115,0.8658456843940715,0.6511415525114155,0.7378995433789954,0.6566666666666666,0.8356164383561644,0.4666666666666667
P2,43,3,2,11,False,0.3491332065491449,0.6689890414765738,0.8720575414123801,0.6561643835616437,0.7082191780821918,0.6404316090130118,0.7123287671232876,0.6
P2,43,3,2,12,False,0.27149210912840704,0.6969795996702991,0.9178291194420227,0.6100456621004566,0.7146118721461188,0.6077508960573477,0.7534246575342466,0.4666666666666667
P2,43,3,2,13,False,0.2676459826174237,0.736249769196927,0.8775065387968615,0.64337899543379,0.7223744292237443,0.6373239436619719,0.7534246575342466,0.5333333333333333
P2,43,3,2,14,False,0.20336273042928604,0.7732351873684855,0.9440932868352223,0.6374429223744292,0.7255707762557078,0.6400279589934762,0.8082191780821918,0.4666666666666667
P2,43,3,2,15,False,0.18111753236679803,0.8421892737879336,0.9602223190932868,0.6442922374429223,0.7223744292237443,0.6482985988461085,0.821917808219178,0.4666666666666667
P2,43,3,2,16,False,0.12296661603308859,0.9452182118175099,0.970357454228422,0.621689497716895,0.719634703196347,0.6302564102564102,0.8767123287671232,0.36666666666666664
P2,43,3,2,17,False,0.11216036102601461,0.959670121229968,0.9737358326068004,0.6315068493150685,0.7255707762557078,0.6398601398601399,0.863013698630137,0.4
P2,43,3,2,18,False,0.08965387094233718,0.9041235788354596,0.9818003487358327,0.630593607305936,0.7264840182648402,0.6318459587224721,0.7945205479452054,0.4666666666666667
P2,43,3,2,19,False,0.08574181823503403,0.9313393032666549,0.9737358326068004,0.630593607305936,0.7251141552511415,0.6318459587224721,0.7945205479452054,0.4666666666666667
P2,43,3,2,20,False,0.06505414060361328,1.0711660877014826,0.9737358326068004,0.6148401826484018,0.7374429223744292,0.6221378874130297,0.863013698630137,0.36666666666666664
P2,43,4,0,1,False,0.6941705907766635,0.6870726613771347,0.4843871975019516,0.5180906713164778,0.6150828247602441,0.3964966700118602,0.22972972972972974,0.8064516129032258
P2,43,4,0,2,False,0.7253385392519144,0.695441495520728,0.47875543660086983,0.5,0.6320836965998257,0.4134078212290503,1.0,0.0
P2,43,4,0,3,False,0.685386421588751,0.6866953497841245,0.5328426452548233,0.5067567567567568,0.6643417611159547,0.24296296296296296,0.013513513513513514,1.0
P2,43,4,0,4,False,0.6704154037512265,0.6722805270126888,0.6307572209211554,0.5483870967741935,0.7057541412380122,0.5086898395721925,1.0,0.0967741935483871
P2,43,4,0,5,False,0.6480667957892785,0.6492974054245721,0.6130812980930077,0.5963382737576286,0.7345248474280732,0.6011396011396011,0.8378378378378378,0.3548387096774194
P2,43,4,0,6,False,0.6288914749255547,0.6219048397881645,0.6288613806178209,0.6270706190061028,0.7454228421970357,0.6258503401360545,0.7702702702702703,0.4838709677419355
P2,43,4,0,7,False,0.6142334708800683,0.6197422521454947,0.6746403479424556,0.6438535309503051,0.7476024411508283,0.5830639948287006,0.5135135135135135,0.7741935483870968
P2,43,4,0,8,False,0.5465268297837331,0.5876788854598999,0.7538195606111298,0.6540976460331299,0.7484742807323452,0.6582107980693681,0.8243243243243243,0.4838709677419355
P2,43,4,0,9,False,0.4646093576000287,0.5849281425986971,0.7736143637782982,0.6863557105492589,0.7493461203138623,0.6880844977445264,0.8243243243243243,0.5483870967741935
P2,43,4,0,10,False,0.423751885501238,0.6059867519707907,0.8241886918701906,0.6660854402789886,0.7319093286835222,0.6628852739726028,0.7837837837837838,0.5483870967741935
P2,43,4,0,11,False,0.3674891573878435,0.6277239538374402,0.8479982156797146,0.6750217959895379,0.7384481255448997,0.631439142396357,0.6081081081081081,0.7419354838709677
P2,43,4,0,12,True,0.32724038081673473,0.6340226953228315,0.863611018177763,0.7212292938099389,0.7454228421970357,0.7127525252525252,0.7972972972972973,0.6451612903225806
P2,43,4,0,13,False,0.264025567815854,0.6987634995863551,0.9311921489907438,0.6743679163034002,0.7358326068003488,0.6834415584415585,0.8648648648648649,0.4838709677419355
P2,43,4,0,14,False,0.2100535980783976,0.6954647718440918,0.9318055090888815,0.7024847428073235,0.7414995640802092,0.7024847428073235,0.8243243243243243,0.5806451612903226
P2,43,4,0,15,False,0.17586997509575808,0.8185589920197215,0.9516003122560499,0.6421098517872712,0.7384481255448997,0.650997150997151,0.8648648648648649,0.41935483870967744
P2,43,4,0,16,False,0.15098556145452535,0.7831914738530205,0.9727891156462585,0.6582388840453357,0.7436791630340017,0.6674486803519062,0.8648648648648649,0.45161290322580644
P2,43,4,0,17,False,0.1032282434977018,0.7828195171696799,0.9815991970558715,0.6702266782911944,0.7449869224062773,0.6733333333333333,0.8243243243243243,0.5161290322580645
P2,43,4,0,18,False,0.09639631161609521,0.7972173299995207,0.9781978365116538,0.6687009590235398,0.7414995640802092,0.6602651080263021,0.7567567567567568,0.5806451612903226
P2,43,4,0,19,False,0.0689904846322651,0.8804863171563262,0.9965986394557823,0.6379686137750654,0.7358326068003488,0.6426950998185117,0.8243243243243243,0.45161290322580644
P2,43,4,0,20,False,0.05325835105031729,1.0111476892516726,0.9965986394557823,0.6368788142981692,0.7358326068003488,0.6489197530864197,0.918918918918919,0.3548387096774194
P2,43,4,0,21,False,0.05410852490995939,0.9010512923733109,0.9965986394557823,0.6634699215344377,0.7384481255448997,0.6649796457256024,0.8108108108108109,0.5161290322580645
P2,43,4,0,22,False,0.03617928743075866,0.9746846528102954,0.9965986394557823,0.6327375762859634,0.7410636442894507,0.642161635832522,0.8783783783783784,0.3870967741935484
P2,43,4,0,23,False,0.02876184293283866,0.9890243641854751,1.0,0.6608544027898866,0.7367044463818657,0.6665154264972777,0.8378378378378378,0.4838709677419355
P2,43,4,0,24,False,0.02281536262195844,1.0481394986311594,1.0,0.6421098517872712,0.7349607672188317,0.650997150997151,0.8648648648648649,0.41935483870967744
P2,43,4,1,1,False,0.6967085645749018,0.6909410539127532,0.5144418423106948,0.489537925021796,0.5985178727114211,0.3107651912978245,0.10810810810810811,0.8709677419354839
P2,43,4,1,2,False,0.6912654936313629,0.6869570181483314,0.5448868071818891,0.5538360941586749,0.5876198779424586,0.5238095238095237,0.527027027027027,0.5806451612903226
P2,43,4,1,3,False,0.6872742519928858,0.6866558608554658,0.5528047284487565,0.5590671316477768,0.581081081081081,0.5138888888888888,0.47297297297297297,0.6451612903225806
P2,43,4,1,4,False,0.6753578759156741,0.6810929553849356,0.6052191368350619,0.536617262423714,0.5858761987794245,0.5275472452754724,0.6216216216216216,0.45161290322580644
P2,43,4,1,5,False,0.6356732570208036,0.8402438527061826,0.6110739377718301,0.5,0.6089799476896252,0.22794117647058823,0.0,1.0
P2,43,4,1,6,False,0.6328269369327105,0.675687305132548,0.6284153005464481,0.5775937227550131,0.6142109851787271,0.5800000000000001,0.8648648648648649,0.2903225806451613
P2,43,4,1,7,False,0.5976212231012491,0.6788631280263265,0.6750864280138285,0.6469049694856146,0.6377506538796861,0.6206425153793574,0.6486486486486487,0.6451612903225806
P2,43,4,1,8,False,0.5649477277810757,0.7005306221189953,0.7354187576670013,0.6168265039232781,0.6564952048823016,0.5482837528604119,0.4594594594594595,0.7741935483870968
P2,43,4,1,9,False,0.5010155737400055,0.6658205588658651,0.7570536411285826,0.5839145597210114,0.6691368788142982,0.5801767676767677,0.7162162162162162,0.45161290322580644
P2,43,4,1,10,False,0.4463418401204623,0.6939742934136164,0.8064012490241999,0.5895815170008718,0.6795989537925021,0.5935483870967742,0.8243243243243243,0.3548387096774194
P2,43,4,1,11,False,0.3880967835967357,0.7059215647833688,0.8472175755548121,0.6323016564952049,0.6704446381865736,0.6222633364168979,0.7162162162162162,0.5483870967741935
P2,43,4,1,12,False,0.32208999905448693,0.7279307274591356,0.8806178208988513,0.6375326939843069,0.6761115954664342,0.6162962962962963,0.6621621621621622,0.6129032258064516
P2,43,4,1,13,False,0.26311077636021835,0.8098220530010405,0.8990186238429798,0.5651700087183957,0.6586748038360941,0.5651700087183957,0.7432432432432432,0.3870967741935484
P2,43,4,1,14,False,0.20353683456778526,0.8165934945855822,0.9386082301773169,0.6458151700087184,0.6726242371403661,0.6383467278989667,0.7432432432432432,0.5483870967741935
P2,43,4,1,15,True,0.1632342069194867,0.8376538520767576,0.9570090331214454,0.7061900610287708,0.6748038360941587,0.6785185185185185,0.7027027027027027,0.7096774193548387
P2,43,4,1,16,False,0.14923320352458036,0.9122780314513615,0.9686071149771384,0.6203138622493461,0.6708805579773321,0.6179366438356164,0.7567567567567568,0.4838709677419355
P2,43,4,1,17,False,0.09948657947377516,0.9865694111301786,0.9768038362886138,0.6041848299912816,0.6643417611159547,0.6031746031746033,0.7567567567567568,0.45161290322580644
P2,43,4,1,18,False,0.09096972382842348,0.9815254892621722,0.972008475521356,0.6041848299912816,0.6769834350479512,0.6031746031746033,0.7567567567567568,0.45161290322580644
P2,43,4,1,19,False,0.06220606298973927,1.0725371278467632,0.9931972789115646,0.5625544899738448,0.6700087183958152,0.5639241216747111,0.7702702702702703,0.3548387096774194
P2,43,4,1,20,False,0.06070876139431046,1.0764181503227779,0.9918032786885246,0.5948125544899738,0.6708805579773321,0.5956650896688305,0.7702702702702703,0.41935483870967744
P2,43,4,1,21,False,0.043177290533024534,1.1288517171428316,0.9918032786885246,0.6150828247602441,0.6813426329555362,0.6188747731397459,0.8108108108108109,0.41935483870967744
P2,43,4,1,22,False,0.03489986889494153,1.120256782997222,1.0,0.6041848299912816,0.6708805579773321,0.6031746031746033,0.7567567567567568,0.45161290322580644
P2,43,4,1,23,False,0.03703292222836843,1.2185627882679304,0.9965986394557823,0.5989537925021796,0.6774193548387096,0.6026831785345717,0.8108108108108109,0.3870967741935484
P2,43,4,1,24,False,0.027047227333801296,1.2230117477121807,1.0,0.6041848299912816,0.6625980819529207,0.6031746031746033,0.7567567567567568,0.45161290322580644
P2,43,4,1,25,False,0.021345914547474913,1.2779116084178288,1.0,0.5989537925021796,0.6695727986050567,0.6026831785345717,0.8108108108108109,0.3870967741935484
P2,43,4,1,26,False,0.01911364248595559,1.3247704826650166,1.0,0.5895815170008718,0.6791630340017437,0.5935483870967742,0.8243243243243243,0.3548387096774194
P2,43,4,1,27,False,0.020053753602461748,1.3052776024455115,1.0,0.6041848299912816,0.6643417611159547,0.6031746031746033,0.7567567567567568,0.45161290322580644
P2,43,4,2,1,False,0.7129642651194618,0.7111763317608139,0.46687009590235395,0.5,0.6095890410958904,0.2255639097744361,0.0,1.0
P2,43,4,2,2,False,0.7144945530664353,0.6787756704589696,0.47733217088055796,0.5833333333333334,0.6525114155251142,0.5697577276524646,1.0,0.16666666666666666
P2,43,4,2,3,False,0.682701107433864,0.6828013143493133,0.5652789886660854,0.5312785388127854,0.6894977168949772,0.3184197530864198,0.0958904109589041,0.9666666666666667
P2,43,4,2,4,False,0.6809334300813221,0.667381699802806,0.5452266782911944,0.5682648401826484,0.6977168949771689,0.48465968092136313,0.3698630136986301,0.7666666666666667
P2,43,4,2,5,False,0.6387903009142194,0.6501917740673695,0.6567131647776809,0.6029680365296803,0.7132420091324201,0.6046368800859818,0.9726027397260274,0.23333333333333334
P2,43,4,2,6,False,0.6434327585356576,0.6291762347360259,0.6214036617262424,0.6573059360730593,0.7493150684931507,0.6007751937984496,0.547945205479452,0.7666666666666667
P2,43,4,2,7,False,0.596860123532159,0.6277129580673663,0.6696817785527462,0.6721461187214612,0.7835616438356164,0.562942008486563,0.410958904109589,0.9333333333333333
P2,43,4,2,8,False,0.5487749874591827,0.5743092888767279,0.7373583260680034,0.7031963470319634,0.7926940639269406,0.6840156564053739,0.7397260273972602,0.6666666666666666
P2,43,4,2,9,False,0.5174218455950419,0.6211521654453093,0.7227550130775937,0.6682648401826484,0.7867579908675799,0.5435172088637434,0.3698630136986301,0.9666666666666667
P2,43,4,2,10,True,0.4640688864957719,0.551093010647783,0.800566695727986,0.7237442922374429,0.8031963470319635,0.7101731601731601,0.7808219178082192,0.6666666666666666
P2,43,4,2,11,False,0.4146084064529056,0.564147606636714,0.7945727986050566,0.7011415525114155,0.7776255707762557,0.7031015796148968,0.8356164383561644,0.5666666666666667
P2,43,4,2,12,False,0.377374431632814,0.5800029710658545,0.8579991281604185,0.7228310502283104,0.763013698630137,0.692347306622721,0.7123287671232876,0.7333333333333333
P2,43,4,2,13,False,0.3428940841129848,0.6241220652478413,0.8416521360069747,0.673972602739726,0.7474885844748859,0.6119965227470299,0.547945205479452,0.8
P2,43,4,2,14,False,0.25882636798279623,0.6027864518674831,0.9454010462074978,0.7100456621004566,0.7662100456621005,0.6926683716965047,0.7534246575342466,0.6666666666666666
P2,43,4,2,15,False,0.22152434630053383,0.6372141589238806,0.9279642545771578,0.6904109589041096,0.7410958904109589,0.6826584507042253,0.7808219178082192,0.6
P2,43,4,2,16,False,0.18464994700182052,0.6982085126117595,0.9474716652136006,0.6922374429223744,0.7689497716894977,0.7094871794871795,0.9178082191780822,0.4666666666666667
P2,43,4,2,17,False,0.14083023390599658,0.7018630666640199,0.9622929380993898,0.6835616438356165,0.7315068493150685,0.6740861974904528,0.7671232876712328,0.6
P2,43,4,2,18,False,0.09428223560431175,0.7555547993159989,0.9885571054925893,0.6865296803652967,0.7123287671232876,0.6707161125319693,0.7397260273972602,0.6333333333333333
P2,43,4,2,19,False,0.0974202819257265,0.951989760676634,0.9716652136006975,0.6461187214611872,0.754337899543379,0.6620059922956198,0.958904109589041,0.3333333333333333
P2,43,4,2,20,False,0.07380412646702357,0.8281136392389686,0.9919354838709677,0.6835616438356165,0.7073059360730594,0.6740861974904528,0.7671232876712328,0.6
P2,43,4,2,21,False,0.06216380243145284,0.8627500395173008,0.9919354838709677,0.6698630136986301,0.7050228310502283,0.6571459250510039,0.7397260273972602,0.6
P2,43,4,2,22,False,0.06053068105663572,0.8937412465660317,0.985178727114211,0.6737442922374429,0.7063926940639269,0.6684426684426684,0.7808219178082192,0.5666666666666667
P2,44,0,0,1,False,0.7088725258664387,0.7118333172230493,0.5289644764337126,0.5,0.583696599825632,0.4134078212290503,1.0,0.0
P2,44,0,0,2,False,0.6974954337608523,0.6883660889807202,0.5605990248432784,0.5730165649520489,0.5902353966870096,0.5637855912453136,0.6621621621621622,0.4838709677419355
P2,44,0,0,3,False,0.6810412581374006,0.6847712454341707,0.5316345484095658,0.49324324324324326,0.5919790758500436,0.41011235955056174,0.9864864864864865,0.0
P2,44,0,0,4,False,0.6666167820372233,0.6785135223751977,0.5761550963547712,0.6281604184829992,0.6006974716652136,0.6115388461153884,0.6756756756756757,0.5806451612903226
P2,44,0,0,5,False,0.6386653336083017,0.6953820887066069,0.651149291850476,0.5187445510026155,0.6242371403661726,0.4685714285714286,0.972972972972973,0.06451612903225806
P2,44,0,0,6,False,0.629190358010734,0.6671348089263552,0.604074762015324,0.5791194420226679,0.6251089799476897,0.5759643503690294,0.9324324324324325,0.22580645161290322
P2,44,0,0,7,False,0.6053268034283708,0.7724888179983411,0.6444741119108428,0.5093722755013078,0.6691368788142982,0.4427324088341037,0.9864864864864865,0.03225806451612903
P2,44,0,0,8,False,0.618823316329863,0.6427149153891064,0.6567216159739958,0.5959023539668701,0.6560592850915432,0.5850643428918837,0.6756756756756757,0.5161290322580645
P2,44,0,0,9,False,0.5607322839702048,0.646574432509286,0.7073949384722544,0.5943766346992154,0.6534437663469922,0.5716783216783217,0.6081081081081081,0.5806451612903226
P2,44,0,0,10,False,0.5282361398382884,0.624228040377299,0.722718829811934,0.6323016564952049,0.6835222319093287,0.6222633364168979,0.7162162162162162,0.5483870967741935
P2,44,0,0,11,False,0.456692427978283,0.6311826450484139,0.8128627815184584,0.6057105492589363,0.6979075850043592,0.6103896103896104,0.8243243243243243,0.3870967741935484
P2,44,0,0,12,True,0.3992725216760868,0.6317919489883241,0.8249361504527513,0.6593286835222318,0.6904969485614647,0.6546419098143237,0.7702702702702703,0.5483870967741935
P2,44,0,0,13,False,0.347244466368745,0.6978606749148596,0.8808335268168099,0.6124673060156931,0.6918047079337402,0.6181818181818182,0.8378378378378378,0.3870967741935484
P2,44,0,0,14,False,0.33942101554172793,0.688689687138512,0.8640585094032969,0.6540976460331299,0.6826503923278117,0.6582107980693681,0.8243243243243243,0.4838709677419355
P2,44,0,0,15,False,0.26566931329122406,0.7557436329977852,0.9080566519619224,0.6233653007846556,0.6900610287707062,0.6325000000000001,0.8918918918918919,0.3548387096774194
P2,44,0,0,16,False,0.19962209623034408,0.8473982588166282,0.9421290921755282,0.5869659982563208,0.6691368788142982,0.5910418695228822,0.8513513513513513,0.3225806451612903
P2,44,0,0,17,False,0.1589347770301307,1.038077370538598,0.9625029022521476,0.5884917175239757,0.6647776809067132,0.5898989898989899,0.918918918918919,0.25806451612903225
P2,44,0,0,18,False,0.12058141929347341,0.9145008469621341,0.9727768748548874,0.6015693112467306,0.6582388840453357,0.6033333333333334,0.7837837837837838,0.41935483870967744
P2,44,0,0,19,False,0.07942690268704077,1.09759511500597,0.9897260273972603,0.5708369659982563,0.6643417611159547,0.5726970033296337,0.8513513513513513,0.2903225806451613
P2,44,0,0,20,False,0.08410431103008549,1.1221155427396297,0.971151613652194,0.5869659982563208,0.6591107236268526,0.5910418695228822,0.8513513513513513,0.3225806451612903
P2,44,0,0,21,False,0.04835671777041947,1.1495072551781222,0.9965753424657534,0.5963382737576286,0.6569311246730601,0.6011396011396011,0.8378378378378378,0.3548387096774194
P2,44,0,0,22,False,0.04442918140713761,1.135202775576285,0.9965753424657534,0.6379686137750654,0.6547515257192676,0.6426950998185117,0.8243243243243243,0.45161290322580644
P2,44,0,0,23,False,0.028471941991550166,1.2591499933884258,1.0,0.5937227550130776,0.6521360069747166,0.5985941546429893,0.8648648648648649,0.3225806451612903
P2,44,0,0,24,False,0.03091609619739579,1.3179434196934814,0.9965753424657534,0.6207497820401047,0.6652136006974717,0.629943871557238,0.918918918918919,0.3225806451612903
P2,44,0,1,1,False,0.7252889073989242,0.6939406475974518,0.41122448979591836,0.5,0.6031963470319635,0.2255639097744361,0.0,1.0
P2,44,0,1,2,False,0.6851354428535499,0.6820212521599335,0.5105442176870748,0.5333333333333333,0.6415525114155252,0.48204022988505746,1.0,0.06666666666666667
P2,44,0,1,3,False,0.6891719387925189,0.6894499636390834,0.5474489795918367,0.5136986301369864,0.6351598173515982,0.2556743002544529,0.0273972602739726,1.0
P2,44,0,1,4,False,0.6764926083997828,0.6719427021961768,0.5857142857142856,0.5639269406392694,0.6273972602739726,0.5659241420830824,0.7945205479452054,0.3333333333333333
P2,44,0,1,5,False,0.6651396267655967,0.6808946422002848,0.6062925170068028,0.5518264840182648,0.6424657534246575,0.35675253708040594,0.136986301369863,0.9666666666666667
P2,44,0,1,6,False,0.6596716115440148,0.6618052564778374,0.5950680272108844,0.634703196347032,0.6465753424657534,0.5996212498754112,0.6027397260273972,0.6666666666666666
P2,44,0,1,7,False,0.6195995194324548,0.6525772607442245,0.6457482993197279,0.5726027397260274,0.6607305936073059,0.5656626506024096,0.9452054794520548,0.2
P2,44,0,1,8,True,0.5641279704328896,0.6263475441238255,0.7695578231292517,0.641324200913242,0.6808219178082192,0.648635477582846,0.8493150684931506,0.43333333333333335
P2,44,0,1,9,False,0.5010505929085367,0.6351534440679457,0.7653061224489796,0.634703196347032,0.6894977168949772,0.5996212498754112,0.6027397260273972,0.6666666666666666
P2,44,0,1,10,False,0.44553082922230597,0.638566332534679,0.8054421768707483,0.6308219178082192,0.7027397260273973,0.5863453815261045,0.5616438356164384,0.7
P2,44,0,1,11,False,0.377511652627429,0.6714240763951274,0.8455782312925171,0.6207762557077625,0.6684931506849315,0.6240433298010126,0.8082191780821918,0.43333333333333335
P2,44,0,1,12,False,0.28251839130397005,0.7245398129074319,0.8993197278911564,0.6365296803652968,0.6447488584474886,0.6291325695581014,0.7397260273972602,0.5333333333333333
P2,44,0,1,13,False,0.23644539080380242,0.8214470367987179,0.9144557823129251,0.6002283105022831,0.634703196347032,0.6002283105022831,0.7671232876712328,0.43333333333333335
P2,44,0,1,14,False,0.19173499673676953,0.8532612045991768,0.9465986394557824,0.6100456621004566,0.6219178082191781,0.6077508960573477,0.7534246575342466,0.4666666666666667
P2,44,0,1,15,False,0.14491728938000215,0.8967085631148329,0.975,0.59337899543379,0.632420091324201,0.5924250989259469,0.7534246575342466,0.43333333333333335
P2,44,0,1,16,False,0.10176831653008714,0.9264492797620089,0.9965986394557823,0.5993150684931507,0.6351598173515982,0.5907870718350693,0.6986301369863014,0.5
P2,44,0,1,17,False,0.06339855225765763,0.9756461358764796,1.0,0.6091324200913242,0.6397260273972603,0.5968475616206496,0.684931506849315,0.5333333333333333
P2,44,0,1,18,False,0.05647207011923122,1.0827035446768825,1.0,0.5659817351598173,0.6232876712328768,0.5617021276595744,0.6986301369863014,0.43333333333333335
P2,44,0,1,19,False,0.04977701400105216,1.0948670587493379,1.0,0.582648401826484,0.628310502283105,0.5764069264069265,0.6986301369863014,0.4666666666666667
P2,44,0,1,20,False,0.028312675083497007,1.2629485095588906,1.0,0.5511415525114155,0.6178082191780822,0.5510256410256411,0.8356164383561644,0.26666666666666666
P2,44,0,2,1,False,0.7188394551093762,0.7133345603942871,0.46403479424556704,0.5,0.5880963627775153,0.22137404580152673,0.0,1.0
P2,44,0,2,2,False,0.6988104237959936,0.6837300003743639,0.5506300881008142,0.5103920642418517,0.6580066131317903,0.4484430356143949,0.9863013698630136,0.034482758620689655
P2,44,0,2,3,False,0.6936596907102145,0.6798039955251357,0.5150552024088324,0.5829003306565895,0.6603684459140293,0.579581483830057,0.958904109589041,0.20689655172413793
P2,44,0,2,4,False,0.676939627298942,0.6710255239524093,0.5629530500724881,0.5932923948984412,0.6854038734057629,0.5957317073170731,0.9452054794520548,0.2413793103448276
P2,44,0,2,5,False,0.6833292681437272,0.6606385298803741,0.5467826474852235,0.5973075106282475,0.6887104393008975,0.59828141783029,0.7808219178082192,0.41379310344827586
P2,44,0,2,6,False,0.6359626215237838,0.6402843629612642,0.6443069030891044,0.6178554558337269,0.684931506849315,0.6222222222222222,0.821917808219178,0.41379310344827586
P2,44,0,2,7,False,0.6225583496002051,0.628582860324897,0.6348834615813539,0.6594237128011337,0.6972130373169579,0.6524307133121309,0.7671232876712328,0.5517241379310345
P2,44,0,2,8,True,0.5846488773822784,0.6131929176695207,0.6486561837849893,0.7005196032120926,0.7109116674539443,0.7046332046332047,0.8493150684931506,0.5517241379310345
P2,44,0,2,9,False,0.5138686700509145,0.6505638062953949,0.7948031671685067,0.6140765233821446,0.6934341048653755,0.6232954545454545,0.9178082191780822,0.3103448275862069
P2,44,0,2,10,False,0.4738003812157191,0.626893737152511,0.7764023642243782,0.6797354747283892,0.7128011336797355,0.6902834008097166,0.8767123287671232,0.4827586206896552
P2,44,0,2,11,False,0.40958305104420734,0.651657314861522,0.8260287721646036,0.6556447803495513,0.7104393008974964,0.6644736842105262,0.863013698630137,0.4482758620689655
P2,44,0,2,12,False,0.34313555692250913,0.6263741319086037,0.8574216571874651,0.6591875295229098,0.726027397260274,0.663941427699817,0.8356164383561644,0.4827586206896552
P2,44,0,2,13,False,0.30795771370713526,0.6319641602389953,0.9216014274562284,0.6700519603212092,0.7227208313651393,0.643545483426877,0.684931506849315,0.6551724137931034
P2,44,0,2,14,False,0.26065905048297,0.652561242966091,0.9454109512657523,0.6731223429381199,0.7170524326877658,0.6694444444444445,0.7945205479452054,0.5517241379310345
P2,44,0,2,15,False,0.19995249148744804,0.65908849531529,0.9597970335675253,0.6660368445914029,0.7194142654700048,0.6725925925925926,0.8493150684931506,0.4827586206896552
P2,44,0,2,16,False,0.1704120574375758,0.7120118195227548,0.963198394111743,0.6591875295229098,0.7080774681152574,0.663941427699817,0.8356164383561644,0.4827586206896552
P2,44,0,2,17,False,0.13201733549626973,0.7508116437523973,0.9897959183673469,0.5970713273500237,0.7161076995748701,0.6025974025974026,0.8493150684931506,0.3448275862068966
P2,44,0,2,18,False,0.14176265350901163,0.7852973308341176,0.9815991970558715,0.593528578176665,0.7132735002361833,0.5991326738040386,0.8767123287671232,0.3103448275862069
P2,44,0,2,19,False,0.09471030698086207,0.8209892395956844,0.9815991970558715,0.5729806329711856,0.6991025035427492,0.5761038961038961,0.8356164383561644,0.3103448275862069
P2,44,0,2,20,False,0.0848182258912577,0.8859959997821087,0.9815991970558715,0.593528578176665,0.6995748700991969,0.5991326738040386,0.8767123287671232,0.3103448275862069
P2,44,1,0,1,False,0.7152322398291694,0.688907177675338,0.5,0.49324324324324326,0.5143853530950305,0.41011235955056174,0.9864864864864865,0.0
P2,44,1,0,2,False,0.6845634084392861,0.6860099270230248,0.5083333333333333,0.5978639930252834,0.6059285091543156,0.6025323064874037,0.9054054054054054,0.2903225806451613
P2,44,1,0,3,False,0.6764275947054803,0.6810273090998332,0.5314625850340137,0.532258064516129,0.6355710549258936,0.4786851566512583,1.0,0.06451612903225806
P2,44,1,0,4,False,0.6692274955735691,0.6666024718965803,0.5865646258503401,0.5765039232781168,0.6538796861377506,0.5676470588235295,0.9594594594594594,0.1935483870967742
P2,44,1,0,5,False,0.6603305408920067,0.6580494812556675,0.6071428571428572,0.5985178727114211,0.6673931996512642,0.5826709062003179,0.6486486486486487,0.5483870967741935
P2,44,1,0,6,False,0.6461879583660531,0.6554918612752642,0.604421768707483,0.6124673060156931,0.6373147340889277,0.6181818181818182,0.8378378378378378,0.3870967741935484
P2,44,1,0,7,False,0.5881442727098143,0.6596978369213286,0.6736394557823129,0.5320401046207498,0.6294681778552746,0.48000733675715335,0.4189189189189189,0.6451612903225806
P2,44,1,0,8,False,0.5435655410738959,0.6385059521311806,0.7448979591836735,0.6000435919790759,0.6534437663469922,0.594509967644296,0.7162162162162162,0.4838709677419355
P2,44,1,0,9,False,0.48560121324327254,0.6726782781737192,0.7804421768707483,0.5039232781168265,0.6399302528334786,0.47187034277198214,0.4594594594594595,0.5483870967741935
P2,44,1,0,10,False,0.4423106694279086,0.7135640625442777,0.8134353741496598,0.6015693112467306,0.6198779424585876,0.6033333333333334,0.7837837837837838,0.41935483870967744
P2,44,1,0,11,False,0.3683948963880539,0.7136846213113694,0.8520408163265306,0.6109415867480383,0.6442894507410637,0.6109415867480383,0.7702702702702703,0.45161290322580644
P2,44,1,0,12,False,0.34149362434799546,0.7544791135759581,0.8554421768707483,0.5542720139494333,0.6268526591107236,0.5506732073896252,0.6891891891891891,0.41935483870967744
P2,44,1,0,13,False,0.2732109875206786,0.7863753323753675,0.9209183673469388,0.6218395815170009,0.6538796861377506,0.6267629858961129,0.8243243243243243,0.41935483870967744
P2,44,1,0,14,False,0.2313515508664403,0.8296554712312562,0.9329931972789116,0.5610287707061901,0.6403661726242371,0.5580808080808082,0.7027027027027027,0.41935483870967744
P2,44,1,0,15,False,0.19000968171490562,0.8504614092054821,0.9511904761904761,0.6015693112467306,0.6530078465562337,0.6033333333333334,0.7837837837837838,0.41935483870967744
P2,44,1,0,16,False,0.14638153924314296,0.82253129865442,0.9530612244897959,0.574106364428945,0.6573670444638187,0.5478036175710594,0.5675675675675675,0.5806451612903226
P2,44,1,0,17,False,0.15261330095610182,0.8789930112305142,0.9595238095238094,0.5542720139494333,0.6486486486486487,0.5506732073896252,0.6891891891891891,0.41935483870967744
P2,44,1,0,18,False,0.11727080307001077,0.9652509773061388,0.9712585034013606,0.5963382737576286,0.6451612903225806,0.6011396011396011,0.8378378378378378,0.3548387096774194
P2,44,1,0,19,True,0.08644489382488141,1.0979688264252174,0.9897959183673469,0.6301220575414124,0.6543156059285091,0.6406388642413486,0.9054054054054054,0.3548387096774194
P2,44,1,0,20,False,0.0870162905846241,1.1671354290718834,0.9731292517006802,0.5828247602441151,0.6368788142981692,0.5860389610389609,0.8108108108108109,0.3548387096774194
P2,44,1,0,21,False,0.0749853165541294,1.1368177474609442,0.9697278911564626,0.6057105492589363,0.6530078465562337,0.6103896103896104,0.8243243243243243,0.3870967741935484
P2,44,1,0,22,False,0.06416905050701349,1.250731143373109,0.9882653061224489,0.5911072362685266,0.6473408892763731,0.5949074074074074,0.8918918918918919,0.2903225806451613
P2,44,1,0,23,False,0.0567921779077986,1.2300042533803555,0.9897959183673469,0.5760680034873583,0.6351351351351351,0.5786033711730306,0.7972972972972973,0.3548387096774194
P2,44,1,0,24,False,0.041790838429821286,1.2212846218209181,0.9882653061224489,0.5599389712292938,0.6438535309503052,0.5616883116883117,0.7972972972972973,0.3225806451612903
P2,44,1,0,25,False,0.04003848664570546,1.3142884449855912,0.9965986394557823,0.5438099389712293,0.6216216216216216,0.5442815249266862,0.7972972972972973,0.2903225806451613
P2,44,1,0,26,False,0.02620658868752816,1.3009813412358717,1.0,0.5802092414995641,0.6569311246730601,0.583583703881745,0.8378378378378378,0.3225806451612903
P2,44,1,0,27,False,0.021970601905371256,1.223692916040974,1.0,0.5895815170008718,0.6687009590235397,0.5935483870967742,0.8243243243243243,0.3548387096774194
P2,44,1,0,28,False,0.019777215531338817,1.3142929081472434,1.0,0.5963382737576286,0.6595466434176112,0.6011396011396011,0.8378378378378378,0.3548387096774194
P2,44,1,0,29,False,0.021867507677255333,1.4691722374941623,1.0,0.5869659982563208,0.6429816913687881,0.5910418695228822,0.8513513513513513,0.3225806451612903
P2,44,1,0,30,False,0.01712865541702595,1.3193597084332613,1.0,0.5828247602441151,0.6490845684394071,0.5860389610389609,0.8108108108108109,0.3548387096774194
P2,44,1,0,31,False,0.01733673263143226,1.4041659493952812,1.0,0.5734524847428073,0.6438535309503052,0.5762108262108261,0.8243243243243243,0.3225806451612903
P2,44,1,1,1,False,0.7061024927175962,0.6885458322671744,0.48739823798371806,0.5779279279279279,0.6509009009009009,0.4010008497781135,0.1891891891891892,0.9666666666666667
P2,44,1,1,2,False,0.7035634013322684,0.6803664656785818,0.4742388758782201,0.6162162162162163,0.6463963963963963,0.6252771618625278,0.9324324324324325,0.3
P2,44,1,1,3,False,0.6943908975674555,0.6797869388873761,0.5243113638898182,0.6554054054054055,0.6459459459459459,0.6569218518939826,0.8108108108108109,0.5
P2,44,1,1,4,False,0.6705328203164614,0.6688209497011625,0.5756663321066131,0.5864864864864865,0.6481981981981982,0.5814241486068112,0.972972972972973,0.2
P2,44,1,1,5,False,0.670518370775076,0.6529406354977534,0.5602208096353296,0.6626126126126126,0.6630630630630631,0.6752841263894093,0.8918918918918919,0.43333333333333335
P2,44,1,1,6,False,0.6212221796696002,0.6414032532618597,0.6552916248466599,0.618018018018018,0.6873873873873874,0.6067226890756303,0.7027027027027027,0.5333333333333333
P2,44,1,1,7,False,0.5870718233860456,0.7134839021242582,0.6978365116538419,0.5310810810810811,0.663963963963964,0.36172221697667833,0.16216216216216217,0.9
P2,44,1,1,8,False,0.5727340510258307,0.6449071696171393,0.6754209880673581,0.5900900900900901,0.6855855855855856,0.5440335493709493,0.5135135135135135,0.6666666666666666
P2,44,1,1,9,False,0.5249278476605048,0.637052827156507,0.7675922828147652,0.6472972972972972,0.6941441441441442,0.6057159521726452,0.5945945945945946,0.7
P2,44,1,1,10,False,0.456684872508049,0.6338336353118603,0.8275900524144084,0.6684684684684685,0.6927927927927928,0.6614583333333333,0.7702702702702703,0.5666666666666667
P2,44,1,1,11,False,0.3818538458301471,0.6528869236891086,0.8396342143414743,0.7018018018018017,0.7013513513513514,0.6892872385830133,0.7702702702702703,0.6333333333333333
P2,44,1,1,12,False,0.35728853998275906,0.6546140565321996,0.8684063789450206,0.6337837837837837,0.6896396396396396,0.5890120481927711,0.5675675675675675,0.7
P2,44,1,1,13,False,0.34769970866350025,0.6539138979636706,0.8432028549124568,0.6819819819819819,0.7135135135135136,0.6783031374281927,0.7972972972972973,0.5666666666666667
P2,44,1,1,14,False,0.2912650260214622,0.645309084883103,0.8984052637448422,0.6981981981981982,0.7157657657657658,0.6770186335403727,0.7297297297297297,0.6666666666666666
P2,44,1,1,15,False,0.2239407361126863,0.6867807335578479,0.9400022304003569,0.7081081081081081,0.7036036036036036,0.6813725490196079,0.7162162162162162,0.7
P2,44,1,1,16,True,0.17819677637173578,0.6893245245401676,0.9481989517118323,0.7153153153153153,0.7202702702702702,0.7065972222222222,0.7972972972972973,0.6333333333333333
P2,44,1,1,17,False,0.1812045442370268,0.7535318869810838,0.9434035909445746,0.6954954954954955,0.7022522522522523,0.6954954954954955,0.8243243243243243,0.5666666666666667
P2,44,1,1,18,False,0.11661385802122262,0.83148670483094,0.9829931972789115,0.6522522522522523,0.7022522522522523,0.6578947368421053,0.8378378378378378,0.4666666666666667
P2,44,1,1,19,False,0.09985436183901933,0.8844747308355111,0.9965986394557823,0.659009009009009,0.7036036036036036,0.6663101604278074,0.8513513513513513,0.4666666666666667
P2,44,1,1,20,False,0.08057218317229015,0.8660435263927166,0.9931972789115646,0.6621621621621622,0.704954954954955,0.6652873563218391,0.8243243243243243,0.5
P2,44,1,1,21,False,0.07164104461956483,0.8705909349597417,0.9918032786885246,0.6986486486486486,0.7013513513513514,0.6926108374384237,0.7972972972972973,0.6
P2,44,1,1,22,False,0.06419947926098338,1.012285293581394,0.9931972789115646,0.6355855855855856,0.6954954954954955,0.6415923945335711,0.8378378378378378,0.43333333333333335
P2,44,1,1,23,False,0.042600425031895824,1.0184861719608307,0.9965986394557823,0.6554054054054055,0.6882882882882883,0.6569218518939826,0.8108108108108109,0.5
P2,44,1,1,24,False,0.0342585883067491,0.9906579863566619,1.0,0.6554054054054055,0.6887387387387387,0.6569218518939826,0.8108108108108109,0.5
P2,44,1,1,25,False,0.026492420136212155,1.04100125340315,1.0,0.6355855855855856,0.704954954954955,0.6415923945335711,0.8378378378378378,0.43333333333333335
P2,44,1,1,26,False,0.02603148962729252,1.047859564423561,1.0,0.6189189189189189,0.7054054054054054,0.6248196248196248,0.8378378378378378,0.4
P2,44,1,1,27,False,0.020069610381212372,1.0015759215905116,1.0,0.6653153153153153,0.6981981981981982,0.6636556261849001,0.7972972972972973,0.5333333333333333
P2,44,1,1,28,False,0.015306361574822893,1.051402255319632,1.0,0.6653153153153153,0.6995495495495495,0.6636556261849001,0.7972972972972973,0.5333333333333333
P2,44,1,2,1,False,0.7172633905730179,0.6901805719125618,0.4404630039875942,0.5748858447488585,0.6009132420091324,0.5571253071253072,0.6164383561643836,0.5333333333333333
P2,44,1,2,2,False,0.6910542942690507,0.6842998850692823,0.5804164820558263,0.5059360730593607,0.6018264840182649,0.46143790849673205,0.9452054794520548,0.06666666666666667
P2,44,1,2,3,False,0.6741853399139842,0.6805148610790956,0.5355560478511298,0.541324200913242,0.5990867579908675,0.5382383966244725,0.8493150684931506,0.23333333333333334
P2,44,1,2,4,False,0.6858093655850899,0.6771131262038518,0.5885024368630927,0.5255707762557078,0.6319634703196347,0.5036144578313253,0.9178082191780822,0.13333333333333333
P2,44,1,2,5,False,0.6385964004046609,0.6952006949961764,0.599246787771378,0.5253424657534247,0.6319634703196347,0.35332753791171645,0.1506849315068493,0.9
P2,44,1,2,6,False,0.6029706133894943,0.6553083912840167,0.6590053167922021,0.5981735159817352,0.6799086757990868,0.6038461538461539,0.863013698630137,0.3333333333333333
P2,44,1,2,7,False,0.5724146776792536,0.6461881109811727,0.7318342933097032,0.630593607305936,0.6735159817351598,0.6318459587224721,0.7945205479452054,0.4666666666666667
P2,44,1,2,8,False,0.5238158985188133,0.7238304311210669,0.7810146211785556,0.5853881278538813,0.6694063926940639,0.5877156659765355,0.9041095890410958,0.26666666666666666
P2,44,1,2,9,False,0.5036026145282545,0.734527542753127,0.6990474080638015,0.5883561643835616,0.6712328767123288,0.5925632911392404,0.8767123287671232,0.3
P2,44,1,2,10,True,0.3974407423626293,0.6965765935703389,0.8311918475852902,0.6570776255707762,0.6680365296803653,0.6538978494623656,0.7808219178082192,0.5333333333333333
P2,44,1,2,11,False,0.394874408484646,0.7887938557897957,0.8007864421798847,0.5579908675799087,0.673972602739726,0.5581697647211752,0.8493150684931506,0.26666666666666666
P2,44,1,2,12,False,0.33503191351320183,0.7690347681925135,0.8808706247230838,0.6356164383561644,0.6506849315068494,0.6156716417910448,0.6712328767123288,0.6
P2,44,1,2,13,False,0.2812017651551078,0.8536060307789775,0.9136575099689854,0.6570776255707762,0.6470319634703197,0.6538978494623656,0.7808219178082192,0.5333333333333333
P2,44,1,2,14,False,0.26146609692624884,0.9643386668950609,0.8856889676561808,0.6011415525114155,0.6634703196347032,0.6062399802688371,0.8356164383561644,0.36666666666666664
P2,44,1,2,15,False,0.2140489053426747,0.9632868972218153,0.9339277802392556,0.6139269406392693,0.663013698630137,0.6160298229263746,0.7945205479452054,0.43333333333333335
P2,44,1,2,16,False,0.2056131719402149,0.9906218517752527,0.9189743021710235,0.6109589041095891,0.6707762557077626,0.6155328115593017,0.821917808219178,0.4
P2,44,1,2,17,False,0.14183946460057673,1.012953290661562,0.9667146654851573,0.6207762557077625,0.6726027397260274,0.6240433298010126,0.8082191780821918,0.43333333333333335
P2,44,1,2,18,False,0.10805154201445397,1.0446980239696873,0.9734714222419141,0.623744292237443,0.6593607305936073,0.623744292237443,0.7808219178082192,0.4666666666666667
P2,44,1,2,19,False,0.11245202919263303,1.1344370390605,0.9551395657953035,0.6070776255707763,0.6757990867579908,0.6080940850916638,0.7808219178082192,0.43333333333333335
P2,44,1,2,20,False,0.08225697370326263,1.2080161082513123,0.9782897651750111,0.6178082191780823,0.6721461187214612,0.6235380116959065,0.8356164383561644,0.4
P2,44,1,2,21,False,0.05369008925373546,1.2721605245928163,0.9932432432432432,0.6178082191780823,0.6662100456621004,0.6235380116959065,0.8356164383561644,0.4
P2,44,1,2,22,False,0.0611715266284974,1.3173783285525238,0.9816681435533894,0.5942922374429224,0.663013698630137,0.5984405458089669,0.821917808219178,0.36666666666666664
P2,44,2,0,1,False,0.7224418065974102,0.6824758722668602,0.44455782312925174,0.5,0.6333914559721011,0.4134078212290503,1.0,0.0
P2,44,2,0,2,False,0.6927923781860278,0.697739653360276,0.5154761904761904,0.5,0.6377506538796861,0.22794117647058823,0.0,1.0
P2,44,2,0,3,False,0.6739956460137299,0.6740631069455828,0.6090136054421769,0.56974716652136,0.6442894507410637,0.5605426468465867,0.9459459459459459,0.1935483870967742
P2,44,2,0,4,False,0.6697941983955494,0.6713108704203651,0.5870748299319728,0.6187881429816913,0.6477768090671316,0.6063430945384537,0.6891891891891891,0.5483870967741935
P2,44,2,0,5,False,0.6398600921538717,0.6521688268298195,0.6331632653061224,0.6015693112467306,0.6595466434176112,0.6033333333333334,0.7837837837837838,0.41935483870967744
P2,44,2,0,6,False,0.6245270915653395,0.6530465773173741,0.6636054421768707,0.572362685265911,0.6743679163034002,0.5687294633077765,0.918918918918919,0.22580645161290322
P2,44,2,0,7,True,0.6071569864876605,0.6299290997641427,0.6687074829931973,0.6780732345248475,0.6787271142109852,0.6654332408263954,0.7432432432432432,0.6129032258064516
P2,44,2,0,8,False,0.550391672026132,0.6591769150325231,0.717687074829932,0.6115954664341761,0.6752397558849171,0.5612405980128146,0.5135135135135135,0.7096774193548387
P2,44,2,0,9,False,0.5048949652247958,0.6976862949984414,0.7301020408163266,0.5897994768962511,0.6669572798605057,0.5126945126945127,0.40540540540540543,0.7741935483870968
P2,44,2,0,10,False,0.44172903276296055,0.657467109816415,0.8183673469387756,0.6124673060156931,0.6952920662598082,0.6181818181818182,0.8378378378378378,0.3870967741935484
P2,44,2,0,11,False,0.3888228725695956,0.6316169435069674,0.8372448979591837,0.6203138622493461,0.6952920662598082,0.6179366438356164,0.7567567567567568,0.4838709677419355
P2,44,2,0,12,False,0.35321127302980654,0.6855697189058576,0.8622448979591837,0.6030950305143854,0.6918047079337402,0.6088210551616392,0.8513513513513513,0.3548387096774194
P2,44,2,0,13,False,0.30708308294775405,0.7420249405361358,0.8625850340136054,0.6192240627724499,0.6700087183958152,0.6260683760683761,0.8513513513513513,0.3870967741935484
P2,44,2,0,14,False,0.2674626680675912,0.7924174533003853,0.9045918367346939,0.6327375762859634,0.6669572798605057,0.642161635832522,0.8783783783783784,0.3870967741935484
P2,44,2,0,15,False,0.21822916993484404,0.7278037127994356,0.9409863945578232,0.6540976460331299,0.6826503923278117,0.6582107980693681,0.8243243243243243,0.4838709677419355
P2,44,2,0,16,False,0.16313829427755974,0.8281936134610858,0.9731292517006802,0.6312118570183086,0.6765475152571927,0.6346391289707038,0.8108108108108109,0.45161290322580644
P2,44,2,0,17,False,0.11681343651048227,0.8794365241414025,0.975,0.6192240627724499,0.6756756756756757,0.6260683760683761,0.8513513513513513,0.3870967741935484
P2,44,2,0,18,False,0.10707204389399376,0.9252215964453561,0.9814625850340135,0.6312118570183086,0.6713164777680907,0.6346391289707038,0.8108108108108109,0.45161290322580644
P2,44,2,0,19,False,0.07446644190644873,0.9909298507940202,0.9799319727891156,0.6150828247602441,0.6739319965126417,0.6188747731397459,0.8108108108108109,0.41935483870967744
P2,44,2,1,1,False,0.7211801363871648,0.6897763151388902,0.3900970224155236,0.559009009009009,0.5837837837837838,0.5594917212167886,0.8513513513513513,0.26666666666666666
P2,44,2,1,2,False,0.7055836961819575,0.6980001834722666,0.48645031783205084,0.5,0.6288288288288288,0.22388059701492538,0.0,1.0
P2,44,2,1,3,False,0.6767916885706095,0.6947877131975614,0.5579346492695438,0.5,0.6581081081081082,0.41573033707865165,1.0,0.0
P2,44,2,1,4,False,0.6730445222212718,0.6964883896020743,0.5467268874763019,0.5,0.6513513513513514,0.22388059701492538,0.0,1.0
P2,44,2,1,5,False,0.6889076026586386,0.6750016441712012,0.5825248132039701,0.6031531531531532,0.6797297297297298,0.6055226824457595,0.972972972972973,0.23333333333333334
P2,44,2,1,6,True,0.6350361762138513,0.650842561171605,0.6073380171740828,0.6918918918918919,0.6873873873873874,0.6840277777777777,0.7837837837837838,0.6
P2,44,2,1,7,False,0.6117642200910128,0.6410542061695685,0.6919817107170738,0.5725225225225226,0.7185810810810811,0.573939474031981,0.8783783783783784,0.26666666666666666
P2,44,2,1,8,False,0.5912674413277552,0.6499304129527166,0.6644362663098026,0.6202702702702703,0.690990990990991,0.5722620755619321,0.5405405405405406,0.7
P2,44,2,1,9,False,0.534737881559592,0.6508875145361974,0.7742277238764359,0.5887387387387387,0.6779279279279279,0.592156862745098,0.8108108108108109,0.36666666666666664
P2,44,2,1,10,False,0.48530508233950687,0.6670428881278405,0.7750083640013382,0.5954954954954955,0.7018018018018019,0.5998075998075998,0.8243243243243243,0.36666666666666664
P2,44,2,1,11,False,0.4255489477744469,0.6730261238721701,0.8526262964202074,0.6441441441441441,0.6738738738738739,0.6102564102564102,0.6216216216216216,0.6666666666666666
P2,44,2,1,12,False,0.3786435001171552,0.7661916246780982,0.8670123787219806,0.6324324324324324,0.6635135135135135,0.6410256410256411,0.8648648648648649,0.4
P2,44,2,1,13,False,0.30101684767466325,0.7980053378985479,0.912010705921713,0.6391891891891892,0.6644144144144144,0.649306856500562,0.8783783783783784,0.4
P2,44,2,1,14,False,0.2605848776606413,0.7687050975286044,0.9024199843871974,0.6216216216216216,0.6527027027027027,0.6163194444444444,0.7432432432432432,0.5
P2,44,2,1,15,False,0.20482279016421392,0.8951077438317813,0.9447975911676145,0.6324324324324324,0.6382882882882883,0.6410256410256411,0.8648648648648649,0.4
P2,44,2,1,16,False,0.22494052465145403,1.1095143441970532,0.922214787554366,0.595945945945946,0.645045045045045,0.6014272499008855,0.8918918918918919,0.3
P2,44,2,1,17,False,0.16346944624987933,0.8564026011870458,0.9584030333444853,0.6148648648648649,0.6472972972972973,0.6083916083916084,0.7297297297297297,0.5
P2,44,2,1,18,False,0.13940266949626115,1.0116247305503259,0.961804393888703,0.6256756756756756,0.6405405405405405,0.6328667072428484,0.8513513513513513,0.4
P2,44,2,2,1,False,0.6924130876668902,0.7002555427042026,0.5532233052724856,0.5,0.6771689497716895,0.41477272727272724,1.0,0.0
P2,44,2,2,2,False,0.6929166448173341,0.6791114390475078,0.47385910500664596,0.5029680365296804,0.6698630136986301,0.44070765458048694,0.9726027397260274,0.03333333333333333
P2,44,2,2,3,False,0.6907663875789734,0.6729500177994515,0.5263070447496677,0.5166666666666667,0.6835616438356165,0.44940092165898615,1.0,0.03333333333333333
P2,44,2,2,4,False,0.6747865226280176,0.6584008162461438,0.5568785999113868,0.5579908675799087,0.6885844748858447,0.5581697647211752,0.8493150684931506,0.26666666666666666
P2,44,2,2,5,False,0.663936819186051,0.661515721997011,0.5856225077536552,0.5333333333333333,0.7050228310502283,0.48204022988505746,1.0,0.06666666666666667
P2,44,2,2,6,True,0.6470950379896392,0.6305608026032309,0.6416703588834737,0.6815068493150684,0.6931506849315069,0.6899458157736302,0.863013698630137,0.5
P2,44,2,2,7,False,0.6085866398788525,0.6291619096566172,0.6595037660611431,0.6621004566210045,0.6995433789954338,0.6330788804071247,0.6575342465753424,0.6666666666666666
P2,44,2,2,8,False,0.5639363898044568,0.6608901292953676,0.7106225077536552,0.6230593607305936,0.6812785388127854,0.5570950788342092,0.4794520547945205,0.7666666666666667
P2,44,2,2,9,False,0.496000978222304,0.6445800309042329,0.784392999556934,0.6618721461187215,0.6867579908675799,0.6742567994939912,0.8904109589041096,0.43333333333333335
P2,44,2,2,10,False,0.46522085411411723,0.6458541554154702,0.8027248560035445,0.6385844748858447,0.6954337899543379,0.6121119592875317,0.6438356164383562,0.6333333333333333
P2,44,2,2,11,False,0.43359985305932147,0.6893465142805599,0.789211342490031,0.6210045662100456,0.6757990867579908,0.5829135802469135,0.5753424657534246,0.6666666666666666
P2,44,2,2,12,False,0.35992567847219953,0.6833578828469064,0.8442069118298626,0.6621004566210045,0.6808219178082192,0.6330788804071247,0.6575342465753424,0.6666666666666666
P2,44,2,2,13,False,0.329044595966784,0.7205220770488665,0.856723526805494,0.6139269406392693,0.6812785388127854,0.6160298229263746,0.7945205479452054,0.43333333333333335
P2,44,2,2,14,False,0.2776283683103808,0.7018441139783674,0.8808706247230838,0.6689497716894977,0.6917808219178082,0.6414823914823915,0.6712328767123288,0.6666666666666666
P2,44,2,2,15,False,0.220446242064095,0.7870941083986782,0.9478843597696056,0.6315068493150685,0.6968036529680365,0.6398601398601399,0.863013698630137,0.4
P2,44,2,2,16,False,0.20034571883210725,0.8680903752451962,0.9503212228622064,0.6011415525114155,0.6789954337899543,0.6062399802688371,0.8356164383561644,0.36666666666666664
P2,44,2,2,17,False,0.16850080661939093,0.7892524935666797,0.9189743021710235,0.6698630136986301,0.6840182648401827,0.6571459250510039,0.7397260273972602,0.6
P2,44,2,2,18,False,0.11243098592786697,0.8005976365897262,0.9700930438635357,0.6767123287671233,0.6812785388127854,0.6655844155844156,0.7534246575342466,0.6
P2,44,3,0,1,False,0.7141278890463022,0.6945520066079639,0.4785323965651834,0.5176547515257193,0.5549258936355711,0.2932692307692308,0.06756756756756757,0.967741935483871
P2,44,3,0,2,False,0.7010429341059464,0.6866478516941978,0.5281030444964872,0.5093722755013078,0.6643417611159547,0.4427324088341037,0.9864864864864865,0.03225806451612903
P2,44,3,0,3,False,0.6915333775373605,0.6838915302639916,0.5462808074049292,0.5520924149956408,0.7201394943330427,0.5477091763477353,0.8783783783783784,0.22580645161290322
P2,44,3,0,4,False,0.6869634527426499,0.6779660520099459,0.5277127244340359,0.5,0.7201394943330427,0.4134078212290503,1.0,0.0
P2,44,3,0,5,False,0.6694830128779778,0.662697484379723,0.6140292182446749,0.6207497820401047,0.6870095902353966,0.629943871557238,0.918918918918919,0.3225806451612903
P2,44,3,0,6,False,0.6693189121209658,0.6577439012981596,0.5739935318389651,0.6207497820401047,0.6678291194420227,0.629943871557238,0.918918918918919,0.3225806451612903
P2,44,3,0,7,False,0.5921380233306152,0.6575995116006761,0.7160700345712055,0.6172624237140366,0.6578029642545772,0.5920745920745921,0.6216216216216216,0.6129032258064516
P2,44,3,0,8,False,0.5612928626629022,0.6487534412315914,0.7278353964536635,0.6364428945074107,0.6682650392327811,0.6323607427055702,0.7567567567567568,0.5161290322580645
P2,44,3,0,9,False,0.5165886214146247,0.6896219084660212,0.7989851678376269,0.6462510897994769,0.6665213600697472,0.6587500000000001,0.9054054054054054,0.3870967741935484
P2,44,3,0,10,False,0.47574391617224765,0.664538440250215,0.7941898070703691,0.5985178727114211,0.6756756756756757,0.5826709062003179,0.6486486486486487,0.5483870967741935
P2,44,3,0,11,False,0.4098169127335915,0.6823547025521596,0.8432028549124568,0.6499564080209241,0.6682650392327811,0.6485260770975056,0.7837837837837838,0.5161290322580645
P2,44,3,0,12,False,0.3613544994821915,0.684452970964568,0.8711943793911007,0.6660854402789886,0.6913687881429816,0.6628852739726028,0.7837837837837838,0.5483870967741935
P2,44,3,0,13,False,0.3110802657902241,0.758957177400589,0.8916025426564068,0.6405841325196164,0.6761115954664342,0.6418747937066783,0.7972972972972973,0.4838709677419355
P2,44,3,0,14,False,0.2730877190255202,0.7626667772730191,0.8963979034236645,0.6540976460331299,0.6883173496076722,0.6582107980693681,0.8243243243243243,0.4838709677419355
P2,44,3,0,15,False,0.2162481093635926,0.7753896497544788,0.9263967882234861,0.6338273757628596,0.6887532693984307,0.6338273757628596,0.7837837837837838,0.4838709677419355
P2,44,3,0,16,False,0.19132826334008804,0.836703770465794,0.9447975911676145,0.6176983435047951,0.6791630340017437,0.6187699416877545,0.7837837837837838,0.45161290322580644
P2,44,3,0,17,False,0.16962413905331722,0.7379750918774378,0.941396230623397,0.6146469049694856,0.6974716652136007,0.5955555555555556,0.6486486486486487,0.5806451612903226
P2,44,3,0,18,True,0.14700080483005598,0.756223353033974,0.9447975911676145,0.6671752397558849,0.7118570183086312,0.6452702702702703,0.6891891891891891,0.6451612903225806
P2,44,3,0,19,False,0.09922153918215862,1.0405243909873423,0.9795918367346939,0.6150828247602441,0.6778552746294682,0.6188747731397459,0.8108108108108109,0.41935483870967744
P2,44,3,0,20,False,0.0902691216996083,1.0534107133036568,0.9693877551020409,0.6218395815170009,0.6739319965126417,0.6267629858961129,0.8243243243243243,0.41935483870967744
P2,44,3,0,21,False,0.06702458464468901,1.1826409647329932,0.9931972789115646,0.5989537925021796,0.6800348735832606,0.6026831785345717,0.8108108108108109,0.3870967741935484
P2,44,3,0,22,False,0.05137182091577695,0.993347913523515,0.9965986394557823,0.5745422842197035,0.6625980819529207,0.5729880136986301,0.7297297297297297,0.41935483870967744
P2,44,3,0,23,False,0.04637713957792865,1.2599531110110027,0.9897959183673469,0.5921970357454228,0.6734960767218832,0.59505444646098,0.7972972972972973,0.3870967741935484
P2,44,3,0,24,False,0.03475908970890137,1.182333825005307,1.0,0.5921970357454228,0.6673931996512642,0.59505444646098,0.7972972972972973,0.3870967741935484
P2,44,3,0,25,False,0.03452373632731346,1.380348344273599,1.0,0.5989537925021796,0.6691368788142982,0.6026831785345717,0.8108108108108109,0.3870967741935484
P2,44,3,0,26,False,0.02612952535183957,1.2777265964342015,1.0,0.5921970357454228,0.6660854402789886,0.59505444646098,0.7972972972972973,0.3870967741935484
P2,44,3,0,27,False,0.023402985257024948,1.3037461749677146,1.0,0.5921970357454228,0.6673931996512642,0.59505444646098,0.7972972972972973,0.3870967741935484
P2,44,3,0,28,False,0.02370848637432433,1.3468107363076083,1.0,0.5921970357454228,0.6726242371403661,0.59505444646098,0.7972972972972973,0.3870967741935484
P2,44,3,0,29,False,0.01831043463271971,1.3411985330461036,1.0,0.5921970357454228,0.6700087183958152,0.59505444646098,0.7972972972972973,0.3870967741935484
P2,44,3,0,30,False,0.016423490408879634,1.4052672785928562,1.0,0.5921970357454228,0.6743679163034002,0.59505444646098,0.7972972972972973,0.3870967741935484
P2,44,3,1,1,False,0.7242399431191958,0.6917704082670666,0.499163599866176,0.5,0.6085440278988666,0.4134078212290503,1.0,0.0
P2,44,3,1,2,False,0.6877258924337534,0.6846237125850859,0.536522805843649,0.5427201394943331,0.6172624237140366,0.5333333333333333,0.8918918918918919,0.1935483870967742
P2,44,3,1,3,False,0.691508813546254,0.6870518627620879,0.522805843648935,0.502615518744551,0.6381865736704446,0.43850267379679153,0.972972972972973,0.03225806451612903
P2,44,3,1,4,False,0.6726699884121234,0.6913826857294355,0.5490688078510093,0.5,0.6503923278116827,0.22794117647058823,0.0,1.0
P2,44,3,1,5,False,0.6485258157436664,0.6520570817447844,0.6140292182446749,0.6218395815170009,0.6948561464690497,0.6267629858961129,0.8243243243243243,0.41935483870967744
P2,44,3,1,6,False,0.612522270817023,0.6389476339022319,0.7066465930634549,0.6671752397558849,0.7118570183086312,0.6452702702702703,0.6891891891891891,0.6451612903225806
P2,44,3,1,7,False,0.574835560642756,0.6506357797554561,0.7026318724210996,0.5843504795117699,0.7192676547515258,0.5874001774622892,0.8783783783783784,0.2903225806451613
P2,44,3,1,8,True,0.5015899023184409,0.6232709402129764,0.7762350841976134,0.7035745422842197,0.7131647776809067,0.6829710144927537,0.7297297297297297,0.6774193548387096
P2,44,3,1,9,False,0.45191887422249866,0.6671938257558006,0.8166053306568529,0.6192240627724499,0.7179598953792502,0.6260683760683761,0.8513513513513513,0.3870967741935484
P2,44,3,1,10,False,0.37745902372094303,0.697177799542745,0.8479982156797146,0.6192240627724499,0.6992153443766347,0.6260683760683761,0.8513513513513513,0.3870967741935484
P2,44,3,1,11,False,0.3047241261945321,0.7446094854956582,0.8800044608007137,0.5963382737576286,0.6870095902353966,0.6011396011396011,0.8378378378378378,0.3548387096774194
P2,44,3,1,12,False,0.28259097268948186,0.7896452025998206,0.8902085424333668,0.6124673060156931,0.6822144725370531,0.6181818181818182,0.8378378378378378,0.3870967741935484
P2,44,3,1,13,False,0.21930558864886945,0.9160019373255116,0.9297981487677038,0.6030950305143854,0.6774193548387096,0.6088210551616392,0.8513513513513513,0.3548387096774194
P2,44,3,1,14,False,0.16944836567227656,0.8971501175491583,0.95299431247909,0.6353530950305144,0.6870095902353966,0.6428152492668622,0.8513513513513513,0.41935483870967744
P2,44,3,1,15,False,0.14076434419705317,1.0836569797070252,0.9597970335675253,0.6004795117698344,0.6900610287707062,0.60625,0.8783783783783784,0.3225806451612903
P2,44,3,1,16,False,0.09960580344956654,1.046611207475265,0.9781978365116538,0.5963382737576286,0.6756756756756757,0.6011396011396011,0.8378378378378378,0.3548387096774194
P2,44,3,1,17,False,0.09555260772601916,1.1839714208351715,0.9795918367346939,0.6098517872711422,0.6721883173496077,0.616601752677702,0.8648648648648649,0.3548387096774194
P2,44,3,1,18,False,0.05843481421470642,1.2800214190568242,0.9897959183673469,0.6098517872711422,0.6817785527462947,0.616601752677702,0.8648648648648649,0.3548387096774194
P2,44,3,1,19,False,0.0537486974364863,1.3664513769204774,0.9931972789115646,0.6004795117698344,0.6743679163034002,0.60625,0.8783783783783784,0.3225806451612903
P2,44,3,1,20,False,0.03411449022734395,1.3447777164257353,0.9965986394557823,0.5937227550130776,0.6769834350479512,0.5985941546429893,0.8648648648648649,0.3225806451612903
P2,44,3,2,1,False,0.7155991548583621,0.6852132573868465,0.45553618134263296,0.5687214611872146,0.671689497716895,0.5664983164983164,0.9041095890410958,0.23333333333333334
P2,44,3,2,2,False,0.6864400222187951,0.6813445681507148,0.5773757628596339,0.5029680365296804,0.691324200913242,0.44070765458048694,0.9726027397260274,0.03333333333333333
P2,44,3,2,3,False,0.6610404604957217,0.6997388149928121,0.6044027898866609,0.5,0.7050228310502283,0.2255639097744361,0.0,1.0
P2,44,3,2,4,False,0.67280052843548,0.6796490289632556,0.5767218831734962,0.5029680365296804,0.7502283105022831,0.44070765458048694,0.9726027397260274,0.03333333333333333
P2,44,3,2,5,False,0.6548385938008626,0.6923010210389072,0.6002615518744551,0.5068493150684932,0.7479452054794521,0.24078624078624078,0.0136986301369863,1.0
P2,44,3,2,6,False,0.6536678331238883,0.6277202813370714,0.6045117698343505,0.6687214611872145,0.7789954337899543,0.6830769230769229,0.9041095890410958,0.43333333333333335
P2,44,3,2,7,False,0.5967864280655271,0.6065656884202679,0.6829773321708805,0.6657534246575343,0.7931506849315069,0.682992104911013,0.9315068493150684,0.4
P2,44,3,2,8,False,0.5507561815636498,0.5978465415899036,0.7493461203138623,0.6922374429223744,0.7849315068493151,0.7094871794871795,0.9178082191780822,0.4666666666666667
P2,44,3,2,9,False,0.5206977869783129,0.620671502594809,0.7506538796861377,0.6589041095890411,0.7808219178082192,0.6740506329113924,0.9178082191780822,0.4
P2,44,3,2,10,False,0.4358698517084122,0.5861653425161121,0.814843068875327,0.6963470319634704,0.769406392694064,0.6754201680672269,0.726027397260274,0.6666666666666666
P2,44,3,2,11,True,0.3758829062893277,0.5819543984908502,0.8679163034001744,0.7413242009132419,0.7872146118721461,0.7413242009132419,0.8493150684931506,0.6333333333333333
P2,44,3,2,12,False,0.3159745293004172,0.6130228601034405,0.8902571926765475,0.7207762557077626,0.7607305936073059,0.7141747141747142,0.8082191780821918,0.6333333333333333
P2,44,3,2,13,False,0.26468705790383473,0.6280356234717137,0.9198997384481256,0.7413242009132419,0.7867579908675799,0.7413242009132419,0.8493150684931506,0.6333333333333333
P2,44,3,2,14,False,0.18425140395050957,0.642359210449515,0.9508500435919791,0.7276255707762557,0.7780821917808219,0.7231182795698925,0.821917808219178,0.6333333333333333
P2,44,3,2,15,False,0.19518861472606658,0.6390096441055965,0.9440932868352223,0.7276255707762557,0.7821917808219178,0.7231182795698925,0.821917808219178,0.6333333333333333
P2,44,3,2,16,False,0.18119718262127468,0.6785594901992279,0.9300348735832606,0.7207762557077626,0.7671232876712328,0.7141747141747142,0.8082191780821918,0.6333333333333333
P2,44,3,2,17,False,0.16017625534108706,0.684666908481746,0.95346556233653,0.7178082191780821,0.7767123287671233,0.7178082191780821,0.8356164383561644,0.6
P2,44,3,2,18,False,0.1316216188349894,0.690387023016087,0.9656713164777682,0.7011415525114155,0.7817351598173516,0.7031015796148968,0.8356164383561644,0.5666666666666667
P2,44,3,2,19,False,0.10333837556342283,0.6950875471517878,0.9737358326068004,0.7178082191780821,0.7995433789954338,0.7178082191780821,0.8356164383561644,0.6
P2,44,3,2,20,False,0.08808275361855825,0.7720072107407653,0.9784219703574543,0.691324200913242,0.7853881278538812,0.6968091369363005,0.8493150684931506,0.5333333333333333
P2,44,3,2,21,False,0.06660505924373865,0.7190273414248401,0.9898648648648649,0.7139269406392694,0.7831050228310502,0.7053257042253521,0.7945205479452054,0.6333333333333333
P2,44,3,2,22,False,0.05944599197024391,0.8756983248354162,0.9898648648648649,0.6648401826484018,0.769406392694064,0.6737329434697856,0.863013698630137,0.4666666666666667
P2,44,3,2,23,False,0.05275033435651234,0.8169047187254267,0.9932432432432432,0.6815068493150684,0.7917808219178082,0.6899458157736302,0.863013698630137,0.5
P2,44,4,0,1,False,0.7192029517430526,0.6873303112529573,0.45829151332664214,0.5,0.7000871839581517,0.4134078212290503,1.0,0.0
P2,44,4,0,2,False,0.6956782593176916,0.6859624681018648,0.500836400133824,0.5472972972972973,0.7327811682650393,0.32672983060579963,0.0945945945945946,1.0
P2,44,4,0,3,False,0.7097910046577454,0.6771073585464841,0.44936991189918596,0.6285963382737576,0.7563208369659983,0.6347402597402597,0.8378378378378378,0.41935483870967744
P2,44,4,0,4,False,0.6788516571888557,0.6684154311815897,0.5799598527935764,0.5884917175239757,0.7497820401046208,0.5898989898989899,0.918918918918919,0.25806451612903225
P2,44,4,0,5,False,0.6733574225352361,0.66322340965271,0.594847775175644,0.7057541412380122,0.7641673931996512,0.6324613117170229,0.5405405405405406,0.8709677419354839
P2,44,4,0,6,False,0.6557252086125888,0.6344810656138828,0.6356641017062563,0.6353530950305144,0.7632955536181343,0.6428152492668622,0.8513513513513513,0.41935483870967744
P2,44,4,0,7,False,0.6119343317472018,0.6227922212509882,0.6902531504405041,0.6368788142981692,0.7423714036617263,0.6489197530864197,0.918918918918919,0.3548387096774194
P2,44,4,0,8,False,0.5851513365140328,0.6370652394635337,0.7148433143749303,0.6503923278116827,0.7537053182214473,0.6659597030752916,0.9459459459459459,0.3548387096774194
P2,44,4,0,9,True,0.5201206046801347,0.5773209512233735,0.7326307572209212,0.7253705318221447,0.7711421098517872,0.7253705318221447,0.8378378378378378,0.6129032258064516
P2,44,4,0,10,False,0.46750581092559373,0.5923095038958959,0.7714397234303557,0.6859197907585004,0.7497820401046208,0.6532634032634033,0.6621621621621622,0.7096774193548387
P2,44,4,0,11,False,0.42966723957887065,0.5818253307115464,0.8022192483550796,0.699433304272014,0.7558849171752398,0.6700706991358995,0.6891891891891891,0.7096774193548387
P2,44,4,0,12,False,0.3592966932516832,0.5861574400038946,0.8390208542433366,0.691586748038361,0.7602441150828247,0.6821834881536375,0.7702702702702703,0.6129032258064516
P2,44,4,0,13,False,0.2814549436936012,0.6740964618467149,0.9052079848332776,0.681124673060157,0.7449869224062773,0.6920821114369502,0.8783783783783784,0.4838709677419355
P2,44,4,0,14,False,0.2217045581111541,0.7009778719572793,0.9250027880004461,0.6514821272885789,0.7210113339145597,0.659090909090909,0.8513513513513513,0.45161290322580644
P2,44,4,0,15,False,0.17788691345888835,0.7813067632062095,0.9400022304003569,0.6218395815170009,0.7088055797733217,0.6267629858961129,0.8243243243243243,0.41935483870967744
P2,44,4,0,16,False,0.1386731299929894,0.7838873144771371,0.9734024757443961,0.6015693112467306,0.7031386224934612,0.6033333333333334,0.7837837837837838,0.41935483870967744
P2,44,4,0,17,False,0.10906873715038483,0.8092267451896554,0.9679937548790007,0.6176983435047951,0.7088055797733217,0.6187699416877545,0.7837837837837838,0.45161290322580644
P2,44,4,0,18,False,0.07940569534324683,1.0233668058755852,0.9931972789115646,0.5869659982563208,0.6852659110723627,0.5910418695228822,0.8513513513513513,0.3225806451612903
P2,44,4,0,19,False,0.05794641948663271,0.9991307509974354,0.9965986394557823,0.5989537925021796,0.6865736704446382,0.6026831785345717,0.8108108108108109,0.3870967741935484
P2,44,4,0,20,False,0.05260952798506388,1.1195120200204352,0.9781978365116538,0.5963382737576286,0.6765475152571927,0.6011396011396011,0.8378378378378378,0.3548387096774194
P2,44,4,0,21,False,0.03611675173474046,1.120902101549187,0.9965986394557823,0.5599389712292938,0.6700087183958152,0.5616883116883117,0.7972972972972973,0.3225806451612903
P2,44,4,1,1,False,0.7188438383432535,0.6861901970136733,0.4252258280361325,0.5146033129904097,0.5902353966870096,0.48043184885290147,0.9324324324324325,0.0967741935483871
P2,44,4,1,2,False,0.6933912932872772,0.7006126926058814,0.5158358425337348,0.5,0.5915431560592851,0.22794117647058823,0.0,1.0
P2,44,4,1,3,False,0.6745017446004428,0.6932686277798243,0.5754990520798483,0.5695292066259808,0.5915431560592851,0.4852941176470589,0.36486486486486486,0.7741935483870968
P2,44,4,1,4,False,0.6450862930371211,0.6772534972145444,0.666610906657745,0.5921970357454228,0.6194420226678291,0.59505444646098,0.7972972972972973,0.3870967741935484
P2,44,4,1,5,False,0.6105201015105615,0.6879188520567757,0.6670569867291178,0.5520924149956408,0.6238012205754141,0.5477091763477353,0.8783783783783784,0.22580645161290322
P2,44,4,1,6,False,0.539373748577558,0.7097557357379368,0.7720530835284933,0.5808631211857018,0.6159546643417612,0.5557692307692308,0.581081081081081,0.5806451612903226
P2,44,4,1,7,False,0.4832945236792931,0.716223860070819,0.7709936433589829,0.5771578029642546,0.6386224934612031,0.5725915875169607,0.7027027027027027,0.45161290322580644
P2,44,4,1,8,False,0.41663868381426883,0.7737910074847085,0.8254154120664658,0.5771578029642546,0.6229293809938972,0.5725915875169607,0.7027027027027027,0.45161290322580644
P2,44,4,1,9,True,0.3683523019919029,0.7857311078480311,0.85758893721423,0.6094158674803836,0.6320836965998257,0.6006783842121493,0.7027027027027027,0.5161290322580645
P2,44,4,1,10,False,0.3287144750356674,0.8957452510084425,0.8698003791680606,0.5771578029642546,0.6299040976460332,0.5725915875169607,0.7027027027027027,0.45161290322580644
P2,44,4,1,11,False,0.3416053085372998,0.889543059752101,0.8629976580796253,0.5636442894507411,0.6233653007846556,0.5575084798026518,0.6756756756756757,0.45161290322580644
P2,44,4,1,12,False,0.2658797918030849,0.9445111561389197,0.8929965428794469,0.5948125544899738,0.6421098517872711,0.5956650896688305,0.7702702702702703,0.41935483870967744
P2,44,4,1,13,False,0.3272531571296545,0.9219147150005613,0.8322181331549012,0.5959023539668701,0.6290322580645161,0.5850643428918837,0.6756756756756757,0.5161290322580645
P2,44,4,1,14,False,0.2168989832011553,0.9857771807483264,0.9297981487677038,0.5704010462074978,0.6333914559721011,0.5650372825186413,0.6891891891891891,0.45161290322580644
P2,44,4,1,15,False,0.1921077731710214,1.0811644746079332,0.9038139846102375,0.5745422842197035,0.6281604184829991,0.5729880136986301,0.7297297297297297,0.41935483870967744
P2,44,4,1,16,False,0.1627875596571427,1.0929898069018409,0.9481989517118323,0.5610287707061901,0.6416739319965127,0.5580808080808082,0.7027027027027027,0.41935483870967744
P2,44,4,1,17,False,0.13542566247857535,1.110116129049233,0.9611910337905654,0.5553618134263296,0.6224934612031386,0.5386192754613808,0.5945945945945946,0.5161290322580645
P2,44,4,1,18,False,0.11117072775959969,1.1305321042736372,0.9645923943347832,0.5595030514385353,0.6434176111595467,0.5485451454854514,0.6351351351351351,0.4838709677419355
P2,44,4,1,19,False,0.0869174195955006,1.2810059104913047,0.9795918367346939,0.5651700087183957,0.6368788142981692,0.5651700087183957,0.7432432432432432,0.3870967741935484
P2,44,4,1,20,False,0.07903640837265322,1.3730043423406424,0.9734024757443961,0.5651700087183957,0.6272885789014822,0.5651700087183957,0.7432432432432432,0.3870967741935484
P2,44,4,1,21,False,0.06293012699685417,1.3352224128941694,0.9863945578231292,0.5448997384481256,0.6312118570183086,0.5432360742705571,0.7027027027027027,0.3870967741935484
P2,44,4,2,1,False,0.7223598480224609,0.6975947716861095,0.4385353095030514,0.5,0.5684931506849316,0.2255639097744361,0.0,1.0
P2,44,4,2,2,False,0.692857243333544,0.6848085071276693,0.5433740191804708,0.5,0.6159817351598174,0.41477272727272724,1.0,0.0
P2,44,4,2,3,False,0.6928440508388337,0.6877051788626365,0.5061028770706191,0.5,0.6652968036529681,0.2255639097744361,0.0,1.0
P2,44,4,2,4,False,0.6798872584388369,0.6666025768205958,0.5654969485614647,0.623744292237443,0.6831050228310502,0.623744292237443,0.7808219178082192,0.4666666666666667
P2,44,4,2,5,False,0.6774916904313224,0.6520532820988627,0.5602659110723627,0.6785388127853882,0.7182648401826484,0.6913086913086914,0.8904109589041096,0.4666666666666667
P2,44,4,2,6,False,0.6392452160517375,0.642323992206055,0.6562772449869223,0.6059360730593607,0.7589041095890411,0.6112078977932636,0.9452054794520548,0.26666666666666666
P2,44,4,2,7,False,0.6311912718273345,0.5975917155302845,0.6024411508282477,0.6755707762557077,0.8059360730593608,0.6920577148056675,0.9178082191780822,0.43333333333333335
P2,44,4,2,8,False,0.5678353769438608,0.5951504180732282,0.6730601569311246,0.6490867579908676,0.7940639269406393,0.6641304347826087,0.9315068493150684,0.36666666666666664
P2,44,4,2,9,False,0.5203209405853635,0.555989736781537,0.7818221447253706,0.710958904109589,0.7835616438356164,0.7088750706613907,0.821917808219178,0.6
P2,44,4,2,10,False,0.454201747122265,0.5530268752459183,0.8156059285091544,0.702054794520548,0.7863013698630137,0.717032967032967,0.9041095890410958,0.5
P2,44,4,2,11,False,0.434105954851423,0.6206080705216788,0.8195292066259808,0.6559360730593607,0.7972602739726027,0.6730158730158731,0.9452054794520548,0.36666666666666664
P2,44,4,2,12,False,0.37187710106372834,0.6251448711145271,0.8202920662598082,0.6559360730593607,0.7817351598173516,0.6730158730158731,0.9452054794520548,0.36666666666666664
P2,44,4,2,13,True,0.3178388013726189,0.6003299450990066,0.8754359197907585,0.7285388127853881,0.7853881278538812,0.7395544852498495,0.8904109589041096,0.5666666666666667
P2,44,4,2,14,False,0.2722713534321104,0.5902666594218282,0.9009372275501308,0.7178082191780821,0.7666666666666667,0.7178082191780821,0.8356164383561644,0.6
P2,44,4,2,15,False,0.21101809676204408,0.6255800246613697,0.9649084568439408,0.710958904109589,0.7525114155251141,0.7088750706613907,0.821917808219178,0.6
P2,44,4,2,16,False,0.18425472236814952,0.682293681265081,0.9542284219703574,0.6874429223744292,0.7484018264840183,0.6855850763143019,0.8082191780821918,0.5666666666666667
P2,44,4,2,17,False,0.13042218882058348,0.7856161924241816,0.970357454228422,0.623972602739726,0.7178082191780822,0.5778688524590164,0.547945205479452,0.7
P2,44,4,2,18,False,0.0959843115792388,0.7734473330303303,0.9797297297297297,0.7011415525114155,0.7328767123287672,0.7031015796148968,0.8356164383561644,0.5666666666666667
P2,44,4,2,19,False,0.06837409851806504,0.8249541795948176,0.9898648648648649,0.6493150684931507,0.7091324200913242,0.6321428571428572,0.6986301369863014,0.6
P2,44,4,2,20,False,0.04943072607829457,0.86840965880931,0.9966216216216216,0.6424657534246575,0.7036529680365297,0.6238914971309337,0.684931506849315,0.6
P2,44,4,2,21,False,0.048540161833876654,0.9335444225269613,0.9898648648648649,0.6150684931506849,0.7036529680365297,0.591145038167939,0.6301369863013698,0.6
P2,44,4,2,22,False,0.034813141162019404,0.9438253539858512,0.9966216216216216,0.6904109589041096,0.7223744292237443,0.6826584507042253,0.7808219178082192,0.6
P2,44,4,2,23,False,0.029618734671246438,0.9426078483896349,0.9966216216216216,0.6493150684931507,0.708675799086758,0.6321428571428572,0.6986301369863014,0.6
P2,44,4,2,24,False,0.028582715223698565,0.9785632540300054,0.9966216216216216,0.6668949771689497,0.7132420091324201,0.6599911971830985,0.7671232876712328,0.5666666666666667
P2,44,4,2,25,False,0.02240893574697631,0.9871619783558891,1.0,0.7139269406392694,0.7091324200913242,0.7053257042253521,0.7945205479452054,0.6333333333333333
