outer,inner,seed,stage,permutation,corrected_auroc,auroc_delta_vs_str,recovery_rate,net_pair_gain,harm_rate
0,0,42,C_activity_raw,0,0.6813426329555362,0.0030514385353095363,0.0898876404494382,7.0,0.02377892030848329
0,0,42,C_activity_raw,1,0.6835222319093286,0.00523103748910192,0.10674157303370786,12.0,0.02699228791773779
0,0,42,C_activity_raw,2,0.6682650392327812,-0.010026155187445429,0.028089887640449437,-23.0,0.02634961439588689
0,0,42,C_activity_raw,3,0.7009590235396688,0.022667829119442096,0.13202247191011235,52.0,0.007069408740359897
0,0,42,C_activity_raw,4,0.6961639058413253,0.017872711421098586,0.19382022471910113,41.0,0.030848329048843187
0,0,42,C_activity_raw,5,0.6787271142109852,0.00043591979075852105,0.06460674157303371,1.0,0.017352185089974295
0,0,42,C_activity_raw,6,0.6782911944202266,-1.1102230246251565e-16,0.0898876404494382,0.0,0.027634961439588688
0,0,42,C_activity_raw,7,0.6730601569311246,-0.005231037489102031,0.05337078651685393,-12.0,0.02313624678663239
0,0,42,C_activity_raw,8,0.6708805579773321,-0.007410636442894525,0.03089887640449438,-17.0,0.02442159383033419
0,0,42,C_activity_raw,9,0.6730601569311246,-0.005231037489102031,0.08707865168539326,-12.0,0.038560411311053984
0,0,42,D_subject,0,0.6931124673060157,0.01482127288578905,0.07584269662921349,34.0,0.010925449871465296
0,0,42,D_subject,1,0.6874455100261553,0.009154315605928609,0.1151685393258427,21.0,0.02956298200514139
0,0,42,D_subject,2,0.6778552746294682,-0.00043591979075852105,0.07584269662921349,-1.0,0.02570694087403599
0,0,42,D_subject,3,0.6682650392327812,-0.010026155187445429,0.06741573033707865,-23.0,0.042416452442159386
0,0,42,D_subject,4,0.7040104620749782,0.02571926765475152,0.1853932584269663,59.0,0.021850899742930592
0,0,42,D_subject,5,0.6804707933740192,0.0021795989537924942,0.0898876404494382,5.0,0.02892030848329049
0,0,42,D_subject,6,0.6857018308631213,0.007410636442894636,0.0898876404494382,17.0,0.017994858611825194
0,0,42,D_subject,7,0.6782911944202267,0.0,0.1151685393258427,0.0,0.042416452442159386
0,0,42,D_subject,8,0.6761115954664342,-0.0021795989537924942,0.09831460674157304,-5.0,0.028277634961439587
0,0,42,D_subject,9,0.6673931996512642,-0.010897994768962471,0.06460674157303371,-25.0,0.037917737789203085
0,0,42,E_structured,0,0.6782911944202267,0.0,0.056179775280898875,0.0,0.033419023136246784
0,0,42,E_structured,1,0.6952920662598082,0.017000871839581544,0.10955056179775281,39.0,0.017352185089974295
0,0,42,E_structured,2,0.6756756756756757,-0.0026155187445510153,0.03651685393258427,-6.0,0.021208226221079693
0,0,42,E_structured,3,0.6582388840453356,-0.02005231037489108,0.05898876404494382,-46.0,0.05462724935732648
0,0,42,E_structured,4,0.6687009590235397,-0.009590235396687019,0.047752808988764044,-22.0,0.03406169665809768
0,0,42,E_structured,5,0.6979075850043592,0.01961639058413256,0.21067415730337077,45.0,0.03598971722365039
0,0,42,E_structured,6,0.6660854402789887,-0.012205754141237923,0.08426966292134831,-28.0,0.043701799485861184
0,0,42,E_structured,7,0.6809067131647777,0.0026155187445510153,0.08426966292134831,6.0,0.03470437017994859
0,0,42,E_structured,8,0.6669572798605058,-0.011333914559720881,0.03932584269662921,-26.0,0.03406169665809768
0,0,42,E_structured,9,0.6625980819529207,-0.01569311246730598,0.0449438202247191,-36.0,0.04755784061696658
0,0,42,F_decision,0,0.6669572798605056,-0.011333914559721103,0.02247191011235955,-26.0,0.030848329048843187
0,0,42,F_decision,1,0.6726242371403661,-0.005666957279860552,0.08426966292134831,-13.0,0.03984575835475578
0,0,42,F_decision,2,0.6974716652136008,0.01918047079337415,0.14887640449438203,44.0,0.01992287917737789
0,0,42,F_decision,3,0.6752397558849171,-0.0030514385353095363,0.06179775280898876,-7.0,0.030848329048843187
0,0,42,F_decision,4,0.6682650392327811,-0.01002615518744554,0.09550561797752809,-23.0,0.04755784061696658
0,0,42,F_decision,5,0.6717523975588492,-0.006538796861377483,0.08707865168539326,-15.0,0.04177377892030849
0,0,42,F_decision,6,0.6843940714908457,0.006102877070619073,0.06741573033707865,14.0,0.013496143958868894
0,0,42,F_decision,7,0.6848299912816042,0.006538796861377483,0.08426966292134831,15.0,0.017352185089974295
0,0,42,F_decision,8,0.6782911944202267,0.0,0.08426966292134831,0.0,0.032776349614395885
0,0,42,F_decision,9,0.6734960767218832,-0.0047951176983435095,0.05898876404494382,-11.0,0.033419023136246784
0,0,43,C_activity_raw,0,0.7271142109851787,-0.0034873583260680574,0.06907894736842106,-8.0,0.0256563245823389
0,0,43,C_activity_raw,1,0.7201394943330428,-0.01046207497820395,0.03289473684210526,-24.0,0.025059665871121718
0,0,43,C_activity_raw,2,0.7240627724498693,-0.006538796861377483,0.04276315789473684,-15.0,0.02028639618138425
0,0,43,C_activity_raw,3,0.7288578901482127,-0.0017436791630340842,0.08552631578947369,-4.0,0.023269689737470168
0,0,43,C_activity_raw,4,0.7449869224062773,0.014385353095030529,0.1118421052631579,33.0,0.0059665871121718375
0,0,43,C_activity_raw,5,0.7136006974716651,-0.017000871839581655,0.046052631578947366,-39.0,0.041766109785202864
0,0,43,C_activity_raw,6,0.7367044463818657,0.006102877070618962,0.1118421052631579,14.0,0.02028639618138425
0,0,43,C_activity_raw,7,0.7258064516129031,-0.0047951176983436206,0.029605263157894735,-11.0,0.02028639618138425
0,0,43,C_activity_raw,8,0.7380122057541413,0.007410636442894525,0.10855263157894737,17.0,0.018496420047732696
0,0,43,C_activity_raw,9,0.7414995640802092,0.010897994768962471,0.08881578947368421,25.0,0.014319809069212411
0,0,43,D_subject,0,0.7297297297297297,-0.0008718395815170421,0.12828947368421054,-2.0,0.030429594272076373
0,0,43,D_subject,1,0.7484742807323452,0.017872711421098475,0.13157894736842105,41.0,0.015513126491646777
0,0,43,D_subject,2,0.7349607672188317,0.0043591979075849885,0.15789473684210525,10.0,0.035202863961813845
0,0,43,D_subject,3,0.7375762859633826,0.006974716652135893,0.14144736842105263,16.0,0.03699284009546539
0,0,43,D_subject,4,0.7476024411508282,0.017000871839581433,0.12828947368421054,39.0,0.015513126491646777
0,0,43,D_subject,5,0.7327811682650393,0.0021795989537924942,0.0625,5.0,0.013126491646778043
0,0,43,D_subject,6,0.7336530078465563,0.0030514385353095363,0.09210526315789473,7.0,0.017303102625298328
0,0,43,D_subject,7,0.7336530078465562,0.0030514385353094253,0.10526315789473684,7.0,0.03162291169451074
0,0,43,D_subject,8,0.7454228421970357,0.014821272885788939,0.09868421052631579,34.0,0.014916467780429593
0,0,43,D_subject,9,0.7458587619877943,0.01525719267654757,0.16776315789473684,35.0,0.03341288782816229
0,0,43,E_structured,0,0.7027027027027026,-0.027898866608544126,0.0625,-64.0,0.05906921241050119
0,0,43,E_structured,1,0.7197035745422842,-0.010897994768962582,0.03618421052631579,-25.0,0.0256563245823389
0,0,43,E_structured,2,0.7153443766346992,-0.01525719267654757,0.05263157894736842,-35.0,0.04355608591885442
0,0,43,E_structured,3,0.7170880557977334,-0.013513513513513375,0.05592105263157895,-31.0,0.030429594272076373
0,0,43,E_structured,4,0.7231909328683523,-0.007410636442894414,0.03618421052631579,-17.0,0.021479713603818614
0,0,43,E_structured,5,0.7227550130775937,-0.007846556233653046,0.07236842105263158,-18.0,0.032219570405727926
0,0,43,E_structured,6,0.7079337401918047,-0.022667829119442096,0.06578947368421052,-52.0,0.054295942720763726
0,0,43,E_structured,7,0.7231909328683522,-0.007410636442894525,0.0756578947368421,-17.0,0.03281622911694511
0,0,43,E_structured,8,0.7258064516129031,-0.0047951176983436206,0.12171052631578948,-11.0,0.04295942720763723
0,0,43,E_structured,9,0.7362685265911073,0.005666957279860552,0.11513157894736842,13.0,0.029832935560859187
0,0,43,F_decision,0,0.7388840453356582,0.008282476024411456,0.1118421052631579,19.0,0.014319809069212411
0,0,43,F_decision,1,0.7371403661726242,0.006538796861377483,0.09868421052631579,15.0,0.02028639618138425
0,0,43,F_decision,2,0.7414995640802092,0.010897994768962471,0.14802631578947367,25.0,0.02684964200477327
0,0,43,F_decision,3,0.7240627724498693,-0.006538796861377483,0.10197368421052631,-15.0,0.03699284009546539
0,0,43,F_decision,4,0.7349607672188317,0.0043591979075849885,0.05592105263157895,10.0,0.014916467780429593
0,0,43,F_decision,5,0.7288578901482128,-0.0017436791630339732,0.08223684210526316,-4.0,0.028639618138424822
0,0,43,F_decision,6,0.7262423714036618,-0.0043591979075849885,0.10526315789473684,-10.0,0.03579952267303103
0,0,43,F_decision,7,0.7493461203138623,0.018744551002615517,0.15460526315789475,43.0,0.013126491646778043
0,0,43,F_decision,8,0.7149084568439407,-0.015693112467306092,0.046052631578947366,-36.0,0.038782816229116945
0,0,43,F_decision,9,0.7340889276373146,0.0034873583260678354,0.08223684210526316,8.0,0.020883054892601432
0,0,44,C_activity_raw,0,0.7005231037489101,0.005231037489102031,0.1111111111111111,12.0,0.025078369905956112
0,0,44,C_activity_raw,1,0.6817785527462946,-0.013513513513513487,0.07046070460704607,-31.0,0.041379310344827586
0,0,44,C_activity_raw,2,0.7096774193548387,0.01438535309503064,0.14092140921409213,33.0,0.0219435736677116
0,0,44,C_activity_raw,3,0.6987794245858762,0.0034873583260680574,0.06775067750677506,8.0,0.02006269592476489
0,0,44,C_activity_raw,4,0.6948561464690497,-0.00043591979075841003,0.08943089430894309,-1.0,0.03197492163009404
0,0,44,C_activity_raw,5,0.7088055797733217,0.013513513513513598,0.12737127371273713,31.0,0.02006269592476489
0,0,44,C_activity_raw,6,0.7070619006102876,0.011769834350479513,0.15176151761517614,27.0,0.03134796238244514
0,0,44,C_activity_raw,7,0.6935483870967741,-0.0017436791630339732,0.0921409214092141,-4.0,0.030094043887147336
0,0,44,C_activity_raw,8,0.7140366172624238,0.01874455100261574,0.13008130081300814,43.0,0.015047021943573668
0,0,44,C_activity_raw,9,0.7035745422842197,0.008282476024411567,0.10569105691056911,19.0,0.01818181818181818
0,0,44,D_subject,0,0.7079337401918047,0.012641673931996555,0.11653116531165311,29.0,0.02884012539184953
0,0,44,D_subject,1,0.6861377506538796,-0.009154315605928498,0.08130081300813008,-21.0,0.03636363636363636
0,0,44,D_subject,2,0.6795989537925022,-0.01569311246730587,0.07859078590785908,-36.0,0.04639498432601881
0,0,44,D_subject,3,0.7140366172624237,0.018744551002615628,0.14634146341463414,43.0,0.020689655172413793
0,0,44,D_subject,4,0.7061900610287707,0.010897994768962582,0.08401084010840108,25.0,0.016927899686520375
0,0,44,D_subject,5,0.6992153443766347,0.0039232781168265785,0.1002710027100271,9.0,0.0225705329153605
0,0,44,D_subject,6,0.6769834350479511,-0.018308631211856996,0.08401084010840108,-42.0,0.053918495297805645
0,0,44,D_subject,7,0.6835222319093287,-0.011769834350479402,0.10840108401084012,-27.0,0.050156739811912224
0,0,44,D_subject,8,0.7000871839581517,0.0047951176983436206,0.12737127371273713,11.0,0.03197492163009404
0,0,44,D_subject,9,0.6948561464690497,-0.00043591979075841003,0.06775067750677506,-1.0,0.025078369905956112
0,0,44,E_structured,0,0.6887532693984306,-0.006538796861377483,0.04607046070460705,-15.0,0.025078369905956112
0,0,44,E_structured,1,0.6961639058413251,0.0008718395815170421,0.0948509485094851,2.0,0.03322884012539185
0,0,44,E_structured,2,0.6965998256320837,0.0013077593722755632,0.13821138211382114,3.0,0.03636363636363636
0,0,44,E_structured,3,0.6752397558849171,-0.02005231037489097,0.05420054200542006,-46.0,0.050156739811912224
0,0,44,E_structured,4,0.6957279860505666,0.00043591979075852105,0.0948509485094851,1.0,0.03197492163009404
0,0,44,E_structured,5,0.6813426329555362,-0.013949433304271897,0.05962059620596206,-32.0,0.03949843260188088
0,0,44,E_structured,6,0.6935483870967742,-0.0017436791630338622,0.11924119241192412,-4.0,0.04326018808777429
0,0,44,E_structured,7,0.6944202266782912,-0.0008718395815169311,0.13279132791327913,-2.0,0.042633228840125395
0,0,44,E_structured,8,0.6922406277244986,-0.0030514385353095363,0.0921409214092141,-7.0,0.03385579937304075
0,0,44,E_structured,9,0.6883173496076722,-0.006974716652135893,0.06504065040650407,-16.0,0.02884012539184953
0,0,44,F_decision,0,0.7149084568439408,0.01961639058413267,0.15989159891598917,45.0,0.0219435736677116
0,0,44,F_decision,1,0.6979075850043592,0.0026155187445511263,0.14092140921409213,6.0,0.03761755485893417
0,0,44,F_decision,2,0.6843940714908456,-0.010897994768962471,0.06775067750677506,-25.0,0.03824451410658307
0,0,44,F_decision,3,0.6961639058413253,0.0008718395815171531,0.12195121951219512,2.0,0.030094043887147336
0,0,44,F_decision,4,0.7005231037489101,0.005231037489102031,0.07859078590785908,12.0,0.025078369905956112
0,0,44,F_decision,5,0.6887532693984307,-0.006538796861377372,0.0948509485094851,-15.0,0.04326018808777429
0,0,44,F_decision,6,0.6913687881429816,-0.003923278116826467,0.08401084010840108,-9.0,0.030721003134796237
0,0,44,F_decision,7,0.6957279860505667,0.0004359197907586321,0.11924119241192412,1.0,0.03510971786833856
0,0,44,F_decision,8,0.6800348735832606,-0.01525719267654746,0.051490514905149054,-35.0,0.03636363636363636
0,0,44,F_decision,9,0.7070619006102876,0.011769834350479513,0.13550135501355012,27.0,0.02946708463949843
0,1,42,C_activity_raw,0,0.7091324200913242,-0.01598173515981738,0.05232558139534884,-35.0,0.0371536523929471
0,1,42,C_activity_raw,1,0.7210045662100457,-0.004109589041095818,0.09011627906976744,-9.0,0.030226700251889168
0,1,42,C_activity_raw,2,0.7068493150684931,-0.0182648401826484,0.06976744186046512,-40.0,0.05289672544080604
0,1,42,C_activity_raw,3,0.7333333333333334,0.008219178082191858,0.15406976744186046,18.0,0.028337531486146095
0,1,42,C_activity_raw,4,0.732876712328767,0.00776255707762552,0.1308139534883721,17.0,0.022670025188916875
0,1,42,C_activity_raw,5,0.7319634703196347,0.006849315068493178,0.09302325581395349,15.0,0.01700251889168766
0,1,42,C_activity_raw,6,0.7351598173515981,0.010045662100456543,0.09593023255813954,22.0,0.014483627204030227
0,1,42,C_activity_raw,7,0.7342465753424657,0.0091324200913242,0.1308139534883721,20.0,0.02518891687657431
0,1,42,C_activity_raw,8,0.730593607305936,0.005479452054794498,0.13662790697674418,12.0,0.02644836272040302
0,1,42,C_activity_raw,9,0.7333333333333334,0.008219178082191858,0.11337209302325581,18.0,0.02455919395465995
0,1,42,D_subject,0,0.7136986301369863,-0.011415525114155223,0.11046511627906977,-25.0,0.04219143576826197
0,1,42,D_subject,1,0.7337899543378995,0.008675799086757974,0.1686046511627907,19.0,0.03904282115869018
0,1,42,D_subject,2,0.7470319634703196,0.021917808219178103,0.26453488372093026,48.0,0.04093198992443325
0,1,42,D_subject,3,0.7232876712328767,-0.0018264840182647957,0.08139534883720931,-4.0,0.022670025188916875
0,1,42,D_subject,4,0.7232876712328767,-0.0018264840182647957,0.0755813953488372,-4.0,0.030856423173803528
0,1,42,D_subject,5,0.7200913242009133,-0.005022831050228271,0.10174418604651163,-11.0,0.036523929471032744
0,1,42,D_subject,6,0.734703196347032,0.009589041095890427,0.2005813953488372,21.0,0.041561712846347604
0,1,42,D_subject,7,0.732876712328767,0.00776255707762552,0.19476744186046513,17.0,0.04659949622166247
0,1,42,D_subject,8,0.6913242009132421,-0.03378995433789944,0.0872093023255814,-74.0,0.07367758186397985
0,1,42,D_subject,9,0.6899543378995434,-0.03515981735159812,0.029069767441860465,-77.0,0.058564231738035266
0,1,42,E_structured,0,0.7054794520547946,-0.01963470319634697,0.07848837209302326,-43.0,0.05667506297229219
0,1,42,E_structured,1,0.7315068493150685,0.006392694063926951,0.15406976744186046,14.0,0.030226700251889168
0,1,42,E_structured,2,0.7182648401826484,-0.006849315068493178,0.09883720930232558,-15.0,0.03400503778337532
0,1,42,E_structured,3,0.7242009132420092,-0.0009132420091323423,0.10465116279069768,-2.0,0.03526448362720403
0,1,42,E_structured,4,0.7173515981735159,-0.007762557077625631,0.1511627906976744,-17.0,0.0491183879093199
0,1,42,E_structured,5,0.7264840182648402,0.00136986301369868,0.11627906976744186,3.0,0.0327455919395466
0,1,42,E_structured,6,0.7287671232876712,0.0036529680365297024,0.12790697674418605,8.0,0.030856423173803528
0,1,42,E_structured,7,0.7429223744292237,0.017808219178082174,0.2005813953488372,39.0,0.02707808564231738
0,1,42,E_structured,8,0.7182648401826485,-0.006849315068493067,0.09011627906976744,-15.0,0.03589420654911839
0,1,42,E_structured,9,0.7488584474885844,0.0237442922374429,0.19476744186046513,52.0,0.015743073047858942
0,1,42,F_decision,0,0.7031963470319635,-0.021917808219177992,0.046511627906976744,-48.0,0.04722921914357683
0,1,42,F_decision,1,0.7351598173515982,0.010045662100456654,0.14244186046511628,22.0,0.03400503778337532
0,1,42,F_decision,2,0.7392694063926941,0.014155251141552583,0.13372093023255813,31.0,0.02392947103274559
0,1,42,F_decision,3,0.7159817351598173,-0.0091324200913242,0.05813953488372093,-20.0,0.0327455919395466
0,1,42,F_decision,4,0.7100456621004567,-0.015068493150684814,0.07848837209302326,-33.0,0.045969773299748114
0,1,42,F_decision,5,0.7164383561643836,-0.008675799086757974,0.11046511627906977,-19.0,0.04408060453400504
0,1,42,F_decision,6,0.7392694063926941,0.014155251141552583,0.17732558139534885,31.0,0.030226700251889168
0,1,42,F_decision,7,0.7182648401826484,-0.006849315068493178,0.07267441860465117,-15.0,0.030856423173803528
0,1,42,F_decision,8,0.7214611872146118,-0.0036529680365297024,0.07267441860465117,-8.0,0.027707808564231738
0,1,42,F_decision,9,0.7155251141552511,-0.009589041095890427,0.09593023255813954,-21.0,0.04030226700251889
0,1,43,C_activity_raw,0,0.6789954337899544,-0.013698630136986245,0.04866180048661801,-30.0,0.037574159525379035
0,1,43,C_activity_raw,1,0.7091324200913243,0.016438356164383605,0.10218978102189781,36.0,0.023071852340145024
0,1,43,C_activity_raw,2,0.682648401826484,-0.010045662100456654,0.10218978102189781,-22.0,0.055372445616348055
0,1,43,C_activity_raw,3,0.7050228310502283,0.012328767123287676,0.10218978102189781,27.0,0.02702702702702703
0,1,43,C_activity_raw,4,0.7127853881278539,0.020091324200913196,0.11678832116788321,44.0,0.017139090309822018
0,1,43,C_activity_raw,5,0.706392694063927,0.013698630136986356,0.0705596107055961,30.0,0.013183915622940013
0,1,43,C_activity_raw,6,0.6789954337899543,-0.013698630136986356,0.051094890510948905,-30.0,0.03823335530652604
0,1,43,C_activity_raw,7,0.6940639269406392,0.001369863013698569,0.0413625304136253,3.0,0.02109426499670402
0,1,43,C_activity_raw,8,0.7127853881278539,0.020091324200913196,0.15328467153284672,44.0,0.02109426499670402
0,1,43,C_activity_raw,9,0.6844748858447489,-0.008219178082191747,0.05596107055961071,-18.0,0.043506921555702044
0,1,43,D_subject,0,0.6557077625570775,-0.03698630136986314,0.08029197080291971,-81.0,0.08371786420566908
0,1,43,D_subject,1,0.6867579908675799,-0.005936073059360725,0.06569343065693431,-13.0,0.04087013843111404
0,1,43,D_subject,2,0.6808219178082192,-0.01187214611872145,0.046228710462287104,-26.0,0.03823335530652604
0,1,43,D_subject,3,0.6780821917808219,-0.01461187214611881,0.09732360097323602,-32.0,0.055372445616348055
0,1,43,D_subject,4,0.6776255707762556,-0.015068493150685036,0.051094890510948905,-33.0,0.04680290046143705
0,1,43,D_subject,5,0.6872146118721463,-0.005479452054794387,0.08759124087591241,-12.0,0.04878048780487805
0,1,43,D_subject,6,0.6767123287671233,-0.01598173515981738,0.0705596107055961,-35.0,0.05932762030323006
0,1,43,D_subject,7,0.6831050228310503,-0.009589041095890316,0.0851581508515815,-21.0,0.04680290046143705
0,1,43,D_subject,8,0.6899543378995434,-0.002739726027397249,0.0827250608272506,-6.0,0.034278180619644036
0,1,43,D_subject,9,0.6762557077625571,-0.016438356164383605,0.09975669099756691,-36.0,0.05603164139749506
0,1,43,E_structured,0,0.6831050228310502,-0.009589041095890427,0.11435523114355231,-21.0,0.06526038233355307
0,1,43,E_structured,1,0.6853881278538813,-0.007305936073059405,0.06569343065693431,-16.0,0.04152933421226104
0,1,43,E_structured,2,0.6840182648401826,-0.008675799086758085,0.043795620437956206,-19.0,0.03032300593276203
0,1,43,E_structured,3,0.6799086757990868,-0.012785388127853903,0.051094890510948905,-28.0,0.03691496374423204
0,1,43,E_structured,4,0.6904109589041096,-0.0022831050228310223,0.08759124087591241,-5.0,0.035596572181938034
0,1,43,E_structured,5,0.6917808219178082,-0.0009132420091324533,0.14841849148418493,-2.0,0.04878048780487805
0,1,43,E_structured,6,0.6863013698630137,-0.006392694063926951,0.08029197080291971,-14.0,0.04680290046143705
0,1,43,E_structured,7,0.680365296803653,-0.012328767123287676,0.06082725060827251,-27.0,0.044166117336849046
0,1,43,E_structured,8,0.6936073059360731,0.0009132420091324533,0.0948905109489051,2.0,0.035596572181938034
0,1,43,E_structured,9,0.6881278538812786,-0.004566210045662045,0.12895377128953772,-10.0,0.05866842452208306
0,1,43,F_decision,0,0.6931506849315069,0.0004566210045662267,0.1386861313868613,1.0,0.04482531311799604
0,1,43,F_decision,1,0.6904109589041095,-0.0022831050228311334,0.0851581508515815,-5.0,0.04680290046143705
0,1,43,F_decision,2,0.6821917808219179,-0.01050228310502277,0.12652068126520682,-23.0,0.061305207646671064
0,1,43,F_decision,3,0.6940639269406392,0.001369863013698569,0.1070559610705596,3.0,0.04021094264996704
0,1,43,F_decision,4,0.671689497716895,-0.02100456621004565,0.051094890510948905,-46.0,0.053394858272907054
0,1,43,F_decision,5,0.7041095890410959,0.011415525114155223,0.11192214111922141,25.0,0.02900461437046803
0,1,43,F_decision,6,0.6922374429223745,-0.00045662100456611565,0.12895377128953772,-1.0,0.043506921555702044
0,1,43,F_decision,7,0.6954337899543379,0.002739726027397249,0.10218978102189781,6.0,0.032300593276203035
0,1,43,F_decision,8,0.6776255707762557,-0.015068493150684925,0.11678832116788321,-33.0,0.08042188529993408
0,1,43,F_decision,9,0.6794520547945205,-0.01324200913242013,0.06569343065693431,-29.0,0.04614370468029005
0,1,44,C_activity_raw,0,0.6662100456621004,-0.00136986301369868,0.05764411027568922,-3.0,0.03146374829001368
0,1,44,C_activity_raw,1,0.6552511415525115,-0.012328767123287565,0.047619047619047616,-27.0,0.03761969904240766
0,1,44,C_activity_raw,2,0.6721461187214611,0.004566210045662045,0.10526315789473684,10.0,0.025991792065663474
0,1,44,C_activity_raw,3,0.6762557077625571,0.008675799086757974,0.07769423558897243,19.0,0.022571819425444596
0,1,44,C_activity_raw,4,0.660730593607306,-0.006849315068493067,0.06015037593984962,-15.0,0.030095759233926128
0,1,44,C_activity_raw,5,0.6575342465753425,-0.010045662100456543,0.07268170426065163,-22.0,0.043091655266757865
0,1,44,C_activity_raw,6,0.6557077625570776,-0.01187214611872145,0.03508771929824561,-26.0,0.04103967168262654
0,1,44,C_activity_raw,7,0.6652968036529681,-0.0022831050228310223,0.08521303258145363,-5.0,0.03625170998632011
0,1,44,C_activity_raw,8,0.6771689497716894,0.009589041095890316,0.09774436090225563,21.0,0.025991792065663474
0,1,44,C_activity_raw,9,0.6757990867579908,0.008219178082191747,0.07017543859649122,18.0,0.021203830369357045
0,1,44,D_subject,0,0.6671232876712329,-0.0004566210045662267,0.08020050125313283,-1.0,0.04582763337893297
0,1,44,D_subject,1,0.6438356164383562,-0.0237442922374429,0.07017543859649122,-52.0,0.07660738714090287
0,1,44,D_subject,2,0.6762557077625571,0.008675799086757974,0.09022556390977443,19.0,0.03488372093023256
0,1,44,D_subject,3,0.6493150684931507,-0.0182648401826484,0.045112781954887216,-40.0,0.04377564979480164
0,1,44,D_subject,4,0.6794520547945204,0.011872146118721338,0.09774436090225563,26.0,0.023939808481532147
0,1,44,D_subject,5,0.6885844748858447,0.02100456621004565,0.12531328320802004,46.0,0.032147742818057455
0,1,44,D_subject,6,0.6598173515981736,-0.00776255707762552,0.13032581453634084,-17.0,0.0560875512995896
0,1,44,D_subject,7,0.6831050228310502,0.015525114155251152,0.09022556390977443,34.0,0.024623803009575923
0,1,44,D_subject,8,0.6698630136986302,0.0022831050228311334,0.07769423558897243,5.0,0.025991792065663474
0,1,44,D_subject,9,0.6835616438356165,0.01598173515981738,0.09022556390977443,35.0,0.019835841313269494
0,1,44,E_structured,0,0.6680365296803653,0.0004566210045662267,0.06015037593984962,1.0,0.024623803009575923
0,1,44,E_structured,1,0.6812785388127853,0.013698630136986245,0.13533834586466165,30.0,0.033515731874145006
0,1,44,E_structured,2,0.680365296803653,0.012785388127853903,0.15538847117794485,28.0,0.03146374829001368
0,1,44,E_structured,3,0.6611872146118722,-0.00639269406392684,0.08020050125313283,-14.0,0.04514363885088919
0,1,44,E_structured,4,0.6566210045662101,-0.010958904109588996,0.08020050125313283,-24.0,0.0560875512995896
0,1,44,E_structured,5,0.6840182648401827,0.016438356164383605,0.15288220551378445,36.0,0.03488372093023256
0,1,44,E_structured,6,0.6570776255707763,-0.01050228310502277,0.040100250626566414,-23.0,0.03488372093023256
0,1,44,E_structured,7,0.6515981735159816,-0.01598173515981749,0.07268170426065163,-35.0,0.05198358413132695
0,1,44,E_structured,8,0.6748858447488585,0.007305936073059405,0.11528822055137844,16.0,0.03898768809849521
0,1,44,E_structured,9,0.6675799086757991,0.0,0.06015037593984962,0.0,0.03761969904240766
0,1,44,F_decision,0,0.6598173515981736,-0.00776255707762552,0.05764411027568922,-17.0,0.033515731874145006
0,1,44,F_decision,1,0.6639269406392694,-0.0036529680365297024,0.045112781954887216,-8.0,0.03146374829001368
0,1,44,F_decision,2,0.6611872146118721,-0.006392694063926951,0.07017543859649122,-14.0,0.033515731874145006
0,1,44,F_decision,3,0.6662100456621005,-0.001369863013698569,0.08020050125313283,-3.0,0.033515731874145006
0,1,44,F_decision,4,0.6808219178082192,0.01324200913242013,0.12280701754385964,29.0,0.023255813953488372
0,1,44,F_decision,5,0.6652968036529682,-0.0022831050228309113,0.07268170426065163,-5.0,0.028727770177838577
0,1,44,F_decision,6,0.6757990867579909,0.008219178082191858,0.13533834586466165,18.0,0.04103967168262654
0,1,44,F_decision,7,0.6698630136986301,0.0022831050228310223,0.045112781954887216,5.0,0.023255813953488372
0,1,44,F_decision,8,0.6611872146118721,-0.006392694063926951,0.09774436090225563,-14.0,0.047879616963064295
0,1,44,F_decision,9,0.6657534246575343,-0.0018264840182647957,0.09774436090225563,-4.0,0.03898768809849521
0,2,42,C_activity_raw,0,0.8044402456306093,0.015588096362777581,0.19282511210762332,33.0,0.025149700598802394
0,2,42,C_activity_raw,1,0.788379782711384,-0.0004723665564477786,0.1031390134529148,-1.0,0.01976047904191617
0,2,42,C_activity_raw,2,0.778932451582428,-0.009919697685403794,0.08520179372197309,-21.0,0.029341317365269463
0,2,42,C_activity_raw,3,0.8044402456306095,0.015588096362777693,0.19282511210762332,33.0,0.017964071856287425
0,2,42,C_activity_raw,4,0.7751535191308455,-0.013698630136986245,0.08968609865470852,-29.0,0.035329341317365266
0,2,42,C_activity_raw,5,0.7883797827113841,-0.00047236655644766756,0.1210762331838565,-1.0,0.02155688622754491
0,2,42,C_activity_raw,6,0.7803495512517714,-0.008502598016060348,0.07623318385650224,-18.0,0.026347305389221556
0,2,42,C_activity_raw,7,0.7756258856872934,-0.013226263580538355,0.07623318385650224,-28.0,0.032335329341317366
0,2,42,C_activity_raw,8,0.7779877184695324,-0.010864430798299352,0.11659192825112108,-23.0,0.03413173652694611
0,2,42,C_activity_raw,9,0.7926310817194143,0.0037789324515825617,0.1210762331838565,8.0,0.02874251497005988
0,2,42,D_subject,0,0.8044402456306093,0.015588096362777581,0.2062780269058296,33.0,0.019161676646706587
0,2,42,D_subject,1,0.761927255550307,-0.02692489371752471,0.12556053811659193,-57.0,0.06227544910179641
0,2,42,D_subject,2,0.7798771846953235,-0.008974964572508237,0.13004484304932734,-19.0,0.031137724550898204
0,2,42,D_subject,3,0.7921587151629665,0.003306565895134783,0.10762331838565023,7.0,0.017365269461077845
0,2,42,D_subject,4,0.7945205479452055,0.005668398677373787,0.16143497757847533,12.0,0.023353293413173652
0,2,42,D_subject,5,0.7737364194615021,-0.015115729806329692,0.14798206278026907,-32.0,0.055089820359281436
0,2,42,D_subject,6,0.7931034482758621,0.00425129900803034,0.1210762331838565,9.0,0.02155688622754491
0,2,42,D_subject,7,0.7902692489371753,0.0014170996693435578,0.10762331838565023,3.0,0.017964071856287425
0,2,42,D_subject,8,0.7798771846953235,-0.008974964572508237,0.13901345291479822,-19.0,0.04251497005988024
0,2,42,D_subject,9,0.7850732168162494,-0.0037789324515823397,0.14349775784753363,-8.0,0.04131736526946108
0,2,42,E_structured,0,0.7756258856872933,-0.013226263580538467,0.1210762331838565,-28.0,0.04311377245508982
0,2,42,E_structured,1,0.7912139820500709,0.002361832782239115,0.21076233183856502,5.0,0.04311377245508982
0,2,42,E_structured,2,0.7605101558809636,-0.02834199338686816,0.09417040358744394,-60.0,0.05089820359281437
0,2,42,E_structured,3,0.8115257439773265,0.022673594709494704,0.28699551569506726,48.0,0.01976047904191617
0,2,42,E_structured,4,0.7756258856872933,-0.013226263580538467,0.09865470852017937,-28.0,0.03952095808383234
0,2,42,E_structured,5,0.788379782711384,-0.0004723665564477786,0.14798206278026907,-1.0,0.035329341317365266
0,2,42,E_structured,6,0.7803495512517713,-0.008502598016060459,0.07174887892376682,-18.0,0.027544910179640718
0,2,42,E_structured,7,0.7779877184695323,-0.010864430798299463,0.13452914798206278,-23.0,0.043712574850299404
0,2,42,E_structured,8,0.786017949929145,-0.0028341993386867825,0.17040358744394618,-6.0,0.035329341317365266
0,2,42,E_structured,9,0.7912139820500709,0.002361832782239115,0.09865470852017937,5.0,0.02035928143712575
0,2,42,F_decision,0,0.7784600850259802,-0.010392064241851573,0.08520179372197309,-22.0,0.03293413173652695
0,2,42,F_decision,1,0.7789324515824281,-0.009919697685403683,0.1210762331838565,-21.0,0.041916167664670656
0,2,42,F_decision,2,0.7831837505904582,-0.005668398677373565,0.08520179372197309,-12.0,0.02215568862275449
0,2,42,F_decision,3,0.77420878601795,-0.014643363249881802,0.13452914798206278,-31.0,0.052095808383233536
0,2,42,F_decision,4,0.7949929145016533,0.006140765233821566,0.15246636771300448,13.0,0.023353293413173652
0,2,42,F_decision,5,0.7846008502598016,-0.004251299008030118,0.15695067264573992,-9.0,0.03772455089820359
0,2,42,F_decision,6,0.7784600850259802,-0.010392064241851573,0.1031390134529148,-22.0,0.04251497005988024
0,2,42,F_decision,7,0.7831837505904582,-0.005668398677373565,0.14798206278026907,-12.0,0.03173652694610778
0,2,42,F_decision,8,0.7713745866792631,-0.017477562588568696,0.09865470852017937,-37.0,0.038922155688622756
0,2,42,F_decision,9,0.7694851204534718,-0.01936702881435992,0.08071748878923767,-41.0,0.03832335329341317
0,2,43,C_activity_raw,0,0.7666509211147851,-0.006140765233821455,0.04184100418410042,-13.0,0.017726161369193152
0,2,43,C_activity_raw,1,0.7699574870099197,-0.0028341993386867825,0.14225941422594143,-6.0,0.028728606356968216
0,2,43,C_activity_raw,2,0.7614548889938593,-0.011336797354747241,0.06694560669456066,-24.0,0.03117359413202934
0,2,43,C_activity_raw,3,0.7628719886632026,-0.009919697685403905,0.11297071129707113,-21.0,0.035452322738386305
0,2,43,C_activity_raw,4,0.764289088332546,-0.008502598016060459,0.16317991631799164,-18.0,0.03850855745721271
0,2,43,C_activity_raw,5,0.7784600850259802,0.005668398677373676,0.14644351464435146,12.0,0.022004889975550123
0,2,43,C_activity_raw,6,0.7609825224374114,-0.01180916391119513,0.100418410041841,-25.0,0.03606356968215159
0,2,43,C_activity_raw,7,0.7798771846953235,0.007085498346717012,0.09623430962343096,15.0,0.013447432762836185
0,2,43,C_activity_raw,8,0.7775153519130846,0.004723665564478119,0.09205020920502092,10.0,0.014669926650366748
0,2,43,C_activity_raw,9,0.7685403873405763,-0.004251299008030229,0.07531380753138076,-9.0,0.023227383863080684
0,2,43,D_subject,0,0.7685403873405763,-0.004251299008030229,0.14225941422594143,-9.0,0.03606356968215159
0,2,43,D_subject,1,0.7652338214454417,-0.00755786490316479,0.1506276150627615,-16.0,0.040342298288508556
0,2,43,D_subject,2,0.7784600850259801,0.005668398677373565,0.1087866108786611,12.0,0.017726161369193152
0,2,43,D_subject,3,0.7586206896551725,-0.014170996693434024,0.13807531380753138,-30.0,0.04767726161369193
0,2,43,D_subject,4,0.7746811525743977,0.0018894662257912254,0.10460251046025104,4.0,0.020171149144254278
0,2,43,D_subject,5,0.7808219178082192,0.00803023145961268,0.15481171548117154,17.0,0.030562347188264057
0,2,43,D_subject,6,0.7784600850259801,0.005668398677373565,0.14644351464435146,12.0,0.029339853300733496
0,2,43,D_subject,7,0.7723193197921587,-0.0004723665564477786,0.1297071129707113,-1.0,0.028117359413202935
0,2,43,D_subject,8,0.7699574870099197,-0.0028341993386867825,0.14225941422594143,-6.0,0.034229828850855744
0,2,43,D_subject,9,0.767123287671233,-0.005668398677373565,0.11297071129707113,-12.0,0.03484107579462103
0,2,43,E_structured,0,0.7864903164855928,0.013698630136986245,0.14644351464435146,29.0,0.012836185819070905
0,2,43,E_structured,1,0.7765706188001888,0.0037789324515823397,0.14644351464435146,8.0,0.03484107579462103
0,2,43,E_structured,2,0.77420878601795,0.0014170996693434468,0.12133891213389121,3.0,0.02567237163814181
0,2,43,E_structured,3,0.7699574870099197,-0.0028341993386867825,0.1506276150627615,-6.0,0.03667481662591687
0,2,43,E_structured,4,0.7897968823807274,0.017005196032120917,0.17573221757322174,36.0,0.022616136919315404
0,2,43,E_structured,5,0.7628719886632026,-0.009919697685403905,0.1087866108786611,-21.0,0.034229828850855744
0,2,43,E_structured,6,0.7690127538970241,-0.0037789324515824507,0.15481171548117154,-8.0,0.03850855745721271
0,2,43,E_structured,7,0.7600377893245158,-0.012753897024090688,0.09623430962343096,-27.0,0.040342298288508556
0,2,43,E_structured,8,0.7760982522437412,0.003306565895134672,0.14644351464435146,7.0,0.02689486552567237
0,2,43,E_structured,9,0.7590930562116203,-0.013698630136986245,0.07112970711297072,-29.0,0.03484107579462103
0,2,43,F_decision,0,0.7666509211147851,-0.006140765233821455,0.058577405857740586,-13.0,0.022004889975550123
0,2,43,F_decision,1,0.7723193197921587,-0.0004723665564477786,0.11715481171548117,-1.0,0.02689486552567237
0,2,43,F_decision,2,0.7718469532357108,-0.0009447331128956682,0.1589958158995816,-2.0,0.039119804400977995
0,2,43,F_decision,3,0.7680680207841285,-0.004723665564478008,0.1297071129707113,-10.0,0.03728606356968215
0,2,43,F_decision,4,0.7652338214454416,-0.0075578649031649014,0.12133891213389121,-16.0,0.04095354523227384
0,2,43,F_decision,5,0.776570618800189,0.0037789324515824507,0.1799163179916318,8.0,0.03606356968215159
0,2,43,F_decision,6,0.7657061880018895,-0.007085498346717012,0.06694560669456066,-15.0,0.028728606356968216
0,2,43,F_decision,7,0.7713745866792632,-0.0014170996693433358,0.15481171548117154,-3.0,0.04339853300733496
0,2,43,F_decision,8,0.769485120453472,-0.003306565895134561,0.11297071129707113,-7.0,0.035452322738386305
0,2,43,F_decision,9,0.7732640529050543,0.0004723665564477786,0.11715481171548117,1.0,0.02689486552567237
0,2,44,C_activity_raw,0,0.7028814359943315,0.002361832782238893,0.09593023255813954,5.0,0.024949426837491573
0,2,44,C_activity_raw,1,0.7009919697685405,0.0004723665564478896,0.07848837209302326,1.0,0.02899527983816588
0,2,44,C_activity_raw,2,0.7090222012281531,0.008502598016060459,0.09011627906976744,18.0,0.018880647336480108
0,2,44,C_activity_raw,3,0.7085498346717053,0.00803023145961268,0.06976744186046512,17.0,0.022926500337154418
0,2,44,C_activity_raw,4,0.7009919697685404,0.0004723665564477786,0.06686046511627906,1.0,0.024949426837491573
0,2,44,C_activity_raw,5,0.6905999055266887,-0.009919697685403905,0.09011627906976744,-21.0,0.03978422117329737
0,2,44,C_activity_raw,6,0.7203589985829004,0.01983939537080781,0.10465116279069768,42.0,0.013486176668914362
0,2,44,C_activity_raw,7,0.6910722720831365,-0.009447331128956127,0.06976744186046512,-20.0,0.03573836817262306
0,2,44,C_activity_raw,8,0.7156353330184223,0.015115729806329692,0.09883720930232558,32.0,0.020229265003371546
0,2,44,C_activity_raw,9,0.6839867737364195,-0.01653282947567314,0.06686046511627906,-35.0,0.04383007417397168
0,2,44,D_subject,0,0.7028814359943316,0.002361832782239004,0.07267441860465117,5.0,0.024949426837491573
0,2,44,D_subject,1,0.7085498346717052,0.008030231459612569,0.11337209302325581,17.0,0.02562373567093729
0,2,44,D_subject,2,0.7033538025507795,0.0028341993386868936,0.08139534883720931,6.0,0.026298044504383007
0,2,44,D_subject,3,0.7227208313651394,0.022201228153046815,0.15988372093023256,47.0,0.030343897505057317
0,2,44,D_subject,4,0.7142182333490789,0.013698630136986245,0.11627906976744186,29.0,0.03169251517194875
0,2,44,D_subject,5,0.6976854038734058,-0.0028341993386867825,0.07848837209302326,-6.0,0.03438975050573163
0,2,44,D_subject,6,0.707132735002362,0.006613131790269344,0.11627906976744186,14.0,0.03236682400539447
0,2,44,D_subject,7,0.7090222012281531,0.008502598016060459,0.11046511627906977,18.0,0.030343897505057317
0,2,44,D_subject,8,0.6976854038734057,-0.0028341993386868936,0.09593023255813954,-6.0,0.03236682400539447
0,2,44,D_subject,9,0.6773736419461502,-0.023145961265942372,0.11918604651162791,-49.0,0.07619689817936615
0,2,44,E_structured,0,0.7061880018894662,0.005668398677373565,0.15406976744186046,12.0,0.04315576534052596
0,2,44,E_structured,1,0.7009919697685404,0.0004723665564477786,0.10755813953488372,1.0,0.03506405933917734
0,2,44,E_structured,2,0.6967406707605102,-0.0037789324515824507,0.06976744186046512,-8.0,0.030343897505057317
0,2,44,E_structured,3,0.6915446386395844,-0.008974964572508237,0.05813953488372093,-19.0,0.033715441672285906
0,2,44,E_structured,4,0.6981577704298535,-0.002361832782239115,0.10465116279069768,-5.0,0.03438975050573163
0,2,44,E_structured,5,0.6915446386395844,-0.008974964572508237,0.055232558139534885,-19.0,0.033041132838840186
0,2,44,E_structured,6,0.6863486065186584,-0.014170996693434246,0.061046511627906974,-30.0,0.04248145650708024
0,2,44,E_structured,7,0.7179971658006614,0.017477562588568807,0.16279069767441862,37.0,0.030343897505057317
0,2,44,E_structured,8,0.7038261691072273,0.003306565895134672,0.125,7.0,0.037086985839514496
0,2,44,E_structured,9,0.6943788379782712,-0.006140765233821455,0.09302325581395349,-13.0,0.041132838840188805
0,2,44,F_decision,0,0.7255550307038261,0.025035427491733486,0.1569767441860465,53.0,0.016857720836142953
0,2,44,F_decision,1,0.6953235710911667,-0.0051960321209258975,0.046511627906976744,-11.0,0.028320971004720162
0,2,44,F_decision,2,0.7142182333490789,0.013698630136986245,0.15988372093023256,29.0,0.024949426837491573
0,2,44,F_decision,3,0.7047709022201228,0.004251299008030229,0.0755813953488372,9.0,0.020903573836817263
0,2,44,F_decision,4,0.718941898913557,0.018422295701464364,0.11918604651162791,39.0,0.016183412002697236
0,2,44,F_decision,5,0.7052432687765706,0.004723665564478008,0.07267441860465117,10.0,0.022926500337154418
0,2,44,F_decision,6,0.6953235710911667,-0.0051960321209258975,0.06395348837209303,-11.0,0.03641267700606878
0,2,44,F_decision,7,0.7076051015588097,0.007085498346717123,0.0872093023255814,15.0,0.020903573836817263
0,2,44,F_decision,8,0.7203589985829003,0.0198393953708077,0.15988372093023256,42.0,0.022926500337154418
0,2,44,F_decision,9,0.680207841284837,-0.02031176192725559,0.046511627906976744,-43.0,0.045853000674308836
1,0,42,C_activity_raw,0,0.6438535309503051,0.014821272885788939,0.1580188679245283,34.0,0.031185031185031187
1,0,42,C_activity_raw,1,0.622929380993897,-0.006102877070619073,0.0589622641509434,-14.0,0.03465003465003465
1,0,42,C_activity_raw,2,0.6325196163905842,0.0034873583260680574,0.14858490566037735,8.0,0.05128205128205128
1,0,42,C_activity_raw,3,0.6220575414123801,-0.006974716652136004,0.0589622641509434,-16.0,0.0395010395010395
1,0,42,C_activity_raw,4,0.6377506538796862,0.008718395815170088,0.09905660377358491,20.0,0.028413028413028413
1,0,42,C_activity_raw,5,0.6368788142981693,0.007846556233653157,0.07075471698113207,18.0,0.02079002079002079
1,0,42,C_activity_raw,6,0.6268526591107235,-0.0021795989537926053,0.07075471698113207,-5.0,0.03187803187803188
1,0,42,C_activity_raw,7,0.6299040976460331,0.0008718395815169311,0.09433962264150944,2.0,0.038808038808038806
1,0,42,C_activity_raw,8,0.6495204882301657,0.0204882301656496,0.125,47.0,0.019404019404019403
1,0,42,C_activity_raw,9,0.6368788142981691,0.007846556233652935,0.09669811320754718,18.0,0.02772002772002772
1,0,42,D_subject,0,0.6338273757628596,0.0047951176983435095,0.07311320754716981,11.0,0.02772002772002772
1,0,42,D_subject,1,0.6591107236268526,0.03007846556233651,0.24528301886792453,69.0,0.04158004158004158
1,0,42,D_subject,2,0.6277244986922406,-0.0013077593722755632,0.15330188679245282,-3.0,0.06999306999306999
1,0,42,D_subject,3,0.6329555361813427,0.0039232781168265785,0.12028301886792453,9.0,0.040194040194040194
1,0,42,D_subject,4,0.6647776809067132,0.03574542284219706,0.21933962264150944,82.0,0.028413028413028413
1,0,42,D_subject,5,0.6346992153443766,0.005666957279860441,0.1509433962264151,13.0,0.04712404712404712
1,0,42,D_subject,6,0.6224934612031385,-0.006538796861377594,0.14858490566037735,-15.0,0.06791406791406791
1,0,42,D_subject,7,0.638622493461203,0.009590235396686908,0.125,22.0,0.03465003465003465
1,0,42,D_subject,8,0.6333914559721011,0.0043591979075849885,0.10849056603773585,10.0,0.0492030492030492
1,0,42,D_subject,9,0.6438535309503051,0.014821272885788939,0.125,34.0,0.029106029106029108
1,0,42,E_structured,0,0.6364428945074107,0.007410636442894525,0.1391509433962264,17.0,0.04504504504504504
1,0,42,E_structured,1,0.6477768090671315,0.018744551002615406,0.19103773584905662,43.0,0.05058905058905059
1,0,42,E_structured,2,0.6216216216216216,-0.007410636442894525,0.05188679245283019,-17.0,0.0395010395010395
1,0,42,E_structured,3,0.6312118570183086,0.0021795989537924942,0.07783018867924528,5.0,0.0297990297990298
1,0,42,E_structured,4,0.6595466434176112,0.03051438535309503,0.2028301886792453,70.0,0.036036036036036036
1,0,42,E_structured,5,0.6251089799476897,-0.003923278116826467,0.11556603773584906,-9.0,0.05336105336105336
1,0,42,E_structured,6,0.6469049694856147,0.017872711421098586,0.14386792452830188,41.0,0.036729036729036726
1,0,42,E_structured,7,0.6495204882301657,0.0204882301656496,0.15330188679245282,47.0,0.036036036036036036
1,0,42,E_structured,8,0.6181342632955535,-0.010897994768962582,0.09669811320754718,-25.0,0.06306306306306306
1,0,42,E_structured,9,0.6290322580645161,0.0,0.07547169811320754,0.0,0.0395010395010395
1,0,42,F_decision,0,0.6499564080209241,0.02092414995640801,0.19811320754716982,48.0,0.04643104643104643
1,0,42,F_decision,1,0.6255448997384482,-0.0034873583260679464,0.11320754716981132,-8.0,0.05197505197505198
1,0,42,F_decision,2,0.6303400174367917,0.0013077593722755632,0.09905660377358491,3.0,0.04158004158004158
1,0,42,F_decision,3,0.6477768090671315,0.018744551002615406,0.14386792452830188,43.0,0.036729036729036726
1,0,42,F_decision,4,0.6464690496948562,0.017436791630340065,0.1509433962264151,40.0,0.035343035343035345
1,0,42,F_decision,5,0.6299040976460332,0.0008718395815170421,0.05188679245283019,2.0,0.02356202356202356
1,0,42,F_decision,6,0.640366172624237,0.011333914559720881,0.16273584905660377,26.0,0.058212058212058215
1,0,42,F_decision,7,0.6233653007846556,-0.005666957279860552,0.10613207547169812,-13.0,0.04712404712404712
1,0,42,F_decision,8,0.6438535309503051,0.014821272885788939,0.10849056603773585,34.0,0.02286902286902287
1,0,42,F_decision,9,0.6490845684394071,0.02005231037489097,0.19339622641509435,46.0,0.040887040887040885
1,0,43,C_activity_raw,0,0.6717523975588492,-0.009590235396686908,0.06567164179104477,-22.0,0.03966730646193218
1,0,43,C_activity_raw,1,0.7000871839581517,0.018744551002615628,0.14626865671641792,43.0,0.01983365323096609
1,0,43,C_activity_raw,2,0.6761115954664342,-0.00523103748910192,0.050746268656716415,-12.0,0.035188739603326934
1,0,43,C_activity_raw,3,0.6822144725370531,0.0008718395815170421,0.05373134328358209,2.0,0.01727447216890595
1,0,43,C_activity_raw,4,0.6756756756756758,-0.00566695727986033,0.10149253731343283,-13.0,0.037108125399872044
1,0,43,C_activity_raw,5,0.6787271142109852,-0.0026155187445509043,0.0626865671641791,-6.0,0.028790786948176585
1,0,43,C_activity_raw,6,0.6748038360941587,-0.006538796861377372,0.04776119402985075,-15.0,0.023032629558541268
1,0,43,C_activity_raw,7,0.6809067131647777,-0.00043591979075841003,0.10149253731343283,-1.0,0.03198976327575176
1,0,43,C_activity_raw,8,0.6704446381865735,-0.010897994768962582,0.04477611940298507,-25.0,0.028790786948176585
1,0,43,C_activity_raw,9,0.6734960767218832,-0.007846556233652935,0.04776119402985075,-18.0,0.02495201535508637
1,0,43,D_subject,0,0.6857018308631212,0.0043591979075850995,0.12238805970149254,10.0,0.03134996801023673
1,0,43,D_subject,1,0.6878814298169137,0.006538796861377594,0.10149253731343283,15.0,0.03902751119641715
1,0,43,D_subject,2,0.6791630340017437,-0.0021795989537923832,0.1373134328358209,-5.0,0.05182341650671785
1,0,43,D_subject,3,0.6804707933740192,-0.0008718395815169311,0.08955223880597014,-2.0,0.03966730646193218
1,0,43,D_subject,4,0.6809067131647777,-0.00043591979075841003,0.07164179104477612,-1.0,0.03134996801023673
1,0,43,D_subject,5,0.6817785527462947,0.0004359197907586321,0.10149253731343283,1.0,0.03134996801023673
1,0,43,D_subject,6,0.6804707933740191,-0.0008718395815170421,0.10746268656716418,-2.0,0.045425463851567496
1,0,43,D_subject,7,0.6647776809067131,-0.016564952048823023,0.10149253731343283,-38.0,0.06269993602047345
1,0,43,D_subject,8,0.6918047079337402,0.010462074978204061,0.1253731343283582,24.0,0.023672424824056303
1,0,43,D_subject,9,0.6870095902353966,0.005666957279860552,0.14328358208955225,13.0,0.04030710172744722
1,0,43,E_structured,0,0.6673931996512641,-0.013949433304272008,0.08955223880597014,-32.0,0.05566218809980806
1,0,43,E_structured,1,0.6730601569311248,-0.008282476024411345,0.041791044776119404,-19.0,0.03262955854126679
1,0,43,E_structured,2,0.6739319965126417,-0.007410636442894414,0.14029850746268657,-17.0,0.05118362124120281
1,0,43,E_structured,3,0.6909328683522232,0.00959023539668713,0.12238805970149254,22.0,0.028790786948176585
1,0,43,E_structured,4,0.6848299912816042,0.0034873583260680574,0.1582089552238806,8.0,0.04350607805502239
1,0,43,E_structured,5,0.6704446381865736,-0.010897994768962471,0.07761194029850746,-25.0,0.04670505438259757
1,0,43,E_structured,6,0.6778552746294682,-0.0034873583260679464,0.14626865671641792,-8.0,0.04734484964811261
1,0,43,E_structured,7,0.6617262423714035,-0.01961639058413256,0.07761194029850746,-45.0,0.05182341650671785
1,0,43,E_structured,8,0.6817785527462947,0.0004359197907586321,0.08358208955223881,1.0,0.025591810620601407
1,0,43,E_structured,9,0.6843940714908456,0.0030514385353095363,0.09253731343283582,7.0,0.02431222008957134
1,0,43,F_decision,0,0.6774193548387096,-0.003923278116826467,0.11343283582089553,-9.0,0.037747920665387076
1,0,43,F_decision,1,0.6752397558849171,-0.006102877070618962,0.1373134328358209,-14.0,0.04798464491362764
1,0,43,F_decision,2,0.6560592850915432,-0.02528334786399289,0.050746268656716415,-58.0,0.05566218809980806
1,0,43,F_decision,3,0.6752397558849171,-0.006102877070618962,0.07164179104477612,-14.0,0.037747920665387076
1,0,43,F_decision,4,0.6621621621621622,-0.019180470793373927,0.12835820895522387,-44.0,0.05950095969289827
1,0,43,F_decision,5,0.6965998256320837,0.01525719267654757,0.13134328358208955,35.0,0.01983365323096609
1,0,43,F_decision,6,0.6891891891891891,0.007846556233653046,0.10149253731343283,18.0,0.023032629558541268
1,0,43,F_decision,7,0.6904969485614647,0.009154315605928609,0.15522388059701492,21.0,0.04030710172744722
1,0,43,F_decision,8,0.6782911944202267,-0.0030514385353094253,0.14328358208955225,-7.0,0.044785668586052464
1,0,43,F_decision,9,0.6795989537925021,-0.0017436791630339732,0.06567164179104477,-4.0,0.030710172744721688
1,0,44,C_activity_raw,0,0.6647776809067132,-0.0030514385353095363,0.07073170731707316,-7.0,0.028720626631853787
1,0,44,C_activity_raw,1,0.6512641673931996,-0.016564952048823134,0.036585365853658534,-38.0,0.041122715404699736
1,0,44,C_activity_raw,2,0.6782911944202268,0.010462074978204061,0.1073170731707317,24.0,0.022845953002610966
1,0,44,C_activity_raw,3,0.6700087183958151,0.0021795989537923832,0.06097560975609756,5.0,0.0195822454308094
1,0,44,C_activity_raw,4,0.6687009590235397,0.0008718395815169311,0.05365853658536585,2.0,0.024151436031331592
1,0,44,C_activity_raw,5,0.6769834350479511,0.009154315605928387,0.09024390243902439,21.0,0.020234986945169713
1,0,44,C_activity_raw,6,0.6634699215344376,-0.0043591979075850995,0.041463414634146344,-10.0,0.028067885117493474
1,0,44,C_activity_raw,7,0.6525719267654752,-0.01525719267654757,0.041463414634146344,-35.0,0.047650130548302874
1,0,44,C_activity_raw,8,0.6634699215344377,-0.0043591979075849885,0.07073170731707316,-10.0,0.033942558746736295
1,0,44,C_activity_raw,9,0.6913687881429816,0.023539668700958916,0.13658536585365855,54.0,0.011096605744125326
1,0,44,D_subject,0,0.6573670444638187,-0.010462074978204061,0.07804878048780488,-24.0,0.04569190600522193
1,0,44,D_subject,1,0.6756756756756757,0.007846556233652935,0.10975609756097561,18.0,0.031331592689295036
1,0,44,D_subject,2,0.6665213600697472,-0.0013077593722755632,0.041463414634146344,-3.0,0.02154046997389034
1,0,44,D_subject,3,0.6665213600697472,-0.0013077593722755632,0.036585365853658534,-3.0,0.02349869451697128
1,0,44,D_subject,4,0.6551874455100262,-0.012641673931996555,0.04390243902439024,-29.0,0.0391644908616188
1,0,44,D_subject,5,0.6878814298169137,0.02005231037489097,0.1,46.0,0.022845953002610966
1,0,44,D_subject,6,0.6538796861377506,-0.013949433304272119,0.03414634146341464,-32.0,0.04177545691906005
1,0,44,D_subject,7,0.6782911944202267,0.01046207497820395,0.0951219512195122,24.0,0.025456919060052218
1,0,44,D_subject,8,0.6926765475152572,0.02484742807323448,0.15609756097560976,57.0,0.026762402088772844
1,0,44,D_subject,9,0.6979075850043591,0.0300784655623364,0.0951219512195122,69.0,0.015013054830287207
1,0,44,E_structured,0,0.6691368788142983,0.0013077593722755632,0.10975609756097561,3.0,0.03590078328981723
1,0,44,E_structured,1,0.6687009590235398,0.0008718395815170421,0.09024390243902439,2.0,0.034595300261096605
1,0,44,E_structured,2,0.6652136006974717,-0.0026155187445510153,0.036585365853658534,-6.0,0.018929503916449087
1,0,44,E_structured,3,0.6582388840453356,-0.00959023539668713,0.05609756097560976,-22.0,0.03524804177545692
1,0,44,E_structured,4,0.6852659110723627,0.017436791630339954,0.14146341463414633,40.0,0.02610966057441253
1,0,44,E_structured,5,0.6551874455100262,-0.012641673931996555,0.0975609756097561,-29.0,0.05483028720626632
1,0,44,E_structured,6,0.6621621621621622,-0.005666957279860552,0.12682926829268293,-13.0,0.05156657963446475
1,0,44,E_structured,7,0.6769834350479512,0.009154315605928498,0.1024390243902439,21.0,0.030026109660574413
1,0,44,E_structured,8,0.6508282476024412,-0.017000871839581544,0.06829268292682927,-39.0,0.06005221932114883
1,0,44,E_structured,9,0.6560592850915431,-0.011769834350479624,0.08780487804878048,-27.0,0.05352480417754569
1,0,44,F_decision,0,0.6612903225806452,-0.006538796861377483,0.1024390243902439,-15.0,0.05221932114882506
1,0,44,F_decision,1,0.6612903225806451,-0.006538796861377594,0.041463414634146344,-15.0,0.02741514360313316
1,0,44,F_decision,2,0.6530078465562337,-0.01482127288578905,0.03902439024390244,-34.0,0.03655352480417755
1,0,44,F_decision,3,0.6704446381865736,0.0026155187445509043,0.08292682926829269,6.0,0.0293733681462141
1,0,44,F_decision,4,0.6678291194420226,-1.1102230246251565e-16,0.05365853658536585,0.0,0.02349869451697128
1,0,44,F_decision,5,0.6617262423714037,-0.006102877070619073,0.07804878048780488,-14.0,0.038511749347258484
1,0,44,F_decision,6,0.6582388840453357,-0.009590235396687019,0.06829268292682927,-22.0,0.04503916449086162
1,0,44,F_decision,7,0.6717523975588492,0.003923278116826467,0.08780487804878048,9.0,0.024804177545691905
1,0,44,F_decision,8,0.6573670444638187,-0.010462074978204061,0.05853658536585366,-24.0,0.04046997389033943
1,0,44,F_decision,9,0.6617262423714037,-0.006102877070619073,0.036585365853658534,-14.0,0.024804177545691905
1,1,42,C_activity_raw,0,0.7752252252252253,0.003603603603603678,0.1566265060240964,8.0,0.033858727378867484
1,1,42,C_activity_raw,1,0.7815315315315315,0.00990990990990992,0.1285140562248996,22.0,0.01634559252772913
1,1,42,C_activity_raw,2,0.7725225225225225,0.0009009009009008917,0.08433734939759036,2.0,0.01634559252772913
1,1,42,C_activity_raw,3,0.7788288288288289,0.007207207207207245,0.14859437751004015,16.0,0.0198482194979568
1,1,42,C_activity_raw,4,0.768018018018018,-0.003603603603603678,0.08835341365461848,-8.0,0.021599532983070636
1,1,42,C_activity_raw,5,0.7644144144144144,-0.007207207207207245,0.08835341365461848,-16.0,0.027437244600116754
1,1,42,C_activity_raw,6,0.7662162162162162,-0.005405405405405461,0.10040160642570281,-12.0,0.0297723292469352
1,1,42,C_activity_raw,7,0.7576576576576576,-0.013963963963964043,0.10040160642570281,-31.0,0.03911266783420899
1,1,42,C_activity_raw,8,0.7738738738738739,0.0022522522522522292,0.1285140562248996,5.0,0.024518388791593695
1,1,42,C_activity_raw,9,0.7756756756756756,0.004054054054054013,0.13253012048192772,9.0,0.02276707530647986
1,1,42,D_subject,0,0.741891891891892,-0.029729729729729648,0.05220883534136546,-66.0,0.04903677758318739
1,1,42,D_subject,1,0.7608108108108108,-0.010810810810810811,0.11244979919678715,-24.0,0.03677758318739054
1,1,42,D_subject,2,0.7671171171171172,-0.0045045045045044585,0.11244979919678715,-10.0,0.03269118505545826
1,1,42,D_subject,3,0.772972972972973,0.0013513513513513375,0.13253012048192772,3.0,0.03269118505545826
1,1,42,D_subject,4,0.7427927927927929,-0.028828828828828756,0.04819277108433735,-64.0,0.05137186223000584
1,1,42,D_subject,5,0.7387387387387387,-0.03288288288288288,0.05220883534136546,-73.0,0.057209573847051956
1,1,42,D_subject,6,0.7500000000000001,-0.021621621621621512,0.05622489959839357,-48.0,0.040280210157618214
1,1,42,D_subject,7,0.7387387387387387,-0.03288288288288288,0.07630522088353414,-73.0,0.06071220081727963
1,1,42,D_subject,8,0.7666666666666667,-0.004954954954954904,0.05220883534136546,-11.0,0.020431990659661413
1,1,42,D_subject,9,0.7603603603603604,-0.011261261261261257,0.08433734939759036,-25.0,0.03269118505545826
1,1,42,E_structured,0,0.7702702702702703,-0.0013513513513513375,0.15261044176706828,-3.0,0.03327495621716287
1,1,42,E_structured,1,0.777927927927928,0.006306306306306353,0.17670682730923695,14.0,0.03327495621716287
1,1,42,E_structured,2,0.7486486486486487,-0.02297297297297296,0.10843373493975904,-51.0,0.05779334500875657
1,1,42,E_structured,3,0.7752252252252252,0.003603603603603567,0.1566265060240964,8.0,0.02918855808523059
1,1,42,E_structured,4,0.754054054054054,-0.01756756756756761,0.1285140562248996,-39.0,0.04903677758318739
1,1,42,E_structured,5,0.7567567567567568,-0.014864864864864824,0.10843373493975904,-33.0,0.04261529480443666
1,1,42,E_structured,6,0.7450450450450451,-0.026576576576576527,0.08032128514056225,-59.0,0.05545826036193812
1,1,42,E_structured,7,0.7851351351351351,0.013513513513513487,0.18072289156626506,30.0,0.021015761821366025
1,1,42,E_structured,8,0.768918918918919,-0.002702702702702675,0.20080321285140562,-6.0,0.040280210157618214
1,1,42,E_structured,9,0.7468468468468469,-0.024774774774774744,0.13654618473895583,-55.0,0.0595446584938704
1,1,42,F_decision,0,0.7653153153153154,-0.006306306306306242,0.12048192771084337,-14.0,0.03152364273204904
1,1,42,F_decision,1,0.7382882882882883,-0.033333333333333326,0.07630522088353414,-74.0,0.06187974314068885
1,1,42,F_decision,2,0.7558558558558559,-0.015765765765765716,0.11646586345381527,-35.0,0.05253940455341506
1,1,42,F_decision,3,0.7531531531531531,-0.018468468468468502,0.07228915662650602,-41.0,0.037361354349095155
1,1,42,F_decision,4,0.736036036036036,-0.035585585585585666,0.13253012048192772,-79.0,0.07180385288966724
1,1,42,F_decision,5,0.7770270270270271,0.005405405405405461,0.14457831325301204,12.0,0.030356100408639813
1,1,42,F_decision,6,0.7720720720720721,0.00045045045045044585,0.09236947791164658,1.0,0.023350846468184472
1,1,42,F_decision,7,0.7558558558558559,-0.015765765765765716,0.11646586345381527,-35.0,0.04786923525977817
1,1,42,F_decision,8,0.7630630630630632,-0.008558558558558471,0.1285140562248996,-19.0,0.03561004086398132
1,1,42,F_decision,9,0.7567567567567568,-0.014864864864864824,0.1606425702811245,-33.0,0.05545826036193812
1,1,43,C_activity_raw,0,0.704954954954955,0.002702702702702786,0.05504587155963303,6.0,0.01731879409878127
1,1,43,C_activity_raw,1,0.7022522522522523,1.1102230246251565e-16,0.07339449541284404,0.0,0.025657472738935216
1,1,43,C_activity_raw,2,0.6918918918918919,-0.010360360360360255,0.07568807339449542,-23.0,0.042334830019243104
1,1,43,C_activity_raw,3,0.7054054054054054,0.003153153153153232,0.11926605504587157,7.0,0.03527902501603592
1,1,43,C_activity_raw,4,0.7022522522522523,1.1102230246251565e-16,0.11009174311926606,0.0,0.03784477228992944
1,1,43,C_activity_raw,5,0.7117117117117117,0.009459459459459474,0.10321100917431193,21.0,0.023733162283515075
1,1,43,C_activity_raw,6,0.7117117117117117,0.009459459459459474,0.12844036697247707,21.0,0.024374599101988453
1,1,43,C_activity_raw,7,0.7040540540540541,0.0018018018018018944,0.052752293577981654,4.0,0.015394483643361129
1,1,43,C_activity_raw,8,0.6945945945945946,-0.0076576576576575794,0.052752293577981654,-17.0,0.03848620910840282
1,1,43,C_activity_raw,9,0.6981981981981983,-0.004054054054053902,0.0871559633027523,-9.0,0.03720333547145606
1,1,43,D_subject,0,0.718018018018018,0.015765765765765827,0.11697247706422019,35.0,0.025657472738935216
1,1,43,D_subject,1,0.713963963963964,0.011711711711711814,0.18577981651376146,26.0,0.05131494547787043
1,1,43,D_subject,2,0.7004504504504505,-0.0018018018018016724,0.0963302752293578,-4.0,0.0359204618345093
1,1,43,D_subject,3,0.6887387387387387,-0.013513513513513487,0.08256880733944955,-30.0,0.05003207184092367
1,1,43,D_subject,4,0.6828828828828829,-0.019369369369369283,0.0481651376146789,-43.0,0.04810776138550353
1,1,43,D_subject,5,0.6855855855855856,-0.016666666666666607,0.05733944954128441,-37.0,0.045542014111610005
1,1,43,D_subject,6,0.7031531531531532,0.0009009009009010027,0.11238532110091744,2.0,0.039769082745349585
1,1,43,D_subject,7,0.7009009009009008,-0.0013513513513513375,0.11697247706422019,-3.0,0.0391276459268762
1,1,43,D_subject,8,0.6945945945945946,-0.0076576576576575794,0.08027522935779817,-17.0,0.03720333547145606
1,1,43,D_subject,9,0.7135135135135136,0.011261261261261368,0.11926605504587157,25.0,0.025016035920461834
1,1,43,E_structured,0,0.7103603603603604,0.008108108108108247,0.11238532110091744,18.0,0.027581783194355357
1,1,43,E_structured,1,0.7189189189189189,0.01666666666666672,0.15137614678899083,37.0,0.030147530468248876
1,1,43,E_structured,2,0.7265765765765766,0.02432432432432441,0.13990825688073394,54.0,0.013470173187940988
1,1,43,E_structured,3,0.7189189189189189,0.01666666666666672,0.1536697247706422,37.0,0.03335471456061578
1,1,43,E_structured,4,0.7054054054054055,0.003153153153153343,0.11238532110091744,7.0,0.03335471456061578
1,1,43,E_structured,5,0.7198198198198199,0.01756756756756772,0.1628440366972477,39.0,0.028864656831302116
1,1,43,E_structured,6,0.7031531531531532,0.0009009009009010027,0.10550458715596331,2.0,0.03463758819756254
1,1,43,E_structured,7,0.6806306306306307,-0.021621621621621512,0.06422018348623854,-48.0,0.0654265554842848
1,1,43,E_structured,8,0.7022522522522522,0.0,0.05733944954128441,0.0,0.021167415009621552
1,1,43,E_structured,9,0.6981981981981982,-0.004054054054054013,0.05733944954128441,-9.0,0.03335471456061578
1,1,43,F_decision,0,0.7175675675675675,0.01531531531531527,0.1628440366972477,34.0,0.0359204618345093
1,1,43,F_decision,1,0.6936936936936937,-0.008558558558558471,0.06422018348623854,-19.0,0.03784477228992944
1,1,43,F_decision,2,0.7067567567567568,0.0045045045045045695,0.10550458715596331,10.0,0.030147530468248876
1,1,43,F_decision,3,0.7004504504504505,-0.0018018018018016724,0.11467889908256881,-4.0,0.042334830019243104
1,1,43,F_decision,4,0.726126126126126,0.023873873873873852,0.18577981651376146,53.0,0.027581783194355357
1,1,43,F_decision,5,0.7031531531531531,0.0009009009009008917,0.08486238532110092,2.0,0.030788967286722257
1,1,43,F_decision,6,0.7058558558558559,0.003603603603603678,0.0871559633027523,8.0,0.026940346375881975
1,1,43,F_decision,7,0.7121621621621621,0.00990990990990992,0.12844036697247707,22.0,0.04169339320076972
1,1,43,F_decision,8,0.700900900900901,-0.0013513513513512265,0.11238532110091744,-3.0,0.042976266837716486
1,1,43,F_decision,9,0.7157657657657659,0.013513513513513709,0.11697247706422019,30.0,0.021808851828094934
1,1,44,C_activity_raw,0,0.7184684684684685,-0.013063063063063152,0.02997275204359673,-29.0,0.03078817733990148
1,1,44,C_activity_raw,1,0.726126126126126,-0.005405405405405572,0.07084468664850137,-12.0,0.03140394088669951
1,1,44,C_activity_raw,2,0.7360360360360361,0.0045045045045044585,0.0681198910081744,10.0,0.022167487684729065
1,1,44,C_activity_raw,3,0.7306306306306306,-0.0009009009009010027,0.043596730245231606,-2.0,0.0166256157635468
1,1,44,C_activity_raw,4,0.7391891891891892,0.0076576576576575794,0.05722070844686648,17.0,0.008004926108374385
1,1,44,C_activity_raw,5,0.7324324324324324,0.0009009009009007807,0.051771117166212535,2.0,0.020935960591133004
1,1,44,C_activity_raw,6,0.713063063063063,-0.018468468468468613,0.035422343324250684,-41.0,0.03571428571428571
1,1,44,C_activity_raw,7,0.7256756756756757,-0.005855855855855907,0.07901907356948229,-13.0,0.027093596059113302
1,1,44,C_activity_raw,8,0.7193693693693693,-0.01216216216216226,0.02997275204359673,-27.0,0.027093596059113302
1,1,44,C_activity_raw,9,0.7432432432432433,0.011711711711711703,0.08446866485013624,26.0,0.013546798029556651
1,1,44,D_subject,0,0.7207207207207207,-0.010810810810810922,0.04904632152588556,-24.0,0.03201970443349754
1,1,44,D_subject,1,0.704954954954955,-0.026576576576576638,0.06267029972752043,-59.0,0.05295566502463054
1,1,44,D_subject,2,0.7238738738738739,-0.0076576576576576905,0.0681198910081744,-17.0,0.033866995073891626
1,1,44,D_subject,3,0.7310810810810812,-0.00045045045045044585,0.05449591280653951,-1.0,0.020935960591133004
1,1,44,D_subject,4,0.7378378378378379,0.006306306306306242,0.10626702997275204,14.0,0.022783251231527094
1,1,44,D_subject,5,0.7198198198198199,-0.011711711711711703,0.051771117166212535,-26.0,0.03201970443349754
1,1,44,D_subject,6,0.7207207207207207,-0.010810810810810922,0.04087193460490463,-24.0,0.033866995073891626
1,1,44,D_subject,7,0.7189189189189189,-0.012612612612612706,0.04904632152588556,-28.0,0.034482758620689655
1,1,44,D_subject,8,0.7247747747747748,-0.006756756756756799,0.01907356948228883,-15.0,0.017241379310344827
1,1,44,D_subject,9,0.7301801801801803,-0.0013513513513513375,0.1008174386920981,-3.0,0.035098522167487683
1,1,44,E_structured,0,0.7171171171171171,-0.01441441441441449,0.04087193460490463,-32.0,0.03571428571428571
1,1,44,E_structured,1,0.7171171171171171,-0.01441441441441449,0.0653950953678474,-32.0,0.04125615763546798
1,1,44,E_structured,2,0.7319819819819819,0.00045045045045033483,0.0681198910081744,1.0,0.024630541871921183
1,1,44,E_structured,3,0.7076576576576576,-0.023873873873873963,0.051771117166212535,-53.0,0.0480295566502463
1,1,44,E_structured,4,0.7274774774774776,-0.004054054054054013,0.08991825613079019,-9.0,0.03694581280788178
1,1,44,E_structured,5,0.7216216216216217,-0.00990990990990992,0.05994550408719346,-22.0,0.03263546798029557
1,1,44,E_structured,6,0.7337837837837838,0.0022522522522522292,0.11716621253405994,5.0,0.035098522167487683
1,1,44,E_structured,7,0.7054054054054055,-0.02612612612612608,0.04087193460490463,-58.0,0.04741379310344827
1,1,44,E_structured,8,0.7333333333333333,0.0018018018018016724,0.1008174386920981,4.0,0.03078817733990148
1,1,44,E_structured,9,0.7085585585585585,-0.02297297297297307,0.02997275204359673,-51.0,0.042487684729064036
1,1,44,F_decision,0,0.7234234234234235,-0.008108108108108136,0.04632152588555858,-18.0,0.024630541871921183
1,1,44,F_decision,1,0.7274774774774775,-0.004054054054054124,0.02452316076294278,-9.0,0.017241379310344827
1,1,44,F_decision,2,0.7175675675675676,-0.013963963963964043,0.0326975476839237,-31.0,0.03017241379310345
1,1,44,F_decision,3,0.7220720720720721,-0.009459459459459474,0.04904632152588556,-21.0,0.03140394088669951
1,1,44,F_decision,4,0.7054054054054053,-0.026126126126126303,0.03814713896457766,-58.0,0.05110837438423645
1,1,44,F_decision,5,0.7481981981981981,0.016666666666666496,0.13896457765667575,37.0,0.01539408866995074
1,1,44,F_decision,6,0.7243243243243244,-0.007207207207207245,0.05994550408719346,-16.0,0.033866995073891626
1,1,44,F_decision,7,0.7198198198198198,-0.011711711711711814,0.0653950953678474,-26.0,0.03940886699507389
1,1,44,F_decision,8,0.7193693693693695,-0.012162162162162149,0.035422343324250684,-27.0,0.03201970443349754
1,1,44,F_decision,9,0.718018018018018,-0.013513513513513598,0.03814713896457766,-30.0,0.03017241379310345
1,2,42,C_activity_raw,0,0.7123287671232877,0.009589041095890427,0.11413043478260869,21.0,0.029239766081871343
1,2,42,C_activity_raw,1,0.7141552511415526,0.011415525114155334,0.08695652173913043,25.0,0.018843404808317088
1,2,42,C_activity_raw,2,0.7036529680365297,0.0009132420091323423,0.09782608695652174,2.0,0.03573749187784275
1,2,42,C_activity_raw,3,0.6662100456621004,-0.03652968036529691,0.07065217391304347,-80.0,0.07212475633528265
1,2,42,C_activity_raw,4,0.7018264840182649,-0.0009132420091324533,0.10326086956521739,-2.0,0.037037037037037035
1,2,42,C_activity_raw,5,0.6899543378995434,-0.012785388127853903,0.09239130434782608,-28.0,0.050682261208576995
1,2,42,C_activity_raw,6,0.6872146118721462,-0.015525114155251152,0.06793478260869565,-34.0,0.044184535412605586
1,2,42,C_activity_raw,7,0.7337899543378995,0.031050228310502193,0.23641304347826086,68.0,0.02729044834307992
1,2,42,C_activity_raw,8,0.7105022831050228,0.00776255707762552,0.059782608695652176,17.0,0.010396361273554255
1,2,42,C_activity_raw,9,0.7059360730593607,0.0031963470319633647,0.11684782608695653,7.0,0.03443794671864847
1,2,42,D_subject,0,0.7319634703196347,0.029223744292237397,0.18206521739130435,64.0,0.02014294996751137
1,2,42,D_subject,1,0.7082191780821918,0.005479452054794498,0.08967391304347826,12.0,0.028589993502274202
1,2,42,D_subject,2,0.708675799086758,0.005936073059360725,0.14130434782608695,13.0,0.04158544509421702
1,2,42,D_subject,3,0.7369863013698631,0.03424657534246578,0.1983695652173913,75.0,0.018193632228719947
1,2,42,D_subject,4,0.6917808219178082,-0.010958904109589107,0.057065217391304345,-24.0,0.03378817413905133
1,2,42,D_subject,5,0.7264840182648402,0.0237442922374429,0.19293478260869565,52.0,0.03248862897985705
1,2,42,D_subject,6,0.7109589041095892,0.008219178082191858,0.09782608695652174,18.0,0.024691358024691357
1,2,42,D_subject,7,0.719634703196347,0.01689497716894972,0.10054347826086957,37.0,0.014944769330734242
1,2,42,D_subject,8,0.7009132420091324,-0.0018264840182649067,0.11684782608695653,-4.0,0.03898635477582846
1,2,42,D_subject,9,0.6894977168949772,-0.01324200913242013,0.05434782608695652,-29.0,0.04093567251461988
1,2,42,E_structured,0,0.6986301369863014,-0.004109589041095929,0.09782608695652174,-9.0,0.03833658219623132
1,2,42,E_structured,1,0.6876712328767124,-0.015068493150684925,0.0625,-33.0,0.04678362573099415
1,2,42,E_structured,2,0.6977168949771689,-0.005022831050228382,0.059782608695652176,-11.0,0.037037037037037035
1,2,42,E_structured,3,0.704566210045662,0.0018264840182646847,0.08152173913043478,4.0,0.03573749187784275
1,2,42,E_structured,4,0.6899543378995434,-0.012785388127853903,0.08695652173913043,-28.0,0.04483430799220273
1,2,42,E_structured,5,0.6995433789954338,-0.0031963470319634757,0.08152173913043478,-7.0,0.029889538661468484
1,2,42,E_structured,6,0.7127853881278539,0.010045662100456543,0.09782608695652174,22.0,0.02014294996751137
1,2,42,E_structured,7,0.6936073059360731,-0.0091324200913242,0.06793478260869565,-20.0,0.03898635477582846
1,2,42,E_structured,8,0.6954337899543379,-0.007305936073059405,0.08967391304347826,-16.0,0.04223521767381416
1,2,42,E_structured,9,0.7273972602739726,0.02465753424657524,0.15760869565217392,54.0,0.024691358024691357
1,2,42,F_decision,0,0.7164383561643836,0.013698630136986245,0.17391304347826086,30.0,0.04158544509421702
1,2,42,F_decision,1,0.7009132420091324,-0.0018264840182649067,0.10869565217391304,-4.0,0.04223521767381416
1,2,42,F_decision,2,0.6863013698630136,-0.016438356164383716,0.08423913043478261,-36.0,0.05588044184535412
1,2,42,F_decision,3,0.7009132420091324,-0.0018264840182649067,0.06521739130434782,-4.0,0.025341130604288498
1,2,42,F_decision,4,0.6945205479452055,-0.008219178082191858,0.11684782608695653,-18.0,0.05198180636777128
1,2,42,F_decision,5,0.7050228310502283,0.0022831050228310223,0.11684782608695653,5.0,0.03508771929824561
1,2,42,F_decision,6,0.7050228310502283,0.0022831050228310223,0.06521739130434782,5.0,0.021442495126705652
1,2,42,F_decision,7,0.6675799086757991,-0.03515981735159823,0.08695652173913043,-77.0,0.0792722547108512
1,2,42,F_decision,8,0.6958904109589041,-0.006849315068493178,0.17391304347826086,-15.0,0.0649772579597141
1,2,42,F_decision,9,0.7031963470319634,0.00045662100456611565,0.09239130434782608,1.0,0.030539311241065625
1,2,43,C_activity_raw,0,0.6931506849315069,-0.011415525114155223,0.05486284289276808,-25.0,0.03823720025923526
1,2,43,C_activity_raw,1,0.7315068493150685,0.026940639269406375,0.20199501246882792,59.0,0.019442644199611146
1,2,43,C_activity_raw,2,0.7205479452054794,0.015981735159817267,0.10224438902743142,35.0,0.02138690861957226
1,2,43,C_activity_raw,3,0.7337899543378995,0.029223744292237397,0.18204488778054864,64.0,0.023979261179520414
1,2,43,C_activity_raw,4,0.719634703196347,0.015068493150684925,0.11471321695760599,33.0,0.026571613739468567
1,2,43,C_activity_raw,5,0.7155251141552511,0.010958904109588996,0.12718204488778054,24.0,0.023331173039533377
1,2,43,C_activity_raw,6,0.7141552511415525,0.009589041095890427,0.07231920199501247,21.0,0.012313674659753726
1,2,43,C_activity_raw,7,0.7095890410958904,0.005022831050228271,0.06733167082294264,11.0,0.02268308489954634
1,2,43,C_activity_raw,8,0.7132420091324201,0.008675799086757974,0.09975062344139651,19.0,0.027867790019442645
1,2,43,C_activity_raw,9,0.7205479452054795,0.01598173515981738,0.10224438902743142,35.0,0.02268308489954634
1,2,43,D_subject,0,0.7251141552511415,0.020547945205479423,0.14463840399002495,45.0,0.034348671419313026
1,2,43,D_subject,1,0.6990867579908676,-0.005479452054794498,0.10473815461346633,-12.0,0.04082955281918341
1,2,43,D_subject,2,0.7228310502283105,0.0182648401826484,0.09476309226932668,40.0,0.012313674659753726
1,2,43,D_subject,3,0.7210045662100456,0.016438356164383494,0.09476309226932668,36.0,0.01101749837977965
1,2,43,D_subject,4,0.7141552511415525,0.009589041095890427,0.08229426433915212,21.0,0.020738820479585224
1,2,43,D_subject,5,0.7223744292237443,0.017808219178082174,0.14713216957605985,39.0,0.03240440699935191
1,2,43,D_subject,6,0.7214611872146118,0.01689497716894972,0.12718204488778054,37.0,0.023979261179520414
1,2,43,D_subject,7,0.7392694063926941,0.034703196347032006,0.20947630922693267,76.0,0.0304601425793908
1,2,43,D_subject,8,0.715068493150685,0.01050228310502288,0.10473815461346633,23.0,0.03240440699935191
1,2,43,D_subject,9,0.7200913242009133,0.015525114155251152,0.14214463840399003,34.0,0.027867790019442645
1,2,43,E_structured,0,0.6885844748858447,-0.01598173515981738,0.06982543640897755,-35.0,0.0492546986390149
1,2,43,E_structured,1,0.7337899543378995,0.029223744292237397,0.16209476309226933,64.0,0.01814646791963707
1,2,43,E_structured,2,0.7579908675799087,0.05342465753424663,0.23192019950124687,117.0,0.009073233959818535
1,2,43,E_structured,3,0.7378995433789954,0.033333333333333326,0.14962593516209477,73.0,0.018794556059624108
1,2,43,E_structured,4,0.7410958904109589,0.0365296803652968,0.2144638403990025,80.0,0.018794556059624108
1,2,43,E_structured,5,0.728310502283105,0.0237442922374429,0.14214463840399003,52.0,0.013609850939727802
1,2,43,E_structured,6,0.6885844748858448,-0.015981735159817267,0.09476309226932668,-35.0,0.05508749189889825
1,2,43,E_structured,7,0.7310502283105023,0.026484018264840148,0.16458852867830423,58.0,0.019442644199611146
1,2,43,E_structured,8,0.7,-0.004566210045662156,0.08229426433915212,-10.0,0.04342190537913156
1,2,43,E_structured,9,0.7310502283105023,0.026484018264840148,0.18204488778054864,58.0,0.027867790019442645
1,2,43,F_decision,0,0.7041095890410958,-0.0004566210045663377,0.16957605985037408,-1.0,0.056383668178872325
1,2,43,F_decision,1,0.7159817351598174,0.011415525114155334,0.11471321695760599,25.0,0.02462734931950745
1,2,43,F_decision,2,0.7388127853881278,0.03424657534246567,0.20698254364089774,75.0,0.031756318859364877
1,2,43,F_decision,3,0.7136986301369863,0.0091324200913242,0.08728179551122195,20.0,0.033700583279325985
1,2,43,F_decision,4,0.7141552511415525,0.009589041095890427,0.10473815461346633,21.0,0.0304601425793908
1,2,43,F_decision,5,0.7082191780821919,0.0036529680365298134,0.08478802992518704,8.0,0.025275437459494492
1,2,43,F_decision,6,0.7123287671232876,0.00776255707762552,0.1571072319201995,17.0,0.0440699935191186
1,2,43,F_decision,7,0.7132420091324202,0.008675799086758085,0.10224438902743142,19.0,0.020090732339598186
1,2,43,F_decision,8,0.7305936073059361,0.026027397260274032,0.14713216957605985,57.0,0.02916396629941672
1,2,43,F_decision,9,0.6981735159817353,-0.00639269406392684,0.06234413965087282,-14.0,0.03240440699935191
1,2,44,C_activity_raw,0,0.6447488584474885,0.0018264840182646847,0.11529411764705882,4.0,0.05397727272727273
1,2,44,C_activity_raw,1,0.6479452054794521,0.005022831050228271,0.08941176470588236,11.0,0.030539772727272728
1,2,44,C_activity_raw,2,0.6529680365296804,0.010045662100456543,0.05647058823529412,22.0,0.014204545454545454
1,2,44,C_activity_raw,3,0.6273972602739726,-0.015525114155251263,0.03058823529411765,-34.0,0.04332386363636364
1,2,44,C_activity_raw,4,0.6328767123287671,-0.010045662100456765,0.04941176470588235,-22.0,0.0390625
1,2,44,C_activity_raw,5,0.654337899543379,0.011415525114155112,0.06588235294117648,25.0,0.015625
1,2,44,C_activity_raw,6,0.6273972602739726,-0.015525114155251263,0.03764705882352941,-34.0,0.04190340909090909
1,2,44,C_activity_raw,7,0.6264840182648402,-0.016438356164383605,0.03764705882352941,-36.0,0.04758522727272727
1,2,44,C_activity_raw,8,0.6497716894977169,0.006849315068493067,0.07058823529411765,15.0,0.019886363636363636
1,2,44,C_activity_raw,9,0.639269406392694,-0.0036529680365298134,0.04941176470588235,-8.0,0.02911931818181818
1,2,44,D_subject,0,0.6438356164383562,0.0009132420091323423,0.08235294117647059,2.0,0.036931818181818184
1,2,44,D_subject,1,0.6575342465753425,0.014611872146118698,0.10823529411764705,32.0,0.026988636363636364
1,2,44,D_subject,2,0.6511415525114155,0.008219178082191636,0.0988235294117647,18.0,0.030539772727272728
1,2,44,D_subject,3,0.6310502283105024,-0.01187214611872145,0.03529411764705882,-26.0,0.037642045454545456
1,2,44,D_subject,4,0.6315068493150685,-0.011415525114155334,0.07058823529411765,-25.0,0.04403409090909091
1,2,44,D_subject,5,0.6374429223744292,-0.005479452054794609,0.09411764705882353,-12.0,0.04758522727272727
1,2,44,D_subject,6,0.636986301369863,-0.005936073059360836,0.042352941176470586,-13.0,0.03835227272727273
1,2,44,D_subject,7,0.6438356164383563,0.0009132420091324533,0.09647058823529411,2.0,0.04616477272727273
1,2,44,D_subject,8,0.6497716894977169,0.006849315068493067,0.06352941176470588,15.0,0.026988636363636364
1,2,44,D_subject,9,0.6529680365296804,0.010045662100456543,0.08470588235294117,22.0,0.024147727272727272
1,2,44,E_structured,0,0.6721461187214611,0.029223744292237286,0.15764705882352942,64.0,0.02556818181818182
1,2,44,E_structured,1,0.6529680365296804,0.010045662100456543,0.07058823529411765,22.0,0.02130681818181818
1,2,44,E_structured,2,0.6251141552511416,-0.017808219178082285,0.07529411764705882,-39.0,0.06392045454545454
1,2,44,E_structured,3,0.6410958904109589,-0.0018264840182649067,0.09176470588235294,-4.0,0.05042613636363636
1,2,44,E_structured,4,0.6616438356164382,0.018721461187214405,0.08470588235294117,41.0,0.014914772727272728
1,2,44,E_structured,5,0.6273972602739726,-0.015525114155251263,0.04,-34.0,0.048295454545454544
1,2,44,E_structured,6,0.6347031963470319,-0.008219178082191969,0.0611764705882353,-18.0,0.04758522727272727
1,2,44,E_structured,7,0.6547945205479452,0.011872146118721338,0.08470588235294117,26.0,0.024857954545454544
1,2,44,E_structured,8,0.6041095890410959,-0.038812785388127935,0.047058823529411764,-85.0,0.09232954545454546
1,2,44,E_structured,9,0.6205479452054795,-0.02237442922374433,0.05176470588235294,-49.0,0.061079545454545456
1,2,44,F_decision,0,0.6529680365296804,0.010045662100456543,0.07529411764705882,22.0,0.02130681818181818
1,2,44,F_decision,1,0.6575342465753424,0.014611872146118587,0.09411764705882353,32.0,0.03196022727272727
1,2,44,F_decision,2,0.6415525114155252,-0.00136986301369868,0.09411764705882353,-3.0,0.04403409090909091
1,2,44,F_decision,3,0.6547945205479452,0.011872146118721338,0.11294117647058824,26.0,0.03622159090909091
1,2,44,F_decision,4,0.6584474885844749,0.01552511415525104,0.13176470588235295,34.0,0.03480113636363636
1,2,44,F_decision,5,0.645662100456621,0.002739726027397138,0.08470588235294117,6.0,0.03551136363636364
1,2,44,F_decision,6,0.6484018264840182,0.005479452054794387,0.08941176470588236,12.0,0.032670454545454544
1,2,44,F_decision,7,0.6424657534246575,-0.0004566210045663377,0.04,-1.0,0.02556818181818182
1,2,44,F_decision,8,0.6575342465753425,0.014611872146118698,0.11058823529411765,32.0,0.029829545454545456
1,2,44,F_decision,9,0.64337899543379,0.00045662100456611565,0.0611764705882353,1.0,0.029829545454545456
2,0,42,C_activity_raw,0,0.7105492589363557,-0.0017436791630340842,0.08239700374531835,-4.0,0.030599755201958383
2,0,42,C_activity_raw,1,0.7083696599825633,-0.003923278116826467,0.03745318352059925,-9.0,0.01835985312117503
2,0,42,C_activity_raw,2,0.7144725370531821,0.0021795989537923832,0.10861423220973783,5.0,0.03733170134638923
2,0,42,C_activity_raw,3,0.7066259808195292,-0.005666957279860552,0.056179775280898875,-13.0,0.02876376988984088
2,0,42,C_activity_raw,4,0.7205754141238012,0.008282476024411456,0.09363295880149813,19.0,0.014687882496940025
2,0,42,C_activity_raw,5,0.7061900610287707,-0.006102877070619073,0.07865168539325842,-14.0,0.033047735618115054
2,0,42,C_activity_raw,6,0.7214472537053183,0.009154315605928498,0.13108614232209737,21.0,0.02876376988984088
2,0,42,C_activity_raw,7,0.7170880557977333,0.0047951176983435095,0.0749063670411985,11.0,0.021419828641370868
2,0,42,C_activity_raw,8,0.7136006974716652,0.0013077593722754521,0.10112359550561797,3.0,0.027539779681762546
2,0,42,C_activity_raw,9,0.703138622493461,-0.00915431560592872,0.08614232209737828,-21.0,0.04039167686658507
2,0,42,D_subject,0,0.6726242371403662,-0.03966870095902353,0.10486891385767791,-91.0,0.08873929008567931
2,0,42,D_subject,1,0.6870095902353968,-0.025283347863993,0.0898876404494382,-58.0,0.06793145654834762
2,0,42,D_subject,2,0.7153443766346992,0.0030514385353094253,0.15355805243445692,7.0,0.04100367197062423
2,0,42,D_subject,3,0.7066259808195291,-0.005666957279860663,0.10861423220973783,-13.0,0.037943696450428395
2,0,42,D_subject,4,0.7040104620749782,-0.008282476024411567,0.04868913857677903,-19.0,0.027539779681762546
2,0,42,D_subject,5,0.7066259808195292,-0.005666957279860552,0.07116104868913857,-13.0,0.02692778457772338
2,0,42,D_subject,6,0.7074978204010461,-0.0047951176983436206,0.14232209737827714,-11.0,0.03733170134638923
2,0,42,D_subject,7,0.7384481255448998,0.026155187445510042,0.149812734082397,60.0,0.015299877600979192
2,0,42,D_subject,8,0.7005231037489102,-0.011769834350479513,0.08614232209737828,-27.0,0.04957160342717258
2,0,42,D_subject,9,0.7210113339145597,0.008718395815169977,0.1760299625468165,20.0,0.038555691554467565
2,0,42,E_structured,0,0.7070619006102877,-0.005231037489102031,0.0749063670411985,-12.0,0.03182374541003672
2,0,42,E_structured,1,0.7205754141238012,0.008282476024411456,0.149812734082397,19.0,0.02631578947368421
2,0,42,E_structured,2,0.7101133391455973,-0.0021795989537924942,0.06741573033707865,-5.0,0.02937576499388005
2,0,42,E_structured,3,0.7092414995640801,-0.0030514385353096474,0.052434456928838954,-7.0,0.021419828641370868
2,0,42,E_structured,4,0.7201394943330428,0.007846556233653046,0.14232209737827714,18.0,0.02692778457772338
2,0,42,E_structured,5,0.7131647776809068,0.0008718395815170421,0.0749063670411985,2.0,0.031211750305997554
2,0,42,E_structured,6,0.7092414995640801,-0.0030514385353096474,0.08614232209737828,-7.0,0.031211750305997554
2,0,42,E_structured,7,0.6996512641673931,-0.012641673931996666,0.12359550561797752,-29.0,0.05324357405140759
2,0,42,E_structured,8,0.7070619006102877,-0.005231037489102031,0.0599250936329588,-12.0,0.02447980416156671
2,0,42,E_structured,9,0.6913687881429816,-0.020924149956408122,0.0449438202247191,-48.0,0.05507955936352509
2,0,42,F_decision,0,0.7040104620749782,-0.008282476024411567,0.14232209737827714,-19.0,0.05569155446756426
2,0,42,F_decision,1,0.7079337401918048,-0.0043591979075849885,0.08614232209737828,-10.0,0.03427172582619339
2,0,42,F_decision,2,0.7275501307759372,0.01525719267654746,0.1797752808988764,35.0,0.031211750305997554
2,0,42,F_decision,3,0.7231909328683522,0.010897994768962471,0.1760299625468165,25.0,0.04589963280293757
2,0,42,F_decision,4,0.7040104620749783,-0.008282476024411456,0.06367041198501873,-19.0,0.04039167686658507
2,0,42,F_decision,5,0.7118570183086312,-0.00043591979075852105,0.10112359550561797,-1.0,0.028151774785801713
2,0,42,F_decision,6,0.7092414995640802,-0.0030514385353095363,0.12734082397003746,-7.0,0.04528763769889841
2,0,42,F_decision,7,0.7345248474280732,0.022231909328683463,0.17228464419475656,51.0,0.025091799265605876
2,0,42,F_decision,8,0.7018308631211858,-0.01046207497820395,0.11235955056179775,-24.0,0.047123623011015914
2,0,42,F_decision,9,0.7092414995640801,-0.0030514385353096474,0.06367041198501873,-7.0,0.028151774785801713
2,0,43,C_activity_raw,0,0.6669572798605057,-0.019180470793373927,0.08125,-44.0,0.04701397712833545
2,0,43,C_activity_raw,1,0.6765475152571926,-0.009590235396687019,0.071875,-22.0,0.033672172808132145
2,0,43,C_activity_raw,2,0.6756756756756757,-0.01046207497820395,0.046875,-24.0,0.026683608640406607
2,0,43,C_activity_raw,3,0.6791630340017436,-0.006974716652136004,0.053125,-16.0,0.029224904701397714
2,0,43,C_activity_raw,4,0.6874455100261552,0.0013077593722755632,0.11875,3.0,0.03303684879288437
2,0,43,C_activity_raw,5,0.6817785527462947,-0.0043591979075848775,0.053125,-10.0,0.02477763659466328
2,0,43,C_activity_raw,6,0.6761115954664342,-0.010026155187445429,0.059375,-23.0,0.03303684879288437
2,0,43,C_activity_raw,7,0.6900610287707062,0.0039232781168265785,0.115625,9.0,0.02477763659466328
2,0,43,C_activity_raw,8,0.6769834350479511,-0.009154315605928498,0.065625,-21.0,0.035578144853875476
2,0,43,C_activity_raw,9,0.6739319965126417,-0.012205754141237923,0.059375,-28.0,0.03430749682337993
2,0,43,D_subject,0,0.6887532693984306,0.0026155187445510153,0.084375,6.0,0.029224904701397714
2,0,43,D_subject,1,0.6778552746294682,-0.008282476024411456,0.05,-19.0,0.02477763659466328
2,0,43,D_subject,2,0.6961639058413251,0.01002615518744554,0.1,23.0,0.026683608640406607
2,0,43,D_subject,3,0.6913687881429817,0.005231037489102142,0.090625,12.0,0.02477763659466328
2,0,43,D_subject,4,0.6804707933740192,-0.005666957279860441,0.103125,-13.0,0.03430749682337993
2,0,43,D_subject,5,0.6604184829991282,-0.02571926765475141,0.046875,-59.0,0.05273189326556544
2,0,43,D_subject,6,0.6839581517000872,-0.0021795989537923832,0.1,-5.0,0.0349428208386277
2,0,43,D_subject,7,0.6743679163034002,-0.011769834350479402,0.10625,-27.0,0.053367217280813214
2,0,43,D_subject,8,0.6813426329555362,-0.0047951176983433985,0.078125,-11.0,0.02986022871664549
2,0,43,D_subject,9,0.6791630340017436,-0.006974716652136004,0.071875,-16.0,0.02986022871664549
2,0,43,E_structured,0,0.6883173496076722,0.0021795989537926053,0.084375,5.0,0.03176620076238882
2,0,43,E_structured,1,0.6739319965126416,-0.012205754141238034,0.046875,-28.0,0.035578144853875476
2,0,43,E_structured,2,0.6700087183958151,-0.016129032258064502,0.06875,-37.0,0.040025412960609914
2,0,43,E_structured,3,0.6756756756756757,-0.01046207497820395,0.084375,-24.0,0.04637865311308768
2,0,43,E_structured,4,0.6874455100261552,0.0013077593722755632,0.075,3.0,0.023506988564167726
2,0,43,E_structured,5,0.6835222319093286,-0.0026155187445510153,0.053125,-6.0,0.029224904701397714
2,0,43,E_structured,6,0.6848299912816043,-0.0013077593722753411,0.06875,-3.0,0.02795425667090216
2,0,43,E_structured,7,0.6822144725370531,-0.003923278116826467,0.06875,-9.0,0.030495552731893267
2,0,43,E_structured,8,0.6931124673060157,0.006974716652136115,0.15625,16.0,0.03430749682337993
2,0,43,E_structured,9,0.6730601569311246,-0.013077593722754965,0.115625,-30.0,0.05717916137229987
2,0,43,F_decision,0,0.6843940714908456,-0.0017436791630339732,0.08125,-4.0,0.031130876747141042
2,0,43,F_decision,1,0.6778552746294682,-0.008282476024411456,0.08125,-19.0,0.032401524777636595
2,0,43,F_decision,2,0.6787271142109852,-0.007410636442894414,0.109375,-17.0,0.04066073697585769
2,0,43,F_decision,3,0.6852659110723627,-0.0008718395815169311,0.109375,-2.0,0.02986022871664549
2,0,43,F_decision,4,0.6861377506538797,1.1102230246251565e-16,0.121875,0.0,0.030495552731893267
2,0,43,F_decision,5,0.6861377506538797,1.1102230246251565e-16,0.078125,0.0,0.02477763659466328
2,0,43,F_decision,6,0.6883173496076722,0.0021795989537926053,0.075,5.0,0.023506988564167726
2,0,43,F_decision,7,0.6839581517000871,-0.0021795989537924942,0.1,-5.0,0.035578144853875476
2,0,43,F_decision,8,0.6787271142109852,-0.007410636442894414,0.075,-17.0,0.03939008894536213
2,0,43,F_decision,9,0.6909328683522232,0.0047951176983436206,0.121875,11.0,0.028589580686149935
2,0,44,C_activity_raw,0,0.6865736704446382,0.007410636442894636,0.12355212355212356,17.0,0.024390243902439025
2,0,44,C_activity_raw,1,0.6795989537925022,0.0004359197907586321,0.07722007722007722,1.0,0.02503209242618742
2,0,44,C_activity_raw,2,0.6848299912816042,0.005666957279860552,0.13513513513513514,13.0,0.028241335044929396
2,0,44,C_activity_raw,3,0.6769834350479511,-0.0021795989537924942,0.10038610038610038,-5.0,0.030166880616174584
2,0,44,C_activity_raw,4,0.6843940714908457,0.005231037489102142,0.15057915057915058,12.0,0.03401797175866496
2,0,44,C_activity_raw,5,0.6835222319093287,0.0043591979075850995,0.08108108108108109,10.0,0.024390243902439025
2,0,44,C_activity_raw,6,0.6730601569311246,-0.006102877070618962,0.03861003861003861,-14.0,0.030166880616174584
2,0,44,C_activity_raw,7,0.6865736704446381,0.007410636442894525,0.12355212355212356,17.0,0.026957637997432605
2,0,44,C_activity_raw,8,0.6883173496076722,0.009154315605928609,0.09652509652509653,21.0,0.018613607188703467
2,0,44,C_activity_raw,9,0.6861377506538796,0.006974716652136004,0.14671814671814673,16.0,0.0417201540436457
2,0,44,D_subject,0,0.6817785527462947,0.0026155187445511263,0.1274131274131274,6.0,0.03337612323491656
2,0,44,D_subject,1,0.6826503923278117,0.0034873583260680574,0.11969111969111969,8.0,0.036585365853658534
2,0,44,D_subject,2,0.6787271142109853,-0.000435919790758299,0.09266409266409266,-1.0,0.029525032092426188
2,0,44,D_subject,3,0.6852659110723627,0.006102877070619073,0.1891891891891892,14.0,0.04878048780487805
2,0,44,D_subject,4,0.6726242371403662,-0.006538796861377372,0.10424710424710425,-15.0,0.04685494223363286
2,0,44,D_subject,5,0.6630340017436791,-0.016129032258064502,0.10810810810810811,-37.0,0.051347881899871634
2,0,44,D_subject,6,0.6569311246730601,-0.022231909328683463,0.08108108108108109,-51.0,0.06418485237483953
2,0,44,D_subject,7,0.7083696599825632,0.02920662598081958,0.14285714285714285,67.0,0.013478818998716302
2,0,44,D_subject,8,0.6857018308631212,0.006538796861377594,0.17374517374517376,15.0,0.04942233632862644
2,0,44,D_subject,9,0.6795989537925021,0.00043591979075852105,0.09266409266409266,1.0,0.03273427471116817
2,0,44,E_structured,0,0.6704446381865737,-0.008718395815169866,0.08108108108108109,-20.0,0.03979460847240052
2,0,44,E_structured,1,0.6996512641673932,0.0204882301656496,0.19305019305019305,47.0,0.02503209242618742
2,0,44,E_structured,2,0.6774193548387096,-0.0017436791630339732,0.1274131274131274,-4.0,0.04043645699614891
2,0,44,E_structured,3,0.6865736704446381,0.007410636442894525,0.14671814671814673,17.0,0.031450577663671375
2,0,44,E_structured,4,0.6913687881429816,0.012205754141238034,0.16988416988416988,28.0,0.031450577663671375
2,0,44,E_structured,5,0.6935483870967741,0.014385353095030529,0.138996138996139,33.0,0.029525032092426188
2,0,44,E_structured,6,0.6909328683522231,0.011769834350479513,0.12355212355212356,27.0,0.024390243902439025
2,0,44,E_structured,7,0.7114210985178727,0.032258064516129115,0.2277992277992278,74.0,0.01797175866495507
2,0,44,E_structured,8,0.6721883173496076,-0.006974716652136004,0.10038610038610038,-16.0,0.04043645699614891
2,0,44,E_structured,9,0.6769834350479512,-0.0021795989537923832,0.10424710424710425,-5.0,0.03337612323491656
2,0,44,F_decision,0,0.6887532693984306,0.009590235396687019,0.14285714285714285,22.0,0.038510911424903725
2,0,44,F_decision,1,0.6804707933740192,0.0013077593722755632,0.0694980694980695,3.0,0.023106546854942234
2,0,44,F_decision,2,0.6612903225806451,-0.017872711421098475,0.08108108108108109,-41.0,0.05455712451861361
2,0,44,F_decision,3,0.6861377506538796,0.006974716652136004,0.12355212355212356,16.0,0.028241335044929396
2,0,44,F_decision,4,0.6708805579773321,-0.008282476024411456,0.11583011583011583,-19.0,0.057766367137355584
2,0,44,F_decision,5,0.6830863121185702,0.0039232781168265785,0.08108108108108109,9.0,0.029525032092426188
2,0,44,F_decision,6,0.6918047079337402,0.012641673931996555,0.1274131274131274,29.0,0.030166880616174584
2,0,44,F_decision,7,0.6700087183958151,-0.009154315605928498,0.0888030888030888,-21.0,0.045571245186136075
2,0,44,F_decision,8,0.6939843068875328,0.01482127288578916,0.16216216216216217,34.0,0.029525032092426188
2,0,44,F_decision,9,0.6586748038360941,-0.02048823016564949,0.0888030888030888,-47.0,0.06097560975609756
2,1,42,C_activity_raw,0,0.6761261261261261,0.0108108108108107,0.11444141689373297,24.0,0.02911306702775897
2,1,42,C_activity_raw,1,0.6599099099099099,-0.005405405405405461,0.05994550408719346,-12.0,0.02911306702775897
2,1,42,C_activity_raw,2,0.6806306306306307,0.01531531531531527,0.08991825613079019,34.0,0.013540961408259987
2,1,42,C_activity_raw,3,0.6711711711711712,0.005855855855855796,0.0326975476839237,13.0,0.014895057549085985
2,1,42,C_activity_raw,4,0.6738738738738739,0.008558558558558471,0.07356948228882834,19.0,0.017603249830737983
2,1,42,C_activity_raw,5,0.6720720720720721,0.006756756756756688,0.08991825613079019,15.0,0.023696682464454975
2,1,42,C_activity_raw,6,0.6657657657657657,0.00045045045045033483,0.07629427792915532,1.0,0.02911306702775897
2,1,42,C_activity_raw,7,0.7022522522522523,0.03693693693693689,0.16348773841961853,82.0,0.010832769126607989
2,1,42,C_activity_raw,8,0.6743243243243244,0.009009009009009028,0.0681198910081744,20.0,0.014895057549085985
2,1,42,C_activity_raw,9,0.6653153153153153,-1.1102230246251565e-16,0.0681198910081744,0.0,0.026404874746106973
2,1,42,D_subject,0,0.6626126126126126,-0.002702702702702786,0.05722070844686648,-6.0,0.02098849018280298
2,1,42,D_subject,1,0.6608108108108108,-0.0045045045045045695,0.07084468664850137,-10.0,0.034529451591062965
2,1,42,D_subject,2,0.6756756756756758,0.010360360360360366,0.07629427792915532,23.0,0.013540961408259987
2,1,42,D_subject,3,0.6644144144144145,-0.0009009009009008917,0.07356948228882834,-2.0,0.024373730534867976
2,1,42,D_subject,4,0.6702702702702703,0.004954954954954904,0.09536784741144415,11.0,0.03249830737982397
2,1,42,D_subject,5,0.6603603603603604,-0.004954954954955015,0.07901907356948229,-11.0,0.03859174001354096
2,1,42,D_subject,6,0.6518018018018019,-0.013513513513513487,0.051771117166212535,-30.0,0.04468517264725796
2,1,42,D_subject,7,0.686036036036036,0.02072072072072062,0.10354223433242507,46.0,0.012186865267433988
2,1,42,D_subject,8,0.6594594594594594,-0.005855855855856018,0.02452316076294278,-13.0,0.02098849018280298
2,1,42,D_subject,9,0.6567567567567568,-0.008558558558558582,0.08719346049046321,-19.0,0.04739336492890995
2,1,42,E_structured,0,0.6630630630630631,-0.0022522522522523403,0.07084468664850137,-5.0,0.035206499661475966
2,1,42,E_structured,1,0.6581081081081082,-0.007207207207207245,0.07901907356948229,-16.0,0.04265402843601896
2,1,42,E_structured,2,0.6666666666666667,0.0013513513513513375,0.0653950953678474,3.0,0.020311442112389978
2,1,42,E_structured,3,0.6743243243243243,0.009009009009008917,0.07629427792915532,20.0,0.02843601895734597
2,1,42,E_structured,4,0.6531531531531531,-0.01216216216216226,0.0681198910081744,-27.0,0.046039268788083954
2,1,42,E_structured,5,0.6504504504504505,-0.014864864864864935,0.0653950953678474,-33.0,0.04874746106973595
2,1,42,E_structured,6,0.681981981981982,0.016666666666666607,0.11171662125340599,37.0,0.021665538253215978
2,1,42,E_structured,7,0.6617117117117116,-0.003603603603603789,0.07084468664850137,-8.0,0.03182125930941097
2,1,42,E_structured,8,0.6734234234234235,0.008108108108108136,0.1008174386920981,18.0,0.027081922816519974
2,1,42,E_structured,9,0.686036036036036,0.02072072072072062,0.10899182561307902,46.0,0.016249153689911984
2,1,42,F_decision,0,0.6567567567567568,-0.008558558558558582,0.05722070844686648,-19.0,0.03859174001354096
2,1,42,F_decision,1,0.6635135135135136,-0.0018018018018017834,0.05722070844686648,-4.0,0.02234258632362898
2,1,42,F_decision,2,0.6770270270270271,0.011711711711711703,0.07901907356948229,26.0,0.01828029790115098
2,1,42,F_decision,3,0.6720720720720721,0.006756756756756688,0.0681198910081744,15.0,0.02843601895734597
2,1,42,F_decision,4,0.6684684684684686,0.003153153153153232,0.06267029972752043,7.0,0.024373730534867976
2,1,42,F_decision,5,0.6549549549549549,-0.010360360360360477,0.05722070844686648,-23.0,0.046039268788083954
2,1,42,F_decision,6,0.6635135135135136,-0.0018018018018017834,0.02997275204359673,-4.0,0.014218009478672985
2,1,42,F_decision,7,0.6675675675675676,0.0022522522522522292,0.08446866485013624,5.0,0.034529451591062965
2,1,42,F_decision,8,0.6644144144144145,-0.0009009009009008917,0.08991825613079019,-2.0,0.03046716316858497
2,1,42,F_decision,9,0.6675675675675676,0.0022522522522522292,0.05722070844686648,5.0,0.021665538253215978
2,1,43,C_activity_raw,0,0.7612612612612613,-0.0013513513513514486,0.05533596837944664,-3.0,0.016538688718251624
2,1,43,C_activity_raw,1,0.768018018018018,0.005405405405405239,0.06324110671936758,12.0,0.014176018901358535
2,1,43,C_activity_raw,2,0.7635135135135136,0.0009009009009008917,0.05928853754940711,2.0,0.017129356172474897
2,1,43,C_activity_raw,3,0.759009009009009,-0.003603603603603678,0.05928853754940711,-8.0,0.01831069108092144
2,1,43,C_activity_raw,4,0.7779279279279281,0.015315315315315381,0.09881422924901186,34.0,0.01004134672179563
2,1,43,C_activity_raw,5,0.7635135135135135,0.0009009009009007807,0.06719367588932806,2.0,0.018901358535144713
2,1,43,C_activity_raw,6,0.754954954954955,-0.0076576576576576905,0.019762845849802372,-17.0,0.014766686355581808
2,1,43,C_activity_raw,7,0.7545045045045046,-0.008108108108108136,0.03162055335968379,-18.0,0.021264028352037802
2,1,43,C_activity_raw,8,0.7747747747747749,0.012162162162162149,0.1067193675889328,27.0,0.010632014176018901
2,1,43,C_activity_raw,9,0.7662162162162162,0.0036036036036034558,0.05928853754940711,8.0,0.01299468399291199
2,1,43,D_subject,0,0.7585585585585586,-0.004054054054054124,0.06719367588932806,-9.0,0.02598936798582398
2,1,43,D_subject,1,0.7513513513513514,-0.011261261261261257,0.04743083003952569,-25.0,0.03544004725339634
2,1,43,D_subject,2,0.7761261261261262,0.013513513513513487,0.09486166007905138,30.0,0.009450679267572357
2,1,43,D_subject,3,0.7536036036036037,-0.009009009009009028,0.07905138339920949,-20.0,0.02835203780271707
2,1,43,D_subject,4,0.7612612612612613,-0.0013513513513514486,0.08300395256916997,-3.0,0.02362669816893089
2,1,43,D_subject,5,0.7680180180180181,0.00540540540540535,0.043478260869565216,12.0,0.01772002362669817
2,1,43,D_subject,6,0.7567567567567568,-0.005855855855855907,0.06324110671936758,-13.0,0.024808033077377438
2,1,43,D_subject,7,0.7531531531531532,-0.009459459459459474,0.06719367588932806,-21.0,0.03662138216184288
2,1,43,D_subject,8,0.7481981981981982,-0.01441441441441449,0.05138339920948617,-32.0,0.034258712344949795
2,1,43,D_subject,9,0.7653153153153153,0.002702702702702564,0.05138339920948617,6.0,0.012404016538688719
2,1,43,E_structured,0,0.754954954954955,-0.0076576576576576905,0.039525691699604744,-17.0,0.029533372711163616
2,1,43,E_structured,1,0.7617117117117117,-0.0009009009009010027,0.06324110671936758,-2.0,0.021854695806261076
2,1,43,E_structured,2,0.7563063063063064,-0.006306306306306353,0.06719367588932806,-14.0,0.030124040165386886
2,1,43,E_structured,3,0.7671171171171172,0.0045045045045044585,0.05533596837944664,10.0,0.021264028352037802
2,1,43,E_structured,4,0.7576576576576576,-0.004954954954955126,0.09090909090909091,-11.0,0.02835203780271707
2,1,43,E_structured,5,0.754054054054054,-0.008558558558558693,0.015810276679841896,-19.0,0.018901358535144713
2,1,43,E_structured,6,0.7612612612612614,-0.0013513513513513375,0.039525691699604744,-3.0,0.02244536326048435
2,1,43,E_structured,7,0.7639639639639639,0.0013513513513512265,0.07509881422924901,3.0,0.019492025989367986
2,1,43,E_structured,8,0.7450450450450451,-0.01756756756756761,0.07905138339920949,-39.0,0.040756054341405785
2,1,43,E_structured,9,0.7648648648648648,0.0022522522522521182,0.1067193675889328,5.0,0.02244536326048435
2,1,43,F_decision,0,0.7603603603603603,-0.0022522522522524513,0.07114624505928854,-5.0,0.02362669816893089
2,1,43,F_decision,1,0.7819819819819821,0.019369369369369394,0.14624505928853754,43.0,0.012404016538688719
2,1,43,F_decision,2,0.7734234234234234,0.0108108108108107,0.10276679841897234,24.0,0.011222681630242174
2,1,43,F_decision,3,0.7527027027027027,-0.00990990990991003,0.04743083003952569,-22.0,0.02598936798582398
2,1,43,F_decision,4,0.768918918918919,0.006306306306306242,0.13438735177865613,14.0,0.024217365623154165
2,1,43,F_decision,5,0.7558558558558557,-0.006756756756757021,0.05138339920948617,-15.0,0.02362669816893089
2,1,43,F_decision,6,0.7671171171171172,0.0045045045045044585,0.08300395256916997,10.0,0.01831069108092144
2,1,43,F_decision,7,0.7707207207207207,0.008108108108108025,0.06719367588932806,18.0,0.013585351447135264
2,1,43,F_decision,8,0.7477477477477478,-0.014864864864864935,0.07114624505928854,-33.0,0.042528056704075605
2,1,43,F_decision,9,0.7689189189189188,0.006306306306306131,0.07905138339920949,14.0,0.014766686355581808
2,1,44,C_activity_raw,0,0.6959459459459459,0.008558558558558582,0.25448028673835127,19.0,0.05701179554390563
2,1,44,C_activity_raw,1,0.6774774774774776,-0.009909909909909809,0.07168458781362007,-22.0,0.030799475753604193
2,1,44,C_activity_raw,2,0.690990990990991,0.003603603603603678,0.17204301075268819,8.0,0.043905635648754916
2,1,44,C_activity_raw,3,0.6765765765765765,-0.010810810810810811,0.15412186379928317,-24.0,0.055701179554390565
2,1,44,C_activity_raw,4,0.686036036036036,-0.0013513513513513375,0.1111111111111111,-3.0,0.0327653997378768
2,1,44,C_activity_raw,5,0.6752252252252252,-0.012162162162162149,0.14695340501792115,-27.0,0.0563564875491481
2,1,44,C_activity_raw,6,0.7054054054054055,0.018018018018018167,0.23297491039426524,40.0,0.04456094364351245
2,1,44,C_activity_raw,7,0.6959459459459459,0.008558558558558582,0.14695340501792115,19.0,0.02817824377457405
2,1,44,C_activity_raw,8,0.6846846846846847,-0.002702702702702675,0.18996415770609318,-6.0,0.04980340760157274
2,1,44,C_activity_raw,9,0.69009009009009,0.002702702702702675,0.11469534050179211,6.0,0.03014416775884666
2,1,44,D_subject,0,0.658108108108108,-0.029279279279279313,0.08602150537634409,-65.0,0.0674967234600262
2,1,44,D_subject,1,0.6536036036036036,-0.03378378378378377,0.12903225806451613,-75.0,0.0891218872870249
2,1,44,D_subject,2,0.6864864864864865,-0.0009009009009008917,0.1039426523297491,-2.0,0.033420707732634336
2,1,44,D_subject,3,0.6729729729729729,-0.01441441441441449,0.18996415770609318,-32.0,0.08060288335517693
2,1,44,D_subject,4,0.6662162162162163,-0.021171171171171066,0.18996415770609318,-47.0,0.07863695937090433
2,1,44,D_subject,5,0.677927927927928,-0.009459459459459363,0.15053763440860216,-21.0,0.062254259501965926
2,1,44,D_subject,6,0.6666666666666667,-0.02072072072072062,0.15770609318996415,-46.0,0.0779816513761468
2,1,44,D_subject,7,0.6481981981981981,-0.03918918918918923,0.14695340501792115,-87.0,0.09436435124508519
2,1,44,D_subject,8,0.6972972972972973,0.00990990990990992,0.17204301075268819,22.0,0.039318479685452164
2,1,44,D_subject,9,0.7022522522522523,0.014864864864864935,0.1971326164874552,33.0,0.04325032765399738
2,1,44,E_structured,0,0.6918918918918918,0.0045045045045044585,0.14336917562724014,10.0,0.037352555701179554
2,1,44,E_structured,1,0.6806306306306307,-0.006756756756756688,0.2616487455197133,-15.0,0.08256880733944955
2,1,44,E_structured,2,0.6810810810810811,-0.006306306306306242,0.1935483870967742,-14.0,0.06028833551769332
2,1,44,E_structured,3,0.6851351351351351,-0.0022522522522522292,0.13620071684587814,-5.0,0.04849279161205767
2,1,44,E_structured,4,0.6954954954954955,0.008108108108108136,0.20430107526881722,18.0,0.04980340760157274
2,1,44,E_structured,5,0.7054054054054054,0.018018018018018056,0.2078853046594982,40.0,0.03669724770642202
2,1,44,E_structured,6,0.6761261261261261,-0.011261261261261257,0.14695340501792115,-25.0,0.05701179554390563
2,1,44,E_structured,7,0.7013513513513513,0.013963963963963932,0.20430107526881722,31.0,0.02817824377457405
2,1,44,E_structured,8,0.7288288288288289,0.04144144144144157,0.24731182795698925,92.0,0.030799475753604193
2,1,44,E_structured,9,0.7072072072072072,0.01981981981981984,0.17921146953405018,44.0,0.03145478374836173
2,1,44,F_decision,0,0.691891891891892,0.0045045045045046805,0.2078853046594982,10.0,0.05242463958060288
2,1,44,F_decision,1,0.7135135135135136,0.026126126126126192,0.2616487455197133,58.0,0.03800786369593709
2,1,44,F_decision,2,0.6986486486486486,0.011261261261261257,0.2616487455197133,25.0,0.05504587155963303
2,1,44,F_decision,3,0.7067567567567568,0.019369369369369394,0.22580645161290322,43.0,0.03604193971166448
2,1,44,F_decision,4,0.700900900900901,0.013513513513513598,0.17921146953405018,30.0,0.03014416775884666
2,1,44,F_decision,5,0.6450450450450451,-0.04234234234234224,0.1111111111111111,-94.0,0.08781127129750983
2,1,44,F_decision,6,0.6396396396396398,-0.04774774774774759,0.1039426523297491,-106.0,0.09305373525557012
2,1,44,F_decision,7,0.7063063063063063,0.018918918918918948,0.2222222222222222,42.0,0.04849279161205767
2,1,44,F_decision,8,0.6824324324324325,-0.004954954954954904,0.13261648745519714,-11.0,0.04849279161205767
2,1,44,F_decision,9,0.6927927927927928,0.005405405405405461,0.2222222222222222,12.0,0.05045871559633028
2,2,42,C_activity_raw,0,0.7515981735159818,-0.0036529680365297024,0.06572769953051644,-8.0,0.01995163240628779
2,2,42,C_activity_raw,1,0.7424657534246576,-0.012785388127853903,0.04225352112676056,-28.0,0.02599758162031439
2,2,42,C_activity_raw,2,0.7525114155251141,-0.00273972602739736,0.09389671361502347,-6.0,0.032648125755743655
2,2,42,C_activity_raw,3,0.7365296803652968,-0.01872146118721474,0.06103286384976526,-41.0,0.03688029020556227
2,2,42,C_activity_raw,4,0.7547945205479452,-0.0004566210045663377,0.051643192488262914,-1.0,0.017533252720677146
2,2,42,C_activity_raw,5,0.7374429223744292,-0.017808219178082285,0.09859154929577464,-39.0,0.039298669891172915
2,2,42,C_activity_raw,6,0.7511415525114156,-0.004109589041095929,0.03755868544600939,-9.0,0.01995163240628779
2,2,42,C_activity_raw,7,0.7479452054794521,-0.007305936073059405,0.06103286384976526,-16.0,0.020556227327690448
2,2,42,C_activity_raw,8,0.7534246575342466,-0.0018264840182649067,0.07981220657276995,-4.0,0.02962515114873035
2,2,42,C_activity_raw,9,0.7447488584474885,-0.010502283105022991,0.07042253521126761,-23.0,0.02599758162031439
2,2,42,D_subject,0,0.7424657534246576,-0.012785388127853903,0.09389671361502347,-28.0,0.035671100362756954
2,2,42,D_subject,1,0.7273972602739726,-0.02785388127853894,0.046948356807511735,-61.0,0.04534461910519952
2,2,42,D_subject,2,0.7433789954337899,-0.01187214611872156,0.08450704225352113,-26.0,0.03385731559854897
2,2,42,D_subject,3,0.7397260273972602,-0.015525114155251263,0.03755868544600939,-34.0,0.034461910519951636
2,2,42,D_subject,4,0.7337899543378996,-0.021461187214611877,0.09859154929577464,-47.0,0.0471584038694075
2,2,42,D_subject,5,0.7324200913242009,-0.022831050228310557,0.018779342723004695,-50.0,0.036275695284159616
2,2,42,D_subject,6,0.7182648401826485,-0.03698630136986303,0.07042253521126761,-81.0,0.06166868198307134
2,2,42,D_subject,7,0.7255707762557078,-0.029680365296803735,0.056338028169014086,-65.0,0.05562273276904474
2,2,42,D_subject,8,0.7378995433789954,-0.01735159817351606,0.03755868544600939,-38.0,0.035671100362756954
2,2,42,D_subject,9,0.7579908675799086,0.002739726027397138,0.07042253521126761,6.0,0.015114873035066506
2,2,42,E_structured,0,0.7484018264840183,-0.006849315068493178,0.09389671361502347,-15.0,0.02962515114873035
2,2,42,E_structured,1,0.7598173515981735,0.004566210045662045,0.09859154929577464,10.0,0.028415961305925032
2,2,42,E_structured,2,0.7547945205479453,-0.0004566210045662267,0.08450704225352113,-1.0,0.024788391777509067
2,2,42,E_structured,3,0.7401826484018265,-0.015068493150685036,0.046948356807511735,-33.0,0.041112454655380895
2,2,42,E_structured,4,0.7424657534246576,-0.012785388127853903,0.09389671361502347,-28.0,0.039298669891172915
2,2,42,E_structured,5,0.7310502283105023,-0.024200913242009237,0.09859154929577464,-53.0,0.05078597339782346
2,2,42,E_structured,6,0.7210045662100456,-0.03424657534246589,0.046948356807511735,-75.0,0.05259975816203144
2,2,42,E_structured,7,0.7502283105022831,-0.005022831050228382,0.056338028169014086,-11.0,0.02962515114873035
2,2,42,E_structured,8,0.730593607305936,-0.024657534246575463,0.08450704225352113,-54.0,0.051390568319226115
2,2,42,E_structured,9,0.7397260273972603,-0.015525114155251152,0.06103286384976526,-34.0,0.03688029020556227
2,2,42,F_decision,0,0.7762557077625571,0.02100456621004565,0.1643192488262911,46.0,0.015114873035066506
2,2,42,F_decision,1,0.7506849315068493,-0.004566210045662156,0.056338028169014086,-10.0,0.018742442563482467
2,2,42,F_decision,2,0.7342465753424658,-0.02100456621004565,0.107981220657277,-46.0,0.05078597339782346
2,2,42,F_decision,3,0.7420091324200914,-0.01324200913242013,0.107981220657277,-29.0,0.03869407496977025
2,2,42,F_decision,4,0.7589041095890411,0.0036529680365295913,0.10328638497652583,8.0,0.019347037484885126
2,2,42,F_decision,5,0.752054794520548,-0.0031963470319634757,0.07981220657276995,-7.0,0.018137847642079808
2,2,42,F_decision,6,0.741552511415525,-0.013698630136986467,0.07981220657276995,-30.0,0.039298669891172915
2,2,42,F_decision,7,0.7589041095890411,0.0036529680365295913,0.14553990610328638,8.0,0.02357920193470375
2,2,42,F_decision,8,0.7438356164383562,-0.011415525114155334,0.06572769953051644,-25.0,0.026602176541717048
2,2,42,F_decision,9,0.7502283105022831,-0.005022831050228382,0.07981220657276995,-11.0,0.024788391777509067
2,2,43,C_activity_raw,0,0.7990867579908676,-0.004566210045662045,0.09195402298850575,-10.0,0.02556818181818182
2,2,43,C_activity_raw,1,0.7949771689497718,-0.008675799086757863,0.08620689655172414,-19.0,0.029545454545454545
2,2,43,C_activity_raw,2,0.7885844748858448,-0.015068493150684814,0.07471264367816093,-33.0,0.028977272727272727
2,2,43,C_activity_raw,3,0.7954337899543379,-0.008219178082191747,0.07471264367816093,-18.0,0.026136363636363635
2,2,43,C_activity_raw,4,0.7922374429223745,-0.011415525114155112,0.040229885057471264,-25.0,0.026704545454545453
2,2,43,C_activity_raw,5,0.8073059360730593,0.0036529680365297024,0.09770114942528736,8.0,0.017045454545454544
2,2,43,C_activity_raw,6,0.7826484018264841,-0.02100456621004554,0.028735632183908046,-46.0,0.03465909090909091
2,2,43,C_activity_raw,7,0.7844748858447488,-0.019178082191780854,0.022988505747126436,-42.0,0.03238636363636364
2,2,43,C_activity_raw,8,0.7963470319634703,-0.007305936073059294,0.09770114942528736,-16.0,0.020454545454545454
2,2,43,C_activity_raw,9,0.7986301369863014,-0.005022831050228271,0.040229885057471264,-11.0,0.015909090909090907
2,2,43,D_subject,0,0.763013698630137,-0.04063926940639262,0.10919540229885058,-89.0,0.075
2,2,43,D_subject,1,0.793150684931507,-0.010502283105022658,0.13793103448275862,-23.0,0.036931818181818184
2,2,43,D_subject,2,0.7831050228310503,-0.020547945205479312,0.1206896551724138,-45.0,0.048863636363636366
2,2,43,D_subject,3,0.7904109589041096,-0.013242009132420018,0.10344827586206896,-29.0,0.03295454545454545
2,2,43,D_subject,4,0.7981735159817352,-0.005479452054794387,0.09770114942528736,-12.0,0.02784090909090909
2,2,43,D_subject,5,0.8077625570776256,0.004109589041095929,0.14942528735632185,9.0,0.026704545454545453
2,2,43,D_subject,6,0.8091324200913241,0.005479452054794498,0.14942528735632185,12.0,0.025
2,2,43,D_subject,7,0.8,-0.0036529680365295913,0.08620689655172414,-8.0,0.019886363636363636
2,2,43,D_subject,8,0.7986301369863014,-0.005022831050228271,0.21264367816091953,-11.0,0.042045454545454546
2,2,43,D_subject,9,0.823744292237443,0.02009132420091342,0.22413793103448276,44.0,0.017045454545454544
2,2,43,E_structured,0,0.7853881278538812,-0.0182648401826484,0.1839080459770115,-40.0,0.05056818181818182
2,2,43,E_structured,1,0.7954337899543379,-0.008219178082191747,0.05172413793103448,-18.0,0.026704545454545453
2,2,43,E_structured,2,0.7981735159817351,-0.005479452054794498,0.10919540229885058,-12.0,0.02784090909090909
2,2,43,E_structured,3,0.8009132420091324,-0.002739726027397249,0.10919540229885058,-6.0,0.028977272727272727
2,2,43,E_structured,4,0.7940639269406392,-0.009589041095890427,0.10344827586206896,-21.0,0.040340909090909094
2,2,43,E_structured,5,0.7936073059360731,-0.010045662100456543,0.10344827586206896,-22.0,0.03636363636363636
2,2,43,E_structured,6,0.7917808219178082,-0.01187214611872145,0.16091954022988506,-26.0,0.04090909090909091
2,2,43,E_structured,7,0.791324200913242,-0.012328767123287676,0.07471264367816093,-27.0,0.033522727272727273
2,2,43,E_structured,8,0.8045662100456622,0.0009132420091325644,0.15517241379310345,2.0,0.03125
2,2,43,E_structured,9,0.7945205479452055,-0.00913242009132409,0.1206896551724138,-20.0,0.03295454545454545
2,2,43,F_decision,0,0.7739726027397261,-0.029680365296803513,0.07471264367816093,-65.0,0.055113636363636365
2,2,43,F_decision,1,0.806392694063927,0.00273972602739736,0.14942528735632185,6.0,0.031818181818181815
2,2,43,F_decision,2,0.7954337899543378,-0.008219178082191858,0.10344827586206896,-18.0,0.03238636363636364
2,2,43,F_decision,3,0.7698630136986301,-0.03378995433789955,0.017241379310344827,-74.0,0.056818181818181816
2,2,43,F_decision,4,0.8073059360730593,0.0036529680365297024,0.11494252873563218,8.0,0.02159090909090909
2,2,43,F_decision,5,0.8027397260273973,-0.0009132420091323423,0.09195402298850575,-2.0,0.026704545454545453
2,2,43,F_decision,6,0.7767123287671233,-0.026940639269406375,0.10919540229885058,-59.0,0.055113636363636365
2,2,43,F_decision,7,0.8045662100456621,0.0009132420091324533,0.1896551724137931,2.0,0.03295454545454545
2,2,43,F_decision,8,0.7990867579908676,-0.004566210045662045,0.06896551724137931,-10.0,0.02159090909090909
2,2,43,F_decision,9,0.8050228310502283,0.00136986301369868,0.16091954022988506,3.0,0.03125
2,2,44,C_activity_raw,0,0.7219178082191782,0.030593607305936077,0.16483516483516483,67.0,0.012549537648612946
2,2,44,C_activity_raw,1,0.7155251141552511,0.024200913242009015,0.0989010989010989,53.0,0.009247027741083224
2,2,44,C_activity_raw,2,0.7127853881278539,0.021461187214611765,0.09523809523809523,47.0,0.013210039630118891
2,2,44,C_activity_raw,3,0.7105022831050228,0.019178082191780743,0.16117216117216118,42.0,0.022457067371202115
2,2,44,C_activity_raw,4,0.7022831050228311,0.010958904109588996,0.0989010989010989,24.0,0.028401585204755615
2,2,44,C_activity_raw,5,0.7200913242009133,0.02876712328767117,0.13186813186813187,63.0,0.012549537648612946
2,2,44,C_activity_raw,6,0.7187214611872146,0.02739726027397249,0.1282051282051282,60.0,0.016512549537648614
2,2,44,C_activity_raw,7,0.7041095890410959,0.012785388127853792,0.05860805860805861,28.0,0.009907529722589167
2,2,44,C_activity_raw,8,0.7159817351598174,0.024657534246575352,0.1391941391941392,54.0,0.011889035667107
2,2,44,C_activity_raw,9,0.7100456621004566,0.018721461187214516,0.10256410256410256,41.0,0.011889035667107
2,2,44,D_subject,0,0.7178082191780821,0.026484018264840037,0.21245421245421245,58.0,0.03236459709379128
2,2,44,D_subject,1,0.7155251141552512,0.024200913242009126,0.13186813186813187,53.0,0.015191545574636724
2,2,44,D_subject,2,0.7109589041095891,0.01963470319634697,0.17216117216117216,43.0,0.02443857331571995
2,2,44,D_subject,3,0.6968036529680366,0.005479452054794498,0.12087912087912088,12.0,0.031043593130779392
2,2,44,D_subject,4,0.6968036529680367,0.005479452054794609,0.08791208791208792,12.0,0.025759577278731835
2,2,44,D_subject,5,0.7068493150684931,0.01552511415525104,0.13186813186813187,34.0,0.029722589167767502
2,2,44,D_subject,6,0.7109589041095891,0.01963470319634697,0.15384615384615385,43.0,0.02774108322324967
2,2,44,D_subject,7,0.7191780821917808,0.027853881278538717,0.21245421245421245,61.0,0.025759577278731835
2,2,44,D_subject,8,0.7360730593607305,0.04474885844748844,0.2564102564102564,98.0,0.015191545574636724
2,2,44,D_subject,9,0.7141552511415525,0.022831050228310446,0.19413919413919414,50.0,0.023778071334214
2,2,44,E_structured,0,0.7114155251141554,0.020091324200913308,0.15018315018315018,44.0,0.019815059445178335
2,2,44,E_structured,1,0.7027397260273973,0.011415525114155223,0.11355311355311355,25.0,0.026420079260237782
2,2,44,E_structured,2,0.7013698630136986,0.010045662100456543,0.09523809523809523,22.0,0.026420079260237782
2,2,44,E_structured,3,0.7191780821917808,0.027853881278538717,0.10989010989010989,61.0,0.021796565389696168
2,2,44,E_structured,4,0.7091324200913242,0.017808219178082063,0.14652014652014653,39.0,0.031704095112285335
2,2,44,E_structured,5,0.7054794520547946,0.014155251141552472,0.12087912087912088,31.0,0.03038309114927345
2,2,44,E_structured,6,0.7191780821917808,0.027853881278538717,0.22344322344322345,61.0,0.023117569352708058
2,2,44,E_structured,7,0.7214611872146118,0.03013698630136974,0.1684981684981685,66.0,0.023778071334214
2,2,44,E_structured,8,0.6689497716894977,-0.02237442922374444,0.05128205128205128,-49.0,0.05085865257595773
2,2,44,E_structured,9,0.678082191780822,-0.01324200913242013,0.06593406593406594,-29.0,0.040290620871862616
2,2,44,F_decision,0,0.7063926940639269,0.015068493150684814,0.13186813186813187,33.0,0.027080581241743725
2,2,44,F_decision,1,0.7141552511415525,0.022831050228310446,0.18681318681318682,50.0,0.022457067371202115
2,2,44,F_decision,2,0.7136986301369862,0.022374429223744108,0.16117216117216118,49.0,0.027080581241743725
2,2,44,F_decision,3,0.7045662100456622,0.01324200913242013,0.1391941391941392,29.0,0.028401585204755615
2,2,44,F_decision,4,0.7260273972602739,0.034703196347031784,0.2271062271062271,76.0,0.022457067371202115
2,2,44,F_decision,5,0.7027397260273972,0.011415525114155112,0.11721611721611722,25.0,0.022457067371202115
2,2,44,F_decision,6,0.7136986301369862,0.022374429223744108,0.13553113553113552,49.0,0.022457067371202115
2,2,44,F_decision,7,0.7242009132420091,0.03287671232876699,0.17582417582417584,72.0,0.016512549537648614
2,2,44,F_decision,8,0.7178082191780822,0.026484018264840148,0.21245421245421245,58.0,0.028401585204755615
2,2,44,F_decision,9,0.7168949771689498,0.025570776255707695,0.1575091575091575,56.0,0.01453104359313078
3,0,42,C_activity_raw,0,0.6957279860505667,-0.007846556233653046,0.05263157894736842,-18.0,0.03283767038413878
3,0,42,C_activity_raw,1,0.7131647776809067,0.009590235396686908,0.0645933014354067,22.0,0.010532837670384139
3,0,42,C_activity_raw,2,0.7083696599825633,0.0047951176983435095,0.08373205741626795,11.0,0.031598513011152414
3,0,42,C_activity_raw,3,0.7022667829119442,-0.0013077593722755632,0.05980861244019139,-3.0,0.01982651796778191
3,0,42,C_activity_raw,4,0.7070619006102877,0.0034873583260679464,0.11961722488038277,8.0,0.037794299876084264
3,0,42,C_activity_raw,5,0.6918047079337403,-0.011769834350479513,0.045454545454545456,-27.0,0.03593556381660471
3,0,42,C_activity_raw,6,0.6769834350479511,-0.026591107236268674,0.0645933014354067,-61.0,0.05885997521685254
3,0,42,C_activity_raw,7,0.6979075850043592,-0.005666957279860552,0.07177033492822966,-13.0,0.04151177199504337
3,0,42,C_activity_raw,8,0.7000871839581517,-0.0034873583260680574,0.06937799043062201,-8.0,0.037794299876084264
3,0,42,C_activity_raw,9,0.6848299912816043,-0.018744551002615517,0.07655502392344497,-43.0,0.05018587360594796
3,0,42,D_subject,0,0.6996512641673931,-0.0039232781168266895,0.08851674641148326,-9.0,0.040892193308550186
3,0,42,D_subject,1,0.7214472537053183,0.017872711421098475,0.1339712918660287,41.0,0.02664188351920694
3,0,42,D_subject,2,0.7044463818657367,0.0008718395815169311,0.08851674641148326,2.0,0.028500619578686492
3,0,42,D_subject,3,0.7035745422842197,-1.1102230246251565e-16,0.06937799043062201,0.0,0.02292441140024783
3,0,42,D_subject,4,0.7048823016564951,0.0013077593722753411,0.07655502392344497,3.0,0.026022304832713755
3,0,42,D_subject,5,0.6887532693984306,-0.01482127288578916,0.07655502392344497,-34.0,0.04894671623296159
3,0,42,D_subject,6,0.6992153443766347,-0.0043591979075850995,0.06220095693779904,-10.0,0.03407682775712516
3,0,42,D_subject,7,0.7048823016564952,0.0013077593722754521,0.1076555023923445,3.0,0.03841387856257745
3,0,42,D_subject,8,0.6970357454228422,-0.006538796861377594,0.06937799043062201,-15.0,0.03469640644361834
3,0,42,D_subject,9,0.6922406277244987,-0.011333914559721103,0.09090909090909091,-26.0,0.04956629491945477
3,0,42,E_structured,0,0.6926765475152573,-0.010897994768962471,0.07416267942583732,-25.0,0.04708798017348203
3,0,42,E_structured,1,0.7231909328683522,0.019616390584132448,0.1076555023923445,45.0,0.013011152416356878
3,0,42,E_structured,2,0.7131647776809067,0.009590235396686908,0.11244019138755981,22.0,0.024783147459727387
3,0,42,E_structured,3,0.7070619006102876,0.0034873583260678354,0.07177033492822966,8.0,0.02168525402726146
3,0,42,E_structured,4,0.7192676547515257,0.01569311246730587,0.12679425837320574,36.0,0.031598513011152414
3,0,42,E_structured,5,0.6904969485614647,-0.013077593722755076,0.07894736842105263,-30.0,0.055762081784386616
3,0,42,E_structured,6,0.7035745422842196,-2.220446049250313e-16,0.0861244019138756,0.0,0.03841387856257745
3,0,42,E_structured,7,0.7127288578901482,0.009154315605928387,0.07894736842105263,21.0,0.01858736059479554
3,0,42,E_structured,8,0.6835222319093286,-0.02005231037489119,0.04784688995215311,-46.0,0.04584882280049566
3,0,42,E_structured,9,0.6965998256320837,-0.006974716652136115,0.08133971291866028,-16.0,0.04399008674101611
3,0,42,F_decision,0,0.6970357454228422,-0.006538796861377594,0.05263157894736842,-15.0,0.027881040892193308
3,0,42,F_decision,1,0.7022667829119442,-0.0013077593722755632,0.0861244019138756,-3.0,0.03283767038413878
3,0,42,F_decision,2,0.6939843068875328,-0.009590235396687019,0.08851674641148326,-22.0,0.04584882280049566
3,0,42,F_decision,3,0.6896251089799477,-0.013949433304272119,0.06937799043062201,-32.0,0.048327137546468404
3,0,42,F_decision,4,0.7009590235396687,-0.0026155187445511263,0.07416267942583732,-6.0,0.031598513011152414
3,0,42,F_decision,5,0.7096774193548386,0.006102877070618851,0.11961722488038277,14.0,0.03593556381660471
3,0,42,F_decision,6,0.6952920662598082,-0.008282476024411567,0.03588516746411483,-19.0,0.027881040892193308
3,0,42,F_decision,7,0.7027027027027026,-0.0008718395815171531,0.06698564593301436,-2.0,0.030978934324659233
3,0,42,F_decision,8,0.7044463818657367,0.0008718395815169311,0.09808612440191387,2.0,0.03407682775712516
3,0,42,F_decision,9,0.6791630340017437,-0.02441150828247607,0.0430622009569378,-56.0,0.05080545229244114
3,0,43,C_activity_raw,0,0.6839581517000871,-0.0017436791630339732,0.04158004158004158,-4.0,0.02288620470438652
3,0,43,C_activity_raw,1,0.6992153443766347,0.013513513513513598,0.08316008316008316,31.0,0.008264462809917356
3,0,43,C_activity_raw,2,0.6817785527462947,-0.003923278116826356,0.04365904365904366,-9.0,0.024157660521296885
3,0,43,C_activity_raw,3,0.6848299912816042,-0.0008718395815169311,0.0498960498960499,-2.0,0.019707565162110616
3,0,43,C_activity_raw,4,0.6800348735832606,-0.005666957279860441,0.035343035343035345,-13.0,0.02288620470438652
3,0,43,C_activity_raw,5,0.7000871839581517,0.01438535309503064,0.07276507276507277,33.0,0.010171646535282899
3,0,43,C_activity_raw,6,0.7013949433304272,0.015693112467306092,0.09771309771309772,36.0,0.019707565162110616
3,0,43,C_activity_raw,7,0.6861377506538797,0.0004359197907586321,0.031185031185031187,1.0,0.01589319771137953
3,0,43,C_activity_raw,8,0.6830863121185701,-0.0026155187445510153,0.058212058212058215,-6.0,0.023521932612841703
3,0,43,C_activity_raw,9,0.6813426329555362,-0.0043591979075848775,0.02286902286902287,-10.0,0.017800381436745075
3,0,43,D_subject,0,0.6830863121185702,-0.0026155187445509043,0.079002079002079,-6.0,0.03877940241576605
3,0,43,D_subject,1,0.6939843068875328,0.008282476024411678,0.08731808731808732,19.0,0.02161474888747616
3,0,43,D_subject,2,0.6874455100261554,0.0017436791630343063,0.07276507276507277,4.0,0.024793388429752067
3,0,43,D_subject,3,0.6861377506538796,0.00043591979075852105,0.06444906444906445,1.0,0.02288620470438652
3,0,43,D_subject,4,0.6874455100261552,0.0017436791630340842,0.08731808731808732,4.0,0.036872218690400506
3,0,43,D_subject,5,0.6891891891891891,0.0034873583260680574,0.04573804573804574,8.0,0.015257469802924348
3,0,43,D_subject,6,0.6918047079337403,0.006102877070619184,0.07276507276507277,14.0,0.01589319771137953
3,0,43,D_subject,7,0.6865736704446382,0.0008718395815171531,0.060291060291060294,2.0,0.02097902097902098
3,0,43,D_subject,8,0.6891891891891893,0.0034873583260681684,0.07068607068607069,8.0,0.024793388429752067
3,0,43,D_subject,9,0.6948561464690497,0.009154315605928609,0.07484407484407485,21.0,0.01652892561983471
3,0,43,E_structured,0,0.6721883173496076,-0.013513513513513487,0.10395010395010396,-31.0,0.05848696757787667
3,0,43,E_structured,1,0.6817785527462946,-0.003923278116826467,0.08731808731808732,-9.0,0.036872218690400506
3,0,43,E_structured,2,0.6769834350479511,-0.008718395815169977,0.07276507276507277,-20.0,0.04450095359186268
3,0,43,E_structured,3,0.7048823016564952,0.01918047079337415,0.1101871101871102,44.0,0.015257469802924348
3,0,43,E_structured,4,0.6795989537925021,-0.006102877070618962,0.056133056133056136,-14.0,0.03496503496503497
3,0,43,E_structured,5,0.6891891891891891,0.0034873583260680574,0.05405405405405406,8.0,0.017164653528289893
3,0,43,E_structured,6,0.6979075850043592,0.012205754141238145,0.079002079002079,28.0,0.018436109345200253
3,0,43,E_structured,7,0.7040104620749782,0.018308631211857107,0.0893970893970894,42.0,0.013986013986013986
3,0,43,E_structured,8,0.682214472537053,-0.0034873583260680574,0.07068607068607069,-8.0,0.030514939605848695
3,0,43,E_structured,9,0.6992153443766348,0.013513513513513709,0.11434511434511435,31.0,0.02161474888747616
3,0,43,F_decision,0,0.6904969485614646,0.0047951176983435095,0.07068607068607069,11.0,0.023521932612841703
3,0,43,F_decision,1,0.6809067131647777,-0.0047951176983433985,0.0395010395010395,-11.0,0.024157660521296885
3,0,43,F_decision,2,0.6809067131647777,-0.0047951176983433985,0.06444906444906445,-11.0,0.030514939605848695
3,0,43,F_decision,3,0.6835222319093286,-0.0021795989537924942,0.062370062370062374,-5.0,0.028607755880483154
3,0,43,F_decision,4,0.7040104620749782,0.018308631211857107,0.09355509355509356,42.0,0.013986013986013986
3,0,43,F_decision,5,0.6835222319093288,-0.002179598953792272,0.06444906444906445,-5.0,0.031150667514303877
3,0,43,F_decision,6,0.6857018308631212,1.1102230246251565e-16,0.08523908523908524,0.0,0.036236490781945324
3,0,43,F_decision,7,0.7000871839581517,0.01438535309503064,0.08316008316008316,33.0,0.007628734901462174
3,0,43,F_decision,8,0.6809067131647777,-0.0047951176983433985,0.06652806652806653,-11.0,0.03750794659885569
3,0,43,F_decision,9,0.6979075850043592,0.012205754141238145,0.0893970893970894,28.0,0.023521932612841703
3,0,44,C_activity_raw,0,0.7114210985178726,-0.01482127288578916,0.12661498708010335,-34.0,0.058823529411764705
3,0,44,C_activity_raw,1,0.7105492589363557,-0.015693112467306092,0.04392764857881137,-36.0,0.04141656662665066
3,0,44,C_activity_raw,2,0.7258064516129032,-0.00043591979075852105,0.05426356589147287,-1.0,0.01800720288115246
3,0,44,C_activity_raw,3,0.7297297297297297,0.0034873583260679464,0.082687338501292,8.0,0.02100840336134454
3,0,44,C_activity_raw,4,0.6996512641673932,-0.026591107236268563,0.020671834625323,-61.0,0.04441776710684274
3,0,44,C_activity_raw,5,0.7166521360069747,-0.009590235396687019,0.06459948320413436,-22.0,0.03481392557022809
3,0,44,C_activity_raw,6,0.7223190932868353,-0.003923278116826467,0.06459948320413436,-9.0,0.02701080432172869
3,0,44,C_activity_raw,7,0.7044463818657367,-0.021795989537925053,0.09302325581395349,-50.0,0.05582232893157263
3,0,44,C_activity_raw,8,0.7083696599825632,-0.017872711421098586,0.05167958656330749,-41.0,0.045018007202881155
3,0,44,C_activity_raw,9,0.7183958151700087,-0.007846556233653046,0.028423772609819122,-18.0,0.02040816326530612
3,0,44,D_subject,0,0.7266782911944202,0.00043591979075841003,0.09560723514211886,1.0,0.031212484993997598
3,0,44,D_subject,1,0.6992153443766347,-0.027027027027027084,0.06718346253229975,-62.0,0.05582232893157263
3,0,44,D_subject,2,0.7297297297297297,0.0034873583260679464,0.13953488372093023,8.0,0.039015606242496996
3,0,44,D_subject,3,0.7362685265911072,0.010026155187445429,0.14470284237726097,23.0,0.035414165666266505
3,0,44,D_subject,4,0.7380122057541412,0.011769834350479402,0.14728682170542637,27.0,0.02460984393757503
3,0,44,D_subject,5,0.7166521360069746,-0.00959023539668713,0.08527131782945736,-22.0,0.042617046818727494
3,0,44,D_subject,6,0.7358326068003488,0.009590235396687019,0.1111111111111111,22.0,0.01800720288115246
3,0,44,D_subject,7,0.7253705318221447,-0.0008718395815170421,0.08527131782945736,-2.0,0.029411764705882353
3,0,44,D_subject,8,0.7070619006102876,-0.01918047079337415,0.04392764857881137,-44.0,0.040216086434573826
3,0,44,D_subject,9,0.7031386224934613,-0.023103748910200506,0.082687338501292,-53.0,0.05702280912364946
3,0,44,E_structured,0,0.7044463818657366,-0.021795989537925164,0.06718346253229975,-50.0,0.05222088835534214
3,0,44,E_structured,1,0.7109851787271142,-0.01525719267654757,0.06976744186046512,-35.0,0.046218487394957986
3,0,44,E_structured,2,0.7323452484742807,0.006102877070618962,0.10077519379844961,14.0,0.025210084033613446
3,0,44,E_structured,3,0.7183958151700087,-0.007846556233653046,0.11627906976744186,-18.0,0.05582232893157263
3,0,44,E_structured,4,0.7057541412380123,-0.02048823016564949,0.06201550387596899,-47.0,0.0468187274909964
3,0,44,E_structured,5,0.7118570183086312,-0.014385353095030529,0.12661498708010335,-33.0,0.06722689075630252
3,0,44,E_structured,6,0.7201394943330427,-0.006102877070619073,0.09043927648578812,-14.0,0.037815126050420166
3,0,44,E_structured,7,0.7262423714036618,0.0,0.13178294573643412,0.0,0.03721488595438175
3,0,44,E_structured,8,0.7362685265911072,0.010026155187445429,0.09560723514211886,23.0,0.02220888355342137
3,0,44,E_structured,9,0.7288578901482127,0.0026155187445509043,0.05426356589147287,6.0,0.015006002400960384
3,0,44,F_decision,0,0.7092414995640802,-0.017000871839581544,0.05167958656330749,-39.0,0.042617046818727494
3,0,44,F_decision,1,0.7070619006102877,-0.019180470793374038,0.082687338501292,-44.0,0.05042016806722689
3,0,44,F_decision,2,0.7288578901482127,0.0026155187445509043,0.11369509043927649,6.0,0.028811524609843937
3,0,44,F_decision,3,0.7201394943330428,-0.006102877070618962,0.04909560723514212,-14.0,0.02581032412965186
3,0,44,F_decision,4,0.6865736704446381,-0.03966870095902364,0.03617571059431524,-91.0,0.06962785114045618
3,0,44,F_decision,5,0.7327811682650391,0.006538796861377372,0.10852713178294573,15.0,0.036614645858343335
3,0,44,F_decision,6,0.6848299912816042,-0.04141238012205761,0.06976744186046512,-95.0,0.07983193277310924
3,0,44,F_decision,7,0.7231909328683521,-0.0030514385353096474,0.1111111111111111,-7.0,0.034213685474189674
3,0,44,F_decision,8,0.7249346120313862,-0.0013077593722755632,0.03875968992248062,-3.0,0.017406962785114045
3,0,44,F_decision,9,0.7327811682650391,0.006538796861377372,0.12144702842377261,15.0,0.03241296518607443
3,1,42,C_activity_raw,0,0.7279860505666957,0.0013077593722754521,0.17006802721088435,3.0,0.03779244151169766
3,1,42,C_activity_raw,1,0.7340889276373147,0.007410636442894414,0.16666666666666666,17.0,0.02579484103179364
3,1,42,C_activity_raw,2,0.7223190932868353,-0.0043591979075849885,0.11904761904761904,-10.0,0.04019196160767846
3,1,42,C_activity_raw,3,0.7397558849171753,0.013077593722754965,0.17346938775510204,30.0,0.029994001199760048
3,1,42,C_activity_raw,4,0.7336530078465562,0.006974716652135893,0.11904761904761904,16.0,0.020395920815836834
3,1,42,C_activity_raw,5,0.7310374891020053,0.0043591979075849885,0.12244897959183673,10.0,0.02519496100779844
3,1,42,C_activity_raw,6,0.7397558849171753,0.013077593722754965,0.20748299319727892,30.0,0.029994001199760048
3,1,42,C_activity_raw,7,0.7388840453356583,0.012205754141238034,0.23809523809523808,28.0,0.03839232153569286
3,1,42,C_activity_raw,8,0.7406277244986922,0.013949433304271897,0.15306122448979592,32.0,0.015596880623875225
3,1,42,C_activity_raw,9,0.7519616390584133,0.025283347863993,0.20068027210884354,58.0,0.014397120575884824
3,1,42,D_subject,0,0.7532693984306887,0.026591107236268452,0.2653061224489796,61.0,0.02579484103179364
3,1,42,D_subject,1,0.7406277244986922,0.013949433304271897,0.20408163265306123,32.0,0.026994601079784044
3,1,42,D_subject,2,0.7476024411508283,0.02092414995640801,0.19047619047619047,48.0,0.01739652069586083
3,1,42,D_subject,3,0.7375762859633828,0.010897994768962471,0.24149659863945577,25.0,0.03839232153569286
3,1,42,D_subject,4,0.7715780296425457,0.04489973844812545,0.3299319727891156,103.0,0.02399520095980804
3,1,42,D_subject,5,0.7506538796861378,0.023975588491717548,0.25170068027210885,55.0,0.02459508098380324
3,1,42,D_subject,6,0.7380122057541412,0.011333914559720881,0.23469387755102042,26.0,0.03239352129574085
3,1,42,D_subject,7,0.7462946817785527,0.019616390584132448,0.19727891156462585,45.0,0.01919616076784643
3,1,42,D_subject,8,0.7641673931996512,0.03748910200523092,0.3163265306122449,86.0,0.017996400719856028
3,1,42,D_subject,9,0.7310374891020052,0.0043591979075848775,0.16666666666666666,10.0,0.028794241151769647
3,1,42,E_structured,0,0.7000871839581516,-0.026591107236268674,0.1870748299319728,-61.0,0.08158368326334733
3,1,42,E_structured,1,0.7275501307759371,0.0008718395815168201,0.19387755102040816,2.0,0.041391721655668866
3,1,42,E_structured,2,0.7336530078465561,0.006974716652135782,0.1870748299319728,16.0,0.029994001199760048
3,1,42,E_structured,3,0.7131647776809067,-0.013513513513513598,0.16666666666666666,-31.0,0.05338932213557288
3,1,42,E_structured,4,0.7149084568439407,-0.011769834350479624,0.10884353741496598,-27.0,0.04439112177564487
3,1,42,E_structured,5,0.7297297297297297,0.0030514385353094253,0.25510204081632654,7.0,0.04859028194361128
3,1,42,E_structured,6,0.7432432432432432,0.016564952048822912,0.2755102040816326,38.0,0.03539292141571686
3,1,42,E_structured,7,0.7441150828247602,0.017436791630339954,0.15306122448979592,40.0,0.011397720455908818
3,1,42,E_structured,8,0.7419354838709677,0.01525719267654746,0.17687074829931973,35.0,0.02519496100779844
3,1,42,E_structured,9,0.7079337401918047,-0.018744551002615628,0.22108843537414966,-43.0,0.07378524295140972
3,1,42,F_decision,0,0.7349607672188317,0.008282476024411456,0.19047619047619047,19.0,0.033593281343731254
3,1,42,F_decision,1,0.7414995640802092,0.014821272885788939,0.21768707482993196,34.0,0.027594481103779243
3,1,42,F_decision,2,0.7602441150828247,0.033565823888404456,0.2619047619047619,77.0,0.01199760047990402
3,1,42,F_decision,3,0.7401918047079338,0.013513513513513487,0.19047619047619047,31.0,0.027594481103779243
3,1,42,F_decision,4,0.7419354838709677,0.01525719267654746,0.1870748299319728,35.0,0.022795440911817635
3,1,42,F_decision,5,0.7484742807323452,0.021795989537924942,0.23469387755102042,50.0,0.017996400719856028
3,1,42,F_decision,6,0.7218831734960767,-0.0047951176983436206,0.13945578231292516,-11.0,0.03959208158368326
3,1,42,F_decision,7,0.7258064516129031,-0.0008718395815171531,0.1326530612244898,-2.0,0.035992801439712056
3,1,42,F_decision,8,0.7288578901482128,0.0021795989537924942,0.19727891156462585,5.0,0.03659268146370726
3,1,42,F_decision,9,0.7266782911944202,-1.1102230246251565e-16,0.14285714285714285,0.0,0.028194361127774445
3,1,43,C_activity_raw,0,0.6521360069747166,-0.0034873583260681684,0.11382113821138211,-8.0,0.0398936170212766
3,1,43,C_activity_raw,1,0.6643417611159547,0.008718395815169866,0.1111111111111111,20.0,0.028590425531914893
3,1,43,C_activity_raw,2,0.6678291194420226,0.012205754141237812,0.15176151761517614,28.0,0.030585106382978722
3,1,43,C_activity_raw,3,0.6490845684394071,-0.006538796861377705,0.0975609756097561,-15.0,0.0425531914893617
3,1,43,C_activity_raw,4,0.6538796861377507,-0.0017436791630340842,0.04607046070460705,-4.0,0.0199468085106383
3,1,43,C_activity_raw,5,0.6612903225806451,0.00566695727986033,0.11382113821138211,13.0,0.02925531914893617
3,1,43,C_activity_raw,6,0.6547515257192678,-0.0008718395815170421,0.06233062330623306,-2.0,0.027925531914893616
3,1,43,C_activity_raw,7,0.6669572798605057,0.011333914559720881,0.10840108401084012,26.0,0.013962765957446808
3,1,43,C_activity_raw,8,0.6700087183958152,0.014385353095030418,0.15176151761517614,33.0,0.023936170212765957
3,1,43,C_activity_raw,9,0.6761115954664342,0.02048823016564938,0.18157181571815717,47.0,0.022606382978723406
3,1,43,D_subject,0,0.6687009590235398,0.013077593722754965,0.14363143631436315,30.0,0.024601063829787235
3,1,43,D_subject,1,0.6647776809067132,0.009154315605928387,0.16260162601626016,21.0,0.0398936170212766
3,1,43,D_subject,2,0.6687009590235395,0.013077593722754743,0.15718157181571815,30.0,0.036569148936170214
3,1,43,D_subject,3,0.6534437663469922,-0.0021795989537926053,0.11382113821138211,-5.0,0.04454787234042553
3,1,43,D_subject,4,0.6795989537925022,0.023975588491717437,0.21138211382113822,55.0,0.03523936170212766
3,1,43,D_subject,5,0.6787271142109852,0.023103748910200395,0.17615176151761516,53.0,0.032579787234042555
3,1,43,D_subject,6,0.6673931996512641,0.011769834350479291,0.11382113821138211,27.0,0.024601063829787235
3,1,43,D_subject,7,0.6748038360941587,0.019180470793373927,0.19241192411924118,44.0,0.02925531914893617
3,1,43,D_subject,8,0.6660854402789886,0.01046207497820384,0.12466124661246612,24.0,0.02925531914893617
3,1,43,D_subject,9,0.6377506538796861,-0.017872711421098697,0.10569105691056911,-41.0,0.061170212765957445
3,1,43,E_structured,0,0.6591107236268527,0.0034873583260679464,0.14634146341463414,8.0,0.04920212765957447
3,1,43,E_structured,1,0.6826503923278116,0.02702702702702675,0.2140921409214092,62.0,0.027925531914893616
3,1,43,E_structured,2,0.6765475152571927,0.0209241499564079,0.17615176151761516,48.0,0.021941489361702128
3,1,43,E_structured,3,0.6425457715780296,-0.013077593722755187,0.07859078590785908,-30.0,0.04654255319148936
3,1,43,E_structured,4,0.6578029642545772,0.0021795989537923832,0.13550135501355012,5.0,0.04055851063829787
3,1,43,E_structured,5,0.6678291194420226,0.012205754141237812,0.12195121951219512,28.0,0.02925531914893617
3,1,43,E_structured,6,0.6678291194420226,0.012205754141237812,0.16531165311653118,28.0,0.032579787234042555
3,1,43,E_structured,7,0.6477768090671316,-0.007846556233653157,0.08672086720867209,-18.0,0.045877659574468085
3,1,43,E_structured,8,0.6503923278116827,-0.005231037489102142,0.14905149051490515,-12.0,0.05319148936170213
3,1,43,E_structured,9,0.6508282476024412,-0.0047951176983436206,0.0948509485094851,-11.0,0.041223404255319146
3,1,43,F_decision,0,0.6708805579773321,0.015257192676547349,0.12466124661246612,35.0,0.015292553191489361
3,1,43,F_decision,1,0.6612903225806452,0.005666957279860441,0.13550135501355012,13.0,0.0398936170212766
3,1,43,F_decision,2,0.6582388840453357,0.0026155187445509043,0.12737127371273713,6.0,0.03523936170212766
3,1,43,F_decision,3,0.6442894507410637,-0.011333914559721103,0.1111111111111111,-26.0,0.05053191489361702
3,1,43,F_decision,4,0.6734960767218832,0.017872711421098364,0.15447154471544716,41.0,0.0199468085106383
3,1,43,F_decision,5,0.6839581517000872,0.028334786399302425,0.17344173441734417,65.0,0.017287234042553192
3,1,43,F_decision,6,0.6656495204882301,0.010026155187445318,0.11924119241192412,23.0,0.018617021276595744
3,1,43,F_decision,7,0.6625980819529207,0.006974716652135893,0.15989159891598917,16.0,0.03922872340425532
3,1,43,F_decision,8,0.6804707933740192,0.024847428073234368,0.15447154471544716,57.0,0.012632978723404254
3,1,43,F_decision,9,0.6743679163034001,0.018744551002615295,0.1897018970189702,43.0,0.02726063829787234
3,1,44,C_activity_raw,0,0.7109851787271142,0.0,0.06944444444444445,0.0,0.025137952176578784
3,1,44,C_activity_raw,1,0.7153443766346992,0.0043591979075849885,0.08055555555555556,10.0,0.020846106683016553
3,1,44,C_activity_raw,2,0.7114210985178727,0.00043591979075852105,0.09444444444444444,1.0,0.028203556100551808
3,1,44,C_activity_raw,3,0.7048823016564951,-0.006102877070619073,0.06111111111111111,-14.0,0.028203556100551808
3,1,44,C_activity_raw,4,0.7035745422842197,-0.007410636442894525,0.075,-17.0,0.03310852237890864
3,1,44,C_activity_raw,5,0.7079337401918047,-0.0030514385353095363,0.11666666666666667,-7.0,0.036174126302881665
3,1,44,C_activity_raw,6,0.7013949433304272,-0.009590235396687019,0.07777777777777778,-22.0,0.03923973022685469
3,1,44,C_activity_raw,7,0.7131647776809067,0.0021795989537924942,0.11944444444444445,5.0,0.03188228080931944
3,1,44,C_activity_raw,8,0.7136006974716652,0.0026155187445510153,0.06388888888888888,6.0,0.022072348252605765
3,1,44,C_activity_raw,9,0.7092414995640801,-0.0017436791630340842,0.075,-4.0,0.027590435315757205
3,1,44,D_subject,0,0.7027027027027026,-0.008282476024411567,0.07777777777777778,-19.0,0.036174126302881665
3,1,44,D_subject,1,0.7031386224934612,-0.007846556233653046,0.08055555555555556,-18.0,0.03801348865726548
3,1,44,D_subject,2,0.7035745422842197,-0.007410636442894525,0.08055555555555556,-17.0,0.03249540159411404
3,1,44,D_subject,3,0.6992153443766347,-0.011769834350479513,0.07222222222222222,-27.0,0.0404659717964439
3,1,44,D_subject,4,0.7258064516129031,0.014821272885788939,0.20555555555555555,34.0,0.03494788473329246
3,1,44,D_subject,5,0.7249346120313863,0.013949433304272119,0.10555555555555556,32.0,0.012875536480686695
3,1,44,D_subject,6,0.7122929380993898,0.0013077593722755632,0.06666666666666667,3.0,0.02023298589822195
3,1,44,D_subject,7,0.7210113339145597,0.01002615518744554,0.11944444444444445,23.0,0.02023298589822195
3,1,44,D_subject,8,0.7162162162162161,0.00523103748910192,0.09444444444444444,12.0,0.019619865113427344
3,1,44,D_subject,9,0.7214472537053183,0.010462074978204061,0.16944444444444445,24.0,0.03249540159411404
3,1,44,E_structured,0,0.7092414995640802,-0.0017436791630339732,0.08333333333333333,-4.0,0.0269773145309626
3,1,44,E_structured,1,0.6643417611159547,-0.04664341761115953,0.04722222222222222,-107.0,0.08031882280809319
3,1,44,E_structured,2,0.7231909328683523,0.012205754141238145,0.11388888888888889,28.0,0.018393623543838136
3,1,44,E_structured,3,0.7288578901482128,0.017872711421098586,0.16111111111111112,41.0,0.020846106683016553
3,1,44,E_structured,4,0.7175239755884917,0.006538796861377483,0.11944444444444445,15.0,0.027590435315757205
3,1,44,E_structured,5,0.7070619006102877,-0.003923278116826467,0.09444444444444444,-9.0,0.03740036787247088
3,1,44,E_structured,6,0.6996512641673932,-0.011333914559720992,0.05,-26.0,0.036174126302881665
3,1,44,E_structured,7,0.7188317349607672,0.007846556233653046,0.06666666666666667,18.0,0.015328019619865114
3,1,44,E_structured,8,0.7057541412380122,-0.005231037489102031,0.06388888888888888,-12.0,0.030656039239730228
3,1,44,E_structured,9,0.7118570183086311,0.0008718395815169311,0.09166666666666666,2.0,0.030042918454935622
3,1,44,F_decision,0,0.6961639058413251,-0.01482127288578905,0.07777777777777778,-34.0,0.04721030042918455
3,1,44,F_decision,1,0.6992153443766346,-0.011769834350479624,0.10277777777777777,-27.0,0.05027590435315757
3,1,44,F_decision,2,0.6948561464690496,-0.016129032258064613,0.08333333333333333,-37.0,0.05272838749233599
3,1,44,F_decision,3,0.7057541412380122,-0.005231037489102031,0.09444444444444444,-12.0,0.03494788473329246
3,1,44,F_decision,4,0.7088055797733217,-0.0021795989537924942,0.08333333333333333,-5.0,0.0269773145309626
3,1,44,F_decision,5,0.7122929380993898,0.0013077593722755632,0.11388888888888889,3.0,0.029429797670141016
3,1,44,F_decision,6,0.7040104620749782,-0.006974716652136004,0.10833333333333334,-16.0,0.043531575720416923
3,1,44,F_decision,7,0.7027027027027027,-0.008282476024411456,0.06944444444444445,-19.0,0.035561005518087066
3,1,44,F_decision,8,0.6913687881429816,-0.01961639058413256,0.05555555555555555,-45.0,0.04659717964438995
3,1,44,F_decision,9,0.7201394943330427,0.009154315605928498,0.14166666666666666,21.0,0.026364193746167996
3,2,42,C_activity_raw,0,0.8123287671232877,0.007305936073059405,0.09154929577464789,16.0,0.01871809415768576
3,2,42,C_activity_raw,1,0.819634703196347,0.014611872146118698,0.13380281690140844,32.0,0.009642654566080544
3,2,42,C_activity_raw,2,0.8118721461187215,0.006849315068493178,0.1267605633802817,15.0,0.015314804310833806
3,2,42,C_activity_raw,3,0.8168949771689498,0.01187214611872145,0.10211267605633803,26.0,0.00737379466817924
3,2,42,C_activity_raw,4,0.8200913242009132,0.015068493150684925,0.10211267605633803,33.0,0.009642654566080544
3,2,42,C_activity_raw,5,0.7926940639269406,-0.012328767123287676,0.028169014084507043,-27.0,0.023255813953488372
3,2,42,C_activity_raw,6,0.8009132420091324,-0.004109589041095929,0.04929577464788732,-9.0,0.01474758933635848
3,2,42,C_activity_raw,7,0.8018264840182648,-0.0031963470319634757,0.06338028169014084,-7.0,0.017016449234259785
3,2,42,C_activity_raw,8,0.8114155251141552,0.00639269406392684,0.07746478873239436,14.0,0.012478729438457176
3,2,42,C_activity_raw,9,0.8050228310502283,0.0,0.014084507042253521,0.0,0.00737379466817924
3,2,42,D_subject,0,0.8136986301369864,0.008675799086758085,0.09507042253521127,19.0,0.008508224617129892
3,2,42,D_subject,1,0.7872146118721461,-0.017808219178082174,0.035211267605633804,-39.0,0.033465683494044246
3,2,42,D_subject,2,0.8082191780821916,0.0031963470319632536,0.10211267605633803,7.0,0.01758366420873511
3,2,42,D_subject,3,0.8041095890410959,-0.0009132420091324533,0.13380281690140844,-2.0,0.03119682359614294
3,2,42,D_subject,4,0.8068493150684931,0.0018264840182647957,0.13028169014084506,4.0,0.02212138400453772
3,2,42,D_subject,5,0.7958904109589041,-0.0091324200913242,0.07746478873239436,-20.0,0.027793533749290982
3,2,42,D_subject,6,0.8022831050228312,-0.002739726027397138,0.035211267605633804,-6.0,0.01191151446398185
3,2,42,D_subject,7,0.8004566210045663,-0.004566210045662045,0.06690140845070422,-10.0,0.021554169030062395
3,2,42,D_subject,8,0.7990867579908676,-0.005936073059360725,0.09859154929577464,-13.0,0.027226318774815655
3,2,42,D_subject,9,0.8,-0.005022831050228271,0.07746478873239436,-11.0,0.02098695405558707
3,2,42,E_structured,0,0.8059360730593608,0.0009132420091324533,0.1267605633802817,2.0,0.02665910380034033
3,2,42,E_structured,1,0.7945205479452055,-0.01050228310502277,0.10915492957746478,-23.0,0.0368689733408962
3,2,42,E_structured,2,0.8059360730593608,0.0009132420091324533,0.10211267605633803,2.0,0.022688598979013045
3,2,42,E_structured,3,0.7954337899543379,-0.009589041095890427,0.0528169014084507,-21.0,0.025524673851389675
3,2,42,E_structured,4,0.7945205479452055,-0.01050228310502277,0.08098591549295775,-23.0,0.033465683494044246
3,2,42,E_structured,5,0.8022831050228311,-0.002739726027397249,0.10211267605633803,-6.0,0.027226318774815655
3,2,42,E_structured,6,0.8214611872146118,0.016438356164383494,0.11267605633802817,36.0,0.012478729438457176
3,2,42,E_structured,7,0.8027397260273973,-0.0022831050228310223,0.09154929577464789,-5.0,0.021554169030062395
3,2,42,E_structured,8,0.8187214611872146,0.013698630136986245,0.15492957746478872,30.0,0.024390243902439025
3,2,42,E_structured,9,0.8050228310502283,0.0,0.09507042253521127,0.0,0.0238230289279637
3,2,42,F_decision,0,0.7885844748858447,-0.016438356164383605,0.0528169014084507,-36.0,0.030629608621667612
3,2,42,F_decision,1,0.7990867579908676,-0.005936073059360725,0.09507042253521127,-13.0,0.024957458876914352
3,2,42,F_decision,2,0.7972602739726027,-0.007762557077625631,0.028169014084507043,-17.0,0.01871809415768576
3,2,42,F_decision,3,0.8004566210045663,-0.004566210045662045,0.06690140845070422,-10.0,0.018150879183210438
3,2,42,F_decision,4,0.8013698630136986,-0.0036529680365297024,0.08450704225352113,-8.0,0.022688598979013045
3,2,42,F_decision,5,0.7858447488584475,-0.019178082191780854,0.056338028169014086,-42.0,0.036301758366420876
3,2,42,F_decision,6,0.8036529680365297,-0.001369863013698569,0.09507042253521127,-3.0,0.023255813953488372
3,2,42,F_decision,7,0.7771689497716895,-0.027853881278538828,0.02464788732394366,-61.0,0.041406693136698806
3,2,42,F_decision,8,0.8118721461187215,0.006849315068493178,0.11971830985915492,15.0,0.02212138400453772
3,2,42,F_decision,9,0.7999999999999999,-0.005022831050228382,0.07394366197183098,-11.0,0.027793533749290982
3,2,43,C_activity_raw,0,0.719634703196347,0.0,0.042328042328042326,0.0,0.01903553299492386
3,2,43,C_activity_raw,1,0.7022831050228311,-0.017351598173515947,0.042328042328042326,-38.0,0.03934010152284264
3,2,43,C_activity_raw,2,0.7187214611872147,-0.0009132420091323423,0.05291005291005291,-2.0,0.022208121827411168
3,2,43,C_activity_raw,3,0.7082191780821918,-0.011415525114155223,0.05026455026455026,-25.0,0.030456852791878174
3,2,43,C_activity_raw,4,0.7123287671232876,-0.007305936073059405,0.06878306878306878,-16.0,0.03426395939086294
3,2,43,C_activity_raw,5,0.7401826484018265,0.020547945205479423,0.12962962962962962,45.0,0.01967005076142132
3,2,43,C_activity_raw,6,0.7223744292237443,0.002739726027397249,0.082010582010582,6.0,0.023477157360406092
3,2,43,C_activity_raw,7,0.7187214611872146,-0.0009132420091324533,0.06613756613756613,-2.0,0.02030456852791878
3,2,43,C_activity_raw,8,0.7173515981735161,-0.0022831050228309113,0.05291005291005291,-5.0,0.022208121827411168
3,2,43,C_activity_raw,9,0.736986301369863,0.017351598173515947,0.10317460317460317,38.0,0.013959390862944163
3,2,43,D_subject,0,0.7191780821917809,-0.00045662100456611565,0.07936507936507936,-1.0,0.031091370558375634
3,2,43,D_subject,1,0.7132420091324201,-0.006392694063926951,0.0873015873015873,-14.0,0.037436548223350255
3,2,43,D_subject,2,0.6977168949771689,-0.021917808219178103,0.07407407407407407,-48.0,0.056472081218274114
3,2,43,D_subject,3,0.7082191780821917,-0.011415525114155334,0.05026455026455026,-25.0,0.03616751269035533
3,2,43,D_subject,4,0.7118721461187214,-0.007762557077625631,0.06613756613756613,-17.0,0.03426395939086294
3,2,43,D_subject,5,0.7319634703196347,0.012328767123287676,0.09523809523809523,27.0,0.01903553299492386
3,2,43,D_subject,6,0.7022831050228311,-0.017351598173515947,0.05026455026455026,-38.0,0.0399746192893401
3,2,43,D_subject,7,0.715068493150685,-0.004566210045662045,0.082010582010582,-10.0,0.03362944162436548
3,2,43,D_subject,8,0.7210045662100457,0.00136986301369868,0.07936507936507936,3.0,0.0266497461928934
3,2,43,D_subject,9,0.7242009132420092,0.004566210045662156,0.08994708994708994,10.0,0.022208121827411168
3,2,43,E_structured,0,0.7041095890410959,-0.015525114155251152,0.06878306878306878,-34.0,0.04187817258883249
3,2,43,E_structured,1,0.6981735159817352,-0.021461187214611877,0.0582010582010582,-47.0,0.04949238578680203
3,2,43,E_structured,2,0.7296803652968036,0.010045662100456543,0.0873015873015873,22.0,0.02284263959390863
3,2,43,E_structured,3,0.7287671232876712,0.0091324200913242,0.0873015873015873,20.0,0.020939086294416244
3,2,43,E_structured,4,0.730593607305936,0.010958904109588996,0.09259259259259259,24.0,0.015862944162436547
3,2,43,E_structured,5,0.7273972602739726,0.00776255707762552,0.1349206349206349,17.0,0.038705583756345176
3,2,43,E_structured,6,0.7095890410958904,-0.010045662100456654,0.06349206349206349,-22.0,0.03680203045685279
3,2,43,E_structured,7,0.6945205479452055,-0.02511415525114158,0.021164021164021163,-55.0,0.04758883248730964
3,2,43,E_structured,8,0.7159817351598174,-0.0036529680365295913,0.05555555555555555,-8.0,0.023477157360406092
3,2,43,E_structured,9,0.7100456621004566,-0.009589041095890427,0.07407407407407407,-21.0,0.03553299492385787
3,2,43,F_decision,0,0.7246575342465754,0.005022831050228382,0.07142857142857142,11.0,0.01713197969543147
3,2,43,F_decision,1,0.6972602739726028,-0.02237442922374422,0.047619047619047616,-49.0,0.048223350253807105
3,2,43,F_decision,2,0.7109589041095891,-0.008675799086757974,0.0582010582010582,-19.0,0.03299492385786802
3,2,43,F_decision,3,0.7027397260273973,-0.01689497716894972,0.05026455026455026,-37.0,0.04378172588832487
3,2,43,F_decision,4,0.7264840182648402,0.006849315068493178,0.082010582010582,15.0,0.018401015228426396
3,2,43,F_decision,5,0.7196347031963469,-1.1102230246251565e-16,0.07142857142857142,0.0,0.0266497461928934
3,2,43,F_decision,6,0.6835616438356164,-0.036073059360730686,0.04497354497354497,-79.0,0.06598984771573604
3,2,43,F_decision,7,0.7127853881278539,-0.006849315068493178,0.10846560846560846,-15.0,0.04568527918781726
3,2,43,F_decision,8,0.7251141552511415,0.005479452054794498,0.09259259259259259,12.0,0.023477157360406092
3,2,43,F_decision,9,0.7146118721461188,-0.005022831050228271,0.13756613756613756,-11.0,0.048223350253807105
3,2,44,C_activity_raw,0,0.784931506849315,0.001369863013698569,0.053691275167785234,3.0,0.015151515151515152
3,2,44,C_activity_raw,1,0.7808219178082192,-0.002739726027397249,0.04697986577181208,-6.0,0.019230769230769232
3,2,44,C_activity_raw,2,0.791324200913242,0.00776255707762552,0.09731543624161074,17.0,0.012237762237762238
3,2,44,C_activity_raw,3,0.7721461187214612,-0.011415525114155223,0.087248322147651,-25.0,0.034382284382284384
3,2,44,C_activity_raw,4,0.7593607305936073,-0.024200913242009126,0.0436241610738255,-53.0,0.04603729603729604
3,2,44,C_activity_raw,5,0.7808219178082192,-0.002739726027397249,0.11073825503355705,-6.0,0.030303030303030304
3,2,44,C_activity_raw,6,0.769406392694064,-0.014155251141552472,0.020134228187919462,-31.0,0.02505827505827506
3,2,44,C_activity_raw,7,0.782648401826484,-0.0009132420091324533,0.053691275167785234,-2.0,0.013403263403263404
3,2,44,C_activity_raw,8,0.7835616438356164,0.0,0.09731543624161074,0.0,0.024475524475524476
3,2,44,C_activity_raw,9,0.7894977168949772,0.005936073059360725,0.06711409395973154,13.0,0.011072261072261072
3,2,44,D_subject,0,0.7789954337899543,-0.004566210045662156,0.1174496644295302,-10.0,0.030303030303030304
3,2,44,D_subject,1,0.7671232876712328,-0.016438356164383605,0.026845637583892617,-36.0,0.030885780885780884
3,2,44,D_subject,2,0.7657534246575343,-0.017808219178082174,0.06040268456375839,-39.0,0.039627039627039624
3,2,44,D_subject,3,0.769406392694064,-0.014155251141552472,0.07046979865771812,-31.0,0.037296037296037296
3,2,44,D_subject,4,0.7849315068493151,0.00136986301369868,0.10738255033557047,3.0,0.023892773892773892
3,2,44,D_subject,5,0.7739726027397261,-0.009589041095890316,0.1610738255033557,-21.0,0.046620046620046623
3,2,44,D_subject,6,0.7780821917808219,-0.005479452054794498,0.07718120805369127,-12.0,0.02505827505827506
3,2,44,D_subject,7,0.7511415525114156,-0.03242009132420087,0.020134228187919462,-71.0,0.046620046620046623
3,2,44,D_subject,8,0.7808219178082192,-0.002739726027397249,0.087248322147651,-6.0,0.022727272727272728
3,2,44,D_subject,9,0.8,0.016438356164383605,0.174496644295302,36.0,0.018065268065268064
3,2,44,E_structured,0,0.7949771689497718,0.011415525114155334,0.2080536912751678,25.0,0.030303030303030304
3,2,44,E_structured,1,0.773972602739726,-0.009589041095890427,0.0738255033557047,-21.0,0.02972027972027972
3,2,44,E_structured,2,0.7981735159817351,0.014611872146118698,0.1912751677852349,32.0,0.02564102564102564
3,2,44,E_structured,3,0.7840182648401827,0.0004566210045662267,0.11409395973154363,1.0,0.023892773892773892
3,2,44,E_structured,4,0.7949771689497717,0.011415525114155223,0.15436241610738255,25.0,0.017482517482517484
3,2,44,E_structured,5,0.7707762557077626,-0.012785388127853792,0.06040268456375839,-28.0,0.02972027972027972
3,2,44,E_structured,6,0.7785388127853882,-0.005022831050228271,0.09731543624161074,-11.0,0.024475524475524476
3,2,44,E_structured,7,0.7917808219178083,0.008219178082191858,0.1174496644295302,18.0,0.013986013986013986
3,2,44,E_structured,8,0.7890410958904109,0.005479452054794498,0.15436241610738255,12.0,0.022727272727272728
3,2,44,E_structured,9,0.802283105022831,0.018721461187214516,0.16778523489932887,41.0,0.01282051282051282
3,2,44,F_decision,0,0.780365296803653,-0.0031963470319634757,0.10738255033557047,-7.0,0.03146853146853147
3,2,44,F_decision,1,0.7821917808219176,-0.001369863013698791,0.09395973154362416,-3.0,0.022144522144522144
3,2,44,F_decision,2,0.7744292237442922,-0.0091324200913242,0.11409395973154363,-20.0,0.037296037296037296
3,2,44,F_decision,3,0.7826484018264841,-0.0009132420091323423,0.08389261744966443,-2.0,0.02097902097902098
3,2,44,F_decision,4,0.7684931506849315,-0.015068493150684925,0.05704697986577181,-33.0,0.03146853146853147
3,2,44,F_decision,5,0.7707762557077625,-0.012785388127853903,0.087248322147651,-28.0,0.038461538461538464
3,2,44,F_decision,6,0.7894977168949772,0.005936073059360725,0.1342281879194631,13.0,0.022144522144522144
3,2,44,F_decision,7,0.7621004566210046,-0.021461187214611877,0.050335570469798654,-47.0,0.04487179487179487
3,2,44,F_decision,8,0.7876712328767123,0.004109589041095818,0.11073825503355705,9.0,0.019230769230769232
3,2,44,F_decision,9,0.7789954337899544,-0.004566210045662045,0.09395973154362416,-10.0,0.027389277389277388
4,0,42,C_activity_raw,0,0.7449869224062772,-0.0043591979075852105,0.04262295081967213,-10.0,0.016288539848749273
4,0,42,C_activity_raw,1,0.7545771578029642,0.0052310374891018085,0.07540983606557378,12.0,0.011634671320535195
4,0,42,C_activity_raw,2,0.7497820401046207,0.000435919790758299,0.08852459016393442,1.0,0.02152414194299011
4,0,42,C_activity_raw,3,0.7567567567567567,0.007410636442894303,0.06885245901639345,17.0,0.008144269924374637
4,0,42,C_activity_raw,4,0.7441150828247601,-0.005231037489102253,0.05245901639344262,-12.0,0.02210587550901687
4,0,42,C_activity_raw,5,0.7401918047079338,-0.009154315605928609,0.06557377049180328,-21.0,0.027923211169284468
4,0,42,C_activity_raw,6,0.7523975588491717,0.0030514385353093143,0.029508196721311476,7.0,0.0034904013961605585
4,0,42,C_activity_raw,7,0.7423714036617263,-0.006974716652136115,0.04262295081967213,-16.0,0.02036067481093659
4,0,42,C_activity_raw,8,0.7441150828247604,-0.005231037489102031,0.036065573770491806,-12.0,0.018033740546829553
4,0,42,C_activity_raw,9,0.7523975588491717,0.0030514385353093143,0.07213114754098361,7.0,0.014543339150668994
4,0,42,D_subject,0,0.7480383609415866,-0.0013077593722757852,0.08524590163934426,-3.0,0.028504944735311226
4,0,42,D_subject,1,0.7471665213600697,-0.0021795989537927163,0.10491803278688525,-5.0,0.02617801047120419
4,0,42,D_subject,2,0.7541412380122058,0.0047951176983433985,0.10491803278688525,11.0,0.014543339150668994
4,0,42,D_subject,3,0.7323452484742807,-0.017000871839581655,0.07868852459016394,-39.0,0.04130308318789994
4,0,42,D_subject,4,0.7506538796861377,0.0013077593722753411,0.05245901639344262,3.0,0.010471204188481676
4,0,42,D_subject,5,0.750653879686138,0.0013077593722755632,0.07868852459016394,3.0,0.02268760907504363
4,0,42,D_subject,6,0.7497820401046208,0.00043591979075841003,0.11147540983606558,1.0,0.02385107620709715
4,0,42,D_subject,7,0.7423714036617263,-0.006974716652136115,0.07868852459016394,-16.0,0.03315881326352531
4,0,42,D_subject,8,0.7410636442894507,-0.008282476024411678,0.06229508196721312,-19.0,0.028504944735311226
4,0,42,D_subject,9,0.7484742807323452,-0.0008718395815171531,0.08852459016393442,-2.0,0.02152414194299011
4,0,42,E_structured,0,0.7585004359197907,0.009154315605928276,0.10819672131147541,21.0,0.012216404886561954
4,0,42,E_structured,1,0.7362685265911073,-0.013077593722755076,0.06229508196721312,-30.0,0.031413612565445025
4,0,42,E_structured,2,0.7428073234524848,-0.006538796861377594,0.05901639344262295,-15.0,0.038976148923792905
4,0,42,E_structured,3,0.7419354838709677,-0.007410636442894636,0.05245901639344262,-17.0,0.02385107620709715
4,0,42,E_structured,4,0.7545771578029643,0.00523103748910192,0.07868852459016394,12.0,0.012216404886561954
4,0,42,E_structured,5,0.7275501307759372,-0.021795989537925164,0.04262295081967213,-50.0,0.038976148923792905
4,0,42,E_structured,6,0.7380122057541412,-0.011333914559721214,0.08196721311475409,-26.0,0.038394415357766144
4,0,42,E_structured,7,0.7541412380122058,0.0047951176983433985,0.09180327868852459,11.0,0.018033740546829553
4,0,42,E_structured,8,0.7367044463818657,-0.012641673931996666,0.08524590163934426,-29.0,0.03664921465968586
4,0,42,E_structured,9,0.7467306015693113,-0.0026155187445511263,0.08196721311475409,-6.0,0.01977894124490983
4,0,42,F_decision,0,0.7571926765475152,0.007846556233652824,0.12131147540983607,18.0,0.013961605584642234
4,0,42,F_decision,1,0.7497820401046208,0.00043591979075841003,0.05901639344262295,1.0,0.015706806282722512
4,0,42,F_decision,2,0.7462946817785526,-0.0030514385353097584,0.04262295081967213,-7.0,0.015125072716695753
4,0,42,F_decision,3,0.7353966870095902,-0.01394943330427223,0.06229508196721312,-32.0,0.034904013961605584
4,0,42,F_decision,4,0.7554489973844813,0.006102877070618962,0.09508196721311475,14.0,0.012216404886561954
4,0,42,F_decision,5,0.7367044463818658,-0.012641673931996555,0.06885245901639345,-29.0,0.03315881326352531
4,0,42,F_decision,6,0.7410636442894508,-0.008282476024411567,0.04590163934426229,-19.0,0.02617801047120419
4,0,42,F_decision,7,0.7528334786399301,0.0034873583260677243,0.07213114754098361,8.0,0.011052937754508435
4,0,42,F_decision,8,0.7480383609415867,-0.0013077593722756742,0.05573770491803279,-3.0,0.015706806282722512
4,0,42,F_decision,9,0.7528334786399302,0.0034873583260678354,0.07540983606557378,8.0,0.011634671320535195
4,0,43,C_activity_raw,0,0.7519616390584133,0.007846556233653046,0.08656716417910448,18.0,0.013473930872876391
4,0,43,C_activity_raw,1,0.7375762859633828,-0.006538796861377483,0.08059701492537313,-15.0,0.025776215582893967
4,0,43,C_activity_raw,2,0.7476024411508282,0.0034873583260679464,0.11641791044776119,8.0,0.02460456942003515
4,0,43,C_activity_raw,3,0.7362685265911072,-0.007846556233653046,0.06567164179104477,-18.0,0.026362038664323375
4,0,43,C_activity_raw,4,0.7345248474280732,-0.009590235396687019,0.05373134328358209,-22.0,0.02401874633860574
4,0,43,C_activity_raw,5,0.7449869224062773,0.0008718395815170421,0.05970149253731343,2.0,0.014645577035735208
4,0,43,C_activity_raw,6,0.7537053182214473,0.009590235396687019,0.08656716417910448,22.0,0.012888107791446984
4,0,43,C_activity_raw,7,0.7432432432432432,-0.0008718395815170421,0.08358208955223881,-2.0,0.025190392501464556
4,0,43,C_activity_raw,8,0.7502179598953792,0.006102877070618962,0.11940298507462686,14.0,0.022847100175746926
4,0,43,C_activity_raw,9,0.7345248474280732,-0.009590235396687019,0.04776119402985075,-22.0,0.02460456942003515
4,0,43,D_subject,0,0.7537053182214473,0.009590235396687019,0.1373134328358209,22.0,0.01991798476859988
4,0,43,D_subject,1,0.7362685265911072,-0.007846556233653046,0.1044776119402985,-18.0,0.033391915641476276
4,0,43,D_subject,2,0.7458587619877942,0.0017436791630339732,0.08955223880597014,4.0,0.022847100175746926
4,0,43,D_subject,3,0.7419354838709677,-0.0021795989537924942,0.0955223880597015,-5.0,0.03046280023432923
4,0,43,D_subject,4,0.7445510026155188,0.00043591979075852105,0.13432835820895522,1.0,0.03456356180433509
4,0,43,D_subject,5,0.7541412380122058,0.01002615518744554,0.1761194029850746,23.0,0.03222026947861746
4,0,43,D_subject,6,0.7441150828247602,0.0,0.11641791044776119,0.0,0.028119507908611598
4,0,43,D_subject,7,0.7545771578029643,0.010462074978204061,0.14029850746268657,24.0,0.01816051552431166
4,0,43,D_subject,8,0.7445510026155188,0.00043591979075852105,0.15223880597014924,1.0,0.03749267721148213
4,0,43,D_subject,9,0.7327811682650391,-0.011333914559721103,0.09850746268656717,-26.0,0.03749267721148213
4,0,43,E_structured,0,0.7550130775937228,0.010897994768962582,0.11641791044776119,25.0,0.019332161687170474
4,0,43,E_structured,1,0.7266782911944202,-0.017436791630340065,0.09850746268656717,-40.0,0.046280023432923256
4,0,43,E_structured,2,0.7484742807323452,0.0043591979075849885,0.12238805970149254,10.0,0.03163444639718805
4,0,43,E_structured,3,0.7445510026155187,0.00043591979075841003,0.10149253731343283,1.0,0.031048623315758642
4,0,43,E_structured,4,0.7332170880557978,-0.010897994768962471,0.08059701492537313,-25.0,0.0351493848857645
4,0,43,E_structured,5,0.7314734088927637,-0.012641673931996555,0.14328358208955225,-29.0,0.06092560046865846
4,0,43,E_structured,6,0.7602441150828249,0.016129032258064613,0.2,37.0,0.025776215582893967
4,0,43,E_structured,7,0.7497820401046208,0.005666957279860552,0.15223880597014924,13.0,0.03046280023432923
4,0,43,E_structured,8,0.7393199651264167,-0.0047951176983435095,0.08656716417910448,-11.0,0.028119507908611598
4,0,43,E_structured,9,0.7353966870095902,-0.008718395815170088,0.11940298507462686,-20.0,0.038078500292911543
4,0,43,F_decision,0,0.7467306015693113,0.0026155187445510153,0.14626865671641792,6.0,0.03397773872290568
4,0,43,F_decision,1,0.7497820401046208,0.005666957279860552,0.1701492537313433,13.0,0.03222026947861746
4,0,43,F_decision,2,0.7550130775937227,0.010897994768962471,0.12238805970149254,25.0,0.02401874633860574
4,0,43,F_decision,3,0.7611159546643418,0.017000871839581544,0.16417910447761194,39.0,0.019332161687170474
4,0,43,F_decision,4,0.7523975588491718,0.008282476024411567,0.1044776119402985,19.0,0.01757469244288225
4,0,43,F_decision,5,0.7484742807323452,0.0043591979075849885,0.14328358208955225,10.0,0.032806092560046865
4,0,43,F_decision,6,0.7493461203138623,0.005231037489102031,0.15223880597014924,12.0,0.033391915641476276
4,0,43,F_decision,7,0.7388840453356582,-0.005231037489102031,0.08059701492537313,-12.0,0.025776215582893967
4,0,43,F_decision,8,0.7537053182214473,0.009590235396687019,0.12238805970149254,22.0,0.01698886936145284
4,0,43,F_decision,9,0.7680906713164778,0.023975588491717548,0.20597014925373133,55.0,0.025776215582893967
4,0,44,C_activity_raw,0,0.7567567567567568,-0.012205754141237923,0.07773851590106007,-28.0,0.035147392290249435
4,0,44,C_activity_raw,1,0.7707061900610288,0.0017436791630340842,0.10247349823321555,4.0,0.01870748299319728
4,0,44,C_activity_raw,2,0.7667829119442023,-0.0021795989537923832,0.07773851590106007,-5.0,0.016439909297052153
4,0,44,C_activity_raw,3,0.7702702702702703,0.0013077593722755632,0.07420494699646643,3.0,0.018140589569160998
4,0,44,C_activity_raw,4,0.7624237140366172,-0.006538796861377483,0.14487632508833923,-15.0,0.036848072562358274
4,0,44,C_activity_raw,5,0.7523975588491718,-0.016564952048822912,0.14840989399293286,-38.0,0.05328798185941043
4,0,44,C_activity_raw,6,0.7672188317349607,-0.0017436791630339732,0.12014134275618374,-4.0,0.027777777777777776
4,0,44,C_activity_raw,7,0.7484742807323453,-0.02048823016564938,0.08480565371024736,-47.0,0.04195011337868481
4,0,44,C_activity_raw,8,0.7733217088055798,0.0043591979075850995,0.13427561837455831,10.0,0.01984126984126984
4,0,44,C_activity_raw,9,0.7711421098517871,0.0021795989537923832,0.10954063604240283,5.0,0.020975056689342405
4,0,44,D_subject,0,0.7371403661726242,-0.03182214472537048,0.04240282685512368,-73.0,0.051587301587301584
4,0,44,D_subject,1,0.7467306015693113,-0.022231909328683463,0.0989399293286219,-51.0,0.05102040816326531
4,0,44,D_subject,2,0.7794245858761988,0.010462074978204061,0.15901060070671377,24.0,0.02040816326530612
4,0,44,D_subject,3,0.7650392327811684,-0.003923278116826356,0.10600706713780919,-9.0,0.031179138321995464
4,0,44,D_subject,4,0.7602441150828247,-0.008718395815169977,0.045936395759717315,-20.0,0.024376417233560092
4,0,44,D_subject,5,0.7741935483870968,0.005231037489102031,0.14840989399293286,12.0,0.021541950113378686
4,0,44,D_subject,6,0.7458587619877942,-0.023103748910200506,0.06713780918727916,-53.0,0.04591836734693878
4,0,44,D_subject,7,0.7768090671316478,0.007846556233653046,0.13074204946996468,18.0,0.01870748299319728
4,0,44,D_subject,8,0.7702702702702703,0.0013077593722755632,0.10954063604240283,3.0,0.022675736961451247
4,0,44,D_subject,9,0.7641673931996512,-0.0047951176983435095,0.0706713780918728,-11.0,0.025510204081632654
4,0,44,E_structured,0,0.7837837837837838,0.01482127288578905,0.1625441696113074,34.0,0.015873015873015872
4,0,44,E_structured,1,0.7497820401046208,-0.019180470793373927,0.0989399293286219,-44.0,0.048752834467120185
4,0,44,E_structured,2,0.7593722755013077,-0.009590235396687019,0.09540636042402827,-22.0,0.03571428571428571
4,0,44,E_structured,3,0.7637314734088928,-0.00523103748910192,0.10247349823321555,-12.0,0.026643990929705215
4,0,44,E_structured,4,0.7816041848299912,0.012641673931996444,0.18021201413427562,29.0,0.02891156462585034
4,0,44,E_structured,5,0.7615518744551003,-0.007410636442894414,0.0706713780918728,-17.0,0.030045351473922902
4,0,44,E_structured,6,0.7580645161290321,-0.010897994768962582,0.05653710247349823,-25.0,0.031746031746031744
4,0,44,E_structured,7,0.7497820401046208,-0.019180470793373927,0.0706713780918728,-44.0,0.04195011337868481
4,0,44,E_structured,8,0.7720139494333044,0.0030514385353096474,0.127208480565371,7.0,0.023809523809523808
4,0,44,E_structured,9,0.7593722755013078,-0.009590235396686908,0.09187279151943463,-22.0,0.035147392290249435
4,0,44,F_decision,0,0.7663469921534438,-0.0026155187445509043,0.06007067137809187,-6.0,0.02834467120181406
4,0,44,F_decision,1,0.7798605056669572,0.010897994768962471,0.13780918727915195,25.0,0.024943310657596373
4,0,44,F_decision,2,0.7589363557105493,-0.010026155187445429,0.10247349823321555,-23.0,0.032879818594104306
4,0,44,F_decision,3,0.7598081952920662,-0.009154315605928498,0.11307420494699646,-21.0,0.035147392290249435
4,0,44,F_decision,4,0.7798605056669572,0.010897994768962471,0.08833922261484099,25.0,0.00963718820861678
4,0,44,F_decision,5,0.7833478639930253,0.014385353095030529,0.10247349823321555,33.0,0.017573696145124718
4,0,44,F_decision,6,0.7598081952920663,-0.009154315605928387,0.11307420494699646,-21.0,0.03854875283446712
4,0,44,F_decision,7,0.7720139494333044,0.0030514385353096474,0.07420494699646643,7.0,0.01417233560090703
4,0,44,F_decision,8,0.7558849171752398,-0.013077593722754965,0.1413427561837456,-30.0,0.04365079365079365
4,0,44,F_decision,9,0.7868352223190933,0.017872711421098586,0.1413427561837456,41.0,0.024943310657596373
4,1,42,C_activity_raw,0,0.7018308631211856,0.0047951176983432875,0.0912863070539419,11.0,0.017510944340212633
4,1,42,C_activity_raw,1,0.7031386224934612,0.006102877070618851,0.06639004149377593,14.0,0.01125703564727955
4,1,42,C_activity_raw,2,0.6983435047951178,0.0013077593722754521,0.05394190871369295,3.0,0.01876172607879925
4,1,42,C_activity_raw,3,0.6979075850043592,0.0008718395815169311,0.08713692946058091,2.0,0.023764853033145718
4,1,42,C_activity_raw,4,0.6935483870967742,-0.0034873583260680574,0.03734439834024896,-8.0,0.0150093808630394
4,1,42,C_activity_raw,5,0.6944202266782912,-0.0026155187445511263,0.0912863070539419,-6.0,0.02564102564102564
4,1,42,C_activity_raw,6,0.7040104620749782,0.006974716652135893,0.0912863070539419,16.0,0.013133208255159476
4,1,42,C_activity_raw,7,0.6861377506538796,-0.010897994768962693,0.03319502074688797,-25.0,0.031269543464665414
4,1,42,C_activity_raw,8,0.7048823016564951,0.007846556233652824,0.07883817427385892,18.0,0.0075046904315197
4,1,42,C_activity_raw,9,0.6948561464690497,-0.0021795989537926053,0.07468879668049792,-5.0,0.020637898686679174
4,1,42,D_subject,0,0.7105492589363557,0.013513513513513375,0.16597510373443983,31.0,0.02689180737961226
4,1,42,D_subject,1,0.6830863121185702,-0.013949433304272119,0.02074688796680498,-32.0,0.029393370856785492
4,1,42,D_subject,2,0.6974716652136007,0.00043591979075841003,0.05394190871369295,1.0,0.01938711694809256
4,1,42,D_subject,3,0.7201394943330428,0.023103748910200506,0.14107883817427386,53.0,0.011882426516572859
4,1,42,D_subject,4,0.7000871839581516,0.0030514385353093143,0.05394190871369295,7.0,0.016260162601626018
4,1,42,D_subject,5,0.6848299912816042,-0.012205754141238145,0.05394190871369295,-28.0,0.03439649781113196
4,1,42,D_subject,6,0.6887532693984307,-0.008282476024411567,0.06224066390041494,-19.0,0.031269543464665414
4,1,42,D_subject,7,0.7131647776809067,0.01612903225806439,0.12448132780082988,37.0,0.013133208255159476
4,1,42,D_subject,8,0.7040104620749782,0.006974716652135893,0.0912863070539419,16.0,0.016260162601626018
4,1,42,D_subject,9,0.6874455100261552,-0.00959023539668713,0.1078838174273859,-22.0,0.04440275171982489
4,1,42,E_structured,0,0.6957279860505666,-0.0013077593722756742,0.1037344398340249,-3.0,0.030644152595372107
4,1,42,E_structured,1,0.6691368788142983,-0.027898866608544015,0.03734439834024896,-64.0,0.05128205128205128
4,1,42,E_structured,2,0.6992153443766348,0.0021795989537924942,0.12033195020746888,5.0,0.030644152595372107
4,1,42,E_structured,3,0.7088055797733217,0.011769834350479402,0.07468879668049792,27.0,0.0225140712945591
4,1,42,E_structured,4,0.7009590235396687,0.003923278116826356,0.05394190871369295,9.0,0.016885553470919325
4,1,42,E_structured,5,0.6961639058413253,-0.0008718395815170421,0.07053941908713693,-2.0,0.03377110694183865
4,1,42,E_structured,6,0.6952920662598082,-0.0017436791630340842,0.0954356846473029,-4.0,0.02564102564102564
4,1,42,E_structured,7,0.6918047079337402,-0.005231037489102142,0.07468879668049792,-12.0,0.03314571607254534
4,1,42,E_structured,8,0.6787271142109851,-0.018308631211857218,0.04979253112033195,-42.0,0.039399624765478425
4,1,42,E_structured,9,0.7035745422842197,0.006538796861377372,0.12863070539419086,15.0,0.023764853033145718
4,1,42,F_decision,0,0.6939843068875328,-0.0030514385353095363,0.029045643153526972,-7.0,0.028142589118198873
4,1,42,F_decision,1,0.7035745422842198,0.006538796861377483,0.0912863070539419,15.0,0.031269543464665414
4,1,42,F_decision,2,0.6957279860505667,-0.0013077593722755632,0.0995850622406639,-3.0,0.03189493433395872
4,1,42,F_decision,3,0.6748038360941587,-0.022231909328683575,0.03319502074688797,-51.0,0.046278924327704814
4,1,42,F_decision,4,0.6839581517000871,-0.013077593722755187,0.03734439834024896,-30.0,0.029393370856785492
4,1,42,F_decision,5,0.69180470793374,-0.005231037489102253,0.03319502074688797,-12.0,0.025015634771732333
4,1,42,F_decision,6,0.6830863121185702,-0.013949433304272119,0.08713692946058091,-32.0,0.04440275171982489
4,1,42,F_decision,7,0.6948561464690498,-0.0021795989537924942,0.08298755186721991,-5.0,0.029393370856785492
4,1,42,F_decision,8,0.7040104620749783,0.006974716652136004,0.0954356846473029,16.0,0.012507817385866166
4,1,42,F_decision,9,0.6922406277244987,-0.0047951176983436206,0.07053941908713693,-11.0,0.032520325203252036
4,1,43,C_activity_raw,0,0.6700087183958151,-0.006538796861377594,0.05536332179930796,-15.0,0.028350515463917526
4,1,43,C_activity_raw,1,0.6756756756756755,-0.0008718395815171531,0.08304498269896193,-2.0,0.025128865979381444
4,1,43,C_activity_raw,2,0.6791630340017437,0.0026155187445510153,0.06228373702422145,6.0,0.018685567010309278
4,1,43,C_activity_raw,3,0.6691368788142982,-0.007410636442894525,0.0726643598615917,-17.0,0.035438144329896906
4,1,43,C_activity_raw,4,0.6804707933740192,0.003923278116826467,0.07612456747404844,9.0,0.02577319587628866
4,1,43,C_activity_raw,5,0.6582388840453356,-0.018308631211857107,0.03460207612456748,-42.0,0.04059278350515464
4,1,43,C_activity_raw,6,0.6608544027898866,-0.015693112467306092,0.03806228373702422,-36.0,0.035438144329896906
4,1,43,C_activity_raw,7,0.6713164777680907,-0.005231037489102031,0.05190311418685121,-12.0,0.026417525773195876
4,1,43,C_activity_raw,8,0.6787271142109852,0.0021795989537924942,0.09688581314878893,5.0,0.03350515463917526
4,1,43,C_activity_raw,9,0.6835222319093286,0.006974716652135893,0.08304498269896193,16.0,0.017396907216494846
4,1,43,D_subject,0,0.6970357454228421,0.02048823016564938,0.17301038062283736,47.0,0.022551546391752577
4,1,43,D_subject,1,0.6852659110723627,0.008718395815169977,0.09688581314878893,20.0,0.027061855670103094
4,1,43,D_subject,2,0.6795989537925021,0.0030514385353094253,0.06228373702422145,7.0,0.02190721649484536
4,1,43,D_subject,3,0.6538796861377506,-0.022667829119442096,0.04498269896193772,-52.0,0.047036082474226804
4,1,43,D_subject,4,0.6800348735832606,0.0034873583260679464,0.13494809688581316,8.0,0.04574742268041237
4,1,43,D_subject,5,0.6900610287707062,0.013513513513513487,0.10034602076124567,31.0,0.01997422680412371
4,1,43,D_subject,6,0.673496076721883,-0.0030514385353096474,0.07612456747404844,-7.0,0.03221649484536082
4,1,43,D_subject,7,0.6922406277244987,0.01569311246730598,0.14878892733564014,36.0,0.035438144329896906
4,1,43,D_subject,8,0.6721883173496077,-0.0043591979075849885,0.07958477508650519,-10.0,0.03221649484536082
4,1,43,D_subject,9,0.6695727986050566,-0.006974716652136115,0.05536332179930796,-16.0,0.03157216494845361
4,1,43,E_structured,0,0.7000871839581517,0.023539668700959027,0.1384083044982699,54.0,0.01095360824742268
4,1,43,E_structured,1,0.6970357454228422,0.02048823016564949,0.17647058823529413,47.0,0.022551546391752577
4,1,43,E_structured,2,0.6843940714908457,0.007846556233653046,0.10380622837370242,18.0,0.02577319587628866
4,1,43,E_structured,3,0.654315605928509,-0.022231909328683686,0.02768166089965398,-51.0,0.05412371134020619
4,1,43,E_structured,4,0.6634699215344376,-0.013077593722755076,0.08650519031141868,-30.0,0.039304123711340205
4,1,43,E_structured,5,0.6652136006974716,-0.011333914559721103,0.06920415224913495,-26.0,0.03801546391752577
4,1,43,E_structured,6,0.6599825632083697,-0.016564952048823023,0.058823529411764705,-38.0,0.04768041237113402
4,1,43,E_structured,7,0.6700087183958151,-0.006538796861377594,0.10380622837370242,-15.0,0.03672680412371134
4,1,43,E_structured,8,0.6979075850043591,0.02136006974716642,0.14186851211072665,49.0,0.013530927835051547
4,1,43,E_structured,9,0.6839581517000871,0.007410636442894414,0.08650519031141868,17.0,0.01804123711340206
4,1,43,F_decision,0,0.6926765475152572,0.016129032258064502,0.12802768166089964,37.0,0.015463917525773196
4,1,43,F_decision,1,0.6534437663469922,-0.023103748910200506,0.05190311418685121,-53.0,0.0547680412371134
4,1,43,F_decision,2,0.6804707933740192,0.003923278116826467,0.08650519031141868,9.0,0.020618556701030927
4,1,43,F_decision,3,0.6761115954664342,-0.00043591979075852105,0.10034602076124567,-1.0,0.04252577319587629
4,1,43,F_decision,4,0.6778552746294682,0.0013077593722754521,0.1245674740484429,3.0,0.030283505154639175
4,1,43,F_decision,5,0.6878814298169137,0.011333914559720992,0.08650519031141868,26.0,0.005798969072164949
4,1,43,F_decision,6,0.6704446381865735,-0.006102877070619184,0.11418685121107267,-14.0,0.04961340206185567
4,1,43,F_decision,7,0.6612903225806451,-0.01525719267654757,0.07612456747404844,-35.0,0.04768041237113402
4,1,43,F_decision,8,0.6787271142109852,0.0021795989537924942,0.14186851211072665,5.0,0.030283505154639175
4,1,43,F_decision,9,0.6857018308631212,0.009154315605928498,0.15570934256055363,21.0,0.03221649484536082
4,1,44,C_activity_raw,0,0.6556233653007847,0.02571926765475141,0.2,59.0,0.02629757785467128
4,1,44,C_activity_raw,1,0.6364428945074108,0.006538796861377483,0.0972972972972973,15.0,0.031141868512110725
4,1,44,C_activity_raw,2,0.6373147340889276,0.007410636442894303,0.10540540540540541,17.0,0.02698961937716263
4,1,44,C_activity_raw,3,0.6346992153443767,0.0047951176983433985,0.07027027027027027,11.0,0.018685121107266434
4,1,44,C_activity_raw,4,0.6277244986922407,-0.0021795989537926053,0.02702702702702703,-5.0,0.01730103806228374
4,1,44,C_activity_raw,5,0.6333914559721011,0.0034873583260678354,0.07567567567567568,8.0,0.023529411764705882
4,1,44,C_activity_raw,6,0.6473408892763731,0.017436791630339843,0.10810810810810811,40.0,0.01522491349480969
4,1,44,C_activity_raw,7,0.6242371403661725,-0.005666957279860774,0.02702702702702703,-13.0,0.022837370242214532
4,1,44,C_activity_raw,8,0.6460331299040976,0.01612903225806428,0.12972972972972974,37.0,0.020069204152249134
4,1,44,C_activity_raw,9,0.618570183086312,-0.011333914559721325,0.06756756756756757,-26.0,0.045674740484429065
4,1,44,D_subject,0,0.636006974716652,0.00610287707061874,0.07567567567567568,14.0,0.020069204152249134
4,1,44,D_subject,1,0.6133391455972101,-0.016564952048823134,0.03513513513513514,-38.0,0.03944636678200692
4,1,44,D_subject,2,0.6325196163905842,0.0026155187445509043,0.10540540540540541,6.0,0.032525951557093424
4,1,44,D_subject,3,0.6346992153443767,0.0047951176983433985,0.06756756756756757,11.0,0.02906574394463668
4,1,44,D_subject,4,0.6368788142981691,0.006974716652135782,0.0972972972972973,16.0,0.02629757785467128
4,1,44,D_subject,5,0.6255448997384481,-0.0043591979075852105,0.02972972972972973,-10.0,0.02629757785467128
4,1,44,D_subject,6,0.6238012205754142,-0.006102877070619073,0.05675675675675676,-14.0,0.04083044982698962
4,1,44,D_subject,7,0.6360069747166522,0.006102877070618962,0.13783783783783785,14.0,0.04013840830449827
4,1,44,D_subject,8,0.6290322580645161,-0.0008718395815171531,0.07567567567567568,-2.0,0.033910034602076124
4,1,44,D_subject,9,0.6316477768090671,0.0017436791630338622,0.10270270270270271,4.0,0.04152249134948097
4,1,44,E_structured,0,0.6203138622493461,-0.00959023539668713,0.0945945945945946,-22.0,0.05397923875432526
4,1,44,E_structured,1,0.6137750653879686,-0.016129032258064724,0.02972972972972973,-37.0,0.03529411764705882
4,1,44,E_structured,2,0.6224934612031385,-0.007410636442894747,0.0972972972972973,-17.0,0.05051903114186851
4,1,44,E_structured,3,0.6377506538796861,0.007846556233652824,0.12162162162162163,18.0,0.03944636678200692
4,1,44,E_structured,4,0.6142109851787272,-0.015693112467306092,0.05945945945945946,-36.0,0.05051903114186851
4,1,44,E_structured,5,0.6242371403661726,-0.005666957279860663,0.12972972972972974,-13.0,0.0629757785467128
4,1,44,E_structured,6,0.6329555361813426,0.0030514385353093143,0.07297297297297298,7.0,0.02837370242214533
4,1,44,E_structured,7,0.6346992153443767,0.0047951176983433985,0.06486486486486487,11.0,0.023529411764705882
4,1,44,E_structured,8,0.6368788142981692,0.006974716652135893,0.11351351351351352,16.0,0.035986159169550176
4,1,44,E_structured,9,0.6499564080209241,0.020052310374890858,0.11621621621621622,46.0,0.01384083044982699
4,1,44,F_decision,0,0.6294681778552746,-0.0004359197907586321,0.051351351351351354,-1.0,0.023529411764705882
4,1,44,F_decision,1,0.6211857018308631,-0.008718395815170199,0.032432432432432434,-20.0,0.03044982698961938
4,1,44,F_decision,2,0.6142109851787272,-0.015693112467306092,0.062162162162162166,-36.0,0.05190311418685121
4,1,44,F_decision,3,0.6442894507410637,0.014385353095030418,0.08378378378378379,33.0,0.019377162629757784
4,1,44,F_decision,4,0.6421098517872712,0.012205754141237923,0.05945945945945946,28.0,0.01591695501730104
4,1,44,F_decision,5,0.5989537925021796,-0.030950305143853662,0.04054054054054054,-71.0,0.06920415224913495
4,1,44,F_decision,6,0.6207497820401047,-0.009154315605928609,0.0891891891891892,-21.0,0.045674740484429065
4,1,44,F_decision,7,0.6355710549258936,0.00566695727986033,0.08108108108108109,13.0,0.021453287197231833
4,1,44,F_decision,8,0.6268526591107236,-0.0030514385353096474,0.08648648648648649,-7.0,0.044290657439446365
4,1,44,F_decision,9,0.6285963382737576,-0.0013077593722756742,0.05945945945945946,-3.0,0.03321799307958478
4,2,42,C_activity_raw,0,0.806392694063927,0.0018264840182649067,0.13414634146341464,4.0,0.029511918274687854
4,2,42,C_activity_raw,1,0.8004566210045663,-0.004109589041095818,0.056910569105691054,-9.0,0.023269012485811577
4,2,42,C_activity_raw,2,0.8118721461187215,0.007305936073059405,0.15040650406504066,16.0,0.02043132803632236
4,2,42,C_activity_raw,3,0.8100456621004567,0.005479452054794609,0.11382113821138211,12.0,0.021566401816118047
4,2,42,C_activity_raw,4,0.8191780821917809,0.01461187214611881,0.16260162601626016,32.0,0.014188422247446084
4,2,42,C_activity_raw,5,0.8013698630136986,-0.0031963470319634757,0.14227642276422764,-7.0,0.03575482406356413
4,2,42,C_activity_raw,6,0.8018264840182648,-0.002739726027397249,0.07723577235772358,-6.0,0.020998864926220204
4,2,42,C_activity_raw,7,0.8114155251141553,0.006849315068493178,0.1016260162601626,15.0,0.011350737797956867
4,2,42,C_activity_raw,8,0.8077625570776256,0.0031963470319634757,0.07723577235772358,7.0,0.013053348467650397
4,2,42,C_activity_raw,9,0.8013698630136987,-0.0031963470319633647,0.09349593495934959,-7.0,0.026674233825198637
4,2,42,D_subject,0,0.7894977168949772,-0.015068493150684925,0.13008130081300814,-33.0,0.04426787741203178
4,2,42,D_subject,1,0.7858447488584476,-0.018721461187214516,0.10569105691056911,-41.0,0.047105561861521
4,2,42,D_subject,2,0.7899543378995434,-0.014611872146118698,0.06097560975609756,-32.0,0.03575482406356413
4,2,42,D_subject,3,0.7894977168949773,-0.015068493150684814,0.08943089430894309,-33.0,0.03575482406356413
4,2,42,D_subject,4,0.8123287671232876,0.00776255707762552,0.15447154471544716,17.0,0.022701475595913734
4,2,42,D_subject,5,0.7821917808219179,-0.02237442922374422,0.08536585365853659,-49.0,0.04767309875141884
4,2,42,D_subject,6,0.8041095890410959,-0.0004566210045662267,0.10569105691056911,-1.0,0.020998864926220204
4,2,42,D_subject,7,0.8155251141552512,0.010958904109589107,0.23577235772357724,24.0,0.031214528944381384
4,2,42,D_subject,8,0.8100456621004566,0.005479452054794498,0.08943089430894309,12.0,0.01191827468785471
4,2,42,D_subject,9,0.8054794520547945,0.0009132420091324533,0.10975609756097561,2.0,0.02383654937570942
4,2,42,E_structured,0,0.8045662100456622,1.1102230246251565e-16,0.1016260162601626,0.0,0.022701475595913734
4,2,42,E_structured,1,0.8123287671232877,0.007762557077625631,0.10975609756097561,17.0,0.015891032917139614
4,2,42,E_structured,2,0.7958904109589041,-0.008675799086757974,0.08943089430894309,-19.0,0.03178206583427923
4,2,42,E_structured,3,0.7986301369863014,-0.005936073059360725,0.13414634146341464,-13.0,0.03518728717366629
4,2,42,E_structured,4,0.8059360730593608,0.00136986301369868,0.13414634146341464,3.0,0.031214528944381384
4,2,42,E_structured,5,0.7858447488584476,-0.018721461187214516,0.11788617886178862,-41.0,0.04426787741203178
4,2,42,E_structured,6,0.8100456621004566,0.005479452054794498,0.18699186991869918,12.0,0.02383654937570942
4,2,42,E_structured,7,0.7963470319634703,-0.008219178082191747,0.0975609756097561,-18.0,0.03234960272417707
4,2,42,E_structured,8,0.7867579908675798,-0.017808219178082285,0.032520325203252036,-39.0,0.036322360953461974
4,2,42,E_structured,9,0.8214611872146119,0.016894977168949832,0.13008130081300814,37.0,0.0170261066969353
4,2,42,F_decision,0,0.7940639269406393,-0.01050228310502277,0.08536585365853659,-23.0,0.034619750283768444
4,2,42,F_decision,1,0.8036529680365297,-0.0009132420091323423,0.13008130081300814,-2.0,0.026106696935300794
4,2,42,F_decision,2,0.7908675799086758,-0.013698630136986245,0.0975609756097561,-30.0,0.038024971623155504
4,2,42,F_decision,3,0.8013698630136986,-0.0031963470319634757,0.06097560975609756,-7.0,0.02383654937570942
4,2,42,F_decision,4,0.8123287671232877,0.007762557077625631,0.16666666666666666,17.0,0.019863791146424517
4,2,42,F_decision,5,0.8132420091324201,0.008675799086757974,0.2032520325203252,19.0,0.026106696935300794
4,2,42,F_decision,6,0.8100456621004566,0.005479452054794498,0.0975609756097561,12.0,0.02213393870601589
4,2,42,F_decision,7,0.7835616438356164,-0.02100456621004565,0.06504065040650407,-46.0,0.04540295119182747
4,2,42,F_decision,8,0.8205479452054795,0.01598173515981738,0.14634146341463414,35.0,0.0170261066969353
4,2,42,F_decision,9,0.8287671232876712,0.024200913242009126,0.21138211382113822,53.0,0.0170261066969353
4,2,43,C_activity_raw,0,0.8004566210045663,0.005479452054794609,0.1483050847457627,12.0,0.025847214244686962
4,2,43,C_activity_raw,1,0.7958904109589041,0.0009132420091324533,0.09745762711864407,2.0,0.023549684089603676
4,2,43,C_activity_raw,2,0.8009132420091325,0.005936073059360836,0.1059322033898305,13.0,0.013785180930499713
4,2,43,C_activity_raw,3,0.7958904109589041,0.0009132420091324533,0.08898305084745763,2.0,0.02527283170591614
4,2,43,C_activity_raw,4,0.7844748858447489,-0.01050228310502277,0.11440677966101695,-23.0,0.04135554279149914
4,2,43,C_activity_raw,5,0.8,0.005022831050228382,0.1271186440677966,11.0,0.022975301550832855
4,2,43,C_activity_raw,6,0.8009132420091325,0.005936073059360836,0.1016949152542373,13.0,0.013785180930499713
4,2,43,C_activity_raw,7,0.7776255707762557,-0.017351598173515947,0.09745762711864407,-38.0,0.040781160252728314
4,2,43,C_activity_raw,8,0.7922374429223744,-0.002739726027397249,0.09322033898305085,-6.0,0.02469844916714532
4,2,43,C_activity_raw,9,0.7968036529680366,0.0018264840182649067,0.11864406779661017,4.0,0.032165422171166
4,2,43,D_subject,0,0.771689497716895,-0.023287671232876672,0.09745762711864407,-51.0,0.04939689833429064
4,2,43,D_subject,1,0.7593607305936073,-0.03561643835616435,0.059322033898305086,-78.0,0.061458931648477884
4,2,43,D_subject,2,0.7789954337899544,-0.015981735159817267,0.13135593220338984,-35.0,0.0511200459506031
4,2,43,D_subject,3,0.784931506849315,-0.010045662100456654,0.1228813559322034,-22.0,0.04480183802412407
4,2,43,D_subject,4,0.8013698630136986,0.006392694063926951,0.06779661016949153,14.0,0.009764503159103963
4,2,43,D_subject,5,0.8210045662100457,0.026027397260274032,0.2584745762711864,57.0,0.025847214244686962
4,2,43,D_subject,6,0.7689497716894977,-0.02602739726027392,0.08050847457627118,-57.0,0.048248133256748996
4,2,43,D_subject,7,0.8200913242009134,0.02511415525114169,0.2796610169491525,55.0,0.037334865020103386
4,2,43,D_subject,8,0.7506849315068493,-0.04429223744292232,0.0423728813559322,-97.0,0.06662837449741528
4,2,43,D_subject,9,0.7885844748858447,-0.006392694063926951,0.07203389830508475,-14.0,0.028144744399770247
4,2,43,E_structured,0,0.7757990867579909,-0.019178082191780743,0.08898305084745763,-42.0,0.049971280873061456
4,2,43,E_structured,1,0.780365296803653,-0.014611872146118698,0.0847457627118644,-32.0,0.040781160252728314
4,2,43,E_structured,2,0.7885844748858448,-0.00639269406392684,0.07627118644067797,-14.0,0.02527283170591614
4,2,43,E_structured,3,0.7721461187214612,-0.022831050228310446,0.06779661016949153,-50.0,0.04709936817920735
4,2,43,E_structured,4,0.8027397260273973,0.007762557077625631,0.15677966101694915,17.0,0.019529006318207927
4,2,43,E_structured,5,0.780365296803653,-0.014611872146118698,0.07627118644067797,-32.0,0.035611717403790925
4,2,43,E_structured,6,0.7922374429223744,-0.002739726027397249,0.1440677966101695,-6.0,0.03446295232624928
4,2,43,E_structured,7,0.7730593607305936,-0.021917808219178103,0.0635593220338983,-48.0,0.04595060310166571
4,2,43,E_structured,8,0.7990867579908676,0.004109589041095929,0.2033898305084746,9.0,0.04652498564043653
4,2,43,E_structured,9,0.7872146118721461,-0.00776255707762552,0.1016949152542373,-17.0,0.03790924755887421
4,2,43,F_decision,0,0.7917808219178083,-0.0031963470319633647,0.1228813559322034,-7.0,0.0350373348650201
4,2,43,F_decision,1,0.7794520547945206,-0.01552511415525104,0.13135593220338984,-34.0,0.05054566341183228
4,2,43,F_decision,2,0.7899543378995433,-0.005022831050228382,0.09745762711864407,-11.0,0.02929350947731189
4,2,43,F_decision,3,0.7776255707762557,-0.017351598173515947,0.16101694915254236,-38.0,0.056289488799540495
4,2,43,F_decision,4,0.8146118721461187,0.01963470319634708,0.2542372881355932,43.0,0.032165422171166
4,2,43,F_decision,5,0.8031963470319634,0.008219178082191747,0.08050847457627118,18.0,0.012062033314187249
4,2,43,F_decision,6,0.8077625570776257,0.012785388127854014,0.19915254237288135,28.0,0.02986789201608271
4,2,43,F_decision,7,0.8041095890410959,0.0091324200913242,0.1483050847457627,20.0,0.02871912693854107
4,2,43,F_decision,8,0.7780821917808219,-0.01689497716894972,0.07627118644067797,-37.0,0.04192992533026996
4,2,43,F_decision,9,0.7831050228310502,-0.01187214611872145,0.13983050847457626,-26.0,0.04480183802412407
4,2,44,C_activity_raw,0,0.7726027397260276,-0.009589041095890205,0.05396825396825397,-21.0,0.027437244600116754
4,2,44,C_activity_raw,1,0.7776255707762557,-0.004566210045662045,0.07301587301587302,-10.0,0.02276707530647986
4,2,44,C_activity_raw,2,0.7835616438356164,0.00136986301369868,0.06031746031746032,3.0,0.014010507880910683
4,2,44,C_activity_raw,3,0.7776255707762558,-0.004566210045661934,0.0380952380952381,-10.0,0.018680677174547577
4,2,44,C_activity_raw,4,0.776255707762557,-0.005936073059360725,0.06031746031746032,-13.0,0.023934617629889084
4,2,44,C_activity_raw,5,0.7794520547945206,-0.002739726027397138,0.0380952380952381,-6.0,0.017513134851138354
4,2,44,C_activity_raw,6,0.78675799086758,0.004566210045662267,0.08888888888888889,10.0,0.02276707530647986
4,2,44,C_activity_raw,7,0.782648401826484,0.0004566210045662267,0.06984126984126984,1.0,0.01634559252772913
4,2,44,C_activity_raw,8,0.7625570776255708,-0.01963470319634697,0.05714285714285714,-43.0,0.046701692936368944
4,2,44,C_activity_raw,9,0.7917808219178084,0.009589041095890649,0.1523809523809524,21.0,0.0198482194979568
4,2,44,D_subject,0,0.7844748858447489,0.0022831050228311334,0.06984126984126984,5.0,0.015178050204319907
4,2,44,D_subject,1,0.7917808219178082,0.009589041095890427,0.08888888888888889,21.0,0.01634559252772913
4,2,44,D_subject,2,0.7908675799086757,0.008675799086757974,0.0761904761904762,19.0,0.011091652072387624
4,2,44,D_subject,3,0.7808219178082192,-0.001369863013698569,0.1111111111111111,-3.0,0.030356100408639813
4,2,44,D_subject,4,0.7767123287671233,-0.005479452054794498,0.06031746031746032,-12.0,0.020431990659661413
4,2,44,D_subject,5,0.7767123287671234,-0.005479452054794387,0.0380952380952381,-12.0,0.021015761821366025
4,2,44,D_subject,6,0.7776255707762558,-0.004566210045661934,0.08571428571428572,-10.0,0.02626970227670753
4,2,44,D_subject,7,0.7821917808219178,0.0,0.050793650793650794,0.0,0.013426736719206071
4,2,44,D_subject,8,0.7876712328767124,0.005479452054794609,0.08253968253968254,12.0,0.01576182136602452
4,2,44,D_subject,9,0.7703196347031963,-0.01187214611872145,0.02857142857142857,-26.0,0.0297723292469352
4,2,44,E_structured,0,0.7703196347031964,-0.011872146118721338,0.06031746031746032,-26.0,0.028604786923525978
4,2,44,E_structured,1,0.776255707762557,-0.005936073059360725,0.04126984126984127,-13.0,0.017513134851138354
4,2,44,E_structured,2,0.7662100456621004,-0.01598173515981738,0.025396825396825397,-35.0,0.030939871570344425
4,2,44,E_structured,3,0.7634703196347031,-0.018721461187214627,0.05714285714285714,-41.0,0.04261529480443666
4,2,44,E_structured,4,0.7812785388127854,-0.0009132420091323423,0.12063492063492064,-2.0,0.03619381202568593
4,2,44,E_structured,5,0.7789954337899543,-0.0031963470319634757,0.09206349206349207,-7.0,0.03269118505545826
4,2,44,E_structured,6,0.7726027397260274,-0.009589041095890316,0.044444444444444446,-21.0,0.026853473438412143
4,2,44,E_structured,7,0.7703196347031964,-0.011872146118721338,0.05714285714285714,-26.0,0.03152364273204904
4,2,44,E_structured,8,0.7812785388127854,-0.0009132420091323423,0.07936507936507936,-2.0,0.020431990659661413
4,2,44,E_structured,9,0.7748858447488585,-0.007305936073059294,0.0380952380952381,-16.0,0.0198482194979568
4,2,44,F_decision,0,0.7753424657534247,-0.006849315068493067,0.06031746031746032,-15.0,0.02626970227670753
4,2,44,F_decision,1,0.7835616438356164,0.00136986301369868,0.07301587301587302,3.0,0.020431990659661413
4,2,44,F_decision,2,0.7767123287671233,-0.005479452054794498,0.047619047619047616,-12.0,0.021015761821366025
4,2,44,F_decision,3,0.7881278538812785,0.005936073059360725,0.08571428571428572,13.0,0.014010507880910683
4,2,44,F_decision,4,0.7735159817351598,-0.008675799086757974,0.09841269841269841,-19.0,0.03677758318739054
4,2,44,F_decision,5,0.7712328767123289,-0.010958904109588885,0.044444444444444446,-24.0,0.024518388791593695
4,2,44,F_decision,6,0.7922374429223744,0.010045662100456654,0.08571428571428572,22.0,0.014010507880910683
4,2,44,F_decision,7,0.7785388127853882,-0.0036529680365295913,0.06984126984126984,-8.0,0.020431990659661413
4,2,44,F_decision,8,0.7771689497716896,-0.00502283105022816,0.09523809523809523,-11.0,0.02918855808523059
4,2,44,F_decision,9,0.7826484018264841,0.0004566210045663377,0.06031746031746032,1.0,0.021015761821366025
