seed,outer,inner,representation,family,r2_variance_weighted,median_feature_r2,median_feature_spearman,normalized_mae,target_dimension
42,0,0,v8_subject_embedding,time_location_scale,-1.0162000327957004,-1.3851774475185197,0.1438731080240514,1.0846422294274924,1936
42,0,0,v8_subject_embedding,time_shape,-1.1563814377471289,-1.7153062753659438,0.0696649999063989,1.2556065346020304,528
42,0,0,v8_subject_embedding,derivative,-0.8541397894883054,-0.9154065869255608,0.2057588637777316,1.044170355682613,352
42,0,0,v8_subject_embedding,spectral_global,-0.9179311552547686,-1.8014722450384213,0.0864503421107194,1.1670764802858455,704
42,0,0,v8_subject_embedding,band_absolute,-0.3638275606071235,-1.963647868150163,0.0952519178934273,1.0899415082517367,704
42,0,0,v8_subject_embedding,band_fraction,-1.3825521266829557,-1.5365034518279557,0.1156800746423387,1.2198550379095867,704
42,0,1,v8_subject_embedding,time_location_scale,-0.4887096688084497,-0.7453940572749116,0.2107751614462065,1.055068866747746,1936
42,0,1,v8_subject_embedding,time_shape,-1.454743995073717,-1.6556614185133487,0.0953301410183192,1.204209226674246,528
42,0,1,v8_subject_embedding,derivative,-0.5559107166327014,-0.5185463295644503,0.2540251724289417,0.9968435431660057,352
42,0,1,v8_subject_embedding,spectral_global,-0.3533759753567082,-1.2362046464813328,0.1272844089091947,1.152952097345563,704
42,0,1,v8_subject_embedding,band_absolute,-0.160071629595907,-0.7996061359712613,0.1484206826868163,1.112917349214821,704
42,0,1,v8_subject_embedding,band_fraction,-1.2009311628884898,-1.3861533142337747,0.1386405570443263,1.1723659536473912,704
42,0,2,v8_subject_embedding,time_location_scale,-0.8739272625859047,-1.3436681080904842,0.1876042544288695,0.9850414100866192,1936
42,0,2,v8_subject_embedding,time_shape,-1.4457987189303267,-1.460781126399792,0.1276272116075114,1.207655185910902,528
42,0,2,v8_subject_embedding,derivative,-0.971531006099888,-1.1661098499136158,0.2151698322316526,0.8920224915666736,352
42,0,2,v8_subject_embedding,spectral_global,-0.6137786505101692,-1.4342918165880476,0.145415338122333,1.0559087724065126,704
42,0,2,v8_subject_embedding,band_absolute,-0.2788952392650855,-3.1168135941944124,0.1268129668477984,0.9734772194276478,704
42,0,2,v8_subject_embedding,band_fraction,-1.292382684250103,-1.3563082378349292,0.1509180044218014,1.135525836355995,704
42,1,0,v8_subject_embedding,time_location_scale,-1.2016318389226466,-1.6286897225120895,0.1649595687331536,0.8745933243202918,1936
42,1,0,v8_subject_embedding,time_shape,-1.164267570484557,-1.4073008134176703,0.1359371760315156,1.1278114823150882,528
42,1,0,v8_subject_embedding,derivative,-1.4922156474602215,-1.9016630554649765,0.1967084801990462,0.8247091134965652,352
42,1,0,v8_subject_embedding,spectral_global,-1.06734139737073,-1.7146578991735326,0.0939696799085876,0.985197854022686,704
42,1,0,v8_subject_embedding,band_absolute,-1.077395141952758,-4.35293357486068,0.0880935102633215,0.8393677567927723,704
42,1,0,v8_subject_embedding,band_fraction,-1.2677355409027955,-1.298836373434004,0.1184947128343354,1.1109507577168465,704
42,1,1,v8_subject_embedding,time_location_scale,-0.2160768646761565,-0.7292286151128793,0.2366531526725702,1.0903209658885027,1936
42,1,1,v8_subject_embedding,time_shape,-1.521524322652419,-1.6587543925320087,0.1084978128667449,1.2537212546290954,528
42,1,1,v8_subject_embedding,derivative,-0.2035759296367344,-0.3335620927149136,0.3206017283687187,1.0751840962438306,352
42,1,1,v8_subject_embedding,spectral_global,-0.171445909587119,-1.2455279081437802,0.1806518723994452,1.1813308768906925,704
42,1,1,v8_subject_embedding,band_absolute,-0.0282182022476345,-0.501965894849164,0.2027632561613144,1.214447583425767,704
42,1,1,v8_subject_embedding,band_fraction,-1.2126105105524048,-1.3912479453635205,0.1921956684092606,1.2200259663164303,704
42,1,2,v8_subject_embedding,time_location_scale,-0.1291264998715349,-0.5047450029312727,0.3296797434433072,0.8829988795685109,1936
42,1,2,v8_subject_embedding,time_shape,-0.9990790328681182,-1.0990906801091234,0.1996125881400078,1.1298978332802825,528
42,1,2,v8_subject_embedding,derivative,-0.0966227736528601,-0.4604246418003189,0.3687508237051355,0.7923334818781557,352
42,1,2,v8_subject_embedding,spectral_global,-0.1150562454030249,-1.0450532836734867,0.2052233888327549,1.0079587588733794,704
42,1,2,v8_subject_embedding,band_absolute,-0.0219198258546354,-1.3597426348422932,0.2021152747880332,0.9299235996260896,704
42,1,2,v8_subject_embedding,band_fraction,-0.9669752611427648,-0.996564289036598,0.2301596889689408,1.0556072592447974,704
42,2,0,v8_subject_embedding,time_location_scale,-0.9768427483367792,-1.708601206590416,0.1631764461953141,1.0974331927487095,1936
42,2,0,v8_subject_embedding,time_shape,-1.9831012538858732,-2.23374983138976,0.0832743674335404,1.347657184310778,528
42,2,0,v8_subject_embedding,derivative,-1.1091823745149756,-1.6791543921523828,0.2083765291312461,1.0339161418346572,352
42,2,0,v8_subject_embedding,spectral_global,-0.6374583388248232,-2.070693229570645,0.10311009744972,1.1879117067486245,704
42,2,0,v8_subject_embedding,band_absolute,-0.1146875190382753,-1.9320497964204304,0.1336201534314741,1.1195216746746486,704
42,2,0,v8_subject_embedding,band_fraction,-1.8463181963750628,-2.048636020604365,0.131189093924943,1.2715803797472516,704
42,2,1,v8_subject_embedding,time_location_scale,-0.3865858716298941,-0.7853274877124733,0.2670649738610904,0.9933242394359336,1936
42,2,1,v8_subject_embedding,time_shape,-1.5048446255336476,-1.5437521799988791,0.1368345246986023,1.1397892946112371,528
42,2,1,v8_subject_embedding,derivative,-0.3282883232498844,-0.398908168335171,0.3652832604288915,0.952992328018746,352
42,2,1,v8_subject_embedding,spectral_global,-0.2798446210915811,-1.2425940135563112,0.1877040435292862,1.0988796514522108,704
42,2,1,v8_subject_embedding,band_absolute,-0.0458389637966995,-1.134169400579552,0.2264056332017497,1.0401173238384125,704
42,2,1,v8_subject_embedding,band_fraction,-1.2158750668121203,-1.3419945455762894,0.1811266403499413,1.1342651630784548,704
42,2,2,v8_subject_embedding,time_location_scale,-1.213857050235139,-1.8523271731022573,0.1035726837411589,1.069070503023953,1936
42,2,2,v8_subject_embedding,time_shape,-1.3190229698538136,-1.9238384879116812,0.092084742784343,1.323642373558385,528
42,2,2,v8_subject_embedding,derivative,-1.4836777811715365,-1.8506375826146784,0.0730132232131089,1.0278723437264707,352
42,2,2,v8_subject_embedding,spectral_global,-1.084340929190447,-2.4392424887726385,0.081418570844146,1.166322618876913,704
42,2,2,v8_subject_embedding,band_absolute,-0.6825424671545065,-3.643820226121379,0.0421737029389799,1.0506184039559705,704
42,2,2,v8_subject_embedding,band_fraction,-1.654280062483529,-1.9309122551860725,0.1021778763783332,1.2637728141124125,704
42,3,0,v8_subject_embedding,time_location_scale,-1.1405364632359212,-2.3929123822460503,0.1373263528923906,1.2310805377413332,1936
42,3,0,v8_subject_embedding,time_shape,-2.411970463916944,-3.1508105739999253,0.0666753058262492,1.4532436790417642,528
42,3,0,v8_subject_embedding,derivative,-1.694489495423435,-2.20543096960476,0.2092784573916649,1.159152722503665,352
42,3,0,v8_subject_embedding,spectral_global,-0.508975010265505,-2.892600088574262,0.0786336305204229,1.3052300844467,704
42,3,0,v8_subject_embedding,band_absolute,-0.0915443757005181,-4.038616935732349,0.1133734190337963,1.2352430828750036,704
42,3,0,v8_subject_embedding,band_fraction,-2.443500070735921,-2.601673753632068,0.0982013269749118,1.4034448524643957,704
42,3,1,v8_subject_embedding,time_location_scale,-0.3875743882126512,-0.7853756998295119,0.2623678208583869,0.9823677983632056,1936
42,3,1,v8_subject_embedding,time_shape,-1.1559978751361566,-1.2915475773904974,0.1154520008293593,1.1980852030074969,528
42,3,1,v8_subject_embedding,derivative,-0.3552086128028054,-0.4806374798381941,0.2862015343147418,0.9426587779850354,352
42,3,1,v8_subject_embedding,spectral_global,-0.2613880421137056,-1.1147517961540303,0.1656904416338378,1.0950821531984307,704
42,3,1,v8_subject_embedding,band_absolute,-0.0709226523385499,-0.9308753065748848,0.1714959568733153,1.0926529067073474,704
42,3,1,v8_subject_embedding,band_fraction,-1.012341834668209,-1.0970224201512735,0.1796962471490773,1.145581083200285,704
42,3,2,v8_subject_embedding,time_location_scale,-0.608342547052706,-0.8394483891882617,0.2662819048455828,0.846366921555517,1936
42,3,2,v8_subject_embedding,time_shape,-1.1148897680753642,-1.361516364823138,0.1567006641563596,1.1255985103567223,528
42,3,2,v8_subject_embedding,derivative,-0.5219883712296776,-0.6413302034924728,0.2900155954838993,0.7725646447350861,352
42,3,2,v8_subject_embedding,spectral_global,-0.6672020104842126,-1.3064667621589263,0.1764101831920221,0.9498235327129816,704
42,3,2,v8_subject_embedding,band_absolute,-0.2363414089807893,-1.5335315916714916,0.1638294600887405,0.8337610580149811,704
42,3,2,v8_subject_embedding,band_fraction,-1.204493560329551,-1.2558756450893305,0.1821266968325792,1.0639469872161345,704
42,4,0,v8_subject_embedding,time_location_scale,-0.8147320148204387,-1.162875963589851,0.1869531411984242,0.9388305099918672,1936
42,4,0,v8_subject_embedding,time_shape,-1.360482094057319,-1.5825079977248293,0.1052301472112792,1.2399215030215358,528
42,4,0,v8_subject_embedding,derivative,-0.7860424282680863,-1.0011237509945907,0.2417115902964959,0.8419033006802752,352
42,4,0,v8_subject_embedding,spectral_global,-0.8507666561476629,-1.6848587161580642,0.1332588760872347,1.0456686020832138,704
42,4,0,v8_subject_embedding,band_absolute,-0.1557100460236497,-1.5846825638635549,0.1530686294837238,0.930662505049782,704
42,4,0,v8_subject_embedding,band_fraction,-1.4797585187571811,-1.5793756860465116,0.1283900062201949,1.17660466189947,704
42,4,1,v8_subject_embedding,time_location_scale,-0.0253139994160192,-0.2872488541201204,0.3379794733568318,0.9979416760283196,1936
42,4,1,v8_subject_embedding,time_shape,-1.1869707691108569,-1.3183871287064952,0.173921832884097,1.1200577342717366,528
42,4,1,v8_subject_embedding,derivative,0.0860673217194614,0.0533089190948145,0.403732116939664,0.9403790086988372,352
42,4,1,v8_subject_embedding,spectral_global,-0.0211497286108364,-0.7021929931203837,0.2231347977712007,1.1551262296653249,704
42,4,1,v8_subject_embedding,band_absolute,0.0033001964261716,-0.3500937462287556,0.2391405764047273,1.1712570188982263,704
42,4,1,v8_subject_embedding,band_fraction,-0.921435874460433,-1.010626388119793,0.229810284055567,1.1039975230900445,704
42,4,2,v8_subject_embedding,time_location_scale,-0.8941633487592134,-1.179545013238099,0.2720148925888503,0.8198100356860212,1936
42,4,2,v8_subject_embedding,time_shape,-0.7517377171799645,-1.152780897440191,0.1648673285595044,1.1235584512396362,528
42,4,2,v8_subject_embedding,derivative,-0.917616583281835,-0.881477485340364,0.2995595923208716,0.7504556664979107,352
42,4,2,v8_subject_embedding,spectral_global,-0.9252276278960148,-1.401803686000692,0.1809460528049905,0.9219674962036746,704
42,4,2,v8_subject_embedding,band_absolute,-0.8417796291827391,-2.924771952883269,0.1594473487677371,0.7966462987225864,704
42,4,2,v8_subject_embedding,band_fraction,-0.9387322973443718,-1.013606351320655,0.1827252558977287,1.0643385791284212,704
43,0,0,v8_subject_embedding,time_location_scale,-0.90651921547275,-1.2673320241998474,0.2049295044578063,1.0690631672534727,1936
43,0,0,v8_subject_embedding,time_shape,-1.0930320227758934,-1.653014170729722,0.1105862607092714,1.2418225907472884,528
43,0,0,v8_subject_embedding,derivative,-0.7552518816341806,-0.7538327383404937,0.2383475015550487,1.030541924675974,352
43,0,0,v8_subject_embedding,spectral_global,-0.932829075209608,-1.8100645308144936,0.1273170226000414,1.172848050151319,704
43,0,0,v8_subject_embedding,band_absolute,-0.3360901903193726,-1.9446178537204768,0.1479836201534314,1.077279135826954,704
43,0,0,v8_subject_embedding,band_fraction,-1.461978366148791,-1.6010690339590643,0.0986419241136222,1.2499388744785254,704
43,0,1,v8_subject_embedding,time_location_scale,-0.3056705720393073,-0.5906121013448719,0.2322793568510301,0.9866340451489196,1936
43,0,1,v8_subject_embedding,time_shape,-1.138817466246898,-1.1931272636343098,0.0965132927457292,1.1329925911080183,528
43,0,1,v8_subject_embedding,derivative,-0.2119684840921335,-0.2761343923308276,0.3018220357597856,0.8906292350606911,352
43,0,1,v8_subject_embedding,spectral_global,-0.2399113436790996,-0.9419778827518576,0.1584643939726749,1.072286125584856,704
43,0,1,v8_subject_embedding,band_absolute,-0.0840068471633223,-0.5284743610502659,0.2072002811580195,1.0287199645125358,704
43,0,1,v8_subject_embedding,band_fraction,-0.9372136605729716,-1.0072691199065034,0.1258786188112287,1.1066724631332858,704
43,0,2,v8_subject_embedding,time_location_scale,-0.4730247408943497,-0.6388013981063294,0.3162153451210341,0.8516144871832795,1936
43,0,2,v8_subject_embedding,time_shape,-1.1096935699473391,-1.2102386591433043,0.1518070488319822,1.1321545916483684,528
43,0,2,v8_subject_embedding,derivative,-0.430266735080097,-0.551790014505137,0.3946542569733843,0.7494837728804672,352
43,0,2,v8_subject_embedding,spectral_global,-0.4788562928816525,-1.3139437604756723,0.1862528343068459,0.9977576878151528,704
43,0,2,v8_subject_embedding,band_absolute,-0.1806262233724993,-1.9885161077556408,0.210499233818299,0.882043567288551,704
43,0,2,v8_subject_embedding,band_fraction,-1.1549027736202286,-1.220541817014762,0.1700979920950404,1.108561288751665,704
43,1,0,v8_subject_embedding,time_location_scale,-1.5744817546018886,-2.0339916751774423,0.1678001244038979,0.983591431993446,1936
43,1,0,v8_subject_embedding,time_shape,-1.4349858219503673,-1.7649148512913715,0.0781308314327182,1.1966472327535054,528
43,1,0,v8_subject_embedding,derivative,-2.0028658935437686,-2.412323477271181,0.2063186813186813,0.9283050152160938,352
43,1,0,v8_subject_embedding,spectral_global,-1.3470967530224585,-2.13156275536437,0.084376943810906,1.0979059516521288,704
43,1,0,v8_subject_embedding,band_absolute,-1.4122105278923611,-5.766754467320949,0.1044681733360978,0.9703645680701896,704
43,1,0,v8_subject_embedding,band_fraction,-1.535957212984954,-1.618992173562708,0.1007049554219365,1.182955317481948,704
43,1,1,v8_subject_embedding,time_location_scale,-0.1667947056079885,-0.4810097800530949,0.2742718446601942,1.0940817424571845,1936
43,1,1,v8_subject_embedding,time_shape,-1.2958160423596283,-1.442291450569918,0.115345914907207,1.2279946298607824,528
43,1,1,v8_subject_embedding,derivative,-0.1150431662392222,-0.1519485163954175,0.3124239837832071,1.0648158087604498,352
43,1,1,v8_subject_embedding,spectral_global,-0.1743412127416037,-1.0603711745475546,0.1575897803622588,1.2003405615017952,704
43,1,1,v8_subject_embedding,band_absolute,-0.0304986278511949,-0.4703821162695261,0.2047476795049611,1.2589283938938785,704
43,1,1,v8_subject_embedding,band_fraction,-1.1080610430080564,-1.272110664142541,0.1371492585084818,1.235829379827993,704
43,1,2,v8_subject_embedding,time_location_scale,-0.3482425319817138,-0.9767575461337706,0.2171561305627553,1.022115544435439,1936
43,1,2,v8_subject_embedding,time_shape,-1.2821281823249715,-1.5183467380622488,0.0885817111453412,1.210348595059745,528
43,1,2,v8_subject_embedding,derivative,-0.3360799357594099,-0.7407735422739604,0.2756776347581602,0.9111226352566704,352
43,1,2,v8_subject_embedding,spectral_global,-0.2630285392373521,-1.4665778864718593,0.1380584720818872,1.1421148151013334,704
43,1,2,v8_subject_embedding,band_absolute,-0.1073615614366403,-1.5431093840578258,0.1500076879145982,1.0491110420400396,704
43,1,2,v8_subject_embedding,band_fraction,-1.4336979977669502,-1.5272449241687611,0.1154120722224663,1.192453420070246,704
43,2,0,v8_subject_embedding,time_location_scale,-0.1838062471101933,-0.2528371187061592,0.3715011403690648,0.8079105050752977,1936
43,2,0,v8_subject_embedding,time_shape,-0.9780607089226931,-1.035376886162657,0.1600534970260171,1.1068613700873724,528
43,2,0,v8_subject_embedding,derivative,-0.0089708745508151,-0.0209272359775984,0.4620568111134149,0.710660740092535,352
43,2,0,v8_subject_embedding,spectral_global,-0.2389705150803113,-0.9679923282478814,0.1941480766263078,0.9717875264526076,704
43,2,0,v8_subject_embedding,band_absolute,-0.0104113502274441,-0.6664456712975364,0.2603151565415716,0.9015049117420508,704
43,2,0,v8_subject_embedding,band_fraction,-0.8884493643980331,-0.994329320945497,0.202021563342318,1.0629530177031452,704
43,2,1,v8_subject_embedding,time_location_scale,-0.38538177522495,-0.7025396472710357,0.2877467193001174,1.0208610096162003,1936
43,2,1,v8_subject_embedding,time_shape,-1.972587686190323,-2.059507492964548,0.0828176677691241,1.2687322275350372,528
43,2,1,v8_subject_embedding,derivative,-0.2069888220134479,-0.2906906052748901,0.3645737757388243,0.9344051946663376,352
43,2,1,v8_subject_embedding,spectral_global,-0.325064319874273,-1.438671658980442,0.1741118105195775,1.1799867386395422,704
43,2,1,v8_subject_embedding,band_absolute,-0.0554443189517499,-1.134328000676525,0.2199082470927131,1.0865207991972246,704
43,2,1,v8_subject_embedding,band_fraction,-1.6393972747158696,-1.7682318076464427,0.1411501120238984,1.2765697293778606,704
43,2,2,v8_subject_embedding,time_location_scale,-0.4984170972923095,-0.7563131009393672,0.3155339805825242,0.8677092667438047,1936
43,2,2,v8_subject_embedding,time_shape,-0.918766405410429,-1.3669492843210156,0.1354610552211922,1.1890277887534697,528
43,2,2,v8_subject_embedding,derivative,-0.3409572149877201,-0.412307686157688,0.3892171506391952,0.7543928944414284,352
43,2,2,v8_subject_embedding,spectral_global,-0.6195264406007801,-1.401944034851782,0.202873083512718,1.0048024841673495,704
43,2,2,v8_subject_embedding,band_absolute,-0.3233481698799075,-1.7922510260250195,0.2297807846065984,0.8736218718517206,704
43,2,2,v8_subject_embedding,band_fraction,-1.111785895498555,-1.2741697804071808,0.171638184773536,1.130789818749179,704
43,3,0,v8_subject_embedding,time_location_scale,-1.8946093420242585,-3.842869991828394,0.0475119220402239,1.5230032114695864,1936
43,3,0,v8_subject_embedding,time_shape,-3.226273914978642,-4.281779536338774,0.0526021148662658,1.6661213305028963,528
43,3,0,v8_subject_embedding,derivative,-2.928234447431288,-3.8378983882588793,0.0637984656852581,1.4424982030824591,352
43,3,0,v8_subject_embedding,spectral_global,-0.7901766268061319,-4.1952736931451575,0.0499846837726839,1.579990757495351,704
43,3,0,v8_subject_embedding,band_absolute,-0.1411422026484117,-6.193390205549878,0.0384408044785403,1.5464938079678798,704
43,3,0,v8_subject_embedding,band_fraction,-3.535709137126372,-3.824635887330945,0.0730872900684221,1.6546974754380324,704
43,3,1,v8_subject_embedding,time_location_scale,-0.162219220596763,-0.3406881469357085,0.3494453659547999,0.8956950695452515,1936
43,3,1,v8_subject_embedding,time_shape,-0.9528731106354285,-1.1260309706582965,0.1704326787763571,1.162738531097366,528
43,3,1,v8_subject_embedding,derivative,0.039524301686841,0.0015172342338312,0.4346153846153846,0.8016538317696026,352
43,3,1,v8_subject_embedding,spectral_global,-0.1956736862789601,-0.9007087090952803,0.2260418826456562,1.0532871468846492,704
43,3,1,v8_subject_embedding,band_absolute,-0.019894270783723,-0.434943962037868,0.2593147418619116,1.001076599347055,704
43,3,1,v8_subject_embedding,band_fraction,-0.8992108011079485,-0.966459804174032,0.2296340452000829,1.1278316249970457,704
43,3,2,v8_subject_embedding,time_location_scale,-0.4773008492655286,-0.6727146460803678,0.2849196063787725,0.8480925621507129,1936
43,3,2,v8_subject_embedding,time_shape,-1.2315114974348096,-1.608672581221063,0.1176635329262399,1.1880723748590694,528
43,3,2,v8_subject_embedding,derivative,-0.2721975193755996,-0.4134663652506348,0.3643137987084304,0.7550975430128731,352
43,3,2,v8_subject_embedding,spectral_global,-0.6075455000194449,-1.430140539560467,0.1595242279137196,0.9888625103868356,704
43,3,2,v8_subject_embedding,band_absolute,-0.1659250908498708,-1.4056617254049533,0.1904406273338312,0.8453636383641786,704
43,3,2,v8_subject_embedding,band_fraction,-1.4167324702617792,-1.488674966319785,0.1308318323595308,1.1515081833352545,704
43,4,0,v8_subject_embedding,time_location_scale,-0.7347963989572994,-0.8933293450543018,0.2485693551731287,0.901134896143818,1936
43,4,0,v8_subject_embedding,time_shape,-1.426060921444381,-1.754230228495314,0.0755753680281982,1.2757134379703376,528
43,4,0,v8_subject_embedding,derivative,-0.570781852268633,-0.6862296875631798,0.3198527887207132,0.7738321587210438,352
43,4,0,v8_subject_embedding,spectral_global,-0.9309651361613914,-1.8054974492433276,0.1464069234641443,1.06848743708756,704
43,4,0,v8_subject_embedding,band_absolute,-0.1604049380218313,-1.697684363083965,0.1796599626788306,0.9210528607320462,704
43,4,0,v8_subject_embedding,band_fraction,-1.6577481272953254,-1.7958422723381366,0.1253058262492224,1.2287911474579791,704
43,4,1,v8_subject_embedding,time_location_scale,-0.0711830466487991,-0.4479861457019148,0.2856831847397885,1.121423826504608,1936
43,4,1,v8_subject_embedding,time_shape,-1.333470810219734,-1.477352918426623,0.1112864801619412,1.1708653034292216,528
43,4,1,v8_subject_embedding,derivative,0.0196551105717145,-0.0450666272648097,0.3786958324694174,1.0127694010687407,352
43,4,1,v8_subject_embedding,spectral_global,-0.0443787657899972,-0.8569927285141894,0.1857091022185361,1.2658424164250917,704
43,4,1,v8_subject_embedding,band_absolute,-0.0167616439992432,-0.4442735236065611,0.2246630727762803,1.319830353058888,704
43,4,1,v8_subject_embedding,band_fraction,-1.107982681126103,-1.190283969295864,0.1645811735434377,1.180604895174074,704
43,4,2,v8_subject_embedding,time_location_scale,-1.6228056821129322,-2.0381737480645548,0.1271141765145191,1.0235683814474703,1936
43,4,2,v8_subject_embedding,time_shape,-1.2170246286580615,-1.91624615195266,0.0726837411588982,1.3194407652856834,528
43,4,2,v8_subject_embedding,derivative,-1.5124001642299394,-1.38297880009756,0.1952895048982998,0.9130060929559832,352
43,4,2,v8_subject_embedding,spectral_global,-1.5587622558877028,-2.256040316492395,0.1022492641567456,1.121882579548486,704
43,4,2,v8_subject_embedding,band_absolute,-1.3598494566810848,-4.07401048308852,0.1140721785353424,0.9870973326106,704
43,4,2,v8_subject_embedding,band_fraction,-1.6682571989854167,-1.8594744040807367,0.1187508237051355,1.2652375123004351,704
44,0,0,v8_subject_embedding,time_location_scale,-0.7660648804136854,-1.0789808076688971,0.2156230561890939,1.0233179448248633,1936
44,0,0,v8_subject_embedding,time_shape,-0.9787786509608948,-1.4208357690006408,0.1299180489101152,1.2023699936423948,528
44,0,0,v8_subject_embedding,derivative,-0.6345127004755047,-0.7420771321435397,0.2626632801161103,0.9916243685187872,352
44,0,0,v8_subject_embedding,spectral_global,-0.8078732011482413,-1.5662922625180498,0.1248496786232635,1.1320622546974628,704
44,0,0,v8_subject_embedding,band_absolute,-0.3085860449113299,-1.8029839458525827,0.1315415716359112,1.0624811209293246,704
44,0,0,v8_subject_embedding,band_fraction,-1.219366249745483,-1.3643144146798247,0.1395759900476881,1.1855062288943627,704
44,0,1,v8_subject_embedding,time_location_scale,-0.3165667461743801,-0.554711939651004,0.2755238764661951,0.977505831012211,1936
44,0,1,v8_subject_embedding,time_shape,-1.0688607579926024,-1.2137040009992317,0.152171286737249,1.1121538555340953,528
44,0,1,v8_subject_embedding,derivative,-0.2825400917632927,-0.329823612595891,0.3230626455212406,0.8865521098003415,352
44,0,1,v8_subject_embedding,spectral_global,-0.2854796368737797,-1.0298029199032706,0.1721378992224223,1.1066937098037748,704
44,0,1,v8_subject_embedding,band_absolute,-0.1052280866786402,-0.607895135480013,0.1932412247946228,1.0465197423840948,704
44,0,1,v8_subject_embedding,band_fraction,-0.990237818770089,-1.0991690461785115,0.1576516715722883,1.1176613982620676,704
44,0,2,v8_subject_embedding,time_location_scale,-1.3934126039790928,-2.159537858071133,0.1806888284488071,1.167314257440826,1936
44,0,2,v8_subject_embedding,time_shape,-2.2348227811346417,-2.447538803020868,0.0674641313146862,1.4254863485720155,528
44,0,2,v8_subject_embedding,derivative,-1.7329623288684048,-2.012319312818432,0.2109233196306495,1.075920778804077,352
44,0,2,v8_subject_embedding,spectral_global,-1.0679542232839792,-2.6745753874190985,0.1157923902041832,1.285903913401606,704
44,0,2,v8_subject_embedding,band_absolute,-0.4422693818573294,-4.499425444477737,0.1236747318364046,1.1610922706961315,704
44,0,2,v8_subject_embedding,band_fraction,-2.344172645983855,-2.5293170881793863,0.0874973848041571,1.3879649414102169,704
44,1,0,v8_subject_embedding,time_location_scale,-1.4221305799485868,-1.8816634654782265,0.1721387103462575,0.9512200341462896,1936
44,1,0,v8_subject_embedding,time_shape,-1.3978460747254715,-1.7576740900470929,0.0847795864171639,1.2075528797828807,528
44,1,0,v8_subject_embedding,derivative,-1.895500668515262,-2.280744060835993,0.2125025917478747,0.9048000664959372,352
44,1,0,v8_subject_embedding,spectral_global,-1.30625337112335,-2.1281033820972386,0.0984508280187716,1.0776534830119548,704
44,1,0,v8_subject_embedding,band_absolute,-1.300001842293224,-5.803492486109681,0.111465892597968,0.9409187684319942,704
44,1,0,v8_subject_embedding,band_fraction,-1.5698292265439395,-1.641407331354786,0.1058936346672195,1.201717797545016,704
44,1,1,v8_subject_embedding,time_location_scale,-0.1056693390993491,-0.3734763354321081,0.3579857036167716,1.000977665480286,1936
44,1,1,v8_subject_embedding,time_shape,-1.1442480074568229,-1.2361027618893798,0.1987825717852632,1.164373789541574,528
44,1,1,v8_subject_embedding,derivative,-0.0143971993997165,-0.0560011490283198,0.3930491838258829,0.982898651985564,352
44,1,1,v8_subject_embedding,spectral_global,-0.1284006578454445,-0.8914616741486332,0.2397738184145951,1.1183332053456831,704
44,1,1,v8_subject_embedding,band_absolute,-0.0145715460888675,-0.3735900872065008,0.2398911767843807,1.1839059707294624,704
44,1,1,v8_subject_embedding,band_fraction,-0.8701869262234506,-1.0002963628956942,0.2470286994558839,1.1342960225324783,704
44,1,2,v8_subject_embedding,time_location_scale,-0.458111700817922,-1.2113717477004964,0.1394368053420024,1.039664614434217,1936
44,1,2,v8_subject_embedding,time_shape,-1.311815626405821,-1.5841479182229137,0.059453459981718,1.195666620012457,528
44,1,2,v8_subject_embedding,derivative,-0.6378468912572736,-1.0673612593978528,0.169897421253789,1.0000995834615225,352
44,1,2,v8_subject_embedding,spectral_global,-0.3141742884360747,-1.612975248167272,0.0770713438474717,1.1385187226449376,704
44,1,2,v8_subject_embedding,band_absolute,-0.1595718869045582,-2.102626877134517,0.1011180424372886,1.0462509829716615,704
44,1,2,v8_subject_embedding,band_fraction,-1.3746980209959796,-1.4973439849292605,0.0756875192197865,1.1584200758720518,704
44,2,0,v8_subject_embedding,time_location_scale,-1.198865308065334,-1.954554954720274,0.1502799087704748,1.2072077621402273,1936
44,2,0,v8_subject_embedding,time_shape,-2.0800860557621665,-2.424836335652822,0.0801708897504332,1.390511514942657,528
44,2,0,v8_subject_embedding,derivative,-1.4819684206754162,-2.0906166219302245,0.2029286750984864,1.1608744690355548,352
44,2,0,v8_subject_embedding,spectral_global,-0.7810630319407655,-2.452083876927908,0.0995023844080447,1.3109945498443354,704
44,2,0,v8_subject_embedding,band_absolute,-0.1417603711364471,-2.2279533519684973,0.1160584698320547,1.2587957222378785,704
44,2,0,v8_subject_embedding,band_fraction,-2.0807706597739632,-2.3881342877341165,0.0880986937590711,1.353338571391509,704
44,2,1,v8_subject_embedding,time_location_scale,-0.2095692842618061,-0.4263036758643928,0.3843433265763363,0.8991353444231373,1936
44,2,1,v8_subject_embedding,time_shape,-1.4048655582181389,-1.4126848864791477,0.1534887442654433,1.1394239939250697,528
44,2,1,v8_subject_embedding,derivative,-0.0268212170260449,-0.1454871322477567,0.4270297663501547,0.8256343550823793,352
44,2,1,v8_subject_embedding,spectral_global,-0.2175627211416685,-1.060511252540581,0.225957537608023,1.0737914288725137,704
44,2,1,v8_subject_embedding,band_absolute,-0.024168098299458,-0.7685805828163448,0.2524218499946655,0.9965227201966796,704
44,2,1,v8_subject_embedding,band_fraction,-1.0549540933242485,-1.105205582909393,0.2005867918489278,1.125049442767786,704
44,2,2,v8_subject_embedding,time_location_scale,-0.9666443278702456,-1.4873972146613568,0.1436267187980494,1.015050964417724,1936
44,2,2,v8_subject_embedding,time_shape,-1.080405229318179,-1.618412534846741,0.0679501823134033,1.2637942609003427,528
44,2,2,v8_subject_embedding,derivative,-1.1494858963172163,-1.277422069881102,0.1583271097834204,0.953261836757912,352
44,2,2,v8_subject_embedding,spectral_global,-0.8660285615453792,-1.9396482053570416,0.0881090465826167,1.1079411545232325,704
44,2,2,v8_subject_embedding,band_absolute,-0.54411835152562,-2.9319448140948072,0.1050937925580986,0.9815418958882686,704
44,2,2,v8_subject_embedding,band_fraction,-1.4014879362704624,-1.6606482504165456,0.0871370206036111,1.218328466515287,704
44,3,0,v8_subject_embedding,time_location_scale,-0.9696285139064342,-2.01638125616825,0.2019541778975741,1.161129377949226,1936
44,3,0,v8_subject_embedding,time_shape,-2.184872902623242,-2.818175052692686,0.1058957772849595,1.3769591340207024,528
44,3,0,v8_subject_embedding,derivative,-1.4276503766635884,-2.0939673593618693,0.2475119220402239,1.0888828005482327,352
44,3,0,v8_subject_embedding,spectral_global,-0.4501689071689538,-2.6024795381436787,0.1330655193862741,1.2592066860661766,704
44,3,0,v8_subject_embedding,band_absolute,-0.0688171227134533,-3.861715087217326,0.1534781256479369,1.2147863041630125,704
44,3,0,v8_subject_embedding,band_fraction,-2.1649139552509142,-2.2401632001724883,0.1216099937798051,1.3419288911897027,704
44,3,1,v8_subject_embedding,time_location_scale,-0.4989609615292339,-0.9131387338330712,0.2535455110926808,1.077557062639064,1936
44,3,1,v8_subject_embedding,time_shape,-1.3056255350114676,-1.49822560255964,0.1326923076923076,1.2702429694093258,528
44,3,1,v8_subject_embedding,derivative,-0.4543009820898533,-0.4721006268475886,0.2787269334439146,1.0234167350284282,352
44,3,1,v8_subject_embedding,spectral_global,-0.3822538908824141,-1.461430368869862,0.1685672817748289,1.223078142729228,704
44,3,1,v8_subject_embedding,band_absolute,-0.1034188398069477,-0.9195048433824448,0.1714389384200705,1.186593832988602,704
44,3,1,v8_subject_embedding,band_fraction,-1.2663205817824883,-1.3753824561662793,0.1656282396848434,1.237078572168852,704
44,3,2,v8_subject_embedding,time_location_scale,-0.6945203365542193,-1.035588352606461,0.1854983965206695,0.9494954072554654,1936
44,3,2,v8_subject_embedding,time_shape,-1.4224085241226103,-1.9385517316866103,0.0936514514455729,1.24805955767785,528
44,3,2,v8_subject_embedding,derivative,-0.5248085836466059,-0.7625600505366246,0.1953938408821333,0.8577644391318567,352
44,3,2,v8_subject_embedding,spectral_global,-0.8175999031273858,-1.8904256417252208,0.1057966876070816,1.103817346162591,704
44,3,2,v8_subject_embedding,band_absolute,-0.2387622129959703,-1.8971733729947855,0.1180918595967139,0.9740012522754514,704
44,3,2,v8_subject_embedding,band_fraction,-1.803116229646343,-1.8946833520985105,0.0926778104819224,1.23881268490721,704
44,4,0,v8_subject_embedding,time_location_scale,-0.1570774796174027,-0.169786900610132,0.3617924528301886,0.7163153176338705,1936
44,4,0,v8_subject_embedding,time_shape,-0.6360517384123449,-0.7641509784758391,0.2174388320199839,1.0348402555056884,528
44,4,0,v8_subject_embedding,derivative,-0.0022317235605009,-0.0666213842728533,0.4271978021978022,0.615020963890199,352
44,4,0,v8_subject_embedding,spectral_global,-0.3960702516102616,-0.8877406547944193,0.2014366668878598,0.880892571176823,704
44,4,0,v8_subject_embedding,band_absolute,-0.0574321073515774,-0.7548482869825757,0.2184065934065933,0.7619424880716819,704
44,4,0,v8_subject_embedding,band_fraction,-0.7927703678442019,-0.8346724678736668,0.2119738751814223,1.0203985404225853,704
44,4,1,v8_subject_embedding,time_location_scale,-0.1453352351670813,-0.7408631036699499,0.2463300850093303,1.1567449851819478,1936
44,4,1,v8_subject_embedding,time_shape,-1.766930029657905,-2.0514879566023567,0.1023014721127928,1.2508705368044286,528
44,4,1,v8_subject_embedding,derivative,-0.138047466577119,-0.111283108246925,0.2973564171677378,1.0708083876456276,352
44,4,1,v8_subject_embedding,spectral_global,-0.0851255652771854,-1.241274772597696,0.1504457806344598,1.3048000011916858,704
44,4,1,v8_subject_embedding,band_absolute,-0.0241050561316517,-0.5474818987783536,0.1878965374248393,1.3076560606488588,704
44,4,1,v8_subject_embedding,band_fraction,-1.453395652423896,-1.6335060451977397,0.1314741861911673,1.2399484532014595,704
44,4,2,v8_subject_embedding,time_location_scale,-1.5297557459047526,-1.9137629907180316,0.1737303958177744,1.013715172517852,1936
44,4,2,v8_subject_embedding,time_shape,-1.0719533021110212,-1.7248888045397093,0.085337526477106,1.2838087982493682,528
44,4,2,v8_subject_embedding,derivative,-1.750104393048015,-1.5775412916361715,0.2077054869744761,0.9528517267548628,352
44,4,2,v8_subject_embedding,spectral_global,-1.528084593750238,-2.2482498020343886,0.1140117734920704,1.1241526734064569,704
44,4,2,v8_subject_embedding,band_absolute,-1.262939750925243,-4.068041276539575,0.1345659623072529,0.979463035413332,704
44,4,2,v8_subject_embedding,band_fraction,-1.6123464250967492,-1.7818821913570573,0.0912775117515266,1.263257369189311,704
42,0,0,str_subject_embedding,time_location_scale,-1.1087785516510156,-1.5459141455839602,0.18745075679037942,1.1765389162599351,1936
42,0,0,str_structured_residual,time_location_scale,-0.35383111830988534,-0.4591709150174704,0.331422351233672,0.8846789104617748,1936
42,0,0,str_decision_input,time_location_scale,-0.4042372362023828,-0.5158904223819953,0.3447387518142235,0.9082559830692633,1936
42,0,0,str_subject_embedding,time_shape,-1.2798781255377503,-1.8785298402188666,0.08695447449539759,1.3368322613449286,528
42,0,0,str_structured_residual,time_shape,-0.5536284936294625,-0.8073544885087645,0.25232738959154055,1.040522220049812,528
42,0,0,str_decision_input,time_shape,-0.6229803881616537,-0.9243835200480807,0.24371229701977082,1.0762559841070096,528
42,0,0,str_subject_embedding,derivative,-0.9549431929358256,-1.1524504000365727,0.25920588845117143,1.1305251041273414,352
42,0,0,str_structured_residual,derivative,-0.17727396732071043,-0.2635800167198429,0.3611496993572465,0.8446576454965158,352
42,0,0,str_decision_input,derivative,-0.23997543274540917,-0.35375103579957967,0.36846879535558774,0.8723242648901629,352
42,0,0,str_subject_embedding,spectral_global,-1.0306295841806246,-1.950965394451834,0.11622181917628796,1.2664527365195049,704
42,0,0,str_structured_residual,spectral_global,-0.5208887071896627,-1.0448937460240237,0.1983153638814016,1.0337368027930673,704
42,0,0,str_decision_input,spectral_global,-0.565457900671384,-1.148437162316754,0.21734397677793904,1.0642711032402519,704
42,0,0,str_subject_embedding,band_absolute,-0.42932960676239235,-2.5511152245305047,0.130722579307485,1.2341220699504527,704
42,0,0,str_structured_residual,band_absolute,-0.19280331579076102,-1.3891749619715348,0.1880675927845739,0.9971663727877101,704
42,0,0,str_decision_input,band_absolute,-0.20261100780780605,-1.4476466278740168,0.20425046651461745,1.0251992201561617,704
42,0,0,str_subject_embedding,band_fraction,-1.6284567190072514,-1.7444133907554464,0.1280323450134771,1.3127525180767339,704
42,0,0,str_structured_residual,band_fraction,-0.7736476591710165,-0.8256931055864524,0.2485589881816297,1.0605251570128167,704
42,0,0,str_decision_input,band_fraction,-0.891257991288517,-0.960124500686797,0.2488596309351026,1.1011477835953307,704
42,0,1,str_subject_embedding,time_location_scale,-0.713670524629831,-1.0790725007532274,0.21248846812810263,1.1962035511522224,1936
42,0,1,str_structured_residual,time_location_scale,0.034915037129626625,0.04151487161999262,0.42376883539076576,0.7692801760174486,1936
42,0,1,str_decision_input,time_location_scale,-0.30832813222618394,-0.4111479628927134,0.34058010807011374,0.9969370375838363,1936
42,0,1,str_subject_embedding,time_shape,-1.8342211661410261,-2.0200774426430663,0.12600492026534288,1.319785990524468,528
42,0,1,str_structured_residual,time_shape,-0.35678201274704174,-0.345445402574464,0.259412204015288,0.8676579892168405,528
42,0,1,str_decision_input,time_shape,-1.3340269199122554,-1.431859174508613,0.20494882045424595,1.193770750594616,528
42,0,1,str_subject_embedding,derivative,-0.7868733833451662,-0.6896141226010699,0.26239950797346573,1.1134523174480688,352
42,0,1,str_structured_residual,derivative,0.14429312307266862,0.1844181814085945,0.45394939155647324,0.693014209785606,352
42,0,1,str_decision_input,derivative,-0.21689454303754843,-0.1976797247183475,0.4054441418090762,0.8909310260212578,352
42,0,1,str_subject_embedding,spectral_global,-0.48871139539864317,-1.6558680555818117,0.1336543952906032,1.2863885298136342,704
42,0,1,str_structured_residual,spectral_global,-0.045095577127511395,-0.279265194387308,0.2617515266001845,0.8713140020257192,704
42,0,1,str_decision_input,spectral_global,-0.29843044405224445,-1.1441048897786208,0.20945723322936347,1.1409661571214043,704
42,0,1,str_subject_embedding,band_absolute,-0.24409964810209708,-1.0404890567044387,0.14596055001537583,1.2762584737155562,704
42,0,1,str_structured_residual,band_absolute,-0.003941738640143764,-0.12638751905897305,0.3054408469885341,0.8566133463246475,704
42,0,1,str_decision_input,band_absolute,-0.1133748090283376,-0.549994680831588,0.2684509950358037,1.0918317014513164,704
42,0,1,str_subject_embedding,band_fraction,-1.6056938462615173,-1.8602294950344835,0.15668519087993676,1.2901191661479752,704
42,0,1,str_structured_residual,band_fraction,-0.26219811049464975,-0.3196351309672867,0.24162017308790584,0.8792755487881118,704
42,0,1,str_decision_input,band_fraction,-1.147836830760308,-1.258636283718187,0.21015463691077627,1.1721392154743242,704
42,0,2,str_subject_embedding,time_location_scale,-1.0766018961940875,-1.7191468438836306,0.17069736670982916,1.1007759833555195,1936
42,0,2,str_structured_residual,time_location_scale,-0.27699676921327454,-0.36999655761656103,0.3982222322746266,0.8015625372828639,1936
42,0,2,str_decision_input,time_location_scale,-0.5637429117936013,-0.7935216952381681,0.2989578797971174,0.9309650614290358,1936
42,0,2,str_subject_embedding,time_shape,-1.5788211298810657,-1.6197695603390514,0.1205478057800069,1.273431182035761,528
42,0,2,str_structured_residual,time_shape,-0.4392627598852291,-0.4661266103058599,0.25260812774595565,0.9135476536702317,528
42,0,2,str_decision_input,time_shape,-0.9595282432421234,-0.9684028723247959,0.2107132141869584,1.1011943996262528,528
42,0,2,str_subject_embedding,derivative,-1.3509389409122845,-1.6566431352245594,0.1883619544136024,1.0262038906172963,352
42,0,2,str_structured_residual,derivative,-0.3748422755353405,-0.502731937444827,0.423475128780725,0.7519916249757613,352
42,0,2,str_decision_input,derivative,-0.7055500273254619,-0.8696113942482657,0.30705509157426303,0.8723875636071784,352
42,0,2,str_subject_embedding,spectral_global,-0.7779417161025293,-1.8845689533510053,0.13256357046327133,1.1823758397226307,704
42,0,2,str_structured_residual,spectral_global,-0.2829598018276673,-0.6942551713419952,0.259557480591006,0.9076592212463398,704
42,0,2,str_decision_input,spectral_global,-0.4885304329303475,-1.2303022189139305,0.2110646815680997,1.045700132280379,704
42,0,2,str_subject_embedding,band_absolute,-0.34945112917679977,-4.113203474135219,0.09919649874753322,1.1049236908285223,704
42,0,2,str_structured_residual,band_absolute,-0.16161769688227653,-1.737499135513268,0.25687725825695074,0.869452570240261,704
42,0,2,str_decision_input,band_absolute,-0.2445700819342596,-2.7851895602553496,0.19809896466517013,0.9998616887818675,704
42,0,2,str_subject_embedding,band_fraction,-1.5323593176645818,-1.5886654497304715,0.1590491430639352,1.2142702988480136,704
42,0,2,str_structured_residual,band_fraction,-0.5240429600800087,-0.5256061839492796,0.2552374597825288,0.9320286360353877,704
42,0,2,str_decision_input,band_fraction,-0.9964705153637726,-1.0326790452996222,0.21827414037805837,1.0778550297379925,704
42,1,0,str_subject_embedding,time_location_scale,-1.2436947955879494,-1.6334244166686538,0.17460605432303544,0.8672804847881125,1936
42,1,0,str_structured_residual,time_location_scale,-0.2880050395271233,-0.4266299084777426,0.3858594235952726,0.6700625355068215,1936
42,1,0,str_decision_input,time_location_scale,-0.4866508098045061,-0.5837016716975085,0.3899647522289032,0.7197151251228366,1936
42,1,0,str_subject_embedding,time_shape,-1.2718963704524606,-1.551902381466434,0.10357142857142856,1.1565308791277573,528
42,1,0,str_structured_residual,time_shape,-0.46967078386231487,-0.5565370801069263,0.2662865436450342,0.9092552210442352,528
42,1,0,str_decision_input,time_shape,-0.9172949474469818,-1.1156925269257933,0.20757528792897645,1.0629605563647646,528
42,1,0,str_subject_embedding,derivative,-1.3988507829687622,-1.5674689381762856,0.236066763425254,0.7861960625057824,352
42,1,0,str_structured_residual,derivative,-0.28884019406602557,-0.45523466930310175,0.433055152394775,0.6138928616455033,352
42,1,0,str_decision_input,derivative,-0.4842640827660317,-0.6387778585721093,0.4219210035247771,0.6552718575135702,352
42,1,0,str_subject_embedding,spectral_global,-1.1210619825698815,-1.8931504260112844,0.09047037864731813,0.9852799568718098,704
42,1,0,str_structured_residual,spectral_global,-0.43248094274216864,-0.7834898326502636,0.23711382956665972,0.8207579301197058,704
42,1,0,str_decision_input,spectral_global,-0.7118672210176686,-1.3550049359620984,0.20785299606054322,0.9080078818495114,704
42,1,0,str_subject_embedding,band_absolute,-1.0132404408076732,-3.892701521542676,0.12222164627825005,0.8027395534190604,704
42,1,0,str_structured_residual,band_absolute,-0.49735453982250066,-2.8037140883062035,0.24747045407422763,0.7249279882838348,704
42,1,0,str_decision_input,band_absolute,-0.6234630200147467,-2.8249064925055007,0.23519593613933235,0.7495137069966211,704
42,1,0,str_subject_embedding,band_fraction,-1.357808835856103,-1.3696411862598235,0.11471594443292556,1.1297634119441795,704
42,1,0,str_structured_residual,band_fraction,-0.5621896873989319,-0.5783881991676768,0.23343354758449097,0.9261801735800932,704
42,1,0,str_decision_input,band_fraction,-1.0236688231019286,-1.0129274188860022,0.2027731702260004,1.0618587734534757,704
42,1,1,str_subject_embedding,time_location_scale,-0.21278104258783373,-0.708799354199829,0.28436466446175185,1.110594985873797,1936
42,1,1,str_structured_residual,time_location_scale,0.011796766079856323,-0.0271494688761309,0.42253280699882645,0.9003964438722305,1936
42,1,1,str_decision_input,time_location_scale,-0.0059419351915542635,-0.07463952434777898,0.4327803264696469,0.9327805534820844,1936
42,1,1,str_subject_embedding,time_shape,-1.4498660547463125,-1.5512729257470026,0.1405633201749707,1.2556401498636296,528
42,1,1,str_structured_residual,time_shape,-0.5738743081413349,-0.6457957802919301,0.28537516984653905,0.9959634319439636,528
42,1,1,str_decision_input,time_shape,-0.9375080713468595,-1.046815425846073,0.2603955720952651,1.1226059621811564,528
42,1,1,str_subject_embedding,derivative,-0.15294141624390703,-0.3332359960057819,0.33607169529499625,1.07097052280881,352
42,1,1,str_structured_residual,derivative,0.1312727806764481,0.14924276495392086,0.486519790888723,0.8709139435146548,352
42,1,1,str_decision_input,derivative,0.13269883839709162,0.12349256048812163,0.47458124399871976,0.9071572135360837,352
42,1,1,str_subject_embedding,spectral_global,-0.1962254638219553,-1.273474065720579,0.19534300650805508,1.2243961773992358,704
42,1,1,str_structured_residual,spectral_global,-0.05518741965800894,-0.5356771641663702,0.2571481916142111,1.0415703924027881,704
42,1,1,str_decision_input,spectral_global,-0.10304169793503566,-0.7890794066076638,0.2668675984209965,1.1176449754204607,704
42,1,1,str_subject_embedding,band_absolute,-0.02915466819676839,-0.5248399770759226,0.20838578896831325,1.2629360192811416,704
42,1,1,str_structured_residual,band_absolute,-0.0024527963651867985,-0.15194044675000395,0.2765816707564281,1.113357290956828,704
42,1,1,str_decision_input,band_absolute,0.004497937063881144,-0.20293654968588037,0.28129200896191187,1.138218626973135,704
42,1,1,str_subject_embedding,band_fraction,-1.1868932616345005,-1.3953799537286096,0.19474021124506563,1.238055391378169,704
42,1,1,str_structured_residual,band_fraction,-0.4849434824469466,-0.5321109069472566,0.287816067427718,1.0133769537116002,704
42,1,1,str_decision_input,band_fraction,-0.8330468054039916,-0.9334024123276059,0.2681265336605143,1.1367398384261969,704
42,1,2,str_subject_embedding,time_location_scale,-0.5721654896238024,-1.5250965454723397,0.1593485041514739,1.1847758885480728,1936
42,1,2,str_structured_residual,time_location_scale,-0.07599134476844861,-0.21954304856188178,0.40754733558845496,0.8344067108439078,1936
42,1,2,str_decision_input,time_location_scale,-0.2592308903644576,-0.6666106973461955,0.33992663532926237,0.9945670872847473,1936
42,1,2,str_subject_embedding,time_shape,-1.4719829951427696,-1.6705056573138608,0.12046121364088387,1.2903803959656126,528
42,1,2,str_structured_residual,time_shape,-0.45082156182477107,-0.5552181481951143,0.2627192590205984,0.934762314854806,528
42,1,2,str_decision_input,time_shape,-0.9393897445525263,-1.0401746940414898,0.20632166234679084,1.1249946132791038,528
42,1,2,str_subject_embedding,derivative,-0.7636722626853351,-1.1844995645776109,0.19999560690594387,1.1070461268141218,352
42,1,2,str_structured_residual,derivative,-0.04298723675333389,-0.2680128590348059,0.4261850371216448,0.7749753049798402,352
42,1,2,str_decision_input,derivative,-0.2671519768695164,-0.4870936955290863,0.37560954180028994,0.9112897607756577,352
42,1,2,str_subject_embedding,spectral_global,-0.386297165265349,-2.0350771956108504,0.09983541998415565,1.3048031864895362,704
42,1,2,str_structured_residual,spectral_global,-0.11485495434833591,-0.6605344738729426,0.25889628114055635,0.976278302005234,704
42,1,2,str_decision_input,spectral_global,-0.25218796150462836,-1.386956836523209,0.20154417256073454,1.1705201773546454,704
42,1,2,str_subject_embedding,band_absolute,-0.21025581062591023,-2.5498864093245075,0.09464921143961691,1.264822023289198,704
42,1,2,str_structured_residual,band_absolute,-0.05877955068965906,-1.088106438165359,0.2657162939858542,0.9431746202200387,704
42,1,2,str_decision_input,band_absolute,-0.14069250188590407,-1.94170565993548,0.19316434564864032,1.1557882394103722,704
42,1,2,str_subject_embedding,band_fraction,-1.655642388277708,-1.7405736414756843,0.11350107630804376,1.2666783702039999,704
42,1,2,str_structured_residual,band_fraction,-0.6162035621102487,-0.628478003737075,0.2520318060009665,0.9634235882096338,704
42,1,2,str_decision_input,band_fraction,-1.188382081700352,-1.234330360963278,0.1878761586785573,1.1438736936078913,704
42,2,0,str_subject_embedding,time_location_scale,-0.7274253359990468,-1.1929078178601928,0.2066296910636533,1.0243488778460386,1936
42,2,0,str_structured_residual,time_location_scale,0.015914738356988093,0.02229875061974551,0.38824383164005805,0.6696186521393684,1936
42,2,0,str_decision_input,time_location_scale,-0.43017840489464265,-0.6994300060130114,0.33264047273481234,0.9223611988640856,1936
42,2,0,str_subject_embedding,time_shape,-1.4592056349247995,-1.6643332958217198,0.09440182459050384,1.2222159764778542,528
42,2,0,str_structured_residual,time_shape,-0.17688361730453345,-0.21231097448676195,0.25927327389591537,0.7977573358782666,528
42,2,0,str_decision_input,time_shape,-1.21187359834246,-1.3106574837112974,0.16976892697516321,1.168420447849784,528
42,2,0,str_subject_embedding,derivative,-0.797685991538248,-0.9731071624180726,0.24153535144101182,0.95519914192411,352
42,2,0,str_structured_residual,derivative,0.06335311976580002,0.06778571127079702,0.39977710968277,0.6290811309620553,352
42,2,0,str_decision_input,derivative,-0.3498082979556405,-0.4928555099946238,0.3657785610615799,0.8310950465489935,352
42,2,0,str_subject_embedding,spectral_global,-0.46148922858594776,-1.4761566476754029,0.1353128688991912,1.1054630644103196,704
42,2,0,str_structured_residual,spectral_global,-0.03600099826157057,-0.18964687784009293,0.24069978636980238,0.753086262623681,704
42,2,0,str_decision_input,spectral_global,-0.3533204194872394,-1.1888368308359205,0.20603358905245697,1.0496522027813628,704
42,2,0,str_subject_embedding,band_absolute,-0.08033935419073884,-1.3416871077290622,0.14464544889073191,1.0601126143569553,704
42,2,0,str_structured_residual,band_absolute,-0.008546805323974619,-0.22763208956226832,0.24574953348538253,0.7335400180628636,704
42,2,0,str_decision_input,band_absolute,-0.05867599970478239,-1.167144064056949,0.21544163383786025,1.01252800039605,704
42,2,0,str_subject_embedding,band_fraction,-1.3883674581423662,-1.5630287553108024,0.13758552767986731,1.171391462711718,704
42,2,0,str_structured_residual,band_fraction,-0.1986523605869228,-0.22454866671606266,0.2283796392286958,0.8130091943334935,704
42,2,0,str_decision_input,band_fraction,-1.1259306986782025,-1.2837715062186295,0.18639850715322412,1.114176122561904,704
42,2,1,str_subject_embedding,time_location_scale,-0.7433855144224988,-1.4745724443594168,0.121305878587432,1.2145036987606213,1936
42,2,1,str_structured_residual,time_location_scale,-0.07849557321978468,-0.18546141073207312,0.41438173477008433,0.8780716687863143,1936
42,2,1,str_decision_input,time_location_scale,-0.23292210203563624,-0.40458070781460476,0.34472954230235786,0.9602458567020122,1936
42,2,1,str_subject_embedding,time_shape,-2.301180751904391,-2.3612554434320443,0.05512929293944,1.3613134613665205,528
42,2,1,str_structured_residual,time_shape,-0.6153542167076819,-0.668271203439943,0.23971873956976636,0.9468395078559018,528
42,2,1,str_decision_input,time_shape,-1.177752585969266,-1.2272438157447902,0.18713325509442014,1.114620177003688,528
42,2,1,str_subject_embedding,derivative,-0.7147882337489996,-0.8065003056937537,0.2077029766350155,1.1749260621876625,352
42,2,1,str_structured_residual,derivative,0.032928752436968495,-0.023085377401865337,0.45470500373413003,0.8494954848583184,352
42,2,1,str_decision_input,derivative,-0.10912386213934276,-0.19548094265102056,0.38382588285500907,0.9073124336944833,352
42,2,1,str_subject_embedding,spectral_global,-0.4536562169228249,-1.888492372142362,0.08822819585525377,1.2899017832276711,704
42,2,1,str_structured_residual,spectral_global,-0.12167432053479557,-0.5501822401732054,0.2721647284754082,1.0026269419843328,704
42,2,1,str_decision_input,spectral_global,-0.22885058150672002,-0.9620174501141663,0.22084183066279256,1.1121608442211075,704
42,2,1,str_subject_embedding,band_absolute,-0.08827848579691723,-1.7281391038657865,0.10235783633841888,1.233275037336417,704
42,2,1,str_structured_residual,band_absolute,-0.020823680393795993,-0.5441792471348208,0.25924997332764327,1.0115404723368913,704
42,2,1,str_decision_input,band_absolute,-0.03866240448468845,-0.8713143371645931,0.22195668409260644,1.0734503399329915,704
42,2,1,str_subject_embedding,band_fraction,-1.8382703031230374,-1.991113936155298,0.09890109890109891,1.3448586647269118,704
42,2,1,str_structured_residual,band_fraction,-0.5006905953518088,-0.5063418509620493,0.23499946655286466,0.9939843356222886,704
42,2,1,str_decision_input,band_fraction,-1.036595558752737,-1.098648794121633,0.21612610690280595,1.161519378609884,704
42,2,2,str_subject_embedding,time_location_scale,-1.0905127688662073,-1.6097875717328356,0.1699852831349119,1.0452107871944247,1936
42,2,2,str_structured_residual,time_location_scale,-0.3083681600200339,-0.430053808923174,0.36912423669990774,0.80812137801156,1936
42,2,2,str_decision_input,time_location_scale,-0.47863221869667355,-0.6378420152989884,0.3472631024030225,0.8531706401137198,1936
42,2,2,str_subject_embedding,time_shape,-1.1777916126273429,-1.7334297313414868,0.11579097658480869,1.2788543560966168,528
42,2,2,str_structured_residual,time_shape,-0.33660519918554416,-0.4702685749280431,0.27865001495621966,0.9545603620393064,528
42,2,2,str_decision_input,time_shape,-0.6732020294466408,-1.0129434924402578,0.23158195316961738,1.1063337395501438,528
42,2,2,str_subject_embedding,derivative,-1.2821439656696747,-1.638736519313495,0.1883154680841717,0.9854230880020269,352
42,2,2,str_structured_residual,derivative,-0.38816163501746737,-0.526278641306162,0.3774820981417212,0.7783263729728098,352
42,2,2,str_decision_input,derivative,-0.5696279870226713,-0.6773106816206238,0.34850964284145325,0.819935365745681,352
42,2,2,str_subject_embedding,spectral_global,-0.9926651663448591,-2.1705081900527663,0.11579741370137947,1.1451328064842246,704
42,2,2,str_structured_residual,spectral_global,-0.3863496531589244,-0.8314220854416827,0.22863250483988343,0.9178710156562436,704
42,2,2,str_decision_input,spectral_global,-0.6059695597806912,-1.3563808088756875,0.20322665943070128,0.9996430221732384,704
42,2,2,str_subject_embedding,band_absolute,-0.6396639379521829,-3.4347296856464866,0.10229868646487722,1.041128977274015,704
42,2,2,str_structured_residual,band_absolute,-0.3058993243935504,-1.7121769012274013,0.2204125115318719,0.881902957984234,704
42,2,2,str_decision_input,band_absolute,-0.38340124990395624,-2.251343788605087,0.19783200808329304,0.9135364228343701,704
42,2,2,str_subject_embedding,band_fraction,-1.487564558610685,-1.6871744639681547,0.14230879058120632,1.2288215542984084,704
42,2,2,str_structured_residual,band_fraction,-0.502686236625184,-0.556777361047981,0.2624489302815973,0.9514621056612089,704
42,2,2,str_decision_input,band_fraction,-0.9370733331928323,-1.0067233992139881,0.22361947019285683,1.0837962455267116,704
42,3,0,str_subject_embedding,time_location_scale,-0.9997278881582716,-2.0658581215863325,0.1308832676757205,1.154244472511957,1936
42,3,0,str_structured_residual,time_location_scale,-0.11776657225642048,-0.22601425542926135,0.39044681733360975,0.8283536541835305,1936
42,3,0,str_decision_input,time_location_scale,-0.31391944214630724,-0.671419897594805,0.313077959776073,0.9149622564176203,1936
42,3,0,str_subject_embedding,time_shape,-2.497654082752131,-3.14449616772208,0.049705256124133776,1.4395052862064293,528
42,3,0,str_structured_residual,time_shape,-0.5075554309017279,-0.5775313952184893,0.2593043748704126,0.9439858444055045,528
42,3,0,str_decision_input,time_shape,-1.2998017301377207,-1.5970300185867197,0.17488077959776072,1.1865276362479118,528
42,3,0,str_subject_embedding,derivative,-1.5566088923876575,-2.0469536242194115,0.16417686087497407,1.0867730292067184,352
42,3,0,str_structured_residual,derivative,-0.1163732697585863,-0.24985846445081217,0.414855898818163,0.7662289911140464,352
42,3,0,str_decision_input,derivative,-0.42012793973460877,-0.6648689899442526,0.35503835786854654,0.8404039976727912,352
42,3,0,str_subject_embedding,spectral_global,-0.4602063643725357,-2.828086131016709,0.08486768551471119,1.2463351316196505,704
42,3,0,str_structured_residual,spectral_global,-0.112348188416026,-0.6300861833160231,0.2640524569769853,0.9361099642401131,704
42,3,0,str_decision_input,spectral_global,-0.21050763134558495,-1.4983849680736194,0.21234708687538878,1.0586806801230901,704
42,3,0,str_subject_embedding,band_absolute,-0.08130302675962926,-3.961898529740673,0.09537632179141611,1.1757241167110137,704
42,3,0,str_structured_residual,band_absolute,-0.017580774094612995,-1.0473495362166023,0.2696972838482272,0.924739272510715,704
42,3,0,str_decision_input,band_absolute,-0.028753119681399646,-1.9677614250974937,0.2217654986522911,0.990935858337154,704
42,3,0,str_subject_embedding,band_fraction,-2.45471707456997,-2.5376731260571015,0.08683392079618493,1.3744362142694837,704
42,3,0,str_structured_residual,band_fraction,-0.5480358241272558,-0.5542745053241994,0.26547791830810696,0.9632647255080282,704
42,3,0,str_decision_input,band_fraction,-1.3237115570102913,-1.3260966745916147,0.1818007464233879,1.169626732730627,704
42,3,1,str_subject_embedding,time_location_scale,-0.3240831755381424,-0.7151638986584035,0.27205059091851547,0.9321585573235297,1936
42,3,1,str_structured_residual,time_location_scale,0.029616859357388132,0.03255167427893274,0.4635755753680282,0.7537420847020174,1936
42,3,1,str_decision_input,time_location_scale,-0.009660400753639522,-0.03927222851267487,0.4211020111963508,0.7813360837056069,1936
42,3,1,str_subject_embedding,time_shape,-1.006596252334053,-1.1241822263575787,0.15925253991291727,1.1419901410206486,528
42,3,1,str_structured_residual,time_shape,-0.48959990280952,-0.5796003224131049,0.28761343157709496,0.9901198503579862,528
42,3,1,str_decision_input,time_shape,-0.825812729128765,-0.9739583001326046,0.25197491188057225,1.116525800840467,528
42,3,1,str_subject_embedding,derivative,-0.3029686803160651,-0.40636192080565214,0.3007723408666805,0.9114757563234613,352
42,3,1,str_structured_residual,derivative,0.24223954697738548,0.2445515259117741,0.5380727762803235,0.6846607622368123,352
42,3,1,str_decision_input,derivative,0.21365487609633488,0.14282422686332497,0.4525450964130209,0.7105199646625631,352
42,3,1,str_subject_embedding,spectral_global,-0.23487431351036972,-1.0552238794501656,0.16983372645751793,1.047099662280745,704
42,3,1,str_structured_residual,spectral_global,-0.09270911493424898,-0.4315606694409333,0.2861982373790921,0.9331668401030784,704
42,3,1,str_decision_input,spectral_global,-0.14178451769853037,-0.8224046654745439,0.2416765540795578,1.0027540435448357,704
42,3,1,str_subject_embedding,band_absolute,-0.05057190479430746,-0.8069851669768937,0.1590711175616836,1.0097225591849648,704
42,3,1,str_structured_residual,band_absolute,-0.0018068707525504403,-0.204153297171911,0.3242432096205681,0.9162951610411713,704
42,3,1,str_decision_input,band_absolute,0.004534491975887154,-0.3125098162809026,0.25883267675720506,0.9279342451399777,704
42,3,1,str_subject_embedding,band_fraction,-0.8938118273377516,-0.9484105870378873,0.19528820236367406,1.0999075363571302,704
42,3,1,str_structured_residual,band_fraction,-0.49814895935519526,-0.508897186618882,0.2696609993779805,0.9904753815956935,704
42,3,1,str_decision_input,band_fraction,-0.8524636900458724,-0.8912994752521602,0.24762077545096411,1.1044047473164715,704
42,3,2,str_subject_embedding,time_location_scale,-1.3908191515682113,-2.081860470802802,0.09194745859508852,1.134867286881543,1936
42,3,2,str_structured_residual,time_location_scale,-0.3642088945469009,-0.5061517129492182,0.3092408733470984,0.8596288646803821,1936
42,3,2,str_decision_input,time_location_scale,-0.601789432090535,-0.7900645902549709,0.2367932609937179,0.9175970590334951,1936
42,3,2,str_subject_embedding,time_shape,-2.0857445219376713,-2.690118158895494,0.06067584511796249,1.4109140564915748,528
42,3,2,str_structured_residual,time_shape,-0.5236480015937333,-0.605031603727316,0.2367608394755153,0.9719183617544723,528
42,3,2,str_decision_input,time_shape,-1.1025473645565997,-1.334252356696189,0.18032175207885281,1.1659412395834832,528
42,3,2,str_subject_embedding,derivative,-1.3732761121982995,-1.8233903637332218,0.09458880639634495,1.0817159417607416,352
42,3,2,str_structured_residual,derivative,-0.33055483651717255,-0.4587001076589625,0.3476584808680754,0.8252458405533096,352
42,3,2,str_decision_input,derivative,-0.4976269332588615,-0.622085712450602,0.26817642665729474,0.8481931616438202,352
42,3,2,str_subject_embedding,spectral_global,-1.211139293411707,-2.6240130746122903,0.056232788219000795,1.2164684432448232,704
42,3,2,str_structured_residual,spectral_global,-0.42226990062724307,-0.8281894553769694,0.20477309669200022,0.9493590542649365,704
42,3,2,str_decision_input,spectral_global,-0.6585779929348723,-1.3808327080453613,0.14816258841101787,1.0311579811099678,704
42,3,2,str_subject_embedding,band_absolute,-0.4074512669751706,-3.0277965002919465,0.03962570838641656,1.081905660534908,704
42,3,2,str_structured_residual,band_absolute,-0.16968633626366708,-1.252818900857251,0.19843056714844265,0.9088571380727496,704
42,3,2,str_decision_input,band_absolute,-0.20316856178604162,-1.4339312186035271,0.14917300004393094,0.9032435576164176,704
42,3,2,str_subject_embedding,band_fraction,-2.375823366936964,-2.5312568064599574,0.06789526863770154,1.357110976691213,704
42,3,2,str_structured_residual,band_fraction,-0.6530359202036522,-0.6447152669079534,0.24487655405702238,0.9643982171203346,704
42,3,2,str_decision_input,band_fraction,-1.3006542846127829,-1.3254826667330266,0.17906251372841894,1.1339738999464997,704
42,4,0,str_subject_embedding,time_location_scale,-1.1658095743334846,-1.5044406113973579,0.14619013062409286,1.0709193949049864,1936
42,4,0,str_structured_residual,time_location_scale,-0.23160422106503292,-0.31919507298653593,0.38668359941944846,0.7895997232283117,1936
42,4,0,str_decision_input,time_location_scale,-0.5157365512428792,-0.6318571418263726,0.32073398299813394,0.8869748873770247,1936
42,4,0,str_subject_embedding,time_shape,-1.5392793457217435,-1.9235126191151095,0.10205266431681524,1.3302405060791402,528
42,4,0,str_structured_residual,time_shape,-0.3884001136089615,-0.44477301382479906,0.26124300228073816,0.9389574997007941,528
42,4,0,str_decision_input,time_shape,-0.9327100175213194,-1.1342498495361646,0.20277375999649366,1.148299810246966,528
42,4,0,str_subject_embedding,derivative,-1.323816174979319,-1.4944524288384138,0.16478851337341902,0.9917679208349766,352
42,4,0,str_structured_residual,derivative,-0.2067008812052528,-0.44615349015925665,0.43484864192411354,0.7281749302526256,352
42,4,0,str_decision_input,derivative,-0.4670321985878019,-0.6833974737566081,0.34281567489114656,0.8003343685294066,352
42,4,0,str_subject_embedding,spectral_global,-1.1149380433438023,-2.1067538608052594,0.11069355173128757,1.1783021590146041,704
42,4,0,str_structured_residual,spectral_global,-0.3404361360961118,-0.6461786099859853,0.2517830427893393,0.8921190152873699,704
42,4,0,str_decision_input,spectral_global,-0.6504072339645313,-1.2913704581629954,0.20301679452622845,1.0261385607847087,704
42,4,0,str_subject_embedding,band_absolute,-0.2736285122526274,-2.443338538883652,0.09719572879950239,1.0969908870415352,704
42,4,0,str_structured_residual,band_absolute,-0.0774682614483182,-0.9852173086783611,0.283744557329463,0.877193361244194,704
42,4,0,str_decision_input,band_absolute,-0.1385126926155945,-1.4760750810642653,0.2191789342732739,0.9689227229924335,704
42,4,0,str_subject_embedding,band_fraction,-1.6684039750169422,-1.8398963219186852,0.10527161517727554,1.2563788724615081,704
42,4,0,str_structured_residual,band_fraction,-0.5423101325034051,-0.5840748913170359,0.23101285506945882,0.9503446929052137,704
42,4,0,str_decision_input,band_fraction,-1.0851380962808368,-1.1646701214254358,0.1845117147003939,1.1168331736928527,704
42,4,1,str_subject_embedding,time_location_scale,-0.17593840032627658,-1.111587468866698,0.18950342110719468,1.2597373728685695,1936
42,4,1,str_structured_residual,time_location_scale,-0.014515250390353361,-0.12970137798124215,0.4301161103047895,0.9867783396968863,1936
42,4,1,str_decision_input,time_location_scale,-0.05459891183040839,-0.3523263774619191,0.37986730250881195,1.0664621034890045,1936
42,4,1,str_subject_embedding,time_shape,-2.166354727171212,-2.6296239769174004,0.07393738337134564,1.3646152540654575,528
42,4,1,str_structured_residual,time_shape,-0.5887536118681862,-0.6301787760324089,0.23465690524700888,0.9509045024915042,528
42,4,1,str_decision_input,time_shape,-1.2977955291071765,-1.4052117968796407,0.1784935560297674,1.168263508129594,528
42,4,1,str_subject_embedding,derivative,-0.30055988893510954,-0.4653500431750761,0.22652913124611238,1.2233656571109564,352
42,4,1,str_structured_residual,derivative,0.10919539390741122,0.06414841819747008,0.5024051420277835,0.9412914627454922,352
42,4,1,str_decision_input,derivative,0.01630836240365684,-0.05715870245601773,0.4369531411984242,1.0143886470476475,352
42,4,1,str_subject_embedding,spectral_global,-0.09299068312461038,-1.5545328836638388,0.13445987974289858,1.401425065058873,704
42,4,1,str_structured_residual,spectral_global,-0.02226922792961409,-0.4166630111567603,0.2822986702155189,1.117458389922295,704
42,4,1,str_decision_input,spectral_global,-0.049993041567046724,-0.8554701297173902,0.23974704540742275,1.2547744789142898,704
42,4,1,str_subject_embedding,band_absolute,-0.0346085713266449,-0.8274119296690442,0.1682044370723616,1.3967725901459334,704
42,4,1,str_structured_residual,band_absolute,-0.008086349771506861,-0.28139742121722244,0.32387518142235117,1.2236488478946763,704
42,4,1,str_decision_input,band_absolute,-0.014755253206323843,-0.47495348869291865,0.28663176446195315,1.2852337310290702,704
42,4,1,str_subject_embedding,band_fraction,-1.9788697963038904,-2.1813635571764847,0.09521044992743105,1.3727577900362766,704
42,4,1,str_structured_residual,band_fraction,-0.4771039434619763,-0.5053666342339904,0.28577130416753055,0.975212868906123,704
42,4,1,str_decision_input,band_fraction,-1.0924195299517694,-1.1457505462982396,0.2137518142235123,1.1704711325308694,704
42,4,2,str_subject_embedding,time_location_scale,-1.3817361390452687,-1.7697127352796622,0.17462548873171374,0.985635346680296,1936
42,4,2,str_structured_residual,time_location_scale,-0.5743067080970194,-0.748996981869192,0.2716250054913676,0.8221922421399277,1936
42,4,2,str_decision_input,time_location_scale,-0.7174988111504844,-0.9047034487326507,0.2963745991301674,0.8372635904250442,1936
42,4,2,str_subject_embedding,time_shape,-1.1315653765204408,-1.7574729886632101,0.11907481439177614,1.2952687573080448,528
42,4,2,str_structured_residual,time_shape,-0.32578121624595485,-0.4878471993642276,0.26936758536835137,0.9554792130275606,528
42,4,2,str_decision_input,time_shape,-0.6935807292257987,-1.038014687072929,0.21638592834707288,1.1315726206742918,528
42,4,2,str_subject_embedding,derivative,-1.4268714729210141,-1.4009327692707485,0.25722114835478627,0.9056326686381178,352
42,4,2,str_structured_residual,derivative,-0.641684971266699,-0.687602024310858,0.334687870667311,0.7705200338667817,352
42,4,2,str_decision_input,derivative,-0.6980126333913244,-0.69980818645192,0.34025062601590306,0.7692987222326603,352
42,4,2,str_subject_embedding,spectral_global,-1.4419870078035268,-2.1732120869134297,0.1295633264508193,1.0950321341606457,704
42,4,2,str_structured_residual,spectral_global,-0.6251147162261176,-0.874530791780161,0.19165270290142927,0.8966266433905626,704
42,4,2,str_decision_input,spectral_global,-0.9076664218714614,-1.4283593291944834,0.18695854629066125,0.9623278679954098,704
42,4,2,str_subject_embedding,band_absolute,-1.1507369027101475,-3.8089755060707224,0.1298982998726003,0.9519748851869945,704
42,4,2,str_structured_residual,band_absolute,-0.6362335846340598,-2.314918727362012,0.17061679040548255,0.8383131064047245,704
42,4,2,str_decision_input,band_absolute,-0.7188684208252353,-2.618458955845499,0.18355994376839607,0.8343271213171229,704
42,4,2,str_subject_embedding,band_fraction,-1.5332915189698935,-1.6823559204361924,0.15848635944295567,1.2272550632635568,704
42,4,2,str_structured_residual,band_fraction,-0.48398558059998514,-0.4942350734449579,0.26719347186223263,0.9464018402625857,704
42,4,2,str_decision_input,band_fraction,-0.9349807377238835,-0.9733268705679856,0.23394873259236482,1.0885876510709083,704
43,0,0,str_subject_embedding,time_location_scale,-0.7027274826383789,-0.9237050638681923,0.2889539705577441,0.9943160718168922,1936
43,0,0,str_structured_residual,time_location_scale,-0.17185554000375128,-0.1992098183240688,0.3679556292763839,0.7905767792672196,1936
43,0,0,str_decision_input,time_location_scale,-0.26576799679189883,-0.3215915636688762,0.35645345220816915,0.833504756523396,1936
43,0,0,str_subject_embedding,time_shape,-1.0985873151377035,-1.5669880795262134,0.1328203305918358,1.2470513250281532,528
43,0,0,str_structured_residual,time_shape,-0.557660821742142,-0.7822160634743593,0.21168359941944848,1.0287581437411866,528
43,0,0,str_decision_input,time_shape,-0.7665427902220636,-1.050856227663933,0.20793602857796367,1.1288929919700905,528
43,0,0,str_subject_embedding,derivative,-0.4740296176066191,-0.4370613223237325,0.340944432925565,0.9279385718922408,352
43,0,0,str_structured_residual,derivative,-0.009289346339174132,-0.04002040312767563,0.42469417375077756,0.7550832019486335,352
43,0,0,str_decision_input,derivative,-0.0018237238974731654,-0.018846756276685195,0.4018867924528302,0.7609139232282958,352
43,0,0,str_subject_embedding,spectral_global,-0.8387023453972988,-1.6161182311600049,0.15923698942566866,1.13840006782316,704
43,0,0,str_structured_residual,spectral_global,-0.35031451345369824,-0.8055427344651669,0.22306137258967446,0.9421379237367176,704
43,0,0,str_decision_input,spectral_global,-0.46918183529247287,-1.036692737151572,0.21218912001164764,0.9981300149012973,704
43,0,0,str_subject_embedding,band_absolute,-0.3008909185525727,-1.714061795779511,0.18990773377565828,1.033310721615795,704
43,0,0,str_structured_residual,band_absolute,-0.10390839105352243,-0.8428703547547359,0.24604499274310593,0.8669416180955305,704
43,0,0,str_decision_input,band_absolute,-0.12390699672421625,-0.9388700642647354,0.22392701637984658,0.8967543942014516,704
43,0,0,str_subject_embedding,band_fraction,-1.3770268160536006,-1.5426166469570355,0.1451430644826871,1.230058929951717,704
43,0,0,str_structured_residual,band_fraction,-0.705061277972547,-0.7827594005410272,0.20770267468380677,1.0317635609712514,704
43,0,0,str_decision_input,band_fraction,-0.9612338089035801,-1.0385735030119014,0.20302197802197802,1.1180961279985686,704
43,0,1,str_subject_embedding,time_location_scale,-0.2718766419894253,-0.5079073174896304,0.2660842156130563,0.9596846557958192,1936
43,0,1,str_structured_residual,time_location_scale,0.009323388704672104,-0.007260716439833836,0.41420836445108294,0.8008050401815983,1936
43,0,1,str_decision_input,time_location_scale,-0.030790771674899714,-0.08692104953170676,0.3841541097394895,0.8298694992886579,1936
43,0,1,str_subject_embedding,time_shape,-1.156382240813427,-1.1926412183670956,0.12329218468567413,1.1256736023971385,528
43,0,1,str_structured_residual,time_shape,-0.5991504340050755,-0.612185853551502,0.23748404245432198,0.9677403757649837,528
43,0,1,str_decision_input,time_shape,-0.9841578085407722,-1.0430497389438087,0.2057625503985112,1.0904928983355937,528
43,0,1,str_subject_embedding,derivative,-0.122437948511587,-0.17623574361195582,0.35245793612441245,0.838771837325856,352
43,0,1,str_structured_residual,derivative,0.16170967143570678,0.17364330806963313,0.4511103545226903,0.7102272523706958,352
43,0,1,str_decision_input,derivative,0.13944882523051147,0.11952805380874587,0.440616351096077,0.7263261513443273,352
43,0,1,str_subject_embedding,spectral_global,-0.24936819878269048,-1.0472381282000458,0.18036515650122723,1.0763397814269644,704
43,0,1,str_structured_residual,spectral_global,-0.08600078229044918,-0.46055092618095983,0.2505889290454661,0.9366869204868826,704
43,0,1,str_decision_input,spectral_global,-0.14280010888264502,-0.7087072490454384,0.25107630804375525,0.9957846462447085,704
43,0,1,str_subject_embedding,band_absolute,-0.07625290677318947,-0.4847575697927704,0.22123621666739884,1.012806817790962,704
43,0,1,str_structured_residual,band_absolute,-0.007334108949192485,-0.17018430233951942,0.28176756139348946,0.8975254682200108,704
43,0,1,str_decision_input,band_absolute,-0.0025119620292324255,-0.2144407066047137,0.2747605763739402,0.9115240900835451,704
43,0,1,str_subject_embedding,band_fraction,-1.031917547218201,-1.1204669799234896,0.15767912841013926,1.1286304487114385,704
43,0,1,str_structured_residual,band_fraction,-0.5129672571642323,-0.5305159833132154,0.21691451038966747,0.9721010710770636,704
43,0,1,str_decision_input,band_fraction,-0.8554353849229923,-0.9196555752734514,0.2080404603962571,1.0795029468398993,704
43,0,2,str_subject_embedding,time_location_scale,-0.5074983572113108,-0.7241134243025308,0.317001317493257,0.8696171148513848,1936
43,0,2,str_structured_residual,time_location_scale,-0.15383531885387572,-0.23875434621622438,0.3835488631672991,0.7269909379954886,1936
43,0,2,str_decision_input,time_location_scale,-0.17900521526046018,-0.2528722146963198,0.3851377713442389,0.7283040770010052,1936
43,0,2,str_subject_embedding,time_shape,-1.1944974328567823,-1.2797027612490306,0.13661243025159964,1.1631391210248208,528
43,0,2,str_structured_residual,time_shape,-0.6863623963669901,-0.7662934061828843,0.21991613640726437,1.0038785494896758,528
43,0,2,str_decision_input,time_shape,-0.9140600076183804,-1.0084668736603812,0.20402722445390287,1.0857115176922127,528
43,0,2,str_subject_embedding,derivative,-0.46468328733203845,-0.5472089691420865,0.37840894312161083,0.7653862001130399,352
43,0,2,str_structured_residual,derivative,-0.07274987817013175,-0.2222391715318649,0.43446743303685026,0.642933566343651,352
43,0,2,str_decision_input,derivative,-0.06360119468328071,-0.12658542245177773,0.41581331177092584,0.6256411946620454,352
43,0,2,str_subject_embedding,spectral_global,-0.5019228506655148,-1.377184995482499,0.19831948928759235,1.0181884757016706,704
43,0,2,str_structured_residual,spectral_global,-0.28450002397450347,-0.8513833047491527,0.22967356701404007,0.896174753577467,704
43,0,2,str_decision_input,spectral_global,-0.32418485232534944,-0.959009171013308,0.23329808709026242,0.9125492662793622,704
43,0,2,str_subject_embedding,band_absolute,-0.19844264663215821,-2.2258536654239727,0.22023624406986675,0.9016121832594185,704
43,0,2,str_structured_residual,band_absolute,-0.10789458419148262,-1.5495973589943215,0.24202860034718493,0.7882657536371018,704
43,0,2,str_decision_input,band_absolute,-0.09806374944283984,-1.4407756782674734,0.2536655150380829,0.7688527450692676,704
43,0,2,str_subject_embedding,band_fraction,-1.2355093227513003,-1.2993958474255352,0.1660606951614636,1.1263213200138738,704
43,0,2,str_structured_residual,band_fraction,-0.8036262652629251,-0.8442144174564581,0.19647047514574417,1.0114965305788668,704
43,0,2,str_decision_input,band_fraction,-0.9703932063958824,-0.98924624479637,0.21024478233088872,1.0577898107519916,704
43,1,0,str_subject_embedding,time_location_scale,-1.0446732466471758,-1.2978104684597929,0.2655764047273481,0.8719658577003171,1936
43,1,0,str_structured_residual,time_location_scale,-0.48787586169147096,-0.6760820151778392,0.3289498237611445,0.7297019525453663,1936
43,1,0,str_decision_input,time_location_scale,-0.6199610630576486,-0.8074283132578631,0.3423906282396848,0.7681485388904241,1936
43,1,0,str_subject_embedding,time_shape,-1.264785468889596,-1.4899616735701786,0.11613552781022538,1.1776062932482207,528
43,1,0,str_structured_residual,time_shape,-0.6872658573109165,-0.8428276579701848,0.18979668607280548,0.9944910630641554,528
43,1,0,str_decision_input,time_shape,-0.951069603653621,-1.1384039759305618,0.18243656965160965,1.0873012190732567,528
43,1,0,str_subject_embedding,derivative,-1.1238447616211038,-1.3594244888759826,0.33584905660377357,0.7870350720897493,352
43,1,0,str_structured_residual,derivative,-0.5258450136518057,-0.8469930441409071,0.4372382334646486,0.6615778083476836,352
43,1,0,str_decision_input,derivative,-0.5874041466155793,-0.7569079785994839,0.4053234501347709,0.6843030294441758,352
43,1,0,str_subject_embedding,spectral_global,-1.0629297659881787,-1.7532010378538616,0.1630417006996882,1.0214637852597679,704
43,1,0,str_structured_residual,spectral_global,-0.5916929259749198,-1.0590159425404766,0.19257897029172533,0.8779933051036857,704
43,1,0,str_decision_input,spectral_global,-0.7816563748937129,-1.3734097496399755,0.19750155504872485,0.9408669773947217,704
43,1,0,str_subject_embedding,band_absolute,-0.9896304755346249,-4.024633396815354,0.1753732116939664,0.8741230050965476,704
43,1,0,str_structured_residual,band_absolute,-0.6757725848268925,-3.546302609863423,0.21798154675513165,0.7757400706274588,704
43,1,0,str_decision_input,band_absolute,-0.7344557532509997,-3.458320437077878,0.20754198631557122,0.8020509599115087,704
43,1,0,str_subject_embedding,band_fraction,-1.3438493316008941,-1.4323440718544351,0.13883475015550487,1.1458809206995124,704
43,1,0,str_structured_residual,band_fraction,-0.8151763736161781,-0.857666022287612,0.16329048310180386,1.001871843711995,704
43,1,0,str_decision_input,band_fraction,-1.0740623567775187,-1.1405611943942136,0.17133008500933028,1.0812640671050695,704
43,1,1,str_subject_embedding,time_location_scale,-0.17802697344940918,-0.46932596241284985,0.3198495679078203,1.1159788449022487,1936
43,1,1,str_structured_residual,time_location_scale,-0.0242166330544214,-0.1186452288186367,0.419721540595327,0.9073906509119822,1936
43,1,1,str_decision_input,time_location_scale,-0.02353705843649747,-0.1209287333830752,0.3963832284220634,0.940061659198262,1936
43,1,1,str_subject_embedding,time_shape,-1.2559479172278025,-1.3666052563418303,0.12030833244425479,1.2141775521237328,528
43,1,1,str_structured_residual,time_shape,-0.7827572016444512,-0.9326556482330671,0.18648195756645458,1.0609835955583893,528
43,1,1,str_decision_input,time_shape,-1.0297530545354183,-1.1860867167226117,0.17843806678758137,1.1527635799656295,528
43,1,1,str_subject_embedding,derivative,-0.10468642723937971,-0.11896664377947197,0.3737917422383442,1.0821761691323455,352
43,1,1,str_structured_residual,derivative,0.10110016989894165,0.0786255891820733,0.4912194601514991,0.8633046066955743,352
43,1,1,str_decision_input,derivative,0.1330223792244947,0.12060745924306948,0.436279739677798,0.8808658618420405,352
43,1,1,str_subject_embedding,spectral_global,-0.17500565713717461,-1.0893737221345665,0.20479568974714607,1.2219451828265908,704
43,1,1,str_structured_residual,spectral_global,-0.10096282162688845,-0.7332268755615317,0.2394110743625307,1.0661308100810496,704
43,1,1,str_decision_input,spectral_global,-0.10732961192229354,-0.8156750614141252,0.22667235676944417,1.1136875174853778,704
43,1,1,str_subject_embedding,band_absolute,-0.03351935830435278,-0.4292454560509431,0.2535847647498133,1.2976276484244607,704
43,1,1,str_structured_residual,band_absolute,-0.013834737954605481,-0.2541285597313072,0.2962925424090473,1.1044246036989742,704
43,1,1,str_decision_input,band_absolute,-0.00774980132164196,-0.2074827447325217,0.2666008748533021,1.1381582543938005,704
43,1,1,str_subject_embedding,band_fraction,-1.0408434236152533,-1.163682772156324,0.15788434866104772,1.216805565307233,704
43,1,1,str_structured_residual,band_fraction,-0.6674445423023039,-0.7553946586995877,0.2090045876453644,1.083379021262662,704
43,1,1,str_decision_input,band_fraction,-0.8427229705716915,-0.9458139850708615,0.1955297130054412,1.1508089807916344,704
43,1,2,str_subject_embedding,time_location_scale,-0.20264045573197412,-0.5903983961901492,0.29258006413917326,0.93826556016365,1936
43,1,2,str_structured_residual,time_location_scale,-0.10527026229660827,-0.27210689375675845,0.37335808109651636,0.8350630526542004,1936
43,1,2,str_decision_input,time_location_scale,-0.11827694145188118,-0.3171995668369001,0.3700358037165576,0.8621580190795625,1936
43,1,2,str_subject_embedding,time_shape,-1.0200149558036884,-1.1422485861903986,0.13060119492158329,1.1404431814949445,528
43,1,2,str_structured_residual,time_shape,-0.7047285205563651,-0.8222261881405066,0.18640996353731934,1.0340251003552883,528
43,1,2,str_decision_input,time_shape,-0.8845593454307057,-1.0315620489786241,0.1885296314194087,1.1043329345540969,528
43,1,2,str_subject_embedding,derivative,-0.15424009023114388,-0.47796509086497974,0.36751526600184514,0.8400992054037507,352
43,1,2,str_structured_residual,derivative,-0.05577642257035343,-0.23012919136856924,0.44441088608707113,0.75830792085312,352
43,1,2,str_decision_input,derivative,-0.05719121276000211,-0.24706063517200638,0.4342848042876598,0.7704721509548609,352
43,1,2,str_subject_embedding,spectral_global,-0.18533508927423323,-1.1201656413762173,0.17684400123006636,1.07534480644043,704
43,1,2,str_structured_residual,spectral_global,-0.1452188429932081,-0.8694655742311891,0.2214064490620744,0.9957662816936613,704
43,1,2,str_decision_input,spectral_global,-0.1589913344375088,-0.9972476712558965,0.208496243904582,1.0349912579170792,704
43,1,2,str_subject_embedding,band_absolute,-0.07179016056086347,-1.3839680094794915,0.19079207485832272,1.0012304958921692,704
43,1,2,str_structured_residual,band_absolute,-0.06499457764224965,-1.1416914621655931,0.26388217721741425,0.9343315888181758,704
43,1,2,str_decision_input,band_absolute,-0.06416270304232986,-1.222329514794929,0.23645279620436677,0.9720019302987708,704
43,1,2,str_subject_embedding,band_fraction,-1.123680348005758,-1.1920282649525453,0.14931577560075562,1.1164978604922347,704
43,1,2,str_structured_residual,band_fraction,-0.8186012512090345,-0.8554490414960774,0.19206058076703422,1.0290729965257734,704
43,1,2,str_decision_input,band_fraction,-0.997351157186858,-1.0514522054214446,0.19018802442560298,1.0854705622627532,704
43,2,0,str_subject_embedding,time_location_scale,-0.8427619085312702,-1.3491358612025472,0.19089259796806968,1.1084968642256736,1936
43,2,0,str_structured_residual,time_location_scale,-0.21247488766536915,-0.30552513575123486,0.37173958117354344,0.8298475053676779,1936
43,2,0,str_decision_input,time_location_scale,-0.46517406193597344,-0.7470167073320833,0.26701741654571837,0.9565355662233198,1936
43,2,0,str_subject_embedding,time_shape,-1.8110879484697553,-2.077728012225478,0.08865851130002073,1.3481292206891478,528
43,2,0,str_structured_residual,time_shape,-0.5960740948887296,-0.6197658349590599,0.19540742276591333,0.981037110104279,528
43,2,0,str_decision_input,time_shape,-1.1724897202666675,-1.3178072534055238,0.15558780841799708,1.1825103169034608,528
43,2,0,str_subject_embedding,derivative,-0.8203348925283171,-1.1439471068841371,0.25752125233257306,1.0087980957344052,352
43,2,0,str_structured_residual,derivative,-0.1474796793528987,-0.21797386354423953,0.4211020111963508,0.7669810914809597,352
43,2,0,str_decision_input,derivative,-0.3708134808539622,-0.5628940822867298,0.33468277006012853,0.8690023290068878,352
43,2,0,str_subject_embedding,spectral_global,-0.6376187921158999,-1.9736995397453307,0.11797634904276981,1.2461005582398474,704
43,2,0,str_structured_residual,spectral_global,-0.18958156150298588,-0.6137311181216772,0.24931577856106157,0.9292989075353839,704
43,2,0,str_decision_input,spectral_global,-0.38663256303161,-1.2399650726014988,0.15489610473918397,1.0909667045101734,704
43,2,0,str_subject_embedding,band_absolute,-0.10499100327048111,-1.8981359758260812,0.14782293178519593,1.1856301288312483,704
43,2,0,str_structured_residual,band_absolute,-0.03733510705310772,-0.7571502026109013,0.25354032759693135,0.9186526527114703,704
43,2,0,str_decision_input,band_absolute,-0.06555458231621501,-1.2432195640230408,0.17190026954177895,1.057518746633478,704
43,2,0,str_subject_embedding,band_fraction,-1.8053766515590233,-2.027585762126292,0.13180074642338793,1.311798535322687,704
43,2,0,str_structured_residual,band_fraction,-0.5215007810509759,-0.6005655227002719,0.223299813394153,0.9534042115789805,704
43,2,0,str_decision_input,band_fraction,-1.1934828741999668,-1.3309811930221298,0.16788824383164003,1.1606387113130194,704
43,2,1,str_subject_embedding,time_location_scale,-0.5907868371079433,-1.1943949591294196,0.18818948042249012,1.1345746418010279,1936
43,2,1,str_structured_residual,time_location_scale,-0.1425625739904393,-0.3041710719782825,0.38723994452149796,0.8769004989953945,1936
43,2,1,str_decision_input,time_location_scale,-0.26102245466824064,-0.4519320891141746,0.35096020484370005,0.9562166766863237,1936
43,2,1,str_subject_embedding,time_shape,-2.134509576899884,-2.2982858415515977,0.05803357352668177,1.3212461580424273,528
43,2,1,str_structured_residual,time_shape,-0.8344248412230426,-0.8873522138678053,0.16802928730760558,1.0049281103643757,528
43,2,1,str_decision_input,time_shape,-1.5938728552859849,-1.600593191682408,0.13119958196133147,1.2061061199475371,528
43,2,1,str_subject_embedding,derivative,-0.5313829258973272,-0.7179780154728241,0.23119598847754189,1.0840892818526002,352
43,2,1,str_structured_residual,derivative,-0.03411298794279435,-0.12850960773631948,0.416894270777766,0.8318100945183783,352
43,2,1,str_decision_input,derivative,-0.18189360048366293,-0.29974811667539314,0.3899391870265657,0.9185107032078106,352
43,2,1,str_subject_embedding,spectral_global,-0.40247087468571696,-1.7275130305887336,0.1328176677691241,1.247840535037684,704
43,2,1,str_structured_residual,spectral_global,-0.15969445301749832,-0.6801550646763581,0.2415078860570835,1.00388128401264,704
43,2,1,str_decision_input,spectral_global,-0.25302272984320473,-1.1089586616491738,0.20259788754934388,1.1142533257665028,704
43,2,1,str_subject_embedding,band_absolute,-0.08308068520062625,-1.5335458911332331,0.142179664995199,1.1642729974484929,704
43,2,1,str_structured_residual,band_absolute,-0.03528662936271643,-0.7044158686576859,0.24442014296383233,0.991535397438415,704
43,2,1,str_decision_input,band_absolute,-0.04380920160651991,-0.9248992790246356,0.233495145631068,1.0355189327058472,704
43,2,1,str_subject_embedding,band_fraction,-1.766576374697908,-1.8939537579034125,0.10720687079910382,1.3173717980487554,704
43,2,1,str_structured_residual,band_fraction,-0.6275829820153392,-0.6229948045029428,0.23045449695935136,1.0126735167056442,704
43,2,1,str_decision_input,band_fraction,-1.25458765141105,-1.3244478269527158,0.172746185852982,1.1984478368073574,704
43,2,2,str_subject_embedding,time_location_scale,-0.5886295423179928,-0.8769734254982029,0.3040130914202873,0.902359085949355,1936
43,2,2,str_structured_residual,time_location_scale,-0.2869031975632943,-0.4692434993256256,0.3777676492553706,0.8054192689763651,1936
43,2,2,str_decision_input,time_location_scale,-0.3017744443924684,-0.38227795504488904,0.36310020647542063,0.7827224572814493,1936
43,2,2,str_subject_embedding,time_shape,-0.8672145468216448,-1.2788802751283777,0.12995216373302595,1.1751786428557087,528
43,2,2,str_structured_residual,time_shape,-0.5723841103752043,-0.8301208897323867,0.19480002847631636,1.0644089571179536,528
43,2,2,str_decision_input,time_shape,-0.740336470091551,-1.0357244597290483,0.19174098059260458,1.1335656410759434,528
43,2,2,str_subject_embedding,derivative,-0.4712422232954633,-0.627493391569654,0.3718699204849976,0.7965938566486575,352
43,2,2,str_structured_residual,derivative,-0.18041497973475817,-0.2744234425819386,0.3985360014057901,0.7229112004365266,352
43,2,2,str_decision_input,derivative,-0.12440925163327646,-0.12602725660598113,0.42802464525765493,0.6715097679604968,352
43,2,2,str_subject_embedding,spectral_global,-0.6747933380130475,-1.4663242570333495,0.18101862066713478,1.0380059373530894,704
43,2,2,str_structured_residual,spectral_global,-0.4114012463160356,-0.9667465650686224,0.21649167508676365,0.9315122327564592,704
43,2,2,str_decision_input,spectral_global,-0.4919375651584486,-1.1379086453430798,0.21702433774107105,0.9479451709097637,704
43,2,2,str_subject_embedding,band_absolute,-0.3830378663649675,-2.131934956980551,0.21578328867021046,0.9213038270800759,704
43,2,2,str_structured_residual,band_absolute,-0.2605042342272536,-1.6810298721289363,0.2400002196547028,0.8684911671055174,704
43,2,2,str_decision_input,band_absolute,-0.25528923583526075,-1.452995098437334,0.2365351667179194,0.8166647163656495,704
43,2,2,str_subject_embedding,band_fraction,-1.0835519612213231,-1.2513296241682093,0.18300531564380795,1.1315696766222854,704
43,2,2,str_structured_residual,band_fraction,-0.7101978785943354,-0.7812216861599387,0.20124763871194484,1.0252021006066343,704
43,2,2,str_decision_input,band_fraction,-0.9401343687752329,-1.032655760997575,0.2216590519703027,1.0922120732164962,704
43,3,0,str_subject_embedding,time_location_scale,-1.210451987108054,-2.4524328872530283,0.13547066141405764,1.2698373135857646,1936
43,3,0,str_structured_residual,time_location_scale,-0.2491939769442816,-0.5015822764835784,0.35397055774414266,0.9152054384045873,1936
43,3,0,str_decision_input,time_location_scale,-0.5027315505196907,-0.9227900751155145,0.24724238026124817,1.010206780743476,1936
43,3,0,str_subject_embedding,time_shape,-2.8006910528865308,-3.536644170222715,0.07140783744557329,1.5495017354970264,528
43,3,0,str_structured_residual,time_shape,-0.6769846836228803,-0.8452537917070019,0.19892701637984656,1.0056565790044292,528
43,3,0,str_decision_input,time_shape,-1.4591245071148486,-1.9052081989561895,0.14231168872348965,1.2446661331654072,528
43,3,0,str_subject_embedding,derivative,-1.6246423234765064,-2.1592640081152723,0.15472734812357453,1.1529074402344208,352
43,3,0,str_structured_residual,derivative,-0.3485877581178741,-0.46980405225017474,0.38178001244038984,0.8661857715065496,352
43,3,0,str_decision_input,derivative,-0.5547604268356601,-0.7066593900986898,0.2818629483723823,0.8981002762496135,352
43,3,0,str_subject_embedding,spectral_global,-0.5929306421715526,-3.3205999252028136,0.08278042712004974,1.389557904354478,704
43,3,0,str_structured_residual,spectral_global,-0.15877178110410145,-0.8835848633302372,0.22969624714907733,1.01537112750858,704
43,3,0,str_decision_input,spectral_global,-0.30274910766739893,-1.7212398038821246,0.14656753883186247,1.1528608130855529,704
43,3,0,str_subject_embedding,band_absolute,-0.07778916953225158,-3.979519014125134,0.0958635703918723,1.256368775831409,704
43,3,0,str_structured_residual,band_absolute,-0.02856456047310493,-1.489641202073865,0.23866887829151978,1.0342109648746725,704
43,3,0,str_decision_input,band_absolute,-0.0399030778392213,-2.178417676351605,0.15164835164835166,1.0680509918288206,704
43,3,0,str_subject_embedding,band_fraction,-2.9015214961652176,-3.1054581279019917,0.06733360978643996,1.5160498674541558,704
43,3,0,str_structured_residual,band_fraction,-0.6983369310896275,-0.7263294402718542,0.22436761351855689,1.0155420478723003,704
43,3,0,str_decision_input,band_fraction,-1.5647181971651174,-1.6779210317586166,0.15470143064482686,1.2475122587003067,704
43,3,1,str_subject_embedding,time_location_scale,-0.30702019924804724,-0.6721503330666486,0.28391561268919757,0.9956363332412705,1936
43,3,1,str_structured_residual,time_location_scale,-0.08962636376926558,-0.1250410079447558,0.4056396433754924,0.8410525235433428,1936
43,3,1,str_decision_input,time_location_scale,-0.08138130467427174,-0.1396044528891338,0.42048517520215634,0.8285503312037068,1936
43,3,1,str_subject_embedding,time_shape,-1.2419714076551918,-1.4959197799250326,0.12264669292971178,1.2598873965578536,528
43,3,1,str_structured_residual,time_shape,-0.6792265466734488,-0.882983161915723,0.1974571853978556,1.0749460654185925,528
43,3,1,str_decision_input,time_shape,-0.8739926002971755,-1.0505851933371184,0.1963236107262793,1.1420896423159697,528
43,3,1,str_subject_embedding,derivative,-0.04511381830211172,-0.10726866616230946,0.3692515032137673,0.8797420728606401,352
43,3,1,str_structured_residual,derivative,0.08843212110977142,0.13219591699646505,0.4540172092058884,0.7750795178069482,352
43,3,1,str_decision_input,derivative,0.16524281856650083,0.1276341623687886,0.4788979888036492,0.7276396049103989,352
43,3,1,str_subject_embedding,spectral_global,-0.26894835292054053,-1.2257113837518319,0.1650138782892676,1.1456109337751845,704
43,3,1,str_structured_residual,spectral_global,-0.1637611538290801,-0.7193720494860996,0.24381191094119958,1.0145898437021845,704
43,3,1,str_decision_input,spectral_global,-0.16720181505163267,-0.8617588705224684,0.25279311785568065,1.0274521334176787,704
43,3,1,str_subject_embedding,band_absolute,-0.038024929993800825,-0.6683895341219903,0.2192100352477711,1.0814908840907396,704
43,3,1,str_structured_residual,band_absolute,-0.022055496682383595,-0.34050544362515,0.2663539290897782,0.9833839274461103,704
43,3,1,str_decision_input,band_absolute,-0.0035564532610647113,-0.2900952930430587,0.288088326767572,0.9408497946795625,704
43,3,1,str_subject_embedding,band_fraction,-1.180380198216474,-1.2652652106289701,0.15114036906489736,1.2114028900447447,704
43,3,1,str_structured_residual,band_fraction,-0.7335037757052463,-0.8067292547373248,0.21122226829774,1.0746702570627988,704
43,3,1,str_decision_input,band_fraction,-0.8940650221820958,-0.9543292426371006,0.2088119427742069,1.1266468091530277,704
43,3,2,str_subject_embedding,time_location_scale,-0.2629857157407202,-0.37628684152384395,0.3211516496068181,0.788202287934,1936
43,3,2,str_structured_residual,time_location_scale,-0.015772170501343465,-0.004690021033833314,0.4052299784738391,0.6713221604247279,1936
43,3,2,str_decision_input,time_location_scale,-0.0409530021943197,-0.013051256055245708,0.40000219654702807,0.6799032221299642,1936
43,3,2,str_subject_embedding,time_shape,-0.947127088494097,-1.1002651781514459,0.1351590300048324,1.1082517733462067,528
43,3,2,str_structured_residual,time_shape,-0.6078886956020841,-0.758418025201225,0.20515513298717963,0.9898676026930802,528
43,3,2,str_decision_input,time_shape,-0.8384530140439005,-0.9893075555515357,0.20695695223787064,1.077773284351777,528
43,3,2,str_subject_embedding,derivative,-0.037678989311758074,-0.16489681888076135,0.39790449413521944,0.6903025101765294,352
43,3,2,str_structured_residual,derivative,0.1723700700153792,0.15330772105060247,0.4650694108860871,0.5919117119136954,352
43,3,2,str_decision_input,derivative,0.19473346708833694,0.22901981263446813,0.47033014101831927,0.578930620613894,352
43,3,2,str_subject_embedding,spectral_global,-0.40657988523792477,-1.0120980066008738,0.18638250669946843,0.9190912683178335,704
43,3,2,str_structured_residual,spectral_global,-0.24218659763643938,-0.6617595475997495,0.2284353995519044,0.8373557854908719,704
43,3,2,str_decision_input,spectral_global,-0.30660025116271333,-0.8431611158891228,0.2203356323858894,0.8656167068405042,704
43,3,2,str_subject_embedding,band_absolute,-0.09721032229338372,-0.9367826044952788,0.21650814918947417,0.8030665042712263,704
43,3,2,str_structured_residual,band_absolute,-0.042148142922899354,-0.579139771138857,0.2665180336511005,0.7365161467301481,704
43,3,2,str_decision_input,band_absolute,-0.021031156678803703,-0.5911098464123958,0.2822837499450863,0.7098951783419496,704
43,3,2,str_subject_embedding,band_fraction,-0.9656701126926212,-1.003250288653927,0.18048477792909545,1.0414370976790808,704
43,3,2,str_structured_residual,band_fraction,-0.7472455258733949,-0.7361069656038238,0.19387822343276373,0.9745721901612611,704
43,3,2,str_decision_input,band_fraction,-0.8763038783876299,-0.896068480586499,0.21127487589509292,1.018329077443459,704
43,4,0,str_subject_embedding,time_location_scale,-0.8552847520634874,-1.1791629799699415,0.21593924942981546,0.9364854095880115,1936
43,4,0,str_structured_residual,time_location_scale,-0.25639887111118026,-0.35850067476837055,0.35954799917064073,0.7803146095810303,1936
43,4,0,str_decision_input,time_location_scale,-0.42657345142763914,-0.5153934690953698,0.3353980924735641,0.8156745591338367,1936
43,4,0,str_subject_embedding,time_shape,-1.4220833515448021,-1.7532106740738558,0.07699564586357038,1.2662317387226312,528
43,4,0,str_structured_residual,time_shape,-0.4666070219452466,-0.5839998584657272,0.21773273895915402,0.97432271393336,528
43,4,0,str_decision_input,time_shape,-1.0259727626004072,-1.2454329893755638,0.16586149699357247,1.1702963119563219,528
43,4,0,str_subject_embedding,derivative,-0.7245183425415945,-0.9146745670870625,0.2985382541986315,0.8112294764447263,352
43,4,0,str_structured_residual,derivative,-0.20549321835512796,-0.2516691329746482,0.4215477918308107,0.6981451309214308,352
43,4,0,str_decision_input,derivative,-0.2593598686324091,-0.31486862297790974,0.4020630313083143,0.6914860057610746,352
43,4,0,str_subject_embedding,spectral_global,-1.0237053496730566,-2.083233317697861,0.11508410807820128,1.1036345494540842,704
43,4,0,str_structured_residual,spectral_global,-0.4048535243108225,-0.7703271767012401,0.21867095168981962,0.9101020738518266,704
43,4,0,str_decision_input,spectral_global,-0.6749879033413837,-1.4017603031603594,0.19294081462615148,0.9929145834077218,704
43,4,0,str_subject_embedding,band_absolute,-0.196523358941806,-1.842788014029726,0.14465581588223098,0.942897766935718,704
43,4,0,str_structured_residual,band_absolute,-0.10109529901856992,-1.095742963753871,0.2599937798051005,0.8704575208839964,704
43,4,0,str_decision_input,band_absolute,-0.11835817746928412,-1.2800429169689544,0.20609579100145137,0.8569680806802943,704
43,4,0,str_subject_embedding,band_fraction,-1.7744714969820636,-1.9587977309798772,0.09147833298776695,1.2560524548701366,704
43,4,0,str_structured_residual,band_fraction,-0.6394853833233897,-0.691867754373274,0.18054634045200083,0.9861858947928817,704
43,4,0,str_decision_input,band_fraction,-1.3118454353882938,-1.4613944051497267,0.15904520008293593,1.164540875798346,704
43,4,1,str_subject_embedding,time_location_scale,-0.07247097205404084,-0.47886902526786757,0.29703504043126683,1.12724167065374,1936
43,4,1,str_structured_residual,time_location_scale,0.011347637255880219,-0.015742570775563958,0.43253161932407214,0.9182900182812381,1936
43,4,1,str_decision_input,time_location_scale,-0.017847601064291216,-0.13870425444115242,0.3951897159444329,1.0005394202893807,1936
43,4,1,str_subject_embedding,time_shape,-1.3390732656862618,-1.5140154343705434,0.09845257158617013,1.1622016107312734,528
43,4,1,str_structured_residual,time_shape,-0.7225835735326134,-0.8331765801820916,0.1905189130206609,0.9915793086703356,528
43,4,1,str_decision_input,time_shape,-1.12756116514534,-1.2944639812220538,0.16486626580966202,1.1123619686499011,528
43,4,1,str_subject_embedding,derivative,0.01826318331374945,-0.10580063670760531,0.3735952726518764,1.0257331566832395,352
43,4,1,str_structured_residual,derivative,0.1753812164555964,0.14067144486719207,0.4749274310595065,0.8492816672054286,352
43,4,1,str_decision_input,derivative,0.13703116521274705,0.10764449387098951,0.45727762803234495,0.9020534423215747,352
43,4,1,str_subject_embedding,spectral_global,-0.04414406973081089,-0.8887534375337055,0.20947024673439768,1.2662527223057973,704
43,4,1,str_structured_residual,spectral_global,-0.016712657767024186,-0.40335602280297767,0.27368857557536796,1.0880859252328607,704
43,4,1,str_decision_input,spectral_global,-0.031440966854162554,-0.6516256961844765,0.24928467758656436,1.1918720834944423,704
43,4,1,str_subject_embedding,band_absolute,-0.016367190771466575,-0.5004911642897267,0.2358801575782708,1.3276482676648946,704
43,4,1,str_structured_residual,band_absolute,-0.0003874479622800051,-0.16754782481719188,0.30597657059921207,1.1507745607875008,704
43,4,1,str_decision_input,band_absolute,-0.00803827422434976,-0.27510662147866327,0.28302405142027787,1.2355163043798199,704
43,4,1,str_subject_embedding,band_fraction,-1.1008746259528064,-1.1631476379481815,0.17721335268505078,1.170043873848068,704
43,4,1,str_structured_residual,band_fraction,-0.600390644837503,-0.6580684382474543,0.20541675305826246,1.0116315982450454,704
43,4,1,str_decision_input,band_fraction,-0.9101182903826982,-0.9890561046200025,0.20736056396433752,1.1180004135539212,704
43,4,2,str_subject_embedding,time_location_scale,-1.0696591059758942,-1.3975986947927106,0.2422571717260467,0.9102369090020497,1936
43,4,2,str_structured_residual,time_location_scale,-0.44088645040851915,-0.5142301423781516,0.33523151605675877,0.7646207149393126,1936
43,4,2,str_decision_input,time_location_scale,-0.5475886109445756,-0.6711291890516639,0.311278170715635,0.7828340493932627,1936
43,4,2,str_subject_embedding,time_shape,-1.0733275581616872,-1.6261411998744055,0.10054647937504255,1.2639010192742648,528
43,4,2,str_structured_residual,time_shape,-0.4343516139532085,-0.7024299966832414,0.19587363512623068,1.014810718063712,528
43,4,2,str_decision_input,time_shape,-0.7239162517008115,-1.131140150366227,0.18075385494003426,1.1423767140933392,528
43,4,2,str_subject_embedding,derivative,-0.8380045749682686,-0.8058259980918168,0.3237380837323727,0.7825570631794194,352
43,4,2,str_structured_residual,derivative,-0.36414565898153844,-0.4476555142590971,0.39180907613232,0.6832028928002462,352
43,4,2,str_decision_input,derivative,-0.3895363953876352,-0.46237155366996574,0.3542810701577121,0.6906021040073933,352
43,4,2,str_subject_embedding,spectral_global,-1.2703493405221515,-2.0169116680367725,0.1578603435399552,1.0496930741675736,704
43,4,2,str_structured_residual,spectral_global,-0.6707217461444984,-1.0314789596697866,0.19402598066360438,0.9035104389889362,704
43,4,2,str_decision_input,spectral_global,-0.8892564898482028,-1.4675830087785056,0.1749879189913456,0.9564559954449057,704
43,4,2,str_subject_embedding,band_absolute,-0.9358250352605718,-3.048758392887246,0.17407086060712562,0.888763656652529,704
43,4,2,str_structured_residual,band_absolute,-0.6101245003019011,-2.2767798084462036,0.1937189737732285,0.8173791842607505,704
43,4,2,str_decision_input,band_absolute,-0.6329386878488511,-2.4114395721148263,0.18271976453015862,0.8115373703898345,704
43,4,2,str_subject_embedding,band_fraction,-1.4871980114900836,-1.654081964348336,0.13548851205904322,1.2197522632000863,704
43,4,2,str_structured_residual,band_fraction,-0.6428326962155515,-0.7194176815504892,0.21325176822035763,0.9952325990646373,704
43,4,2,str_decision_input,band_fraction,-1.065979149872533,-1.1656223740080895,0.18593221455871373,1.1254847896858806,704
44,0,0,str_subject_embedding,time_location_scale,-0.753556403218479,-1.0821789774012114,0.21621915820029025,1.0279866123258807,1936
44,0,0,str_structured_residual,time_location_scale,-0.28433188835260853,-0.37425803306696737,0.3207961849471283,0.8379947169134142,1936
44,0,0,str_decision_input,time_location_scale,-0.3579373626069411,-0.4677120490930823,0.3107868546547792,0.8718632003575534,1936
44,0,0,str_subject_embedding,time_shape,-1.0555924662203704,-1.5889920286436008,0.12827596931370516,1.238988182551283,528
44,0,0,str_structured_residual,time_shape,-0.6881984746508912,-0.9923033615658352,0.19904315708769008,1.0980787528006253,528
44,0,0,str_decision_input,time_shape,-0.7749152683701096,-1.0950788208836084,0.1909133319510678,1.1371289085966658,528
44,0,0,str_subject_embedding,derivative,-0.5769031555425194,-0.7574501075465607,0.2778094546962472,0.9870342944681769,352
44,0,0,str_structured_residual,derivative,-0.03842098613129161,-0.10586064450002908,0.3880520422973253,0.7740670651878734,352
44,0,0,str_decision_input,derivative,-0.12727158255504334,-0.22254560095257647,0.40131142442463197,0.8130959648711304,352
44,0,0,str_subject_embedding,spectral_global,-0.8154809979241118,-1.6110784268477694,0.12710454584610298,1.147492774384046,704
44,0,0,str_structured_residual,spectral_global,-0.4798991880881219,-1.0180713141696835,0.20096889126671075,1.0013867259378906,704
44,0,0,str_decision_input,spectral_global,-0.5599341746213525,-1.1646770819309018,0.18828267214694538,1.0408861359587938,704
44,0,0,str_subject_embedding,band_absolute,-0.2979689148965347,-1.8228440297047868,0.13183703089363466,1.0726289123533663,704
44,0,0,str_structured_residual,band_absolute,-0.14256343829939017,-1.1446962999183063,0.20704437072361598,0.9414659995234779,704
44,0,0,str_decision_input,band_absolute,-0.16377049393894025,-1.2875783080958088,0.18796392286958324,0.9619747222780847,704
44,0,0,str_subject_embedding,band_fraction,-1.3749098087612976,-1.516738232966819,0.13923387932821896,1.2363615216493518,704
44,0,0,str_structured_residual,band_fraction,-0.9133008098961014,-0.9986511823887254,0.18309662036077132,1.1032972799265752,704
44,0,0,str_decision_input,band_fraction,-1.0728285155984534,-1.1554596966404258,0.17211279286750983,1.1553783008242255,704
44,0,1,str_subject_embedding,time_location_scale,-0.40931344470968656,-0.6660233124478177,0.24393203883495146,1.03432362133388,1936
44,0,1,str_structured_residual,time_location_scale,-0.1098685470017421,-0.11880718526935596,0.39136976672670565,0.8551122722350463,1936
44,0,1,str_decision_input,time_location_scale,-0.09864941536623498,-0.11152991506574128,0.39117756886174937,0.8577962884013808,1936
44,0,1,str_subject_embedding,time_shape,-1.1057990400084245,-1.2311429962895284,0.13257972359513315,1.1230637850091665,528
44,0,1,str_structured_residual,time_shape,-0.9304294888848567,-0.9931242043204612,0.19652315767654677,1.0855215559510711,528
44,0,1,str_decision_input,time_shape,-1.0232104703704628,-1.0769686319276621,0.205898827043887,1.1104122036171848,528
44,0,1,str_subject_embedding,derivative,-0.4243802752623228,-0.48087012462746104,0.2615922769406493,0.9519605390862002,352
44,0,1,str_structured_residual,derivative,0.03596727580172013,0.0657431618563627,0.4752064754206388,0.7530836535283187,352
44,0,1,str_decision_input,derivative,0.05071931906441936,0.1065073794990809,0.47891863989808026,0.7447525116574161,352
44,0,1,str_subject_embedding,spectral_global,-0.30613509389762966,-1.108081735631995,0.14524954890893982,1.1293490632157424,704
44,0,1,str_structured_residual,spectral_global,-0.2073064764851563,-0.811200206272292,0.23166981505074025,1.0304565242294013,704
44,0,1,str_decision_input,spectral_global,-0.20100176958359633,-0.8155127787061932,0.23071980846109916,1.0346876156154046,704
44,0,1,str_subject_embedding,band_absolute,-0.14311057682821576,-0.7700356939875751,0.1797434433071212,1.1111178274886613,704
44,0,1,str_structured_residual,band_absolute,-0.0656718544804644,-0.351392642026238,0.2964185300707288,0.9631189472783674,704
44,0,1,str_decision_input,band_absolute,-0.05218369903662601,-0.32194030373961635,0.29722576110354526,0.9569497124817219,704
44,0,1,str_subject_embedding,band_fraction,-1.0461775015450387,-1.1737279811720984,0.1360266660809208,1.1372030469994208,704
44,0,1,str_structured_residual,band_fraction,-0.9248801832567151,-1.027655969267028,0.16995233492949086,1.1111711933019233,704
44,0,1,str_decision_input,band_fraction,-0.9505828907978904,-1.0787335132704732,0.191687167772262,1.1199646572643636,704
44,0,2,str_subject_embedding,time_location_scale,-0.6775548646983476,-1.005428665439808,0.308604418408717,0.9199997229773618,1936
44,0,2,str_structured_residual,time_location_scale,-0.3815439517244674,-0.5210080583631472,0.3417226931145428,0.8337485511508181,1936
44,0,2,str_decision_input,time_location_scale,-0.23087037401717922,-0.26285633316763235,0.3842895997195379,0.7524354630484752,1936
44,0,2,str_subject_embedding,time_shape,-1.4572543235049604,-1.566891130584576,0.14574401320172387,1.2204828258045664,528
44,0,2,str_structured_residual,time_shape,-1.0790253097462434,-1.1892576473647802,0.1940349662678098,1.144051127520548,528
44,0,2,str_decision_input,time_shape,-1.0075648160875141,-1.1420356080027867,0.21048688368029847,1.10998728886682,528
44,0,2,str_subject_embedding,derivative,-0.7334677859741812,-0.9579151302520086,0.3497011608642303,0.8336864341728538,352
44,0,2,str_structured_residual,derivative,-0.23149589289673972,-0.36104633875255043,0.396808612900125,0.710327146624351,352
44,0,2,str_decision_input,derivative,-0.08204111433716556,-0.1716191840454232,0.4291861510537119,0.6473021692242288,352
44,0,2,str_subject_embedding,spectral_global,-0.6495419603445998,-1.7293473111940307,0.18050904340313823,1.0754494543242508,704
44,0,2,str_structured_residual,spectral_global,-0.4877210880797933,-1.3394567702375488,0.18593491721244654,1.0253252164376885,704
44,0,2,str_decision_input,spectral_global,-0.40758750125156845,-1.1800012355139147,0.21761256651079158,0.9618201538671484,704
44,0,2,str_subject_embedding,band_absolute,-0.24789726417055472,-2.7450429482485683,0.2062527212172959,0.9571180081276229,704
44,0,2,str_structured_residual,band_absolute,-0.17912902113376225,-2.087041884104863,0.19567319381852522,0.9031695136564188,704
44,0,2,str_decision_input,band_absolute,-0.12250825351679036,-1.4799903007770434,0.21812146948561217,0.8100504178226084,704
44,0,2,str_subject_embedding,band_fraction,-1.46375200325584,-1.5100262523309393,0.16057585198839702,1.1783368056172363,704
44,0,2,str_structured_residual,band_fraction,-1.2313348042653673,-1.2566726929686378,0.19130793719006395,1.139592023600805,704
44,0,2,str_decision_input,band_fraction,-1.1435541689661741,-1.2190808560346764,0.20309752277340815,1.111743129241353,704
44,1,0,str_subject_embedding,time_location_scale,-1.5219662804187897,-2.0240834391202354,0.15665560854240101,0.9571360001466186,1936
44,1,0,str_structured_residual,time_location_scale,-0.8362128266840737,-1.1797084489428695,0.25454592577234086,0.8377321285517704,1936
44,1,0,str_decision_input,time_location_scale,-0.7718334482194625,-0.9730121016074292,0.29701430644826865,0.8054007495878718,1936
44,1,0,str_subject_embedding,time_shape,-1.5717420899149608,-1.868156674657529,0.07529476061563951,1.2373799038962787,528
44,1,0,str_structured_residual,time_shape,-0.8800450219085196,-1.0958627651055324,0.17841046200131888,1.069248712625999,528
44,1,0,str_decision_input,time_shape,-1.0670911345951988,-1.3105086489925455,0.17030579347824326,1.1191028493674353,528
44,1,0,str_subject_embedding,derivative,-1.8866574164331875,-2.281636728308068,0.19994816504250468,0.8880020200514412,352
44,1,0,str_structured_residual,derivative,-0.8740135706620247,-1.186960786602792,0.2689093924942981,0.7521585958721884,352
44,1,0,str_decision_input,derivative,-0.8799926779963952,-1.0534445614793155,0.3263010574331329,0.7394147549017142,352
44,1,0,str_subject_embedding,spectral_global,-1.376193199557543,-2.299586536645016,0.09516898196143478,1.083024383456562,704
44,1,0,str_structured_residual,spectral_global,-0.8513777100911061,-1.3509449014912227,0.1503939456769645,0.9697483424086005,704
44,1,0,str_decision_input,spectral_global,-0.9081535730381591,-1.5294245750594642,0.16303738702944237,0.9742087693261033,704
44,1,0,str_subject_embedding,band_absolute,-1.291331402501126,-5.246206060868605,0.13298258345428154,0.909967426465914,704
44,1,0,str_structured_residual,band_absolute,-0.9251522548605653,-4.506828345646562,0.14804582210242587,0.8730442362676964,704
44,1,0,str_decision_input,band_absolute,-0.7774084052851417,-3.3210826624270537,0.18676135185569148,0.801973733381923,704
44,1,0,str_subject_embedding,band_fraction,-1.701604448147399,-1.7857297294723573,0.09216255442670537,1.2139900430502704,704
44,1,0,str_structured_residual,band_fraction,-1.0387951381428349,-1.0776286855004977,0.15512129380053907,1.0750523141003374,704
44,1,0,str_decision_input,band_fraction,-1.2597452701158738,-1.338980314197997,0.14274828944640264,1.1339785844009516,704
44,1,1,str_subject_embedding,time_location_scale,-0.449812431582417,-1.2760942080506399,0.19751413634908782,1.3165964327725226,1936
44,1,1,str_structured_residual,time_location_scale,-0.06856918860929816,-0.22974673966793047,0.39309719406806787,1.0051082819222565,1936
44,1,1,str_decision_input,time_location_scale,-0.09351885256953912,-0.21842567679290792,0.40467299690600667,1.01781879243819,1936
44,1,1,str_subject_embedding,time_shape,-1.9296839345141925,-2.284384942027777,0.10232582951029554,1.383786225280165,528
44,1,1,str_structured_residual,time_shape,-0.9217399870629309,-1.1033552581903425,0.17653913162114998,1.121192572274483,528
44,1,1,str_decision_input,time_shape,-1.0257030848606135,-1.1126081763277411,0.17899818627973968,1.147446934003682,528
44,1,1,str_subject_embedding,derivative,-0.5347805293717595,-0.7882261431153551,0.25421956684092606,1.3080204725361075,352
44,1,1,str_structured_residual,derivative,0.0433444927881541,-0.00966088222214656,0.4302997972900886,0.9821767434306516,352
44,1,1,str_decision_input,derivative,-0.006231829737059611,-0.025435987732227328,0.4453856822788862,1.0040282832746232,352
44,1,1,str_subject_embedding,spectral_global,-0.32033708784454507,-1.8685915108764906,0.12874474171435107,1.3984106435444716,704
44,1,1,str_structured_residual,spectral_global,-0.12964328820037627,-0.8103444331220183,0.2499654222825255,1.1553858912569677,704
44,1,1,str_decision_input,spectral_global,-0.15259037274409587,-0.9406610300485644,0.25051210924997336,1.1856590412652224,704
44,1,1,str_subject_embedding,band_absolute,-0.06910166207593087,-0.8993367513364207,0.15886589139016324,1.4407348285188484,704
44,1,1,str_structured_residual,band_absolute,-0.017625777418962745,-0.3422605626588502,0.27373839752480533,1.235322420821663,704
44,1,1,str_decision_input,band_absolute,-0.02508297905349726,-0.33762838943698315,0.2741544862904086,1.2296944525300384,704
44,1,1,str_subject_embedding,band_fraction,-1.6519038856705253,-1.9566644897393737,0.101680358476475,1.381354690523734,704
44,1,1,str_structured_residual,band_fraction,-0.8722118602607284,-1.0124678242015557,0.1958711191720901,1.162188279553956,704
44,1,1,str_decision_input,band_fraction,-0.9739844610586662,-1.122364130226894,0.19119278779472956,1.189216002305338,704
44,1,2,str_subject_embedding,time_location_scale,-0.39526444150938855,-1.050459002572865,0.23950050520581648,1.042200804552694,1936
44,1,2,str_structured_residual,time_location_scale,-0.1909932996751904,-0.5328451702378036,0.3458628036726267,0.9349514671871632,1936
44,1,2,str_decision_input,time_location_scale,-0.15914872552529571,-0.43789457391443554,0.34853709967930413,0.9094294705288296,1936
44,1,2,str_subject_embedding,time_shape,-1.345989810040126,-1.6049812112456938,0.11449160497336217,1.2243889375776635,528
44,1,2,str_structured_residual,time_shape,-0.9130221864871941,-1.0259426241419205,0.1953696102002781,1.1148622899296308,528
44,1,2,str_decision_input,time_shape,-1.0002710411092015,-1.0756171307932905,0.19843056714844265,1.1335950744336212,528
44,1,2,str_subject_embedding,derivative,-0.5123505390918593,-1.0347706122076792,0.256754382111321,0.9751249137290213,352
44,1,2,str_structured_residual,derivative,-0.17509812596869423,-0.6036297087572998,0.3594045161006897,0.8679873535250402,352
44,1,2,str_decision_input,derivative,-0.0971647530026003,-0.32485830911458546,0.3923801783596187,0.8165490536088198,352
44,1,2,str_subject_embedding,spectral_global,-0.30857184658780756,-1.654676875198422,0.14278653955981196,1.1784619528110274,704
44,1,2,str_structured_residual,spectral_global,-0.19273350702320197,-1.1108050478739815,0.2209561569213197,1.096498946858539,704
44,1,2,str_decision_input,spectral_global,-0.20120861947435226,-1.2338197854802238,0.20615228816774972,1.0976300973737763,704
44,1,2,str_subject_embedding,band_absolute,-0.15803944682552112,-2.2402748469500287,0.16395027017528446,1.1253225760119463,704
44,1,2,str_structured_residual,band_absolute,-0.08753943838483581,-1.6972680878893251,0.22947875939023854,1.0593402040308215,704
44,1,2,str_decision_input,band_absolute,-0.07042696662221727,-1.4431560684106808,0.22695273030795593,1.0196086529323443,704
44,1,2,str_subject_embedding,band_fraction,-1.4466453945304583,-1.553637772706224,0.11707595659623073,1.1776733890928321,704
44,1,2,str_structured_residual,band_fraction,-1.0051118849207545,-1.0703440235576225,0.2026314633396301,1.0894994483563747,704
44,1,2,str_decision_input,band_fraction,-1.0869503011694015,-1.1793048491903544,0.20079734657119008,1.1044441330441068,704
44,2,0,str_subject_embedding,time_location_scale,-0.4237056763663086,-0.6653998071064346,0.32124196558158824,0.893968316085842,1936
44,2,0,str_structured_residual,time_location_scale,-0.10280174850629942,-0.1440998849675611,0.37094650632386483,0.7634267221173971,1936
44,2,0,str_decision_input,time_location_scale,-0.10195960609217194,-0.14383397617919247,0.4199409081484553,0.7491420922645815,1936
44,2,0,str_subject_embedding,time_shape,-1.2413159560704439,-1.4552802979301336,0.15338482272444537,1.1671350818169761,528
44,2,0,str_structured_residual,time_shape,-0.7991344567165535,-0.9324807524926884,0.21835189854983267,1.0464917915545173,528
44,2,0,str_decision_input,time_shape,-0.9420096269816126,-1.093823297209357,0.2158510513099861,1.0928217041878832,528
44,2,0,str_subject_embedding,derivative,-0.37134548652069843,-0.5549915634828774,0.3557536802819821,0.8198943765965553,352
44,2,0,str_structured_residual,derivative,0.11040817278433333,0.057059949997064374,0.4282656023222061,0.6589449465432922,352
44,2,0,str_decision_input,derivative,0.08833948104907702,0.06372312477619768,0.4680385652083765,0.6486985936786043,352
44,2,0,str_subject_embedding,spectral_global,-0.41822875651560343,-1.4600050670971019,0.17708376529131248,1.0690429119222566,704
44,2,0,str_structured_residual,spectral_global,-0.21449173738459015,-0.8275248304801809,0.21629172714078376,0.9427915838297828,704
44,2,0,str_decision_input,spectral_global,-0.2412784516491723,-0.9793654541653845,0.21986315571221232,0.954824374338062,704
44,2,0,str_subject_embedding,band_absolute,-0.06060143917310509,-1.142665741040194,0.22593821273066556,0.9925394546916456,704
44,2,0,str_structured_residual,band_absolute,-0.010202800143992474,-0.5993299409618583,0.23972631142442463,0.8755432239164629,704
44,2,0,str_decision_input,band_absolute,-0.018205770287878335,-0.5634299047788421,0.29249429815467554,0.8575741430726359,704
44,2,0,str_subject_embedding,band_fraction,-1.2851613749129454,-1.420579980309848,0.15966203607713042,1.1538126350101034,704
44,2,0,str_structured_residual,band_fraction,-0.8109263413442521,-0.9330981735277726,0.21133630520422972,1.0343931858012771,704
44,2,0,str_decision_input,band_fraction,-0.9454058365806621,-1.101186508201392,0.20351959361393324,1.0745388853161049,704
44,2,1,str_subject_embedding,time_location_scale,-0.18509334361058905,-0.34452404596159936,0.3810252853942175,0.8946972039733786,1936
44,2,1,str_structured_residual,time_location_scale,-0.1161036600349471,-0.20301641555675065,0.382198869092073,0.9179133765185045,1936
44,2,1,str_decision_input,time_location_scale,-0.030552498324701263,-0.05155854440129315,0.44148084924783954,0.8165040916975497,1936
44,2,1,str_subject_embedding,time_shape,-1.380900117982089,-1.376353545164249,0.15042655422939244,1.1370964585643928,528
44,2,1,str_structured_residual,time_shape,-1.3742325576917533,-1.420761546267116,0.18304293748652828,1.1715089789583515,528
44,2,1,str_decision_input,time_shape,-1.2582991135853783,-1.2427274274841196,0.20663074789288383,1.1314693491732193,528
44,2,1,str_subject_embedding,derivative,0.007795471952722063,-0.09787214589647741,0.4281126640349942,0.8201828973335084,352
44,2,1,str_structured_residual,derivative,0.11833220502952933,0.03932446790061145,0.41713965646004486,0.817753905447367,352
44,2,1,str_decision_input,derivative,0.22192055184964857,0.20115798783466832,0.5052597887549345,0.7138095634464126,352
44,2,1,str_subject_embedding,spectral_global,-0.20552773449730125,-1.006208248792024,0.22439835219365195,1.0692439720505063,704
44,2,1,str_structured_residual,spectral_global,-0.2024079610153722,-0.97773129916042,0.23781606742771794,1.1268379482824864,704
44,2,1,str_decision_input,spectral_global,-0.1606435294269188,-0.8276584342636559,0.2601514989864505,1.0475095007976523,704
44,2,1,str_subject_embedding,band_absolute,-0.0220572099649821,-0.6901050542900946,0.2500320068281233,0.9939771122909749,704
44,2,1,str_structured_residual,band_absolute,-0.01820746304384883,-0.7663873091777643,0.2514509762082578,1.082322931946016,704
44,2,1,str_decision_input,band_absolute,-0.0039314097606554,-0.4514644107266981,0.30532380241118107,0.9425450567771471,704
44,2,1,str_subject_embedding,band_fraction,-1.0282403158407583,-1.0907908306916334,0.20403819481489388,1.1205895929174785,704
44,2,1,str_structured_residual,band_fraction,-1.1965843108231669,-1.2379242700507487,0.1843433265763363,1.2042713730697503,704
44,2,1,str_decision_input,band_fraction,-1.0578373744891667,-1.0905623793645902,0.2159607382908354,1.152776774242198,704
44,2,2,str_subject_embedding,time_location_scale,-0.33318616424726755,-0.4945410147865179,0.31763717436190314,0.7916114113683939,1936
44,2,2,str_structured_residual,time_location_scale,-0.5356150844211898,-0.7701298378649817,0.30680819751350874,0.9173643691583239,1936
44,2,2,str_decision_input,time_location_scale,-0.1795283900308348,-0.24056434506282987,0.3830558362254536,0.744254194686515,1936
44,2,2,str_subject_embedding,time_shape,-0.7126246219179877,-1.0485507412797435,0.16343408162368755,1.101830516500744,528
44,2,2,str_structured_residual,time_shape,-0.8673256505639243,-1.2745919803895727,0.21672780389228136,1.209073322544384,528
44,2,2,str_decision_input,time_shape,-0.6612547048243913,-0.9985308775018693,0.23507995431182183,1.1167891582528986,528
44,2,2,str_subject_embedding,derivative,-0.2846770854315156,-0.37721432943489874,0.3484931687387427,0.7188643790902127,352
44,2,2,str_structured_residual,derivative,-0.4261058862384574,-0.6548572518520744,0.38081535825682034,0.831316675150433,352
44,2,2,str_decision_input,derivative,-0.02472610027116263,-0.18157125306111266,0.4215503228924131,0.6537238526891234,352
44,2,2,str_subject_embedding,spectral_global,-0.494696166234887,-1.1894755261634484,0.17287923384439663,0.936918064644526,704
44,2,2,str_structured_residual,spectral_global,-0.7312790518105684,-1.6199432105383853,0.18157206870799106,1.1047433927212846,704
44,2,2,str_decision_input,spectral_global,-0.4807892320762454,-1.1818522390028887,0.2107147564029346,0.9538141219057995,704
44,2,2,str_subject_embedding,band_absolute,-0.24117148381125408,-1.3814749486452023,0.20232394675570003,0.7937890647665176,704
44,2,2,str_structured_residual,band_absolute,-0.44457380026965776,-2.6008820994100024,0.19484470412511534,1.023884872420355,704
44,2,2,str_decision_input,band_absolute,-0.19078558359236733,-1.4264079349553331,0.24642511971181302,0.80380890924252,704
44,2,2,str_subject_embedding,band_fraction,-0.8960387234287106,-1.0046392820530676,0.17484514343452096,1.063360276852197,704
44,2,2,str_structured_residual,band_fraction,-1.2975645694744362,-1.4939882731135548,0.18913368185212845,1.206109743503777,704
44,2,2,str_decision_input,band_fraction,-1.0107262072424275,-1.1170388047135895,0.19492158327109788,1.1153731760368657,704
44,3,0,str_subject_embedding,time_location_scale,-0.7248528191818104,-1.508955412521653,0.19127099315778562,1.1001259067800653,1936
44,3,0,str_structured_residual,time_location_scale,-0.2495374972937868,-0.5276391347541578,0.3163487455940286,0.9075536179032827,1936
44,3,0,str_decision_input,time_location_scale,-0.25379684960248655,-0.5569845362594139,0.32707858179556293,0.8904395744808896,1936
44,3,0,str_subject_embedding,time_shape,-1.7244683600835684,-2.2033724834863486,0.07821099044389163,1.310904459258608,528
44,3,0,str_structured_residual,time_shape,-0.9379701161863684,-1.1488470854756159,0.18221385579947835,1.1011265881859724,528
44,3,0,str_decision_input,time_shape,-1.1160239856967016,-1.372675877635477,0.15816638134068312,1.156698182889948,528
44,3,0,str_subject_embedding,derivative,-1.0197360219903384,-1.4753430590931182,0.23398818162969107,1.0107130414291905,352
44,3,0,str_structured_residual,derivative,-0.2738232163607551,-0.42444076841522527,0.33762181215011405,0.8298981293324287,352
44,3,0,str_decision_input,derivative,-0.25586267700032517,-0.3740116305432287,0.36657681940700804,0.8002849169897932,352
44,3,0,str_subject_embedding,spectral_global,-0.3682818215440842,-2.043932214461148,0.12248600456147626,1.199607635238704,704
44,3,0,str_structured_residual,spectral_global,-0.1897287019389627,-1.1408397086274553,0.20112481857764875,1.0435741416403517,704
44,3,0,str_decision_input,spectral_global,-0.20435544443876622,-1.2618258346862519,0.19402342940078787,1.0419839112767368,704
44,3,0,str_subject_embedding,band_absolute,-0.05498434718539493,-2.5806964722279435,0.15437487041260625,1.1293061797947301,704
44,3,0,str_structured_residual,band_absolute,-0.029509054704110197,-1.6318250185155638,0.2270474808210657,0.9965812163392744,704
44,3,0,str_decision_input,band_absolute,-0.026502343892287873,-1.381261897501324,0.23358905245697698,0.9561786020510673,704
44,3,0,str_subject_embedding,band_fraction,-1.7465003113883948,-1.8891717796977263,0.10168463611859838,1.2817798456960479,704
44,3,0,str_structured_residual,band_fraction,-0.9786986741231469,-1.0028493925081603,0.1793023014721128,1.1076195514030642,704
44,3,0,str_decision_input,band_fraction,-1.1427138989668244,-1.1832573628394316,0.15689923284262908,1.1406861993174637,704
44,3,1,str_subject_embedding,time_location_scale,-0.46904801532576984,-0.9008007638077299,0.2567955629276384,1.0616996978956295,1936
44,3,1,str_structured_residual,time_location_scale,-0.23123738662178842,-0.3932864984748865,0.34917064068007464,0.9609435093507739,1936
44,3,1,str_decision_input,time_location_scale,-0.11712528499064657,-0.22254617778853014,0.375933029234916,0.8726490747653495,1936
44,3,1,str_subject_embedding,time_shape,-1.2823848863972072,-1.4684544994023914,0.13328391396037964,1.265438875268622,528
44,3,1,str_structured_residual,time_shape,-1.0894031359715657,-1.3573422626316491,0.20309021970540814,1.229912266545068,528
44,3,1,str_decision_input,time_shape,-0.8436529684837476,-0.9626697012406846,0.21909422479700935,1.1354404574972126,528
44,3,1,str_subject_embedding,derivative,-0.43170369865199526,-0.5237245925697721,0.28473978851337345,1.0237671971703663,352
44,3,1,str_structured_residual,derivative,-0.06632044248296774,-0.06834299079518558,0.36540016587186397,0.8739706131018756,352
44,3,1,str_decision_input,derivative,0.06726080255139141,0.054759183189539096,0.4248289446402654,0.793718697932951,352
44,3,1,str_subject_embedding,spectral_global,-0.3859840574546737,-1.4333556246349148,0.15934584283640885,1.2065110616388435,704
44,3,1,str_structured_residual,spectral_global,-0.2842599664205208,-1.093943795753174,0.21138584777477384,1.1599336911526446,704
44,3,1,str_decision_input,spectral_global,-0.1992472227571126,-0.8677582817063031,0.23090918515446815,1.0686867904313682,704
44,3,1,str_subject_embedding,band_absolute,-0.09901358106183383,-0.9046700940678964,0.18208583868961226,1.1640967347868303,704
44,3,1,str_structured_residual,band_absolute,-0.07190814725709363,-0.6918706951214664,0.20226518764254614,1.1483841616032218,704
44,3,1,str_decision_input,band_absolute,-0.032410293764160394,-0.4547610705989322,0.23267675720505906,1.0178708205582272,704
44,3,1,str_subject_embedding,band_fraction,-1.2764611095026246,-1.4290595823350916,0.14598279079411153,1.2440245370060425,704
44,3,1,str_structured_residual,band_fraction,-1.158227829810541,-1.2817868817172617,0.19018764254613307,1.228277028729981,704
44,3,1,str_decision_input,band_fraction,-0.8894091154702256,-0.9705757239987163,0.21266846361185981,1.136260570859848,704
44,3,2,str_subject_embedding,time_location_scale,-0.6762523497674692,-1.044876171472154,0.22714492817291218,0.9459987629804254,1936
44,3,2,str_structured_residual,time_location_scale,-0.29728358408468714,-0.3893188017442514,0.2848921495409217,0.8221514244276205,1936
44,3,2,str_decision_input,time_location_scale,-0.2356783498153459,-0.29983151277055753,0.31980626455212413,0.790876816857019,1936
44,3,2,str_subject_embedding,time_shape,-1.458523602614001,-1.9196803557223128,0.0988594557655225,1.2628027939045898,528
44,3,2,str_structured_residual,time_shape,-0.8385080991933835,-1.0103527549989566,0.1917911714131867,1.0913986317886175,528
44,3,2,str_decision_input,time_shape,-1.0246758026578178,-1.2735356495514378,0.1712411989448347,1.1522558264748248,528
44,3,2,str_subject_embedding,derivative,-0.5121291858473717,-0.8838370273408562,0.24670517945789222,0.8602189222399099,352
44,3,2,str_structured_residual,derivative,-0.09336193583224935,-0.1582247195057932,0.3241060053595748,0.7332634712235392,352
44,3,2,str_decision_input,derivative,0.010361501889037185,-0.02672105858367424,0.3572848482186004,0.6873075600100541,352
44,3,2,str_subject_embedding,spectral_global,-0.857989390258344,-1.9761240501673778,0.11912247945626855,1.1139315745609337,704
44,3,2,str_structured_residual,spectral_global,-0.4624951823151981,-1.0512781524534636,0.17710797456987198,0.9652740996943074,704
44,3,2,str_decision_input,spectral_global,-0.4694971434108963,-1.1365688851837157,0.18956262832436804,0.9648443353563809,704
44,3,2,str_subject_embedding,band_absolute,-0.24304003157300727,-1.9026271141405744,0.12663093616834337,0.9782488384754613,704
44,3,2,str_structured_residual,band_absolute,-0.13406232459850656,-1.0622583941997532,0.18672297148881958,0.8870644224824658,704
44,3,2,str_decision_input,band_absolute,-0.07823753317697704,-0.8774868683694386,0.18674493695910033,0.8229039030758519,704
44,3,2,str_subject_embedding,band_fraction,-1.7822733521100889,-1.8872708787040404,0.09016276413478014,1.2403427619103735,704
44,3,2,str_structured_residual,band_fraction,-0.9969668278555414,-1.0165741247277782,0.16779971884198042,1.0551666900382166,704
44,3,2,str_decision_input,band_fraction,-1.2543835545126099,-1.2712923500940867,0.15765716293985854,1.1281934057460836,704
44,4,0,str_subject_embedding,time_location_scale,-0.5251366369568649,-0.7424685527318526,0.29324072154260833,0.8678899868955056,1936
44,4,0,str_structured_residual,time_location_scale,-0.29843481810229944,-0.4218334612497101,0.31738544474393526,0.8036296081596148,1936
44,4,0,str_decision_input,time_location_scale,-0.23953188155875338,-0.29057539180802294,0.3589207961849471,0.7658938037177601,1936
44,4,0,str_subject_embedding,time_shape,-0.8632192199953902,-1.0750215581056768,0.11806346554233266,1.113807265578835,528
44,4,0,str_structured_residual,time_shape,-0.7657481996838809,-0.9775446630336969,0.1939445990551038,1.0971020409049936,528
44,4,0,str_decision_input,time_shape,-0.8398522108758444,-1.034477184448049,0.18379120879120878,1.1176785466746066,528
44,4,0,str_subject_embedding,derivative,-0.421643481906231,-0.5548735285662288,0.3483931163176446,0.7592201365877259,352
44,4,0,str_structured_residual,derivative,-0.16022487671309682,-0.32021301775888333,0.3594806137258967,0.705688162138697,352
44,4,0,str_decision_input,derivative,-0.07418173085271657,-0.16070610177169353,0.4005390835579514,0.6622992029549822,352
44,4,0,str_subject_embedding,spectral_global,-0.6481455799171493,-1.259611664312499,0.1672040223927016,1.0008869700015706,704
44,4,0,str_structured_residual,spectral_global,-0.5285377564976738,-1.142621274819089,0.1810854240099523,0.9714843491355527,704
44,4,0,str_decision_input,spectral_global,-0.5024138202503831,-1.0919509572112087,0.21791979186075872,0.9470021341227527,704
44,4,0,str_subject_embedding,band_absolute,-0.13341136076128068,-1.3781117911395782,0.20336408874144724,0.9097547822140168,704
44,4,0,str_structured_residual,band_absolute,-0.0981001845846274,-1.2582158772516292,0.19769334439145758,0.8929559020127878,704
44,4,0,str_decision_input,band_absolute,-0.08059224137770739,-0.9335220361844716,0.2390576404727348,0.8351215735089115,704
44,4,0,str_subject_embedding,band_fraction,-1.0762638237381867,-1.1835977700534124,0.13771511507360562,1.1019206697883626,704
44,4,0,str_structured_residual,band_fraction,-0.9448415316925963,-1.0368975027338627,0.15255027990877046,1.077679457279545,704
44,4,0,str_decision_input,band_fraction,-1.0211688199604139,-1.1253674446810864,0.16641613103877256,1.095384857108854,704
44,4,1,str_subject_embedding,time_location_scale,-0.1412129723764278,-0.7688237298825442,0.2109579100145138,1.156478064411555,1936
44,4,1,str_structured_residual,time_location_scale,-0.02549953875011379,-0.21115767699295762,0.32120568111134146,1.017617819556106,1936
44,4,1,str_decision_input,time_location_scale,-0.0007759754230346862,-0.10305994105097416,0.3677534729421522,0.9383186282883018,1936
44,4,1,str_subject_embedding,time_shape,-1.9596214351527426,-2.296078464967308,0.07864399751192203,1.290734567015893,528
44,4,1,str_structured_residual,time_shape,-1.265922830905064,-1.387990153889355,0.16773273895915408,1.1566386294734465,528
44,4,1,str_decision_input,time_shape,-1.3058920196764567,-1.447536559714976,0.17935301002842494,1.1613768875573536,528
44,4,1,str_subject_embedding,derivative,-0.15718342340938193,-0.2041436623837598,0.2654208998548621,1.0816358572931668,352
44,4,1,str_structured_residual,derivative,0.13151040329446262,0.09912177173300224,0.3780116110304789,0.9099227084171295,352
44,4,1,str_decision_input,derivative,0.18490249794371885,0.1753600703170971,0.42969106365332776,0.8328577419887331,352
44,4,1,str_subject_embedding,spectral_global,-0.0872553104219197,-1.3179505707554708,0.12618702052664316,1.3173799235761987,704
44,4,1,str_structured_residual,spectral_global,-0.03850280852242148,-0.7966729468820563,0.19345842836408872,1.220747654513154,704
44,4,1,str_decision_input,spectral_global,-0.02510541058528366,-0.6650367946737451,0.22387519563699876,1.1595469585003662,704
44,4,1,str_subject_embedding,band_absolute,-0.021984286646167386,-0.6208485908188355,0.15686813186813187,1.2925694177428968,704
44,4,1,str_structured_residual,band_absolute,-0.005808009429299973,-0.3733105546351372,0.2166234708687539,1.2483721826844592,704
44,4,1,str_decision_input,band_absolute,0.0045708733411059035,-0.17953525135131743,0.2528768401409911,1.1227105041185936,704
44,4,1,str_subject_embedding,band_fraction,-1.5937574625952535,-1.6884248215338793,0.10775969313705161,1.2710582279955356,704
44,4,1,str_structured_residual,band_fraction,-1.1168357984163328,-1.2121665199893603,0.17584490980717393,1.1746248982697791,704
44,4,1,str_decision_input,band_fraction,-1.0570863234046906,-1.156665165180265,0.21260626166286545,1.1528898627540738,704
44,4,2,str_subject_embedding,time_location_scale,-1.2853774989563114,-1.4989566856903536,0.17362056846637086,0.9545605395461568,1936
44,4,2,str_structured_residual,time_location_scale,-0.49680592442914534,-0.6173597561114842,0.28521614022756225,0.7951346604078593,1936
44,4,2,str_decision_input,time_location_scale,-0.4799075677775609,-0.5517422432512239,0.3159513245178579,0.7669124044968372,1936
44,4,2,str_subject_embedding,time_shape,-1.1143388625288821,-1.7188943189642687,0.08844413478025379,1.2819591899907972,528
44,4,2,str_structured_residual,time_shape,-0.5167182684449716,-0.7824278621018816,0.19929820322453104,1.0516176407901094,528
44,4,2,str_decision_input,time_shape,-0.6807609000911898,-1.0333755385952479,0.19993025009444404,1.1221950981522677,528
44,4,2,str_subject_embedding,derivative,-1.3154060724513525,-1.2535072108808452,0.19656350217458157,0.874904882681483,352
44,4,2,str_structured_residual,derivative,-0.45411966467725384,-0.5329394500294792,0.33050893994640423,0.719790258002224,352
44,4,2,str_decision_input,derivative,-0.34987631452038737,-0.3113380937151339,0.31789526863770157,0.676681530052587,352
44,4,2,str_subject_embedding,spectral_global,-1.4399986301051766,-2.128121223808875,0.10764178711066204,1.0910729858085735,704
44,4,2,str_structured_residual,spectral_global,-0.7383192054278959,-1.130511478560866,0.17799689756442622,0.9330051267666903,704
44,4,2,str_decision_input,spectral_global,-0.8103469379376125,-1.2784818489806127,0.17610319588675727,0.9288567404622509,704
44,4,2,str_subject_embedding,band_absolute,-1.1588573428647722,-3.4129821187085247,0.12284189254491938,0.9375886466531259,704
44,4,2,str_structured_residual,band_absolute,-0.6149262643495158,-2.242754903333951,0.1803694592101217,0.8331265429426384,704
44,4,2,str_decision_input,band_absolute,-0.5275949857332413,-2.0339733293457236,0.193092957870228,0.7708580934328614,704
44,4,2,str_subject_embedding,band_fraction,-1.4875326370652693,-1.6230270894255479,0.11709792206651144,1.2313569757575054,704
44,4,2,str_structured_residual,band_fraction,-0.7441534328911505,-0.8168197268669286,0.205745068751922,1.0334163513849361,704
44,4,2,str_decision_input,band_fraction,-0.9609405155768941,-1.0266997479708055,0.17052892852435972,1.0962119862347437,704
