variant,seed,outer,inner,epoch,pd_exposures,dd_exposures,augmented_pd_exposures,augmented_dd_exposures,augmented_original_ratio,dd_exposure_fraction,augmented_fraction
balanced_sampler,42,0,0,1,91,114,0,0,0.0,0.5560975609756098,0.0
balanced_sampler,42,0,0,2,113,92,0,0,0.0,0.44878048780487806,0.0
balanced_sampler,42,0,0,3,96,109,0,0,0.0,0.5317073170731708,0.0
balanced_sampler,42,0,0,4,95,110,0,0,0.0,0.5365853658536586,0.0
balanced_sampler,42,0,0,5,102,103,0,0,0.0,0.5024390243902439,0.0
balanced_sampler,42,0,0,6,93,112,0,0,0.0,0.5463414634146342,0.0
balanced_sampler,42,0,0,7,97,108,0,0,0.0,0.526829268292683,0.0
balanced_sampler,42,0,0,8,115,90,0,0,0.0,0.43902439024390244,0.0
balanced_sampler,42,0,0,9,96,109,0,0,0.0,0.5317073170731708,0.0
balanced_sampler,42,0,0,10,108,97,0,0,0.0,0.47317073170731705,0.0
balanced_sampler,42,0,0,11,107,98,0,0,0.0,0.47804878048780486,0.0
balanced_sampler,42,0,0,12,99,106,0,0,0.0,0.5170731707317073,0.0
balanced_sampler,42,0,0,13,114,91,0,0,0.0,0.44390243902439025,0.0
balanced_sampler,42,0,0,14,105,100,0,0,0.0,0.4878048780487805,0.0
balanced_sampler,42,0,0,15,109,96,0,0,0.0,0.4682926829268293,0.0
balanced_sampler,42,0,0,16,87,118,0,0,0.0,0.5756097560975609,0.0
balanced_sampler,42,0,0,17,106,99,0,0,0.0,0.48292682926829267,0.0
balanced_sampler,42,0,0,18,94,111,0,0,0.0,0.5414634146341464,0.0
balanced_sampler,42,0,0,19,111,94,0,0,0.0,0.4585365853658537,0.0
balanced_sampler,42,0,0,20,97,108,0,0,0.0,0.526829268292683,0.0
balanced_sampler,42,0,1,1,105,102,0,0,0.0,0.4927536231884058,0.0
balanced_sampler,42,0,1,2,105,102,0,0,0.0,0.4927536231884058,0.0
balanced_sampler,42,0,1,3,110,97,0,0,0.0,0.46859903381642515,0.0
balanced_sampler,42,0,1,4,119,88,0,0,0.0,0.4251207729468599,0.0
balanced_sampler,42,0,1,5,101,106,0,0,0.0,0.5120772946859904,0.0
balanced_sampler,42,0,1,6,99,108,0,0,0.0,0.5217391304347826,0.0
balanced_sampler,42,0,1,7,109,98,0,0,0.0,0.47342995169082125,0.0
balanced_sampler,42,0,1,8,99,108,0,0,0.0,0.5217391304347826,0.0
balanced_sampler,42,0,1,9,95,112,0,0,0.0,0.5410628019323671,0.0
balanced_sampler,42,0,1,10,98,109,0,0,0.0,0.5265700483091788,0.0
balanced_sampler,42,0,1,11,104,103,0,0,0.0,0.4975845410628019,0.0
balanced_sampler,42,0,1,12,96,111,0,0,0.0,0.5362318840579711,0.0
balanced_sampler,42,0,1,13,121,86,0,0,0.0,0.41545893719806765,0.0
balanced_sampler,42,0,1,14,106,101,0,0,0.0,0.48792270531400966,0.0
balanced_sampler,42,0,1,15,111,96,0,0,0.0,0.463768115942029,0.0
balanced_sampler,42,0,1,16,98,109,0,0,0.0,0.5265700483091788,0.0
balanced_sampler,42,0,1,17,117,90,0,0,0.0,0.43478260869565216,0.0
balanced_sampler,42,0,1,18,97,110,0,0,0.0,0.5314009661835749,0.0
balanced_sampler,42,0,1,19,108,99,0,0,0.0,0.4782608695652174,0.0
balanced_sampler,42,0,1,20,98,109,0,0,0.0,0.5265700483091788,0.0
balanced_sampler,42,0,1,21,107,100,0,0,0.0,0.4830917874396135,0.0
balanced_sampler,42,0,1,22,102,105,0,0,0.0,0.5072463768115942,0.0
balanced_sampler,42,0,1,23,101,106,0,0,0.0,0.5120772946859904,0.0
balanced_sampler,42,0,1,24,105,102,0,0,0.0,0.4927536231884058,0.0
balanced_sampler,42,0,1,25,92,115,0,0,0.0,0.5555555555555556,0.0
balanced_sampler,42,0,1,26,109,98,0,0,0.0,0.47342995169082125,0.0
balanced_sampler,42,0,1,27,103,104,0,0,0.0,0.5024154589371981,0.0
balanced_sampler,42,0,1,28,92,115,0,0,0.0,0.5555555555555556,0.0
balanced_sampler,42,0,2,1,86,122,0,0,0.0,0.5865384615384616,0.0
balanced_sampler,42,0,2,2,95,113,0,0,0.0,0.5432692307692307,0.0
balanced_sampler,42,0,2,3,111,97,0,0,0.0,0.46634615384615385,0.0
balanced_sampler,42,0,2,4,110,98,0,0,0.0,0.47115384615384615,0.0
balanced_sampler,42,0,2,5,115,93,0,0,0.0,0.44711538461538464,0.0
balanced_sampler,42,0,2,6,108,100,0,0,0.0,0.4807692307692308,0.0
balanced_sampler,42,0,2,7,98,110,0,0,0.0,0.5288461538461539,0.0
balanced_sampler,42,0,2,8,106,102,0,0,0.0,0.49038461538461536,0.0
balanced_sampler,42,0,2,9,105,103,0,0,0.0,0.4951923076923077,0.0
balanced_sampler,42,0,2,10,105,103,0,0,0.0,0.4951923076923077,0.0
balanced_sampler,42,0,2,11,94,114,0,0,0.0,0.5480769230769231,0.0
balanced_sampler,42,0,2,12,101,107,0,0,0.0,0.5144230769230769,0.0
balanced_sampler,42,0,2,13,108,100,0,0,0.0,0.4807692307692308,0.0
balanced_sampler,42,0,2,14,104,104,0,0,0.0,0.5,0.0
balanced_sampler,42,0,2,15,103,105,0,0,0.0,0.5048076923076923,0.0
balanced_sampler,42,0,2,16,116,92,0,0,0.0,0.4423076923076923,0.0
balanced_sampler,42,0,2,17,106,102,0,0,0.0,0.49038461538461536,0.0
balanced_sampler,42,0,2,18,103,105,0,0,0.0,0.5048076923076923,0.0
balanced_sampler,42,0,2,19,94,114,0,0,0.0,0.5480769230769231,0.0
balanced_sampler,42,0,2,20,97,111,0,0,0.0,0.5336538461538461,0.0
balanced_sampler,42,0,2,21,113,95,0,0,0.0,0.4567307692307692,0.0
balanced_sampler,42,0,2,22,104,104,0,0,0.0,0.5,0.0
balanced_sampler,42,1,0,1,110,97,0,0,0.0,0.46859903381642515,0.0
balanced_sampler,42,1,0,2,113,94,0,0,0.0,0.45410628019323673,0.0
balanced_sampler,42,1,0,3,110,97,0,0,0.0,0.46859903381642515,0.0
balanced_sampler,42,1,0,4,106,101,0,0,0.0,0.48792270531400966,0.0
balanced_sampler,42,1,0,5,111,96,0,0,0.0,0.463768115942029,0.0
balanced_sampler,42,1,0,6,95,112,0,0,0.0,0.5410628019323671,0.0
balanced_sampler,42,1,0,7,106,101,0,0,0.0,0.48792270531400966,0.0
balanced_sampler,42,1,0,8,106,101,0,0,0.0,0.48792270531400966,0.0
balanced_sampler,42,1,0,9,103,104,0,0,0.0,0.5024154589371981,0.0
balanced_sampler,42,1,0,10,108,99,0,0,0.0,0.4782608695652174,0.0
balanced_sampler,42,1,0,11,113,94,0,0,0.0,0.45410628019323673,0.0
balanced_sampler,42,1,0,12,104,103,0,0,0.0,0.4975845410628019,0.0
balanced_sampler,42,1,0,13,119,88,0,0,0.0,0.4251207729468599,0.0
balanced_sampler,42,1,0,14,100,107,0,0,0.0,0.5169082125603864,0.0
balanced_sampler,42,1,0,15,99,108,0,0,0.0,0.5217391304347826,0.0
balanced_sampler,42,1,0,16,92,115,0,0,0.0,0.5555555555555556,0.0
balanced_sampler,42,1,0,17,85,122,0,0,0.0,0.5893719806763285,0.0
balanced_sampler,42,1,0,18,93,114,0,0,0.0,0.5507246376811594,0.0
balanced_sampler,42,1,0,19,89,118,0,0,0.0,0.5700483091787439,0.0
balanced_sampler,42,1,0,20,105,102,0,0,0.0,0.4927536231884058,0.0
balanced_sampler,42,1,0,21,106,101,0,0,0.0,0.48792270531400966,0.0
balanced_sampler,42,1,0,22,99,108,0,0,0.0,0.5217391304347826,0.0
balanced_sampler,42,1,0,23,106,101,0,0,0.0,0.48792270531400966,0.0
balanced_sampler,42,1,0,24,106,101,0,0,0.0,0.48792270531400966,0.0
balanced_sampler,42,1,0,25,94,113,0,0,0.0,0.5458937198067633,0.0
balanced_sampler,42,1,0,26,119,88,0,0,0.0,0.4251207729468599,0.0
balanced_sampler,42,1,0,27,102,105,0,0,0.0,0.5072463768115942,0.0
balanced_sampler,42,1,0,28,99,108,0,0,0.0,0.5217391304347826,0.0
balanced_sampler,42,1,0,29,96,111,0,0,0.0,0.5362318840579711,0.0
balanced_sampler,42,1,0,30,105,102,0,0,0.0,0.4927536231884058,0.0
balanced_sampler,42,1,0,31,102,105,0,0,0.0,0.5072463768115942,0.0
balanced_sampler,42,1,1,1,91,117,0,0,0.0,0.5625,0.0
balanced_sampler,42,1,1,2,101,107,0,0,0.0,0.5144230769230769,0.0
balanced_sampler,42,1,1,3,101,107,0,0,0.0,0.5144230769230769,0.0
balanced_sampler,42,1,1,4,91,117,0,0,0.0,0.5625,0.0
balanced_sampler,42,1,1,5,101,107,0,0,0.0,0.5144230769230769,0.0
balanced_sampler,42,1,1,6,109,99,0,0,0.0,0.47596153846153844,0.0
balanced_sampler,42,1,1,7,106,102,0,0,0.0,0.49038461538461536,0.0
balanced_sampler,42,1,1,8,110,98,0,0,0.0,0.47115384615384615,0.0
balanced_sampler,42,1,1,9,100,108,0,0,0.0,0.5192307692307693,0.0
balanced_sampler,42,1,1,10,109,99,0,0,0.0,0.47596153846153844,0.0
balanced_sampler,42,1,1,11,98,110,0,0,0.0,0.5288461538461539,0.0
balanced_sampler,42,1,1,12,93,115,0,0,0.0,0.5528846153846154,0.0
balanced_sampler,42,1,1,13,109,99,0,0,0.0,0.47596153846153844,0.0
balanced_sampler,42,1,1,14,109,99,0,0,0.0,0.47596153846153844,0.0
balanced_sampler,42,1,1,15,106,102,0,0,0.0,0.49038461538461536,0.0
balanced_sampler,42,1,1,16,108,100,0,0,0.0,0.4807692307692308,0.0
balanced_sampler,42,1,1,17,107,101,0,0,0.0,0.4855769230769231,0.0
balanced_sampler,42,1,1,18,113,95,0,0,0.0,0.4567307692307692,0.0
balanced_sampler,42,1,1,19,123,85,0,0,0.0,0.40865384615384615,0.0
balanced_sampler,42,1,1,20,105,103,0,0,0.0,0.4951923076923077,0.0
balanced_sampler,42,1,1,21,109,99,0,0,0.0,0.47596153846153844,0.0
balanced_sampler,42,1,1,22,103,105,0,0,0.0,0.5048076923076923,0.0
balanced_sampler,42,1,1,23,93,115,0,0,0.0,0.5528846153846154,0.0
balanced_sampler,42,1,1,24,98,110,0,0,0.0,0.5288461538461539,0.0
balanced_sampler,42,1,1,25,98,110,0,0,0.0,0.5288461538461539,0.0
balanced_sampler,42,1,2,1,96,113,0,0,0.0,0.5406698564593302,0.0
balanced_sampler,42,1,2,2,102,107,0,0,0.0,0.5119617224880383,0.0
balanced_sampler,42,1,2,3,109,100,0,0,0.0,0.4784688995215311,0.0
balanced_sampler,42,1,2,4,103,106,0,0,0.0,0.507177033492823,0.0
balanced_sampler,42,1,2,5,110,99,0,0,0.0,0.47368421052631576,0.0
balanced_sampler,42,1,2,6,102,107,0,0,0.0,0.5119617224880383,0.0
balanced_sampler,42,1,2,7,113,96,0,0,0.0,0.45933014354066987,0.0
balanced_sampler,42,1,2,8,105,104,0,0,0.0,0.49760765550239233,0.0
balanced_sampler,42,1,2,9,114,95,0,0,0.0,0.45454545454545453,0.0
balanced_sampler,42,1,2,10,99,110,0,0,0.0,0.5263157894736842,0.0
balanced_sampler,42,1,2,11,120,89,0,0,0.0,0.4258373205741627,0.0
balanced_sampler,42,1,2,12,116,93,0,0,0.0,0.4449760765550239,0.0
balanced_sampler,42,1,2,13,106,103,0,0,0.0,0.49282296650717705,0.0
balanced_sampler,42,1,2,14,102,107,0,0,0.0,0.5119617224880383,0.0
balanced_sampler,42,1,2,15,113,96,0,0,0.0,0.45933014354066987,0.0
balanced_sampler,42,1,2,16,114,95,0,0,0.0,0.45454545454545453,0.0
balanced_sampler,42,1,2,17,99,110,0,0,0.0,0.5263157894736842,0.0
balanced_sampler,42,1,2,18,104,105,0,0,0.0,0.5023923444976076,0.0
balanced_sampler,42,1,2,19,102,107,0,0,0.0,0.5119617224880383,0.0
balanced_sampler,42,1,2,20,102,107,0,0,0.0,0.5119617224880383,0.0
balanced_sampler,42,1,2,21,99,110,0,0,0.0,0.5263157894736842,0.0
balanced_sampler,42,1,2,22,102,107,0,0,0.0,0.5119617224880383,0.0
balanced_sampler,42,1,2,23,104,105,0,0,0.0,0.5023923444976076,0.0
balanced_sampler,42,1,2,24,112,97,0,0,0.0,0.46411483253588515,0.0
balanced_sampler,42,1,2,25,113,96,0,0,0.0,0.45933014354066987,0.0
balanced_sampler,42,1,2,26,113,96,0,0,0.0,0.45933014354066987,0.0
balanced_sampler,42,1,2,27,94,115,0,0,0.0,0.5502392344497608,0.0
balanced_sampler,42,1,2,28,104,105,0,0,0.0,0.5023923444976076,0.0
balanced_sampler,42,1,2,29,104,105,0,0,0.0,0.5023923444976076,0.0
balanced_sampler,42,1,2,30,102,107,0,0,0.0,0.5119617224880383,0.0
balanced_sampler,42,1,2,31,96,113,0,0,0.0,0.5406698564593302,0.0
balanced_sampler,42,1,2,32,109,100,0,0,0.0,0.4784688995215311,0.0
balanced_sampler,42,1,2,33,95,114,0,0,0.0,0.5454545454545454,0.0
balanced_sampler,42,1,2,34,109,100,0,0,0.0,0.4784688995215311,0.0
balanced_sampler,42,1,2,35,91,118,0,0,0.0,0.5645933014354066,0.0
balanced_sampler,42,2,0,1,93,114,0,0,0.0,0.5507246376811594,0.0
balanced_sampler,42,2,0,2,109,98,0,0,0.0,0.47342995169082125,0.0
balanced_sampler,42,2,0,3,113,94,0,0,0.0,0.45410628019323673,0.0
balanced_sampler,42,2,0,4,108,99,0,0,0.0,0.4782608695652174,0.0
balanced_sampler,42,2,0,5,99,108,0,0,0.0,0.5217391304347826,0.0
balanced_sampler,42,2,0,6,92,115,0,0,0.0,0.5555555555555556,0.0
balanced_sampler,42,2,0,7,118,89,0,0,0.0,0.42995169082125606,0.0
balanced_sampler,42,2,0,8,108,99,0,0,0.0,0.4782608695652174,0.0
balanced_sampler,42,2,0,9,104,103,0,0,0.0,0.4975845410628019,0.0
balanced_sampler,42,2,0,10,96,111,0,0,0.0,0.5362318840579711,0.0
balanced_sampler,42,2,0,11,95,112,0,0,0.0,0.5410628019323671,0.0
balanced_sampler,42,2,0,12,101,106,0,0,0.0,0.5120772946859904,0.0
balanced_sampler,42,2,0,13,100,107,0,0,0.0,0.5169082125603864,0.0
balanced_sampler,42,2,0,14,113,94,0,0,0.0,0.45410628019323673,0.0
balanced_sampler,42,2,0,15,97,110,0,0,0.0,0.5314009661835749,0.0
balanced_sampler,42,2,0,16,109,98,0,0,0.0,0.47342995169082125,0.0
balanced_sampler,42,2,0,17,110,97,0,0,0.0,0.46859903381642515,0.0
balanced_sampler,42,2,0,18,109,98,0,0,0.0,0.47342995169082125,0.0
balanced_sampler,42,2,0,19,94,113,0,0,0.0,0.5458937198067633,0.0
balanced_sampler,42,2,0,20,91,116,0,0,0.0,0.5603864734299517,0.0
balanced_sampler,42,2,0,21,109,98,0,0,0.0,0.47342995169082125,0.0
balanced_sampler,42,2,0,22,115,92,0,0,0.0,0.4444444444444444,0.0
balanced_sampler,42,2,0,23,103,104,0,0,0.0,0.5024154589371981,0.0
balanced_sampler,42,2,0,24,112,95,0,0,0.0,0.45893719806763283,0.0
balanced_sampler,42,2,0,25,104,103,0,0,0.0,0.4975845410628019,0.0
balanced_sampler,42,2,0,26,112,95,0,0,0.0,0.45893719806763283,0.0
balanced_sampler,42,2,0,27,97,110,0,0,0.0,0.5314009661835749,0.0
balanced_sampler,42,2,1,1,99,109,0,0,0.0,0.5240384615384616,0.0
balanced_sampler,42,2,1,2,107,101,0,0,0.0,0.4855769230769231,0.0
balanced_sampler,42,2,1,3,107,101,0,0,0.0,0.4855769230769231,0.0
balanced_sampler,42,2,1,4,105,103,0,0,0.0,0.4951923076923077,0.0
balanced_sampler,42,2,1,5,102,106,0,0,0.0,0.5096153846153846,0.0
balanced_sampler,42,2,1,6,94,114,0,0,0.0,0.5480769230769231,0.0
balanced_sampler,42,2,1,7,110,98,0,0,0.0,0.47115384615384615,0.0
balanced_sampler,42,2,1,8,109,99,0,0,0.0,0.47596153846153844,0.0
balanced_sampler,42,2,1,9,108,100,0,0,0.0,0.4807692307692308,0.0
balanced_sampler,42,2,1,10,113,95,0,0,0.0,0.4567307692307692,0.0
balanced_sampler,42,2,1,11,119,89,0,0,0.0,0.42788461538461536,0.0
balanced_sampler,42,2,1,12,104,104,0,0,0.0,0.5,0.0
balanced_sampler,42,2,1,13,112,96,0,0,0.0,0.46153846153846156,0.0
balanced_sampler,42,2,1,14,116,92,0,0,0.0,0.4423076923076923,0.0
balanced_sampler,42,2,1,15,110,98,0,0,0.0,0.47115384615384615,0.0
balanced_sampler,42,2,1,16,111,97,0,0,0.0,0.46634615384615385,0.0
balanced_sampler,42,2,1,17,106,102,0,0,0.0,0.49038461538461536,0.0
balanced_sampler,42,2,1,18,104,104,0,0,0.0,0.5,0.0
balanced_sampler,42,2,1,19,112,96,0,0,0.0,0.46153846153846156,0.0
balanced_sampler,42,2,1,20,94,114,0,0,0.0,0.5480769230769231,0.0
balanced_sampler,42,2,2,1,94,115,0,0,0.0,0.5502392344497608,0.0
balanced_sampler,42,2,2,2,104,105,0,0,0.0,0.5023923444976076,0.0
balanced_sampler,42,2,2,3,98,111,0,0,0.0,0.5311004784688995,0.0
balanced_sampler,42,2,2,4,114,95,0,0,0.0,0.45454545454545453,0.0
balanced_sampler,42,2,2,5,95,114,0,0,0.0,0.5454545454545454,0.0
balanced_sampler,42,2,2,6,97,112,0,0,0.0,0.5358851674641149,0.0
balanced_sampler,42,2,2,7,111,98,0,0,0.0,0.4688995215311005,0.0
balanced_sampler,42,2,2,8,110,99,0,0,0.0,0.47368421052631576,0.0
balanced_sampler,42,2,2,9,97,112,0,0,0.0,0.5358851674641149,0.0
balanced_sampler,42,2,2,10,98,111,0,0,0.0,0.5311004784688995,0.0
balanced_sampler,42,2,2,11,102,107,0,0,0.0,0.5119617224880383,0.0
balanced_sampler,42,2,2,12,104,105,0,0,0.0,0.5023923444976076,0.0
balanced_sampler,42,2,2,13,104,105,0,0,0.0,0.5023923444976076,0.0
balanced_sampler,42,2,2,14,115,94,0,0,0.0,0.44976076555023925,0.0
balanced_sampler,42,2,2,15,94,115,0,0,0.0,0.5502392344497608,0.0
balanced_sampler,42,2,2,16,100,109,0,0,0.0,0.5215311004784688,0.0
balanced_sampler,42,2,2,17,105,104,0,0,0.0,0.49760765550239233,0.0
balanced_sampler,42,2,2,18,94,115,0,0,0.0,0.5502392344497608,0.0
balanced_sampler,42,2,2,19,103,106,0,0,0.0,0.507177033492823,0.0
balanced_sampler,42,2,2,20,110,99,0,0,0.0,0.47368421052631576,0.0
balanced_sampler,42,2,2,21,106,103,0,0,0.0,0.49282296650717705,0.0
balanced_sampler,42,2,2,22,112,97,0,0,0.0,0.46411483253588515,0.0
balanced_sampler,42,2,2,23,104,105,0,0,0.0,0.5023923444976076,0.0
balanced_sampler,42,2,2,24,95,114,0,0,0.0,0.5454545454545454,0.0
balanced_sampler,42,2,2,25,96,113,0,0,0.0,0.5406698564593302,0.0
balanced_sampler,42,2,2,26,89,120,0,0,0.0,0.5741626794258373,0.0
balanced_sampler,42,3,0,1,92,116,0,0,0.0,0.5576923076923077,0.0
balanced_sampler,42,3,0,2,95,113,0,0,0.0,0.5432692307692307,0.0
balanced_sampler,42,3,0,3,105,103,0,0,0.0,0.4951923076923077,0.0
balanced_sampler,42,3,0,4,119,89,0,0,0.0,0.42788461538461536,0.0
balanced_sampler,42,3,0,5,116,92,0,0,0.0,0.4423076923076923,0.0
balanced_sampler,42,3,0,6,103,105,0,0,0.0,0.5048076923076923,0.0
balanced_sampler,42,3,0,7,109,99,0,0,0.0,0.47596153846153844,0.0
balanced_sampler,42,3,0,8,109,99,0,0,0.0,0.47596153846153844,0.0
balanced_sampler,42,3,0,9,110,98,0,0,0.0,0.47115384615384615,0.0
balanced_sampler,42,3,0,10,109,99,0,0,0.0,0.47596153846153844,0.0
balanced_sampler,42,3,0,11,113,95,0,0,0.0,0.4567307692307692,0.0
balanced_sampler,42,3,0,12,105,103,0,0,0.0,0.4951923076923077,0.0
balanced_sampler,42,3,0,13,102,106,0,0,0.0,0.5096153846153846,0.0
balanced_sampler,42,3,0,14,95,113,0,0,0.0,0.5432692307692307,0.0
balanced_sampler,42,3,0,15,109,99,0,0,0.0,0.47596153846153844,0.0
balanced_sampler,42,3,0,16,120,88,0,0,0.0,0.4230769230769231,0.0
balanced_sampler,42,3,0,17,114,94,0,0,0.0,0.4519230769230769,0.0
balanced_sampler,42,3,0,18,108,100,0,0,0.0,0.4807692307692308,0.0
balanced_sampler,42,3,0,19,94,114,0,0,0.0,0.5480769230769231,0.0
balanced_sampler,42,3,0,20,114,94,0,0,0.0,0.4519230769230769,0.0
balanced_sampler,42,3,0,21,109,99,0,0,0.0,0.47596153846153844,0.0
balanced_sampler,42,3,0,22,100,108,0,0,0.0,0.5192307692307693,0.0
balanced_sampler,42,3,0,23,104,104,0,0,0.0,0.5,0.0
balanced_sampler,42,3,0,24,115,93,0,0,0.0,0.44711538461538464,0.0
balanced_sampler,42,3,0,25,114,94,0,0,0.0,0.4519230769230769,0.0
balanced_sampler,42,3,0,26,106,102,0,0,0.0,0.49038461538461536,0.0
balanced_sampler,42,3,0,27,98,110,0,0,0.0,0.5288461538461539,0.0
balanced_sampler,42,3,0,28,105,103,0,0,0.0,0.4951923076923077,0.0
balanced_sampler,42,3,0,29,95,113,0,0,0.0,0.5432692307692307,0.0
balanced_sampler,42,3,0,30,109,99,0,0,0.0,0.47596153846153844,0.0
balanced_sampler,42,3,0,31,97,111,0,0,0.0,0.5336538461538461,0.0
balanced_sampler,42,3,1,1,90,118,0,0,0.0,0.5673076923076923,0.0
balanced_sampler,42,3,1,2,98,110,0,0,0.0,0.5288461538461539,0.0
balanced_sampler,42,3,1,3,113,95,0,0,0.0,0.4567307692307692,0.0
balanced_sampler,42,3,1,4,106,102,0,0,0.0,0.49038461538461536,0.0
balanced_sampler,42,3,1,5,90,118,0,0,0.0,0.5673076923076923,0.0
balanced_sampler,42,3,1,6,95,113,0,0,0.0,0.5432692307692307,0.0
balanced_sampler,42,3,1,7,108,100,0,0,0.0,0.4807692307692308,0.0
balanced_sampler,42,3,1,8,100,108,0,0,0.0,0.5192307692307693,0.0
balanced_sampler,42,3,1,9,107,101,0,0,0.0,0.4855769230769231,0.0
balanced_sampler,42,3,1,10,103,105,0,0,0.0,0.5048076923076923,0.0
balanced_sampler,42,3,1,11,89,119,0,0,0.0,0.5721153846153846,0.0
balanced_sampler,42,3,1,12,112,96,0,0,0.0,0.46153846153846156,0.0
balanced_sampler,42,3,1,13,109,99,0,0,0.0,0.47596153846153844,0.0
balanced_sampler,42,3,1,14,110,98,0,0,0.0,0.47115384615384615,0.0
balanced_sampler,42,3,1,15,96,112,0,0,0.0,0.5384615384615384,0.0
balanced_sampler,42,3,1,16,101,107,0,0,0.0,0.5144230769230769,0.0
balanced_sampler,42,3,1,17,112,96,0,0,0.0,0.46153846153846156,0.0
balanced_sampler,42,3,1,18,106,102,0,0,0.0,0.49038461538461536,0.0
balanced_sampler,42,3,1,19,117,91,0,0,0.0,0.4375,0.0
balanced_sampler,42,3,1,20,102,106,0,0,0.0,0.5096153846153846,0.0
balanced_sampler,42,3,1,21,99,109,0,0,0.0,0.5240384615384616,0.0
balanced_sampler,42,3,2,1,104,106,0,0,0.0,0.5047619047619047,0.0
balanced_sampler,42,3,2,2,107,103,0,0,0.0,0.49047619047619045,0.0
balanced_sampler,42,3,2,3,114,96,0,0,0.0,0.45714285714285713,0.0
balanced_sampler,42,3,2,4,97,113,0,0,0.0,0.5380952380952381,0.0
balanced_sampler,42,3,2,5,115,95,0,0,0.0,0.4523809523809524,0.0
balanced_sampler,42,3,2,6,98,112,0,0,0.0,0.5333333333333333,0.0
balanced_sampler,42,3,2,7,112,98,0,0,0.0,0.4666666666666667,0.0
balanced_sampler,42,3,2,8,96,114,0,0,0.0,0.5428571428571428,0.0
balanced_sampler,42,3,2,9,104,106,0,0,0.0,0.5047619047619047,0.0
balanced_sampler,42,3,2,10,104,106,0,0,0.0,0.5047619047619047,0.0
balanced_sampler,42,3,2,11,92,118,0,0,0.0,0.5619047619047619,0.0
balanced_sampler,42,3,2,12,88,122,0,0,0.0,0.580952380952381,0.0
balanced_sampler,42,3,2,13,92,118,0,0,0.0,0.5619047619047619,0.0
balanced_sampler,42,3,2,14,101,109,0,0,0.0,0.5190476190476191,0.0
balanced_sampler,42,3,2,15,96,114,0,0,0.0,0.5428571428571428,0.0
balanced_sampler,42,3,2,16,97,113,0,0,0.0,0.5380952380952381,0.0
balanced_sampler,42,3,2,17,117,93,0,0,0.0,0.44285714285714284,0.0
balanced_sampler,42,3,2,18,118,92,0,0,0.0,0.4380952380952381,0.0
balanced_sampler,42,3,2,19,109,101,0,0,0.0,0.48095238095238096,0.0
balanced_sampler,42,3,2,20,93,117,0,0,0.0,0.5571428571428572,0.0
balanced_sampler,42,3,2,21,102,108,0,0,0.0,0.5142857142857142,0.0
balanced_sampler,42,3,2,22,102,108,0,0,0.0,0.5142857142857142,0.0
balanced_sampler,42,3,2,23,97,113,0,0,0.0,0.5380952380952381,0.0
balanced_sampler,42,3,2,24,120,90,0,0,0.0,0.42857142857142855,0.0
balanced_sampler,42,3,2,25,101,109,0,0,0.0,0.5190476190476191,0.0
balanced_sampler,42,3,2,26,111,99,0,0,0.0,0.4714285714285714,0.0
balanced_sampler,42,4,0,1,90,118,0,0,0.0,0.5673076923076923,0.0
balanced_sampler,42,4,0,2,102,106,0,0,0.0,0.5096153846153846,0.0
balanced_sampler,42,4,0,3,96,112,0,0,0.0,0.5384615384615384,0.0
balanced_sampler,42,4,0,4,104,104,0,0,0.0,0.5,0.0
balanced_sampler,42,4,0,5,106,102,0,0,0.0,0.49038461538461536,0.0
balanced_sampler,42,4,0,6,99,109,0,0,0.0,0.5240384615384616,0.0
balanced_sampler,42,4,0,7,102,106,0,0,0.0,0.5096153846153846,0.0
balanced_sampler,42,4,0,8,113,95,0,0,0.0,0.4567307692307692,0.0
balanced_sampler,42,4,0,9,110,98,0,0,0.0,0.47115384615384615,0.0
balanced_sampler,42,4,0,10,100,108,0,0,0.0,0.5192307692307693,0.0
balanced_sampler,42,4,0,11,102,106,0,0,0.0,0.5096153846153846,0.0
balanced_sampler,42,4,0,12,106,102,0,0,0.0,0.49038461538461536,0.0
balanced_sampler,42,4,0,13,105,103,0,0,0.0,0.4951923076923077,0.0
balanced_sampler,42,4,0,14,104,104,0,0,0.0,0.5,0.0
balanced_sampler,42,4,0,15,103,105,0,0,0.0,0.5048076923076923,0.0
balanced_sampler,42,4,0,16,107,101,0,0,0.0,0.4855769230769231,0.0
balanced_sampler,42,4,0,17,106,102,0,0,0.0,0.49038461538461536,0.0
balanced_sampler,42,4,0,18,91,117,0,0,0.0,0.5625,0.0
balanced_sampler,42,4,0,19,108,100,0,0,0.0,0.4807692307692308,0.0
balanced_sampler,42,4,0,20,106,102,0,0,0.0,0.49038461538461536,0.0
balanced_sampler,42,4,0,21,105,103,0,0,0.0,0.4951923076923077,0.0
balanced_sampler,42,4,0,22,88,120,0,0,0.0,0.5769230769230769,0.0
balanced_sampler,42,4,0,23,114,94,0,0,0.0,0.4519230769230769,0.0
balanced_sampler,42,4,1,1,95,113,0,0,0.0,0.5432692307692307,0.0
balanced_sampler,42,4,1,2,98,110,0,0,0.0,0.5288461538461539,0.0
balanced_sampler,42,4,1,3,110,98,0,0,0.0,0.47115384615384615,0.0
balanced_sampler,42,4,1,4,118,90,0,0,0.0,0.4326923076923077,0.0
balanced_sampler,42,4,1,5,94,114,0,0,0.0,0.5480769230769231,0.0
balanced_sampler,42,4,1,6,108,100,0,0,0.0,0.4807692307692308,0.0
balanced_sampler,42,4,1,7,101,107,0,0,0.0,0.5144230769230769,0.0
balanced_sampler,42,4,1,8,102,106,0,0,0.0,0.5096153846153846,0.0
balanced_sampler,42,4,1,9,105,103,0,0,0.0,0.4951923076923077,0.0
balanced_sampler,42,4,1,10,109,99,0,0,0.0,0.47596153846153844,0.0
balanced_sampler,42,4,1,11,106,102,0,0,0.0,0.49038461538461536,0.0
balanced_sampler,42,4,1,12,119,89,0,0,0.0,0.42788461538461536,0.0
balanced_sampler,42,4,1,13,105,103,0,0,0.0,0.4951923076923077,0.0
balanced_sampler,42,4,1,14,119,89,0,0,0.0,0.42788461538461536,0.0
balanced_sampler,42,4,1,15,102,106,0,0,0.0,0.5096153846153846,0.0
balanced_sampler,42,4,1,16,98,110,0,0,0.0,0.5288461538461539,0.0
balanced_sampler,42,4,1,17,97,111,0,0,0.0,0.5336538461538461,0.0
balanced_sampler,42,4,1,18,101,107,0,0,0.0,0.5144230769230769,0.0
balanced_sampler,42,4,1,19,109,99,0,0,0.0,0.47596153846153844,0.0
balanced_sampler,42,4,1,20,104,104,0,0,0.0,0.5,0.0
balanced_sampler,42,4,1,21,107,101,0,0,0.0,0.4855769230769231,0.0
balanced_sampler,42,4,1,22,112,96,0,0,0.0,0.46153846153846156,0.0
balanced_sampler,42,4,1,23,98,110,0,0,0.0,0.5288461538461539,0.0
balanced_sampler,42,4,1,24,113,95,0,0,0.0,0.4567307692307692,0.0
balanced_sampler,42,4,1,25,118,90,0,0,0.0,0.4326923076923077,0.0
balanced_sampler,42,4,2,1,103,107,0,0,0.0,0.5095238095238095,0.0
balanced_sampler,42,4,2,2,104,106,0,0,0.0,0.5047619047619047,0.0
balanced_sampler,42,4,2,3,105,105,0,0,0.0,0.5,0.0
balanced_sampler,42,4,2,4,104,106,0,0,0.0,0.5047619047619047,0.0
balanced_sampler,42,4,2,5,110,100,0,0,0.0,0.47619047619047616,0.0
balanced_sampler,42,4,2,6,101,109,0,0,0.0,0.5190476190476191,0.0
balanced_sampler,42,4,2,7,108,102,0,0,0.0,0.4857142857142857,0.0
balanced_sampler,42,4,2,8,115,95,0,0,0.0,0.4523809523809524,0.0
balanced_sampler,42,4,2,9,107,103,0,0,0.0,0.49047619047619045,0.0
balanced_sampler,42,4,2,10,105,105,0,0,0.0,0.5,0.0
balanced_sampler,42,4,2,11,87,123,0,0,0.0,0.5857142857142857,0.0
balanced_sampler,42,4,2,12,92,118,0,0,0.0,0.5619047619047619,0.0
balanced_sampler,42,4,2,13,95,115,0,0,0.0,0.5476190476190477,0.0
balanced_sampler,42,4,2,14,110,100,0,0,0.0,0.47619047619047616,0.0
balanced_sampler,42,4,2,15,106,104,0,0,0.0,0.49523809523809526,0.0
balanced_sampler,42,4,2,16,122,88,0,0,0.0,0.41904761904761906,0.0
balanced_sampler,42,4,2,17,109,101,0,0,0.0,0.48095238095238096,0.0
balanced_sampler,42,4,2,18,105,105,0,0,0.0,0.5,0.0
balanced_sampler,42,4,2,19,102,108,0,0,0.0,0.5142857142857142,0.0
balanced_sampler,42,4,2,20,99,111,0,0,0.0,0.5285714285714286,0.0
balanced_sampler,42,4,2,21,105,105,0,0,0.0,0.5,0.0
balanced_sampler,42,4,2,22,107,103,0,0,0.0,0.49047619047619045,0.0
balanced_sampler,42,4,2,23,93,117,0,0,0.0,0.5571428571428572,0.0
balanced_sampler,42,4,2,24,104,106,0,0,0.0,0.5047619047619047,0.0
balanced_sampler,42,4,2,25,104,106,0,0,0.0,0.5047619047619047,0.0
balanced_sampler,42,4,2,26,110,100,0,0,0.0,0.47619047619047616,0.0
balanced_sampler,42,4,2,27,104,106,0,0,0.0,0.5047619047619047,0.0
balanced_sampler,42,4,2,28,104,106,0,0,0.0,0.5047619047619047,0.0
balanced_sampler,43,0,0,1,96,109,0,0,0.0,0.5317073170731708,0.0
balanced_sampler,43,0,0,2,90,115,0,0,0.0,0.5609756097560976,0.0
balanced_sampler,43,0,0,3,97,108,0,0,0.0,0.526829268292683,0.0
balanced_sampler,43,0,0,4,114,91,0,0,0.0,0.44390243902439025,0.0
balanced_sampler,43,0,0,5,99,106,0,0,0.0,0.5170731707317073,0.0
balanced_sampler,43,0,0,6,100,105,0,0,0.0,0.5121951219512195,0.0
balanced_sampler,43,0,0,7,103,102,0,0,0.0,0.4975609756097561,0.0
balanced_sampler,43,0,0,8,107,98,0,0,0.0,0.47804878048780486,0.0
balanced_sampler,43,0,0,9,101,104,0,0,0.0,0.5073170731707317,0.0
balanced_sampler,43,0,0,10,99,106,0,0,0.0,0.5170731707317073,0.0
balanced_sampler,43,0,0,11,95,110,0,0,0.0,0.5365853658536586,0.0
balanced_sampler,43,0,0,12,108,97,0,0,0.0,0.47317073170731705,0.0
balanced_sampler,43,0,0,13,99,106,0,0,0.0,0.5170731707317073,0.0
balanced_sampler,43,0,0,14,112,93,0,0,0.0,0.45365853658536587,0.0
balanced_sampler,43,0,0,15,112,93,0,0,0.0,0.45365853658536587,0.0
balanced_sampler,43,0,0,16,100,105,0,0,0.0,0.5121951219512195,0.0
balanced_sampler,43,0,0,17,111,94,0,0,0.0,0.4585365853658537,0.0
balanced_sampler,43,0,0,18,104,101,0,0,0.0,0.4926829268292683,0.0
balanced_sampler,43,0,0,19,100,105,0,0,0.0,0.5121951219512195,0.0
balanced_sampler,43,0,0,20,106,99,0,0,0.0,0.48292682926829267,0.0
balanced_sampler,43,0,0,21,93,112,0,0,0.0,0.5463414634146342,0.0
balanced_sampler,43,0,0,22,110,95,0,0,0.0,0.4634146341463415,0.0
balanced_sampler,43,0,0,23,108,97,0,0,0.0,0.47317073170731705,0.0
balanced_sampler,43,0,0,24,103,102,0,0,0.0,0.4975609756097561,0.0
balanced_sampler,43,0,0,25,103,102,0,0,0.0,0.4975609756097561,0.0
balanced_sampler,43,0,0,26,110,95,0,0,0.0,0.4634146341463415,0.0
balanced_sampler,43,0,0,27,97,108,0,0,0.0,0.526829268292683,0.0
balanced_sampler,43,0,1,1,102,105,0,0,0.0,0.5072463768115942,0.0
balanced_sampler,43,0,1,2,115,92,0,0,0.0,0.4444444444444444,0.0
balanced_sampler,43,0,1,3,85,122,0,0,0.0,0.5893719806763285,0.0
balanced_sampler,43,0,1,4,108,99,0,0,0.0,0.4782608695652174,0.0
balanced_sampler,43,0,1,5,110,97,0,0,0.0,0.46859903381642515,0.0
balanced_sampler,43,0,1,6,99,108,0,0,0.0,0.5217391304347826,0.0
balanced_sampler,43,0,1,7,95,112,0,0,0.0,0.5410628019323671,0.0
balanced_sampler,43,0,1,8,102,105,0,0,0.0,0.5072463768115942,0.0
balanced_sampler,43,0,1,9,98,109,0,0,0.0,0.5265700483091788,0.0
balanced_sampler,43,0,1,10,121,86,0,0,0.0,0.41545893719806765,0.0
balanced_sampler,43,0,1,11,101,106,0,0,0.0,0.5120772946859904,0.0
balanced_sampler,43,0,1,12,110,97,0,0,0.0,0.46859903381642515,0.0
balanced_sampler,43,0,1,13,110,97,0,0,0.0,0.46859903381642515,0.0
balanced_sampler,43,0,1,14,111,96,0,0,0.0,0.463768115942029,0.0
balanced_sampler,43,0,1,15,101,106,0,0,0.0,0.5120772946859904,0.0
balanced_sampler,43,0,1,16,101,106,0,0,0.0,0.5120772946859904,0.0
balanced_sampler,43,0,1,17,105,102,0,0,0.0,0.4927536231884058,0.0
balanced_sampler,43,0,1,18,104,103,0,0,0.0,0.4975845410628019,0.0
balanced_sampler,43,0,1,19,109,98,0,0,0.0,0.47342995169082125,0.0
balanced_sampler,43,0,1,20,102,105,0,0,0.0,0.5072463768115942,0.0
balanced_sampler,43,0,1,21,94,113,0,0,0.0,0.5458937198067633,0.0
balanced_sampler,43,0,1,22,101,106,0,0,0.0,0.5120772946859904,0.0
balanced_sampler,43,0,2,1,97,111,0,0,0.0,0.5336538461538461,0.0
balanced_sampler,43,0,2,2,100,108,0,0,0.0,0.5192307692307693,0.0
balanced_sampler,43,0,2,3,112,96,0,0,0.0,0.46153846153846156,0.0
balanced_sampler,43,0,2,4,93,115,0,0,0.0,0.5528846153846154,0.0
balanced_sampler,43,0,2,5,98,110,0,0,0.0,0.5288461538461539,0.0
balanced_sampler,43,0,2,6,119,89,0,0,0.0,0.42788461538461536,0.0
balanced_sampler,43,0,2,7,110,98,0,0,0.0,0.47115384615384615,0.0
balanced_sampler,43,0,2,8,113,95,0,0,0.0,0.4567307692307692,0.0
balanced_sampler,43,0,2,9,108,100,0,0,0.0,0.4807692307692308,0.0
balanced_sampler,43,0,2,10,104,104,0,0,0.0,0.5,0.0
balanced_sampler,43,0,2,11,97,111,0,0,0.0,0.5336538461538461,0.0
balanced_sampler,43,0,2,12,96,112,0,0,0.0,0.5384615384615384,0.0
balanced_sampler,43,0,2,13,99,109,0,0,0.0,0.5240384615384616,0.0
balanced_sampler,43,0,2,14,108,100,0,0,0.0,0.4807692307692308,0.0
balanced_sampler,43,0,2,15,107,101,0,0,0.0,0.4855769230769231,0.0
balanced_sampler,43,0,2,16,110,98,0,0,0.0,0.47115384615384615,0.0
balanced_sampler,43,0,2,17,99,109,0,0,0.0,0.5240384615384616,0.0
balanced_sampler,43,0,2,18,97,111,0,0,0.0,0.5336538461538461,0.0
balanced_sampler,43,0,2,19,99,109,0,0,0.0,0.5240384615384616,0.0
balanced_sampler,43,0,2,20,105,103,0,0,0.0,0.4951923076923077,0.0
balanced_sampler,43,0,2,21,96,112,0,0,0.0,0.5384615384615384,0.0
balanced_sampler,43,0,2,22,101,107,0,0,0.0,0.5144230769230769,0.0
balanced_sampler,43,0,2,23,107,101,0,0,0.0,0.4855769230769231,0.0
balanced_sampler,43,1,0,1,98,109,0,0,0.0,0.5265700483091788,0.0
balanced_sampler,43,1,0,2,97,110,0,0,0.0,0.5314009661835749,0.0
balanced_sampler,43,1,0,3,101,106,0,0,0.0,0.5120772946859904,0.0
balanced_sampler,43,1,0,4,110,97,0,0,0.0,0.46859903381642515,0.0
balanced_sampler,43,1,0,5,100,107,0,0,0.0,0.5169082125603864,0.0
balanced_sampler,43,1,0,6,101,106,0,0,0.0,0.5120772946859904,0.0
balanced_sampler,43,1,0,7,114,93,0,0,0.0,0.4492753623188406,0.0
balanced_sampler,43,1,0,8,126,81,0,0,0.0,0.391304347826087,0.0
balanced_sampler,43,1,0,9,108,99,0,0,0.0,0.4782608695652174,0.0
balanced_sampler,43,1,0,10,99,108,0,0,0.0,0.5217391304347826,0.0
balanced_sampler,43,1,0,11,95,112,0,0,0.0,0.5410628019323671,0.0
balanced_sampler,43,1,0,12,110,97,0,0,0.0,0.46859903381642515,0.0
balanced_sampler,43,1,0,13,107,100,0,0,0.0,0.4830917874396135,0.0
balanced_sampler,43,1,0,14,98,109,0,0,0.0,0.5265700483091788,0.0
balanced_sampler,43,1,0,15,112,95,0,0,0.0,0.45893719806763283,0.0
balanced_sampler,43,1,0,16,94,113,0,0,0.0,0.5458937198067633,0.0
balanced_sampler,43,1,0,17,107,100,0,0,0.0,0.4830917874396135,0.0
balanced_sampler,43,1,0,18,100,107,0,0,0.0,0.5169082125603864,0.0
balanced_sampler,43,1,0,19,113,94,0,0,0.0,0.45410628019323673,0.0
balanced_sampler,43,1,0,20,100,107,0,0,0.0,0.5169082125603864,0.0
balanced_sampler,43,1,0,21,104,103,0,0,0.0,0.4975845410628019,0.0
balanced_sampler,43,1,0,22,107,100,0,0,0.0,0.4830917874396135,0.0
balanced_sampler,43,1,0,23,95,112,0,0,0.0,0.5410628019323671,0.0
balanced_sampler,43,1,1,1,111,97,0,0,0.0,0.46634615384615385,0.0
balanced_sampler,43,1,1,2,112,96,0,0,0.0,0.46153846153846156,0.0
balanced_sampler,43,1,1,3,99,109,0,0,0.0,0.5240384615384616,0.0
balanced_sampler,43,1,1,4,108,100,0,0,0.0,0.4807692307692308,0.0
balanced_sampler,43,1,1,5,117,91,0,0,0.0,0.4375,0.0
balanced_sampler,43,1,1,6,106,102,0,0,0.0,0.49038461538461536,0.0
balanced_sampler,43,1,1,7,96,112,0,0,0.0,0.5384615384615384,0.0
balanced_sampler,43,1,1,8,97,111,0,0,0.0,0.5336538461538461,0.0
balanced_sampler,43,1,1,9,117,91,0,0,0.0,0.4375,0.0
balanced_sampler,43,1,1,10,97,111,0,0,0.0,0.5336538461538461,0.0
balanced_sampler,43,1,1,11,101,107,0,0,0.0,0.5144230769230769,0.0
balanced_sampler,43,1,1,12,108,100,0,0,0.0,0.4807692307692308,0.0
balanced_sampler,43,1,1,13,96,112,0,0,0.0,0.5384615384615384,0.0
balanced_sampler,43,1,1,14,121,87,0,0,0.0,0.4182692307692308,0.0
balanced_sampler,43,1,1,15,103,105,0,0,0.0,0.5048076923076923,0.0
balanced_sampler,43,1,1,16,124,84,0,0,0.0,0.40384615384615385,0.0
balanced_sampler,43,1,1,17,111,97,0,0,0.0,0.46634615384615385,0.0
balanced_sampler,43,1,1,18,109,99,0,0,0.0,0.47596153846153844,0.0
balanced_sampler,43,1,1,19,118,90,0,0,0.0,0.4326923076923077,0.0
balanced_sampler,43,1,1,20,98,110,0,0,0.0,0.5288461538461539,0.0
balanced_sampler,43,1,1,21,103,105,0,0,0.0,0.5048076923076923,0.0
balanced_sampler,43,1,1,22,102,106,0,0,0.0,0.5096153846153846,0.0
balanced_sampler,43,1,1,23,103,105,0,0,0.0,0.5048076923076923,0.0
balanced_sampler,43,1,1,24,101,107,0,0,0.0,0.5144230769230769,0.0
balanced_sampler,43,1,1,25,112,96,0,0,0.0,0.46153846153846156,0.0
balanced_sampler,43,1,1,26,97,111,0,0,0.0,0.5336538461538461,0.0
balanced_sampler,43,1,1,27,96,112,0,0,0.0,0.5384615384615384,0.0
balanced_sampler,43,1,1,28,114,94,0,0,0.0,0.4519230769230769,0.0
balanced_sampler,43,1,2,1,99,110,0,0,0.0,0.5263157894736842,0.0
balanced_sampler,43,1,2,2,114,95,0,0,0.0,0.45454545454545453,0.0
balanced_sampler,43,1,2,3,108,101,0,0,0.0,0.48325358851674644,0.0
balanced_sampler,43,1,2,4,107,102,0,0,0.0,0.4880382775119617,0.0
balanced_sampler,43,1,2,5,105,104,0,0,0.0,0.49760765550239233,0.0
balanced_sampler,43,1,2,6,112,97,0,0,0.0,0.46411483253588515,0.0
balanced_sampler,43,1,2,7,108,101,0,0,0.0,0.48325358851674644,0.0
balanced_sampler,43,1,2,8,110,99,0,0,0.0,0.47368421052631576,0.0
balanced_sampler,43,1,2,9,99,110,0,0,0.0,0.5263157894736842,0.0
balanced_sampler,43,1,2,10,97,112,0,0,0.0,0.5358851674641149,0.0
balanced_sampler,43,1,2,11,104,105,0,0,0.0,0.5023923444976076,0.0
balanced_sampler,43,1,2,12,109,100,0,0,0.0,0.4784688995215311,0.0
balanced_sampler,43,1,2,13,110,99,0,0,0.0,0.47368421052631576,0.0
balanced_sampler,43,1,2,14,98,111,0,0,0.0,0.5311004784688995,0.0
balanced_sampler,43,1,2,15,111,98,0,0,0.0,0.4688995215311005,0.0
balanced_sampler,43,1,2,16,103,106,0,0,0.0,0.507177033492823,0.0
balanced_sampler,43,1,2,17,94,115,0,0,0.0,0.5502392344497608,0.0
balanced_sampler,43,1,2,18,95,114,0,0,0.0,0.5454545454545454,0.0
balanced_sampler,43,1,2,19,103,106,0,0,0.0,0.507177033492823,0.0
balanced_sampler,43,1,2,20,99,110,0,0,0.0,0.5263157894736842,0.0
balanced_sampler,43,1,2,21,108,101,0,0,0.0,0.48325358851674644,0.0
balanced_sampler,43,1,2,22,107,102,0,0,0.0,0.4880382775119617,0.0
balanced_sampler,43,1,2,23,113,96,0,0,0.0,0.45933014354066987,0.0
balanced_sampler,43,1,2,24,120,89,0,0,0.0,0.4258373205741627,0.0
balanced_sampler,43,1,2,25,109,100,0,0,0.0,0.4784688995215311,0.0
balanced_sampler,43,1,2,26,95,114,0,0,0.0,0.5454545454545454,0.0
balanced_sampler,43,2,0,1,97,110,0,0,0.0,0.5314009661835749,0.0
balanced_sampler,43,2,0,2,114,93,0,0,0.0,0.4492753623188406,0.0
balanced_sampler,43,2,0,3,112,95,0,0,0.0,0.45893719806763283,0.0
balanced_sampler,43,2,0,4,107,100,0,0,0.0,0.4830917874396135,0.0
balanced_sampler,43,2,0,5,106,101,0,0,0.0,0.48792270531400966,0.0
balanced_sampler,43,2,0,6,109,98,0,0,0.0,0.47342995169082125,0.0
balanced_sampler,43,2,0,7,108,99,0,0,0.0,0.4782608695652174,0.0
balanced_sampler,43,2,0,8,112,95,0,0,0.0,0.45893719806763283,0.0
balanced_sampler,43,2,0,9,110,97,0,0,0.0,0.46859903381642515,0.0
balanced_sampler,43,2,0,10,97,110,0,0,0.0,0.5314009661835749,0.0
balanced_sampler,43,2,0,11,108,99,0,0,0.0,0.4782608695652174,0.0
balanced_sampler,43,2,0,12,120,87,0,0,0.0,0.42028985507246375,0.0
balanced_sampler,43,2,0,13,102,105,0,0,0.0,0.5072463768115942,0.0
balanced_sampler,43,2,0,14,109,98,0,0,0.0,0.47342995169082125,0.0
balanced_sampler,43,2,0,15,119,88,0,0,0.0,0.4251207729468599,0.0
balanced_sampler,43,2,0,16,115,92,0,0,0.0,0.4444444444444444,0.0
balanced_sampler,43,2,0,17,118,89,0,0,0.0,0.42995169082125606,0.0
balanced_sampler,43,2,0,18,102,105,0,0,0.0,0.5072463768115942,0.0
balanced_sampler,43,2,0,19,116,91,0,0,0.0,0.4396135265700483,0.0
balanced_sampler,43,2,0,20,112,95,0,0,0.0,0.45893719806763283,0.0
balanced_sampler,43,2,0,21,101,106,0,0,0.0,0.5120772946859904,0.0
balanced_sampler,43,2,0,22,110,97,0,0,0.0,0.46859903381642515,0.0
balanced_sampler,43,2,0,23,104,103,0,0,0.0,0.4975845410628019,0.0
balanced_sampler,43,2,0,24,108,99,0,0,0.0,0.4782608695652174,0.0
balanced_sampler,43,2,0,25,113,94,0,0,0.0,0.45410628019323673,0.0
balanced_sampler,43,2,1,1,95,113,0,0,0.0,0.5432692307692307,0.0
balanced_sampler,43,2,1,2,110,98,0,0,0.0,0.47115384615384615,0.0
balanced_sampler,43,2,1,3,108,100,0,0,0.0,0.4807692307692308,0.0
balanced_sampler,43,2,1,4,103,105,0,0,0.0,0.5048076923076923,0.0
balanced_sampler,43,2,1,5,103,105,0,0,0.0,0.5048076923076923,0.0
balanced_sampler,43,2,1,6,104,104,0,0,0.0,0.5,0.0
balanced_sampler,43,2,1,7,107,101,0,0,0.0,0.4855769230769231,0.0
balanced_sampler,43,2,1,8,95,113,0,0,0.0,0.5432692307692307,0.0
balanced_sampler,43,2,1,9,97,111,0,0,0.0,0.5336538461538461,0.0
balanced_sampler,43,2,1,10,100,108,0,0,0.0,0.5192307692307693,0.0
balanced_sampler,43,2,1,11,104,104,0,0,0.0,0.5,0.0
balanced_sampler,43,2,1,12,100,108,0,0,0.0,0.5192307692307693,0.0
balanced_sampler,43,2,1,13,85,123,0,0,0.0,0.5913461538461539,0.0
balanced_sampler,43,2,1,14,98,110,0,0,0.0,0.5288461538461539,0.0
balanced_sampler,43,2,1,15,107,101,0,0,0.0,0.4855769230769231,0.0
balanced_sampler,43,2,1,16,109,99,0,0,0.0,0.47596153846153844,0.0
balanced_sampler,43,2,1,17,112,96,0,0,0.0,0.46153846153846156,0.0
balanced_sampler,43,2,1,18,102,106,0,0,0.0,0.5096153846153846,0.0
balanced_sampler,43,2,1,19,108,100,0,0,0.0,0.4807692307692308,0.0
balanced_sampler,43,2,1,20,104,104,0,0,0.0,0.5,0.0
balanced_sampler,43,2,1,21,98,110,0,0,0.0,0.5288461538461539,0.0
balanced_sampler,43,2,1,22,112,96,0,0,0.0,0.46153846153846156,0.0
balanced_sampler,43,2,1,23,100,108,0,0,0.0,0.5192307692307693,0.0
balanced_sampler,43,2,1,24,103,105,0,0,0.0,0.5048076923076923,0.0
balanced_sampler,43,2,1,25,108,100,0,0,0.0,0.4807692307692308,0.0
balanced_sampler,43,2,1,26,113,95,0,0,0.0,0.4567307692307692,0.0
balanced_sampler,43,2,1,27,114,94,0,0,0.0,0.4519230769230769,0.0
balanced_sampler,43,2,1,28,104,104,0,0,0.0,0.5,0.0
balanced_sampler,43,2,1,29,95,113,0,0,0.0,0.5432692307692307,0.0
balanced_sampler,43,2,1,30,117,91,0,0,0.0,0.4375,0.0
balanced_sampler,43,2,2,1,108,101,0,0,0.0,0.48325358851674644,0.0
balanced_sampler,43,2,2,2,97,112,0,0,0.0,0.5358851674641149,0.0
balanced_sampler,43,2,2,3,102,107,0,0,0.0,0.5119617224880383,0.0
balanced_sampler,43,2,2,4,97,112,0,0,0.0,0.5358851674641149,0.0
balanced_sampler,43,2,2,5,92,117,0,0,0.0,0.5598086124401914,0.0
balanced_sampler,43,2,2,6,104,105,0,0,0.0,0.5023923444976076,0.0
balanced_sampler,43,2,2,7,106,103,0,0,0.0,0.49282296650717705,0.0
balanced_sampler,43,2,2,8,111,98,0,0,0.0,0.4688995215311005,0.0
balanced_sampler,43,2,2,9,106,103,0,0,0.0,0.49282296650717705,0.0
balanced_sampler,43,2,2,10,97,112,0,0,0.0,0.5358851674641149,0.0
balanced_sampler,43,2,2,11,116,93,0,0,0.0,0.4449760765550239,0.0
balanced_sampler,43,2,2,12,116,93,0,0,0.0,0.4449760765550239,0.0
balanced_sampler,43,2,2,13,107,102,0,0,0.0,0.4880382775119617,0.0
balanced_sampler,43,2,2,14,108,101,0,0,0.0,0.48325358851674644,0.0
balanced_sampler,43,2,2,15,100,109,0,0,0.0,0.5215311004784688,0.0
balanced_sampler,43,2,2,16,100,109,0,0,0.0,0.5215311004784688,0.0
balanced_sampler,43,2,2,17,96,113,0,0,0.0,0.5406698564593302,0.0
balanced_sampler,43,2,2,18,100,109,0,0,0.0,0.5215311004784688,0.0
balanced_sampler,43,2,2,19,106,103,0,0,0.0,0.49282296650717705,0.0
balanced_sampler,43,2,2,20,103,106,0,0,0.0,0.507177033492823,0.0
balanced_sampler,43,2,2,21,107,102,0,0,0.0,0.4880382775119617,0.0
balanced_sampler,43,2,2,22,119,90,0,0,0.0,0.430622009569378,0.0
balanced_sampler,43,2,2,23,104,105,0,0,0.0,0.5023923444976076,0.0
balanced_sampler,43,2,2,24,103,106,0,0,0.0,0.507177033492823,0.0
balanced_sampler,43,2,2,25,97,112,0,0,0.0,0.5358851674641149,0.0
balanced_sampler,43,3,0,1,112,96,0,0,0.0,0.46153846153846156,0.0
balanced_sampler,43,3,0,2,109,99,0,0,0.0,0.47596153846153844,0.0
balanced_sampler,43,3,0,3,120,88,0,0,0.0,0.4230769230769231,0.0
balanced_sampler,43,3,0,4,105,103,0,0,0.0,0.4951923076923077,0.0
balanced_sampler,43,3,0,5,92,116,0,0,0.0,0.5576923076923077,0.0
balanced_sampler,43,3,0,6,102,106,0,0,0.0,0.5096153846153846,0.0
balanced_sampler,43,3,0,7,114,94,0,0,0.0,0.4519230769230769,0.0
balanced_sampler,43,3,0,8,101,107,0,0,0.0,0.5144230769230769,0.0
balanced_sampler,43,3,0,9,102,106,0,0,0.0,0.5096153846153846,0.0
balanced_sampler,43,3,0,10,105,103,0,0,0.0,0.4951923076923077,0.0
balanced_sampler,43,3,0,11,104,104,0,0,0.0,0.5,0.0
balanced_sampler,43,3,0,12,102,106,0,0,0.0,0.5096153846153846,0.0
balanced_sampler,43,3,0,13,97,111,0,0,0.0,0.5336538461538461,0.0
balanced_sampler,43,3,0,14,97,111,0,0,0.0,0.5336538461538461,0.0
balanced_sampler,43,3,0,15,107,101,0,0,0.0,0.4855769230769231,0.0
balanced_sampler,43,3,0,16,93,115,0,0,0.0,0.5528846153846154,0.0
balanced_sampler,43,3,0,17,101,107,0,0,0.0,0.5144230769230769,0.0
balanced_sampler,43,3,0,18,116,92,0,0,0.0,0.4423076923076923,0.0
balanced_sampler,43,3,0,19,99,109,0,0,0.0,0.5240384615384616,0.0
balanced_sampler,43,3,0,20,91,117,0,0,0.0,0.5625,0.0
balanced_sampler,43,3,1,1,110,98,0,0,0.0,0.47115384615384615,0.0
balanced_sampler,43,3,1,2,108,100,0,0,0.0,0.4807692307692308,0.0
balanced_sampler,43,3,1,3,107,101,0,0,0.0,0.4855769230769231,0.0
balanced_sampler,43,3,1,4,99,109,0,0,0.0,0.5240384615384616,0.0
balanced_sampler,43,3,1,5,99,109,0,0,0.0,0.5240384615384616,0.0
balanced_sampler,43,3,1,6,107,101,0,0,0.0,0.4855769230769231,0.0
balanced_sampler,43,3,1,7,92,116,0,0,0.0,0.5576923076923077,0.0
balanced_sampler,43,3,1,8,115,93,0,0,0.0,0.44711538461538464,0.0
balanced_sampler,43,3,1,9,98,110,0,0,0.0,0.5288461538461539,0.0
balanced_sampler,43,3,1,10,108,100,0,0,0.0,0.4807692307692308,0.0
balanced_sampler,43,3,1,11,116,92,0,0,0.0,0.4423076923076923,0.0
balanced_sampler,43,3,1,12,97,111,0,0,0.0,0.5336538461538461,0.0
balanced_sampler,43,3,1,13,97,111,0,0,0.0,0.5336538461538461,0.0
balanced_sampler,43,3,1,14,115,93,0,0,0.0,0.44711538461538464,0.0
balanced_sampler,43,3,1,15,118,90,0,0,0.0,0.4326923076923077,0.0
balanced_sampler,43,3,1,16,105,103,0,0,0.0,0.4951923076923077,0.0
balanced_sampler,43,3,1,17,103,105,0,0,0.0,0.5048076923076923,0.0
balanced_sampler,43,3,1,18,97,111,0,0,0.0,0.5336538461538461,0.0
balanced_sampler,43,3,1,19,106,102,0,0,0.0,0.49038461538461536,0.0
balanced_sampler,43,3,1,20,102,106,0,0,0.0,0.5096153846153846,0.0
balanced_sampler,43,3,1,21,97,111,0,0,0.0,0.5336538461538461,0.0
balanced_sampler,43,3,1,22,109,99,0,0,0.0,0.47596153846153844,0.0
balanced_sampler,43,3,2,1,105,105,0,0,0.0,0.5,0.0
balanced_sampler,43,3,2,2,110,100,0,0,0.0,0.47619047619047616,0.0
balanced_sampler,43,3,2,3,99,111,0,0,0.0,0.5285714285714286,0.0
balanced_sampler,43,3,2,4,122,88,0,0,0.0,0.41904761904761906,0.0
balanced_sampler,43,3,2,5,107,103,0,0,0.0,0.49047619047619045,0.0
balanced_sampler,43,3,2,6,89,121,0,0,0.0,0.5761904761904761,0.0
balanced_sampler,43,3,2,7,113,97,0,0,0.0,0.46190476190476193,0.0
balanced_sampler,43,3,2,8,101,109,0,0,0.0,0.5190476190476191,0.0
balanced_sampler,43,3,2,9,100,110,0,0,0.0,0.5238095238095238,0.0
balanced_sampler,43,3,2,10,108,102,0,0,0.0,0.4857142857142857,0.0
balanced_sampler,43,3,2,11,102,108,0,0,0.0,0.5142857142857142,0.0
balanced_sampler,43,3,2,12,105,105,0,0,0.0,0.5,0.0
balanced_sampler,43,3,2,13,104,106,0,0,0.0,0.5047619047619047,0.0
balanced_sampler,43,3,2,14,99,111,0,0,0.0,0.5285714285714286,0.0
balanced_sampler,43,3,2,15,106,104,0,0,0.0,0.49523809523809526,0.0
balanced_sampler,43,3,2,16,117,93,0,0,0.0,0.44285714285714284,0.0
balanced_sampler,43,3,2,17,110,100,0,0,0.0,0.47619047619047616,0.0
balanced_sampler,43,3,2,18,108,102,0,0,0.0,0.4857142857142857,0.0
balanced_sampler,43,3,2,19,104,106,0,0,0.0,0.5047619047619047,0.0
balanced_sampler,43,3,2,20,99,111,0,0,0.0,0.5285714285714286,0.0
balanced_sampler,43,3,2,21,101,109,0,0,0.0,0.5190476190476191,0.0
balanced_sampler,43,3,2,22,107,103,0,0,0.0,0.49047619047619045,0.0
balanced_sampler,43,3,2,23,98,112,0,0,0.0,0.5333333333333333,0.0
balanced_sampler,43,3,2,24,104,106,0,0,0.0,0.5047619047619047,0.0
balanced_sampler,43,3,2,25,102,108,0,0,0.0,0.5142857142857142,0.0
balanced_sampler,43,3,2,26,95,115,0,0,0.0,0.5476190476190477,0.0
balanced_sampler,43,3,2,27,99,111,0,0,0.0,0.5285714285714286,0.0
balanced_sampler,43,3,2,28,107,103,0,0,0.0,0.49047619047619045,0.0
balanced_sampler,43,3,2,29,113,97,0,0,0.0,0.46190476190476193,0.0
balanced_sampler,43,3,2,30,110,100,0,0,0.0,0.47619047619047616,0.0
balanced_sampler,43,3,2,31,90,120,0,0,0.0,0.5714285714285714,0.0
balanced_sampler,43,3,2,32,104,106,0,0,0.0,0.5047619047619047,0.0
balanced_sampler,43,3,2,33,99,111,0,0,0.0,0.5285714285714286,0.0
balanced_sampler,43,3,2,34,108,102,0,0,0.0,0.4857142857142857,0.0
balanced_sampler,43,3,2,35,100,110,0,0,0.0,0.5238095238095238,0.0
balanced_sampler,43,3,2,36,105,105,0,0,0.0,0.5,0.0
balanced_sampler,43,4,0,1,99,109,0,0,0.0,0.5240384615384616,0.0
balanced_sampler,43,4,0,2,99,109,0,0,0.0,0.5240384615384616,0.0
balanced_sampler,43,4,0,3,112,96,0,0,0.0,0.46153846153846156,0.0
balanced_sampler,43,4,0,4,98,110,0,0,0.0,0.5288461538461539,0.0
balanced_sampler,43,4,0,5,89,119,0,0,0.0,0.5721153846153846,0.0
balanced_sampler,43,4,0,6,108,100,0,0,0.0,0.4807692307692308,0.0
balanced_sampler,43,4,0,7,107,101,0,0,0.0,0.4855769230769231,0.0
balanced_sampler,43,4,0,8,105,103,0,0,0.0,0.4951923076923077,0.0
balanced_sampler,43,4,0,9,97,111,0,0,0.0,0.5336538461538461,0.0
balanced_sampler,43,4,0,10,94,114,0,0,0.0,0.5480769230769231,0.0
balanced_sampler,43,4,0,11,111,97,0,0,0.0,0.46634615384615385,0.0
balanced_sampler,43,4,0,12,110,98,0,0,0.0,0.47115384615384615,0.0
balanced_sampler,43,4,0,13,105,103,0,0,0.0,0.4951923076923077,0.0
balanced_sampler,43,4,0,14,102,106,0,0,0.0,0.5096153846153846,0.0
balanced_sampler,43,4,0,15,105,103,0,0,0.0,0.4951923076923077,0.0
balanced_sampler,43,4,0,16,107,101,0,0,0.0,0.4855769230769231,0.0
balanced_sampler,43,4,0,17,105,103,0,0,0.0,0.4951923076923077,0.0
balanced_sampler,43,4,0,18,104,104,0,0,0.0,0.5,0.0
balanced_sampler,43,4,0,19,114,94,0,0,0.0,0.4519230769230769,0.0
balanced_sampler,43,4,0,20,100,108,0,0,0.0,0.5192307692307693,0.0
balanced_sampler,43,4,0,21,88,120,0,0,0.0,0.5769230769230769,0.0
balanced_sampler,43,4,0,22,117,91,0,0,0.0,0.4375,0.0
balanced_sampler,43,4,0,23,110,98,0,0,0.0,0.47115384615384615,0.0
balanced_sampler,43,4,1,1,101,107,0,0,0.0,0.5144230769230769,0.0
balanced_sampler,43,4,1,2,106,102,0,0,0.0,0.49038461538461536,0.0
balanced_sampler,43,4,1,3,98,110,0,0,0.0,0.5288461538461539,0.0
balanced_sampler,43,4,1,4,115,93,0,0,0.0,0.44711538461538464,0.0
balanced_sampler,43,4,1,5,105,103,0,0,0.0,0.4951923076923077,0.0
balanced_sampler,43,4,1,6,97,111,0,0,0.0,0.5336538461538461,0.0
balanced_sampler,43,4,1,7,106,102,0,0,0.0,0.49038461538461536,0.0
balanced_sampler,43,4,1,8,99,109,0,0,0.0,0.5240384615384616,0.0
balanced_sampler,43,4,1,9,101,107,0,0,0.0,0.5144230769230769,0.0
balanced_sampler,43,4,1,10,102,106,0,0,0.0,0.5096153846153846,0.0
balanced_sampler,43,4,1,11,104,104,0,0,0.0,0.5,0.0
balanced_sampler,43,4,1,12,102,106,0,0,0.0,0.5096153846153846,0.0
balanced_sampler,43,4,1,13,97,111,0,0,0.0,0.5336538461538461,0.0
balanced_sampler,43,4,1,14,110,98,0,0,0.0,0.47115384615384615,0.0
balanced_sampler,43,4,1,15,98,110,0,0,0.0,0.5288461538461539,0.0
balanced_sampler,43,4,1,16,102,106,0,0,0.0,0.5096153846153846,0.0
balanced_sampler,43,4,1,17,102,106,0,0,0.0,0.5096153846153846,0.0
balanced_sampler,43,4,1,18,99,109,0,0,0.0,0.5240384615384616,0.0
balanced_sampler,43,4,1,19,104,104,0,0,0.0,0.5,0.0
balanced_sampler,43,4,1,20,96,112,0,0,0.0,0.5384615384615384,0.0
balanced_sampler,43,4,1,21,87,121,0,0,0.0,0.5817307692307693,0.0
balanced_sampler,43,4,1,22,99,109,0,0,0.0,0.5240384615384616,0.0
balanced_sampler,43,4,1,23,91,117,0,0,0.0,0.5625,0.0
balanced_sampler,43,4,2,1,103,107,0,0,0.0,0.5095238095238095,0.0
balanced_sampler,43,4,2,2,112,98,0,0,0.0,0.4666666666666667,0.0
balanced_sampler,43,4,2,3,103,107,0,0,0.0,0.5095238095238095,0.0
balanced_sampler,43,4,2,4,104,106,0,0,0.0,0.5047619047619047,0.0
balanced_sampler,43,4,2,5,101,109,0,0,0.0,0.5190476190476191,0.0
balanced_sampler,43,4,2,6,99,111,0,0,0.0,0.5285714285714286,0.0
balanced_sampler,43,4,2,7,96,114,0,0,0.0,0.5428571428571428,0.0
balanced_sampler,43,4,2,8,108,102,0,0,0.0,0.4857142857142857,0.0
balanced_sampler,43,4,2,9,108,102,0,0,0.0,0.4857142857142857,0.0
balanced_sampler,43,4,2,10,116,94,0,0,0.0,0.44761904761904764,0.0
balanced_sampler,43,4,2,11,102,108,0,0,0.0,0.5142857142857142,0.0
balanced_sampler,43,4,2,12,108,102,0,0,0.0,0.4857142857142857,0.0
balanced_sampler,43,4,2,13,104,106,0,0,0.0,0.5047619047619047,0.0
balanced_sampler,43,4,2,14,97,113,0,0,0.0,0.5380952380952381,0.0
balanced_sampler,43,4,2,15,96,114,0,0,0.0,0.5428571428571428,0.0
balanced_sampler,43,4,2,16,131,79,0,0,0.0,0.3761904761904762,0.0
balanced_sampler,43,4,2,17,104,106,0,0,0.0,0.5047619047619047,0.0
balanced_sampler,43,4,2,18,108,102,0,0,0.0,0.4857142857142857,0.0
balanced_sampler,43,4,2,19,96,114,0,0,0.0,0.5428571428571428,0.0
balanced_sampler,43,4,2,20,110,100,0,0,0.0,0.47619047619047616,0.0
balanced_sampler,43,4,2,21,110,100,0,0,0.0,0.47619047619047616,0.0
balanced_sampler,44,0,0,1,107,98,0,0,0.0,0.47804878048780486,0.0
balanced_sampler,44,0,0,2,116,89,0,0,0.0,0.43414634146341463,0.0
balanced_sampler,44,0,0,3,108,97,0,0,0.0,0.47317073170731705,0.0
balanced_sampler,44,0,0,4,100,105,0,0,0.0,0.5121951219512195,0.0
balanced_sampler,44,0,0,5,97,108,0,0,0.0,0.526829268292683,0.0
balanced_sampler,44,0,0,6,103,102,0,0,0.0,0.4975609756097561,0.0
balanced_sampler,44,0,0,7,102,103,0,0,0.0,0.5024390243902439,0.0
balanced_sampler,44,0,0,8,98,107,0,0,0.0,0.5219512195121951,0.0
balanced_sampler,44,0,0,9,118,87,0,0,0.0,0.424390243902439,0.0
balanced_sampler,44,0,0,10,106,99,0,0,0.0,0.48292682926829267,0.0
balanced_sampler,44,0,0,11,93,112,0,0,0.0,0.5463414634146342,0.0
balanced_sampler,44,0,0,12,104,101,0,0,0.0,0.4926829268292683,0.0
balanced_sampler,44,0,0,13,103,102,0,0,0.0,0.4975609756097561,0.0
balanced_sampler,44,0,0,14,93,112,0,0,0.0,0.5463414634146342,0.0
balanced_sampler,44,0,0,15,105,100,0,0,0.0,0.4878048780487805,0.0
balanced_sampler,44,0,0,16,89,116,0,0,0.0,0.5658536585365853,0.0
balanced_sampler,44,0,0,17,107,98,0,0,0.0,0.47804878048780486,0.0
balanced_sampler,44,0,0,18,97,108,0,0,0.0,0.526829268292683,0.0
balanced_sampler,44,0,0,19,110,95,0,0,0.0,0.4634146341463415,0.0
balanced_sampler,44,0,0,20,101,104,0,0,0.0,0.5073170731707317,0.0
balanced_sampler,44,0,0,21,100,105,0,0,0.0,0.5121951219512195,0.0
balanced_sampler,44,0,0,22,101,104,0,0,0.0,0.5073170731707317,0.0
balanced_sampler,44,0,0,23,117,88,0,0,0.0,0.4292682926829268,0.0
balanced_sampler,44,0,1,1,105,102,0,0,0.0,0.4927536231884058,0.0
balanced_sampler,44,0,1,2,98,109,0,0,0.0,0.5265700483091788,0.0
balanced_sampler,44,0,1,3,115,92,0,0,0.0,0.4444444444444444,0.0
balanced_sampler,44,0,1,4,101,106,0,0,0.0,0.5120772946859904,0.0
balanced_sampler,44,0,1,5,115,92,0,0,0.0,0.4444444444444444,0.0
balanced_sampler,44,0,1,6,110,97,0,0,0.0,0.46859903381642515,0.0
balanced_sampler,44,0,1,7,93,114,0,0,0.0,0.5507246376811594,0.0
balanced_sampler,44,0,1,8,92,115,0,0,0.0,0.5555555555555556,0.0
balanced_sampler,44,0,1,9,115,92,0,0,0.0,0.4444444444444444,0.0
balanced_sampler,44,0,1,10,108,99,0,0,0.0,0.4782608695652174,0.0
balanced_sampler,44,0,1,11,91,116,0,0,0.0,0.5603864734299517,0.0
balanced_sampler,44,0,1,12,102,105,0,0,0.0,0.5072463768115942,0.0
balanced_sampler,44,0,1,13,102,105,0,0,0.0,0.5072463768115942,0.0
balanced_sampler,44,0,1,14,112,95,0,0,0.0,0.45893719806763283,0.0
balanced_sampler,44,0,1,15,111,96,0,0,0.0,0.463768115942029,0.0
balanced_sampler,44,0,1,16,100,107,0,0,0.0,0.5169082125603864,0.0
balanced_sampler,44,0,1,17,112,95,0,0,0.0,0.45893719806763283,0.0
balanced_sampler,44,0,1,18,105,102,0,0,0.0,0.4927536231884058,0.0
balanced_sampler,44,0,1,19,99,108,0,0,0.0,0.5217391304347826,0.0
balanced_sampler,44,0,1,20,91,116,0,0,0.0,0.5603864734299517,0.0
balanced_sampler,44,0,1,21,102,105,0,0,0.0,0.5072463768115942,0.0
balanced_sampler,44,0,1,22,115,92,0,0,0.0,0.4444444444444444,0.0
balanced_sampler,44,0,2,1,118,90,0,0,0.0,0.4326923076923077,0.0
balanced_sampler,44,0,2,2,115,93,0,0,0.0,0.44711538461538464,0.0
balanced_sampler,44,0,2,3,108,100,0,0,0.0,0.4807692307692308,0.0
balanced_sampler,44,0,2,4,110,98,0,0,0.0,0.47115384615384615,0.0
balanced_sampler,44,0,2,5,113,95,0,0,0.0,0.4567307692307692,0.0
balanced_sampler,44,0,2,6,101,107,0,0,0.0,0.5144230769230769,0.0
balanced_sampler,44,0,2,7,106,102,0,0,0.0,0.49038461538461536,0.0
balanced_sampler,44,0,2,8,101,107,0,0,0.0,0.5144230769230769,0.0
balanced_sampler,44,0,2,9,98,110,0,0,0.0,0.5288461538461539,0.0
balanced_sampler,44,0,2,10,108,100,0,0,0.0,0.4807692307692308,0.0
balanced_sampler,44,0,2,11,104,104,0,0,0.0,0.5,0.0
balanced_sampler,44,0,2,12,108,100,0,0,0.0,0.4807692307692308,0.0
balanced_sampler,44,0,2,13,110,98,0,0,0.0,0.47115384615384615,0.0
balanced_sampler,44,0,2,14,90,118,0,0,0.0,0.5673076923076923,0.0
balanced_sampler,44,0,2,15,104,104,0,0,0.0,0.5,0.0
balanced_sampler,44,0,2,16,102,106,0,0,0.0,0.5096153846153846,0.0
balanced_sampler,44,0,2,17,106,102,0,0,0.0,0.49038461538461536,0.0
balanced_sampler,44,0,2,18,107,101,0,0,0.0,0.4855769230769231,0.0
balanced_sampler,44,0,2,19,103,105,0,0,0.0,0.5048076923076923,0.0
balanced_sampler,44,0,2,20,109,99,0,0,0.0,0.47596153846153844,0.0
balanced_sampler,44,0,2,21,112,96,0,0,0.0,0.46153846153846156,0.0
balanced_sampler,44,0,2,22,106,102,0,0,0.0,0.49038461538461536,0.0
balanced_sampler,44,0,2,23,102,106,0,0,0.0,0.5096153846153846,0.0
balanced_sampler,44,0,2,24,118,90,0,0,0.0,0.4326923076923077,0.0
balanced_sampler,44,0,2,25,100,108,0,0,0.0,0.5192307692307693,0.0
balanced_sampler,44,0,2,26,102,106,0,0,0.0,0.5096153846153846,0.0
balanced_sampler,44,0,2,27,102,106,0,0,0.0,0.5096153846153846,0.0
balanced_sampler,44,0,2,28,101,107,0,0,0.0,0.5144230769230769,0.0
balanced_sampler,44,0,2,29,96,112,0,0,0.0,0.5384615384615384,0.0
balanced_sampler,44,1,0,1,99,108,0,0,0.0,0.5217391304347826,0.0
balanced_sampler,44,1,0,2,93,114,0,0,0.0,0.5507246376811594,0.0
balanced_sampler,44,1,0,3,105,102,0,0,0.0,0.4927536231884058,0.0
balanced_sampler,44,1,0,4,96,111,0,0,0.0,0.5362318840579711,0.0
balanced_sampler,44,1,0,5,105,102,0,0,0.0,0.4927536231884058,0.0
balanced_sampler,44,1,0,6,112,95,0,0,0.0,0.45893719806763283,0.0
balanced_sampler,44,1,0,7,99,108,0,0,0.0,0.5217391304347826,0.0
balanced_sampler,44,1,0,8,94,113,0,0,0.0,0.5458937198067633,0.0
balanced_sampler,44,1,0,9,105,102,0,0,0.0,0.4927536231884058,0.0
balanced_sampler,44,1,0,10,102,105,0,0,0.0,0.5072463768115942,0.0
balanced_sampler,44,1,0,11,104,103,0,0,0.0,0.4975845410628019,0.0
balanced_sampler,44,1,0,12,108,99,0,0,0.0,0.4782608695652174,0.0
balanced_sampler,44,1,0,13,115,92,0,0,0.0,0.4444444444444444,0.0
balanced_sampler,44,1,0,14,103,104,0,0,0.0,0.5024154589371981,0.0
balanced_sampler,44,1,0,15,104,103,0,0,0.0,0.4975845410628019,0.0
balanced_sampler,44,1,0,16,107,100,0,0,0.0,0.4830917874396135,0.0
balanced_sampler,44,1,0,17,91,116,0,0,0.0,0.5603864734299517,0.0
balanced_sampler,44,1,0,18,114,93,0,0,0.0,0.4492753623188406,0.0
balanced_sampler,44,1,0,19,102,105,0,0,0.0,0.5072463768115942,0.0
balanced_sampler,44,1,0,20,94,113,0,0,0.0,0.5458937198067633,0.0
balanced_sampler,44,1,0,21,104,103,0,0,0.0,0.4975845410628019,0.0
balanced_sampler,44,1,0,22,93,114,0,0,0.0,0.5507246376811594,0.0
balanced_sampler,44,1,0,23,109,98,0,0,0.0,0.47342995169082125,0.0
balanced_sampler,44,1,0,24,101,106,0,0,0.0,0.5120772946859904,0.0
balanced_sampler,44,1,0,25,119,88,0,0,0.0,0.4251207729468599,0.0
balanced_sampler,44,1,0,26,104,103,0,0,0.0,0.4975845410628019,0.0
balanced_sampler,44,1,0,27,108,99,0,0,0.0,0.4782608695652174,0.0
balanced_sampler,44,1,0,28,96,111,0,0,0.0,0.5362318840579711,0.0
balanced_sampler,44,1,0,29,121,86,0,0,0.0,0.41545893719806765,0.0
balanced_sampler,44,1,0,30,107,100,0,0,0.0,0.4830917874396135,0.0
balanced_sampler,44,1,0,31,107,100,0,0,0.0,0.4830917874396135,0.0
balanced_sampler,44,1,0,32,102,105,0,0,0.0,0.5072463768115942,0.0
balanced_sampler,44,1,1,1,101,107,0,0,0.0,0.5144230769230769,0.0
balanced_sampler,44,1,1,2,111,97,0,0,0.0,0.46634615384615385,0.0
balanced_sampler,44,1,1,3,91,117,0,0,0.0,0.5625,0.0
balanced_sampler,44,1,1,4,116,92,0,0,0.0,0.4423076923076923,0.0
balanced_sampler,44,1,1,5,101,107,0,0,0.0,0.5144230769230769,0.0
balanced_sampler,44,1,1,6,113,95,0,0,0.0,0.4567307692307692,0.0
balanced_sampler,44,1,1,7,105,103,0,0,0.0,0.4951923076923077,0.0
balanced_sampler,44,1,1,8,112,96,0,0,0.0,0.46153846153846156,0.0
balanced_sampler,44,1,1,9,113,95,0,0,0.0,0.4567307692307692,0.0
balanced_sampler,44,1,1,10,115,93,0,0,0.0,0.44711538461538464,0.0
balanced_sampler,44,1,1,11,95,113,0,0,0.0,0.5432692307692307,0.0
balanced_sampler,44,1,1,12,96,112,0,0,0.0,0.5384615384615384,0.0
balanced_sampler,44,1,1,13,107,101,0,0,0.0,0.4855769230769231,0.0
balanced_sampler,44,1,1,14,95,113,0,0,0.0,0.5432692307692307,0.0
balanced_sampler,44,1,1,15,97,111,0,0,0.0,0.5336538461538461,0.0
balanced_sampler,44,1,1,16,103,105,0,0,0.0,0.5048076923076923,0.0
balanced_sampler,44,1,1,17,112,96,0,0,0.0,0.46153846153846156,0.0
balanced_sampler,44,1,1,18,99,109,0,0,0.0,0.5240384615384616,0.0
balanced_sampler,44,1,1,19,93,115,0,0,0.0,0.5528846153846154,0.0
balanced_sampler,44,1,1,20,90,118,0,0,0.0,0.5673076923076923,0.0
balanced_sampler,44,1,1,21,104,104,0,0,0.0,0.5,0.0
balanced_sampler,44,1,1,22,103,105,0,0,0.0,0.5048076923076923,0.0
balanced_sampler,44,1,1,23,115,93,0,0,0.0,0.44711538461538464,0.0
balanced_sampler,44,1,2,1,113,96,0,0,0.0,0.45933014354066987,0.0
balanced_sampler,44,1,2,2,105,104,0,0,0.0,0.49760765550239233,0.0
balanced_sampler,44,1,2,3,108,101,0,0,0.0,0.48325358851674644,0.0
balanced_sampler,44,1,2,4,109,100,0,0,0.0,0.4784688995215311,0.0
balanced_sampler,44,1,2,5,106,103,0,0,0.0,0.49282296650717705,0.0
balanced_sampler,44,1,2,6,107,102,0,0,0.0,0.4880382775119617,0.0
balanced_sampler,44,1,2,7,101,108,0,0,0.0,0.5167464114832536,0.0
balanced_sampler,44,1,2,8,106,103,0,0,0.0,0.49282296650717705,0.0
balanced_sampler,44,1,2,9,103,106,0,0,0.0,0.507177033492823,0.0
balanced_sampler,44,1,2,10,91,118,0,0,0.0,0.5645933014354066,0.0
balanced_sampler,44,1,2,11,95,114,0,0,0.0,0.5454545454545454,0.0
balanced_sampler,44,1,2,12,104,105,0,0,0.0,0.5023923444976076,0.0
balanced_sampler,44,1,2,13,97,112,0,0,0.0,0.5358851674641149,0.0
balanced_sampler,44,1,2,14,108,101,0,0,0.0,0.48325358851674644,0.0
balanced_sampler,44,1,2,15,108,101,0,0,0.0,0.48325358851674644,0.0
balanced_sampler,44,1,2,16,104,105,0,0,0.0,0.5023923444976076,0.0
balanced_sampler,44,1,2,17,104,105,0,0,0.0,0.5023923444976076,0.0
balanced_sampler,44,1,2,18,112,97,0,0,0.0,0.46411483253588515,0.0
balanced_sampler,44,1,2,19,91,118,0,0,0.0,0.5645933014354066,0.0
balanced_sampler,44,1,2,20,94,115,0,0,0.0,0.5502392344497608,0.0
balanced_sampler,44,1,2,21,100,109,0,0,0.0,0.5215311004784688,0.0
balanced_sampler,44,1,2,22,92,117,0,0,0.0,0.5598086124401914,0.0
balanced_sampler,44,1,2,23,107,102,0,0,0.0,0.4880382775119617,0.0
balanced_sampler,44,1,2,24,113,96,0,0,0.0,0.45933014354066987,0.0
balanced_sampler,44,1,2,25,110,99,0,0,0.0,0.47368421052631576,0.0
balanced_sampler,44,2,0,1,109,98,0,0,0.0,0.47342995169082125,0.0
balanced_sampler,44,2,0,2,98,109,0,0,0.0,0.5265700483091788,0.0
balanced_sampler,44,2,0,3,112,95,0,0,0.0,0.45893719806763283,0.0
balanced_sampler,44,2,0,4,107,100,0,0,0.0,0.4830917874396135,0.0
balanced_sampler,44,2,0,5,107,100,0,0,0.0,0.4830917874396135,0.0
balanced_sampler,44,2,0,6,97,110,0,0,0.0,0.5314009661835749,0.0
balanced_sampler,44,2,0,7,100,107,0,0,0.0,0.5169082125603864,0.0
balanced_sampler,44,2,0,8,87,120,0,0,0.0,0.5797101449275363,0.0
balanced_sampler,44,2,0,9,93,114,0,0,0.0,0.5507246376811594,0.0
balanced_sampler,44,2,0,10,99,108,0,0,0.0,0.5217391304347826,0.0
balanced_sampler,44,2,0,11,94,113,0,0,0.0,0.5458937198067633,0.0
balanced_sampler,44,2,0,12,123,84,0,0,0.0,0.4057971014492754,0.0
balanced_sampler,44,2,0,13,110,97,0,0,0.0,0.46859903381642515,0.0
balanced_sampler,44,2,0,14,104,103,0,0,0.0,0.4975845410628019,0.0
balanced_sampler,44,2,0,15,108,99,0,0,0.0,0.4782608695652174,0.0
balanced_sampler,44,2,0,16,110,97,0,0,0.0,0.46859903381642515,0.0
balanced_sampler,44,2,0,17,112,95,0,0,0.0,0.45893719806763283,0.0
balanced_sampler,44,2,0,18,107,100,0,0,0.0,0.4830917874396135,0.0
balanced_sampler,44,2,0,19,116,91,0,0,0.0,0.4396135265700483,0.0
balanced_sampler,44,2,0,20,93,114,0,0,0.0,0.5507246376811594,0.0
balanced_sampler,44,2,0,21,104,103,0,0,0.0,0.4975845410628019,0.0
balanced_sampler,44,2,0,22,110,97,0,0,0.0,0.46859903381642515,0.0
balanced_sampler,44,2,0,23,106,101,0,0,0.0,0.48792270531400966,0.0
balanced_sampler,44,2,0,24,118,89,0,0,0.0,0.42995169082125606,0.0
balanced_sampler,44,2,0,25,111,96,0,0,0.0,0.463768115942029,0.0
balanced_sampler,44,2,1,1,101,107,0,0,0.0,0.5144230769230769,0.0
balanced_sampler,44,2,1,2,99,109,0,0,0.0,0.5240384615384616,0.0
balanced_sampler,44,2,1,3,103,105,0,0,0.0,0.5048076923076923,0.0
balanced_sampler,44,2,1,4,100,108,0,0,0.0,0.5192307692307693,0.0
balanced_sampler,44,2,1,5,111,97,0,0,0.0,0.46634615384615385,0.0
balanced_sampler,44,2,1,6,104,104,0,0,0.0,0.5,0.0
balanced_sampler,44,2,1,7,109,99,0,0,0.0,0.47596153846153844,0.0
balanced_sampler,44,2,1,8,103,105,0,0,0.0,0.5048076923076923,0.0
balanced_sampler,44,2,1,9,110,98,0,0,0.0,0.47115384615384615,0.0
balanced_sampler,44,2,1,10,105,103,0,0,0.0,0.4951923076923077,0.0
balanced_sampler,44,2,1,11,97,111,0,0,0.0,0.5336538461538461,0.0
balanced_sampler,44,2,1,12,113,95,0,0,0.0,0.4567307692307692,0.0
balanced_sampler,44,2,1,13,97,111,0,0,0.0,0.5336538461538461,0.0
balanced_sampler,44,2,1,14,105,103,0,0,0.0,0.4951923076923077,0.0
balanced_sampler,44,2,1,15,98,110,0,0,0.0,0.5288461538461539,0.0
balanced_sampler,44,2,1,16,110,98,0,0,0.0,0.47115384615384615,0.0
balanced_sampler,44,2,1,17,106,102,0,0,0.0,0.49038461538461536,0.0
balanced_sampler,44,2,1,18,106,102,0,0,0.0,0.49038461538461536,0.0
balanced_sampler,44,2,1,19,105,103,0,0,0.0,0.4951923076923077,0.0
balanced_sampler,44,2,1,20,105,103,0,0,0.0,0.4951923076923077,0.0
balanced_sampler,44,2,2,1,100,109,0,0,0.0,0.5215311004784688,0.0
balanced_sampler,44,2,2,2,99,110,0,0,0.0,0.5263157894736842,0.0
balanced_sampler,44,2,2,3,97,112,0,0,0.0,0.5358851674641149,0.0
balanced_sampler,44,2,2,4,116,93,0,0,0.0,0.4449760765550239,0.0
balanced_sampler,44,2,2,5,108,101,0,0,0.0,0.48325358851674644,0.0
balanced_sampler,44,2,2,6,92,117,0,0,0.0,0.5598086124401914,0.0
balanced_sampler,44,2,2,7,92,117,0,0,0.0,0.5598086124401914,0.0
balanced_sampler,44,2,2,8,100,109,0,0,0.0,0.5215311004784688,0.0
balanced_sampler,44,2,2,9,103,106,0,0,0.0,0.507177033492823,0.0
balanced_sampler,44,2,2,10,102,107,0,0,0.0,0.5119617224880383,0.0
balanced_sampler,44,2,2,11,103,106,0,0,0.0,0.507177033492823,0.0
balanced_sampler,44,2,2,12,109,100,0,0,0.0,0.4784688995215311,0.0
balanced_sampler,44,2,2,13,113,96,0,0,0.0,0.45933014354066987,0.0
balanced_sampler,44,2,2,14,105,104,0,0,0.0,0.49760765550239233,0.0
balanced_sampler,44,2,2,15,107,102,0,0,0.0,0.4880382775119617,0.0
balanced_sampler,44,2,2,16,99,110,0,0,0.0,0.5263157894736842,0.0
balanced_sampler,44,2,2,17,99,110,0,0,0.0,0.5263157894736842,0.0
balanced_sampler,44,2,2,18,91,118,0,0,0.0,0.5645933014354066,0.0
balanced_sampler,44,2,2,19,111,98,0,0,0.0,0.4688995215311005,0.0
balanced_sampler,44,2,2,20,101,108,0,0,0.0,0.5167464114832536,0.0
balanced_sampler,44,2,2,21,101,108,0,0,0.0,0.5167464114832536,0.0
balanced_sampler,44,2,2,22,104,105,0,0,0.0,0.5023923444976076,0.0
balanced_sampler,44,2,2,23,108,101,0,0,0.0,0.48325358851674644,0.0
balanced_sampler,44,2,2,24,114,95,0,0,0.0,0.45454545454545453,0.0
balanced_sampler,44,2,2,25,102,107,0,0,0.0,0.5119617224880383,0.0
balanced_sampler,44,2,2,26,104,105,0,0,0.0,0.5023923444976076,0.0
balanced_sampler,44,2,2,27,105,104,0,0,0.0,0.49760765550239233,0.0
balanced_sampler,44,2,2,28,101,108,0,0,0.0,0.5167464114832536,0.0
balanced_sampler,44,2,2,29,95,114,0,0,0.0,0.5454545454545454,0.0
balanced_sampler,44,2,2,30,104,105,0,0,0.0,0.5023923444976076,0.0
balanced_sampler,44,2,2,31,100,109,0,0,0.0,0.5215311004784688,0.0
balanced_sampler,44,2,2,32,108,101,0,0,0.0,0.48325358851674644,0.0
balanced_sampler,44,2,2,33,109,100,0,0,0.0,0.4784688995215311,0.0
balanced_sampler,44,2,2,34,103,106,0,0,0.0,0.507177033492823,0.0
balanced_sampler,44,2,2,35,103,106,0,0,0.0,0.507177033492823,0.0
balanced_sampler,44,2,2,36,105,104,0,0,0.0,0.49760765550239233,0.0
balanced_sampler,44,2,2,37,104,105,0,0,0.0,0.5023923444976076,0.0
balanced_sampler,44,2,2,38,96,113,0,0,0.0,0.5406698564593302,0.0
balanced_sampler,44,3,0,1,114,94,0,0,0.0,0.4519230769230769,0.0
balanced_sampler,44,3,0,2,102,106,0,0,0.0,0.5096153846153846,0.0
balanced_sampler,44,3,0,3,105,103,0,0,0.0,0.4951923076923077,0.0
balanced_sampler,44,3,0,4,112,96,0,0,0.0,0.46153846153846156,0.0
balanced_sampler,44,3,0,5,111,97,0,0,0.0,0.46634615384615385,0.0
balanced_sampler,44,3,0,6,101,107,0,0,0.0,0.5144230769230769,0.0
balanced_sampler,44,3,0,7,89,119,0,0,0.0,0.5721153846153846,0.0
balanced_sampler,44,3,0,8,99,109,0,0,0.0,0.5240384615384616,0.0
balanced_sampler,44,3,0,9,116,92,0,0,0.0,0.4423076923076923,0.0
balanced_sampler,44,3,0,10,97,111,0,0,0.0,0.5336538461538461,0.0
balanced_sampler,44,3,0,11,106,102,0,0,0.0,0.49038461538461536,0.0
balanced_sampler,44,3,0,12,96,112,0,0,0.0,0.5384615384615384,0.0
balanced_sampler,44,3,0,13,115,93,0,0,0.0,0.44711538461538464,0.0
balanced_sampler,44,3,0,14,107,101,0,0,0.0,0.4855769230769231,0.0
balanced_sampler,44,3,0,15,105,103,0,0,0.0,0.4951923076923077,0.0
balanced_sampler,44,3,0,16,100,108,0,0,0.0,0.5192307692307693,0.0
balanced_sampler,44,3,0,17,103,105,0,0,0.0,0.5048076923076923,0.0
balanced_sampler,44,3,0,18,108,100,0,0,0.0,0.4807692307692308,0.0
balanced_sampler,44,3,0,19,104,104,0,0,0.0,0.5,0.0
balanced_sampler,44,3,0,20,112,96,0,0,0.0,0.46153846153846156,0.0
balanced_sampler,44,3,0,21,102,106,0,0,0.0,0.5096153846153846,0.0
balanced_sampler,44,3,1,1,107,101,0,0,0.0,0.4855769230769231,0.0
balanced_sampler,44,3,1,2,109,99,0,0,0.0,0.47596153846153844,0.0
balanced_sampler,44,3,1,3,103,105,0,0,0.0,0.5048076923076923,0.0
balanced_sampler,44,3,1,4,95,113,0,0,0.0,0.5432692307692307,0.0
balanced_sampler,44,3,1,5,113,95,0,0,0.0,0.4567307692307692,0.0
balanced_sampler,44,3,1,6,101,107,0,0,0.0,0.5144230769230769,0.0
balanced_sampler,44,3,1,7,106,102,0,0,0.0,0.49038461538461536,0.0
balanced_sampler,44,3,1,8,108,100,0,0,0.0,0.4807692307692308,0.0
balanced_sampler,44,3,1,9,101,107,0,0,0.0,0.5144230769230769,0.0
balanced_sampler,44,3,1,10,109,99,0,0,0.0,0.47596153846153844,0.0
balanced_sampler,44,3,1,11,94,114,0,0,0.0,0.5480769230769231,0.0
balanced_sampler,44,3,1,12,112,96,0,0,0.0,0.46153846153846156,0.0
balanced_sampler,44,3,1,13,98,110,0,0,0.0,0.5288461538461539,0.0
balanced_sampler,44,3,1,14,90,118,0,0,0.0,0.5673076923076923,0.0
balanced_sampler,44,3,1,15,89,119,0,0,0.0,0.5721153846153846,0.0
balanced_sampler,44,3,1,16,122,86,0,0,0.0,0.41346153846153844,0.0
balanced_sampler,44,3,1,17,102,106,0,0,0.0,0.5096153846153846,0.0
balanced_sampler,44,3,1,18,110,98,0,0,0.0,0.47115384615384615,0.0
balanced_sampler,44,3,1,19,101,107,0,0,0.0,0.5144230769230769,0.0
balanced_sampler,44,3,1,20,87,121,0,0,0.0,0.5817307692307693,0.0
balanced_sampler,44,3,2,1,98,112,0,0,0.0,0.5333333333333333,0.0
balanced_sampler,44,3,2,2,101,109,0,0,0.0,0.5190476190476191,0.0
balanced_sampler,44,3,2,3,107,103,0,0,0.0,0.49047619047619045,0.0
balanced_sampler,44,3,2,4,103,107,0,0,0.0,0.5095238095238095,0.0
balanced_sampler,44,3,2,5,102,108,0,0,0.0,0.5142857142857142,0.0
balanced_sampler,44,3,2,6,109,101,0,0,0.0,0.48095238095238096,0.0
balanced_sampler,44,3,2,7,109,101,0,0,0.0,0.48095238095238096,0.0
balanced_sampler,44,3,2,8,101,109,0,0,0.0,0.5190476190476191,0.0
balanced_sampler,44,3,2,9,104,106,0,0,0.0,0.5047619047619047,0.0
balanced_sampler,44,3,2,10,109,101,0,0,0.0,0.48095238095238096,0.0
balanced_sampler,44,3,2,11,96,114,0,0,0.0,0.5428571428571428,0.0
balanced_sampler,44,3,2,12,117,93,0,0,0.0,0.44285714285714284,0.0
balanced_sampler,44,3,2,13,104,106,0,0,0.0,0.5047619047619047,0.0
balanced_sampler,44,3,2,14,105,105,0,0,0.0,0.5,0.0
balanced_sampler,44,3,2,15,95,115,0,0,0.0,0.5476190476190477,0.0
balanced_sampler,44,3,2,16,112,98,0,0,0.0,0.4666666666666667,0.0
balanced_sampler,44,3,2,17,111,99,0,0,0.0,0.4714285714285714,0.0
balanced_sampler,44,3,2,18,111,99,0,0,0.0,0.4714285714285714,0.0
balanced_sampler,44,3,2,19,108,102,0,0,0.0,0.4857142857142857,0.0
balanced_sampler,44,3,2,20,112,98,0,0,0.0,0.4666666666666667,0.0
balanced_sampler,44,3,2,21,112,98,0,0,0.0,0.4666666666666667,0.0
balanced_sampler,44,3,2,22,98,112,0,0,0.0,0.5333333333333333,0.0
balanced_sampler,44,3,2,23,99,111,0,0,0.0,0.5285714285714286,0.0
balanced_sampler,44,3,2,24,118,92,0,0,0.0,0.4380952380952381,0.0
balanced_sampler,44,4,0,1,101,107,0,0,0.0,0.5144230769230769,0.0
balanced_sampler,44,4,0,2,107,101,0,0,0.0,0.4855769230769231,0.0
balanced_sampler,44,4,0,3,111,97,0,0,0.0,0.46634615384615385,0.0
balanced_sampler,44,4,0,4,97,111,0,0,0.0,0.5336538461538461,0.0
balanced_sampler,44,4,0,5,110,98,0,0,0.0,0.47115384615384615,0.0
balanced_sampler,44,4,0,6,112,96,0,0,0.0,0.46153846153846156,0.0
balanced_sampler,44,4,0,7,125,83,0,0,0.0,0.39903846153846156,0.0
balanced_sampler,44,4,0,8,104,104,0,0,0.0,0.5,0.0
balanced_sampler,44,4,0,9,112,96,0,0,0.0,0.46153846153846156,0.0
balanced_sampler,44,4,0,10,91,117,0,0,0.0,0.5625,0.0
balanced_sampler,44,4,0,11,120,88,0,0,0.0,0.4230769230769231,0.0
balanced_sampler,44,4,0,12,102,106,0,0,0.0,0.5096153846153846,0.0
balanced_sampler,44,4,0,13,116,92,0,0,0.0,0.4423076923076923,0.0
balanced_sampler,44,4,0,14,105,103,0,0,0.0,0.4951923076923077,0.0
balanced_sampler,44,4,0,15,90,118,0,0,0.0,0.5673076923076923,0.0
balanced_sampler,44,4,0,16,114,94,0,0,0.0,0.4519230769230769,0.0
balanced_sampler,44,4,0,17,98,110,0,0,0.0,0.5288461538461539,0.0
balanced_sampler,44,4,0,18,103,105,0,0,0.0,0.5048076923076923,0.0
balanced_sampler,44,4,0,19,91,117,0,0,0.0,0.5625,0.0
balanced_sampler,44,4,0,20,100,108,0,0,0.0,0.5192307692307693,0.0
balanced_sampler,44,4,0,21,101,107,0,0,0.0,0.5144230769230769,0.0
balanced_sampler,44,4,0,22,96,112,0,0,0.0,0.5384615384615384,0.0
balanced_sampler,44,4,0,23,111,97,0,0,0.0,0.46634615384615385,0.0
balanced_sampler,44,4,0,24,100,108,0,0,0.0,0.5192307692307693,0.0
balanced_sampler,44,4,0,25,92,116,0,0,0.0,0.5576923076923077,0.0
balanced_sampler,44,4,0,26,97,111,0,0,0.0,0.5336538461538461,0.0
balanced_sampler,44,4,0,27,88,120,0,0,0.0,0.5769230769230769,0.0
balanced_sampler,44,4,0,28,101,107,0,0,0.0,0.5144230769230769,0.0
balanced_sampler,44,4,0,29,94,114,0,0,0.0,0.5480769230769231,0.0
balanced_sampler,44,4,1,1,100,108,0,0,0.0,0.5192307692307693,0.0
balanced_sampler,44,4,1,2,103,105,0,0,0.0,0.5048076923076923,0.0
balanced_sampler,44,4,1,3,102,106,0,0,0.0,0.5096153846153846,0.0
balanced_sampler,44,4,1,4,106,102,0,0,0.0,0.49038461538461536,0.0
balanced_sampler,44,4,1,5,104,104,0,0,0.0,0.5,0.0
balanced_sampler,44,4,1,6,102,106,0,0,0.0,0.5096153846153846,0.0
balanced_sampler,44,4,1,7,99,109,0,0,0.0,0.5240384615384616,0.0
balanced_sampler,44,4,1,8,96,112,0,0,0.0,0.5384615384615384,0.0
balanced_sampler,44,4,1,9,98,110,0,0,0.0,0.5288461538461539,0.0
balanced_sampler,44,4,1,10,109,99,0,0,0.0,0.47596153846153844,0.0
balanced_sampler,44,4,1,11,103,105,0,0,0.0,0.5048076923076923,0.0
balanced_sampler,44,4,1,12,110,98,0,0,0.0,0.47115384615384615,0.0
balanced_sampler,44,4,1,13,98,110,0,0,0.0,0.5288461538461539,0.0
balanced_sampler,44,4,1,14,113,95,0,0,0.0,0.4567307692307692,0.0
balanced_sampler,44,4,1,15,94,114,0,0,0.0,0.5480769230769231,0.0
balanced_sampler,44,4,1,16,108,100,0,0,0.0,0.4807692307692308,0.0
balanced_sampler,44,4,1,17,111,97,0,0,0.0,0.46634615384615385,0.0
balanced_sampler,44,4,1,18,101,107,0,0,0.0,0.5144230769230769,0.0
balanced_sampler,44,4,1,19,96,112,0,0,0.0,0.5384615384615384,0.0
balanced_sampler,44,4,1,20,100,108,0,0,0.0,0.5192307692307693,0.0
balanced_sampler,44,4,1,21,103,105,0,0,0.0,0.5048076923076923,0.0
balanced_sampler,44,4,1,22,119,89,0,0,0.0,0.42788461538461536,0.0
balanced_sampler,44,4,1,23,109,99,0,0,0.0,0.47596153846153844,0.0
balanced_sampler,44,4,1,24,122,86,0,0,0.0,0.41346153846153844,0.0
balanced_sampler,44,4,1,25,97,111,0,0,0.0,0.5336538461538461,0.0
balanced_sampler,44,4,2,1,103,107,0,0,0.0,0.5095238095238095,0.0
balanced_sampler,44,4,2,2,104,106,0,0,0.0,0.5047619047619047,0.0
balanced_sampler,44,4,2,3,113,97,0,0,0.0,0.46190476190476193,0.0
balanced_sampler,44,4,2,4,113,97,0,0,0.0,0.46190476190476193,0.0
balanced_sampler,44,4,2,5,103,107,0,0,0.0,0.5095238095238095,0.0
balanced_sampler,44,4,2,6,94,116,0,0,0.0,0.5523809523809524,0.0
balanced_sampler,44,4,2,7,100,110,0,0,0.0,0.5238095238095238,0.0
balanced_sampler,44,4,2,8,99,111,0,0,0.0,0.5285714285714286,0.0
balanced_sampler,44,4,2,9,101,109,0,0,0.0,0.5190476190476191,0.0
balanced_sampler,44,4,2,10,97,113,0,0,0.0,0.5380952380952381,0.0
balanced_sampler,44,4,2,11,99,111,0,0,0.0,0.5285714285714286,0.0
balanced_sampler,44,4,2,12,107,103,0,0,0.0,0.49047619047619045,0.0
balanced_sampler,44,4,2,13,95,115,0,0,0.0,0.5476190476190477,0.0
balanced_sampler,44,4,2,14,104,106,0,0,0.0,0.5047619047619047,0.0
balanced_sampler,44,4,2,15,99,111,0,0,0.0,0.5285714285714286,0.0
balanced_sampler,44,4,2,16,118,92,0,0,0.0,0.4380952380952381,0.0
balanced_sampler,44,4,2,17,93,117,0,0,0.0,0.5571428571428572,0.0
balanced_sampler,44,4,2,18,99,111,0,0,0.0,0.5285714285714286,0.0
balanced_sampler,44,4,2,19,112,98,0,0,0.0,0.4666666666666667,0.0
balanced_sampler,44,4,2,20,99,111,0,0,0.0,0.5285714285714286,0.0
balanced_sampler,44,4,2,21,100,110,0,0,0.0,0.5238095238095238,0.0
jitter_equal,42,0,0,1,146,59,73,27,0.9523809523809523,0.28780487804878047,0.4878048780487805
jitter_equal,42,0,0,2,146,59,75,28,1.0098039215686274,0.28780487804878047,0.5024390243902439
jitter_equal,42,0,0,3,146,59,68,25,0.8303571428571429,0.28780487804878047,0.45365853658536587
jitter_equal,42,0,0,4,146,59,76,26,0.9902912621359223,0.28780487804878047,0.4975609756097561
jitter_equal,42,0,0,5,146,59,78,29,1.0918367346938775,0.28780487804878047,0.5219512195121951
jitter_equal,42,0,0,6,146,59,67,24,0.7982456140350878,0.28780487804878047,0.44390243902439025
jitter_equal,42,0,0,7,146,59,73,28,0.9711538461538461,0.28780487804878047,0.4926829268292683
jitter_equal,42,0,0,8,146,59,78,29,1.0918367346938775,0.28780487804878047,0.5219512195121951
jitter_equal,42,0,0,9,146,59,72,24,0.8807339449541285,0.28780487804878047,0.4682926829268293
jitter_equal,42,0,0,10,146,59,76,26,0.9902912621359223,0.28780487804878047,0.4975609756097561
jitter_equal,42,0,0,11,146,59,72,23,0.8636363636363636,0.28780487804878047,0.4634146341463415
jitter_equal,42,0,0,12,146,59,72,29,0.9711538461538461,0.28780487804878047,0.4926829268292683
jitter_equal,42,0,0,13,146,59,73,32,1.05,0.28780487804878047,0.5121951219512195
jitter_equal,42,0,0,14,146,59,79,33,1.2043010752688172,0.28780487804878047,0.5463414634146342
jitter_equal,42,0,0,15,146,59,78,31,1.1354166666666667,0.28780487804878047,0.5317073170731708
jitter_equal,42,0,0,16,146,59,73,32,1.05,0.28780487804878047,0.5121951219512195
jitter_equal,42,0,0,17,146,59,78,30,1.1134020618556701,0.28780487804878047,0.526829268292683
jitter_equal,42,0,0,18,146,59,66,27,0.8303571428571429,0.28780487804878047,0.45365853658536587
jitter_equal,42,0,0,19,146,59,72,35,1.0918367346938775,0.28780487804878047,0.5219512195121951
jitter_equal,42,0,0,20,146,59,62,33,0.8636363636363636,0.28780487804878047,0.4634146341463415
jitter_equal,42,0,0,21,146,59,66,29,0.8636363636363636,0.28780487804878047,0.4634146341463415
jitter_equal,42,0,0,22,146,59,70,38,1.1134020618556701,0.28780487804878047,0.526829268292683
jitter_equal,42,0,0,23,146,59,71,23,0.8468468468468469,0.28780487804878047,0.4585365853658537
jitter_equal,42,0,0,24,146,59,69,31,0.9523809523809523,0.28780487804878047,0.4878048780487805
jitter_equal,42,0,0,25,146,59,75,32,1.0918367346938775,0.28780487804878047,0.5219512195121951
jitter_equal,42,0,0,26,146,59,74,28,0.9902912621359223,0.28780487804878047,0.4975609756097561
jitter_equal,42,0,0,27,146,59,79,32,1.1808510638297873,0.28780487804878047,0.5414634146341464
jitter_equal,42,0,0,28,146,59,74,36,1.1578947368421053,0.28780487804878047,0.5365853658536586
jitter_equal,42,0,0,29,146,59,70,21,0.7982456140350878,0.28780487804878047,0.44390243902439025
jitter_equal,42,0,0,30,146,59,78,27,1.05,0.28780487804878047,0.5121951219512195
jitter_equal,42,0,1,1,147,60,72,28,0.9345794392523364,0.2898550724637681,0.4830917874396135
jitter_equal,42,0,1,2,147,60,69,35,1.0097087378640777,0.2898550724637681,0.5024154589371981
jitter_equal,42,0,1,3,147,60,68,26,0.831858407079646,0.2898550724637681,0.45410628019323673
jitter_equal,42,0,1,4,147,60,75,30,1.0294117647058822,0.2898550724637681,0.5072463768115942
jitter_equal,42,0,1,5,147,60,81,28,1.1122448979591837,0.2898550724637681,0.5265700483091788
jitter_equal,42,0,1,6,147,60,59,31,0.7692307692307693,0.2898550724637681,0.43478260869565216
jitter_equal,42,0,1,7,147,60,77,27,1.0097087378640777,0.2898550724637681,0.5024154589371981
jitter_equal,42,0,1,8,147,60,80,25,1.0294117647058822,0.2898550724637681,0.5072463768115942
jitter_equal,42,0,1,9,147,60,72,30,0.9714285714285714,0.2898550724637681,0.4927536231884058
jitter_equal,42,0,1,10,147,60,73,24,0.8818181818181818,0.2898550724637681,0.46859903381642515
jitter_equal,42,0,1,11,147,60,70,28,0.8990825688073395,0.2898550724637681,0.47342995169082125
jitter_equal,42,0,1,12,147,60,77,26,0.9903846153846154,0.2898550724637681,0.4975845410628019
jitter_equal,42,0,1,13,147,60,77,28,1.0294117647058822,0.2898550724637681,0.5072463768115942
jitter_equal,42,0,1,14,147,60,82,31,1.202127659574468,0.2898550724637681,0.5458937198067633
jitter_equal,42,0,1,15,147,60,81,30,1.15625,0.2898550724637681,0.5362318840579711
jitter_equal,42,0,1,16,147,60,75,31,1.0495049504950495,0.2898550724637681,0.5120772946859904
jitter_equal,42,0,1,17,147,60,75,32,1.07,0.2898550724637681,0.5169082125603864
jitter_equal,42,0,1,18,147,60,65,27,0.8,0.2898550724637681,0.4444444444444444
jitter_equal,42,0,1,19,147,60,81,29,1.134020618556701,0.2898550724637681,0.5314009661835749
jitter_equal,42,0,1,20,147,60,75,23,0.8990825688073395,0.2898550724637681,0.47342995169082125
jitter_equal,42,0,1,21,147,60,73,25,0.8990825688073395,0.2898550724637681,0.47342995169082125
jitter_equal,42,0,1,22,147,60,68,37,1.0294117647058822,0.2898550724637681,0.5072463768115942
jitter_equal,42,0,1,23,147,60,60,35,0.8482142857142857,0.2898550724637681,0.45893719806763283
jitter_equal,42,0,1,24,147,60,77,30,1.07,0.2898550724637681,0.5169082125603864
jitter_equal,42,0,1,25,147,60,77,29,1.0495049504950495,0.2898550724637681,0.5120772946859904
jitter_equal,42,0,1,26,147,60,74,26,0.9345794392523364,0.2898550724637681,0.4830917874396135
jitter_equal,42,0,1,27,147,60,80,32,1.1789473684210525,0.2898550724637681,0.5410628019323671
jitter_equal,42,0,1,28,147,60,78,31,1.1122448979591837,0.2898550724637681,0.5265700483091788
jitter_equal,42,0,1,29,147,60,68,30,0.8990825688073395,0.2898550724637681,0.47342995169082125
jitter_equal,42,0,1,30,147,60,82,25,1.07,0.2898550724637681,0.5169082125603864
jitter_equal,42,0,2,1,147,61,69,31,0.9259259259259259,0.2932692307692308,0.4807692307692308
jitter_equal,42,0,2,2,147,61,75,31,1.0392156862745099,0.2932692307692308,0.5096153846153846
jitter_equal,42,0,2,3,147,61,61,32,0.808695652173913,0.2932692307692308,0.44711538461538464
jitter_equal,42,0,2,4,147,61,75,32,1.0594059405940595,0.2932692307692308,0.5144230769230769
jitter_equal,42,0,2,5,147,61,77,30,1.0594059405940595,0.2932692307692308,0.5144230769230769
jitter_equal,42,0,2,6,147,61,64,28,0.7931034482758621,0.2932692307692308,0.4423076923076923
jitter_equal,42,0,2,7,147,61,75,31,1.0392156862745099,0.2932692307692308,0.5096153846153846
jitter_equal,42,0,2,8,147,61,73,31,1.0,0.2932692307692308,0.5
jitter_equal,42,0,2,9,147,61,71,32,0.9809523809523809,0.2932692307692308,0.4951923076923077
jitter_equal,42,0,2,10,147,61,68,31,0.908256880733945,0.2932692307692308,0.47596153846153844
jitter_equal,42,0,2,11,147,61,68,29,0.8738738738738738,0.2932692307692308,0.46634615384615385
jitter_equal,42,0,2,12,147,61,75,30,1.0194174757281553,0.2932692307692308,0.5048076923076923
jitter_equal,42,0,2,13,147,61,78,25,0.9809523809523809,0.2932692307692308,0.4951923076923077
jitter_equal,42,0,2,14,147,61,82,34,1.2608695652173914,0.2932692307692308,0.5576923076923077
jitter_equal,42,0,2,15,147,61,80,32,1.1666666666666667,0.2932692307692308,0.5384615384615384
jitter_equal,42,0,2,16,147,61,72,33,1.0194174757281553,0.2932692307692308,0.5048076923076923
jitter_equal,42,0,2,17,147,61,73,34,1.0594059405940595,0.2932692307692308,0.5144230769230769
jitter_equal,42,0,2,18,147,61,54,37,0.7777777777777778,0.2932692307692308,0.4375
jitter_equal,42,0,2,19,147,61,82,30,1.1666666666666667,0.2932692307692308,0.5384615384615384
jitter_equal,42,0,2,20,147,61,67,32,0.908256880733945,0.2932692307692308,0.47596153846153844
jitter_equal,42,0,2,21,147,61,66,33,0.908256880733945,0.2932692307692308,0.47596153846153844
jitter_equal,42,0,2,22,147,61,80,24,1.0,0.2932692307692308,0.5
jitter_equal,42,0,2,23,147,61,73,27,0.9259259259259259,0.2932692307692308,0.4807692307692308
jitter_equal,42,0,2,24,147,61,79,24,0.9809523809523809,0.2932692307692308,0.4951923076923077
jitter_equal,42,0,2,25,147,61,82,28,1.1224489795918366,0.2932692307692308,0.5288461538461539
jitter_equal,42,0,2,26,147,61,68,30,0.8909090909090909,0.2932692307692308,0.47115384615384615
jitter_equal,42,1,0,1,147,60,72,28,0.9345794392523364,0.2898550724637681,0.4830917874396135
jitter_equal,42,1,0,2,147,60,77,27,1.0097087378640777,0.2898550724637681,0.5024154589371981
jitter_equal,42,1,0,3,147,60,68,26,0.831858407079646,0.2898550724637681,0.45410628019323673
jitter_equal,42,1,0,4,147,60,76,29,1.0294117647058822,0.2898550724637681,0.5072463768115942
jitter_equal,42,1,0,5,147,60,79,30,1.1122448979591837,0.2898550724637681,0.5265700483091788
jitter_equal,42,1,0,6,147,60,62,28,0.7692307692307693,0.2898550724637681,0.43478260869565216
jitter_equal,42,1,0,7,147,60,74,30,1.0097087378640777,0.2898550724637681,0.5024154589371981
jitter_equal,42,1,0,8,147,60,75,30,1.0294117647058822,0.2898550724637681,0.5072463768115942
jitter_equal,42,1,0,9,147,60,75,27,0.9714285714285714,0.2898550724637681,0.4927536231884058
jitter_equal,42,1,0,10,147,60,66,31,0.8818181818181818,0.2898550724637681,0.46859903381642515
jitter_equal,42,1,0,11,147,60,69,29,0.8990825688073395,0.2898550724637681,0.47342995169082125
jitter_equal,42,1,0,12,147,60,73,30,0.9903846153846154,0.2898550724637681,0.4975845410628019
jitter_equal,42,1,0,13,147,60,71,34,1.0294117647058822,0.2898550724637681,0.5072463768115942
jitter_equal,42,1,0,14,147,60,88,25,1.202127659574468,0.2898550724637681,0.5458937198067633
jitter_equal,42,1,0,15,147,60,82,29,1.15625,0.2898550724637681,0.5362318840579711
jitter_equal,42,1,0,16,147,60,78,28,1.0495049504950495,0.2898550724637681,0.5120772946859904
jitter_equal,42,1,0,17,147,60,74,33,1.07,0.2898550724637681,0.5169082125603864
jitter_equal,42,1,0,18,147,60,66,26,0.8,0.2898550724637681,0.4444444444444444
jitter_equal,42,1,0,19,147,60,79,31,1.134020618556701,0.2898550724637681,0.5314009661835749
jitter_equal,42,1,0,20,147,60,69,29,0.8990825688073395,0.2898550724637681,0.47342995169082125
jitter_equal,42,1,0,21,147,60,69,29,0.8990825688073395,0.2898550724637681,0.47342995169082125
jitter_equal,42,1,0,22,147,60,74,31,1.0294117647058822,0.2898550724637681,0.5072463768115942
jitter_equal,42,1,0,23,147,60,64,31,0.8482142857142857,0.2898550724637681,0.45893719806763283
jitter_equal,42,1,0,24,147,60,79,28,1.07,0.2898550724637681,0.5169082125603864
jitter_equal,42,1,0,25,147,60,76,30,1.0495049504950495,0.2898550724637681,0.5120772946859904
jitter_equal,42,1,0,26,147,60,72,28,0.9345794392523364,0.2898550724637681,0.4830917874396135
jitter_equal,42,1,0,27,147,60,77,35,1.1789473684210525,0.2898550724637681,0.5410628019323671
jitter_equal,42,1,1,1,147,61,69,31,0.9259259259259259,0.2932692307692308,0.4807692307692308
jitter_equal,42,1,1,2,147,61,77,29,1.0392156862745099,0.2932692307692308,0.5096153846153846
jitter_equal,42,1,1,3,147,61,68,25,0.808695652173913,0.2932692307692308,0.44711538461538464
jitter_equal,42,1,1,4,147,61,72,35,1.0594059405940595,0.2932692307692308,0.5144230769230769
jitter_equal,42,1,1,5,147,61,74,33,1.0594059405940595,0.2932692307692308,0.5144230769230769
jitter_equal,42,1,1,6,147,61,69,23,0.7931034482758621,0.2932692307692308,0.4423076923076923
jitter_equal,42,1,1,7,147,61,70,36,1.0392156862745099,0.2932692307692308,0.5096153846153846
jitter_equal,42,1,1,8,147,61,72,32,1.0,0.2932692307692308,0.5
jitter_equal,42,1,1,9,147,61,77,26,0.9809523809523809,0.2932692307692308,0.4951923076923077
jitter_equal,42,1,1,10,147,61,66,33,0.908256880733945,0.2932692307692308,0.47596153846153844
jitter_equal,42,1,1,11,147,61,64,33,0.8738738738738738,0.2932692307692308,0.46634615384615385
jitter_equal,42,1,1,12,147,61,76,29,1.0194174757281553,0.2932692307692308,0.5048076923076923
jitter_equal,42,1,1,13,147,61,71,32,0.9809523809523809,0.2932692307692308,0.4951923076923077
jitter_equal,42,1,1,14,147,61,83,33,1.2608695652173914,0.2932692307692308,0.5576923076923077
jitter_equal,42,1,1,15,147,61,75,37,1.1666666666666667,0.2932692307692308,0.5384615384615384
jitter_equal,42,1,1,16,147,61,68,37,1.0194174757281553,0.2932692307692308,0.5048076923076923
jitter_equal,42,1,1,17,147,61,73,34,1.0594059405940595,0.2932692307692308,0.5144230769230769
jitter_equal,42,1,1,18,147,61,59,32,0.7777777777777778,0.2932692307692308,0.4375
jitter_equal,42,1,1,19,147,61,78,34,1.1666666666666667,0.2932692307692308,0.5384615384615384
jitter_equal,42,1,1,20,147,61,70,29,0.908256880733945,0.2932692307692308,0.47596153846153844
jitter_equal,42,1,1,21,147,61,66,33,0.908256880733945,0.2932692307692308,0.47596153846153844
jitter_equal,42,1,2,1,148,61,73,28,0.9351851851851852,0.291866028708134,0.48325358851674644
jitter_equal,42,1,2,2,148,61,78,27,1.0096153846153846,0.291866028708134,0.5023923444976076
jitter_equal,42,1,2,3,148,61,70,24,0.8173913043478261,0.291866028708134,0.44976076555023925
jitter_equal,42,1,2,4,148,61,74,35,1.09,0.291866028708134,0.5215311004784688
jitter_equal,42,1,2,5,148,61,71,36,1.0490196078431373,0.291866028708134,0.5119617224880383
jitter_equal,42,1,2,6,148,61,68,25,0.8017241379310345,0.291866028708134,0.4449760765550239
jitter_equal,42,1,2,7,148,61,75,32,1.0490196078431373,0.291866028708134,0.5119617224880383
jitter_equal,42,1,2,8,148,61,66,36,0.9532710280373832,0.291866028708134,0.4880382775119617
jitter_equal,42,1,2,9,148,61,73,31,0.9904761904761905,0.291866028708134,0.49760765550239233
jitter_equal,42,1,2,10,148,61,69,31,0.9174311926605505,0.291866028708134,0.4784688995215311
jitter_equal,42,1,2,11,148,61,61,34,0.8333333333333334,0.291866028708134,0.45454545454545453
jitter_equal,42,1,2,12,148,61,83,27,1.1111111111111112,0.291866028708134,0.5263157894736842
jitter_equal,42,1,2,13,148,61,69,31,0.9174311926605505,0.291866028708134,0.4784688995215311
jitter_equal,42,1,2,14,148,61,89,33,1.4022988505747127,0.291866028708134,0.583732057416268
jitter_equal,42,1,2,15,148,61,78,31,1.09,0.291866028708134,0.5215311004784688
jitter_equal,42,1,2,16,148,61,73,31,0.9904761904761905,0.291866028708134,0.49760765550239233
jitter_equal,42,1,2,17,148,61,78,30,1.0693069306930694,0.291866028708134,0.5167464114832536
jitter_equal,42,1,2,18,148,61,71,23,0.8173913043478261,0.291866028708134,0.44976076555023925
jitter_equal,42,1,2,19,148,61,81,28,1.09,0.291866028708134,0.5215311004784688
jitter_equal,42,1,2,20,148,61,68,30,0.8828828828828829,0.291866028708134,0.4688995215311005
jitter_equal,42,1,2,21,148,61,74,27,0.9351851851851852,0.291866028708134,0.48325358851674644
jitter_equal,42,1,2,22,148,61,72,31,0.9716981132075472,0.291866028708134,0.49282296650717705
jitter_equal,42,1,2,23,148,61,75,25,0.9174311926605505,0.291866028708134,0.4784688995215311
jitter_equal,42,1,2,24,148,61,76,34,1.1111111111111112,0.291866028708134,0.5263157894736842
jitter_equal,42,2,0,1,147,60,68,32,0.9345794392523364,0.2898550724637681,0.4830917874396135
jitter_equal,42,2,0,2,147,60,73,31,1.0097087378640777,0.2898550724637681,0.5024154589371981
jitter_equal,42,2,0,3,147,60,68,26,0.831858407079646,0.2898550724637681,0.45410628019323673
jitter_equal,42,2,0,4,147,60,79,26,1.0294117647058822,0.2898550724637681,0.5072463768115942
jitter_equal,42,2,0,5,147,60,78,31,1.1122448979591837,0.2898550724637681,0.5265700483091788
jitter_equal,42,2,0,6,147,60,65,25,0.7692307692307693,0.2898550724637681,0.43478260869565216
jitter_equal,42,2,0,7,147,60,70,34,1.0097087378640777,0.2898550724637681,0.5024154589371981
jitter_equal,42,2,0,8,147,60,77,28,1.0294117647058822,0.2898550724637681,0.5072463768115942
jitter_equal,42,2,0,9,147,60,78,24,0.9714285714285714,0.2898550724637681,0.4927536231884058
jitter_equal,42,2,0,10,147,60,69,28,0.8818181818181818,0.2898550724637681,0.46859903381642515
jitter_equal,42,2,0,11,147,60,70,28,0.8990825688073395,0.2898550724637681,0.47342995169082125
jitter_equal,42,2,0,12,147,60,69,34,0.9903846153846154,0.2898550724637681,0.4975845410628019
jitter_equal,42,2,0,13,147,60,78,27,1.0294117647058822,0.2898550724637681,0.5072463768115942
jitter_equal,42,2,0,14,147,60,79,34,1.202127659574468,0.2898550724637681,0.5458937198067633
jitter_equal,42,2,0,15,147,60,75,36,1.15625,0.2898550724637681,0.5362318840579711
jitter_equal,42,2,0,16,147,60,78,28,1.0495049504950495,0.2898550724637681,0.5120772946859904
jitter_equal,42,2,0,17,147,60,71,36,1.07,0.2898550724637681,0.5169082125603864
jitter_equal,42,2,0,18,147,60,64,28,0.8,0.2898550724637681,0.4444444444444444
jitter_equal,42,2,0,19,147,60,81,29,1.134020618556701,0.2898550724637681,0.5314009661835749
jitter_equal,42,2,0,20,147,60,65,33,0.8990825688073395,0.2898550724637681,0.47342995169082125
jitter_equal,42,2,0,21,147,60,74,24,0.8990825688073395,0.2898550724637681,0.47342995169082125
jitter_equal,42,2,0,22,147,60,75,30,1.0294117647058822,0.2898550724637681,0.5072463768115942
jitter_equal,42,2,0,23,147,60,67,28,0.8482142857142857,0.2898550724637681,0.45893719806763283
jitter_equal,42,2,0,24,147,60,71,36,1.07,0.2898550724637681,0.5169082125603864
jitter_equal,42,2,0,25,147,60,71,35,1.0495049504950495,0.2898550724637681,0.5120772946859904
jitter_equal,42,2,0,26,147,60,71,29,0.9345794392523364,0.2898550724637681,0.4830917874396135
jitter_equal,42,2,0,27,147,60,76,36,1.1789473684210525,0.2898550724637681,0.5410628019323671
jitter_equal,42,2,0,28,147,60,77,32,1.1122448979591837,0.2898550724637681,0.5265700483091788
jitter_equal,42,2,0,29,147,60,66,32,0.8990825688073395,0.2898550724637681,0.47342995169082125
jitter_equal,42,2,0,30,147,60,74,33,1.07,0.2898550724637681,0.5169082125603864
jitter_equal,42,2,0,31,147,60,80,29,1.1122448979591837,0.2898550724637681,0.5265700483091788
jitter_equal,42,2,0,32,147,60,81,30,1.15625,0.2898550724637681,0.5362318840579711
jitter_equal,42,2,0,33,147,60,66,33,0.9166666666666666,0.2898550724637681,0.4782608695652174
jitter_equal,42,2,0,34,147,60,78,34,1.1789473684210525,0.2898550724637681,0.5410628019323671
jitter_equal,42,2,0,35,147,60,73,25,0.8990825688073395,0.2898550724637681,0.47342995169082125
jitter_equal,42,2,0,36,147,60,67,25,0.8,0.2898550724637681,0.4444444444444444
jitter_equal,42,2,0,37,147,60,88,32,1.3793103448275863,0.2898550724637681,0.5797101449275363
jitter_equal,42,2,0,38,147,60,74,28,0.9714285714285714,0.2898550724637681,0.4927536231884058
jitter_equal,42,2,0,39,147,60,71,26,0.8818181818181818,0.2898550724637681,0.46859903381642515
jitter_equal,42,2,0,40,147,60,75,36,1.15625,0.2898550724637681,0.5362318840579711
jitter_equal,42,2,0,41,147,60,63,23,0.7107438016528925,0.2898550724637681,0.41545893719806765
jitter_equal,42,2,0,42,147,60,67,25,0.8,0.2898550724637681,0.4444444444444444
jitter_equal,42,2,0,43,147,60,75,28,0.9903846153846154,0.2898550724637681,0.4975845410628019
jitter_equal,42,2,0,44,147,60,72,35,1.07,0.2898550724637681,0.5169082125603864
jitter_equal,42,2,0,45,147,60,76,32,1.0909090909090908,0.2898550724637681,0.5217391304347826
jitter_equal,42,2,0,46,147,60,79,25,1.0097087378640777,0.2898550724637681,0.5024154589371981
jitter_equal,42,2,0,47,147,60,81,26,1.07,0.2898550724637681,0.5169082125603864
jitter_equal,42,2,0,48,147,60,64,28,0.8,0.2898550724637681,0.4444444444444444
jitter_equal,42,2,0,49,147,60,85,32,1.3,0.2898550724637681,0.5652173913043478
jitter_equal,42,2,0,50,147,60,68,32,0.9345794392523364,0.2898550724637681,0.4830917874396135
jitter_equal,42,2,1,1,147,61,74,26,0.9259259259259259,0.2932692307692308,0.4807692307692308
jitter_equal,42,2,1,2,147,61,73,33,1.0392156862745099,0.2932692307692308,0.5096153846153846
jitter_equal,42,2,1,3,147,61,71,22,0.808695652173913,0.2932692307692308,0.44711538461538464
jitter_equal,42,2,1,4,147,61,72,35,1.0594059405940595,0.2932692307692308,0.5144230769230769
jitter_equal,42,2,1,5,147,61,78,29,1.0594059405940595,0.2932692307692308,0.5144230769230769
jitter_equal,42,2,1,6,147,61,61,31,0.7931034482758621,0.2932692307692308,0.4423076923076923
jitter_equal,42,2,1,7,147,61,74,32,1.0392156862745099,0.2932692307692308,0.5096153846153846
jitter_equal,42,2,1,8,147,61,73,31,1.0,0.2932692307692308,0.5
jitter_equal,42,2,1,9,147,61,66,37,0.9809523809523809,0.2932692307692308,0.4951923076923077
jitter_equal,42,2,1,10,147,61,67,32,0.908256880733945,0.2932692307692308,0.47596153846153844
jitter_equal,42,2,1,11,147,61,63,34,0.8738738738738738,0.2932692307692308,0.46634615384615385
jitter_equal,42,2,1,12,147,61,71,34,1.0194174757281553,0.2932692307692308,0.5048076923076923
jitter_equal,42,2,1,13,147,61,67,36,0.9809523809523809,0.2932692307692308,0.4951923076923077
jitter_equal,42,2,1,14,147,61,82,34,1.2608695652173914,0.2932692307692308,0.5576923076923077
jitter_equal,42,2,1,15,147,61,84,28,1.1666666666666667,0.2932692307692308,0.5384615384615384
jitter_equal,42,2,1,16,147,61,77,28,1.0194174757281553,0.2932692307692308,0.5048076923076923
jitter_equal,42,2,1,17,147,61,76,31,1.0594059405940595,0.2932692307692308,0.5144230769230769
jitter_equal,42,2,1,18,147,61,65,26,0.7777777777777778,0.2932692307692308,0.4375
jitter_equal,42,2,1,19,147,61,79,33,1.1666666666666667,0.2932692307692308,0.5384615384615384
jitter_equal,42,2,1,20,147,61,72,27,0.908256880733945,0.2932692307692308,0.47596153846153844
jitter_equal,42,2,1,21,147,61,68,31,0.908256880733945,0.2932692307692308,0.47596153846153844
jitter_equal,42,2,1,22,147,61,72,32,1.0,0.2932692307692308,0.5
jitter_equal,42,2,1,23,147,61,70,30,0.9259259259259259,0.2932692307692308,0.4807692307692308
jitter_equal,42,2,2,1,148,61,75,26,0.9351851851851852,0.291866028708134,0.48325358851674644
jitter_equal,42,2,2,2,148,61,75,30,1.0096153846153846,0.291866028708134,0.5023923444976076
jitter_equal,42,2,2,3,148,61,63,31,0.8173913043478261,0.291866028708134,0.44976076555023925
jitter_equal,42,2,2,4,148,61,73,36,1.09,0.291866028708134,0.5215311004784688
jitter_equal,42,2,2,5,148,61,80,27,1.0490196078431373,0.291866028708134,0.5119617224880383
jitter_equal,42,2,2,6,148,61,67,26,0.8017241379310345,0.291866028708134,0.4449760765550239
jitter_equal,42,2,2,7,148,61,74,33,1.0490196078431373,0.291866028708134,0.5119617224880383
jitter_equal,42,2,2,8,148,61,68,34,0.9532710280373832,0.291866028708134,0.4880382775119617
jitter_equal,42,2,2,9,148,61,78,26,0.9904761904761905,0.291866028708134,0.49760765550239233
jitter_equal,42,2,2,10,148,61,76,24,0.9174311926605505,0.291866028708134,0.4784688995215311
jitter_equal,42,2,2,11,148,61,72,23,0.8333333333333334,0.291866028708134,0.45454545454545453
jitter_equal,42,2,2,12,148,61,80,30,1.1111111111111112,0.291866028708134,0.5263157894736842
jitter_equal,42,2,2,13,148,61,72,28,0.9174311926605505,0.291866028708134,0.4784688995215311
jitter_equal,42,2,2,14,148,61,90,32,1.4022988505747127,0.291866028708134,0.583732057416268
jitter_equal,42,2,2,15,148,61,80,29,1.09,0.291866028708134,0.5215311004784688
jitter_equal,42,2,2,16,148,61,79,25,0.9904761904761905,0.291866028708134,0.49760765550239233
jitter_equal,42,2,2,17,148,61,77,31,1.0693069306930694,0.291866028708134,0.5167464114832536
jitter_equal,42,2,2,18,148,61,63,31,0.8173913043478261,0.291866028708134,0.44976076555023925
jitter_equal,42,2,2,19,148,61,82,27,1.09,0.291866028708134,0.5215311004784688
jitter_equal,42,2,2,20,148,61,62,36,0.8828828828828829,0.291866028708134,0.4688995215311005
jitter_equal,42,2,2,21,148,61,75,26,0.9351851851851852,0.291866028708134,0.48325358851674644
jitter_equal,42,2,2,22,148,61,76,27,0.9716981132075472,0.291866028708134,0.49282296650717705
jitter_equal,42,2,2,23,148,61,69,31,0.9174311926605505,0.291866028708134,0.4784688995215311
jitter_equal,42,2,2,24,148,61,78,32,1.1111111111111112,0.291866028708134,0.5263157894736842
jitter_equal,42,2,2,25,148,61,76,30,1.029126213592233,0.291866028708134,0.507177033492823
jitter_equal,42,2,2,26,148,61,71,28,0.9,0.291866028708134,0.47368421052631576
jitter_equal,42,2,2,27,148,61,82,30,1.1546391752577319,0.291866028708134,0.5358851674641149
jitter_equal,42,2,2,28,148,61,75,30,1.0096153846153846,0.291866028708134,0.5023923444976076
jitter_equal,42,2,2,29,148,61,74,33,1.0490196078431373,0.291866028708134,0.5119617224880383
jitter_equal,42,3,0,1,147,61,74,26,0.9259259259259259,0.2932692307692308,0.4807692307692308
jitter_equal,42,3,0,2,147,61,72,34,1.0392156862745099,0.2932692307692308,0.5096153846153846
jitter_equal,42,3,0,3,147,61,68,25,0.808695652173913,0.2932692307692308,0.44711538461538464
jitter_equal,42,3,0,4,147,61,74,33,1.0594059405940595,0.2932692307692308,0.5144230769230769
jitter_equal,42,3,0,5,147,61,71,36,1.0594059405940595,0.2932692307692308,0.5144230769230769
jitter_equal,42,3,0,6,147,61,67,25,0.7931034482758621,0.2932692307692308,0.4423076923076923
jitter_equal,42,3,0,7,147,61,79,27,1.0392156862745099,0.2932692307692308,0.5096153846153846
jitter_equal,42,3,0,8,147,61,73,31,1.0,0.2932692307692308,0.5
jitter_equal,42,3,0,9,147,61,69,34,0.9809523809523809,0.2932692307692308,0.4951923076923077
jitter_equal,42,3,0,10,147,61,71,28,0.908256880733945,0.2932692307692308,0.47596153846153844
jitter_equal,42,3,0,11,147,61,71,26,0.8738738738738738,0.2932692307692308,0.46634615384615385
jitter_equal,42,3,0,12,147,61,75,30,1.0194174757281553,0.2932692307692308,0.5048076923076923
jitter_equal,42,3,0,13,147,61,73,30,0.9809523809523809,0.2932692307692308,0.4951923076923077
jitter_equal,42,3,0,14,147,61,81,35,1.2608695652173914,0.2932692307692308,0.5576923076923077
jitter_equal,42,3,0,15,147,61,81,31,1.1666666666666667,0.2932692307692308,0.5384615384615384
jitter_equal,42,3,0,16,147,61,72,33,1.0194174757281553,0.2932692307692308,0.5048076923076923
jitter_equal,42,3,0,17,147,61,72,35,1.0594059405940595,0.2932692307692308,0.5144230769230769
jitter_equal,42,3,0,18,147,61,62,29,0.7777777777777778,0.2932692307692308,0.4375
jitter_equal,42,3,0,19,147,61,88,24,1.1666666666666667,0.2932692307692308,0.5384615384615384
jitter_equal,42,3,0,20,147,61,73,26,0.908256880733945,0.2932692307692308,0.47596153846153844
jitter_equal,42,3,0,21,147,61,69,30,0.908256880733945,0.2932692307692308,0.47596153846153844
jitter_equal,42,3,0,22,147,61,71,33,1.0,0.2932692307692308,0.5
jitter_equal,42,3,0,23,147,61,75,25,0.9259259259259259,0.2932692307692308,0.4807692307692308
jitter_equal,42,3,0,24,147,61,73,30,0.9809523809523809,0.2932692307692308,0.4951923076923077
jitter_equal,42,3,0,25,147,61,78,32,1.1224489795918366,0.2932692307692308,0.5288461538461539
jitter_equal,42,3,0,26,147,61,65,33,0.8909090909090909,0.2932692307692308,0.47115384615384615
jitter_equal,42,3,0,27,147,61,70,38,1.08,0.2932692307692308,0.5192307692307693
jitter_equal,42,3,0,28,147,61,76,35,1.1443298969072164,0.2932692307692308,0.5336538461538461
jitter_equal,42,3,0,29,147,61,79,23,0.9622641509433962,0.2932692307692308,0.49038461538461536
jitter_equal,42,3,0,30,147,61,75,36,1.1443298969072164,0.2932692307692308,0.5336538461538461
jitter_equal,42,3,0,31,147,61,71,34,1.0194174757281553,0.2932692307692308,0.5048076923076923
jitter_equal,42,3,0,32,147,61,78,35,1.1894736842105262,0.2932692307692308,0.5432692307692307
jitter_equal,42,3,0,33,147,61,75,25,0.9259259259259259,0.2932692307692308,0.4807692307692308
jitter_equal,42,3,0,34,147,61,79,34,1.1894736842105262,0.2932692307692308,0.5432692307692307
jitter_equal,42,3,0,35,147,61,67,30,0.8738738738738738,0.2932692307692308,0.46634615384615385
jitter_equal,42,3,1,1,147,61,69,31,0.9259259259259259,0.2932692307692308,0.4807692307692308
jitter_equal,42,3,1,2,147,61,76,30,1.0392156862745099,0.2932692307692308,0.5096153846153846
jitter_equal,42,3,1,3,147,61,66,27,0.808695652173913,0.2932692307692308,0.44711538461538464
jitter_equal,42,3,1,4,147,61,74,33,1.0594059405940595,0.2932692307692308,0.5144230769230769
jitter_equal,42,3,1,5,147,61,77,30,1.0594059405940595,0.2932692307692308,0.5144230769230769
jitter_equal,42,3,1,6,147,61,62,30,0.7931034482758621,0.2932692307692308,0.4423076923076923
jitter_equal,42,3,1,7,147,61,68,38,1.0392156862745099,0.2932692307692308,0.5096153846153846
jitter_equal,42,3,1,8,147,61,70,34,1.0,0.2932692307692308,0.5
jitter_equal,42,3,1,9,147,61,75,28,0.9809523809523809,0.2932692307692308,0.4951923076923077
jitter_equal,42,3,1,10,147,61,68,31,0.908256880733945,0.2932692307692308,0.47596153846153844
jitter_equal,42,3,1,11,147,61,71,26,0.8738738738738738,0.2932692307692308,0.46634615384615385
jitter_equal,42,3,1,12,147,61,76,29,1.0194174757281553,0.2932692307692308,0.5048076923076923
jitter_equal,42,3,1,13,147,61,71,32,0.9809523809523809,0.2932692307692308,0.4951923076923077
jitter_equal,42,3,1,14,147,61,83,33,1.2608695652173914,0.2932692307692308,0.5576923076923077
jitter_equal,42,3,1,15,147,61,76,36,1.1666666666666667,0.2932692307692308,0.5384615384615384
jitter_equal,42,3,1,16,147,61,77,28,1.0194174757281553,0.2932692307692308,0.5048076923076923
jitter_equal,42,3,1,17,147,61,73,34,1.0594059405940595,0.2932692307692308,0.5144230769230769
jitter_equal,42,3,1,18,147,61,62,29,0.7777777777777778,0.2932692307692308,0.4375
jitter_equal,42,3,1,19,147,61,79,33,1.1666666666666667,0.2932692307692308,0.5384615384615384
jitter_equal,42,3,1,20,147,61,71,28,0.908256880733945,0.2932692307692308,0.47596153846153844
jitter_equal,42,3,1,21,147,61,68,31,0.908256880733945,0.2932692307692308,0.47596153846153844
jitter_equal,42,3,1,22,147,61,69,35,1.0,0.2932692307692308,0.5
jitter_equal,42,3,1,23,147,61,70,30,0.9259259259259259,0.2932692307692308,0.4807692307692308
jitter_equal,42,3,2,1,148,62,72,29,0.926605504587156,0.29523809523809524,0.48095238095238096
jitter_equal,42,3,2,2,148,62,73,32,1.0,0.29523809523809524,0.5
jitter_equal,42,3,2,3,148,62,64,32,0.8421052631578947,0.29523809523809524,0.45714285714285713
jitter_equal,42,3,2,4,148,62,79,30,1.0792079207920793,0.29523809523809524,0.5190476190476191
jitter_equal,42,3,2,5,148,62,70,36,1.0192307692307692,0.29523809523809524,0.5047619047619047
jitter_equal,42,3,2,6,148,62,69,25,0.8103448275862069,0.29523809523809524,0.44761904761904764
jitter_equal,42,3,2,7,148,62,78,31,1.0792079207920793,0.29523809523809524,0.5190476190476191
jitter_equal,42,3,2,8,148,62,73,28,0.926605504587156,0.29523809523809524,0.48095238095238096
jitter_equal,42,3,2,9,148,62,73,30,0.9626168224299065,0.29523809523809524,0.49047619047619045
jitter_equal,42,3,2,10,148,62,71,30,0.926605504587156,0.29523809523809524,0.48095238095238096
jitter_equal,42,3,2,11,148,62,71,28,0.8918918918918919,0.29523809523809524,0.4714285714285714
jitter_equal,42,3,2,12,148,62,74,35,1.0792079207920793,0.29523809523809524,0.5190476190476191
jitter_equal,42,3,2,13,148,62,73,28,0.926605504587156,0.29523809523809524,0.48095238095238096
jitter_equal,42,3,2,14,148,62,85,38,1.4137931034482758,0.29523809523809524,0.5857142857142857
jitter_equal,42,3,2,15,148,62,78,31,1.0792079207920793,0.29523809523809524,0.5190476190476191
jitter_equal,42,3,2,16,148,62,72,29,0.926605504587156,0.29523809523809524,0.48095238095238096
jitter_equal,42,3,2,17,148,62,78,32,1.1,0.29523809523809524,0.5238095238095238
jitter_equal,42,3,2,18,148,62,69,27,0.8421052631578947,0.29523809523809524,0.45714285714285713
jitter_equal,42,3,2,19,148,62,76,31,1.0388349514563107,0.29523809523809524,0.5095238095238095
jitter_equal,42,3,2,20,148,62,73,30,0.9626168224299065,0.29523809523809524,0.49047619047619045
jitter_equal,42,3,2,21,148,62,63,34,0.8584070796460177,0.29523809523809524,0.46190476190476193
jitter_equal,42,3,2,22,148,62,75,32,1.0388349514563107,0.29523809523809524,0.5095238095238095
jitter_equal,42,3,2,23,148,62,70,28,0.875,0.29523809523809524,0.4666666666666667
jitter_equal,42,3,2,24,148,62,79,33,1.1428571428571428,0.29523809523809524,0.5333333333333333
jitter_equal,42,3,2,25,148,62,75,32,1.0388349514563107,0.29523809523809524,0.5095238095238095
jitter_equal,42,3,2,26,148,62,76,26,0.9444444444444444,0.29523809523809524,0.4857142857142857
jitter_equal,42,3,2,27,148,62,78,29,1.0388349514563107,0.29523809523809524,0.5095238095238095
jitter_equal,42,3,2,28,148,62,75,32,1.0388349514563107,0.29523809523809524,0.5095238095238095
jitter_equal,42,3,2,29,148,62,82,28,1.1,0.29523809523809524,0.5238095238095238
jitter_equal,42,3,2,30,148,62,81,30,1.121212121212121,0.29523809523809524,0.5285714285714286
jitter_equal,42,3,2,31,148,62,75,33,1.0588235294117647,0.29523809523809524,0.5142857142857142
jitter_equal,42,3,2,32,148,62,75,31,1.0192307692307692,0.29523809523809524,0.5047619047619047
jitter_equal,42,3,2,33,148,62,83,28,1.121212121212121,0.29523809523809524,0.5285714285714286
jitter_equal,42,3,2,34,148,62,83,29,1.1428571428571428,0.29523809523809524,0.5333333333333333
jitter_equal,42,3,2,35,148,62,66,29,0.8260869565217391,0.29523809523809524,0.4523809523809524
jitter_equal,42,3,2,36,148,62,67,33,0.9090909090909091,0.29523809523809524,0.47619047619047616
jitter_equal,42,3,2,37,148,62,84,35,1.3076923076923077,0.29523809523809524,0.5666666666666667
jitter_equal,42,3,2,38,148,62,70,33,0.9626168224299065,0.29523809523809524,0.49047619047619045
jitter_equal,42,3,2,39,148,62,71,28,0.8918918918918919,0.29523809523809524,0.4714285714285714
jitter_equal,42,3,2,40,148,62,63,30,0.7948717948717948,0.29523809523809524,0.44285714285714284
jitter_equal,42,3,2,41,148,62,75,23,0.875,0.29523809523809524,0.4666666666666667
jitter_equal,42,4,0,1,147,61,70,30,0.9259259259259259,0.2932692307692308,0.4807692307692308
jitter_equal,42,4,0,2,147,61,71,35,1.0392156862745099,0.2932692307692308,0.5096153846153846
jitter_equal,42,4,0,3,147,61,71,22,0.808695652173913,0.2932692307692308,0.44711538461538464
jitter_equal,42,4,0,4,147,61,71,36,1.0594059405940595,0.2932692307692308,0.5144230769230769
jitter_equal,42,4,0,5,147,61,76,31,1.0594059405940595,0.2932692307692308,0.5144230769230769
jitter_equal,42,4,0,6,147,61,59,33,0.7931034482758621,0.2932692307692308,0.4423076923076923
jitter_equal,42,4,0,7,147,61,74,32,1.0392156862745099,0.2932692307692308,0.5096153846153846
jitter_equal,42,4,0,8,147,61,73,31,1.0,0.2932692307692308,0.5
jitter_equal,42,4,0,9,147,61,75,28,0.9809523809523809,0.2932692307692308,0.4951923076923077
jitter_equal,42,4,0,10,147,61,63,36,0.908256880733945,0.2932692307692308,0.47596153846153844
jitter_equal,42,4,0,11,147,61,72,25,0.8738738738738738,0.2932692307692308,0.46634615384615385
jitter_equal,42,4,0,12,147,61,75,30,1.0194174757281553,0.2932692307692308,0.5048076923076923
jitter_equal,42,4,0,13,147,61,72,31,0.9809523809523809,0.2932692307692308,0.4951923076923077
jitter_equal,42,4,0,14,147,61,80,36,1.2608695652173914,0.2932692307692308,0.5576923076923077
jitter_equal,42,4,0,15,147,61,77,35,1.1666666666666667,0.2932692307692308,0.5384615384615384
jitter_equal,42,4,0,16,147,61,74,31,1.0194174757281553,0.2932692307692308,0.5048076923076923
jitter_equal,42,4,0,17,147,61,69,38,1.0594059405940595,0.2932692307692308,0.5144230769230769
jitter_equal,42,4,0,18,147,61,61,30,0.7777777777777778,0.2932692307692308,0.4375
jitter_equal,42,4,0,19,147,61,78,34,1.1666666666666667,0.2932692307692308,0.5384615384615384
jitter_equal,42,4,0,20,147,61,68,31,0.908256880733945,0.2932692307692308,0.47596153846153844
jitter_equal,42,4,0,21,147,61,61,38,0.908256880733945,0.2932692307692308,0.47596153846153844
jitter_equal,42,4,0,22,147,61,79,25,1.0,0.2932692307692308,0.5
jitter_equal,42,4,0,23,147,61,74,26,0.9259259259259259,0.2932692307692308,0.4807692307692308
jitter_equal,42,4,0,24,147,61,67,36,0.9809523809523809,0.2932692307692308,0.4951923076923077
jitter_equal,42,4,0,25,147,61,83,27,1.1224489795918366,0.2932692307692308,0.5288461538461539
jitter_equal,42,4,0,26,147,61,76,22,0.8909090909090909,0.2932692307692308,0.47115384615384615
jitter_equal,42,4,0,27,147,61,82,26,1.08,0.2932692307692308,0.5192307692307693
jitter_equal,42,4,0,28,147,61,79,32,1.1443298969072164,0.2932692307692308,0.5336538461538461
jitter_equal,42,4,0,29,147,61,72,30,0.9622641509433962,0.2932692307692308,0.49038461538461536
jitter_equal,42,4,0,30,147,61,76,35,1.1443298969072164,0.2932692307692308,0.5336538461538461
jitter_equal,42,4,0,31,147,61,72,33,1.0194174757281553,0.2932692307692308,0.5048076923076923
jitter_equal,42,4,1,1,147,61,71,29,0.9259259259259259,0.2932692307692308,0.4807692307692308
jitter_equal,42,4,1,2,147,61,70,36,1.0392156862745099,0.2932692307692308,0.5096153846153846
jitter_equal,42,4,1,3,147,61,68,25,0.808695652173913,0.2932692307692308,0.44711538461538464
jitter_equal,42,4,1,4,147,61,76,31,1.0594059405940595,0.2932692307692308,0.5144230769230769
jitter_equal,42,4,1,5,147,61,75,32,1.0594059405940595,0.2932692307692308,0.5144230769230769
jitter_equal,42,4,1,6,147,61,66,26,0.7931034482758621,0.2932692307692308,0.4423076923076923
jitter_equal,42,4,1,7,147,61,72,34,1.0392156862745099,0.2932692307692308,0.5096153846153846
jitter_equal,42,4,1,8,147,61,77,27,1.0,0.2932692307692308,0.5
jitter_equal,42,4,1,9,147,61,72,31,0.9809523809523809,0.2932692307692308,0.4951923076923077
jitter_equal,42,4,1,10,147,61,73,26,0.908256880733945,0.2932692307692308,0.47596153846153844
jitter_equal,42,4,1,11,147,61,67,30,0.8738738738738738,0.2932692307692308,0.46634615384615385
jitter_equal,42,4,1,12,147,61,71,34,1.0194174757281553,0.2932692307692308,0.5048076923076923
jitter_equal,42,4,1,13,147,61,72,31,0.9809523809523809,0.2932692307692308,0.4951923076923077
jitter_equal,42,4,1,14,147,61,85,31,1.2608695652173914,0.2932692307692308,0.5576923076923077
jitter_equal,42,4,1,15,147,61,83,29,1.1666666666666667,0.2932692307692308,0.5384615384615384
jitter_equal,42,4,1,16,147,61,70,35,1.0194174757281553,0.2932692307692308,0.5048076923076923
jitter_equal,42,4,1,17,147,61,78,29,1.0594059405940595,0.2932692307692308,0.5144230769230769
jitter_equal,42,4,1,18,147,61,69,22,0.7777777777777778,0.2932692307692308,0.4375
jitter_equal,42,4,1,19,147,61,76,36,1.1666666666666667,0.2932692307692308,0.5384615384615384
jitter_equal,42,4,1,20,147,61,65,34,0.908256880733945,0.2932692307692308,0.47596153846153844
jitter_equal,42,4,1,21,147,61,66,33,0.908256880733945,0.2932692307692308,0.47596153846153844
jitter_equal,42,4,1,22,147,61,74,30,1.0,0.2932692307692308,0.5
jitter_equal,42,4,2,1,148,62,72,29,0.926605504587156,0.29523809523809524,0.48095238095238096
jitter_equal,42,4,2,2,148,62,68,37,1.0,0.29523809523809524,0.5
jitter_equal,42,4,2,3,148,62,65,31,0.8421052631578947,0.29523809523809524,0.45714285714285713
jitter_equal,42,4,2,4,148,62,81,28,1.0792079207920793,0.29523809523809524,0.5190476190476191
jitter_equal,42,4,2,5,148,62,76,30,1.0192307692307692,0.29523809523809524,0.5047619047619047
jitter_equal,42,4,2,6,148,62,64,30,0.8103448275862069,0.29523809523809524,0.44761904761904764
jitter_equal,42,4,2,7,148,62,73,36,1.0792079207920793,0.29523809523809524,0.5190476190476191
jitter_equal,42,4,2,8,148,62,67,34,0.926605504587156,0.29523809523809524,0.48095238095238096
jitter_equal,42,4,2,9,148,62,69,34,0.9626168224299065,0.29523809523809524,0.49047619047619045
jitter_equal,42,4,2,10,148,62,73,28,0.926605504587156,0.29523809523809524,0.48095238095238096
jitter_equal,42,4,2,11,148,62,69,30,0.8918918918918919,0.29523809523809524,0.4714285714285714
jitter_equal,42,4,2,12,148,62,76,33,1.0792079207920793,0.29523809523809524,0.5190476190476191
jitter_equal,42,4,2,13,148,62,70,31,0.926605504587156,0.29523809523809524,0.48095238095238096
jitter_equal,42,4,2,14,148,62,91,32,1.4137931034482758,0.29523809523809524,0.5857142857142857
jitter_equal,42,4,2,15,148,62,74,35,1.0792079207920793,0.29523809523809524,0.5190476190476191
jitter_equal,42,4,2,16,148,62,70,31,0.926605504587156,0.29523809523809524,0.48095238095238096
jitter_equal,42,4,2,17,148,62,74,36,1.1,0.29523809523809524,0.5238095238095238
jitter_equal,42,4,2,18,148,62,68,28,0.8421052631578947,0.29523809523809524,0.45714285714285713
jitter_equal,42,4,2,19,148,62,80,27,1.0388349514563107,0.29523809523809524,0.5095238095238095
jitter_equal,42,4,2,20,148,62,73,30,0.9626168224299065,0.29523809523809524,0.49047619047619045
jitter_equal,42,4,2,21,148,62,70,27,0.8584070796460177,0.29523809523809524,0.46190476190476193
jitter_equal,42,4,2,22,148,62,78,29,1.0388349514563107,0.29523809523809524,0.5095238095238095
jitter_equal,42,4,2,23,148,62,70,28,0.875,0.29523809523809524,0.4666666666666667
jitter_equal,42,4,2,24,148,62,80,32,1.1428571428571428,0.29523809523809524,0.5333333333333333
jitter_equal,42,4,2,25,148,62,69,38,1.0388349514563107,0.29523809523809524,0.5095238095238095
jitter_equal,42,4,2,26,148,62,72,30,0.9444444444444444,0.29523809523809524,0.4857142857142857
jitter_equal,42,4,2,27,148,62,79,28,1.0388349514563107,0.29523809523809524,0.5095238095238095
jitter_equal,42,4,2,28,148,62,78,29,1.0388349514563107,0.29523809523809524,0.5095238095238095
jitter_equal,42,4,2,29,148,62,73,37,1.1,0.29523809523809524,0.5238095238095238
jitter_equal,42,4,2,30,148,62,75,36,1.121212121212121,0.29523809523809524,0.5285714285714286
jitter_equal,42,4,2,31,148,62,75,33,1.0588235294117647,0.29523809523809524,0.5142857142857142
jitter_equal,42,4,2,32,148,62,75,31,1.0192307692307692,0.29523809523809524,0.5047619047619047
jitter_equal,42,4,2,33,148,62,83,28,1.121212121212121,0.29523809523809524,0.5285714285714286
jitter_equal,43,0,0,1,146,59,63,29,0.8141592920353983,0.28780487804878047,0.44878048780487806
jitter_equal,43,0,0,2,146,59,74,31,1.05,0.28780487804878047,0.5121951219512195
jitter_equal,43,0,0,3,146,59,73,26,0.9339622641509434,0.28780487804878047,0.48292682926829267
jitter_equal,43,0,0,4,146,59,61,28,0.7672413793103449,0.28780487804878047,0.43414634146341463
jitter_equal,43,0,0,5,146,59,72,27,0.9339622641509434,0.28780487804878047,0.48292682926829267
jitter_equal,43,0,0,6,146,59,76,27,1.0098039215686274,0.28780487804878047,0.5024390243902439
jitter_equal,43,0,0,7,146,59,73,34,1.0918367346938775,0.28780487804878047,0.5219512195121951
jitter_equal,43,0,0,8,146,59,71,37,1.1134020618556701,0.28780487804878047,0.526829268292683
jitter_equal,43,0,0,9,146,59,77,31,1.1134020618556701,0.28780487804878047,0.526829268292683
jitter_equal,43,0,0,10,146,59,76,23,0.9339622641509434,0.28780487804878047,0.48292682926829267
jitter_equal,43,0,0,11,146,59,64,32,0.8807339449541285,0.28780487804878047,0.4682926829268293
jitter_equal,43,0,0,12,146,59,75,20,0.8636363636363636,0.28780487804878047,0.4634146341463415
jitter_equal,43,0,0,13,146,59,81,30,1.1808510638297873,0.28780487804878047,0.5414634146341464
jitter_equal,43,0,0,14,146,59,72,34,1.0707070707070707,0.28780487804878047,0.5170731707317073
jitter_equal,43,0,0,15,146,59,68,26,0.8468468468468469,0.28780487804878047,0.4585365853658537
jitter_equal,43,0,0,16,146,59,72,31,1.0098039215686274,0.28780487804878047,0.5024390243902439
jitter_equal,43,0,0,17,146,59,87,28,1.2777777777777777,0.28780487804878047,0.5609756097560976
jitter_equal,43,0,0,18,146,59,73,34,1.0918367346938775,0.28780487804878047,0.5219512195121951
jitter_equal,43,0,0,19,146,59,74,27,0.9711538461538461,0.28780487804878047,0.4926829268292683
jitter_equal,43,0,0,20,146,59,64,26,0.782608695652174,0.28780487804878047,0.43902439024390244
jitter_equal,43,0,0,21,146,59,66,28,0.8468468468468469,0.28780487804878047,0.4585365853658537
jitter_equal,43,0,0,22,146,59,68,23,0.7982456140350878,0.28780487804878047,0.44390243902439025
jitter_equal,43,0,0,23,146,59,74,39,1.2282608695652173,0.28780487804878047,0.551219512195122
jitter_equal,43,0,1,1,147,60,61,31,0.8,0.2898550724637681,0.4444444444444444
jitter_equal,43,0,1,2,147,60,78,29,1.07,0.2898550724637681,0.5169082125603864
jitter_equal,43,0,1,3,147,60,73,28,0.9528301886792453,0.2898550724637681,0.48792270531400966
jitter_equal,43,0,1,4,147,60,60,29,0.7542372881355932,0.2898550724637681,0.42995169082125606
jitter_equal,43,0,1,5,147,60,68,33,0.9528301886792453,0.2898550724637681,0.48792270531400966
jitter_equal,43,0,1,6,147,60,74,30,1.0097087378640777,0.2898550724637681,0.5024154589371981
jitter_equal,43,0,1,7,147,60,73,35,1.0909090909090908,0.2898550724637681,0.5217391304347826
jitter_equal,43,0,1,8,147,60,76,32,1.0909090909090908,0.2898550724637681,0.5217391304347826
jitter_equal,43,0,1,9,147,60,78,29,1.07,0.2898550724637681,0.5169082125603864
jitter_equal,43,0,1,10,147,60,80,22,0.9714285714285714,0.2898550724637681,0.4927536231884058
jitter_equal,43,0,1,11,147,60,70,26,0.8648648648648649,0.2898550724637681,0.463768115942029
jitter_equal,43,0,1,12,147,60,74,25,0.9166666666666666,0.2898550724637681,0.4782608695652174
jitter_equal,43,0,1,13,147,60,83,30,1.202127659574468,0.2898550724637681,0.5458937198067633
jitter_equal,43,0,1,14,147,60,68,32,0.9345794392523364,0.2898550724637681,0.4830917874396135
jitter_equal,43,0,1,15,147,60,69,31,0.9345794392523364,0.2898550724637681,0.4830917874396135
jitter_equal,43,0,1,16,147,60,73,28,0.9528301886792453,0.2898550724637681,0.48792270531400966
jitter_equal,43,0,1,17,147,60,78,32,1.134020618556701,0.2898550724637681,0.5314009661835749
jitter_equal,43,0,1,18,147,60,79,39,1.3258426966292134,0.2898550724637681,0.5700483091787439
jitter_equal,43,0,1,19,147,60,68,27,0.8482142857142857,0.2898550724637681,0.45893719806763283
jitter_equal,43,0,1,20,147,60,66,32,0.8990825688073395,0.2898550724637681,0.47342995169082125
jitter_equal,43,0,1,21,147,60,61,26,0.725,0.2898550724637681,0.42028985507246375
jitter_equal,43,0,1,22,147,60,68,27,0.8482142857142857,0.2898550724637681,0.45893719806763283
jitter_equal,43,0,1,23,147,60,81,36,1.3,0.2898550724637681,0.5652173913043478
jitter_equal,43,0,1,24,147,60,74,26,0.9345794392523364,0.2898550724637681,0.4830917874396135
jitter_equal,43,0,2,1,147,61,66,27,0.808695652173913,0.2932692307692308,0.44711538461538464
jitter_equal,43,0,2,2,147,61,75,32,1.0594059405940595,0.2932692307692308,0.5144230769230769
jitter_equal,43,0,2,3,147,61,71,31,0.9622641509433962,0.2932692307692308,0.49038461538461536
jitter_equal,43,0,2,4,147,61,61,29,0.7627118644067796,0.2932692307692308,0.4326923076923077
jitter_equal,43,0,2,5,147,61,74,28,0.9622641509433962,0.2932692307692308,0.49038461538461536
jitter_equal,43,0,2,6,147,61,79,26,1.0194174757281553,0.2932692307692308,0.5048076923076923
jitter_equal,43,0,2,7,147,61,79,28,1.0594059405940595,0.2932692307692308,0.5144230769230769
jitter_equal,43,0,2,8,147,61,72,35,1.0594059405940595,0.2932692307692308,0.5144230769230769
jitter_equal,43,0,2,9,147,61,77,31,1.08,0.2932692307692308,0.5192307692307693
jitter_equal,43,0,2,10,147,61,73,28,0.9439252336448598,0.2932692307692308,0.4855769230769231
jitter_equal,43,0,2,11,147,61,74,25,0.908256880733945,0.2932692307692308,0.47596153846153844
jitter_equal,43,0,2,12,147,61,70,29,0.908256880733945,0.2932692307692308,0.47596153846153844
jitter_equal,43,0,2,13,147,61,81,32,1.1894736842105262,0.2932692307692308,0.5432692307692307
jitter_equal,43,0,2,14,147,61,76,24,0.9259259259259259,0.2932692307692308,0.4807692307692308
jitter_equal,43,0,2,15,147,61,71,31,0.9622641509433962,0.2932692307692308,0.49038461538461536
jitter_equal,43,0,2,16,147,61,78,24,0.9622641509433962,0.2932692307692308,0.49038461538461536
jitter_equal,43,0,2,17,147,61,76,33,1.101010101010101,0.2932692307692308,0.5240384615384616
jitter_equal,43,0,2,18,147,61,82,37,1.3370786516853932,0.2932692307692308,0.5721153846153846
jitter_equal,43,0,2,19,147,61,73,23,0.8571428571428571,0.2932692307692308,0.46153846153846156
jitter_equal,43,0,2,20,147,61,67,29,0.8571428571428571,0.2932692307692308,0.46153846153846156
jitter_equal,43,0,2,21,147,61,59,28,0.71900826446281,0.2932692307692308,0.4182692307692308
jitter_equal,43,1,0,1,147,60,66,26,0.8,0.2898550724637681,0.4444444444444444
jitter_equal,43,1,0,2,147,60,78,29,1.07,0.2898550724637681,0.5169082125603864
jitter_equal,43,1,0,3,147,60,71,30,0.9528301886792453,0.2898550724637681,0.48792270531400966
jitter_equal,43,1,0,4,147,60,67,22,0.7542372881355932,0.2898550724637681,0.42995169082125606
jitter_equal,43,1,0,5,147,60,75,26,0.9528301886792453,0.2898550724637681,0.48792270531400966
jitter_equal,43,1,0,6,147,60,72,32,1.0097087378640777,0.2898550724637681,0.5024154589371981
jitter_equal,43,1,0,7,147,60,74,34,1.0909090909090908,0.2898550724637681,0.5217391304347826
jitter_equal,43,1,0,8,147,60,76,32,1.0909090909090908,0.2898550724637681,0.5217391304347826
jitter_equal,43,1,0,9,147,60,84,23,1.07,0.2898550724637681,0.5169082125603864
jitter_equal,43,1,0,10,147,60,74,28,0.9714285714285714,0.2898550724637681,0.4927536231884058
jitter_equal,43,1,0,11,147,60,65,31,0.8648648648648649,0.2898550724637681,0.463768115942029
jitter_equal,43,1,0,12,147,60,68,31,0.9166666666666666,0.2898550724637681,0.4782608695652174
jitter_equal,43,1,0,13,147,60,77,36,1.202127659574468,0.2898550724637681,0.5458937198067633
jitter_equal,43,1,0,14,147,60,75,25,0.9345794392523364,0.2898550724637681,0.4830917874396135
jitter_equal,43,1,0,15,147,60,72,28,0.9345794392523364,0.2898550724637681,0.4830917874396135
jitter_equal,43,1,0,16,147,60,69,32,0.9528301886792453,0.2898550724637681,0.48792270531400966
jitter_equal,43,1,0,17,147,60,78,32,1.134020618556701,0.2898550724637681,0.5314009661835749
jitter_equal,43,1,0,18,147,60,88,30,1.3258426966292134,0.2898550724637681,0.5700483091787439
jitter_equal,43,1,0,19,147,60,63,32,0.8482142857142857,0.2898550724637681,0.45893719806763283
jitter_equal,43,1,0,20,147,60,71,27,0.8990825688073395,0.2898550724637681,0.47342995169082125
jitter_equal,43,1,0,21,147,60,57,30,0.725,0.2898550724637681,0.42028985507246375
jitter_equal,43,1,0,22,147,60,70,25,0.8482142857142857,0.2898550724637681,0.45893719806763283
jitter_equal,43,1,0,23,147,60,91,26,1.3,0.2898550724637681,0.5652173913043478
jitter_equal,43,1,0,24,147,60,73,27,0.9345794392523364,0.2898550724637681,0.4830917874396135
jitter_equal,43,1,0,25,147,60,72,33,1.0294117647058822,0.2898550724637681,0.5072463768115942
jitter_equal,43,1,0,26,147,60,77,27,1.0097087378640777,0.2898550724637681,0.5024154589371981
jitter_equal,43,1,1,1,147,61,66,27,0.808695652173913,0.2932692307692308,0.44711538461538464
jitter_equal,43,1,1,2,147,61,76,31,1.0594059405940595,0.2932692307692308,0.5144230769230769
jitter_equal,43,1,1,3,147,61,70,32,0.9622641509433962,0.2932692307692308,0.49038461538461536
jitter_equal,43,1,1,4,147,61,61,29,0.7627118644067796,0.2932692307692308,0.4326923076923077
jitter_equal,43,1,1,5,147,61,68,34,0.9622641509433962,0.2932692307692308,0.49038461538461536
jitter_equal,43,1,1,6,147,61,72,33,1.0194174757281553,0.2932692307692308,0.5048076923076923
jitter_equal,43,1,1,7,147,61,78,29,1.0594059405940595,0.2932692307692308,0.5144230769230769
jitter_equal,43,1,1,8,147,61,72,35,1.0594059405940595,0.2932692307692308,0.5144230769230769
jitter_equal,43,1,1,9,147,61,79,29,1.08,0.2932692307692308,0.5192307692307693
jitter_equal,43,1,1,10,147,61,73,28,0.9439252336448598,0.2932692307692308,0.4855769230769231
jitter_equal,43,1,1,11,147,61,73,26,0.908256880733945,0.2932692307692308,0.47596153846153844
jitter_equal,43,1,1,12,147,61,66,33,0.908256880733945,0.2932692307692308,0.47596153846153844
jitter_equal,43,1,1,13,147,61,84,29,1.1894736842105262,0.2932692307692308,0.5432692307692307
jitter_equal,43,1,1,14,147,61,66,34,0.9259259259259259,0.2932692307692308,0.4807692307692308
jitter_equal,43,1,1,15,147,61,71,31,0.9622641509433962,0.2932692307692308,0.49038461538461536
jitter_equal,43,1,1,16,147,61,76,26,0.9622641509433962,0.2932692307692308,0.49038461538461536
jitter_equal,43,1,1,17,147,61,76,33,1.101010101010101,0.2932692307692308,0.5240384615384616
jitter_equal,43,1,1,18,147,61,86,33,1.3370786516853932,0.2932692307692308,0.5721153846153846
jitter_equal,43,1,1,19,147,61,72,24,0.8571428571428571,0.2932692307692308,0.46153846153846156
jitter_equal,43,1,1,20,147,61,66,30,0.8571428571428571,0.2932692307692308,0.46153846153846156
jitter_equal,43,1,1,21,147,61,64,23,0.71900826446281,0.2932692307692308,0.4182692307692308
jitter_equal,43,1,1,22,147,61,67,30,0.8738738738738738,0.2932692307692308,0.46634615384615385
jitter_equal,43,1,1,23,147,61,85,34,1.3370786516853932,0.2932692307692308,0.5721153846153846
jitter_equal,43,1,2,1,148,61,68,26,0.8173913043478261,0.291866028708134,0.44976076555023925
jitter_equal,43,1,2,2,148,61,77,31,1.0693069306930694,0.291866028708134,0.5167464114832536
jitter_equal,43,1,2,3,148,61,67,33,0.9174311926605505,0.291866028708134,0.4784688995215311
jitter_equal,43,1,2,4,148,61,67,26,0.8017241379310345,0.291866028708134,0.4449760765550239
jitter_equal,43,1,2,5,148,61,76,25,0.9351851851851852,0.291866028708134,0.48325358851674644
jitter_equal,43,1,2,6,148,61,73,32,1.0096153846153846,0.291866028708134,0.5023923444976076
jitter_equal,43,1,2,7,148,61,73,35,1.0693069306930694,0.291866028708134,0.5167464114832536
jitter_equal,43,1,2,8,148,61,73,34,1.0490196078431373,0.291866028708134,0.5119617224880383
jitter_equal,43,1,2,9,148,61,81,30,1.1326530612244898,0.291866028708134,0.5311004784688995
jitter_equal,43,1,2,10,148,61,66,33,0.9,0.291866028708134,0.47368421052631576
jitter_equal,43,1,2,11,148,61,71,29,0.9174311926605505,0.291866028708134,0.4784688995215311
jitter_equal,43,1,2,12,148,61,75,27,0.9532710280373832,0.291866028708134,0.4880382775119617
jitter_equal,43,1,2,13,148,61,81,29,1.1111111111111112,0.291866028708134,0.5263157894736842
jitter_equal,43,1,2,14,148,61,69,34,0.9716981132075472,0.291866028708134,0.49282296650717705
jitter_equal,43,1,2,15,148,61,71,29,0.9174311926605505,0.291866028708134,0.4784688995215311
jitter_equal,43,1,2,16,148,61,72,30,0.9532710280373832,0.291866028708134,0.4880382775119617
jitter_equal,43,1,2,17,148,61,80,31,1.1326530612244898,0.291866028708134,0.5311004784688995
jitter_equal,43,1,2,18,148,61,81,37,1.2967032967032968,0.291866028708134,0.5645933014354066
jitter_equal,43,1,2,19,148,61,70,25,0.8333333333333334,0.291866028708134,0.45454545454545453
jitter_equal,43,1,2,20,148,61,70,31,0.9351851851851852,0.291866028708134,0.48325358851674644
jitter_equal,43,1,2,21,148,61,61,25,0.6991869918699187,0.291866028708134,0.41148325358851673
jitter_equal,43,2,0,1,147,60,66,26,0.8,0.2898550724637681,0.4444444444444444
jitter_equal,43,2,0,2,147,60,77,30,1.07,0.2898550724637681,0.5169082125603864
jitter_equal,43,2,0,3,147,60,70,31,0.9528301886792453,0.2898550724637681,0.48792270531400966
jitter_equal,43,2,0,4,147,60,63,26,0.7542372881355932,0.2898550724637681,0.42995169082125606
jitter_equal,43,2,0,5,147,60,71,30,0.9528301886792453,0.2898550724637681,0.48792270531400966
jitter_equal,43,2,0,6,147,60,77,27,1.0097087378640777,0.2898550724637681,0.5024154589371981
jitter_equal,43,2,0,7,147,60,77,31,1.0909090909090908,0.2898550724637681,0.5217391304347826
jitter_equal,43,2,0,8,147,60,75,33,1.0909090909090908,0.2898550724637681,0.5217391304347826
jitter_equal,43,2,0,9,147,60,80,27,1.07,0.2898550724637681,0.5169082125603864
jitter_equal,43,2,0,10,147,60,75,27,0.9714285714285714,0.2898550724637681,0.4927536231884058
jitter_equal,43,2,0,11,147,60,72,24,0.8648648648648649,0.2898550724637681,0.463768115942029
jitter_equal,43,2,0,12,147,60,73,26,0.9166666666666666,0.2898550724637681,0.4782608695652174
jitter_equal,43,2,0,13,147,60,77,36,1.202127659574468,0.2898550724637681,0.5458937198067633
jitter_equal,43,2,0,14,147,60,71,29,0.9345794392523364,0.2898550724637681,0.4830917874396135
jitter_equal,43,2,0,15,147,60,69,31,0.9345794392523364,0.2898550724637681,0.4830917874396135
jitter_equal,43,2,0,16,147,60,75,26,0.9528301886792453,0.2898550724637681,0.48792270531400966
jitter_equal,43,2,0,17,147,60,75,35,1.134020618556701,0.2898550724637681,0.5314009661835749
jitter_equal,43,2,0,18,147,60,78,40,1.3258426966292134,0.2898550724637681,0.5700483091787439
jitter_equal,43,2,0,19,147,60,68,27,0.8482142857142857,0.2898550724637681,0.45893719806763283
jitter_equal,43,2,0,20,147,60,72,26,0.8990825688073395,0.2898550724637681,0.47342995169082125
jitter_equal,43,2,0,21,147,60,62,25,0.725,0.2898550724637681,0.42028985507246375
jitter_equal,43,2,0,22,147,60,63,32,0.8482142857142857,0.2898550724637681,0.45893719806763283
jitter_equal,43,2,0,23,147,60,80,37,1.3,0.2898550724637681,0.5652173913043478
jitter_equal,43,2,0,24,147,60,70,30,0.9345794392523364,0.2898550724637681,0.4830917874396135
jitter_equal,43,2,0,25,147,60,80,25,1.0294117647058822,0.2898550724637681,0.5072463768115942
jitter_equal,43,2,0,26,147,60,74,30,1.0097087378640777,0.2898550724637681,0.5024154589371981
jitter_equal,43,2,1,1,147,61,67,26,0.808695652173913,0.2932692307692308,0.44711538461538464
jitter_equal,43,2,1,2,147,61,75,32,1.0594059405940595,0.2932692307692308,0.5144230769230769
jitter_equal,43,2,1,3,147,61,71,31,0.9622641509433962,0.2932692307692308,0.49038461538461536
jitter_equal,43,2,1,4,147,61,64,26,0.7627118644067796,0.2932692307692308,0.4326923076923077
jitter_equal,43,2,1,5,147,61,71,31,0.9622641509433962,0.2932692307692308,0.49038461538461536
jitter_equal,43,2,1,6,147,61,73,32,1.0194174757281553,0.2932692307692308,0.5048076923076923
jitter_equal,43,2,1,7,147,61,75,32,1.0594059405940595,0.2932692307692308,0.5144230769230769
jitter_equal,43,2,1,8,147,61,76,31,1.0594059405940595,0.2932692307692308,0.5144230769230769
jitter_equal,43,2,1,9,147,61,75,33,1.08,0.2932692307692308,0.5192307692307693
jitter_equal,43,2,1,10,147,61,74,27,0.9439252336448598,0.2932692307692308,0.4855769230769231
jitter_equal,43,2,1,11,147,61,71,28,0.908256880733945,0.2932692307692308,0.47596153846153844
jitter_equal,43,2,1,12,147,61,71,28,0.908256880733945,0.2932692307692308,0.47596153846153844
jitter_equal,43,2,1,13,147,61,80,33,1.1894736842105262,0.2932692307692308,0.5432692307692307
jitter_equal,43,2,1,14,147,61,75,25,0.9259259259259259,0.2932692307692308,0.4807692307692308
jitter_equal,43,2,1,15,147,61,76,26,0.9622641509433962,0.2932692307692308,0.49038461538461536
jitter_equal,43,2,1,16,147,61,73,29,0.9622641509433962,0.2932692307692308,0.49038461538461536
jitter_equal,43,2,1,17,147,61,75,34,1.101010101010101,0.2932692307692308,0.5240384615384616
jitter_equal,43,2,1,18,147,61,85,34,1.3370786516853932,0.2932692307692308,0.5721153846153846
jitter_equal,43,2,1,19,147,61,70,26,0.8571428571428571,0.2932692307692308,0.46153846153846156
jitter_equal,43,2,1,20,147,61,65,31,0.8571428571428571,0.2932692307692308,0.46153846153846156
jitter_equal,43,2,1,21,147,61,57,30,0.71900826446281,0.2932692307692308,0.4182692307692308
jitter_equal,43,2,1,22,147,61,65,32,0.8738738738738738,0.2932692307692308,0.46634615384615385
jitter_equal,43,2,1,23,147,61,85,34,1.3370786516853932,0.2932692307692308,0.5721153846153846
jitter_equal,43,2,1,24,147,61,71,28,0.908256880733945,0.2932692307692308,0.47596153846153844
jitter_equal,43,2,1,25,147,61,76,32,1.08,0.2932692307692308,0.5192307692307693
jitter_equal,43,2,2,1,148,61,62,32,0.8173913043478261,0.291866028708134,0.44976076555023925
jitter_equal,43,2,2,2,148,61,75,33,1.0693069306930694,0.291866028708134,0.5167464114832536
jitter_equal,43,2,2,3,148,61,74,26,0.9174311926605505,0.291866028708134,0.4784688995215311
jitter_equal,43,2,2,4,148,61,68,25,0.8017241379310345,0.291866028708134,0.4449760765550239
jitter_equal,43,2,2,5,148,61,71,30,0.9351851851851852,0.291866028708134,0.48325358851674644
jitter_equal,43,2,2,6,148,61,75,30,1.0096153846153846,0.291866028708134,0.5023923444976076
jitter_equal,43,2,2,7,148,61,82,26,1.0693069306930694,0.291866028708134,0.5167464114832536
jitter_equal,43,2,2,8,148,61,76,31,1.0490196078431373,0.291866028708134,0.5119617224880383
jitter_equal,43,2,2,9,148,61,76,35,1.1326530612244898,0.291866028708134,0.5311004784688995
jitter_equal,43,2,2,10,148,61,71,28,0.9,0.291866028708134,0.47368421052631576
jitter_equal,43,2,2,11,148,61,71,29,0.9174311926605505,0.291866028708134,0.4784688995215311
jitter_equal,43,2,2,12,148,61,76,26,0.9532710280373832,0.291866028708134,0.4880382775119617
jitter_equal,43,2,2,13,148,61,78,32,1.1111111111111112,0.291866028708134,0.5263157894736842
jitter_equal,43,2,2,14,148,61,68,35,0.9716981132075472,0.291866028708134,0.49282296650717705
jitter_equal,43,2,2,15,148,61,72,28,0.9174311926605505,0.291866028708134,0.4784688995215311
jitter_equal,43,2,2,16,148,61,74,28,0.9532710280373832,0.291866028708134,0.4880382775119617
jitter_equal,43,2,2,17,148,61,81,30,1.1326530612244898,0.291866028708134,0.5311004784688995
jitter_equal,43,2,2,18,148,61,88,30,1.2967032967032968,0.291866028708134,0.5645933014354066
jitter_equal,43,2,2,19,148,61,70,25,0.8333333333333334,0.291866028708134,0.45454545454545453
jitter_equal,43,3,0,1,147,61,62,31,0.808695652173913,0.2932692307692308,0.44711538461538464
jitter_equal,43,3,0,2,147,61,76,31,1.0594059405940595,0.2932692307692308,0.5144230769230769
jitter_equal,43,3,0,3,147,61,71,31,0.9622641509433962,0.2932692307692308,0.49038461538461536
jitter_equal,43,3,0,4,147,61,64,26,0.7627118644067796,0.2932692307692308,0.4326923076923077
jitter_equal,43,3,0,5,147,61,68,34,0.9622641509433962,0.2932692307692308,0.49038461538461536
jitter_equal,43,3,0,6,147,61,69,36,1.0194174757281553,0.2932692307692308,0.5048076923076923
jitter_equal,43,3,0,7,147,61,70,37,1.0594059405940595,0.2932692307692308,0.5144230769230769
jitter_equal,43,3,0,8,147,61,77,30,1.0594059405940595,0.2932692307692308,0.5144230769230769
jitter_equal,43,3,0,9,147,61,77,31,1.08,0.2932692307692308,0.5192307692307693
jitter_equal,43,3,0,10,147,61,78,23,0.9439252336448598,0.2932692307692308,0.4855769230769231
jitter_equal,43,3,0,11,147,61,71,28,0.908256880733945,0.2932692307692308,0.47596153846153844
jitter_equal,43,3,0,12,147,61,70,29,0.908256880733945,0.2932692307692308,0.47596153846153844
jitter_equal,43,3,0,13,147,61,71,42,1.1894736842105262,0.2932692307692308,0.5432692307692307
jitter_equal,43,3,0,14,147,61,73,27,0.9259259259259259,0.2932692307692308,0.4807692307692308
jitter_equal,43,3,0,15,147,61,73,29,0.9622641509433962,0.2932692307692308,0.49038461538461536
jitter_equal,43,3,0,16,147,61,74,28,0.9622641509433962,0.2932692307692308,0.49038461538461536
jitter_equal,43,3,0,17,147,61,73,36,1.101010101010101,0.2932692307692308,0.5240384615384616
jitter_equal,43,3,0,18,147,61,86,33,1.3370786516853932,0.2932692307692308,0.5721153846153846
jitter_equal,43,3,0,19,147,61,61,35,0.8571428571428571,0.2932692307692308,0.46153846153846156
jitter_equal,43,3,0,20,147,61,66,30,0.8571428571428571,0.2932692307692308,0.46153846153846156
jitter_equal,43,3,0,21,147,61,58,29,0.71900826446281,0.2932692307692308,0.4182692307692308
jitter_equal,43,3,0,22,147,61,71,26,0.8738738738738738,0.2932692307692308,0.46634615384615385
jitter_equal,43,3,0,23,147,61,90,29,1.3370786516853932,0.2932692307692308,0.5721153846153846
jitter_equal,43,3,0,24,147,61,69,30,0.908256880733945,0.2932692307692308,0.47596153846153844
jitter_equal,43,3,0,25,147,61,75,33,1.08,0.2932692307692308,0.5192307692307693
jitter_equal,43,3,1,1,147,61,68,25,0.808695652173913,0.2932692307692308,0.44711538461538464
jitter_equal,43,3,1,2,147,61,77,30,1.0594059405940595,0.2932692307692308,0.5144230769230769
jitter_equal,43,3,1,3,147,61,66,36,0.9622641509433962,0.2932692307692308,0.49038461538461536
jitter_equal,43,3,1,4,147,61,65,25,0.7627118644067796,0.2932692307692308,0.4326923076923077
jitter_equal,43,3,1,5,147,61,73,29,0.9622641509433962,0.2932692307692308,0.49038461538461536
jitter_equal,43,3,1,6,147,61,75,30,1.0194174757281553,0.2932692307692308,0.5048076923076923
jitter_equal,43,3,1,7,147,61,73,34,1.0594059405940595,0.2932692307692308,0.5144230769230769
jitter_equal,43,3,1,8,147,61,74,33,1.0594059405940595,0.2932692307692308,0.5144230769230769
jitter_equal,43,3,1,9,147,61,76,32,1.08,0.2932692307692308,0.5192307692307693
jitter_equal,43,3,1,10,147,61,67,34,0.9439252336448598,0.2932692307692308,0.4855769230769231
jitter_equal,43,3,1,11,147,61,75,24,0.908256880733945,0.2932692307692308,0.47596153846153844
jitter_equal,43,3,1,12,147,61,72,27,0.908256880733945,0.2932692307692308,0.47596153846153844
jitter_equal,43,3,1,13,147,61,80,33,1.1894736842105262,0.2932692307692308,0.5432692307692307
jitter_equal,43,3,1,14,147,61,67,33,0.9259259259259259,0.2932692307692308,0.4807692307692308
jitter_equal,43,3,1,15,147,61,72,30,0.9622641509433962,0.2932692307692308,0.49038461538461536
jitter_equal,43,3,1,16,147,61,72,30,0.9622641509433962,0.2932692307692308,0.49038461538461536
jitter_equal,43,3,1,17,147,61,79,30,1.101010101010101,0.2932692307692308,0.5240384615384616
jitter_equal,43,3,1,18,147,61,84,35,1.3370786516853932,0.2932692307692308,0.5721153846153846
jitter_equal,43,3,1,19,147,61,70,26,0.8571428571428571,0.2932692307692308,0.46153846153846156
jitter_equal,43,3,1,20,147,61,72,24,0.8571428571428571,0.2932692307692308,0.46153846153846156
jitter_equal,43,3,1,21,147,61,55,32,0.71900826446281,0.2932692307692308,0.4182692307692308
jitter_equal,43,3,1,22,147,61,64,33,0.8738738738738738,0.2932692307692308,0.46634615384615385
jitter_equal,43,3,2,1,148,62,71,24,0.8260869565217391,0.29523809523809524,0.4523809523809524
jitter_equal,43,3,2,2,148,62,72,37,1.0792079207920793,0.29523809523809524,0.5190476190476191
jitter_equal,43,3,2,3,148,62,64,35,0.8918918918918919,0.29523809523809524,0.4714285714285714
jitter_equal,43,3,2,4,148,62,68,27,0.8260869565217391,0.29523809523809524,0.4523809523809524
jitter_equal,43,3,2,5,148,62,71,29,0.9090909090909091,0.29523809523809524,0.47619047619047616
jitter_equal,43,3,2,6,148,62,73,33,1.0192307692307692,0.29523809523809524,0.5047619047619047
jitter_equal,43,3,2,7,148,62,78,32,1.1,0.29523809523809524,0.5238095238095238
jitter_equal,43,3,2,8,148,62,73,36,1.0792079207920793,0.29523809523809524,0.5190476190476191
jitter_equal,43,3,2,9,148,62,77,35,1.1428571428571428,0.29523809523809524,0.5333333333333333
jitter_equal,43,3,2,10,148,62,73,25,0.875,0.29523809523809524,0.4666666666666667
jitter_equal,43,3,2,11,148,62,66,31,0.8584070796460177,0.29523809523809524,0.46190476190476193
jitter_equal,43,3,2,12,148,62,74,33,1.0388349514563107,0.29523809523809524,0.5095238095238095
jitter_equal,43,3,2,13,148,62,78,32,1.1,0.29523809523809524,0.5238095238095238
jitter_equal,43,3,2,14,148,62,67,30,0.8584070796460177,0.29523809523809524,0.46190476190476193
jitter_equal,43,3,2,15,148,62,75,27,0.9444444444444444,0.29523809523809524,0.4857142857142857
jitter_equal,43,3,2,16,148,62,73,34,1.0388349514563107,0.29523809523809524,0.5095238095238095
jitter_equal,43,3,2,17,148,62,80,34,1.1875,0.29523809523809524,0.5428571428571428
jitter_equal,43,3,2,18,148,62,81,35,1.2340425531914894,0.29523809523809524,0.5523809523809524
jitter_equal,43,3,2,19,148,62,66,27,0.7948717948717948,0.29523809523809524,0.44285714285714284
jitter_equal,43,3,2,20,148,62,69,33,0.9444444444444444,0.29523809523809524,0.4857142857142857
jitter_equal,43,4,0,1,147,61,66,27,0.808695652173913,0.2932692307692308,0.44711538461538464
jitter_equal,43,4,0,2,147,61,77,30,1.0594059405940595,0.2932692307692308,0.5144230769230769
jitter_equal,43,4,0,3,147,61,74,28,0.9622641509433962,0.2932692307692308,0.49038461538461536
jitter_equal,43,4,0,4,147,61,66,24,0.7627118644067796,0.2932692307692308,0.4326923076923077
jitter_equal,43,4,0,5,147,61,72,30,0.9622641509433962,0.2932692307692308,0.49038461538461536
jitter_equal,43,4,0,6,147,61,76,29,1.0194174757281553,0.2932692307692308,0.5048076923076923
jitter_equal,43,4,0,7,147,61,73,34,1.0594059405940595,0.2932692307692308,0.5144230769230769
jitter_equal,43,4,0,8,147,61,72,35,1.0594059405940595,0.2932692307692308,0.5144230769230769
jitter_equal,43,4,0,9,147,61,76,32,1.08,0.2932692307692308,0.5192307692307693
jitter_equal,43,4,0,10,147,61,71,30,0.9439252336448598,0.2932692307692308,0.4855769230769231
jitter_equal,43,4,0,11,147,61,72,27,0.908256880733945,0.2932692307692308,0.47596153846153844
jitter_equal,43,4,0,12,147,61,68,31,0.908256880733945,0.2932692307692308,0.47596153846153844
jitter_equal,43,4,0,13,147,61,80,33,1.1894736842105262,0.2932692307692308,0.5432692307692307
jitter_equal,43,4,0,14,147,61,69,31,0.9259259259259259,0.2932692307692308,0.4807692307692308
jitter_equal,43,4,0,15,147,61,71,31,0.9622641509433962,0.2932692307692308,0.49038461538461536
jitter_equal,43,4,0,16,147,61,82,20,0.9622641509433962,0.2932692307692308,0.49038461538461536
jitter_equal,43,4,0,17,147,61,71,38,1.101010101010101,0.2932692307692308,0.5240384615384616
jitter_equal,43,4,0,18,147,61,81,38,1.3370786516853932,0.2932692307692308,0.5721153846153846
jitter_equal,43,4,0,19,147,61,65,31,0.8571428571428571,0.2932692307692308,0.46153846153846156
jitter_equal,43,4,0,20,147,61,69,27,0.8571428571428571,0.2932692307692308,0.46153846153846156
jitter_equal,43,4,0,21,147,61,58,29,0.71900826446281,0.2932692307692308,0.4182692307692308
jitter_equal,43,4,0,22,147,61,65,32,0.8738738738738738,0.2932692307692308,0.46634615384615385
jitter_equal,43,4,0,23,147,61,84,35,1.3370786516853932,0.2932692307692308,0.5721153846153846
jitter_equal,43,4,0,24,147,61,70,29,0.908256880733945,0.2932692307692308,0.47596153846153844
jitter_equal,43,4,1,1,147,61,67,26,0.808695652173913,0.2932692307692308,0.44711538461538464
jitter_equal,43,4,1,2,147,61,75,32,1.0594059405940595,0.2932692307692308,0.5144230769230769
jitter_equal,43,4,1,3,147,61,70,32,0.9622641509433962,0.2932692307692308,0.49038461538461536
jitter_equal,43,4,1,4,147,61,66,24,0.7627118644067796,0.2932692307692308,0.4326923076923077
jitter_equal,43,4,1,5,147,61,69,33,0.9622641509433962,0.2932692307692308,0.49038461538461536
jitter_equal,43,4,1,6,147,61,77,28,1.0194174757281553,0.2932692307692308,0.5048076923076923
jitter_equal,43,4,1,7,147,61,78,29,1.0594059405940595,0.2932692307692308,0.5144230769230769
jitter_equal,43,4,1,8,147,61,71,36,1.0594059405940595,0.2932692307692308,0.5144230769230769
jitter_equal,43,4,1,9,147,61,77,31,1.08,0.2932692307692308,0.5192307692307693
jitter_equal,43,4,1,10,147,61,69,32,0.9439252336448598,0.2932692307692308,0.4855769230769231
jitter_equal,43,4,1,11,147,61,76,23,0.908256880733945,0.2932692307692308,0.47596153846153844
jitter_equal,43,4,1,12,147,61,64,35,0.908256880733945,0.2932692307692308,0.47596153846153844
jitter_equal,43,4,1,13,147,61,77,36,1.1894736842105262,0.2932692307692308,0.5432692307692307
jitter_equal,43,4,1,14,147,61,66,34,0.9259259259259259,0.2932692307692308,0.4807692307692308
jitter_equal,43,4,1,15,147,61,80,22,0.9622641509433962,0.2932692307692308,0.49038461538461536
jitter_equal,43,4,1,16,147,61,73,29,0.9622641509433962,0.2932692307692308,0.49038461538461536
jitter_equal,43,4,1,17,147,61,76,33,1.101010101010101,0.2932692307692308,0.5240384615384616
jitter_equal,43,4,1,18,147,61,87,32,1.3370786516853932,0.2932692307692308,0.5721153846153846
jitter_equal,43,4,1,19,147,61,71,25,0.8571428571428571,0.2932692307692308,0.46153846153846156
jitter_equal,43,4,1,20,147,61,73,23,0.8571428571428571,0.2932692307692308,0.46153846153846156
jitter_equal,43,4,1,21,147,61,66,21,0.71900826446281,0.2932692307692308,0.4182692307692308
jitter_equal,43,4,1,22,147,61,69,28,0.8738738738738738,0.2932692307692308,0.46634615384615385
jitter_equal,43,4,1,23,147,61,81,38,1.3370786516853932,0.2932692307692308,0.5721153846153846
jitter_equal,43,4,1,24,147,61,65,34,0.908256880733945,0.2932692307692308,0.47596153846153844
jitter_equal,43,4,1,25,147,61,71,37,1.08,0.2932692307692308,0.5192307692307693
jitter_equal,43,4,1,26,147,61,75,32,1.0594059405940595,0.2932692307692308,0.5144230769230769
jitter_equal,43,4,1,27,147,61,72,32,1.0,0.2932692307692308,0.5
jitter_equal,43,4,2,1,148,62,67,28,0.8260869565217391,0.29523809523809524,0.4523809523809524
jitter_equal,43,4,2,2,148,62,81,28,1.0792079207920793,0.29523809523809524,0.5190476190476191
jitter_equal,43,4,2,3,148,62,70,29,0.8918918918918919,0.29523809523809524,0.4714285714285714
jitter_equal,43,4,2,4,148,62,71,24,0.8260869565217391,0.29523809523809524,0.4523809523809524
jitter_equal,43,4,2,5,148,62,70,30,0.9090909090909091,0.29523809523809524,0.47619047619047616
jitter_equal,43,4,2,6,148,62,77,29,1.0192307692307692,0.29523809523809524,0.5047619047619047
jitter_equal,43,4,2,7,148,62,79,31,1.1,0.29523809523809524,0.5238095238095238
jitter_equal,43,4,2,8,148,62,81,28,1.0792079207920793,0.29523809523809524,0.5190476190476191
jitter_equal,43,4,2,9,148,62,74,38,1.1428571428571428,0.29523809523809524,0.5333333333333333
jitter_equal,43,4,2,10,148,62,71,27,0.875,0.29523809523809524,0.4666666666666667
jitter_equal,43,4,2,11,148,62,65,32,0.8584070796460177,0.29523809523809524,0.46190476190476193
jitter_equal,43,4,2,12,148,62,75,32,1.0388349514563107,0.29523809523809524,0.5095238095238095
jitter_equal,43,4,2,13,148,62,79,31,1.1,0.29523809523809524,0.5238095238095238
jitter_equal,43,4,2,14,148,62,65,32,0.8584070796460177,0.29523809523809524,0.46190476190476193
jitter_equal,43,4,2,15,148,62,70,32,0.9444444444444444,0.29523809523809524,0.4857142857142857
jitter_equal,43,4,2,16,148,62,75,32,1.0388349514563107,0.29523809523809524,0.5095238095238095
jitter_equal,43,4,2,17,148,62,78,36,1.1875,0.29523809523809524,0.5428571428571428
jitter_equal,43,4,2,18,148,62,79,37,1.2340425531914894,0.29523809523809524,0.5523809523809524
jitter_equal,43,4,2,19,148,62,66,27,0.7948717948717948,0.29523809523809524,0.44285714285714284
jitter_equal,43,4,2,20,148,62,69,33,0.9444444444444444,0.29523809523809524,0.4857142857142857
jitter_equal,43,4,2,21,148,62,60,29,0.7355371900826446,0.29523809523809524,0.4238095238095238
jitter_equal,43,4,2,22,148,62,68,30,0.875,0.29523809523809524,0.4666666666666667
jitter_equal,44,0,0,1,146,59,77,36,1.2282608695652173,0.28780487804878047,0.551219512195122
jitter_equal,44,0,0,2,146,59,72,30,0.9902912621359223,0.28780487804878047,0.4975609756097561
jitter_equal,44,0,0,3,146,59,74,27,0.9711538461538461,0.28780487804878047,0.4926829268292683
jitter_equal,44,0,0,4,146,59,72,23,0.8636363636363636,0.28780487804878047,0.4634146341463415
jitter_equal,44,0,0,5,146,59,80,32,1.2043010752688172,0.28780487804878047,0.5463414634146342
jitter_equal,44,0,0,6,146,59,73,33,1.0707070707070707,0.28780487804878047,0.5170731707317073
jitter_equal,44,0,0,7,146,59,71,26,0.8981481481481481,0.28780487804878047,0.47317073170731705
jitter_equal,44,0,0,8,146,59,71,31,0.9902912621359223,0.28780487804878047,0.4975609756097561
jitter_equal,44,0,0,9,146,59,82,33,1.2777777777777777,0.28780487804878047,0.5609756097560976
jitter_equal,44,0,0,10,146,59,74,32,1.0707070707070707,0.28780487804878047,0.5170731707317073
jitter_equal,44,0,0,11,146,59,69,30,0.9339622641509434,0.28780487804878047,0.48292682926829267
jitter_equal,44,0,0,12,146,59,69,30,0.9339622641509434,0.28780487804878047,0.48292682926829267
jitter_equal,44,0,0,13,146,59,66,29,0.8636363636363636,0.28780487804878047,0.4634146341463415
jitter_equal,44,0,0,14,146,59,58,33,0.7982456140350878,0.28780487804878047,0.44390243902439025
jitter_equal,44,0,0,15,146,59,70,34,1.0297029702970297,0.28780487804878047,0.5073170731707317
jitter_equal,44,0,0,16,146,59,72,28,0.9523809523809523,0.28780487804878047,0.4878048780487805
jitter_equal,44,0,0,17,146,59,70,27,0.8981481481481481,0.28780487804878047,0.47317073170731705
jitter_equal,44,0,0,18,146,59,72,29,0.9711538461538461,0.28780487804878047,0.4926829268292683
jitter_equal,44,0,0,19,146,59,72,29,0.9711538461538461,0.28780487804878047,0.4926829268292683
jitter_equal,44,0,0,20,146,59,77,28,1.05,0.28780487804878047,0.5121951219512195
jitter_equal,44,0,0,21,146,59,78,32,1.1578947368421053,0.28780487804878047,0.5365853658536586
jitter_equal,44,0,0,22,146,59,61,22,0.680327868852459,0.28780487804878047,0.40487804878048783
jitter_equal,44,0,0,23,146,59,67,30,0.8981481481481481,0.28780487804878047,0.47317073170731705
jitter_equal,44,0,0,24,146,59,72,31,1.0098039215686274,0.28780487804878047,0.5024390243902439
jitter_equal,44,0,1,1,147,60,79,35,1.2258064516129032,0.2898550724637681,0.5507246376811594
jitter_equal,44,0,1,2,147,60,75,29,1.0097087378640777,0.2898550724637681,0.5024154589371981
jitter_equal,44,0,1,3,147,60,69,32,0.9528301886792453,0.2898550724637681,0.48792270531400966
jitter_equal,44,0,1,4,147,60,65,30,0.8482142857142857,0.2898550724637681,0.45893719806763283
jitter_equal,44,0,1,5,147,60,80,31,1.15625,0.2898550724637681,0.5362318840579711
jitter_equal,44,0,1,6,147,60,78,31,1.1122448979591837,0.2898550724637681,0.5265700483091788
jitter_equal,44,0,1,7,147,60,78,21,0.9166666666666666,0.2898550724637681,0.4782608695652174
jitter_equal,44,0,1,8,147,60,73,30,0.9903846153846154,0.2898550724637681,0.4975845410628019
jitter_equal,44,0,1,9,147,60,80,35,1.25,0.2898550724637681,0.5555555555555556
jitter_equal,44,0,1,10,147,60,76,33,1.1122448979591837,0.2898550724637681,0.5265700483091788
jitter_equal,44,0,1,11,147,60,70,27,0.8818181818181818,0.2898550724637681,0.46859903381642515
jitter_equal,44,0,1,12,147,60,78,28,1.0495049504950495,0.2898550724637681,0.5120772946859904
jitter_equal,44,0,1,13,147,60,68,26,0.831858407079646,0.2898550724637681,0.45410628019323673
jitter_equal,44,0,1,14,147,60,67,26,0.8157894736842105,0.2898550724637681,0.4492753623188406
jitter_equal,44,0,1,15,147,60,77,22,0.9166666666666666,0.2898550724637681,0.4782608695652174
jitter_equal,44,0,1,16,147,60,72,35,1.07,0.2898550724637681,0.5169082125603864
jitter_equal,44,0,1,17,147,60,65,26,0.7844827586206896,0.2898550724637681,0.4396135265700483
jitter_equal,44,0,1,18,147,60,82,25,1.07,0.2898550724637681,0.5169082125603864
jitter_equal,44,0,1,19,147,60,73,32,1.0294117647058822,0.2898550724637681,0.5072463768115942
jitter_equal,44,0,1,20,147,60,78,27,1.0294117647058822,0.2898550724637681,0.5072463768115942
jitter_equal,44,0,2,1,147,61,79,36,1.2365591397849462,0.2932692307692308,0.5528846153846154
jitter_equal,44,0,2,2,147,61,70,34,1.0,0.2932692307692308,0.5
jitter_equal,44,0,2,3,147,61,66,34,0.9259259259259259,0.2932692307692308,0.4807692307692308
jitter_equal,44,0,2,4,147,61,68,29,0.8738738738738738,0.2932692307692308,0.46634615384615385
jitter_equal,44,0,2,5,147,61,82,30,1.1666666666666667,0.2932692307692308,0.5384615384615384
jitter_equal,44,0,2,6,147,61,80,29,1.101010101010101,0.2932692307692308,0.5240384615384616
jitter_equal,44,0,2,7,147,61,69,30,0.908256880733945,0.2932692307692308,0.47596153846153844
jitter_equal,44,0,2,8,147,61,69,35,1.0,0.2932692307692308,0.5
jitter_equal,44,0,2,9,147,61,77,39,1.2608695652173914,0.2932692307692308,0.5576923076923077
jitter_equal,44,0,2,10,147,61,80,30,1.1224489795918366,0.2932692307692308,0.5288461538461539
jitter_equal,44,0,2,11,147,61,73,26,0.908256880733945,0.2932692307692308,0.47596153846153844
jitter_equal,44,0,2,12,147,61,67,36,0.9809523809523809,0.2932692307692308,0.4951923076923077
jitter_equal,44,0,2,13,147,61,69,29,0.8909090909090909,0.2932692307692308,0.47115384615384615
jitter_equal,44,0,2,14,147,61,58,29,0.71900826446281,0.2932692307692308,0.4182692307692308
jitter_equal,44,0,2,15,147,61,74,31,1.0194174757281553,0.2932692307692308,0.5048076923076923
jitter_equal,44,0,2,16,147,61,77,29,1.0392156862745099,0.2932692307692308,0.5096153846153846
jitter_equal,44,0,2,17,147,61,61,31,0.7931034482758621,0.2932692307692308,0.4423076923076923
jitter_equal,44,0,2,18,147,61,80,30,1.1224489795918366,0.2932692307692308,0.5288461538461539
jitter_equal,44,0,2,19,147,61,71,32,0.9809523809523809,0.2932692307692308,0.4951923076923077
jitter_equal,44,0,2,20,147,61,76,28,1.0,0.2932692307692308,0.5
jitter_equal,44,1,0,1,147,60,82,32,1.2258064516129032,0.2898550724637681,0.5507246376811594
jitter_equal,44,1,0,2,147,60,80,24,1.0097087378640777,0.2898550724637681,0.5024154589371981
jitter_equal,44,1,0,3,147,60,76,25,0.9528301886792453,0.2898550724637681,0.48792270531400966
jitter_equal,44,1,0,4,147,60,66,29,0.8482142857142857,0.2898550724637681,0.45893719806763283
jitter_equal,44,1,0,5,147,60,75,36,1.15625,0.2898550724637681,0.5362318840579711
jitter_equal,44,1,0,6,147,60,79,30,1.1122448979591837,0.2898550724637681,0.5265700483091788
jitter_equal,44,1,0,7,147,60,72,27,0.9166666666666666,0.2898550724637681,0.4782608695652174
jitter_equal,44,1,0,8,147,60,69,34,0.9903846153846154,0.2898550724637681,0.4975845410628019
jitter_equal,44,1,0,9,147,60,86,29,1.25,0.2898550724637681,0.5555555555555556
jitter_equal,44,1,0,10,147,60,81,28,1.1122448979591837,0.2898550724637681,0.5265700483091788
jitter_equal,44,1,0,11,147,60,62,35,0.8818181818181818,0.2898550724637681,0.46859903381642515
jitter_equal,44,1,0,12,147,60,75,31,1.0495049504950495,0.2898550724637681,0.5120772946859904
jitter_equal,44,1,0,13,147,60,69,25,0.831858407079646,0.2898550724637681,0.45410628019323673
jitter_equal,44,1,0,14,147,60,74,19,0.8157894736842105,0.2898550724637681,0.4492753623188406
jitter_equal,44,1,0,15,147,60,67,32,0.9166666666666666,0.2898550724637681,0.4782608695652174
jitter_equal,44,1,0,16,147,60,75,32,1.07,0.2898550724637681,0.5169082125603864
jitter_equal,44,1,0,17,147,60,63,28,0.7844827586206896,0.2898550724637681,0.4396135265700483
jitter_equal,44,1,0,18,147,60,80,27,1.07,0.2898550724637681,0.5169082125603864
jitter_equal,44,1,0,19,147,60,76,29,1.0294117647058822,0.2898550724637681,0.5072463768115942
jitter_equal,44,1,0,20,147,60,72,33,1.0294117647058822,0.2898550724637681,0.5072463768115942
jitter_equal,44,1,0,21,147,60,77,26,0.9903846153846154,0.2898550724637681,0.4975845410628019
jitter_equal,44,1,0,22,147,60,63,24,0.725,0.2898550724637681,0.42028985507246375
jitter_equal,44,1,0,23,147,60,70,27,0.8818181818181818,0.2898550724637681,0.46859903381642515
jitter_equal,44,1,0,24,147,60,78,31,1.1122448979591837,0.2898550724637681,0.5265700483091788
jitter_equal,44,1,0,25,147,60,67,38,1.0294117647058822,0.2898550724637681,0.5072463768115942
jitter_equal,44,1,1,1,147,61,82,33,1.2365591397849462,0.2932692307692308,0.5528846153846154
jitter_equal,44,1,1,2,147,61,73,31,1.0,0.2932692307692308,0.5
jitter_equal,44,1,1,3,147,61,68,32,0.9259259259259259,0.2932692307692308,0.4807692307692308
jitter_equal,44,1,1,4,147,61,68,29,0.8738738738738738,0.2932692307692308,0.46634615384615385
jitter_equal,44,1,1,5,147,61,75,37,1.1666666666666667,0.2932692307692308,0.5384615384615384
jitter_equal,44,1,1,6,147,61,79,30,1.101010101010101,0.2932692307692308,0.5240384615384616
jitter_equal,44,1,1,7,147,61,72,27,0.908256880733945,0.2932692307692308,0.47596153846153844
jitter_equal,44,1,1,8,147,61,71,33,1.0,0.2932692307692308,0.5
jitter_equal,44,1,1,9,147,61,81,35,1.2608695652173914,0.2932692307692308,0.5576923076923077
jitter_equal,44,1,1,10,147,61,71,39,1.1224489795918366,0.2932692307692308,0.5288461538461539
jitter_equal,44,1,1,11,147,61,72,27,0.908256880733945,0.2932692307692308,0.47596153846153844
jitter_equal,44,1,1,12,147,61,67,36,0.9809523809523809,0.2932692307692308,0.4951923076923077
jitter_equal,44,1,1,13,147,61,62,36,0.8909090909090909,0.2932692307692308,0.47115384615384615
jitter_equal,44,1,1,14,147,61,65,22,0.71900826446281,0.2932692307692308,0.4182692307692308
jitter_equal,44,1,1,15,147,61,73,32,1.0194174757281553,0.2932692307692308,0.5048076923076923
jitter_equal,44,1,1,16,147,61,75,31,1.0392156862745099,0.2932692307692308,0.5096153846153846
jitter_equal,44,1,1,17,147,61,64,28,0.7931034482758621,0.2932692307692308,0.4423076923076923
jitter_equal,44,1,1,18,147,61,83,27,1.1224489795918366,0.2932692307692308,0.5288461538461539
jitter_equal,44,1,1,19,147,61,76,27,0.9809523809523809,0.2932692307692308,0.4951923076923077
jitter_equal,44,1,1,20,147,61,72,32,1.0,0.2932692307692308,0.5
jitter_equal,44,1,1,21,147,61,75,30,1.0194174757281553,0.2932692307692308,0.5048076923076923
jitter_equal,44,1,1,22,147,61,66,23,0.7478991596638656,0.2932692307692308,0.42788461538461536
jitter_equal,44,1,1,23,147,61,61,35,0.8571428571428571,0.2932692307692308,0.46153846153846156
jitter_equal,44,1,1,24,147,61,77,33,1.1224489795918366,0.2932692307692308,0.5288461538461539
jitter_equal,44,1,1,25,147,61,66,33,0.908256880733945,0.2932692307692308,0.47596153846153844
jitter_equal,44,1,1,26,147,61,70,29,0.908256880733945,0.2932692307692308,0.47596153846153844
jitter_equal,44,1,2,1,148,61,85,30,1.2234042553191489,0.291866028708134,0.5502392344497608
jitter_equal,44,1,2,2,148,61,76,28,0.9904761904761905,0.291866028708134,0.49760765550239233
jitter_equal,44,1,2,3,148,61,72,30,0.9532710280373832,0.291866028708134,0.4880382775119617
jitter_equal,44,1,2,4,148,61,75,22,0.8660714285714286,0.291866028708134,0.46411483253588515
jitter_equal,44,1,2,5,148,61,80,33,1.1770833333333333,0.291866028708134,0.5406698564593302
jitter_equal,44,1,2,6,148,61,75,33,1.0693069306930694,0.291866028708134,0.5167464114832536
jitter_equal,44,1,2,7,148,61,75,28,0.9716981132075472,0.291866028708134,0.49282296650717705
jitter_equal,44,1,2,8,148,61,67,33,0.9174311926605505,0.291866028708134,0.4784688995215311
jitter_equal,44,1,2,9,148,61,85,32,1.2717391304347827,0.291866028708134,0.5598086124401914
jitter_equal,44,1,2,10,148,61,73,37,1.1111111111111112,0.291866028708134,0.5263157894736842
jitter_equal,44,1,2,11,148,61,75,24,0.9,0.291866028708134,0.47368421052631576
jitter_equal,44,1,2,12,148,61,83,22,1.0096153846153846,0.291866028708134,0.5023923444976076
jitter_equal,44,1,2,13,148,61,69,30,0.9,0.291866028708134,0.47368421052631576
jitter_equal,44,1,2,14,148,61,64,27,0.7711864406779662,0.291866028708134,0.4354066985645933
jitter_equal,44,1,2,15,148,61,75,27,0.9532710280373832,0.291866028708134,0.4880382775119617
jitter_equal,44,1,2,16,148,61,81,26,1.0490196078431373,0.291866028708134,0.5119617224880383
jitter_equal,44,1,2,17,148,61,61,28,0.7416666666666667,0.291866028708134,0.4258373205741627
jitter_equal,44,1,2,18,148,61,77,37,1.2,0.291866028708134,0.5454545454545454
jitter_equal,44,1,2,19,148,61,75,28,0.9716981132075472,0.291866028708134,0.49282296650717705
jitter_equal,44,1,2,20,148,61,75,33,1.0693069306930694,0.291866028708134,0.5167464114832536
jitter_equal,44,1,2,21,148,61,68,29,0.8660714285714286,0.291866028708134,0.46411483253588515
jitter_equal,44,1,2,22,148,61,63,28,0.7711864406779662,0.291866028708134,0.4354066985645933
jitter_equal,44,2,0,1,147,60,77,37,1.2258064516129032,0.2898550724637681,0.5507246376811594
jitter_equal,44,2,0,2,147,60,73,31,1.0097087378640777,0.2898550724637681,0.5024154589371981
jitter_equal,44,2,0,3,147,60,66,35,0.9528301886792453,0.2898550724637681,0.48792270531400966
jitter_equal,44,2,0,4,147,60,70,25,0.8482142857142857,0.2898550724637681,0.45893719806763283
jitter_equal,44,2,0,5,147,60,77,34,1.15625,0.2898550724637681,0.5362318840579711
jitter_equal,44,2,0,6,147,60,78,31,1.1122448979591837,0.2898550724637681,0.5265700483091788
jitter_equal,44,2,0,7,147,60,74,25,0.9166666666666666,0.2898550724637681,0.4782608695652174
jitter_equal,44,2,0,8,147,60,73,30,0.9903846153846154,0.2898550724637681,0.4975845410628019
jitter_equal,44,2,0,9,147,60,81,34,1.25,0.2898550724637681,0.5555555555555556
jitter_equal,44,2,0,10,147,60,76,33,1.1122448979591837,0.2898550724637681,0.5265700483091788
jitter_equal,44,2,0,11,147,60,73,24,0.8818181818181818,0.2898550724637681,0.46859903381642515
jitter_equal,44,2,0,12,147,60,74,32,1.0495049504950495,0.2898550724637681,0.5120772946859904
jitter_equal,44,2,0,13,147,60,65,29,0.831858407079646,0.2898550724637681,0.45410628019323673
jitter_equal,44,2,0,14,147,60,67,26,0.8157894736842105,0.2898550724637681,0.4492753623188406
jitter_equal,44,2,0,15,147,60,77,22,0.9166666666666666,0.2898550724637681,0.4782608695652174
jitter_equal,44,2,0,16,147,60,77,30,1.07,0.2898550724637681,0.5169082125603864
jitter_equal,44,2,0,17,147,60,66,25,0.7844827586206896,0.2898550724637681,0.4396135265700483
jitter_equal,44,2,0,18,147,60,82,25,1.07,0.2898550724637681,0.5169082125603864
jitter_equal,44,2,0,19,147,60,75,30,1.0294117647058822,0.2898550724637681,0.5072463768115942
jitter_equal,44,2,1,1,147,61,84,31,1.2365591397849462,0.2932692307692308,0.5528846153846154
jitter_equal,44,2,1,2,147,61,70,34,1.0,0.2932692307692308,0.5
jitter_equal,44,2,1,3,147,61,66,34,0.9259259259259259,0.2932692307692308,0.4807692307692308
jitter_equal,44,2,1,4,147,61,75,22,0.8738738738738738,0.2932692307692308,0.46634615384615385
jitter_equal,44,2,1,5,147,61,83,29,1.1666666666666667,0.2932692307692308,0.5384615384615384
jitter_equal,44,2,1,6,147,61,75,34,1.101010101010101,0.2932692307692308,0.5240384615384616
jitter_equal,44,2,1,7,147,61,68,31,0.908256880733945,0.2932692307692308,0.47596153846153844
jitter_equal,44,2,1,8,147,61,77,27,1.0,0.2932692307692308,0.5
jitter_equal,44,2,1,9,147,61,76,40,1.2608695652173914,0.2932692307692308,0.5576923076923077
jitter_equal,44,2,1,10,147,61,72,38,1.1224489795918366,0.2932692307692308,0.5288461538461539
jitter_equal,44,2,1,11,147,61,75,24,0.908256880733945,0.2932692307692308,0.47596153846153844
jitter_equal,44,2,1,12,147,61,73,30,0.9809523809523809,0.2932692307692308,0.4951923076923077
jitter_equal,44,2,1,13,147,61,67,31,0.8909090909090909,0.2932692307692308,0.47115384615384615
jitter_equal,44,2,1,14,147,61,63,24,0.71900826446281,0.2932692307692308,0.4182692307692308
jitter_equal,44,2,1,15,147,61,79,26,1.0194174757281553,0.2932692307692308,0.5048076923076923
jitter_equal,44,2,1,16,147,61,75,31,1.0392156862745099,0.2932692307692308,0.5096153846153846
jitter_equal,44,2,1,17,147,61,64,28,0.7931034482758621,0.2932692307692308,0.4423076923076923
jitter_equal,44,2,1,18,147,61,78,32,1.1224489795918366,0.2932692307692308,0.5288461538461539
jitter_equal,44,2,2,1,148,61,83,32,1.2234042553191489,0.291866028708134,0.5502392344497608
jitter_equal,44,2,2,2,148,61,73,31,0.9904761904761905,0.291866028708134,0.49760765550239233
jitter_equal,44,2,2,3,148,61,70,32,0.9532710280373832,0.291866028708134,0.4880382775119617
jitter_equal,44,2,2,4,148,61,73,24,0.8660714285714286,0.291866028708134,0.46411483253588515
jitter_equal,44,2,2,5,148,61,82,31,1.1770833333333333,0.291866028708134,0.5406698564593302
jitter_equal,44,2,2,6,148,61,76,32,1.0693069306930694,0.291866028708134,0.5167464114832536
jitter_equal,44,2,2,7,148,61,72,31,0.9716981132075472,0.291866028708134,0.49282296650717705
jitter_equal,44,2,2,8,148,61,71,29,0.9174311926605505,0.291866028708134,0.4784688995215311
jitter_equal,44,2,2,9,148,61,84,33,1.2717391304347827,0.291866028708134,0.5598086124401914
jitter_equal,44,2,2,10,148,61,79,31,1.1111111111111112,0.291866028708134,0.5263157894736842
jitter_equal,44,2,2,11,148,61,71,28,0.9,0.291866028708134,0.47368421052631576
jitter_equal,44,2,2,12,148,61,72,33,1.0096153846153846,0.291866028708134,0.5023923444976076
jitter_equal,44,2,2,13,148,61,74,25,0.9,0.291866028708134,0.47368421052631576
jitter_equal,44,2,2,14,148,61,61,30,0.7711864406779662,0.291866028708134,0.4354066985645933
jitter_equal,44,2,2,15,148,61,71,31,0.9532710280373832,0.291866028708134,0.4880382775119617
jitter_equal,44,2,2,16,148,61,73,34,1.0490196078431373,0.291866028708134,0.5119617224880383
jitter_equal,44,2,2,17,148,61,58,31,0.7416666666666667,0.291866028708134,0.4258373205741627
jitter_equal,44,2,2,18,148,61,87,27,1.2,0.291866028708134,0.5454545454545454
jitter_equal,44,3,0,1,147,61,80,35,1.2365591397849462,0.2932692307692308,0.5528846153846154
jitter_equal,44,3,0,2,147,61,70,34,1.0,0.2932692307692308,0.5
jitter_equal,44,3,0,3,147,61,76,24,0.9259259259259259,0.2932692307692308,0.4807692307692308
jitter_equal,44,3,0,4,147,61,70,27,0.8738738738738738,0.2932692307692308,0.46634615384615385
jitter_equal,44,3,0,5,147,61,80,32,1.1666666666666667,0.2932692307692308,0.5384615384615384
jitter_equal,44,3,0,6,147,61,75,34,1.101010101010101,0.2932692307692308,0.5240384615384616
jitter_equal,44,3,0,7,147,61,75,24,0.908256880733945,0.2932692307692308,0.47596153846153844
jitter_equal,44,3,0,8,147,61,73,31,1.0,0.2932692307692308,0.5
jitter_equal,44,3,0,9,147,61,78,38,1.2608695652173914,0.2932692307692308,0.5576923076923077
jitter_equal,44,3,0,10,147,61,71,39,1.1224489795918366,0.2932692307692308,0.5288461538461539
jitter_equal,44,3,0,11,147,61,70,29,0.908256880733945,0.2932692307692308,0.47596153846153844
jitter_equal,44,3,0,12,147,61,72,31,0.9809523809523809,0.2932692307692308,0.4951923076923077
jitter_equal,44,3,0,13,147,61,75,23,0.8909090909090909,0.2932692307692308,0.47115384615384615
jitter_equal,44,3,0,14,147,61,62,25,0.71900826446281,0.2932692307692308,0.4182692307692308
jitter_equal,44,3,0,15,147,61,77,28,1.0194174757281553,0.2932692307692308,0.5048076923076923
jitter_equal,44,3,0,16,147,61,75,31,1.0392156862745099,0.2932692307692308,0.5096153846153846
jitter_equal,44,3,0,17,147,61,64,28,0.7931034482758621,0.2932692307692308,0.4423076923076923
jitter_equal,44,3,0,18,147,61,74,36,1.1224489795918366,0.2932692307692308,0.5288461538461539
jitter_equal,44,3,0,19,147,61,72,31,0.9809523809523809,0.2932692307692308,0.4951923076923077
jitter_equal,44,3,0,20,147,61,73,31,1.0,0.2932692307692308,0.5
jitter_equal,44,3,0,21,147,61,82,23,1.0194174757281553,0.2932692307692308,0.5048076923076923
jitter_equal,44,3,0,22,147,61,64,25,0.7478991596638656,0.2932692307692308,0.42788461538461536
jitter_equal,44,3,0,23,147,61,66,30,0.8571428571428571,0.2932692307692308,0.46153846153846156
jitter_equal,44,3,0,24,147,61,82,28,1.1224489795918366,0.2932692307692308,0.5288461538461539
jitter_equal,44,3,1,1,147,61,83,32,1.2365591397849462,0.2932692307692308,0.5528846153846154
jitter_equal,44,3,1,2,147,61,72,32,1.0,0.2932692307692308,0.5
jitter_equal,44,3,1,3,147,61,67,33,0.9259259259259259,0.2932692307692308,0.4807692307692308
jitter_equal,44,3,1,4,147,61,71,26,0.8738738738738738,0.2932692307692308,0.46634615384615385
jitter_equal,44,3,1,5,147,61,80,32,1.1666666666666667,0.2932692307692308,0.5384615384615384
jitter_equal,44,3,1,6,147,61,76,33,1.101010101010101,0.2932692307692308,0.5240384615384616
jitter_equal,44,3,1,7,147,61,63,36,0.908256880733945,0.2932692307692308,0.47596153846153844
jitter_equal,44,3,1,8,147,61,72,32,1.0,0.2932692307692308,0.5
jitter_equal,44,3,1,9,147,61,80,36,1.2608695652173914,0.2932692307692308,0.5576923076923077
jitter_equal,44,3,1,10,147,61,80,30,1.1224489795918366,0.2932692307692308,0.5288461538461539
jitter_equal,44,3,1,11,147,61,72,27,0.908256880733945,0.2932692307692308,0.47596153846153844
jitter_equal,44,3,1,12,147,61,72,31,0.9809523809523809,0.2932692307692308,0.4951923076923077
jitter_equal,44,3,1,13,147,61,69,29,0.8909090909090909,0.2932692307692308,0.47115384615384615
jitter_equal,44,3,1,14,147,61,60,27,0.71900826446281,0.2932692307692308,0.4182692307692308
jitter_equal,44,3,1,15,147,61,76,29,1.0194174757281553,0.2932692307692308,0.5048076923076923
jitter_equal,44,3,1,16,147,61,72,34,1.0392156862745099,0.2932692307692308,0.5096153846153846
jitter_equal,44,3,1,17,147,61,63,29,0.7931034482758621,0.2932692307692308,0.4423076923076923
jitter_equal,44,3,1,18,147,61,79,31,1.1224489795918366,0.2932692307692308,0.5288461538461539
jitter_equal,44,3,1,19,147,61,76,27,0.9809523809523809,0.2932692307692308,0.4951923076923077
jitter_equal,44,3,1,20,147,61,75,29,1.0,0.2932692307692308,0.5
jitter_equal,44,3,2,1,148,62,81,34,1.2105263157894737,0.29523809523809524,0.5476190476190477
jitter_equal,44,3,2,2,148,62,77,28,1.0,0.29523809523809524,0.5
jitter_equal,44,3,2,3,148,62,73,28,0.926605504587156,0.29523809523809524,0.48095238095238096
jitter_equal,44,3,2,4,148,62,65,33,0.875,0.29523809523809524,0.4666666666666667
jitter_equal,44,3,2,5,148,62,81,35,1.2340425531914894,0.29523809523809524,0.5523809523809524
jitter_equal,44,3,2,6,148,62,77,30,1.0388349514563107,0.29523809523809524,0.5095238095238095
jitter_equal,44,3,2,7,148,62,74,31,1.0,0.29523809523809524,0.5
jitter_equal,44,3,2,8,148,62,71,26,0.8584070796460177,0.29523809523809524,0.46190476190476193
jitter_equal,44,3,2,9,148,62,83,34,1.2580645161290323,0.29523809523809524,0.5571428571428572
jitter_equal,44,3,2,10,148,62,80,32,1.1428571428571428,0.29523809523809524,0.5333333333333333
jitter_equal,44,3,2,11,148,62,72,28,0.9090909090909091,0.29523809523809524,0.47619047619047616
jitter_equal,44,3,2,12,148,62,78,29,1.0388349514563107,0.29523809523809524,0.5095238095238095
jitter_equal,44,3,2,13,148,62,72,30,0.9444444444444444,0.29523809523809524,0.4857142857142857
jitter_equal,44,3,2,14,148,62,56,34,0.75,0.29523809523809524,0.42857142857142855
jitter_equal,44,3,2,15,148,62,69,30,0.8918918918918919,0.29523809523809524,0.4714285714285714
jitter_equal,44,3,2,16,148,62,74,33,1.0388349514563107,0.29523809523809524,0.5095238095238095
jitter_equal,44,3,2,17,148,62,64,30,0.8103448275862069,0.29523809523809524,0.44761904761904764
jitter_equal,44,3,2,18,148,62,73,36,1.0792079207920793,0.29523809523809524,0.5190476190476191
jitter_equal,44,3,2,19,148,62,76,30,1.0192307692307692,0.29523809523809524,0.5047619047619047
jitter_equal,44,3,2,20,148,62,72,38,1.1,0.29523809523809524,0.5238095238095238
jitter_equal,44,3,2,21,148,62,67,26,0.7948717948717948,0.29523809523809524,0.44285714285714284
jitter_equal,44,3,2,22,148,62,66,30,0.8421052631578947,0.29523809523809524,0.45714285714285713
jitter_equal,44,3,2,23,148,62,72,31,0.9626168224299065,0.29523809523809524,0.49047619047619045
jitter_equal,44,4,0,1,147,61,73,42,1.2365591397849462,0.2932692307692308,0.5528846153846154
jitter_equal,44,4,0,2,147,61,76,28,1.0,0.2932692307692308,0.5
jitter_equal,44,4,0,3,147,61,68,32,0.9259259259259259,0.2932692307692308,0.4807692307692308
jitter_equal,44,4,0,4,147,61,64,33,0.8738738738738738,0.2932692307692308,0.46634615384615385
jitter_equal,44,4,0,5,147,61,81,31,1.1666666666666667,0.2932692307692308,0.5384615384615384
jitter_equal,44,4,0,6,147,61,73,36,1.101010101010101,0.2932692307692308,0.5240384615384616
jitter_equal,44,4,0,7,147,61,68,31,0.908256880733945,0.2932692307692308,0.47596153846153844
jitter_equal,44,4,0,8,147,61,73,31,1.0,0.2932692307692308,0.5
jitter_equal,44,4,0,9,147,61,83,33,1.2608695652173914,0.2932692307692308,0.5576923076923077
jitter_equal,44,4,0,10,147,61,77,33,1.1224489795918366,0.2932692307692308,0.5288461538461539
jitter_equal,44,4,0,11,147,61,77,22,0.908256880733945,0.2932692307692308,0.47596153846153844
jitter_equal,44,4,0,12,147,61,73,30,0.9809523809523809,0.2932692307692308,0.4951923076923077
jitter_equal,44,4,0,13,147,61,69,29,0.8909090909090909,0.2932692307692308,0.47115384615384615
jitter_equal,44,4,0,14,147,61,57,30,0.71900826446281,0.2932692307692308,0.4182692307692308
jitter_equal,44,4,0,15,147,61,74,31,1.0194174757281553,0.2932692307692308,0.5048076923076923
jitter_equal,44,4,0,16,147,61,73,33,1.0392156862745099,0.2932692307692308,0.5096153846153846
jitter_equal,44,4,0,17,147,61,66,26,0.7931034482758621,0.2932692307692308,0.4423076923076923
jitter_equal,44,4,0,18,147,61,82,28,1.1224489795918366,0.2932692307692308,0.5288461538461539
jitter_equal,44,4,0,19,147,61,77,26,0.9809523809523809,0.2932692307692308,0.4951923076923077
jitter_equal,44,4,0,20,147,61,76,28,1.0,0.2932692307692308,0.5
jitter_equal,44,4,0,21,147,61,82,23,1.0194174757281553,0.2932692307692308,0.5048076923076923
jitter_equal,44,4,0,22,147,61,59,30,0.7478991596638656,0.2932692307692308,0.42788461538461536
jitter_equal,44,4,0,23,147,61,71,25,0.8571428571428571,0.2932692307692308,0.46153846153846156
jitter_equal,44,4,1,1,147,61,80,35,1.2365591397849462,0.2932692307692308,0.5528846153846154
jitter_equal,44,4,1,2,147,61,70,34,1.0,0.2932692307692308,0.5
jitter_equal,44,4,1,3,147,61,63,37,0.9259259259259259,0.2932692307692308,0.4807692307692308
jitter_equal,44,4,1,4,147,61,67,30,0.8738738738738738,0.2932692307692308,0.46634615384615385
jitter_equal,44,4,1,5,147,61,80,32,1.1666666666666667,0.2932692307692308,0.5384615384615384
jitter_equal,44,4,1,6,147,61,76,33,1.101010101010101,0.2932692307692308,0.5240384615384616
jitter_equal,44,4,1,7,147,61,65,34,0.908256880733945,0.2932692307692308,0.47596153846153844
jitter_equal,44,4,1,8,147,61,74,30,1.0,0.2932692307692308,0.5
jitter_equal,44,4,1,9,147,61,79,37,1.2608695652173914,0.2932692307692308,0.5576923076923077
jitter_equal,44,4,1,10,147,61,80,30,1.1224489795918366,0.2932692307692308,0.5288461538461539
jitter_equal,44,4,1,11,147,61,74,25,0.908256880733945,0.2932692307692308,0.47596153846153844
jitter_equal,44,4,1,12,147,61,73,30,0.9809523809523809,0.2932692307692308,0.4951923076923077
jitter_equal,44,4,1,13,147,61,69,29,0.8909090909090909,0.2932692307692308,0.47115384615384615
jitter_equal,44,4,1,14,147,61,61,26,0.71900826446281,0.2932692307692308,0.4182692307692308
jitter_equal,44,4,1,15,147,61,73,32,1.0194174757281553,0.2932692307692308,0.5048076923076923
jitter_equal,44,4,1,16,147,61,76,30,1.0392156862745099,0.2932692307692308,0.5096153846153846
jitter_equal,44,4,1,17,147,61,64,28,0.7931034482758621,0.2932692307692308,0.4423076923076923
jitter_equal,44,4,1,18,147,61,79,31,1.1224489795918366,0.2932692307692308,0.5288461538461539
jitter_equal,44,4,1,19,147,61,73,30,0.9809523809523809,0.2932692307692308,0.4951923076923077
jitter_equal,44,4,1,20,147,61,74,30,1.0,0.2932692307692308,0.5
jitter_equal,44,4,1,21,147,61,74,31,1.0194174757281553,0.2932692307692308,0.5048076923076923
jitter_equal,44,4,1,22,147,61,62,27,0.7478991596638656,0.2932692307692308,0.42788461538461536
jitter_equal,44,4,1,23,147,61,63,33,0.8571428571428571,0.2932692307692308,0.46153846153846156
jitter_equal,44,4,1,24,147,61,81,29,1.1224489795918366,0.2932692307692308,0.5288461538461539
jitter_equal,44,4,1,25,147,61,63,36,0.908256880733945,0.2932692307692308,0.47596153846153844
jitter_equal,44,4,2,1,148,62,78,37,1.2105263157894737,0.29523809523809524,0.5476190476190477
jitter_equal,44,4,2,2,148,62,74,31,1.0,0.29523809523809524,0.5
jitter_equal,44,4,2,3,148,62,74,27,0.926605504587156,0.29523809523809524,0.48095238095238096
jitter_equal,44,4,2,4,148,62,67,31,0.875,0.29523809523809524,0.4666666666666667
jitter_equal,44,4,2,5,148,62,79,37,1.2340425531914894,0.29523809523809524,0.5523809523809524
jitter_equal,44,4,2,6,148,62,78,29,1.0388349514563107,0.29523809523809524,0.5095238095238095
jitter_equal,44,4,2,7,148,62,78,27,1.0,0.29523809523809524,0.5
jitter_equal,44,4,2,8,148,62,68,29,0.8584070796460177,0.29523809523809524,0.46190476190476193
jitter_equal,44,4,2,9,148,62,78,39,1.2580645161290323,0.29523809523809524,0.5571428571428572
jitter_equal,44,4,2,10,148,62,83,29,1.1428571428571428,0.29523809523809524,0.5333333333333333
jitter_equal,44,4,2,11,148,62,71,29,0.9090909090909091,0.29523809523809524,0.47619047619047616
jitter_equal,44,4,2,12,148,62,73,34,1.0388349514563107,0.29523809523809524,0.5095238095238095
jitter_equal,44,4,2,13,148,62,71,31,0.9444444444444444,0.29523809523809524,0.4857142857142857
jitter_equal,44,4,2,14,148,62,56,34,0.75,0.29523809523809524,0.42857142857142855
jitter_equal,44,4,2,15,148,62,70,29,0.8918918918918919,0.29523809523809524,0.4714285714285714
jitter_equal,44,4,2,16,148,62,71,36,1.0388349514563107,0.29523809523809524,0.5095238095238095
jitter_equal,44,4,2,17,148,62,64,30,0.8103448275862069,0.29523809523809524,0.44761904761904764
jitter_equal,44,4,2,18,148,62,75,34,1.0792079207920793,0.29523809523809524,0.5190476190476191
jitter_equal,44,4,2,19,148,62,79,27,1.0192307692307692,0.29523809523809524,0.5047619047619047
jitter_equal,44,4,2,20,148,62,76,34,1.1,0.29523809523809524,0.5238095238095238
jitter_equal,44,4,2,21,148,62,64,29,0.7948717948717948,0.29523809523809524,0.44285714285714284
jitter_equal,44,4,2,22,148,62,69,27,0.8421052631578947,0.29523809523809524,0.45714285714285713
jitter_equal,44,4,2,23,148,62,75,28,0.9626168224299065,0.29523809523809524,0.49047619047619045
jitter_equal,44,4,2,24,148,62,75,34,1.0792079207920793,0.29523809523809524,0.5190476190476191
jitter_equal,44,4,2,25,148,62,63,36,0.8918918918918919,0.29523809523809524,0.4714285714285714
jitter_dd_only,42,0,0,1,146,59,0,59,0.4041095890410959,0.28780487804878047,0.28780487804878047
jitter_dd_only,42,0,0,2,146,59,0,59,0.4041095890410959,0.28780487804878047,0.28780487804878047
jitter_dd_only,42,0,0,3,146,59,0,59,0.4041095890410959,0.28780487804878047,0.28780487804878047
jitter_dd_only,42,0,0,4,146,59,0,59,0.4041095890410959,0.28780487804878047,0.28780487804878047
jitter_dd_only,42,0,0,5,146,59,0,59,0.4041095890410959,0.28780487804878047,0.28780487804878047
jitter_dd_only,42,0,0,6,146,59,0,59,0.4041095890410959,0.28780487804878047,0.28780487804878047
jitter_dd_only,42,0,0,7,146,59,0,59,0.4041095890410959,0.28780487804878047,0.28780487804878047
jitter_dd_only,42,0,0,8,146,59,0,59,0.4041095890410959,0.28780487804878047,0.28780487804878047
jitter_dd_only,42,0,0,9,146,59,0,59,0.4041095890410959,0.28780487804878047,0.28780487804878047
jitter_dd_only,42,0,0,10,146,59,0,59,0.4041095890410959,0.28780487804878047,0.28780487804878047
jitter_dd_only,42,0,0,11,146,59,0,59,0.4041095890410959,0.28780487804878047,0.28780487804878047
jitter_dd_only,42,0,0,12,146,59,0,59,0.4041095890410959,0.28780487804878047,0.28780487804878047
jitter_dd_only,42,0,0,13,146,59,0,59,0.4041095890410959,0.28780487804878047,0.28780487804878047
jitter_dd_only,42,0,0,14,146,59,0,59,0.4041095890410959,0.28780487804878047,0.28780487804878047
jitter_dd_only,42,0,0,15,146,59,0,59,0.4041095890410959,0.28780487804878047,0.28780487804878047
jitter_dd_only,42,0,0,16,146,59,0,59,0.4041095890410959,0.28780487804878047,0.28780487804878047
jitter_dd_only,42,0,0,17,146,59,0,59,0.4041095890410959,0.28780487804878047,0.28780487804878047
jitter_dd_only,42,0,0,18,146,59,0,59,0.4041095890410959,0.28780487804878047,0.28780487804878047
jitter_dd_only,42,0,0,19,146,59,0,59,0.4041095890410959,0.28780487804878047,0.28780487804878047
jitter_dd_only,42,0,0,20,146,59,0,59,0.4041095890410959,0.28780487804878047,0.28780487804878047
jitter_dd_only,42,0,0,21,146,59,0,59,0.4041095890410959,0.28780487804878047,0.28780487804878047
jitter_dd_only,42,0,0,22,146,59,0,59,0.4041095890410959,0.28780487804878047,0.28780487804878047
jitter_dd_only,42,0,0,23,146,59,0,59,0.4041095890410959,0.28780487804878047,0.28780487804878047
jitter_dd_only,42,0,0,24,146,59,0,59,0.4041095890410959,0.28780487804878047,0.28780487804878047
jitter_dd_only,42,0,0,25,146,59,0,59,0.4041095890410959,0.28780487804878047,0.28780487804878047
jitter_dd_only,42,0,0,26,146,59,0,59,0.4041095890410959,0.28780487804878047,0.28780487804878047
jitter_dd_only,42,0,0,27,146,59,0,59,0.4041095890410959,0.28780487804878047,0.28780487804878047
jitter_dd_only,42,0,0,28,146,59,0,59,0.4041095890410959,0.28780487804878047,0.28780487804878047
jitter_dd_only,42,0,0,29,146,59,0,59,0.4041095890410959,0.28780487804878047,0.28780487804878047
jitter_dd_only,42,0,0,30,146,59,0,59,0.4041095890410959,0.28780487804878047,0.28780487804878047
jitter_dd_only,42,0,1,1,147,60,0,60,0.40816326530612246,0.2898550724637681,0.2898550724637681
jitter_dd_only,42,0,1,2,147,60,0,60,0.40816326530612246,0.2898550724637681,0.2898550724637681
jitter_dd_only,42,0,1,3,147,60,0,60,0.40816326530612246,0.2898550724637681,0.2898550724637681
jitter_dd_only,42,0,1,4,147,60,0,60,0.40816326530612246,0.2898550724637681,0.2898550724637681
jitter_dd_only,42,0,1,5,147,60,0,60,0.40816326530612246,0.2898550724637681,0.2898550724637681
jitter_dd_only,42,0,1,6,147,60,0,60,0.40816326530612246,0.2898550724637681,0.2898550724637681
jitter_dd_only,42,0,1,7,147,60,0,60,0.40816326530612246,0.2898550724637681,0.2898550724637681
jitter_dd_only,42,0,1,8,147,60,0,60,0.40816326530612246,0.2898550724637681,0.2898550724637681
jitter_dd_only,42,0,1,9,147,60,0,60,0.40816326530612246,0.2898550724637681,0.2898550724637681
jitter_dd_only,42,0,1,10,147,60,0,60,0.40816326530612246,0.2898550724637681,0.2898550724637681
jitter_dd_only,42,0,1,11,147,60,0,60,0.40816326530612246,0.2898550724637681,0.2898550724637681
jitter_dd_only,42,0,1,12,147,60,0,60,0.40816326530612246,0.2898550724637681,0.2898550724637681
jitter_dd_only,42,0,1,13,147,60,0,60,0.40816326530612246,0.2898550724637681,0.2898550724637681
jitter_dd_only,42,0,1,14,147,60,0,60,0.40816326530612246,0.2898550724637681,0.2898550724637681
jitter_dd_only,42,0,1,15,147,60,0,60,0.40816326530612246,0.2898550724637681,0.2898550724637681
jitter_dd_only,42,0,1,16,147,60,0,60,0.40816326530612246,0.2898550724637681,0.2898550724637681
jitter_dd_only,42,0,1,17,147,60,0,60,0.40816326530612246,0.2898550724637681,0.2898550724637681
jitter_dd_only,42,0,1,18,147,60,0,60,0.40816326530612246,0.2898550724637681,0.2898550724637681
jitter_dd_only,42,0,1,19,147,60,0,60,0.40816326530612246,0.2898550724637681,0.2898550724637681
jitter_dd_only,42,0,1,20,147,60,0,60,0.40816326530612246,0.2898550724637681,0.2898550724637681
jitter_dd_only,42,0,1,21,147,60,0,60,0.40816326530612246,0.2898550724637681,0.2898550724637681
jitter_dd_only,42,0,1,22,147,60,0,60,0.40816326530612246,0.2898550724637681,0.2898550724637681
jitter_dd_only,42,0,1,23,147,60,0,60,0.40816326530612246,0.2898550724637681,0.2898550724637681
jitter_dd_only,42,0,1,24,147,60,0,60,0.40816326530612246,0.2898550724637681,0.2898550724637681
jitter_dd_only,42,0,1,25,147,60,0,60,0.40816326530612246,0.2898550724637681,0.2898550724637681
jitter_dd_only,42,0,1,26,147,60,0,60,0.40816326530612246,0.2898550724637681,0.2898550724637681
jitter_dd_only,42,0,1,27,147,60,0,60,0.40816326530612246,0.2898550724637681,0.2898550724637681
jitter_dd_only,42,0,1,28,147,60,0,60,0.40816326530612246,0.2898550724637681,0.2898550724637681
jitter_dd_only,42,0,1,29,147,60,0,60,0.40816326530612246,0.2898550724637681,0.2898550724637681
jitter_dd_only,42,0,1,30,147,60,0,60,0.40816326530612246,0.2898550724637681,0.2898550724637681
jitter_dd_only,42,0,1,31,147,60,0,60,0.40816326530612246,0.2898550724637681,0.2898550724637681
jitter_dd_only,42,0,1,32,147,60,0,60,0.40816326530612246,0.2898550724637681,0.2898550724637681
jitter_dd_only,42,0,1,33,147,60,0,60,0.40816326530612246,0.2898550724637681,0.2898550724637681
jitter_dd_only,42,0,1,34,147,60,0,60,0.40816326530612246,0.2898550724637681,0.2898550724637681
jitter_dd_only,42,0,2,1,147,61,0,61,0.41496598639455784,0.2932692307692308,0.2932692307692308
jitter_dd_only,42,0,2,2,147,61,0,61,0.41496598639455784,0.2932692307692308,0.2932692307692308
jitter_dd_only,42,0,2,3,147,61,0,61,0.41496598639455784,0.2932692307692308,0.2932692307692308
jitter_dd_only,42,0,2,4,147,61,0,61,0.41496598639455784,0.2932692307692308,0.2932692307692308
jitter_dd_only,42,0,2,5,147,61,0,61,0.41496598639455784,0.2932692307692308,0.2932692307692308
jitter_dd_only,42,0,2,6,147,61,0,61,0.41496598639455784,0.2932692307692308,0.2932692307692308
jitter_dd_only,42,0,2,7,147,61,0,61,0.41496598639455784,0.2932692307692308,0.2932692307692308
jitter_dd_only,42,0,2,8,147,61,0,61,0.41496598639455784,0.2932692307692308,0.2932692307692308
jitter_dd_only,42,0,2,9,147,61,0,61,0.41496598639455784,0.2932692307692308,0.2932692307692308
jitter_dd_only,42,0,2,10,147,61,0,61,0.41496598639455784,0.2932692307692308,0.2932692307692308
jitter_dd_only,42,0,2,11,147,61,0,61,0.41496598639455784,0.2932692307692308,0.2932692307692308
jitter_dd_only,42,0,2,12,147,61,0,61,0.41496598639455784,0.2932692307692308,0.2932692307692308
jitter_dd_only,42,0,2,13,147,61,0,61,0.41496598639455784,0.2932692307692308,0.2932692307692308
jitter_dd_only,42,0,2,14,147,61,0,61,0.41496598639455784,0.2932692307692308,0.2932692307692308
jitter_dd_only,42,0,2,15,147,61,0,61,0.41496598639455784,0.2932692307692308,0.2932692307692308
jitter_dd_only,42,0,2,16,147,61,0,61,0.41496598639455784,0.2932692307692308,0.2932692307692308
jitter_dd_only,42,0,2,17,147,61,0,61,0.41496598639455784,0.2932692307692308,0.2932692307692308
jitter_dd_only,42,0,2,18,147,61,0,61,0.41496598639455784,0.2932692307692308,0.2932692307692308
jitter_dd_only,42,0,2,19,147,61,0,61,0.41496598639455784,0.2932692307692308,0.2932692307692308
jitter_dd_only,42,0,2,20,147,61,0,61,0.41496598639455784,0.2932692307692308,0.2932692307692308
jitter_dd_only,42,0,2,21,147,61,0,61,0.41496598639455784,0.2932692307692308,0.2932692307692308
jitter_dd_only,42,0,2,22,147,61,0,61,0.41496598639455784,0.2932692307692308,0.2932692307692308
jitter_dd_only,42,0,2,23,147,61,0,61,0.41496598639455784,0.2932692307692308,0.2932692307692308
jitter_dd_only,42,0,2,24,147,61,0,61,0.41496598639455784,0.2932692307692308,0.2932692307692308
jitter_dd_only,42,0,2,25,147,61,0,61,0.41496598639455784,0.2932692307692308,0.2932692307692308
jitter_dd_only,42,0,2,26,147,61,0,61,0.41496598639455784,0.2932692307692308,0.2932692307692308
jitter_dd_only,42,1,0,1,147,60,0,60,0.40816326530612246,0.2898550724637681,0.2898550724637681
jitter_dd_only,42,1,0,2,147,60,0,60,0.40816326530612246,0.2898550724637681,0.2898550724637681
jitter_dd_only,42,1,0,3,147,60,0,60,0.40816326530612246,0.2898550724637681,0.2898550724637681
jitter_dd_only,42,1,0,4,147,60,0,60,0.40816326530612246,0.2898550724637681,0.2898550724637681
jitter_dd_only,42,1,0,5,147,60,0,60,0.40816326530612246,0.2898550724637681,0.2898550724637681
jitter_dd_only,42,1,0,6,147,60,0,60,0.40816326530612246,0.2898550724637681,0.2898550724637681
jitter_dd_only,42,1,0,7,147,60,0,60,0.40816326530612246,0.2898550724637681,0.2898550724637681
jitter_dd_only,42,1,0,8,147,60,0,60,0.40816326530612246,0.2898550724637681,0.2898550724637681
jitter_dd_only,42,1,0,9,147,60,0,60,0.40816326530612246,0.2898550724637681,0.2898550724637681
jitter_dd_only,42,1,0,10,147,60,0,60,0.40816326530612246,0.2898550724637681,0.2898550724637681
jitter_dd_only,42,1,0,11,147,60,0,60,0.40816326530612246,0.2898550724637681,0.2898550724637681
jitter_dd_only,42,1,0,12,147,60,0,60,0.40816326530612246,0.2898550724637681,0.2898550724637681
jitter_dd_only,42,1,0,13,147,60,0,60,0.40816326530612246,0.2898550724637681,0.2898550724637681
jitter_dd_only,42,1,0,14,147,60,0,60,0.40816326530612246,0.2898550724637681,0.2898550724637681
jitter_dd_only,42,1,0,15,147,60,0,60,0.40816326530612246,0.2898550724637681,0.2898550724637681
jitter_dd_only,42,1,0,16,147,60,0,60,0.40816326530612246,0.2898550724637681,0.2898550724637681
jitter_dd_only,42,1,0,17,147,60,0,60,0.40816326530612246,0.2898550724637681,0.2898550724637681
jitter_dd_only,42,1,0,18,147,60,0,60,0.40816326530612246,0.2898550724637681,0.2898550724637681
jitter_dd_only,42,1,0,19,147,60,0,60,0.40816326530612246,0.2898550724637681,0.2898550724637681
jitter_dd_only,42,1,0,20,147,60,0,60,0.40816326530612246,0.2898550724637681,0.2898550724637681
jitter_dd_only,42,1,0,21,147,60,0,60,0.40816326530612246,0.2898550724637681,0.2898550724637681
jitter_dd_only,42,1,1,1,147,61,0,61,0.41496598639455784,0.2932692307692308,0.2932692307692308
jitter_dd_only,42,1,1,2,147,61,0,61,0.41496598639455784,0.2932692307692308,0.2932692307692308
jitter_dd_only,42,1,1,3,147,61,0,61,0.41496598639455784,0.2932692307692308,0.2932692307692308
jitter_dd_only,42,1,1,4,147,61,0,61,0.41496598639455784,0.2932692307692308,0.2932692307692308
jitter_dd_only,42,1,1,5,147,61,0,61,0.41496598639455784,0.2932692307692308,0.2932692307692308
jitter_dd_only,42,1,1,6,147,61,0,61,0.41496598639455784,0.2932692307692308,0.2932692307692308
jitter_dd_only,42,1,1,7,147,61,0,61,0.41496598639455784,0.2932692307692308,0.2932692307692308
jitter_dd_only,42,1,1,8,147,61,0,61,0.41496598639455784,0.2932692307692308,0.2932692307692308
jitter_dd_only,42,1,1,9,147,61,0,61,0.41496598639455784,0.2932692307692308,0.2932692307692308
jitter_dd_only,42,1,1,10,147,61,0,61,0.41496598639455784,0.2932692307692308,0.2932692307692308
jitter_dd_only,42,1,1,11,147,61,0,61,0.41496598639455784,0.2932692307692308,0.2932692307692308
jitter_dd_only,42,1,1,12,147,61,0,61,0.41496598639455784,0.2932692307692308,0.2932692307692308
jitter_dd_only,42,1,1,13,147,61,0,61,0.41496598639455784,0.2932692307692308,0.2932692307692308
jitter_dd_only,42,1,1,14,147,61,0,61,0.41496598639455784,0.2932692307692308,0.2932692307692308
jitter_dd_only,42,1,1,15,147,61,0,61,0.41496598639455784,0.2932692307692308,0.2932692307692308
jitter_dd_only,42,1,1,16,147,61,0,61,0.41496598639455784,0.2932692307692308,0.2932692307692308
jitter_dd_only,42,1,1,17,147,61,0,61,0.41496598639455784,0.2932692307692308,0.2932692307692308
jitter_dd_only,42,1,1,18,147,61,0,61,0.41496598639455784,0.2932692307692308,0.2932692307692308
jitter_dd_only,42,1,1,19,147,61,0,61,0.41496598639455784,0.2932692307692308,0.2932692307692308
jitter_dd_only,42,1,1,20,147,61,0,61,0.41496598639455784,0.2932692307692308,0.2932692307692308
jitter_dd_only,42,1,1,21,147,61,0,61,0.41496598639455784,0.2932692307692308,0.2932692307692308
jitter_dd_only,42,1,1,22,147,61,0,61,0.41496598639455784,0.2932692307692308,0.2932692307692308
jitter_dd_only,42,1,1,23,147,61,0,61,0.41496598639455784,0.2932692307692308,0.2932692307692308
jitter_dd_only,42,1,1,24,147,61,0,61,0.41496598639455784,0.2932692307692308,0.2932692307692308
jitter_dd_only,42,1,1,25,147,61,0,61,0.41496598639455784,0.2932692307692308,0.2932692307692308
jitter_dd_only,42,1,1,26,147,61,0,61,0.41496598639455784,0.2932692307692308,0.2932692307692308
jitter_dd_only,42,1,1,27,147,61,0,61,0.41496598639455784,0.2932692307692308,0.2932692307692308
jitter_dd_only,42,1,1,28,147,61,0,61,0.41496598639455784,0.2932692307692308,0.2932692307692308
jitter_dd_only,42,1,2,1,148,61,0,61,0.41216216216216217,0.291866028708134,0.291866028708134
jitter_dd_only,42,1,2,2,148,61,0,61,0.41216216216216217,0.291866028708134,0.291866028708134
jitter_dd_only,42,1,2,3,148,61,0,61,0.41216216216216217,0.291866028708134,0.291866028708134
jitter_dd_only,42,1,2,4,148,61,0,61,0.41216216216216217,0.291866028708134,0.291866028708134
jitter_dd_only,42,1,2,5,148,61,0,61,0.41216216216216217,0.291866028708134,0.291866028708134
jitter_dd_only,42,1,2,6,148,61,0,61,0.41216216216216217,0.291866028708134,0.291866028708134
jitter_dd_only,42,1,2,7,148,61,0,61,0.41216216216216217,0.291866028708134,0.291866028708134
jitter_dd_only,42,1,2,8,148,61,0,61,0.41216216216216217,0.291866028708134,0.291866028708134
jitter_dd_only,42,1,2,9,148,61,0,61,0.41216216216216217,0.291866028708134,0.291866028708134
jitter_dd_only,42,1,2,10,148,61,0,61,0.41216216216216217,0.291866028708134,0.291866028708134
jitter_dd_only,42,1,2,11,148,61,0,61,0.41216216216216217,0.291866028708134,0.291866028708134
jitter_dd_only,42,1,2,12,148,61,0,61,0.41216216216216217,0.291866028708134,0.291866028708134
jitter_dd_only,42,1,2,13,148,61,0,61,0.41216216216216217,0.291866028708134,0.291866028708134
jitter_dd_only,42,1,2,14,148,61,0,61,0.41216216216216217,0.291866028708134,0.291866028708134
jitter_dd_only,42,1,2,15,148,61,0,61,0.41216216216216217,0.291866028708134,0.291866028708134
jitter_dd_only,42,1,2,16,148,61,0,61,0.41216216216216217,0.291866028708134,0.291866028708134
jitter_dd_only,42,1,2,17,148,61,0,61,0.41216216216216217,0.291866028708134,0.291866028708134
jitter_dd_only,42,1,2,18,148,61,0,61,0.41216216216216217,0.291866028708134,0.291866028708134
jitter_dd_only,42,1,2,19,148,61,0,61,0.41216216216216217,0.291866028708134,0.291866028708134
jitter_dd_only,42,1,2,20,148,61,0,61,0.41216216216216217,0.291866028708134,0.291866028708134
jitter_dd_only,42,1,2,21,148,61,0,61,0.41216216216216217,0.291866028708134,0.291866028708134
jitter_dd_only,42,1,2,22,148,61,0,61,0.41216216216216217,0.291866028708134,0.291866028708134
jitter_dd_only,42,1,2,23,148,61,0,61,0.41216216216216217,0.291866028708134,0.291866028708134
jitter_dd_only,42,1,2,24,148,61,0,61,0.41216216216216217,0.291866028708134,0.291866028708134
jitter_dd_only,42,2,0,1,147,60,0,60,0.40816326530612246,0.2898550724637681,0.2898550724637681
jitter_dd_only,42,2,0,2,147,60,0,60,0.40816326530612246,0.2898550724637681,0.2898550724637681
jitter_dd_only,42,2,0,3,147,60,0,60,0.40816326530612246,0.2898550724637681,0.2898550724637681
jitter_dd_only,42,2,0,4,147,60,0,60,0.40816326530612246,0.2898550724637681,0.2898550724637681
jitter_dd_only,42,2,0,5,147,60,0,60,0.40816326530612246,0.2898550724637681,0.2898550724637681
jitter_dd_only,42,2,0,6,147,60,0,60,0.40816326530612246,0.2898550724637681,0.2898550724637681
jitter_dd_only,42,2,0,7,147,60,0,60,0.40816326530612246,0.2898550724637681,0.2898550724637681
jitter_dd_only,42,2,0,8,147,60,0,60,0.40816326530612246,0.2898550724637681,0.2898550724637681
jitter_dd_only,42,2,0,9,147,60,0,60,0.40816326530612246,0.2898550724637681,0.2898550724637681
jitter_dd_only,42,2,0,10,147,60,0,60,0.40816326530612246,0.2898550724637681,0.2898550724637681
jitter_dd_only,42,2,0,11,147,60,0,60,0.40816326530612246,0.2898550724637681,0.2898550724637681
jitter_dd_only,42,2,0,12,147,60,0,60,0.40816326530612246,0.2898550724637681,0.2898550724637681
jitter_dd_only,42,2,0,13,147,60,0,60,0.40816326530612246,0.2898550724637681,0.2898550724637681
jitter_dd_only,42,2,0,14,147,60,0,60,0.40816326530612246,0.2898550724637681,0.2898550724637681
jitter_dd_only,42,2,0,15,147,60,0,60,0.40816326530612246,0.2898550724637681,0.2898550724637681
jitter_dd_only,42,2,0,16,147,60,0,60,0.40816326530612246,0.2898550724637681,0.2898550724637681
jitter_dd_only,42,2,0,17,147,60,0,60,0.40816326530612246,0.2898550724637681,0.2898550724637681
jitter_dd_only,42,2,0,18,147,60,0,60,0.40816326530612246,0.2898550724637681,0.2898550724637681
jitter_dd_only,42,2,0,19,147,60,0,60,0.40816326530612246,0.2898550724637681,0.2898550724637681
jitter_dd_only,42,2,0,20,147,60,0,60,0.40816326530612246,0.2898550724637681,0.2898550724637681
jitter_dd_only,42,2,0,21,147,60,0,60,0.40816326530612246,0.2898550724637681,0.2898550724637681
jitter_dd_only,42,2,0,22,147,60,0,60,0.40816326530612246,0.2898550724637681,0.2898550724637681
jitter_dd_only,42,2,0,23,147,60,0,60,0.40816326530612246,0.2898550724637681,0.2898550724637681
jitter_dd_only,42,2,0,24,147,60,0,60,0.40816326530612246,0.2898550724637681,0.2898550724637681
jitter_dd_only,42,2,0,25,147,60,0,60,0.40816326530612246,0.2898550724637681,0.2898550724637681
jitter_dd_only,42,2,0,26,147,60,0,60,0.40816326530612246,0.2898550724637681,0.2898550724637681
jitter_dd_only,42,2,0,27,147,60,0,60,0.40816326530612246,0.2898550724637681,0.2898550724637681
jitter_dd_only,42,2,0,28,147,60,0,60,0.40816326530612246,0.2898550724637681,0.2898550724637681
jitter_dd_only,42,2,0,29,147,60,0,60,0.40816326530612246,0.2898550724637681,0.2898550724637681
jitter_dd_only,42,2,0,30,147,60,0,60,0.40816326530612246,0.2898550724637681,0.2898550724637681
jitter_dd_only,42,2,0,31,147,60,0,60,0.40816326530612246,0.2898550724637681,0.2898550724637681
jitter_dd_only,42,2,0,32,147,60,0,60,0.40816326530612246,0.2898550724637681,0.2898550724637681
jitter_dd_only,42,2,0,33,147,60,0,60,0.40816326530612246,0.2898550724637681,0.2898550724637681
jitter_dd_only,42,2,0,34,147,60,0,60,0.40816326530612246,0.2898550724637681,0.2898550724637681
jitter_dd_only,42,2,0,35,147,60,0,60,0.40816326530612246,0.2898550724637681,0.2898550724637681
jitter_dd_only,42,2,0,36,147,60,0,60,0.40816326530612246,0.2898550724637681,0.2898550724637681
jitter_dd_only,42,2,0,37,147,60,0,60,0.40816326530612246,0.2898550724637681,0.2898550724637681
jitter_dd_only,42,2,0,38,147,60,0,60,0.40816326530612246,0.2898550724637681,0.2898550724637681
jitter_dd_only,42,2,0,39,147,60,0,60,0.40816326530612246,0.2898550724637681,0.2898550724637681
jitter_dd_only,42,2,0,40,147,60,0,60,0.40816326530612246,0.2898550724637681,0.2898550724637681
jitter_dd_only,42,2,0,41,147,60,0,60,0.40816326530612246,0.2898550724637681,0.2898550724637681
jitter_dd_only,42,2,1,1,147,61,0,61,0.41496598639455784,0.2932692307692308,0.2932692307692308
jitter_dd_only,42,2,1,2,147,61,0,61,0.41496598639455784,0.2932692307692308,0.2932692307692308
jitter_dd_only,42,2,1,3,147,61,0,61,0.41496598639455784,0.2932692307692308,0.2932692307692308
jitter_dd_only,42,2,1,4,147,61,0,61,0.41496598639455784,0.2932692307692308,0.2932692307692308
jitter_dd_only,42,2,1,5,147,61,0,61,0.41496598639455784,0.2932692307692308,0.2932692307692308
jitter_dd_only,42,2,1,6,147,61,0,61,0.41496598639455784,0.2932692307692308,0.2932692307692308
jitter_dd_only,42,2,1,7,147,61,0,61,0.41496598639455784,0.2932692307692308,0.2932692307692308
jitter_dd_only,42,2,1,8,147,61,0,61,0.41496598639455784,0.2932692307692308,0.2932692307692308
jitter_dd_only,42,2,1,9,147,61,0,61,0.41496598639455784,0.2932692307692308,0.2932692307692308
jitter_dd_only,42,2,1,10,147,61,0,61,0.41496598639455784,0.2932692307692308,0.2932692307692308
jitter_dd_only,42,2,1,11,147,61,0,61,0.41496598639455784,0.2932692307692308,0.2932692307692308
jitter_dd_only,42,2,1,12,147,61,0,61,0.41496598639455784,0.2932692307692308,0.2932692307692308
jitter_dd_only,42,2,1,13,147,61,0,61,0.41496598639455784,0.2932692307692308,0.2932692307692308
jitter_dd_only,42,2,1,14,147,61,0,61,0.41496598639455784,0.2932692307692308,0.2932692307692308
jitter_dd_only,42,2,1,15,147,61,0,61,0.41496598639455784,0.2932692307692308,0.2932692307692308
jitter_dd_only,42,2,1,16,147,61,0,61,0.41496598639455784,0.2932692307692308,0.2932692307692308
jitter_dd_only,42,2,1,17,147,61,0,61,0.41496598639455784,0.2932692307692308,0.2932692307692308
jitter_dd_only,42,2,1,18,147,61,0,61,0.41496598639455784,0.2932692307692308,0.2932692307692308
jitter_dd_only,42,2,1,19,147,61,0,61,0.41496598639455784,0.2932692307692308,0.2932692307692308
jitter_dd_only,42,2,1,20,147,61,0,61,0.41496598639455784,0.2932692307692308,0.2932692307692308
jitter_dd_only,42,2,1,21,147,61,0,61,0.41496598639455784,0.2932692307692308,0.2932692307692308
jitter_dd_only,42,2,1,22,147,61,0,61,0.41496598639455784,0.2932692307692308,0.2932692307692308
jitter_dd_only,42,2,1,23,147,61,0,61,0.41496598639455784,0.2932692307692308,0.2932692307692308
jitter_dd_only,42,2,1,24,147,61,0,61,0.41496598639455784,0.2932692307692308,0.2932692307692308
jitter_dd_only,42,2,1,25,147,61,0,61,0.41496598639455784,0.2932692307692308,0.2932692307692308
jitter_dd_only,42,2,1,26,147,61,0,61,0.41496598639455784,0.2932692307692308,0.2932692307692308
jitter_dd_only,42,2,1,27,147,61,0,61,0.41496598639455784,0.2932692307692308,0.2932692307692308
jitter_dd_only,42,2,1,28,147,61,0,61,0.41496598639455784,0.2932692307692308,0.2932692307692308
jitter_dd_only,42,2,1,29,147,61,0,61,0.41496598639455784,0.2932692307692308,0.2932692307692308
jitter_dd_only,42,2,1,30,147,61,0,61,0.41496598639455784,0.2932692307692308,0.2932692307692308
jitter_dd_only,42,2,1,31,147,61,0,61,0.41496598639455784,0.2932692307692308,0.2932692307692308
jitter_dd_only,42,2,1,32,147,61,0,61,0.41496598639455784,0.2932692307692308,0.2932692307692308
jitter_dd_only,42,2,1,33,147,61,0,61,0.41496598639455784,0.2932692307692308,0.2932692307692308
jitter_dd_only,42,2,1,34,147,61,0,61,0.41496598639455784,0.2932692307692308,0.2932692307692308
jitter_dd_only,42,2,1,35,147,61,0,61,0.41496598639455784,0.2932692307692308,0.2932692307692308
jitter_dd_only,42,2,2,1,148,61,0,61,0.41216216216216217,0.291866028708134,0.291866028708134
jitter_dd_only,42,2,2,2,148,61,0,61,0.41216216216216217,0.291866028708134,0.291866028708134
jitter_dd_only,42,2,2,3,148,61,0,61,0.41216216216216217,0.291866028708134,0.291866028708134
jitter_dd_only,42,2,2,4,148,61,0,61,0.41216216216216217,0.291866028708134,0.291866028708134
jitter_dd_only,42,2,2,5,148,61,0,61,0.41216216216216217,0.291866028708134,0.291866028708134
jitter_dd_only,42,2,2,6,148,61,0,61,0.41216216216216217,0.291866028708134,0.291866028708134
jitter_dd_only,42,2,2,7,148,61,0,61,0.41216216216216217,0.291866028708134,0.291866028708134
jitter_dd_only,42,2,2,8,148,61,0,61,0.41216216216216217,0.291866028708134,0.291866028708134
jitter_dd_only,42,2,2,9,148,61,0,61,0.41216216216216217,0.291866028708134,0.291866028708134
jitter_dd_only,42,2,2,10,148,61,0,61,0.41216216216216217,0.291866028708134,0.291866028708134
jitter_dd_only,42,2,2,11,148,61,0,61,0.41216216216216217,0.291866028708134,0.291866028708134
jitter_dd_only,42,2,2,12,148,61,0,61,0.41216216216216217,0.291866028708134,0.291866028708134
jitter_dd_only,42,2,2,13,148,61,0,61,0.41216216216216217,0.291866028708134,0.291866028708134
jitter_dd_only,42,2,2,14,148,61,0,61,0.41216216216216217,0.291866028708134,0.291866028708134
jitter_dd_only,42,2,2,15,148,61,0,61,0.41216216216216217,0.291866028708134,0.291866028708134
jitter_dd_only,42,2,2,16,148,61,0,61,0.41216216216216217,0.291866028708134,0.291866028708134
jitter_dd_only,42,2,2,17,148,61,0,61,0.41216216216216217,0.291866028708134,0.291866028708134
jitter_dd_only,42,2,2,18,148,61,0,61,0.41216216216216217,0.291866028708134,0.291866028708134
jitter_dd_only,42,2,2,19,148,61,0,61,0.41216216216216217,0.291866028708134,0.291866028708134
jitter_dd_only,42,2,2,20,148,61,0,61,0.41216216216216217,0.291866028708134,0.291866028708134
jitter_dd_only,42,2,2,21,148,61,0,61,0.41216216216216217,0.291866028708134,0.291866028708134
jitter_dd_only,42,2,2,22,148,61,0,61,0.41216216216216217,0.291866028708134,0.291866028708134
jitter_dd_only,42,2,2,23,148,61,0,61,0.41216216216216217,0.291866028708134,0.291866028708134
jitter_dd_only,42,2,2,24,148,61,0,61,0.41216216216216217,0.291866028708134,0.291866028708134
jitter_dd_only,42,2,2,25,148,61,0,61,0.41216216216216217,0.291866028708134,0.291866028708134
jitter_dd_only,42,2,2,26,148,61,0,61,0.41216216216216217,0.291866028708134,0.291866028708134
jitter_dd_only,42,2,2,27,148,61,0,61,0.41216216216216217,0.291866028708134,0.291866028708134
jitter_dd_only,42,3,0,1,147,61,0,61,0.41496598639455784,0.2932692307692308,0.2932692307692308
jitter_dd_only,42,3,0,2,147,61,0,61,0.41496598639455784,0.2932692307692308,0.2932692307692308
jitter_dd_only,42,3,0,3,147,61,0,61,0.41496598639455784,0.2932692307692308,0.2932692307692308
jitter_dd_only,42,3,0,4,147,61,0,61,0.41496598639455784,0.2932692307692308,0.2932692307692308
jitter_dd_only,42,3,0,5,147,61,0,61,0.41496598639455784,0.2932692307692308,0.2932692307692308
jitter_dd_only,42,3,0,6,147,61,0,61,0.41496598639455784,0.2932692307692308,0.2932692307692308
jitter_dd_only,42,3,0,7,147,61,0,61,0.41496598639455784,0.2932692307692308,0.2932692307692308
jitter_dd_only,42,3,0,8,147,61,0,61,0.41496598639455784,0.2932692307692308,0.2932692307692308
jitter_dd_only,42,3,0,9,147,61,0,61,0.41496598639455784,0.2932692307692308,0.2932692307692308
jitter_dd_only,42,3,0,10,147,61,0,61,0.41496598639455784,0.2932692307692308,0.2932692307692308
jitter_dd_only,42,3,0,11,147,61,0,61,0.41496598639455784,0.2932692307692308,0.2932692307692308
jitter_dd_only,42,3,0,12,147,61,0,61,0.41496598639455784,0.2932692307692308,0.2932692307692308
jitter_dd_only,42,3,0,13,147,61,0,61,0.41496598639455784,0.2932692307692308,0.2932692307692308
jitter_dd_only,42,3,0,14,147,61,0,61,0.41496598639455784,0.2932692307692308,0.2932692307692308
jitter_dd_only,42,3,0,15,147,61,0,61,0.41496598639455784,0.2932692307692308,0.2932692307692308
jitter_dd_only,42,3,0,16,147,61,0,61,0.41496598639455784,0.2932692307692308,0.2932692307692308
jitter_dd_only,42,3,0,17,147,61,0,61,0.41496598639455784,0.2932692307692308,0.2932692307692308
jitter_dd_only,42,3,0,18,147,61,0,61,0.41496598639455784,0.2932692307692308,0.2932692307692308
jitter_dd_only,42,3,0,19,147,61,0,61,0.41496598639455784,0.2932692307692308,0.2932692307692308
jitter_dd_only,42,3,0,20,147,61,0,61,0.41496598639455784,0.2932692307692308,0.2932692307692308
jitter_dd_only,42,3,0,21,147,61,0,61,0.41496598639455784,0.2932692307692308,0.2932692307692308
jitter_dd_only,42,3,0,22,147,61,0,61,0.41496598639455784,0.2932692307692308,0.2932692307692308
jitter_dd_only,42,3,0,23,147,61,0,61,0.41496598639455784,0.2932692307692308,0.2932692307692308
jitter_dd_only,42,3,0,24,147,61,0,61,0.41496598639455784,0.2932692307692308,0.2932692307692308
jitter_dd_only,42,3,0,25,147,61,0,61,0.41496598639455784,0.2932692307692308,0.2932692307692308
jitter_dd_only,42,3,0,26,147,61,0,61,0.41496598639455784,0.2932692307692308,0.2932692307692308
jitter_dd_only,42,3,0,27,147,61,0,61,0.41496598639455784,0.2932692307692308,0.2932692307692308
jitter_dd_only,42,3,0,28,147,61,0,61,0.41496598639455784,0.2932692307692308,0.2932692307692308
jitter_dd_only,42,3,0,29,147,61,0,61,0.41496598639455784,0.2932692307692308,0.2932692307692308
jitter_dd_only,42,3,0,30,147,61,0,61,0.41496598639455784,0.2932692307692308,0.2932692307692308
jitter_dd_only,42,3,0,31,147,61,0,61,0.41496598639455784,0.2932692307692308,0.2932692307692308
jitter_dd_only,42,3,0,32,147,61,0,61,0.41496598639455784,0.2932692307692308,0.2932692307692308
jitter_dd_only,42,3,0,33,147,61,0,61,0.41496598639455784,0.2932692307692308,0.2932692307692308
jitter_dd_only,42,3,0,34,147,61,0,61,0.41496598639455784,0.2932692307692308,0.2932692307692308
jitter_dd_only,42,3,0,35,147,61,0,61,0.41496598639455784,0.2932692307692308,0.2932692307692308
jitter_dd_only,42,3,0,36,147,61,0,61,0.41496598639455784,0.2932692307692308,0.2932692307692308
jitter_dd_only,42,3,0,37,147,61,0,61,0.41496598639455784,0.2932692307692308,0.2932692307692308
jitter_dd_only,42,3,0,38,147,61,0,61,0.41496598639455784,0.2932692307692308,0.2932692307692308
jitter_dd_only,42,3,0,39,147,61,0,61,0.41496598639455784,0.2932692307692308,0.2932692307692308
jitter_dd_only,42,3,0,40,147,61,0,61,0.41496598639455784,0.2932692307692308,0.2932692307692308
jitter_dd_only,42,3,0,41,147,61,0,61,0.41496598639455784,0.2932692307692308,0.2932692307692308
jitter_dd_only,42,3,0,42,147,61,0,61,0.41496598639455784,0.2932692307692308,0.2932692307692308
jitter_dd_only,42,3,1,1,147,61,0,61,0.41496598639455784,0.2932692307692308,0.2932692307692308
jitter_dd_only,42,3,1,2,147,61,0,61,0.41496598639455784,0.2932692307692308,0.2932692307692308
jitter_dd_only,42,3,1,3,147,61,0,61,0.41496598639455784,0.2932692307692308,0.2932692307692308
jitter_dd_only,42,3,1,4,147,61,0,61,0.41496598639455784,0.2932692307692308,0.2932692307692308
jitter_dd_only,42,3,1,5,147,61,0,61,0.41496598639455784,0.2932692307692308,0.2932692307692308
jitter_dd_only,42,3,1,6,147,61,0,61,0.41496598639455784,0.2932692307692308,0.2932692307692308
jitter_dd_only,42,3,1,7,147,61,0,61,0.41496598639455784,0.2932692307692308,0.2932692307692308
jitter_dd_only,42,3,1,8,147,61,0,61,0.41496598639455784,0.2932692307692308,0.2932692307692308
jitter_dd_only,42,3,1,9,147,61,0,61,0.41496598639455784,0.2932692307692308,0.2932692307692308
jitter_dd_only,42,3,1,10,147,61,0,61,0.41496598639455784,0.2932692307692308,0.2932692307692308
jitter_dd_only,42,3,1,11,147,61,0,61,0.41496598639455784,0.2932692307692308,0.2932692307692308
jitter_dd_only,42,3,1,12,147,61,0,61,0.41496598639455784,0.2932692307692308,0.2932692307692308
jitter_dd_only,42,3,1,13,147,61,0,61,0.41496598639455784,0.2932692307692308,0.2932692307692308
jitter_dd_only,42,3,1,14,147,61,0,61,0.41496598639455784,0.2932692307692308,0.2932692307692308
jitter_dd_only,42,3,1,15,147,61,0,61,0.41496598639455784,0.2932692307692308,0.2932692307692308
jitter_dd_only,42,3,1,16,147,61,0,61,0.41496598639455784,0.2932692307692308,0.2932692307692308
jitter_dd_only,42,3,1,17,147,61,0,61,0.41496598639455784,0.2932692307692308,0.2932692307692308
jitter_dd_only,42,3,1,18,147,61,0,61,0.41496598639455784,0.2932692307692308,0.2932692307692308
jitter_dd_only,42,3,1,19,147,61,0,61,0.41496598639455784,0.2932692307692308,0.2932692307692308
jitter_dd_only,42,3,1,20,147,61,0,61,0.41496598639455784,0.2932692307692308,0.2932692307692308
jitter_dd_only,42,3,1,21,147,61,0,61,0.41496598639455784,0.2932692307692308,0.2932692307692308
jitter_dd_only,42,3,1,22,147,61,0,61,0.41496598639455784,0.2932692307692308,0.2932692307692308
jitter_dd_only,42,3,1,23,147,61,0,61,0.41496598639455784,0.2932692307692308,0.2932692307692308
jitter_dd_only,42,3,2,1,148,62,0,62,0.4189189189189189,0.29523809523809524,0.29523809523809524
jitter_dd_only,42,3,2,2,148,62,0,62,0.4189189189189189,0.29523809523809524,0.29523809523809524
jitter_dd_only,42,3,2,3,148,62,0,62,0.4189189189189189,0.29523809523809524,0.29523809523809524
jitter_dd_only,42,3,2,4,148,62,0,62,0.4189189189189189,0.29523809523809524,0.29523809523809524
jitter_dd_only,42,3,2,5,148,62,0,62,0.4189189189189189,0.29523809523809524,0.29523809523809524
jitter_dd_only,42,3,2,6,148,62,0,62,0.4189189189189189,0.29523809523809524,0.29523809523809524
jitter_dd_only,42,3,2,7,148,62,0,62,0.4189189189189189,0.29523809523809524,0.29523809523809524
jitter_dd_only,42,3,2,8,148,62,0,62,0.4189189189189189,0.29523809523809524,0.29523809523809524
jitter_dd_only,42,3,2,9,148,62,0,62,0.4189189189189189,0.29523809523809524,0.29523809523809524
jitter_dd_only,42,3,2,10,148,62,0,62,0.4189189189189189,0.29523809523809524,0.29523809523809524
jitter_dd_only,42,3,2,11,148,62,0,62,0.4189189189189189,0.29523809523809524,0.29523809523809524
jitter_dd_only,42,3,2,12,148,62,0,62,0.4189189189189189,0.29523809523809524,0.29523809523809524
jitter_dd_only,42,3,2,13,148,62,0,62,0.4189189189189189,0.29523809523809524,0.29523809523809524
jitter_dd_only,42,3,2,14,148,62,0,62,0.4189189189189189,0.29523809523809524,0.29523809523809524
jitter_dd_only,42,3,2,15,148,62,0,62,0.4189189189189189,0.29523809523809524,0.29523809523809524
jitter_dd_only,42,3,2,16,148,62,0,62,0.4189189189189189,0.29523809523809524,0.29523809523809524
jitter_dd_only,42,3,2,17,148,62,0,62,0.4189189189189189,0.29523809523809524,0.29523809523809524
jitter_dd_only,42,3,2,18,148,62,0,62,0.4189189189189189,0.29523809523809524,0.29523809523809524
jitter_dd_only,42,3,2,19,148,62,0,62,0.4189189189189189,0.29523809523809524,0.29523809523809524
jitter_dd_only,42,3,2,20,148,62,0,62,0.4189189189189189,0.29523809523809524,0.29523809523809524
jitter_dd_only,42,3,2,21,148,62,0,62,0.4189189189189189,0.29523809523809524,0.29523809523809524
jitter_dd_only,42,3,2,22,148,62,0,62,0.4189189189189189,0.29523809523809524,0.29523809523809524
jitter_dd_only,42,3,2,23,148,62,0,62,0.4189189189189189,0.29523809523809524,0.29523809523809524
jitter_dd_only,42,3,2,24,148,62,0,62,0.4189189189189189,0.29523809523809524,0.29523809523809524
jitter_dd_only,42,3,2,25,148,62,0,62,0.4189189189189189,0.29523809523809524,0.29523809523809524
jitter_dd_only,42,3,2,26,148,62,0,62,0.4189189189189189,0.29523809523809524,0.29523809523809524
jitter_dd_only,42,3,2,27,148,62,0,62,0.4189189189189189,0.29523809523809524,0.29523809523809524
jitter_dd_only,42,3,2,28,148,62,0,62,0.4189189189189189,0.29523809523809524,0.29523809523809524
jitter_dd_only,42,3,2,29,148,62,0,62,0.4189189189189189,0.29523809523809524,0.29523809523809524
jitter_dd_only,42,3,2,30,148,62,0,62,0.4189189189189189,0.29523809523809524,0.29523809523809524
jitter_dd_only,42,3,2,31,148,62,0,62,0.4189189189189189,0.29523809523809524,0.29523809523809524
jitter_dd_only,42,3,2,32,148,62,0,62,0.4189189189189189,0.29523809523809524,0.29523809523809524
jitter_dd_only,42,3,2,33,148,62,0,62,0.4189189189189189,0.29523809523809524,0.29523809523809524
jitter_dd_only,42,3,2,34,148,62,0,62,0.4189189189189189,0.29523809523809524,0.29523809523809524
jitter_dd_only,42,3,2,35,148,62,0,62,0.4189189189189189,0.29523809523809524,0.29523809523809524
jitter_dd_only,42,4,0,1,147,61,0,61,0.41496598639455784,0.2932692307692308,0.2932692307692308
jitter_dd_only,42,4,0,2,147,61,0,61,0.41496598639455784,0.2932692307692308,0.2932692307692308
jitter_dd_only,42,4,0,3,147,61,0,61,0.41496598639455784,0.2932692307692308,0.2932692307692308
jitter_dd_only,42,4,0,4,147,61,0,61,0.41496598639455784,0.2932692307692308,0.2932692307692308
jitter_dd_only,42,4,0,5,147,61,0,61,0.41496598639455784,0.2932692307692308,0.2932692307692308
jitter_dd_only,42,4,0,6,147,61,0,61,0.41496598639455784,0.2932692307692308,0.2932692307692308
jitter_dd_only,42,4,0,7,147,61,0,61,0.41496598639455784,0.2932692307692308,0.2932692307692308
jitter_dd_only,42,4,0,8,147,61,0,61,0.41496598639455784,0.2932692307692308,0.2932692307692308
jitter_dd_only,42,4,0,9,147,61,0,61,0.41496598639455784,0.2932692307692308,0.2932692307692308
jitter_dd_only,42,4,0,10,147,61,0,61,0.41496598639455784,0.2932692307692308,0.2932692307692308
jitter_dd_only,42,4,0,11,147,61,0,61,0.41496598639455784,0.2932692307692308,0.2932692307692308
jitter_dd_only,42,4,0,12,147,61,0,61,0.41496598639455784,0.2932692307692308,0.2932692307692308
jitter_dd_only,42,4,0,13,147,61,0,61,0.41496598639455784,0.2932692307692308,0.2932692307692308
jitter_dd_only,42,4,0,14,147,61,0,61,0.41496598639455784,0.2932692307692308,0.2932692307692308
jitter_dd_only,42,4,0,15,147,61,0,61,0.41496598639455784,0.2932692307692308,0.2932692307692308
jitter_dd_only,42,4,0,16,147,61,0,61,0.41496598639455784,0.2932692307692308,0.2932692307692308
jitter_dd_only,42,4,0,17,147,61,0,61,0.41496598639455784,0.2932692307692308,0.2932692307692308
jitter_dd_only,42,4,0,18,147,61,0,61,0.41496598639455784,0.2932692307692308,0.2932692307692308
jitter_dd_only,42,4,0,19,147,61,0,61,0.41496598639455784,0.2932692307692308,0.2932692307692308
jitter_dd_only,42,4,0,20,147,61,0,61,0.41496598639455784,0.2932692307692308,0.2932692307692308
jitter_dd_only,42,4,0,21,147,61,0,61,0.41496598639455784,0.2932692307692308,0.2932692307692308
jitter_dd_only,42,4,0,22,147,61,0,61,0.41496598639455784,0.2932692307692308,0.2932692307692308
jitter_dd_only,42,4,0,23,147,61,0,61,0.41496598639455784,0.2932692307692308,0.2932692307692308
jitter_dd_only,42,4,0,24,147,61,0,61,0.41496598639455784,0.2932692307692308,0.2932692307692308
jitter_dd_only,42,4,0,25,147,61,0,61,0.41496598639455784,0.2932692307692308,0.2932692307692308
jitter_dd_only,42,4,0,26,147,61,0,61,0.41496598639455784,0.2932692307692308,0.2932692307692308
jitter_dd_only,42,4,0,27,147,61,0,61,0.41496598639455784,0.2932692307692308,0.2932692307692308
jitter_dd_only,42,4,1,1,147,61,0,61,0.41496598639455784,0.2932692307692308,0.2932692307692308
jitter_dd_only,42,4,1,2,147,61,0,61,0.41496598639455784,0.2932692307692308,0.2932692307692308
jitter_dd_only,42,4,1,3,147,61,0,61,0.41496598639455784,0.2932692307692308,0.2932692307692308
jitter_dd_only,42,4,1,4,147,61,0,61,0.41496598639455784,0.2932692307692308,0.2932692307692308
jitter_dd_only,42,4,1,5,147,61,0,61,0.41496598639455784,0.2932692307692308,0.2932692307692308
jitter_dd_only,42,4,1,6,147,61,0,61,0.41496598639455784,0.2932692307692308,0.2932692307692308
jitter_dd_only,42,4,1,7,147,61,0,61,0.41496598639455784,0.2932692307692308,0.2932692307692308
jitter_dd_only,42,4,1,8,147,61,0,61,0.41496598639455784,0.2932692307692308,0.2932692307692308
jitter_dd_only,42,4,1,9,147,61,0,61,0.41496598639455784,0.2932692307692308,0.2932692307692308
jitter_dd_only,42,4,1,10,147,61,0,61,0.41496598639455784,0.2932692307692308,0.2932692307692308
jitter_dd_only,42,4,1,11,147,61,0,61,0.41496598639455784,0.2932692307692308,0.2932692307692308
jitter_dd_only,42,4,1,12,147,61,0,61,0.41496598639455784,0.2932692307692308,0.2932692307692308
jitter_dd_only,42,4,1,13,147,61,0,61,0.41496598639455784,0.2932692307692308,0.2932692307692308
jitter_dd_only,42,4,1,14,147,61,0,61,0.41496598639455784,0.2932692307692308,0.2932692307692308
jitter_dd_only,42,4,1,15,147,61,0,61,0.41496598639455784,0.2932692307692308,0.2932692307692308
jitter_dd_only,42,4,1,16,147,61,0,61,0.41496598639455784,0.2932692307692308,0.2932692307692308
jitter_dd_only,42,4,1,17,147,61,0,61,0.41496598639455784,0.2932692307692308,0.2932692307692308
jitter_dd_only,42,4,1,18,147,61,0,61,0.41496598639455784,0.2932692307692308,0.2932692307692308
jitter_dd_only,42,4,1,19,147,61,0,61,0.41496598639455784,0.2932692307692308,0.2932692307692308
jitter_dd_only,42,4,1,20,147,61,0,61,0.41496598639455784,0.2932692307692308,0.2932692307692308
jitter_dd_only,42,4,1,21,147,61,0,61,0.41496598639455784,0.2932692307692308,0.2932692307692308
jitter_dd_only,42,4,1,22,147,61,0,61,0.41496598639455784,0.2932692307692308,0.2932692307692308
jitter_dd_only,42,4,2,1,148,62,0,62,0.4189189189189189,0.29523809523809524,0.29523809523809524
jitter_dd_only,42,4,2,2,148,62,0,62,0.4189189189189189,0.29523809523809524,0.29523809523809524
jitter_dd_only,42,4,2,3,148,62,0,62,0.4189189189189189,0.29523809523809524,0.29523809523809524
jitter_dd_only,42,4,2,4,148,62,0,62,0.4189189189189189,0.29523809523809524,0.29523809523809524
jitter_dd_only,42,4,2,5,148,62,0,62,0.4189189189189189,0.29523809523809524,0.29523809523809524
jitter_dd_only,42,4,2,6,148,62,0,62,0.4189189189189189,0.29523809523809524,0.29523809523809524
jitter_dd_only,42,4,2,7,148,62,0,62,0.4189189189189189,0.29523809523809524,0.29523809523809524
jitter_dd_only,42,4,2,8,148,62,0,62,0.4189189189189189,0.29523809523809524,0.29523809523809524
jitter_dd_only,42,4,2,9,148,62,0,62,0.4189189189189189,0.29523809523809524,0.29523809523809524
jitter_dd_only,42,4,2,10,148,62,0,62,0.4189189189189189,0.29523809523809524,0.29523809523809524
jitter_dd_only,42,4,2,11,148,62,0,62,0.4189189189189189,0.29523809523809524,0.29523809523809524
jitter_dd_only,42,4,2,12,148,62,0,62,0.4189189189189189,0.29523809523809524,0.29523809523809524
jitter_dd_only,42,4,2,13,148,62,0,62,0.4189189189189189,0.29523809523809524,0.29523809523809524
jitter_dd_only,42,4,2,14,148,62,0,62,0.4189189189189189,0.29523809523809524,0.29523809523809524
jitter_dd_only,42,4,2,15,148,62,0,62,0.4189189189189189,0.29523809523809524,0.29523809523809524
jitter_dd_only,42,4,2,16,148,62,0,62,0.4189189189189189,0.29523809523809524,0.29523809523809524
jitter_dd_only,42,4,2,17,148,62,0,62,0.4189189189189189,0.29523809523809524,0.29523809523809524
jitter_dd_only,42,4,2,18,148,62,0,62,0.4189189189189189,0.29523809523809524,0.29523809523809524
jitter_dd_only,42,4,2,19,148,62,0,62,0.4189189189189189,0.29523809523809524,0.29523809523809524
jitter_dd_only,42,4,2,20,148,62,0,62,0.4189189189189189,0.29523809523809524,0.29523809523809524
jitter_dd_only,42,4,2,21,148,62,0,62,0.4189189189189189,0.29523809523809524,0.29523809523809524
jitter_dd_only,42,4,2,22,148,62,0,62,0.4189189189189189,0.29523809523809524,0.29523809523809524
jitter_dd_only,42,4,2,23,148,62,0,62,0.4189189189189189,0.29523809523809524,0.29523809523809524
jitter_dd_only,42,4,2,24,148,62,0,62,0.4189189189189189,0.29523809523809524,0.29523809523809524
jitter_dd_only,42,4,2,25,148,62,0,62,0.4189189189189189,0.29523809523809524,0.29523809523809524
jitter_dd_only,42,4,2,26,148,62,0,62,0.4189189189189189,0.29523809523809524,0.29523809523809524
jitter_dd_only,42,4,2,27,148,62,0,62,0.4189189189189189,0.29523809523809524,0.29523809523809524
jitter_dd_only,42,4,2,28,148,62,0,62,0.4189189189189189,0.29523809523809524,0.29523809523809524
jitter_dd_only,42,4,2,29,148,62,0,62,0.4189189189189189,0.29523809523809524,0.29523809523809524
jitter_dd_only,42,4,2,30,148,62,0,62,0.4189189189189189,0.29523809523809524,0.29523809523809524
jitter_dd_only,42,4,2,31,148,62,0,62,0.4189189189189189,0.29523809523809524,0.29523809523809524
jitter_dd_only,42,4,2,32,148,62,0,62,0.4189189189189189,0.29523809523809524,0.29523809523809524
jitter_dd_only,42,4,2,33,148,62,0,62,0.4189189189189189,0.29523809523809524,0.29523809523809524
jitter_dd_only,43,0,0,1,146,59,0,59,0.4041095890410959,0.28780487804878047,0.28780487804878047
jitter_dd_only,43,0,0,2,146,59,0,59,0.4041095890410959,0.28780487804878047,0.28780487804878047
jitter_dd_only,43,0,0,3,146,59,0,59,0.4041095890410959,0.28780487804878047,0.28780487804878047
jitter_dd_only,43,0,0,4,146,59,0,59,0.4041095890410959,0.28780487804878047,0.28780487804878047
jitter_dd_only,43,0,0,5,146,59,0,59,0.4041095890410959,0.28780487804878047,0.28780487804878047
jitter_dd_only,43,0,0,6,146,59,0,59,0.4041095890410959,0.28780487804878047,0.28780487804878047
jitter_dd_only,43,0,0,7,146,59,0,59,0.4041095890410959,0.28780487804878047,0.28780487804878047
jitter_dd_only,43,0,0,8,146,59,0,59,0.4041095890410959,0.28780487804878047,0.28780487804878047
jitter_dd_only,43,0,0,9,146,59,0,59,0.4041095890410959,0.28780487804878047,0.28780487804878047
jitter_dd_only,43,0,0,10,146,59,0,59,0.4041095890410959,0.28780487804878047,0.28780487804878047
jitter_dd_only,43,0,0,11,146,59,0,59,0.4041095890410959,0.28780487804878047,0.28780487804878047
jitter_dd_only,43,0,0,12,146,59,0,59,0.4041095890410959,0.28780487804878047,0.28780487804878047
jitter_dd_only,43,0,0,13,146,59,0,59,0.4041095890410959,0.28780487804878047,0.28780487804878047
jitter_dd_only,43,0,0,14,146,59,0,59,0.4041095890410959,0.28780487804878047,0.28780487804878047
jitter_dd_only,43,0,0,15,146,59,0,59,0.4041095890410959,0.28780487804878047,0.28780487804878047
jitter_dd_only,43,0,0,16,146,59,0,59,0.4041095890410959,0.28780487804878047,0.28780487804878047
jitter_dd_only,43,0,0,17,146,59,0,59,0.4041095890410959,0.28780487804878047,0.28780487804878047
jitter_dd_only,43,0,0,18,146,59,0,59,0.4041095890410959,0.28780487804878047,0.28780487804878047
jitter_dd_only,43,0,0,19,146,59,0,59,0.4041095890410959,0.28780487804878047,0.28780487804878047
jitter_dd_only,43,0,0,20,146,59,0,59,0.4041095890410959,0.28780487804878047,0.28780487804878047
jitter_dd_only,43,0,0,21,146,59,0,59,0.4041095890410959,0.28780487804878047,0.28780487804878047
jitter_dd_only,43,0,0,22,146,59,0,59,0.4041095890410959,0.28780487804878047,0.28780487804878047
jitter_dd_only,43,0,0,23,146,59,0,59,0.4041095890410959,0.28780487804878047,0.28780487804878047
jitter_dd_only,43,0,1,1,147,60,0,60,0.40816326530612246,0.2898550724637681,0.2898550724637681
jitter_dd_only,43,0,1,2,147,60,0,60,0.40816326530612246,0.2898550724637681,0.2898550724637681
jitter_dd_only,43,0,1,3,147,60,0,60,0.40816326530612246,0.2898550724637681,0.2898550724637681
jitter_dd_only,43,0,1,4,147,60,0,60,0.40816326530612246,0.2898550724637681,0.2898550724637681
jitter_dd_only,43,0,1,5,147,60,0,60,0.40816326530612246,0.2898550724637681,0.2898550724637681
jitter_dd_only,43,0,1,6,147,60,0,60,0.40816326530612246,0.2898550724637681,0.2898550724637681
jitter_dd_only,43,0,1,7,147,60,0,60,0.40816326530612246,0.2898550724637681,0.2898550724637681
jitter_dd_only,43,0,1,8,147,60,0,60,0.40816326530612246,0.2898550724637681,0.2898550724637681
jitter_dd_only,43,0,1,9,147,60,0,60,0.40816326530612246,0.2898550724637681,0.2898550724637681
jitter_dd_only,43,0,1,10,147,60,0,60,0.40816326530612246,0.2898550724637681,0.2898550724637681
jitter_dd_only,43,0,1,11,147,60,0,60,0.40816326530612246,0.2898550724637681,0.2898550724637681
jitter_dd_only,43,0,1,12,147,60,0,60,0.40816326530612246,0.2898550724637681,0.2898550724637681
jitter_dd_only,43,0,1,13,147,60,0,60,0.40816326530612246,0.2898550724637681,0.2898550724637681
jitter_dd_only,43,0,1,14,147,60,0,60,0.40816326530612246,0.2898550724637681,0.2898550724637681
jitter_dd_only,43,0,1,15,147,60,0,60,0.40816326530612246,0.2898550724637681,0.2898550724637681
jitter_dd_only,43,0,1,16,147,60,0,60,0.40816326530612246,0.2898550724637681,0.2898550724637681
jitter_dd_only,43,0,1,17,147,60,0,60,0.40816326530612246,0.2898550724637681,0.2898550724637681
jitter_dd_only,43,0,1,18,147,60,0,60,0.40816326530612246,0.2898550724637681,0.2898550724637681
jitter_dd_only,43,0,1,19,147,60,0,60,0.40816326530612246,0.2898550724637681,0.2898550724637681
jitter_dd_only,43,0,1,20,147,60,0,60,0.40816326530612246,0.2898550724637681,0.2898550724637681
jitter_dd_only,43,0,1,21,147,60,0,60,0.40816326530612246,0.2898550724637681,0.2898550724637681
jitter_dd_only,43,0,1,22,147,60,0,60,0.40816326530612246,0.2898550724637681,0.2898550724637681
jitter_dd_only,43,0,1,23,147,60,0,60,0.40816326530612246,0.2898550724637681,0.2898550724637681
jitter_dd_only,43,0,1,24,147,60,0,60,0.40816326530612246,0.2898550724637681,0.2898550724637681
jitter_dd_only,43,0,1,25,147,60,0,60,0.40816326530612246,0.2898550724637681,0.2898550724637681
jitter_dd_only,43,0,1,26,147,60,0,60,0.40816326530612246,0.2898550724637681,0.2898550724637681
jitter_dd_only,43,0,1,27,147,60,0,60,0.40816326530612246,0.2898550724637681,0.2898550724637681
jitter_dd_only,43,0,2,1,147,61,0,61,0.41496598639455784,0.2932692307692308,0.2932692307692308
jitter_dd_only,43,0,2,2,147,61,0,61,0.41496598639455784,0.2932692307692308,0.2932692307692308
jitter_dd_only,43,0,2,3,147,61,0,61,0.41496598639455784,0.2932692307692308,0.2932692307692308
jitter_dd_only,43,0,2,4,147,61,0,61,0.41496598639455784,0.2932692307692308,0.2932692307692308
jitter_dd_only,43,0,2,5,147,61,0,61,0.41496598639455784,0.2932692307692308,0.2932692307692308
jitter_dd_only,43,0,2,6,147,61,0,61,0.41496598639455784,0.2932692307692308,0.2932692307692308
jitter_dd_only,43,0,2,7,147,61,0,61,0.41496598639455784,0.2932692307692308,0.2932692307692308
jitter_dd_only,43,0,2,8,147,61,0,61,0.41496598639455784,0.2932692307692308,0.2932692307692308
jitter_dd_only,43,0,2,9,147,61,0,61,0.41496598639455784,0.2932692307692308,0.2932692307692308
jitter_dd_only,43,0,2,10,147,61,0,61,0.41496598639455784,0.2932692307692308,0.2932692307692308
jitter_dd_only,43,0,2,11,147,61,0,61,0.41496598639455784,0.2932692307692308,0.2932692307692308
jitter_dd_only,43,0,2,12,147,61,0,61,0.41496598639455784,0.2932692307692308,0.2932692307692308
jitter_dd_only,43,0,2,13,147,61,0,61,0.41496598639455784,0.2932692307692308,0.2932692307692308
jitter_dd_only,43,0,2,14,147,61,0,61,0.41496598639455784,0.2932692307692308,0.2932692307692308
jitter_dd_only,43,0,2,15,147,61,0,61,0.41496598639455784,0.2932692307692308,0.2932692307692308
jitter_dd_only,43,0,2,16,147,61,0,61,0.41496598639455784,0.2932692307692308,0.2932692307692308
jitter_dd_only,43,0,2,17,147,61,0,61,0.41496598639455784,0.2932692307692308,0.2932692307692308
jitter_dd_only,43,0,2,18,147,61,0,61,0.41496598639455784,0.2932692307692308,0.2932692307692308
jitter_dd_only,43,0,2,19,147,61,0,61,0.41496598639455784,0.2932692307692308,0.2932692307692308
jitter_dd_only,43,0,2,20,147,61,0,61,0.41496598639455784,0.2932692307692308,0.2932692307692308
jitter_dd_only,43,0,2,21,147,61,0,61,0.41496598639455784,0.2932692307692308,0.2932692307692308
jitter_dd_only,43,1,0,1,147,60,0,60,0.40816326530612246,0.2898550724637681,0.2898550724637681
jitter_dd_only,43,1,0,2,147,60,0,60,0.40816326530612246,0.2898550724637681,0.2898550724637681
jitter_dd_only,43,1,0,3,147,60,0,60,0.40816326530612246,0.2898550724637681,0.2898550724637681
jitter_dd_only,43,1,0,4,147,60,0,60,0.40816326530612246,0.2898550724637681,0.2898550724637681
jitter_dd_only,43,1,0,5,147,60,0,60,0.40816326530612246,0.2898550724637681,0.2898550724637681
jitter_dd_only,43,1,0,6,147,60,0,60,0.40816326530612246,0.2898550724637681,0.2898550724637681
jitter_dd_only,43,1,0,7,147,60,0,60,0.40816326530612246,0.2898550724637681,0.2898550724637681
jitter_dd_only,43,1,0,8,147,60,0,60,0.40816326530612246,0.2898550724637681,0.2898550724637681
jitter_dd_only,43,1,0,9,147,60,0,60,0.40816326530612246,0.2898550724637681,0.2898550724637681
jitter_dd_only,43,1,0,10,147,60,0,60,0.40816326530612246,0.2898550724637681,0.2898550724637681
jitter_dd_only,43,1,0,11,147,60,0,60,0.40816326530612246,0.2898550724637681,0.2898550724637681
jitter_dd_only,43,1,0,12,147,60,0,60,0.40816326530612246,0.2898550724637681,0.2898550724637681
jitter_dd_only,43,1,0,13,147,60,0,60,0.40816326530612246,0.2898550724637681,0.2898550724637681
jitter_dd_only,43,1,0,14,147,60,0,60,0.40816326530612246,0.2898550724637681,0.2898550724637681
jitter_dd_only,43,1,0,15,147,60,0,60,0.40816326530612246,0.2898550724637681,0.2898550724637681
jitter_dd_only,43,1,0,16,147,60,0,60,0.40816326530612246,0.2898550724637681,0.2898550724637681
jitter_dd_only,43,1,0,17,147,60,0,60,0.40816326530612246,0.2898550724637681,0.2898550724637681
jitter_dd_only,43,1,0,18,147,60,0,60,0.40816326530612246,0.2898550724637681,0.2898550724637681
jitter_dd_only,43,1,0,19,147,60,0,60,0.40816326530612246,0.2898550724637681,0.2898550724637681
jitter_dd_only,43,1,0,20,147,60,0,60,0.40816326530612246,0.2898550724637681,0.2898550724637681
jitter_dd_only,43,1,0,21,147,60,0,60,0.40816326530612246,0.2898550724637681,0.2898550724637681
jitter_dd_only,43,1,0,22,147,60,0,60,0.40816326530612246,0.2898550724637681,0.2898550724637681
jitter_dd_only,43,1,0,23,147,60,0,60,0.40816326530612246,0.2898550724637681,0.2898550724637681
jitter_dd_only,43,1,0,24,147,60,0,60,0.40816326530612246,0.2898550724637681,0.2898550724637681
jitter_dd_only,43,1,0,25,147,60,0,60,0.40816326530612246,0.2898550724637681,0.2898550724637681
jitter_dd_only,43,1,0,26,147,60,0,60,0.40816326530612246,0.2898550724637681,0.2898550724637681
jitter_dd_only,43,1,0,27,147,60,0,60,0.40816326530612246,0.2898550724637681,0.2898550724637681
jitter_dd_only,43,1,1,1,147,61,0,61,0.41496598639455784,0.2932692307692308,0.2932692307692308
jitter_dd_only,43,1,1,2,147,61,0,61,0.41496598639455784,0.2932692307692308,0.2932692307692308
jitter_dd_only,43,1,1,3,147,61,0,61,0.41496598639455784,0.2932692307692308,0.2932692307692308
jitter_dd_only,43,1,1,4,147,61,0,61,0.41496598639455784,0.2932692307692308,0.2932692307692308
jitter_dd_only,43,1,1,5,147,61,0,61,0.41496598639455784,0.2932692307692308,0.2932692307692308
jitter_dd_only,43,1,1,6,147,61,0,61,0.41496598639455784,0.2932692307692308,0.2932692307692308
jitter_dd_only,43,1,1,7,147,61,0,61,0.41496598639455784,0.2932692307692308,0.2932692307692308
jitter_dd_only,43,1,1,8,147,61,0,61,0.41496598639455784,0.2932692307692308,0.2932692307692308
jitter_dd_only,43,1,1,9,147,61,0,61,0.41496598639455784,0.2932692307692308,0.2932692307692308
jitter_dd_only,43,1,1,10,147,61,0,61,0.41496598639455784,0.2932692307692308,0.2932692307692308
jitter_dd_only,43,1,1,11,147,61,0,61,0.41496598639455784,0.2932692307692308,0.2932692307692308
jitter_dd_only,43,1,1,12,147,61,0,61,0.41496598639455784,0.2932692307692308,0.2932692307692308
jitter_dd_only,43,1,1,13,147,61,0,61,0.41496598639455784,0.2932692307692308,0.2932692307692308
jitter_dd_only,43,1,1,14,147,61,0,61,0.41496598639455784,0.2932692307692308,0.2932692307692308
jitter_dd_only,43,1,1,15,147,61,0,61,0.41496598639455784,0.2932692307692308,0.2932692307692308
jitter_dd_only,43,1,1,16,147,61,0,61,0.41496598639455784,0.2932692307692308,0.2932692307692308
jitter_dd_only,43,1,1,17,147,61,0,61,0.41496598639455784,0.2932692307692308,0.2932692307692308
jitter_dd_only,43,1,1,18,147,61,0,61,0.41496598639455784,0.2932692307692308,0.2932692307692308
jitter_dd_only,43,1,1,19,147,61,0,61,0.41496598639455784,0.2932692307692308,0.2932692307692308
jitter_dd_only,43,1,1,20,147,61,0,61,0.41496598639455784,0.2932692307692308,0.2932692307692308
jitter_dd_only,43,1,1,21,147,61,0,61,0.41496598639455784,0.2932692307692308,0.2932692307692308
jitter_dd_only,43,1,1,22,147,61,0,61,0.41496598639455784,0.2932692307692308,0.2932692307692308
jitter_dd_only,43,1,2,1,148,61,0,61,0.41216216216216217,0.291866028708134,0.291866028708134
jitter_dd_only,43,1,2,2,148,61,0,61,0.41216216216216217,0.291866028708134,0.291866028708134
jitter_dd_only,43,1,2,3,148,61,0,61,0.41216216216216217,0.291866028708134,0.291866028708134
jitter_dd_only,43,1,2,4,148,61,0,61,0.41216216216216217,0.291866028708134,0.291866028708134
jitter_dd_only,43,1,2,5,148,61,0,61,0.41216216216216217,0.291866028708134,0.291866028708134
jitter_dd_only,43,1,2,6,148,61,0,61,0.41216216216216217,0.291866028708134,0.291866028708134
jitter_dd_only,43,1,2,7,148,61,0,61,0.41216216216216217,0.291866028708134,0.291866028708134
jitter_dd_only,43,1,2,8,148,61,0,61,0.41216216216216217,0.291866028708134,0.291866028708134
jitter_dd_only,43,1,2,9,148,61,0,61,0.41216216216216217,0.291866028708134,0.291866028708134
jitter_dd_only,43,1,2,10,148,61,0,61,0.41216216216216217,0.291866028708134,0.291866028708134
jitter_dd_only,43,1,2,11,148,61,0,61,0.41216216216216217,0.291866028708134,0.291866028708134
jitter_dd_only,43,1,2,12,148,61,0,61,0.41216216216216217,0.291866028708134,0.291866028708134
jitter_dd_only,43,1,2,13,148,61,0,61,0.41216216216216217,0.291866028708134,0.291866028708134
jitter_dd_only,43,1,2,14,148,61,0,61,0.41216216216216217,0.291866028708134,0.291866028708134
jitter_dd_only,43,1,2,15,148,61,0,61,0.41216216216216217,0.291866028708134,0.291866028708134
jitter_dd_only,43,1,2,16,148,61,0,61,0.41216216216216217,0.291866028708134,0.291866028708134
jitter_dd_only,43,1,2,17,148,61,0,61,0.41216216216216217,0.291866028708134,0.291866028708134
jitter_dd_only,43,1,2,18,148,61,0,61,0.41216216216216217,0.291866028708134,0.291866028708134
jitter_dd_only,43,1,2,19,148,61,0,61,0.41216216216216217,0.291866028708134,0.291866028708134
jitter_dd_only,43,1,2,20,148,61,0,61,0.41216216216216217,0.291866028708134,0.291866028708134
jitter_dd_only,43,1,2,21,148,61,0,61,0.41216216216216217,0.291866028708134,0.291866028708134
jitter_dd_only,43,2,0,1,147,60,0,60,0.40816326530612246,0.2898550724637681,0.2898550724637681
jitter_dd_only,43,2,0,2,147,60,0,60,0.40816326530612246,0.2898550724637681,0.2898550724637681
jitter_dd_only,43,2,0,3,147,60,0,60,0.40816326530612246,0.2898550724637681,0.2898550724637681
jitter_dd_only,43,2,0,4,147,60,0,60,0.40816326530612246,0.2898550724637681,0.2898550724637681
jitter_dd_only,43,2,0,5,147,60,0,60,0.40816326530612246,0.2898550724637681,0.2898550724637681
jitter_dd_only,43,2,0,6,147,60,0,60,0.40816326530612246,0.2898550724637681,0.2898550724637681
jitter_dd_only,43,2,0,7,147,60,0,60,0.40816326530612246,0.2898550724637681,0.2898550724637681
jitter_dd_only,43,2,0,8,147,60,0,60,0.40816326530612246,0.2898550724637681,0.2898550724637681
jitter_dd_only,43,2,0,9,147,60,0,60,0.40816326530612246,0.2898550724637681,0.2898550724637681
jitter_dd_only,43,2,0,10,147,60,0,60,0.40816326530612246,0.2898550724637681,0.2898550724637681
jitter_dd_only,43,2,0,11,147,60,0,60,0.40816326530612246,0.2898550724637681,0.2898550724637681
jitter_dd_only,43,2,0,12,147,60,0,60,0.40816326530612246,0.2898550724637681,0.2898550724637681
jitter_dd_only,43,2,0,13,147,60,0,60,0.40816326530612246,0.2898550724637681,0.2898550724637681
jitter_dd_only,43,2,0,14,147,60,0,60,0.40816326530612246,0.2898550724637681,0.2898550724637681
jitter_dd_only,43,2,0,15,147,60,0,60,0.40816326530612246,0.2898550724637681,0.2898550724637681
jitter_dd_only,43,2,0,16,147,60,0,60,0.40816326530612246,0.2898550724637681,0.2898550724637681
jitter_dd_only,43,2,0,17,147,60,0,60,0.40816326530612246,0.2898550724637681,0.2898550724637681
jitter_dd_only,43,2,0,18,147,60,0,60,0.40816326530612246,0.2898550724637681,0.2898550724637681
jitter_dd_only,43,2,0,19,147,60,0,60,0.40816326530612246,0.2898550724637681,0.2898550724637681
jitter_dd_only,43,2,0,20,147,60,0,60,0.40816326530612246,0.2898550724637681,0.2898550724637681
jitter_dd_only,43,2,0,21,147,60,0,60,0.40816326530612246,0.2898550724637681,0.2898550724637681
jitter_dd_only,43,2,0,22,147,60,0,60,0.40816326530612246,0.2898550724637681,0.2898550724637681
jitter_dd_only,43,2,0,23,147,60,0,60,0.40816326530612246,0.2898550724637681,0.2898550724637681
jitter_dd_only,43,2,0,24,147,60,0,60,0.40816326530612246,0.2898550724637681,0.2898550724637681
jitter_dd_only,43,2,0,25,147,60,0,60,0.40816326530612246,0.2898550724637681,0.2898550724637681
jitter_dd_only,43,2,0,26,147,60,0,60,0.40816326530612246,0.2898550724637681,0.2898550724637681
jitter_dd_only,43,2,1,1,147,61,0,61,0.41496598639455784,0.2932692307692308,0.2932692307692308
jitter_dd_only,43,2,1,2,147,61,0,61,0.41496598639455784,0.2932692307692308,0.2932692307692308
jitter_dd_only,43,2,1,3,147,61,0,61,0.41496598639455784,0.2932692307692308,0.2932692307692308
jitter_dd_only,43,2,1,4,147,61,0,61,0.41496598639455784,0.2932692307692308,0.2932692307692308
jitter_dd_only,43,2,1,5,147,61,0,61,0.41496598639455784,0.2932692307692308,0.2932692307692308
jitter_dd_only,43,2,1,6,147,61,0,61,0.41496598639455784,0.2932692307692308,0.2932692307692308
jitter_dd_only,43,2,1,7,147,61,0,61,0.41496598639455784,0.2932692307692308,0.2932692307692308
jitter_dd_only,43,2,1,8,147,61,0,61,0.41496598639455784,0.2932692307692308,0.2932692307692308
jitter_dd_only,43,2,1,9,147,61,0,61,0.41496598639455784,0.2932692307692308,0.2932692307692308
jitter_dd_only,43,2,1,10,147,61,0,61,0.41496598639455784,0.2932692307692308,0.2932692307692308
jitter_dd_only,43,2,1,11,147,61,0,61,0.41496598639455784,0.2932692307692308,0.2932692307692308
jitter_dd_only,43,2,1,12,147,61,0,61,0.41496598639455784,0.2932692307692308,0.2932692307692308
jitter_dd_only,43,2,1,13,147,61,0,61,0.41496598639455784,0.2932692307692308,0.2932692307692308
jitter_dd_only,43,2,1,14,147,61,0,61,0.41496598639455784,0.2932692307692308,0.2932692307692308
jitter_dd_only,43,2,1,15,147,61,0,61,0.41496598639455784,0.2932692307692308,0.2932692307692308
jitter_dd_only,43,2,1,16,147,61,0,61,0.41496598639455784,0.2932692307692308,0.2932692307692308
jitter_dd_only,43,2,1,17,147,61,0,61,0.41496598639455784,0.2932692307692308,0.2932692307692308
jitter_dd_only,43,2,1,18,147,61,0,61,0.41496598639455784,0.2932692307692308,0.2932692307692308
jitter_dd_only,43,2,1,19,147,61,0,61,0.41496598639455784,0.2932692307692308,0.2932692307692308
jitter_dd_only,43,2,1,20,147,61,0,61,0.41496598639455784,0.2932692307692308,0.2932692307692308
jitter_dd_only,43,2,1,21,147,61,0,61,0.41496598639455784,0.2932692307692308,0.2932692307692308
jitter_dd_only,43,2,1,22,147,61,0,61,0.41496598639455784,0.2932692307692308,0.2932692307692308
jitter_dd_only,43,2,1,23,147,61,0,61,0.41496598639455784,0.2932692307692308,0.2932692307692308
jitter_dd_only,43,2,1,24,147,61,0,61,0.41496598639455784,0.2932692307692308,0.2932692307692308
jitter_dd_only,43,2,1,25,147,61,0,61,0.41496598639455784,0.2932692307692308,0.2932692307692308
jitter_dd_only,43,2,2,1,148,61,0,61,0.41216216216216217,0.291866028708134,0.291866028708134
jitter_dd_only,43,2,2,2,148,61,0,61,0.41216216216216217,0.291866028708134,0.291866028708134
jitter_dd_only,43,2,2,3,148,61,0,61,0.41216216216216217,0.291866028708134,0.291866028708134
jitter_dd_only,43,2,2,4,148,61,0,61,0.41216216216216217,0.291866028708134,0.291866028708134
jitter_dd_only,43,2,2,5,148,61,0,61,0.41216216216216217,0.291866028708134,0.291866028708134
jitter_dd_only,43,2,2,6,148,61,0,61,0.41216216216216217,0.291866028708134,0.291866028708134
jitter_dd_only,43,2,2,7,148,61,0,61,0.41216216216216217,0.291866028708134,0.291866028708134
jitter_dd_only,43,2,2,8,148,61,0,61,0.41216216216216217,0.291866028708134,0.291866028708134
jitter_dd_only,43,2,2,9,148,61,0,61,0.41216216216216217,0.291866028708134,0.291866028708134
jitter_dd_only,43,2,2,10,148,61,0,61,0.41216216216216217,0.291866028708134,0.291866028708134
jitter_dd_only,43,2,2,11,148,61,0,61,0.41216216216216217,0.291866028708134,0.291866028708134
jitter_dd_only,43,2,2,12,148,61,0,61,0.41216216216216217,0.291866028708134,0.291866028708134
jitter_dd_only,43,2,2,13,148,61,0,61,0.41216216216216217,0.291866028708134,0.291866028708134
jitter_dd_only,43,2,2,14,148,61,0,61,0.41216216216216217,0.291866028708134,0.291866028708134
jitter_dd_only,43,2,2,15,148,61,0,61,0.41216216216216217,0.291866028708134,0.291866028708134
jitter_dd_only,43,2,2,16,148,61,0,61,0.41216216216216217,0.291866028708134,0.291866028708134
jitter_dd_only,43,2,2,17,148,61,0,61,0.41216216216216217,0.291866028708134,0.291866028708134
jitter_dd_only,43,2,2,18,148,61,0,61,0.41216216216216217,0.291866028708134,0.291866028708134
jitter_dd_only,43,2,2,19,148,61,0,61,0.41216216216216217,0.291866028708134,0.291866028708134
jitter_dd_only,43,3,0,1,147,61,0,61,0.41496598639455784,0.2932692307692308,0.2932692307692308
jitter_dd_only,43,3,0,2,147,61,0,61,0.41496598639455784,0.2932692307692308,0.2932692307692308
jitter_dd_only,43,3,0,3,147,61,0,61,0.41496598639455784,0.2932692307692308,0.2932692307692308
jitter_dd_only,43,3,0,4,147,61,0,61,0.41496598639455784,0.2932692307692308,0.2932692307692308
jitter_dd_only,43,3,0,5,147,61,0,61,0.41496598639455784,0.2932692307692308,0.2932692307692308
jitter_dd_only,43,3,0,6,147,61,0,61,0.41496598639455784,0.2932692307692308,0.2932692307692308
jitter_dd_only,43,3,0,7,147,61,0,61,0.41496598639455784,0.2932692307692308,0.2932692307692308
jitter_dd_only,43,3,0,8,147,61,0,61,0.41496598639455784,0.2932692307692308,0.2932692307692308
jitter_dd_only,43,3,0,9,147,61,0,61,0.41496598639455784,0.2932692307692308,0.2932692307692308
jitter_dd_only,43,3,0,10,147,61,0,61,0.41496598639455784,0.2932692307692308,0.2932692307692308
jitter_dd_only,43,3,0,11,147,61,0,61,0.41496598639455784,0.2932692307692308,0.2932692307692308
jitter_dd_only,43,3,0,12,147,61,0,61,0.41496598639455784,0.2932692307692308,0.2932692307692308
jitter_dd_only,43,3,0,13,147,61,0,61,0.41496598639455784,0.2932692307692308,0.2932692307692308
jitter_dd_only,43,3,0,14,147,61,0,61,0.41496598639455784,0.2932692307692308,0.2932692307692308
jitter_dd_only,43,3,0,15,147,61,0,61,0.41496598639455784,0.2932692307692308,0.2932692307692308
jitter_dd_only,43,3,0,16,147,61,0,61,0.41496598639455784,0.2932692307692308,0.2932692307692308
jitter_dd_only,43,3,0,17,147,61,0,61,0.41496598639455784,0.2932692307692308,0.2932692307692308
jitter_dd_only,43,3,0,18,147,61,0,61,0.41496598639455784,0.2932692307692308,0.2932692307692308
jitter_dd_only,43,3,0,19,147,61,0,61,0.41496598639455784,0.2932692307692308,0.2932692307692308
jitter_dd_only,43,3,0,20,147,61,0,61,0.41496598639455784,0.2932692307692308,0.2932692307692308
jitter_dd_only,43,3,0,21,147,61,0,61,0.41496598639455784,0.2932692307692308,0.2932692307692308
jitter_dd_only,43,3,0,22,147,61,0,61,0.41496598639455784,0.2932692307692308,0.2932692307692308
jitter_dd_only,43,3,0,23,147,61,0,61,0.41496598639455784,0.2932692307692308,0.2932692307692308
jitter_dd_only,43,3,1,1,147,61,0,61,0.41496598639455784,0.2932692307692308,0.2932692307692308
jitter_dd_only,43,3,1,2,147,61,0,61,0.41496598639455784,0.2932692307692308,0.2932692307692308
jitter_dd_only,43,3,1,3,147,61,0,61,0.41496598639455784,0.2932692307692308,0.2932692307692308
jitter_dd_only,43,3,1,4,147,61,0,61,0.41496598639455784,0.2932692307692308,0.2932692307692308
jitter_dd_only,43,3,1,5,147,61,0,61,0.41496598639455784,0.2932692307692308,0.2932692307692308
jitter_dd_only,43,3,1,6,147,61,0,61,0.41496598639455784,0.2932692307692308,0.2932692307692308
jitter_dd_only,43,3,1,7,147,61,0,61,0.41496598639455784,0.2932692307692308,0.2932692307692308
jitter_dd_only,43,3,1,8,147,61,0,61,0.41496598639455784,0.2932692307692308,0.2932692307692308
jitter_dd_only,43,3,1,9,147,61,0,61,0.41496598639455784,0.2932692307692308,0.2932692307692308
jitter_dd_only,43,3,1,10,147,61,0,61,0.41496598639455784,0.2932692307692308,0.2932692307692308
jitter_dd_only,43,3,1,11,147,61,0,61,0.41496598639455784,0.2932692307692308,0.2932692307692308
jitter_dd_only,43,3,1,12,147,61,0,61,0.41496598639455784,0.2932692307692308,0.2932692307692308
jitter_dd_only,43,3,1,13,147,61,0,61,0.41496598639455784,0.2932692307692308,0.2932692307692308
jitter_dd_only,43,3,1,14,147,61,0,61,0.41496598639455784,0.2932692307692308,0.2932692307692308
jitter_dd_only,43,3,1,15,147,61,0,61,0.41496598639455784,0.2932692307692308,0.2932692307692308
jitter_dd_only,43,3,1,16,147,61,0,61,0.41496598639455784,0.2932692307692308,0.2932692307692308
jitter_dd_only,43,3,1,17,147,61,0,61,0.41496598639455784,0.2932692307692308,0.2932692307692308
jitter_dd_only,43,3,1,18,147,61,0,61,0.41496598639455784,0.2932692307692308,0.2932692307692308
jitter_dd_only,43,3,1,19,147,61,0,61,0.41496598639455784,0.2932692307692308,0.2932692307692308
jitter_dd_only,43,3,1,20,147,61,0,61,0.41496598639455784,0.2932692307692308,0.2932692307692308
jitter_dd_only,43,3,1,21,147,61,0,61,0.41496598639455784,0.2932692307692308,0.2932692307692308
jitter_dd_only,43,3,1,22,147,61,0,61,0.41496598639455784,0.2932692307692308,0.2932692307692308
jitter_dd_only,43,3,2,1,148,62,0,62,0.4189189189189189,0.29523809523809524,0.29523809523809524
jitter_dd_only,43,3,2,2,148,62,0,62,0.4189189189189189,0.29523809523809524,0.29523809523809524
jitter_dd_only,43,3,2,3,148,62,0,62,0.4189189189189189,0.29523809523809524,0.29523809523809524
jitter_dd_only,43,3,2,4,148,62,0,62,0.4189189189189189,0.29523809523809524,0.29523809523809524
jitter_dd_only,43,3,2,5,148,62,0,62,0.4189189189189189,0.29523809523809524,0.29523809523809524
jitter_dd_only,43,3,2,6,148,62,0,62,0.4189189189189189,0.29523809523809524,0.29523809523809524
jitter_dd_only,43,3,2,7,148,62,0,62,0.4189189189189189,0.29523809523809524,0.29523809523809524
jitter_dd_only,43,3,2,8,148,62,0,62,0.4189189189189189,0.29523809523809524,0.29523809523809524
jitter_dd_only,43,3,2,9,148,62,0,62,0.4189189189189189,0.29523809523809524,0.29523809523809524
jitter_dd_only,43,3,2,10,148,62,0,62,0.4189189189189189,0.29523809523809524,0.29523809523809524
jitter_dd_only,43,3,2,11,148,62,0,62,0.4189189189189189,0.29523809523809524,0.29523809523809524
jitter_dd_only,43,3,2,12,148,62,0,62,0.4189189189189189,0.29523809523809524,0.29523809523809524
jitter_dd_only,43,3,2,13,148,62,0,62,0.4189189189189189,0.29523809523809524,0.29523809523809524
jitter_dd_only,43,3,2,14,148,62,0,62,0.4189189189189189,0.29523809523809524,0.29523809523809524
jitter_dd_only,43,3,2,15,148,62,0,62,0.4189189189189189,0.29523809523809524,0.29523809523809524
jitter_dd_only,43,3,2,16,148,62,0,62,0.4189189189189189,0.29523809523809524,0.29523809523809524
jitter_dd_only,43,3,2,17,148,62,0,62,0.4189189189189189,0.29523809523809524,0.29523809523809524
jitter_dd_only,43,3,2,18,148,62,0,62,0.4189189189189189,0.29523809523809524,0.29523809523809524
jitter_dd_only,43,3,2,19,148,62,0,62,0.4189189189189189,0.29523809523809524,0.29523809523809524
jitter_dd_only,43,3,2,20,148,62,0,62,0.4189189189189189,0.29523809523809524,0.29523809523809524
jitter_dd_only,43,4,0,1,147,61,0,61,0.41496598639455784,0.2932692307692308,0.2932692307692308
jitter_dd_only,43,4,0,2,147,61,0,61,0.41496598639455784,0.2932692307692308,0.2932692307692308
jitter_dd_only,43,4,0,3,147,61,0,61,0.41496598639455784,0.2932692307692308,0.2932692307692308
jitter_dd_only,43,4,0,4,147,61,0,61,0.41496598639455784,0.2932692307692308,0.2932692307692308
jitter_dd_only,43,4,0,5,147,61,0,61,0.41496598639455784,0.2932692307692308,0.2932692307692308
jitter_dd_only,43,4,0,6,147,61,0,61,0.41496598639455784,0.2932692307692308,0.2932692307692308
jitter_dd_only,43,4,0,7,147,61,0,61,0.41496598639455784,0.2932692307692308,0.2932692307692308
jitter_dd_only,43,4,0,8,147,61,0,61,0.41496598639455784,0.2932692307692308,0.2932692307692308
jitter_dd_only,43,4,0,9,147,61,0,61,0.41496598639455784,0.2932692307692308,0.2932692307692308
jitter_dd_only,43,4,0,10,147,61,0,61,0.41496598639455784,0.2932692307692308,0.2932692307692308
jitter_dd_only,43,4,0,11,147,61,0,61,0.41496598639455784,0.2932692307692308,0.2932692307692308
jitter_dd_only,43,4,0,12,147,61,0,61,0.41496598639455784,0.2932692307692308,0.2932692307692308
jitter_dd_only,43,4,0,13,147,61,0,61,0.41496598639455784,0.2932692307692308,0.2932692307692308
jitter_dd_only,43,4,0,14,147,61,0,61,0.41496598639455784,0.2932692307692308,0.2932692307692308
jitter_dd_only,43,4,0,15,147,61,0,61,0.41496598639455784,0.2932692307692308,0.2932692307692308
jitter_dd_only,43,4,0,16,147,61,0,61,0.41496598639455784,0.2932692307692308,0.2932692307692308
jitter_dd_only,43,4,0,17,147,61,0,61,0.41496598639455784,0.2932692307692308,0.2932692307692308
jitter_dd_only,43,4,0,18,147,61,0,61,0.41496598639455784,0.2932692307692308,0.2932692307692308
jitter_dd_only,43,4,0,19,147,61,0,61,0.41496598639455784,0.2932692307692308,0.2932692307692308
jitter_dd_only,43,4,0,20,147,61,0,61,0.41496598639455784,0.2932692307692308,0.2932692307692308
jitter_dd_only,43,4,0,21,147,61,0,61,0.41496598639455784,0.2932692307692308,0.2932692307692308
jitter_dd_only,43,4,0,22,147,61,0,61,0.41496598639455784,0.2932692307692308,0.2932692307692308
jitter_dd_only,43,4,0,23,147,61,0,61,0.41496598639455784,0.2932692307692308,0.2932692307692308
jitter_dd_only,43,4,0,24,147,61,0,61,0.41496598639455784,0.2932692307692308,0.2932692307692308
jitter_dd_only,43,4,1,1,147,61,0,61,0.41496598639455784,0.2932692307692308,0.2932692307692308
jitter_dd_only,43,4,1,2,147,61,0,61,0.41496598639455784,0.2932692307692308,0.2932692307692308
jitter_dd_only,43,4,1,3,147,61,0,61,0.41496598639455784,0.2932692307692308,0.2932692307692308
jitter_dd_only,43,4,1,4,147,61,0,61,0.41496598639455784,0.2932692307692308,0.2932692307692308
jitter_dd_only,43,4,1,5,147,61,0,61,0.41496598639455784,0.2932692307692308,0.2932692307692308
jitter_dd_only,43,4,1,6,147,61,0,61,0.41496598639455784,0.2932692307692308,0.2932692307692308
jitter_dd_only,43,4,1,7,147,61,0,61,0.41496598639455784,0.2932692307692308,0.2932692307692308
jitter_dd_only,43,4,1,8,147,61,0,61,0.41496598639455784,0.2932692307692308,0.2932692307692308
jitter_dd_only,43,4,1,9,147,61,0,61,0.41496598639455784,0.2932692307692308,0.2932692307692308
jitter_dd_only,43,4,1,10,147,61,0,61,0.41496598639455784,0.2932692307692308,0.2932692307692308
jitter_dd_only,43,4,1,11,147,61,0,61,0.41496598639455784,0.2932692307692308,0.2932692307692308
jitter_dd_only,43,4,1,12,147,61,0,61,0.41496598639455784,0.2932692307692308,0.2932692307692308
jitter_dd_only,43,4,1,13,147,61,0,61,0.41496598639455784,0.2932692307692308,0.2932692307692308
jitter_dd_only,43,4,1,14,147,61,0,61,0.41496598639455784,0.2932692307692308,0.2932692307692308
jitter_dd_only,43,4,1,15,147,61,0,61,0.41496598639455784,0.2932692307692308,0.2932692307692308
jitter_dd_only,43,4,1,16,147,61,0,61,0.41496598639455784,0.2932692307692308,0.2932692307692308
jitter_dd_only,43,4,1,17,147,61,0,61,0.41496598639455784,0.2932692307692308,0.2932692307692308
jitter_dd_only,43,4,1,18,147,61,0,61,0.41496598639455784,0.2932692307692308,0.2932692307692308
jitter_dd_only,43,4,1,19,147,61,0,61,0.41496598639455784,0.2932692307692308,0.2932692307692308
jitter_dd_only,43,4,1,20,147,61,0,61,0.41496598639455784,0.2932692307692308,0.2932692307692308
jitter_dd_only,43,4,1,21,147,61,0,61,0.41496598639455784,0.2932692307692308,0.2932692307692308
jitter_dd_only,43,4,1,22,147,61,0,61,0.41496598639455784,0.2932692307692308,0.2932692307692308
jitter_dd_only,43,4,1,23,147,61,0,61,0.41496598639455784,0.2932692307692308,0.2932692307692308
jitter_dd_only,43,4,1,24,147,61,0,61,0.41496598639455784,0.2932692307692308,0.2932692307692308
jitter_dd_only,43,4,1,25,147,61,0,61,0.41496598639455784,0.2932692307692308,0.2932692307692308
jitter_dd_only,43,4,1,26,147,61,0,61,0.41496598639455784,0.2932692307692308,0.2932692307692308
jitter_dd_only,43,4,1,27,147,61,0,61,0.41496598639455784,0.2932692307692308,0.2932692307692308
jitter_dd_only,43,4,2,1,148,62,0,62,0.4189189189189189,0.29523809523809524,0.29523809523809524
jitter_dd_only,43,4,2,2,148,62,0,62,0.4189189189189189,0.29523809523809524,0.29523809523809524
jitter_dd_only,43,4,2,3,148,62,0,62,0.4189189189189189,0.29523809523809524,0.29523809523809524
jitter_dd_only,43,4,2,4,148,62,0,62,0.4189189189189189,0.29523809523809524,0.29523809523809524
jitter_dd_only,43,4,2,5,148,62,0,62,0.4189189189189189,0.29523809523809524,0.29523809523809524
jitter_dd_only,43,4,2,6,148,62,0,62,0.4189189189189189,0.29523809523809524,0.29523809523809524
jitter_dd_only,43,4,2,7,148,62,0,62,0.4189189189189189,0.29523809523809524,0.29523809523809524
jitter_dd_only,43,4,2,8,148,62,0,62,0.4189189189189189,0.29523809523809524,0.29523809523809524
jitter_dd_only,43,4,2,9,148,62,0,62,0.4189189189189189,0.29523809523809524,0.29523809523809524
jitter_dd_only,43,4,2,10,148,62,0,62,0.4189189189189189,0.29523809523809524,0.29523809523809524
jitter_dd_only,43,4,2,11,148,62,0,62,0.4189189189189189,0.29523809523809524,0.29523809523809524
jitter_dd_only,43,4,2,12,148,62,0,62,0.4189189189189189,0.29523809523809524,0.29523809523809524
jitter_dd_only,43,4,2,13,148,62,0,62,0.4189189189189189,0.29523809523809524,0.29523809523809524
jitter_dd_only,43,4,2,14,148,62,0,62,0.4189189189189189,0.29523809523809524,0.29523809523809524
jitter_dd_only,43,4,2,15,148,62,0,62,0.4189189189189189,0.29523809523809524,0.29523809523809524
jitter_dd_only,43,4,2,16,148,62,0,62,0.4189189189189189,0.29523809523809524,0.29523809523809524
jitter_dd_only,43,4,2,17,148,62,0,62,0.4189189189189189,0.29523809523809524,0.29523809523809524
jitter_dd_only,43,4,2,18,148,62,0,62,0.4189189189189189,0.29523809523809524,0.29523809523809524
jitter_dd_only,43,4,2,19,148,62,0,62,0.4189189189189189,0.29523809523809524,0.29523809523809524
jitter_dd_only,43,4,2,20,148,62,0,62,0.4189189189189189,0.29523809523809524,0.29523809523809524
jitter_dd_only,43,4,2,21,148,62,0,62,0.4189189189189189,0.29523809523809524,0.29523809523809524
jitter_dd_only,43,4,2,22,148,62,0,62,0.4189189189189189,0.29523809523809524,0.29523809523809524
jitter_dd_only,43,4,2,23,148,62,0,62,0.4189189189189189,0.29523809523809524,0.29523809523809524
jitter_dd_only,43,4,2,24,148,62,0,62,0.4189189189189189,0.29523809523809524,0.29523809523809524
jitter_dd_only,43,4,2,25,148,62,0,62,0.4189189189189189,0.29523809523809524,0.29523809523809524
jitter_dd_only,43,4,2,26,148,62,0,62,0.4189189189189189,0.29523809523809524,0.29523809523809524
jitter_dd_only,44,0,0,1,146,59,0,59,0.4041095890410959,0.28780487804878047,0.28780487804878047
jitter_dd_only,44,0,0,2,146,59,0,59,0.4041095890410959,0.28780487804878047,0.28780487804878047
jitter_dd_only,44,0,0,3,146,59,0,59,0.4041095890410959,0.28780487804878047,0.28780487804878047
jitter_dd_only,44,0,0,4,146,59,0,59,0.4041095890410959,0.28780487804878047,0.28780487804878047
jitter_dd_only,44,0,0,5,146,59,0,59,0.4041095890410959,0.28780487804878047,0.28780487804878047
jitter_dd_only,44,0,0,6,146,59,0,59,0.4041095890410959,0.28780487804878047,0.28780487804878047
jitter_dd_only,44,0,0,7,146,59,0,59,0.4041095890410959,0.28780487804878047,0.28780487804878047
jitter_dd_only,44,0,0,8,146,59,0,59,0.4041095890410959,0.28780487804878047,0.28780487804878047
jitter_dd_only,44,0,0,9,146,59,0,59,0.4041095890410959,0.28780487804878047,0.28780487804878047
jitter_dd_only,44,0,0,10,146,59,0,59,0.4041095890410959,0.28780487804878047,0.28780487804878047
jitter_dd_only,44,0,0,11,146,59,0,59,0.4041095890410959,0.28780487804878047,0.28780487804878047
jitter_dd_only,44,0,0,12,146,59,0,59,0.4041095890410959,0.28780487804878047,0.28780487804878047
jitter_dd_only,44,0,0,13,146,59,0,59,0.4041095890410959,0.28780487804878047,0.28780487804878047
jitter_dd_only,44,0,0,14,146,59,0,59,0.4041095890410959,0.28780487804878047,0.28780487804878047
jitter_dd_only,44,0,0,15,146,59,0,59,0.4041095890410959,0.28780487804878047,0.28780487804878047
jitter_dd_only,44,0,0,16,146,59,0,59,0.4041095890410959,0.28780487804878047,0.28780487804878047
jitter_dd_only,44,0,0,17,146,59,0,59,0.4041095890410959,0.28780487804878047,0.28780487804878047
jitter_dd_only,44,0,0,18,146,59,0,59,0.4041095890410959,0.28780487804878047,0.28780487804878047
jitter_dd_only,44,0,0,19,146,59,0,59,0.4041095890410959,0.28780487804878047,0.28780487804878047
jitter_dd_only,44,0,0,20,146,59,0,59,0.4041095890410959,0.28780487804878047,0.28780487804878047
jitter_dd_only,44,0,0,21,146,59,0,59,0.4041095890410959,0.28780487804878047,0.28780487804878047
jitter_dd_only,44,0,0,22,146,59,0,59,0.4041095890410959,0.28780487804878047,0.28780487804878047
jitter_dd_only,44,0,0,23,146,59,0,59,0.4041095890410959,0.28780487804878047,0.28780487804878047
jitter_dd_only,44,0,0,24,146,59,0,59,0.4041095890410959,0.28780487804878047,0.28780487804878047
jitter_dd_only,44,0,1,1,147,60,0,60,0.40816326530612246,0.2898550724637681,0.2898550724637681
jitter_dd_only,44,0,1,2,147,60,0,60,0.40816326530612246,0.2898550724637681,0.2898550724637681
jitter_dd_only,44,0,1,3,147,60,0,60,0.40816326530612246,0.2898550724637681,0.2898550724637681
jitter_dd_only,44,0,1,4,147,60,0,60,0.40816326530612246,0.2898550724637681,0.2898550724637681
jitter_dd_only,44,0,1,5,147,60,0,60,0.40816326530612246,0.2898550724637681,0.2898550724637681
jitter_dd_only,44,0,1,6,147,60,0,60,0.40816326530612246,0.2898550724637681,0.2898550724637681
jitter_dd_only,44,0,1,7,147,60,0,60,0.40816326530612246,0.2898550724637681,0.2898550724637681
jitter_dd_only,44,0,1,8,147,60,0,60,0.40816326530612246,0.2898550724637681,0.2898550724637681
jitter_dd_only,44,0,1,9,147,60,0,60,0.40816326530612246,0.2898550724637681,0.2898550724637681
jitter_dd_only,44,0,1,10,147,60,0,60,0.40816326530612246,0.2898550724637681,0.2898550724637681
jitter_dd_only,44,0,1,11,147,60,0,60,0.40816326530612246,0.2898550724637681,0.2898550724637681
jitter_dd_only,44,0,1,12,147,60,0,60,0.40816326530612246,0.2898550724637681,0.2898550724637681
jitter_dd_only,44,0,1,13,147,60,0,60,0.40816326530612246,0.2898550724637681,0.2898550724637681
jitter_dd_only,44,0,1,14,147,60,0,60,0.40816326530612246,0.2898550724637681,0.2898550724637681
jitter_dd_only,44,0,1,15,147,60,0,60,0.40816326530612246,0.2898550724637681,0.2898550724637681
jitter_dd_only,44,0,1,16,147,60,0,60,0.40816326530612246,0.2898550724637681,0.2898550724637681
jitter_dd_only,44,0,1,17,147,60,0,60,0.40816326530612246,0.2898550724637681,0.2898550724637681
jitter_dd_only,44,0,1,18,147,60,0,60,0.40816326530612246,0.2898550724637681,0.2898550724637681
jitter_dd_only,44,0,1,19,147,60,0,60,0.40816326530612246,0.2898550724637681,0.2898550724637681
jitter_dd_only,44,0,1,20,147,60,0,60,0.40816326530612246,0.2898550724637681,0.2898550724637681
jitter_dd_only,44,0,1,21,147,60,0,60,0.40816326530612246,0.2898550724637681,0.2898550724637681
jitter_dd_only,44,0,1,22,147,60,0,60,0.40816326530612246,0.2898550724637681,0.2898550724637681
jitter_dd_only,44,0,2,1,147,61,0,61,0.41496598639455784,0.2932692307692308,0.2932692307692308
jitter_dd_only,44,0,2,2,147,61,0,61,0.41496598639455784,0.2932692307692308,0.2932692307692308
jitter_dd_only,44,0,2,3,147,61,0,61,0.41496598639455784,0.2932692307692308,0.2932692307692308
jitter_dd_only,44,0,2,4,147,61,0,61,0.41496598639455784,0.2932692307692308,0.2932692307692308
jitter_dd_only,44,0,2,5,147,61,0,61,0.41496598639455784,0.2932692307692308,0.2932692307692308
jitter_dd_only,44,0,2,6,147,61,0,61,0.41496598639455784,0.2932692307692308,0.2932692307692308
jitter_dd_only,44,0,2,7,147,61,0,61,0.41496598639455784,0.2932692307692308,0.2932692307692308
jitter_dd_only,44,0,2,8,147,61,0,61,0.41496598639455784,0.2932692307692308,0.2932692307692308
jitter_dd_only,44,0,2,9,147,61,0,61,0.41496598639455784,0.2932692307692308,0.2932692307692308
jitter_dd_only,44,0,2,10,147,61,0,61,0.41496598639455784,0.2932692307692308,0.2932692307692308
jitter_dd_only,44,0,2,11,147,61,0,61,0.41496598639455784,0.2932692307692308,0.2932692307692308
jitter_dd_only,44,0,2,12,147,61,0,61,0.41496598639455784,0.2932692307692308,0.2932692307692308
jitter_dd_only,44,0,2,13,147,61,0,61,0.41496598639455784,0.2932692307692308,0.2932692307692308
jitter_dd_only,44,0,2,14,147,61,0,61,0.41496598639455784,0.2932692307692308,0.2932692307692308
jitter_dd_only,44,0,2,15,147,61,0,61,0.41496598639455784,0.2932692307692308,0.2932692307692308
jitter_dd_only,44,0,2,16,147,61,0,61,0.41496598639455784,0.2932692307692308,0.2932692307692308
jitter_dd_only,44,0,2,17,147,61,0,61,0.41496598639455784,0.2932692307692308,0.2932692307692308
jitter_dd_only,44,0,2,18,147,61,0,61,0.41496598639455784,0.2932692307692308,0.2932692307692308
jitter_dd_only,44,0,2,19,147,61,0,61,0.41496598639455784,0.2932692307692308,0.2932692307692308
jitter_dd_only,44,0,2,20,147,61,0,61,0.41496598639455784,0.2932692307692308,0.2932692307692308
jitter_dd_only,44,0,2,21,147,61,0,61,0.41496598639455784,0.2932692307692308,0.2932692307692308
jitter_dd_only,44,0,2,22,147,61,0,61,0.41496598639455784,0.2932692307692308,0.2932692307692308
jitter_dd_only,44,0,2,23,147,61,0,61,0.41496598639455784,0.2932692307692308,0.2932692307692308
jitter_dd_only,44,0,2,24,147,61,0,61,0.41496598639455784,0.2932692307692308,0.2932692307692308
jitter_dd_only,44,0,2,25,147,61,0,61,0.41496598639455784,0.2932692307692308,0.2932692307692308
jitter_dd_only,44,1,0,1,147,60,0,60,0.40816326530612246,0.2898550724637681,0.2898550724637681
jitter_dd_only,44,1,0,2,147,60,0,60,0.40816326530612246,0.2898550724637681,0.2898550724637681
jitter_dd_only,44,1,0,3,147,60,0,60,0.40816326530612246,0.2898550724637681,0.2898550724637681
jitter_dd_only,44,1,0,4,147,60,0,60,0.40816326530612246,0.2898550724637681,0.2898550724637681
jitter_dd_only,44,1,0,5,147,60,0,60,0.40816326530612246,0.2898550724637681,0.2898550724637681
jitter_dd_only,44,1,0,6,147,60,0,60,0.40816326530612246,0.2898550724637681,0.2898550724637681
jitter_dd_only,44,1,0,7,147,60,0,60,0.40816326530612246,0.2898550724637681,0.2898550724637681
jitter_dd_only,44,1,0,8,147,60,0,60,0.40816326530612246,0.2898550724637681,0.2898550724637681
jitter_dd_only,44,1,0,9,147,60,0,60,0.40816326530612246,0.2898550724637681,0.2898550724637681
jitter_dd_only,44,1,0,10,147,60,0,60,0.40816326530612246,0.2898550724637681,0.2898550724637681
jitter_dd_only,44,1,0,11,147,60,0,60,0.40816326530612246,0.2898550724637681,0.2898550724637681
jitter_dd_only,44,1,0,12,147,60,0,60,0.40816326530612246,0.2898550724637681,0.2898550724637681
jitter_dd_only,44,1,0,13,147,60,0,60,0.40816326530612246,0.2898550724637681,0.2898550724637681
jitter_dd_only,44,1,0,14,147,60,0,60,0.40816326530612246,0.2898550724637681,0.2898550724637681
jitter_dd_only,44,1,0,15,147,60,0,60,0.40816326530612246,0.2898550724637681,0.2898550724637681
jitter_dd_only,44,1,0,16,147,60,0,60,0.40816326530612246,0.2898550724637681,0.2898550724637681
jitter_dd_only,44,1,0,17,147,60,0,60,0.40816326530612246,0.2898550724637681,0.2898550724637681
jitter_dd_only,44,1,0,18,147,60,0,60,0.40816326530612246,0.2898550724637681,0.2898550724637681
jitter_dd_only,44,1,0,19,147,60,0,60,0.40816326530612246,0.2898550724637681,0.2898550724637681
jitter_dd_only,44,1,0,20,147,60,0,60,0.40816326530612246,0.2898550724637681,0.2898550724637681
jitter_dd_only,44,1,0,21,147,60,0,60,0.40816326530612246,0.2898550724637681,0.2898550724637681
jitter_dd_only,44,1,0,22,147,60,0,60,0.40816326530612246,0.2898550724637681,0.2898550724637681
jitter_dd_only,44,1,0,23,147,60,0,60,0.40816326530612246,0.2898550724637681,0.2898550724637681
jitter_dd_only,44,1,0,24,147,60,0,60,0.40816326530612246,0.2898550724637681,0.2898550724637681
jitter_dd_only,44,1,0,25,147,60,0,60,0.40816326530612246,0.2898550724637681,0.2898550724637681
jitter_dd_only,44,1,0,26,147,60,0,60,0.40816326530612246,0.2898550724637681,0.2898550724637681
jitter_dd_only,44,1,0,27,147,60,0,60,0.40816326530612246,0.2898550724637681,0.2898550724637681
jitter_dd_only,44,1,0,28,147,60,0,60,0.40816326530612246,0.2898550724637681,0.2898550724637681
jitter_dd_only,44,1,0,29,147,60,0,60,0.40816326530612246,0.2898550724637681,0.2898550724637681
jitter_dd_only,44,1,0,30,147,60,0,60,0.40816326530612246,0.2898550724637681,0.2898550724637681
jitter_dd_only,44,1,0,31,147,60,0,60,0.40816326530612246,0.2898550724637681,0.2898550724637681
jitter_dd_only,44,1,1,1,147,61,0,61,0.41496598639455784,0.2932692307692308,0.2932692307692308
jitter_dd_only,44,1,1,2,147,61,0,61,0.41496598639455784,0.2932692307692308,0.2932692307692308
jitter_dd_only,44,1,1,3,147,61,0,61,0.41496598639455784,0.2932692307692308,0.2932692307692308
jitter_dd_only,44,1,1,4,147,61,0,61,0.41496598639455784,0.2932692307692308,0.2932692307692308
jitter_dd_only,44,1,1,5,147,61,0,61,0.41496598639455784,0.2932692307692308,0.2932692307692308
jitter_dd_only,44,1,1,6,147,61,0,61,0.41496598639455784,0.2932692307692308,0.2932692307692308
jitter_dd_only,44,1,1,7,147,61,0,61,0.41496598639455784,0.2932692307692308,0.2932692307692308
jitter_dd_only,44,1,1,8,147,61,0,61,0.41496598639455784,0.2932692307692308,0.2932692307692308
jitter_dd_only,44,1,1,9,147,61,0,61,0.41496598639455784,0.2932692307692308,0.2932692307692308
jitter_dd_only,44,1,1,10,147,61,0,61,0.41496598639455784,0.2932692307692308,0.2932692307692308
jitter_dd_only,44,1,1,11,147,61,0,61,0.41496598639455784,0.2932692307692308,0.2932692307692308
jitter_dd_only,44,1,1,12,147,61,0,61,0.41496598639455784,0.2932692307692308,0.2932692307692308
jitter_dd_only,44,1,1,13,147,61,0,61,0.41496598639455784,0.2932692307692308,0.2932692307692308
jitter_dd_only,44,1,1,14,147,61,0,61,0.41496598639455784,0.2932692307692308,0.2932692307692308
jitter_dd_only,44,1,1,15,147,61,0,61,0.41496598639455784,0.2932692307692308,0.2932692307692308
jitter_dd_only,44,1,1,16,147,61,0,61,0.41496598639455784,0.2932692307692308,0.2932692307692308
jitter_dd_only,44,1,1,17,147,61,0,61,0.41496598639455784,0.2932692307692308,0.2932692307692308
jitter_dd_only,44,1,1,18,147,61,0,61,0.41496598639455784,0.2932692307692308,0.2932692307692308
jitter_dd_only,44,1,1,19,147,61,0,61,0.41496598639455784,0.2932692307692308,0.2932692307692308
jitter_dd_only,44,1,1,20,147,61,0,61,0.41496598639455784,0.2932692307692308,0.2932692307692308
jitter_dd_only,44,1,1,21,147,61,0,61,0.41496598639455784,0.2932692307692308,0.2932692307692308
jitter_dd_only,44,1,1,22,147,61,0,61,0.41496598639455784,0.2932692307692308,0.2932692307692308
jitter_dd_only,44,1,1,23,147,61,0,61,0.41496598639455784,0.2932692307692308,0.2932692307692308
jitter_dd_only,44,1,1,24,147,61,0,61,0.41496598639455784,0.2932692307692308,0.2932692307692308
jitter_dd_only,44,1,1,25,147,61,0,61,0.41496598639455784,0.2932692307692308,0.2932692307692308
jitter_dd_only,44,1,1,26,147,61,0,61,0.41496598639455784,0.2932692307692308,0.2932692307692308
jitter_dd_only,44,1,1,27,147,61,0,61,0.41496598639455784,0.2932692307692308,0.2932692307692308
jitter_dd_only,44,1,1,28,147,61,0,61,0.41496598639455784,0.2932692307692308,0.2932692307692308
jitter_dd_only,44,1,2,1,148,61,0,61,0.41216216216216217,0.291866028708134,0.291866028708134
jitter_dd_only,44,1,2,2,148,61,0,61,0.41216216216216217,0.291866028708134,0.291866028708134
jitter_dd_only,44,1,2,3,148,61,0,61,0.41216216216216217,0.291866028708134,0.291866028708134
jitter_dd_only,44,1,2,4,148,61,0,61,0.41216216216216217,0.291866028708134,0.291866028708134
jitter_dd_only,44,1,2,5,148,61,0,61,0.41216216216216217,0.291866028708134,0.291866028708134
jitter_dd_only,44,1,2,6,148,61,0,61,0.41216216216216217,0.291866028708134,0.291866028708134
jitter_dd_only,44,1,2,7,148,61,0,61,0.41216216216216217,0.291866028708134,0.291866028708134
jitter_dd_only,44,1,2,8,148,61,0,61,0.41216216216216217,0.291866028708134,0.291866028708134
jitter_dd_only,44,1,2,9,148,61,0,61,0.41216216216216217,0.291866028708134,0.291866028708134
jitter_dd_only,44,1,2,10,148,61,0,61,0.41216216216216217,0.291866028708134,0.291866028708134
jitter_dd_only,44,1,2,11,148,61,0,61,0.41216216216216217,0.291866028708134,0.291866028708134
jitter_dd_only,44,1,2,12,148,61,0,61,0.41216216216216217,0.291866028708134,0.291866028708134
jitter_dd_only,44,1,2,13,148,61,0,61,0.41216216216216217,0.291866028708134,0.291866028708134
jitter_dd_only,44,1,2,14,148,61,0,61,0.41216216216216217,0.291866028708134,0.291866028708134
jitter_dd_only,44,1,2,15,148,61,0,61,0.41216216216216217,0.291866028708134,0.291866028708134
jitter_dd_only,44,1,2,16,148,61,0,61,0.41216216216216217,0.291866028708134,0.291866028708134
jitter_dd_only,44,1,2,17,148,61,0,61,0.41216216216216217,0.291866028708134,0.291866028708134
jitter_dd_only,44,1,2,18,148,61,0,61,0.41216216216216217,0.291866028708134,0.291866028708134
jitter_dd_only,44,1,2,19,148,61,0,61,0.41216216216216217,0.291866028708134,0.291866028708134
jitter_dd_only,44,1,2,20,148,61,0,61,0.41216216216216217,0.291866028708134,0.291866028708134
jitter_dd_only,44,1,2,21,148,61,0,61,0.41216216216216217,0.291866028708134,0.291866028708134
jitter_dd_only,44,1,2,22,148,61,0,61,0.41216216216216217,0.291866028708134,0.291866028708134
jitter_dd_only,44,2,0,1,147,60,0,60,0.40816326530612246,0.2898550724637681,0.2898550724637681
jitter_dd_only,44,2,0,2,147,60,0,60,0.40816326530612246,0.2898550724637681,0.2898550724637681
jitter_dd_only,44,2,0,3,147,60,0,60,0.40816326530612246,0.2898550724637681,0.2898550724637681
jitter_dd_only,44,2,0,4,147,60,0,60,0.40816326530612246,0.2898550724637681,0.2898550724637681
jitter_dd_only,44,2,0,5,147,60,0,60,0.40816326530612246,0.2898550724637681,0.2898550724637681
jitter_dd_only,44,2,0,6,147,60,0,60,0.40816326530612246,0.2898550724637681,0.2898550724637681
jitter_dd_only,44,2,0,7,147,60,0,60,0.40816326530612246,0.2898550724637681,0.2898550724637681
jitter_dd_only,44,2,0,8,147,60,0,60,0.40816326530612246,0.2898550724637681,0.2898550724637681
jitter_dd_only,44,2,0,9,147,60,0,60,0.40816326530612246,0.2898550724637681,0.2898550724637681
jitter_dd_only,44,2,0,10,147,60,0,60,0.40816326530612246,0.2898550724637681,0.2898550724637681
jitter_dd_only,44,2,0,11,147,60,0,60,0.40816326530612246,0.2898550724637681,0.2898550724637681
jitter_dd_only,44,2,0,12,147,60,0,60,0.40816326530612246,0.2898550724637681,0.2898550724637681
jitter_dd_only,44,2,0,13,147,60,0,60,0.40816326530612246,0.2898550724637681,0.2898550724637681
jitter_dd_only,44,2,0,14,147,60,0,60,0.40816326530612246,0.2898550724637681,0.2898550724637681
jitter_dd_only,44,2,0,15,147,60,0,60,0.40816326530612246,0.2898550724637681,0.2898550724637681
jitter_dd_only,44,2,0,16,147,60,0,60,0.40816326530612246,0.2898550724637681,0.2898550724637681
jitter_dd_only,44,2,0,17,147,60,0,60,0.40816326530612246,0.2898550724637681,0.2898550724637681
jitter_dd_only,44,2,0,18,147,60,0,60,0.40816326530612246,0.2898550724637681,0.2898550724637681
jitter_dd_only,44,2,0,19,147,60,0,60,0.40816326530612246,0.2898550724637681,0.2898550724637681
jitter_dd_only,44,2,1,1,147,61,0,61,0.41496598639455784,0.2932692307692308,0.2932692307692308
jitter_dd_only,44,2,1,2,147,61,0,61,0.41496598639455784,0.2932692307692308,0.2932692307692308
jitter_dd_only,44,2,1,3,147,61,0,61,0.41496598639455784,0.2932692307692308,0.2932692307692308
jitter_dd_only,44,2,1,4,147,61,0,61,0.41496598639455784,0.2932692307692308,0.2932692307692308
jitter_dd_only,44,2,1,5,147,61,0,61,0.41496598639455784,0.2932692307692308,0.2932692307692308
jitter_dd_only,44,2,1,6,147,61,0,61,0.41496598639455784,0.2932692307692308,0.2932692307692308
jitter_dd_only,44,2,1,7,147,61,0,61,0.41496598639455784,0.2932692307692308,0.2932692307692308
jitter_dd_only,44,2,1,8,147,61,0,61,0.41496598639455784,0.2932692307692308,0.2932692307692308
jitter_dd_only,44,2,1,9,147,61,0,61,0.41496598639455784,0.2932692307692308,0.2932692307692308
jitter_dd_only,44,2,1,10,147,61,0,61,0.41496598639455784,0.2932692307692308,0.2932692307692308
jitter_dd_only,44,2,1,11,147,61,0,61,0.41496598639455784,0.2932692307692308,0.2932692307692308
jitter_dd_only,44,2,1,12,147,61,0,61,0.41496598639455784,0.2932692307692308,0.2932692307692308
jitter_dd_only,44,2,1,13,147,61,0,61,0.41496598639455784,0.2932692307692308,0.2932692307692308
jitter_dd_only,44,2,1,14,147,61,0,61,0.41496598639455784,0.2932692307692308,0.2932692307692308
jitter_dd_only,44,2,1,15,147,61,0,61,0.41496598639455784,0.2932692307692308,0.2932692307692308
jitter_dd_only,44,2,1,16,147,61,0,61,0.41496598639455784,0.2932692307692308,0.2932692307692308
jitter_dd_only,44,2,1,17,147,61,0,61,0.41496598639455784,0.2932692307692308,0.2932692307692308
jitter_dd_only,44,2,1,18,147,61,0,61,0.41496598639455784,0.2932692307692308,0.2932692307692308
jitter_dd_only,44,2,2,1,148,61,0,61,0.41216216216216217,0.291866028708134,0.291866028708134
jitter_dd_only,44,2,2,2,148,61,0,61,0.41216216216216217,0.291866028708134,0.291866028708134
jitter_dd_only,44,2,2,3,148,61,0,61,0.41216216216216217,0.291866028708134,0.291866028708134
jitter_dd_only,44,2,2,4,148,61,0,61,0.41216216216216217,0.291866028708134,0.291866028708134
jitter_dd_only,44,2,2,5,148,61,0,61,0.41216216216216217,0.291866028708134,0.291866028708134
jitter_dd_only,44,2,2,6,148,61,0,61,0.41216216216216217,0.291866028708134,0.291866028708134
jitter_dd_only,44,2,2,7,148,61,0,61,0.41216216216216217,0.291866028708134,0.291866028708134
jitter_dd_only,44,2,2,8,148,61,0,61,0.41216216216216217,0.291866028708134,0.291866028708134
jitter_dd_only,44,2,2,9,148,61,0,61,0.41216216216216217,0.291866028708134,0.291866028708134
jitter_dd_only,44,2,2,10,148,61,0,61,0.41216216216216217,0.291866028708134,0.291866028708134
jitter_dd_only,44,2,2,11,148,61,0,61,0.41216216216216217,0.291866028708134,0.291866028708134
jitter_dd_only,44,2,2,12,148,61,0,61,0.41216216216216217,0.291866028708134,0.291866028708134
jitter_dd_only,44,2,2,13,148,61,0,61,0.41216216216216217,0.291866028708134,0.291866028708134
jitter_dd_only,44,2,2,14,148,61,0,61,0.41216216216216217,0.291866028708134,0.291866028708134
jitter_dd_only,44,2,2,15,148,61,0,61,0.41216216216216217,0.291866028708134,0.291866028708134
jitter_dd_only,44,2,2,16,148,61,0,61,0.41216216216216217,0.291866028708134,0.291866028708134
jitter_dd_only,44,2,2,17,148,61,0,61,0.41216216216216217,0.291866028708134,0.291866028708134
jitter_dd_only,44,2,2,18,148,61,0,61,0.41216216216216217,0.291866028708134,0.291866028708134
jitter_dd_only,44,3,0,1,147,61,0,61,0.41496598639455784,0.2932692307692308,0.2932692307692308
jitter_dd_only,44,3,0,2,147,61,0,61,0.41496598639455784,0.2932692307692308,0.2932692307692308
jitter_dd_only,44,3,0,3,147,61,0,61,0.41496598639455784,0.2932692307692308,0.2932692307692308
jitter_dd_only,44,3,0,4,147,61,0,61,0.41496598639455784,0.2932692307692308,0.2932692307692308
jitter_dd_only,44,3,0,5,147,61,0,61,0.41496598639455784,0.2932692307692308,0.2932692307692308
jitter_dd_only,44,3,0,6,147,61,0,61,0.41496598639455784,0.2932692307692308,0.2932692307692308
jitter_dd_only,44,3,0,7,147,61,0,61,0.41496598639455784,0.2932692307692308,0.2932692307692308
jitter_dd_only,44,3,0,8,147,61,0,61,0.41496598639455784,0.2932692307692308,0.2932692307692308
jitter_dd_only,44,3,0,9,147,61,0,61,0.41496598639455784,0.2932692307692308,0.2932692307692308
jitter_dd_only,44,3,0,10,147,61,0,61,0.41496598639455784,0.2932692307692308,0.2932692307692308
jitter_dd_only,44,3,0,11,147,61,0,61,0.41496598639455784,0.2932692307692308,0.2932692307692308
jitter_dd_only,44,3,0,12,147,61,0,61,0.41496598639455784,0.2932692307692308,0.2932692307692308
jitter_dd_only,44,3,0,13,147,61,0,61,0.41496598639455784,0.2932692307692308,0.2932692307692308
jitter_dd_only,44,3,0,14,147,61,0,61,0.41496598639455784,0.2932692307692308,0.2932692307692308
jitter_dd_only,44,3,0,15,147,61,0,61,0.41496598639455784,0.2932692307692308,0.2932692307692308
jitter_dd_only,44,3,0,16,147,61,0,61,0.41496598639455784,0.2932692307692308,0.2932692307692308
jitter_dd_only,44,3,0,17,147,61,0,61,0.41496598639455784,0.2932692307692308,0.2932692307692308
jitter_dd_only,44,3,0,18,147,61,0,61,0.41496598639455784,0.2932692307692308,0.2932692307692308
jitter_dd_only,44,3,0,19,147,61,0,61,0.41496598639455784,0.2932692307692308,0.2932692307692308
jitter_dd_only,44,3,0,20,147,61,0,61,0.41496598639455784,0.2932692307692308,0.2932692307692308
jitter_dd_only,44,3,0,21,147,61,0,61,0.41496598639455784,0.2932692307692308,0.2932692307692308
jitter_dd_only,44,3,0,22,147,61,0,61,0.41496598639455784,0.2932692307692308,0.2932692307692308
jitter_dd_only,44,3,0,23,147,61,0,61,0.41496598639455784,0.2932692307692308,0.2932692307692308
jitter_dd_only,44,3,0,24,147,61,0,61,0.41496598639455784,0.2932692307692308,0.2932692307692308
jitter_dd_only,44,3,1,1,147,61,0,61,0.41496598639455784,0.2932692307692308,0.2932692307692308
jitter_dd_only,44,3,1,2,147,61,0,61,0.41496598639455784,0.2932692307692308,0.2932692307692308
jitter_dd_only,44,3,1,3,147,61,0,61,0.41496598639455784,0.2932692307692308,0.2932692307692308
jitter_dd_only,44,3,1,4,147,61,0,61,0.41496598639455784,0.2932692307692308,0.2932692307692308
jitter_dd_only,44,3,1,5,147,61,0,61,0.41496598639455784,0.2932692307692308,0.2932692307692308
jitter_dd_only,44,3,1,6,147,61,0,61,0.41496598639455784,0.2932692307692308,0.2932692307692308
jitter_dd_only,44,3,1,7,147,61,0,61,0.41496598639455784,0.2932692307692308,0.2932692307692308
jitter_dd_only,44,3,1,8,147,61,0,61,0.41496598639455784,0.2932692307692308,0.2932692307692308
jitter_dd_only,44,3,1,9,147,61,0,61,0.41496598639455784,0.2932692307692308,0.2932692307692308
jitter_dd_only,44,3,1,10,147,61,0,61,0.41496598639455784,0.2932692307692308,0.2932692307692308
jitter_dd_only,44,3,1,11,147,61,0,61,0.41496598639455784,0.2932692307692308,0.2932692307692308
jitter_dd_only,44,3,1,12,147,61,0,61,0.41496598639455784,0.2932692307692308,0.2932692307692308
jitter_dd_only,44,3,1,13,147,61,0,61,0.41496598639455784,0.2932692307692308,0.2932692307692308
jitter_dd_only,44,3,1,14,147,61,0,61,0.41496598639455784,0.2932692307692308,0.2932692307692308
jitter_dd_only,44,3,1,15,147,61,0,61,0.41496598639455784,0.2932692307692308,0.2932692307692308
jitter_dd_only,44,3,1,16,147,61,0,61,0.41496598639455784,0.2932692307692308,0.2932692307692308
jitter_dd_only,44,3,1,17,147,61,0,61,0.41496598639455784,0.2932692307692308,0.2932692307692308
jitter_dd_only,44,3,1,18,147,61,0,61,0.41496598639455784,0.2932692307692308,0.2932692307692308
jitter_dd_only,44,3,1,19,147,61,0,61,0.41496598639455784,0.2932692307692308,0.2932692307692308
jitter_dd_only,44,3,1,20,147,61,0,61,0.41496598639455784,0.2932692307692308,0.2932692307692308
jitter_dd_only,44,3,2,1,148,62,0,62,0.4189189189189189,0.29523809523809524,0.29523809523809524
jitter_dd_only,44,3,2,2,148,62,0,62,0.4189189189189189,0.29523809523809524,0.29523809523809524
jitter_dd_only,44,3,2,3,148,62,0,62,0.4189189189189189,0.29523809523809524,0.29523809523809524
jitter_dd_only,44,3,2,4,148,62,0,62,0.4189189189189189,0.29523809523809524,0.29523809523809524
jitter_dd_only,44,3,2,5,148,62,0,62,0.4189189189189189,0.29523809523809524,0.29523809523809524
jitter_dd_only,44,3,2,6,148,62,0,62,0.4189189189189189,0.29523809523809524,0.29523809523809524
jitter_dd_only,44,3,2,7,148,62,0,62,0.4189189189189189,0.29523809523809524,0.29523809523809524
jitter_dd_only,44,3,2,8,148,62,0,62,0.4189189189189189,0.29523809523809524,0.29523809523809524
jitter_dd_only,44,3,2,9,148,62,0,62,0.4189189189189189,0.29523809523809524,0.29523809523809524
jitter_dd_only,44,3,2,10,148,62,0,62,0.4189189189189189,0.29523809523809524,0.29523809523809524
jitter_dd_only,44,3,2,11,148,62,0,62,0.4189189189189189,0.29523809523809524,0.29523809523809524
jitter_dd_only,44,3,2,12,148,62,0,62,0.4189189189189189,0.29523809523809524,0.29523809523809524
jitter_dd_only,44,3,2,13,148,62,0,62,0.4189189189189189,0.29523809523809524,0.29523809523809524
jitter_dd_only,44,3,2,14,148,62,0,62,0.4189189189189189,0.29523809523809524,0.29523809523809524
jitter_dd_only,44,3,2,15,148,62,0,62,0.4189189189189189,0.29523809523809524,0.29523809523809524
jitter_dd_only,44,3,2,16,148,62,0,62,0.4189189189189189,0.29523809523809524,0.29523809523809524
jitter_dd_only,44,3,2,17,148,62,0,62,0.4189189189189189,0.29523809523809524,0.29523809523809524
jitter_dd_only,44,3,2,18,148,62,0,62,0.4189189189189189,0.29523809523809524,0.29523809523809524
jitter_dd_only,44,3,2,19,148,62,0,62,0.4189189189189189,0.29523809523809524,0.29523809523809524
jitter_dd_only,44,3,2,20,148,62,0,62,0.4189189189189189,0.29523809523809524,0.29523809523809524
jitter_dd_only,44,3,2,21,148,62,0,62,0.4189189189189189,0.29523809523809524,0.29523809523809524
jitter_dd_only,44,3,2,22,148,62,0,62,0.4189189189189189,0.29523809523809524,0.29523809523809524
jitter_dd_only,44,3,2,23,148,62,0,62,0.4189189189189189,0.29523809523809524,0.29523809523809524
jitter_dd_only,44,3,2,24,148,62,0,62,0.4189189189189189,0.29523809523809524,0.29523809523809524
jitter_dd_only,44,3,2,25,148,62,0,62,0.4189189189189189,0.29523809523809524,0.29523809523809524
jitter_dd_only,44,4,0,1,147,61,0,61,0.41496598639455784,0.2932692307692308,0.2932692307692308
jitter_dd_only,44,4,0,2,147,61,0,61,0.41496598639455784,0.2932692307692308,0.2932692307692308
jitter_dd_only,44,4,0,3,147,61,0,61,0.41496598639455784,0.2932692307692308,0.2932692307692308
jitter_dd_only,44,4,0,4,147,61,0,61,0.41496598639455784,0.2932692307692308,0.2932692307692308
jitter_dd_only,44,4,0,5,147,61,0,61,0.41496598639455784,0.2932692307692308,0.2932692307692308
jitter_dd_only,44,4,0,6,147,61,0,61,0.41496598639455784,0.2932692307692308,0.2932692307692308
jitter_dd_only,44,4,0,7,147,61,0,61,0.41496598639455784,0.2932692307692308,0.2932692307692308
jitter_dd_only,44,4,0,8,147,61,0,61,0.41496598639455784,0.2932692307692308,0.2932692307692308
jitter_dd_only,44,4,0,9,147,61,0,61,0.41496598639455784,0.2932692307692308,0.2932692307692308
jitter_dd_only,44,4,0,10,147,61,0,61,0.41496598639455784,0.2932692307692308,0.2932692307692308
jitter_dd_only,44,4,0,11,147,61,0,61,0.41496598639455784,0.2932692307692308,0.2932692307692308
jitter_dd_only,44,4,0,12,147,61,0,61,0.41496598639455784,0.2932692307692308,0.2932692307692308
jitter_dd_only,44,4,0,13,147,61,0,61,0.41496598639455784,0.2932692307692308,0.2932692307692308
jitter_dd_only,44,4,0,14,147,61,0,61,0.41496598639455784,0.2932692307692308,0.2932692307692308
jitter_dd_only,44,4,0,15,147,61,0,61,0.41496598639455784,0.2932692307692308,0.2932692307692308
jitter_dd_only,44,4,0,16,147,61,0,61,0.41496598639455784,0.2932692307692308,0.2932692307692308
jitter_dd_only,44,4,0,17,147,61,0,61,0.41496598639455784,0.2932692307692308,0.2932692307692308
jitter_dd_only,44,4,0,18,147,61,0,61,0.41496598639455784,0.2932692307692308,0.2932692307692308
jitter_dd_only,44,4,0,19,147,61,0,61,0.41496598639455784,0.2932692307692308,0.2932692307692308
jitter_dd_only,44,4,0,20,147,61,0,61,0.41496598639455784,0.2932692307692308,0.2932692307692308
jitter_dd_only,44,4,0,21,147,61,0,61,0.41496598639455784,0.2932692307692308,0.2932692307692308
jitter_dd_only,44,4,1,1,147,61,0,61,0.41496598639455784,0.2932692307692308,0.2932692307692308
jitter_dd_only,44,4,1,2,147,61,0,61,0.41496598639455784,0.2932692307692308,0.2932692307692308
jitter_dd_only,44,4,1,3,147,61,0,61,0.41496598639455784,0.2932692307692308,0.2932692307692308
jitter_dd_only,44,4,1,4,147,61,0,61,0.41496598639455784,0.2932692307692308,0.2932692307692308
jitter_dd_only,44,4,1,5,147,61,0,61,0.41496598639455784,0.2932692307692308,0.2932692307692308
jitter_dd_only,44,4,1,6,147,61,0,61,0.41496598639455784,0.2932692307692308,0.2932692307692308
jitter_dd_only,44,4,1,7,147,61,0,61,0.41496598639455784,0.2932692307692308,0.2932692307692308
jitter_dd_only,44,4,1,8,147,61,0,61,0.41496598639455784,0.2932692307692308,0.2932692307692308
jitter_dd_only,44,4,1,9,147,61,0,61,0.41496598639455784,0.2932692307692308,0.2932692307692308
jitter_dd_only,44,4,1,10,147,61,0,61,0.41496598639455784,0.2932692307692308,0.2932692307692308
jitter_dd_only,44,4,1,11,147,61,0,61,0.41496598639455784,0.2932692307692308,0.2932692307692308
jitter_dd_only,44,4,1,12,147,61,0,61,0.41496598639455784,0.2932692307692308,0.2932692307692308
jitter_dd_only,44,4,1,13,147,61,0,61,0.41496598639455784,0.2932692307692308,0.2932692307692308
jitter_dd_only,44,4,1,14,147,61,0,61,0.41496598639455784,0.2932692307692308,0.2932692307692308
jitter_dd_only,44,4,1,15,147,61,0,61,0.41496598639455784,0.2932692307692308,0.2932692307692308
jitter_dd_only,44,4,1,16,147,61,0,61,0.41496598639455784,0.2932692307692308,0.2932692307692308
jitter_dd_only,44,4,1,17,147,61,0,61,0.41496598639455784,0.2932692307692308,0.2932692307692308
jitter_dd_only,44,4,1,18,147,61,0,61,0.41496598639455784,0.2932692307692308,0.2932692307692308
jitter_dd_only,44,4,1,19,147,61,0,61,0.41496598639455784,0.2932692307692308,0.2932692307692308
jitter_dd_only,44,4,1,20,147,61,0,61,0.41496598639455784,0.2932692307692308,0.2932692307692308
jitter_dd_only,44,4,1,21,147,61,0,61,0.41496598639455784,0.2932692307692308,0.2932692307692308
jitter_dd_only,44,4,1,22,147,61,0,61,0.41496598639455784,0.2932692307692308,0.2932692307692308
jitter_dd_only,44,4,1,23,147,61,0,61,0.41496598639455784,0.2932692307692308,0.2932692307692308
jitter_dd_only,44,4,1,24,147,61,0,61,0.41496598639455784,0.2932692307692308,0.2932692307692308
jitter_dd_only,44,4,1,25,147,61,0,61,0.41496598639455784,0.2932692307692308,0.2932692307692308
jitter_dd_only,44,4,1,26,147,61,0,61,0.41496598639455784,0.2932692307692308,0.2932692307692308
jitter_dd_only,44,4,1,27,147,61,0,61,0.41496598639455784,0.2932692307692308,0.2932692307692308
jitter_dd_only,44,4,2,1,148,62,0,62,0.4189189189189189,0.29523809523809524,0.29523809523809524
jitter_dd_only,44,4,2,2,148,62,0,62,0.4189189189189189,0.29523809523809524,0.29523809523809524
jitter_dd_only,44,4,2,3,148,62,0,62,0.4189189189189189,0.29523809523809524,0.29523809523809524
jitter_dd_only,44,4,2,4,148,62,0,62,0.4189189189189189,0.29523809523809524,0.29523809523809524
jitter_dd_only,44,4,2,5,148,62,0,62,0.4189189189189189,0.29523809523809524,0.29523809523809524
jitter_dd_only,44,4,2,6,148,62,0,62,0.4189189189189189,0.29523809523809524,0.29523809523809524
jitter_dd_only,44,4,2,7,148,62,0,62,0.4189189189189189,0.29523809523809524,0.29523809523809524
jitter_dd_only,44,4,2,8,148,62,0,62,0.4189189189189189,0.29523809523809524,0.29523809523809524
jitter_dd_only,44,4,2,9,148,62,0,62,0.4189189189189189,0.29523809523809524,0.29523809523809524
jitter_dd_only,44,4,2,10,148,62,0,62,0.4189189189189189,0.29523809523809524,0.29523809523809524
jitter_dd_only,44,4,2,11,148,62,0,62,0.4189189189189189,0.29523809523809524,0.29523809523809524
jitter_dd_only,44,4,2,12,148,62,0,62,0.4189189189189189,0.29523809523809524,0.29523809523809524
jitter_dd_only,44,4,2,13,148,62,0,62,0.4189189189189189,0.29523809523809524,0.29523809523809524
jitter_dd_only,44,4,2,14,148,62,0,62,0.4189189189189189,0.29523809523809524,0.29523809523809524
jitter_dd_only,44,4,2,15,148,62,0,62,0.4189189189189189,0.29523809523809524,0.29523809523809524
jitter_dd_only,44,4,2,16,148,62,0,62,0.4189189189189189,0.29523809523809524,0.29523809523809524
jitter_dd_only,44,4,2,17,148,62,0,62,0.4189189189189189,0.29523809523809524,0.29523809523809524
jitter_dd_only,44,4,2,18,148,62,0,62,0.4189189189189189,0.29523809523809524,0.29523809523809524
jitter_dd_only,44,4,2,19,148,62,0,62,0.4189189189189189,0.29523809523809524,0.29523809523809524
jitter_dd_only,44,4,2,20,148,62,0,62,0.4189189189189189,0.29523809523809524,0.29523809523809524
jitter_dd_only,44,4,2,21,148,62,0,62,0.4189189189189189,0.29523809523809524,0.29523809523809524
jitter_dd_only,44,4,2,22,148,62,0,62,0.4189189189189189,0.29523809523809524,0.29523809523809524
jitter_dd_only,44,4,2,23,148,62,0,62,0.4189189189189189,0.29523809523809524,0.29523809523809524
jitter_dd_only,44,4,2,24,148,62,0,62,0.4189189189189189,0.29523809523809524,0.29523809523809524
jitter_dd_only,44,4,2,25,148,62,0,62,0.4189189189189189,0.29523809523809524,0.29523809523809524
jitter_dd_only,44,4,2,26,148,62,0,62,0.4189189189189189,0.29523809523809524,0.29523809523809524
scaling_equal,42,0,0,1,146,59,71,29,0.9523809523809523,0.28780487804878047,0.4878048780487805
scaling_equal,42,0,0,2,146,59,66,33,0.9339622641509434,0.28780487804878047,0.48292682926829267
scaling_equal,42,0,0,3,146,59,75,31,1.0707070707070707,0.28780487804878047,0.5170731707317073
scaling_equal,42,0,0,4,146,59,76,27,1.0098039215686274,0.28780487804878047,0.5024390243902439
scaling_equal,42,0,0,5,146,59,71,32,1.0098039215686274,0.28780487804878047,0.5024390243902439
scaling_equal,42,0,0,6,146,59,69,35,1.0297029702970297,0.28780487804878047,0.5073170731707317
scaling_equal,42,0,0,7,146,59,78,29,1.0918367346938775,0.28780487804878047,0.5219512195121951
scaling_equal,42,0,0,8,146,59,69,32,0.9711538461538461,0.28780487804878047,0.4926829268292683
scaling_equal,42,0,0,9,146,59,63,30,0.8303571428571429,0.28780487804878047,0.45365853658536587
scaling_equal,42,0,0,10,146,59,76,26,0.9902912621359223,0.28780487804878047,0.4975609756097561
scaling_equal,42,0,0,11,146,59,72,32,1.0297029702970297,0.28780487804878047,0.5073170731707317
scaling_equal,42,0,0,12,146,59,85,31,1.303370786516854,0.28780487804878047,0.5658536585365853
scaling_equal,42,0,0,13,146,59,73,22,0.8636363636363636,0.28780487804878047,0.4634146341463415
scaling_equal,42,0,0,14,146,59,77,22,0.9339622641509434,0.28780487804878047,0.48292682926829267
scaling_equal,42,0,0,15,146,59,75,34,1.1354166666666667,0.28780487804878047,0.5317073170731708
scaling_equal,42,0,0,16,146,59,67,25,0.8141592920353983,0.28780487804878047,0.44878048780487806
scaling_equal,42,0,0,17,146,59,85,25,1.1578947368421053,0.28780487804878047,0.5365853658536586
scaling_equal,42,0,0,18,146,59,80,28,1.1134020618556701,0.28780487804878047,0.526829268292683
scaling_equal,42,0,0,19,146,59,71,33,1.0297029702970297,0.28780487804878047,0.5073170731707317
scaling_equal,42,0,0,20,146,59,67,31,0.9158878504672897,0.28780487804878047,0.47804878048780486
scaling_equal,42,0,0,21,146,59,66,30,0.8807339449541285,0.28780487804878047,0.4682926829268293
scaling_equal,42,0,0,22,146,59,72,33,1.05,0.28780487804878047,0.5121951219512195
scaling_equal,42,0,0,23,146,59,79,26,1.05,0.28780487804878047,0.5121951219512195
scaling_equal,42,0,0,24,146,59,71,35,1.0707070707070707,0.28780487804878047,0.5170731707317073
scaling_equal,42,0,0,25,146,59,75,31,1.0707070707070707,0.28780487804878047,0.5170731707317073
scaling_equal,42,0,0,26,146,59,79,34,1.2282608695652173,0.28780487804878047,0.551219512195122
scaling_equal,42,0,0,27,146,59,78,24,0.9902912621359223,0.28780487804878047,0.4975609756097561
scaling_equal,42,0,0,28,146,59,70,32,0.9902912621359223,0.28780487804878047,0.4975609756097561
scaling_equal,42,0,0,29,146,59,71,31,0.9902912621359223,0.28780487804878047,0.4975609756097561
scaling_equal,42,0,0,30,146,59,65,24,0.7672413793103449,0.28780487804878047,0.43414634146341463
scaling_equal,42,0,1,1,147,60,71,31,0.9714285714285714,0.2898550724637681,0.4927536231884058
scaling_equal,42,0,1,2,147,60,71,27,0.8990825688073395,0.2898550724637681,0.47342995169082125
scaling_equal,42,0,1,3,147,60,76,33,1.1122448979591837,0.2898550724637681,0.5265700483091788
scaling_equal,42,0,1,4,147,60,71,33,1.0097087378640777,0.2898550724637681,0.5024154589371981
scaling_equal,42,0,1,5,147,60,75,30,1.0294117647058822,0.2898550724637681,0.5072463768115942
scaling_equal,42,0,1,6,147,60,74,29,0.9903846153846154,0.2898550724637681,0.4975845410628019
scaling_equal,42,0,1,7,147,60,78,31,1.1122448979591837,0.2898550724637681,0.5265700483091788
scaling_equal,42,0,1,8,147,60,68,32,0.9345794392523364,0.2898550724637681,0.4830917874396135
scaling_equal,42,0,1,9,147,60,70,29,0.9166666666666666,0.2898550724637681,0.4782608695652174
scaling_equal,42,0,1,10,147,60,73,29,0.9714285714285714,0.2898550724637681,0.4927536231884058
scaling_equal,42,0,1,11,147,60,74,29,0.9903846153846154,0.2898550724637681,0.4975845410628019
scaling_equal,42,0,1,12,147,60,80,36,1.2747252747252746,0.2898550724637681,0.5603864734299517
scaling_equal,42,0,1,13,147,60,74,21,0.8482142857142857,0.2898550724637681,0.45893719806763283
scaling_equal,42,0,1,14,147,60,79,23,0.9714285714285714,0.2898550724637681,0.4927536231884058
scaling_equal,42,0,1,15,147,60,82,30,1.1789473684210525,0.2898550724637681,0.5410628019323671
scaling_equal,42,0,1,16,147,60,62,26,0.7394957983193278,0.2898550724637681,0.4251207729468599
scaling_equal,42,0,1,17,147,60,81,30,1.15625,0.2898550724637681,0.5362318840579711
scaling_equal,42,0,1,18,147,60,80,36,1.2747252747252746,0.2898550724637681,0.5603864734299517
scaling_equal,42,0,1,19,147,60,72,29,0.9528301886792453,0.2898550724637681,0.48792270531400966
scaling_equal,42,0,1,20,147,60,69,25,0.831858407079646,0.2898550724637681,0.45410628019323673
scaling_equal,42,0,1,21,147,60,66,40,1.0495049504950495,0.2898550724637681,0.5120772946859904
scaling_equal,42,0,1,22,147,60,72,28,0.9345794392523364,0.2898550724637681,0.4830917874396135
scaling_equal,42,0,1,23,147,60,74,36,1.134020618556701,0.2898550724637681,0.5314009661835749
scaling_equal,42,0,2,1,147,61,74,28,0.9622641509433962,0.2932692307692308,0.49038461538461536
scaling_equal,42,0,2,2,147,61,71,29,0.9259259259259259,0.2932692307692308,0.4807692307692308
scaling_equal,42,0,2,3,147,61,81,27,1.08,0.2932692307692308,0.5192307692307693
scaling_equal,42,0,2,4,147,61,77,29,1.0392156862745099,0.2932692307692308,0.5096153846153846
scaling_equal,42,0,2,5,147,61,70,34,1.0,0.2932692307692308,0.5
scaling_equal,42,0,2,6,147,61,74,29,0.9809523809523809,0.2932692307692308,0.4951923076923077
scaling_equal,42,0,2,7,147,61,78,32,1.1224489795918366,0.2932692307692308,0.5288461538461539
scaling_equal,42,0,2,8,147,61,66,33,0.908256880733945,0.2932692307692308,0.47596153846153844
scaling_equal,42,0,2,9,147,61,75,27,0.9622641509433962,0.2932692307692308,0.49038461538461536
scaling_equal,42,0,2,10,147,61,69,32,0.9439252336448598,0.2932692307692308,0.4855769230769231
scaling_equal,42,0,2,11,147,61,77,27,1.0,0.2932692307692308,0.5
scaling_equal,42,0,2,12,147,61,80,37,1.2857142857142858,0.2932692307692308,0.5625
scaling_equal,42,0,2,13,147,61,64,32,0.8571428571428571,0.2932692307692308,0.46153846153846156
scaling_equal,42,0,2,14,147,61,68,31,0.908256880733945,0.2932692307692308,0.47596153846153844
scaling_equal,42,0,2,15,147,61,88,29,1.2857142857142858,0.2932692307692308,0.5625
scaling_equal,42,0,2,16,147,61,68,21,0.7478991596638656,0.2932692307692308,0.42788461538461536
scaling_equal,42,0,2,17,147,61,84,29,1.1894736842105262,0.2932692307692308,0.5432692307692307
scaling_equal,42,0,2,18,147,61,81,31,1.1666666666666667,0.2932692307692308,0.5384615384615384
scaling_equal,42,0,2,19,147,61,72,31,0.9809523809523809,0.2932692307692308,0.4951923076923077
scaling_equal,42,0,2,20,147,61,65,30,0.8407079646017699,0.2932692307692308,0.4567307692307692
scaling_equal,42,0,2,21,147,61,75,31,1.0392156862745099,0.2932692307692308,0.5096153846153846
scaling_equal,42,0,2,22,147,61,72,26,0.8909090909090909,0.2932692307692308,0.47115384615384615
scaling_equal,42,0,2,23,147,61,83,32,1.2365591397849462,0.2932692307692308,0.5528846153846154
scaling_equal,42,0,2,24,147,61,69,31,0.9259259259259259,0.2932692307692308,0.4807692307692308
scaling_equal,42,0,2,25,147,61,74,32,1.0392156862745099,0.2932692307692308,0.5096153846153846
scaling_equal,42,0,2,26,147,61,82,30,1.1666666666666667,0.2932692307692308,0.5384615384615384
scaling_equal,42,0,2,27,147,61,81,25,1.0392156862745099,0.2932692307692308,0.5096153846153846
scaling_equal,42,1,0,1,147,60,73,29,0.9714285714285714,0.2898550724637681,0.4927536231884058
scaling_equal,42,1,0,2,147,60,70,28,0.8990825688073395,0.2898550724637681,0.47342995169082125
scaling_equal,42,1,0,3,147,60,75,34,1.1122448979591837,0.2898550724637681,0.5265700483091788
scaling_equal,42,1,0,4,147,60,75,29,1.0097087378640777,0.2898550724637681,0.5024154589371981
scaling_equal,42,1,0,5,147,60,74,31,1.0294117647058822,0.2898550724637681,0.5072463768115942
scaling_equal,42,1,0,6,147,60,75,28,0.9903846153846154,0.2898550724637681,0.4975845410628019
scaling_equal,42,1,0,7,147,60,78,31,1.1122448979591837,0.2898550724637681,0.5265700483091788
scaling_equal,42,1,0,8,147,60,74,26,0.9345794392523364,0.2898550724637681,0.4830917874396135
scaling_equal,42,1,0,9,147,60,72,27,0.9166666666666666,0.2898550724637681,0.4782608695652174
scaling_equal,42,1,0,10,147,60,71,31,0.9714285714285714,0.2898550724637681,0.4927536231884058
scaling_equal,42,1,0,11,147,60,74,29,0.9903846153846154,0.2898550724637681,0.4975845410628019
scaling_equal,42,1,0,12,147,60,80,36,1.2747252747252746,0.2898550724637681,0.5603864734299517
scaling_equal,42,1,0,13,147,60,64,31,0.8482142857142857,0.2898550724637681,0.45893719806763283
scaling_equal,42,1,0,14,147,60,72,30,0.9714285714285714,0.2898550724637681,0.4927536231884058
scaling_equal,42,1,0,15,147,60,73,39,1.1789473684210525,0.2898550724637681,0.5410628019323671
scaling_equal,42,1,0,16,147,60,64,24,0.7394957983193278,0.2898550724637681,0.4251207729468599
scaling_equal,42,1,0,17,147,60,81,30,1.15625,0.2898550724637681,0.5362318840579711
scaling_equal,42,1,0,18,147,60,82,34,1.2747252747252746,0.2898550724637681,0.5603864734299517
scaling_equal,42,1,0,19,147,60,74,27,0.9528301886792453,0.2898550724637681,0.48792270531400966
scaling_equal,42,1,0,20,147,60,65,29,0.831858407079646,0.2898550724637681,0.45410628019323673
scaling_equal,42,1,1,1,147,61,73,29,0.9622641509433962,0.2932692307692308,0.49038461538461536
scaling_equal,42,1,1,2,147,61,70,30,0.9259259259259259,0.2932692307692308,0.4807692307692308
scaling_equal,42,1,1,3,147,61,75,33,1.08,0.2932692307692308,0.5192307692307693
scaling_equal,42,1,1,4,147,61,78,28,1.0392156862745099,0.2932692307692308,0.5096153846153846
scaling_equal,42,1,1,5,147,61,69,35,1.0,0.2932692307692308,0.5
scaling_equal,42,1,1,6,147,61,73,30,0.9809523809523809,0.2932692307692308,0.4951923076923077
scaling_equal,42,1,1,7,147,61,78,32,1.1224489795918366,0.2932692307692308,0.5288461538461539
scaling_equal,42,1,1,8,147,61,69,30,0.908256880733945,0.2932692307692308,0.47596153846153844
scaling_equal,42,1,1,9,147,61,74,28,0.9622641509433962,0.2932692307692308,0.49038461538461536
scaling_equal,42,1,1,10,147,61,63,38,0.9439252336448598,0.2932692307692308,0.4855769230769231
scaling_equal,42,1,1,11,147,61,75,29,1.0,0.2932692307692308,0.5
scaling_equal,42,1,1,12,147,61,76,41,1.2857142857142858,0.2932692307692308,0.5625
scaling_equal,42,1,1,13,147,61,63,33,0.8571428571428571,0.2932692307692308,0.46153846153846156
scaling_equal,42,1,1,14,147,61,68,31,0.908256880733945,0.2932692307692308,0.47596153846153844
scaling_equal,42,1,1,15,147,61,86,31,1.2857142857142858,0.2932692307692308,0.5625
scaling_equal,42,1,1,16,147,61,63,26,0.7478991596638656,0.2932692307692308,0.42788461538461536
scaling_equal,42,1,1,17,147,61,78,35,1.1894736842105262,0.2932692307692308,0.5432692307692307
scaling_equal,42,1,1,18,147,61,82,30,1.1666666666666667,0.2932692307692308,0.5384615384615384
scaling_equal,42,1,1,19,147,61,78,25,0.9809523809523809,0.2932692307692308,0.4951923076923077
scaling_equal,42,1,1,20,147,61,68,27,0.8407079646017699,0.2932692307692308,0.4567307692307692
scaling_equal,42,1,2,1,148,61,70,33,0.9716981132075472,0.291866028708134,0.49282296650717705
scaling_equal,42,1,2,2,148,61,74,27,0.9351851851851852,0.291866028708134,0.48325358851674644
scaling_equal,42,1,2,3,148,61,71,38,1.09,0.291866028708134,0.5215311004784688
scaling_equal,42,1,2,4,148,61,78,28,1.029126213592233,0.291866028708134,0.507177033492823
scaling_equal,42,1,2,5,148,61,70,33,0.9716981132075472,0.291866028708134,0.49282296650717705
scaling_equal,42,1,2,6,148,61,72,32,0.9904761904761905,0.291866028708134,0.49760765550239233
scaling_equal,42,1,2,7,148,61,82,28,1.1111111111111112,0.291866028708134,0.5263157894736842
scaling_equal,42,1,2,8,148,61,70,30,0.9174311926605505,0.291866028708134,0.4784688995215311
scaling_equal,42,1,2,9,148,61,70,32,0.9532710280373832,0.291866028708134,0.4880382775119617
scaling_equal,42,1,2,10,148,61,68,33,0.9351851851851852,0.291866028708134,0.48325358851674644
scaling_equal,42,1,2,11,148,61,78,28,1.029126213592233,0.291866028708134,0.507177033492823
scaling_equal,42,1,2,12,148,61,81,36,1.2717391304347827,0.291866028708134,0.5598086124401914
scaling_equal,42,1,2,13,148,61,65,30,0.8333333333333334,0.291866028708134,0.45454545454545453
scaling_equal,42,1,2,14,148,61,75,28,0.9716981132075472,0.291866028708134,0.49282296650717705
scaling_equal,42,1,2,15,148,61,86,28,1.2,0.291866028708134,0.5454545454545454
scaling_equal,42,1,2,16,148,61,60,28,0.7272727272727273,0.291866028708134,0.42105263157894735
scaling_equal,42,1,2,17,148,61,86,31,1.2717391304347827,0.291866028708134,0.5598086124401914
scaling_equal,42,1,2,18,148,61,77,36,1.1770833333333333,0.291866028708134,0.5406698564593302
scaling_equal,42,1,2,19,148,61,74,29,0.9716981132075472,0.291866028708134,0.49282296650717705
scaling_equal,42,1,2,20,148,61,75,20,0.8333333333333334,0.291866028708134,0.45454545454545453
scaling_equal,42,1,2,21,148,61,68,37,1.0096153846153846,0.291866028708134,0.5023923444976076
scaling_equal,42,1,2,22,148,61,64,34,0.8828828828828829,0.291866028708134,0.4688995215311005
scaling_equal,42,1,2,23,148,61,86,28,1.2,0.291866028708134,0.5454545454545454
scaling_equal,42,1,2,24,148,61,75,30,1.0096153846153846,0.291866028708134,0.5023923444976076
scaling_equal,42,2,0,1,147,60,70,32,0.9714285714285714,0.2898550724637681,0.4927536231884058
scaling_equal,42,2,0,2,147,60,68,30,0.8990825688073395,0.2898550724637681,0.47342995169082125
scaling_equal,42,2,0,3,147,60,79,30,1.1122448979591837,0.2898550724637681,0.5265700483091788
scaling_equal,42,2,0,4,147,60,70,34,1.0097087378640777,0.2898550724637681,0.5024154589371981
scaling_equal,42,2,0,5,147,60,74,31,1.0294117647058822,0.2898550724637681,0.5072463768115942
scaling_equal,42,2,0,6,147,60,80,23,0.9903846153846154,0.2898550724637681,0.4975845410628019
scaling_equal,42,2,0,7,147,60,77,32,1.1122448979591837,0.2898550724637681,0.5265700483091788
scaling_equal,42,2,0,8,147,60,70,30,0.9345794392523364,0.2898550724637681,0.4830917874396135
scaling_equal,42,2,0,9,147,60,71,28,0.9166666666666666,0.2898550724637681,0.4782608695652174
scaling_equal,42,2,0,10,147,60,68,34,0.9714285714285714,0.2898550724637681,0.4927536231884058
scaling_equal,42,2,0,11,147,60,76,27,0.9903846153846154,0.2898550724637681,0.4975845410628019
scaling_equal,42,2,0,12,147,60,80,36,1.2747252747252746,0.2898550724637681,0.5603864734299517
scaling_equal,42,2,0,13,147,60,68,27,0.8482142857142857,0.2898550724637681,0.45893719806763283
scaling_equal,42,2,0,14,147,60,77,25,0.9714285714285714,0.2898550724637681,0.4927536231884058
scaling_equal,42,2,0,15,147,60,78,34,1.1789473684210525,0.2898550724637681,0.5410628019323671
scaling_equal,42,2,0,16,147,60,67,21,0.7394957983193278,0.2898550724637681,0.4251207729468599
scaling_equal,42,2,0,17,147,60,79,32,1.15625,0.2898550724637681,0.5362318840579711
scaling_equal,42,2,0,18,147,60,82,34,1.2747252747252746,0.2898550724637681,0.5603864734299517
scaling_equal,42,2,0,19,147,60,65,36,0.9528301886792453,0.2898550724637681,0.48792270531400966
scaling_equal,42,2,0,20,147,60,65,29,0.831858407079646,0.2898550724637681,0.45410628019323673
scaling_equal,42,2,0,21,147,60,69,37,1.0495049504950495,0.2898550724637681,0.5120772946859904
scaling_equal,42,2,0,22,147,60,73,27,0.9345794392523364,0.2898550724637681,0.4830917874396135
scaling_equal,42,2,0,23,147,60,79,31,1.134020618556701,0.2898550724637681,0.5314009661835749
scaling_equal,42,2,0,24,147,60,70,30,0.9345794392523364,0.2898550724637681,0.4830917874396135
scaling_equal,42,2,0,25,147,60,79,34,1.202127659574468,0.2898550724637681,0.5458937198067633
scaling_equal,42,2,0,26,147,60,76,29,1.0294117647058822,0.2898550724637681,0.5072463768115942
scaling_equal,42,2,0,27,147,60,71,37,1.0909090909090908,0.2898550724637681,0.5217391304347826
scaling_equal,42,2,1,1,147,61,74,28,0.9622641509433962,0.2932692307692308,0.49038461538461536
scaling_equal,42,2,1,2,147,61,68,32,0.9259259259259259,0.2932692307692308,0.4807692307692308
scaling_equal,42,2,1,3,147,61,75,33,1.08,0.2932692307692308,0.5192307692307693
scaling_equal,42,2,1,4,147,61,80,26,1.0392156862745099,0.2932692307692308,0.5096153846153846
scaling_equal,42,2,1,5,147,61,78,26,1.0,0.2932692307692308,0.5
scaling_equal,42,2,1,6,147,61,72,31,0.9809523809523809,0.2932692307692308,0.4951923076923077
scaling_equal,42,2,1,7,147,61,75,35,1.1224489795918366,0.2932692307692308,0.5288461538461539
scaling_equal,42,2,1,8,147,61,72,27,0.908256880733945,0.2932692307692308,0.47596153846153844
scaling_equal,42,2,1,9,147,61,72,30,0.9622641509433962,0.2932692307692308,0.49038461538461536
scaling_equal,42,2,1,10,147,61,74,27,0.9439252336448598,0.2932692307692308,0.4855769230769231
scaling_equal,42,2,1,11,147,61,73,31,1.0,0.2932692307692308,0.5
scaling_equal,42,2,1,12,147,61,85,32,1.2857142857142858,0.2932692307692308,0.5625
scaling_equal,42,2,1,13,147,61,68,28,0.8571428571428571,0.2932692307692308,0.46153846153846156
scaling_equal,42,2,1,14,147,61,68,31,0.908256880733945,0.2932692307692308,0.47596153846153844
scaling_equal,42,2,1,15,147,61,83,34,1.2857142857142858,0.2932692307692308,0.5625
scaling_equal,42,2,1,16,147,61,64,25,0.7478991596638656,0.2932692307692308,0.42788461538461536
scaling_equal,42,2,1,17,147,61,73,40,1.1894736842105262,0.2932692307692308,0.5432692307692307
scaling_equal,42,2,1,18,147,61,84,28,1.1666666666666667,0.2932692307692308,0.5384615384615384
scaling_equal,42,2,1,19,147,61,74,29,0.9809523809523809,0.2932692307692308,0.4951923076923077
scaling_equal,42,2,1,20,147,61,69,26,0.8407079646017699,0.2932692307692308,0.4567307692307692
scaling_equal,42,2,1,21,147,61,72,34,1.0392156862745099,0.2932692307692308,0.5096153846153846
scaling_equal,42,2,1,22,147,61,72,26,0.8909090909090909,0.2932692307692308,0.47115384615384615
scaling_equal,42,2,1,23,147,61,77,38,1.2365591397849462,0.2932692307692308,0.5528846153846154
scaling_equal,42,2,1,24,147,61,73,27,0.9259259259259259,0.2932692307692308,0.4807692307692308
scaling_equal,42,2,2,1,148,61,77,26,0.9716981132075472,0.291866028708134,0.49282296650717705
scaling_equal,42,2,2,2,148,61,75,26,0.9351851851851852,0.291866028708134,0.48325358851674644
scaling_equal,42,2,2,3,148,61,73,36,1.09,0.291866028708134,0.5215311004784688
scaling_equal,42,2,2,4,148,61,81,25,1.029126213592233,0.291866028708134,0.507177033492823
scaling_equal,42,2,2,5,148,61,71,32,0.9716981132075472,0.291866028708134,0.49282296650717705
scaling_equal,42,2,2,6,148,61,64,40,0.9904761904761905,0.291866028708134,0.49760765550239233
scaling_equal,42,2,2,7,148,61,80,30,1.1111111111111112,0.291866028708134,0.5263157894736842
scaling_equal,42,2,2,8,148,61,76,24,0.9174311926605505,0.291866028708134,0.4784688995215311
scaling_equal,42,2,2,9,148,61,74,28,0.9532710280373832,0.291866028708134,0.4880382775119617
scaling_equal,42,2,2,10,148,61,72,29,0.9351851851851852,0.291866028708134,0.48325358851674644
scaling_equal,42,2,2,11,148,61,73,33,1.029126213592233,0.291866028708134,0.507177033492823
scaling_equal,42,2,2,12,148,61,83,34,1.2717391304347827,0.291866028708134,0.5598086124401914
scaling_equal,42,2,2,13,148,61,70,25,0.8333333333333334,0.291866028708134,0.45454545454545453
scaling_equal,42,2,2,14,148,61,71,32,0.9716981132075472,0.291866028708134,0.49282296650717705
scaling_equal,42,2,2,15,148,61,85,29,1.2,0.291866028708134,0.5454545454545454
scaling_equal,42,2,2,16,148,61,67,21,0.7272727272727273,0.291866028708134,0.42105263157894735
scaling_equal,42,2,2,17,148,61,81,36,1.2717391304347827,0.291866028708134,0.5598086124401914
scaling_equal,42,2,2,18,148,61,81,32,1.1770833333333333,0.291866028708134,0.5406698564593302
scaling_equal,42,2,2,19,148,61,75,28,0.9716981132075472,0.291866028708134,0.49282296650717705
scaling_equal,42,2,2,20,148,61,69,26,0.8333333333333334,0.291866028708134,0.45454545454545453
scaling_equal,42,2,2,21,148,61,76,29,1.0096153846153846,0.291866028708134,0.5023923444976076
scaling_equal,42,2,2,22,148,61,74,24,0.8828828828828829,0.291866028708134,0.4688995215311005
scaling_equal,42,2,2,23,148,61,83,31,1.2,0.291866028708134,0.5454545454545454
scaling_equal,42,2,2,24,148,61,71,34,1.0096153846153846,0.291866028708134,0.5023923444976076
scaling_equal,42,2,2,25,148,61,76,31,1.0490196078431373,0.291866028708134,0.5119617224880383
scaling_equal,42,2,2,26,148,61,78,32,1.1111111111111112,0.291866028708134,0.5263157894736842
scaling_equal,42,2,2,27,148,61,76,32,1.0693069306930694,0.291866028708134,0.5167464114832536
scaling_equal,42,2,2,28,148,61,73,26,0.9,0.291866028708134,0.47368421052631576
scaling_equal,42,2,2,29,148,61,75,33,1.0693069306930694,0.291866028708134,0.5167464114832536
scaling_equal,42,3,0,1,147,61,73,29,0.9622641509433962,0.2932692307692308,0.49038461538461536
scaling_equal,42,3,0,2,147,61,70,30,0.9259259259259259,0.2932692307692308,0.4807692307692308
scaling_equal,42,3,0,3,147,61,80,28,1.08,0.2932692307692308,0.5192307692307693
scaling_equal,42,3,0,4,147,61,75,31,1.0392156862745099,0.2932692307692308,0.5096153846153846
scaling_equal,42,3,0,5,147,61,78,26,1.0,0.2932692307692308,0.5
scaling_equal,42,3,0,6,147,61,78,25,0.9809523809523809,0.2932692307692308,0.4951923076923077
scaling_equal,42,3,0,7,147,61,75,35,1.1224489795918366,0.2932692307692308,0.5288461538461539
scaling_equal,42,3,0,8,147,61,69,30,0.908256880733945,0.2932692307692308,0.47596153846153844
scaling_equal,42,3,0,9,147,61,74,28,0.9622641509433962,0.2932692307692308,0.49038461538461536
scaling_equal,42,3,0,10,147,61,69,32,0.9439252336448598,0.2932692307692308,0.4855769230769231
scaling_equal,42,3,0,11,147,61,77,27,1.0,0.2932692307692308,0.5
scaling_equal,42,3,0,12,147,61,86,31,1.2857142857142858,0.2932692307692308,0.5625
scaling_equal,42,3,0,13,147,61,67,29,0.8571428571428571,0.2932692307692308,0.46153846153846156
scaling_equal,42,3,0,14,147,61,71,28,0.908256880733945,0.2932692307692308,0.47596153846153844
scaling_equal,42,3,0,15,147,61,84,33,1.2857142857142858,0.2932692307692308,0.5625
scaling_equal,42,3,0,16,147,61,63,26,0.7478991596638656,0.2932692307692308,0.42788461538461536
scaling_equal,42,3,0,17,147,61,80,33,1.1894736842105262,0.2932692307692308,0.5432692307692307
scaling_equal,42,3,0,18,147,61,77,35,1.1666666666666667,0.2932692307692308,0.5384615384615384
scaling_equal,42,3,0,19,147,61,72,31,0.9809523809523809,0.2932692307692308,0.4951923076923077
scaling_equal,42,3,0,20,147,61,62,33,0.8407079646017699,0.2932692307692308,0.4567307692307692
scaling_equal,42,3,0,21,147,61,73,33,1.0392156862745099,0.2932692307692308,0.5096153846153846
scaling_equal,42,3,0,22,147,61,68,30,0.8909090909090909,0.2932692307692308,0.47115384615384615
scaling_equal,42,3,0,23,147,61,88,27,1.2365591397849462,0.2932692307692308,0.5528846153846154
scaling_equal,42,3,0,24,147,61,68,32,0.9259259259259259,0.2932692307692308,0.4807692307692308
scaling_equal,42,3,0,25,147,61,74,32,1.0392156862745099,0.2932692307692308,0.5096153846153846
scaling_equal,42,3,0,26,147,61,82,30,1.1666666666666667,0.2932692307692308,0.5384615384615384
scaling_equal,42,3,0,27,147,61,75,31,1.0392156862745099,0.2932692307692308,0.5096153846153846
scaling_equal,42,3,0,28,147,61,71,30,0.9439252336448598,0.2932692307692308,0.4855769230769231
scaling_equal,42,3,0,29,147,61,79,27,1.0392156862745099,0.2932692307692308,0.5096153846153846
scaling_equal,42,3,0,30,147,61,52,34,0.7049180327868853,0.2932692307692308,0.41346153846153844
scaling_equal,42,3,1,1,147,61,74,28,0.9622641509433962,0.2932692307692308,0.49038461538461536
scaling_equal,42,3,1,2,147,61,67,33,0.9259259259259259,0.2932692307692308,0.4807692307692308
scaling_equal,42,3,1,3,147,61,72,36,1.08,0.2932692307692308,0.5192307692307693
scaling_equal,42,3,1,4,147,61,75,31,1.0392156862745099,0.2932692307692308,0.5096153846153846
scaling_equal,42,3,1,5,147,61,70,34,1.0,0.2932692307692308,0.5
scaling_equal,42,3,1,6,147,61,71,32,0.9809523809523809,0.2932692307692308,0.4951923076923077
scaling_equal,42,3,1,7,147,61,78,32,1.1224489795918366,0.2932692307692308,0.5288461538461539
scaling_equal,42,3,1,8,147,61,71,28,0.908256880733945,0.2932692307692308,0.47596153846153844
scaling_equal,42,3,1,9,147,61,74,28,0.9622641509433962,0.2932692307692308,0.49038461538461536
scaling_equal,42,3,1,10,147,61,76,25,0.9439252336448598,0.2932692307692308,0.4855769230769231
scaling_equal,42,3,1,11,147,61,72,32,1.0,0.2932692307692308,0.5
scaling_equal,42,3,1,12,147,61,85,32,1.2857142857142858,0.2932692307692308,0.5625
scaling_equal,42,3,1,13,147,61,73,23,0.8571428571428571,0.2932692307692308,0.46153846153846156
scaling_equal,42,3,1,14,147,61,65,34,0.908256880733945,0.2932692307692308,0.47596153846153844
scaling_equal,42,3,1,15,147,61,82,35,1.2857142857142858,0.2932692307692308,0.5625
scaling_equal,42,3,1,16,147,61,64,25,0.7478991596638656,0.2932692307692308,0.42788461538461536
scaling_equal,42,3,1,17,147,61,75,38,1.1894736842105262,0.2932692307692308,0.5432692307692307
scaling_equal,42,3,1,18,147,61,82,30,1.1666666666666667,0.2932692307692308,0.5384615384615384
scaling_equal,42,3,1,19,147,61,73,30,0.9809523809523809,0.2932692307692308,0.4951923076923077
scaling_equal,42,3,1,20,147,61,71,24,0.8407079646017699,0.2932692307692308,0.4567307692307692
scaling_equal,42,3,1,21,147,61,72,34,1.0392156862745099,0.2932692307692308,0.5096153846153846
scaling_equal,42,3,1,22,147,61,72,26,0.8909090909090909,0.2932692307692308,0.47115384615384615
scaling_equal,42,3,1,23,147,61,91,24,1.2365591397849462,0.2932692307692308,0.5528846153846154
scaling_equal,42,3,2,1,148,62,77,27,0.9811320754716981,0.29523809523809524,0.49523809523809526
scaling_equal,42,3,2,2,148,62,70,32,0.9444444444444444,0.29523809523809524,0.4857142857142857
scaling_equal,42,3,2,3,148,62,76,32,1.0588235294117647,0.29523809523809524,0.5142857142857142
scaling_equal,42,3,2,4,148,62,66,41,1.0388349514563107,0.29523809523809524,0.5095238095238095
scaling_equal,42,3,2,5,148,62,77,27,0.9811320754716981,0.29523809523809524,0.49523809523809526
scaling_equal,42,3,2,6,148,62,71,33,0.9811320754716981,0.29523809523809524,0.49523809523809526
scaling_equal,42,3,2,7,148,62,80,30,1.1,0.29523809523809524,0.5238095238095238
scaling_equal,42,3,2,8,148,62,70,31,0.926605504587156,0.29523809523809524,0.48095238095238096
scaling_equal,42,3,2,9,148,62,72,31,0.9626168224299065,0.29523809523809524,0.49047619047619045
scaling_equal,42,3,2,10,148,62,70,32,0.9444444444444444,0.29523809523809524,0.4857142857142857
scaling_equal,42,3,2,11,148,62,70,35,1.0,0.29523809523809524,0.5
scaling_equal,42,3,2,12,148,62,83,37,1.3333333333333333,0.29523809523809524,0.5714285714285714
scaling_equal,42,3,2,13,148,62,64,31,0.8260869565217391,0.29523809523809524,0.4523809523809524
scaling_equal,42,3,2,14,148,62,74,31,1.0,0.29523809523809524,0.5
scaling_equal,42,3,2,15,148,62,81,31,1.1428571428571428,0.29523809523809524,0.5333333333333333
scaling_equal,42,3,2,16,148,62,66,22,0.7213114754098361,0.29523809523809524,0.41904761904761906
scaling_equal,42,3,2,17,148,62,82,37,1.3076923076923077,0.29523809523809524,0.5666666666666667
scaling_equal,42,3,2,18,148,62,77,39,1.2340425531914894,0.29523809523809524,0.5523809523809524
scaling_equal,42,3,2,19,148,62,68,33,0.926605504587156,0.29523809523809524,0.48095238095238096
scaling_equal,42,3,2,20,148,62,58,36,0.8103448275862069,0.29523809523809524,0.44761904761904764
scaling_equal,42,3,2,21,148,62,74,31,1.0,0.29523809523809524,0.5
scaling_equal,42,3,2,22,148,62,68,33,0.926605504587156,0.29523809523809524,0.48095238095238096
scaling_equal,42,3,2,23,148,62,81,33,1.1875,0.29523809523809524,0.5428571428571428
scaling_equal,42,3,2,24,148,62,76,28,0.9811320754716981,0.29523809523809524,0.49523809523809526
scaling_equal,42,3,2,25,148,62,76,31,1.0388349514563107,0.29523809523809524,0.5095238095238095
scaling_equal,42,3,2,26,148,62,76,35,1.121212121212121,0.29523809523809524,0.5285714285714286
scaling_equal,42,3,2,27,148,62,72,34,1.0192307692307692,0.29523809523809524,0.5047619047619047
scaling_equal,42,3,2,28,148,62,71,30,0.926605504587156,0.29523809523809524,0.48095238095238096
scaling_equal,42,3,2,29,148,62,71,33,0.9811320754716981,0.29523809523809524,0.49523809523809526
scaling_equal,42,3,2,30,148,62,67,26,0.7948717948717948,0.29523809523809524,0.44285714285714284
scaling_equal,42,3,2,31,148,62,73,31,0.9811320754716981,0.29523809523809524,0.49523809523809526
scaling_equal,42,3,2,32,148,62,70,31,0.926605504587156,0.29523809523809524,0.48095238095238096
scaling_equal,42,3,2,33,148,62,70,36,1.0192307692307692,0.29523809523809524,0.5047619047619047
scaling_equal,42,3,2,34,148,62,69,29,0.875,0.29523809523809524,0.4666666666666667
scaling_equal,42,3,2,35,148,62,75,29,0.9811320754716981,0.29523809523809524,0.49523809523809526
scaling_equal,42,3,2,36,148,62,73,28,0.926605504587156,0.29523809523809524,0.48095238095238096
scaling_equal,42,3,2,37,148,62,71,35,1.0192307692307692,0.29523809523809524,0.5047619047619047
scaling_equal,42,3,2,38,148,62,78,34,1.1428571428571428,0.29523809523809524,0.5333333333333333
scaling_equal,42,3,2,39,148,62,66,33,0.8918918918918919,0.29523809523809524,0.4714285714285714
scaling_equal,42,3,2,40,148,62,78,28,1.0192307692307692,0.29523809523809524,0.5047619047619047
scaling_equal,42,4,0,1,147,61,69,33,0.9622641509433962,0.2932692307692308,0.49038461538461536
scaling_equal,42,4,0,2,147,61,69,31,0.9259259259259259,0.2932692307692308,0.4807692307692308
scaling_equal,42,4,0,3,147,61,80,28,1.08,0.2932692307692308,0.5192307692307693
scaling_equal,42,4,0,4,147,61,77,29,1.0392156862745099,0.2932692307692308,0.5096153846153846
scaling_equal,42,4,0,5,147,61,70,34,1.0,0.2932692307692308,0.5
scaling_equal,42,4,0,6,147,61,70,33,0.9809523809523809,0.2932692307692308,0.4951923076923077
scaling_equal,42,4,0,7,147,61,76,34,1.1224489795918366,0.2932692307692308,0.5288461538461539
scaling_equal,42,4,0,8,147,61,68,31,0.908256880733945,0.2932692307692308,0.47596153846153844
scaling_equal,42,4,0,9,147,61,72,30,0.9622641509433962,0.2932692307692308,0.49038461538461536
scaling_equal,42,4,0,10,147,61,71,30,0.9439252336448598,0.2932692307692308,0.4855769230769231
scaling_equal,42,4,0,11,147,61,71,33,1.0,0.2932692307692308,0.5
scaling_equal,42,4,0,12,147,61,84,33,1.2857142857142858,0.2932692307692308,0.5625
scaling_equal,42,4,0,13,147,61,67,29,0.8571428571428571,0.2932692307692308,0.46153846153846156
scaling_equal,42,4,0,14,147,61,78,21,0.908256880733945,0.2932692307692308,0.47596153846153844
scaling_equal,42,4,0,15,147,61,82,35,1.2857142857142858,0.2932692307692308,0.5625
scaling_equal,42,4,0,16,147,61,64,25,0.7478991596638656,0.2932692307692308,0.42788461538461536
scaling_equal,42,4,0,17,147,61,80,33,1.1894736842105262,0.2932692307692308,0.5432692307692307
scaling_equal,42,4,0,18,147,61,85,27,1.1666666666666667,0.2932692307692308,0.5384615384615384
scaling_equal,42,4,0,19,147,61,72,31,0.9809523809523809,0.2932692307692308,0.4951923076923077
scaling_equal,42,4,0,20,147,61,63,32,0.8407079646017699,0.2932692307692308,0.4567307692307692
scaling_equal,42,4,0,21,147,61,75,31,1.0392156862745099,0.2932692307692308,0.5096153846153846
scaling_equal,42,4,0,22,147,61,71,27,0.8909090909090909,0.2932692307692308,0.47115384615384615
scaling_equal,42,4,0,23,147,61,84,31,1.2365591397849462,0.2932692307692308,0.5528846153846154
scaling_equal,42,4,0,24,147,61,70,30,0.9259259259259259,0.2932692307692308,0.4807692307692308
scaling_equal,42,4,0,25,147,61,74,32,1.0392156862745099,0.2932692307692308,0.5096153846153846
scaling_equal,42,4,0,26,147,61,85,27,1.1666666666666667,0.2932692307692308,0.5384615384615384
scaling_equal,42,4,0,27,147,61,75,31,1.0392156862745099,0.2932692307692308,0.5096153846153846
scaling_equal,42,4,0,28,147,61,69,32,0.9439252336448598,0.2932692307692308,0.4855769230769231
scaling_equal,42,4,0,29,147,61,73,33,1.0392156862745099,0.2932692307692308,0.5096153846153846
scaling_equal,42,4,0,30,147,61,60,26,0.7049180327868853,0.2932692307692308,0.41346153846153844
scaling_equal,42,4,0,31,147,61,77,29,1.0392156862745099,0.2932692307692308,0.5096153846153846
scaling_equal,42,4,1,1,147,61,75,27,0.9622641509433962,0.2932692307692308,0.49038461538461536
scaling_equal,42,4,1,2,147,61,69,31,0.9259259259259259,0.2932692307692308,0.4807692307692308
scaling_equal,42,4,1,3,147,61,78,30,1.08,0.2932692307692308,0.5192307692307693
scaling_equal,42,4,1,4,147,61,78,28,1.0392156862745099,0.2932692307692308,0.5096153846153846
scaling_equal,42,4,1,5,147,61,72,32,1.0,0.2932692307692308,0.5
scaling_equal,42,4,1,6,147,61,70,33,0.9809523809523809,0.2932692307692308,0.4951923076923077
scaling_equal,42,4,1,7,147,61,75,35,1.1224489795918366,0.2932692307692308,0.5288461538461539
scaling_equal,42,4,1,8,147,61,73,26,0.908256880733945,0.2932692307692308,0.47596153846153844
scaling_equal,42,4,1,9,147,61,67,35,0.9622641509433962,0.2932692307692308,0.49038461538461536
scaling_equal,42,4,1,10,147,61,68,33,0.9439252336448598,0.2932692307692308,0.4855769230769231
scaling_equal,42,4,1,11,147,61,72,32,1.0,0.2932692307692308,0.5
scaling_equal,42,4,1,12,147,61,80,37,1.2857142857142858,0.2932692307692308,0.5625
scaling_equal,42,4,1,13,147,61,66,30,0.8571428571428571,0.2932692307692308,0.46153846153846156
scaling_equal,42,4,1,14,147,61,72,27,0.908256880733945,0.2932692307692308,0.47596153846153844
scaling_equal,42,4,1,15,147,61,84,33,1.2857142857142858,0.2932692307692308,0.5625
scaling_equal,42,4,1,16,147,61,67,22,0.7478991596638656,0.2932692307692308,0.42788461538461536
scaling_equal,42,4,1,17,147,61,83,30,1.1894736842105262,0.2932692307692308,0.5432692307692307
scaling_equal,42,4,1,18,147,61,78,34,1.1666666666666667,0.2932692307692308,0.5384615384615384
scaling_equal,42,4,1,19,147,61,69,34,0.9809523809523809,0.2932692307692308,0.4951923076923077
scaling_equal,42,4,1,20,147,61,68,27,0.8407079646017699,0.2932692307692308,0.4567307692307692
scaling_equal,42,4,1,21,147,61,68,38,1.0392156862745099,0.2932692307692308,0.5096153846153846
scaling_equal,42,4,1,22,147,61,67,31,0.8909090909090909,0.2932692307692308,0.47115384615384615
scaling_equal,42,4,2,1,148,62,71,33,0.9811320754716981,0.29523809523809524,0.49523809523809526
scaling_equal,42,4,2,2,148,62,67,35,0.9444444444444444,0.29523809523809524,0.4857142857142857
scaling_equal,42,4,2,3,148,62,76,32,1.0588235294117647,0.29523809523809524,0.5142857142857142
scaling_equal,42,4,2,4,148,62,75,32,1.0388349514563107,0.29523809523809524,0.5095238095238095
scaling_equal,42,4,2,5,148,62,71,33,0.9811320754716981,0.29523809523809524,0.49523809523809526
scaling_equal,42,4,2,6,148,62,74,30,0.9811320754716981,0.29523809523809524,0.49523809523809526
scaling_equal,42,4,2,7,148,62,80,30,1.1,0.29523809523809524,0.5238095238095238
scaling_equal,42,4,2,8,148,62,74,27,0.926605504587156,0.29523809523809524,0.48095238095238096
scaling_equal,42,4,2,9,148,62,81,22,0.9626168224299065,0.29523809523809524,0.49047619047619045
scaling_equal,42,4,2,10,148,62,65,37,0.9444444444444444,0.29523809523809524,0.4857142857142857
scaling_equal,42,4,2,11,148,62,70,35,1.0,0.29523809523809524,0.5
scaling_equal,42,4,2,12,148,62,88,32,1.3333333333333333,0.29523809523809524,0.5714285714285714
scaling_equal,42,4,2,13,148,62,70,25,0.8260869565217391,0.29523809523809524,0.4523809523809524
scaling_equal,42,4,2,14,148,62,71,34,1.0,0.29523809523809524,0.5
scaling_equal,42,4,2,15,148,62,78,34,1.1428571428571428,0.29523809523809524,0.5333333333333333
scaling_equal,42,4,2,16,148,62,60,28,0.7213114754098361,0.29523809523809524,0.41904761904761906
scaling_equal,42,4,2,17,148,62,83,36,1.3076923076923077,0.29523809523809524,0.5666666666666667
scaling_equal,42,4,2,18,148,62,77,39,1.2340425531914894,0.29523809523809524,0.5523809523809524
scaling_equal,42,4,2,19,148,62,70,31,0.926605504587156,0.29523809523809524,0.48095238095238096
scaling_equal,42,4,2,20,148,62,72,22,0.8103448275862069,0.29523809523809524,0.44761904761904764
scaling_equal,42,4,2,21,148,62,78,27,1.0,0.29523809523809524,0.5
scaling_equal,42,4,2,22,148,62,70,31,0.926605504587156,0.29523809523809524,0.48095238095238096
scaling_equal,42,4,2,23,148,62,80,34,1.1875,0.29523809523809524,0.5428571428571428
scaling_equal,42,4,2,24,148,62,72,32,0.9811320754716981,0.29523809523809524,0.49523809523809526
scaling_equal,42,4,2,25,148,62,80,27,1.0388349514563107,0.29523809523809524,0.5095238095238095
scaling_equal,42,4,2,26,148,62,82,29,1.121212121212121,0.29523809523809524,0.5285714285714286
scaling_equal,42,4,2,27,148,62,73,33,1.0192307692307692,0.29523809523809524,0.5047619047619047
scaling_equal,42,4,2,28,148,62,73,28,0.926605504587156,0.29523809523809524,0.48095238095238096
scaling_equal,42,4,2,29,148,62,73,31,0.9811320754716981,0.29523809523809524,0.49523809523809526
scaling_equal,42,4,2,30,148,62,61,32,0.7948717948717948,0.29523809523809524,0.44285714285714284
scaling_equal,42,4,2,31,148,62,74,30,0.9811320754716981,0.29523809523809524,0.49523809523809526
scaling_equal,42,4,2,32,148,62,75,26,0.926605504587156,0.29523809523809524,0.48095238095238096
scaling_equal,42,4,2,33,148,62,69,37,1.0192307692307692,0.29523809523809524,0.5047619047619047
scaling_equal,43,0,0,1,146,59,72,26,0.9158878504672897,0.28780487804878047,0.47804878048780486
scaling_equal,43,0,0,2,146,59,76,29,1.05,0.28780487804878047,0.5121951219512195
scaling_equal,43,0,0,3,146,59,70,32,0.9902912621359223,0.28780487804878047,0.4975609756097561
scaling_equal,43,0,0,4,146,59,68,30,0.9158878504672897,0.28780487804878047,0.47804878048780486
scaling_equal,43,0,0,5,146,59,63,25,0.7521367521367521,0.28780487804878047,0.4292682926829268
scaling_equal,43,0,0,6,146,59,79,28,1.0918367346938775,0.28780487804878047,0.5219512195121951
scaling_equal,43,0,0,7,146,59,76,30,1.0707070707070707,0.28780487804878047,0.5170731707317073
scaling_equal,43,0,0,8,146,59,72,28,0.9523809523809523,0.28780487804878047,0.4878048780487805
scaling_equal,43,0,0,9,146,59,77,36,1.2282608695652173,0.28780487804878047,0.551219512195122
scaling_equal,43,0,0,10,146,59,77,28,1.05,0.28780487804878047,0.5121951219512195
scaling_equal,43,0,0,11,146,59,70,34,1.0297029702970297,0.28780487804878047,0.5073170731707317
scaling_equal,43,0,0,12,146,59,90,26,1.303370786516854,0.28780487804878047,0.5658536585365853
scaling_equal,43,0,0,13,146,59,90,36,1.5949367088607596,0.28780487804878047,0.6146341463414634
scaling_equal,43,0,0,14,146,59,81,30,1.1808510638297873,0.28780487804878047,0.5414634146341464
scaling_equal,43,0,0,15,146,59,79,27,1.0707070707070707,0.28780487804878047,0.5170731707317073
scaling_equal,43,0,0,16,146,59,70,28,0.9158878504672897,0.28780487804878047,0.47804878048780486
scaling_equal,43,0,0,17,146,59,73,32,1.05,0.28780487804878047,0.5121951219512195
scaling_equal,43,0,0,18,146,59,79,27,1.0707070707070707,0.28780487804878047,0.5170731707317073
scaling_equal,43,0,0,19,146,59,65,30,0.8636363636363636,0.28780487804878047,0.4634146341463415
scaling_equal,43,0,0,20,146,59,75,30,1.05,0.28780487804878047,0.5121951219512195
scaling_equal,43,0,0,21,146,59,73,29,0.9902912621359223,0.28780487804878047,0.4975609756097561
scaling_equal,43,0,0,22,146,59,72,32,1.0297029702970297,0.28780487804878047,0.5073170731707317
scaling_equal,43,0,0,23,146,59,70,37,1.0918367346938775,0.28780487804878047,0.5219512195121951
scaling_equal,43,0,1,1,147,60,71,28,0.9166666666666666,0.2898550724637681,0.4782608695652174
scaling_equal,43,0,1,2,147,60,74,32,1.0495049504950495,0.2898550724637681,0.5120772946859904
scaling_equal,43,0,1,3,147,60,75,30,1.0294117647058822,0.2898550724637681,0.5072463768115942
scaling_equal,43,0,1,4,147,60,71,24,0.8482142857142857,0.2898550724637681,0.45893719806763283
scaling_equal,43,0,1,5,147,60,58,30,0.7394957983193278,0.2898550724637681,0.4251207729468599
scaling_equal,43,0,1,6,147,60,73,36,1.1122448979591837,0.2898550724637681,0.5265700483091788
scaling_equal,43,0,1,7,147,60,75,34,1.1122448979591837,0.2898550724637681,0.5265700483091788
scaling_equal,43,0,1,8,147,60,71,33,1.0097087378640777,0.2898550724637681,0.5024154589371981
scaling_equal,43,0,1,9,147,60,75,35,1.134020618556701,0.2898550724637681,0.5314009661835749
scaling_equal,43,0,1,10,147,60,78,31,1.1122448979591837,0.2898550724637681,0.5265700483091788
scaling_equal,43,0,1,11,147,60,74,30,1.0097087378640777,0.2898550724637681,0.5024154589371981
scaling_equal,43,0,1,12,147,60,89,35,1.4939759036144578,0.2898550724637681,0.5990338164251208
scaling_equal,43,0,1,13,147,60,81,35,1.2747252747252746,0.2898550724637681,0.5603864734299517
scaling_equal,43,0,1,14,147,60,82,37,1.3522727272727273,0.2898550724637681,0.5748792270531401
scaling_equal,43,0,1,15,147,60,72,36,1.0909090909090908,0.2898550724637681,0.5217391304347826
scaling_equal,43,0,1,16,147,60,72,23,0.8482142857142857,0.2898550724637681,0.45893719806763283
scaling_equal,43,0,1,17,147,60,76,30,1.0495049504950495,0.2898550724637681,0.5120772946859904
scaling_equal,43,0,1,18,147,60,81,25,1.0495049504950495,0.2898550724637681,0.5120772946859904
scaling_equal,43,0,1,19,147,60,75,23,0.8990825688073395,0.2898550724637681,0.47342995169082125
scaling_equal,43,0,1,20,147,60,74,29,0.9903846153846154,0.2898550724637681,0.4975845410628019
scaling_equal,43,0,1,21,147,60,72,32,1.0097087378640777,0.2898550724637681,0.5024154589371981
scaling_equal,43,0,1,22,147,60,82,26,1.0909090909090908,0.2898550724637681,0.5217391304347826
scaling_equal,43,0,1,23,147,60,73,30,0.9903846153846154,0.2898550724637681,0.4975845410628019
scaling_equal,43,0,1,24,147,60,73,23,0.8648648648648649,0.2898550724637681,0.463768115942029
scaling_equal,43,0,1,25,147,60,79,34,1.202127659574468,0.2898550724637681,0.5458937198067633
scaling_equal,43,0,1,26,147,60,81,27,1.0909090909090908,0.2898550724637681,0.5217391304347826
scaling_equal,43,0,1,27,147,60,76,29,1.0294117647058822,0.2898550724637681,0.5072463768115942
scaling_equal,43,0,2,1,147,61,69,31,0.9259259259259259,0.2932692307692308,0.4807692307692308
scaling_equal,43,0,2,2,147,61,78,28,1.0392156862745099,0.2932692307692308,0.5096153846153846
scaling_equal,43,0,2,3,147,61,71,33,1.0,0.2932692307692308,0.5
scaling_equal,43,0,2,4,147,61,73,24,0.8738738738738738,0.2932692307692308,0.46634615384615385
scaling_equal,43,0,2,5,147,61,61,28,0.7478991596638656,0.2932692307692308,0.42788461538461536
scaling_equal,43,0,2,6,147,61,74,35,1.101010101010101,0.2932692307692308,0.5240384615384616
scaling_equal,43,0,2,7,147,61,81,29,1.1224489795918366,0.2932692307692308,0.5288461538461539
scaling_equal,43,0,2,8,147,61,73,31,1.0,0.2932692307692308,0.5
scaling_equal,43,0,2,9,147,61,82,30,1.1666666666666667,0.2932692307692308,0.5384615384615384
scaling_equal,43,0,2,10,147,61,75,35,1.1224489795918366,0.2932692307692308,0.5288461538461539
scaling_equal,43,0,2,11,147,61,71,34,1.0194174757281553,0.2932692307692308,0.5048076923076923
scaling_equal,43,0,2,12,147,61,81,39,1.3636363636363635,0.2932692307692308,0.5769230769230769
scaling_equal,43,0,2,13,147,61,89,30,1.3370786516853932,0.2932692307692308,0.5721153846153846
scaling_equal,43,0,2,14,147,61,79,39,1.3111111111111111,0.2932692307692308,0.5673076923076923
scaling_equal,43,0,2,15,147,61,75,32,1.0594059405940595,0.2932692307692308,0.5144230769230769
scaling_equal,43,0,2,16,147,61,70,27,0.8738738738738738,0.2932692307692308,0.46634615384615385
scaling_equal,43,0,2,17,147,61,74,33,1.0594059405940595,0.2932692307692308,0.5144230769230769
scaling_equal,43,0,2,18,147,61,76,32,1.08,0.2932692307692308,0.5192307692307693
scaling_equal,43,0,2,19,147,61,71,27,0.8909090909090909,0.2932692307692308,0.47115384615384615
scaling_equal,43,0,2,20,147,61,76,27,0.9809523809523809,0.2932692307692308,0.4951923076923077
scaling_equal,43,0,2,21,147,61,75,32,1.0594059405940595,0.2932692307692308,0.5144230769230769
scaling_equal,43,1,0,1,147,60,69,30,0.9166666666666666,0.2898550724637681,0.4782608695652174
scaling_equal,43,1,0,2,147,60,77,29,1.0495049504950495,0.2898550724637681,0.5120772946859904
scaling_equal,43,1,0,3,147,60,74,31,1.0294117647058822,0.2898550724637681,0.5072463768115942
scaling_equal,43,1,0,4,147,60,66,29,0.8482142857142857,0.2898550724637681,0.45893719806763283
scaling_equal,43,1,0,5,147,60,63,25,0.7394957983193278,0.2898550724637681,0.4251207729468599
scaling_equal,43,1,0,6,147,60,78,31,1.1122448979591837,0.2898550724637681,0.5265700483091788
scaling_equal,43,1,0,7,147,60,81,28,1.1122448979591837,0.2898550724637681,0.5265700483091788
scaling_equal,43,1,0,8,147,60,71,33,1.0097087378640777,0.2898550724637681,0.5024154589371981
scaling_equal,43,1,0,9,147,60,78,32,1.134020618556701,0.2898550724637681,0.5314009661835749
scaling_equal,43,1,0,10,147,60,78,31,1.1122448979591837,0.2898550724637681,0.5265700483091788
scaling_equal,43,1,0,11,147,60,75,29,1.0097087378640777,0.2898550724637681,0.5024154589371981
scaling_equal,43,1,0,12,147,60,86,38,1.4939759036144578,0.2898550724637681,0.5990338164251208
scaling_equal,43,1,0,13,147,60,86,30,1.2747252747252746,0.2898550724637681,0.5603864734299517
scaling_equal,43,1,0,14,147,60,88,31,1.3522727272727273,0.2898550724637681,0.5748792270531401
scaling_equal,43,1,0,15,147,60,75,33,1.0909090909090908,0.2898550724637681,0.5217391304347826
scaling_equal,43,1,0,16,147,60,70,25,0.8482142857142857,0.2898550724637681,0.45893719806763283
scaling_equal,43,1,0,17,147,60,76,30,1.0495049504950495,0.2898550724637681,0.5120772946859904
scaling_equal,43,1,0,18,147,60,78,28,1.0495049504950495,0.2898550724637681,0.5120772946859904
scaling_equal,43,1,0,19,147,60,66,32,0.8990825688073395,0.2898550724637681,0.47342995169082125
scaling_equal,43,1,0,20,147,60,70,33,0.9903846153846154,0.2898550724637681,0.4975845410628019
scaling_equal,43,1,0,21,147,60,73,31,1.0097087378640777,0.2898550724637681,0.5024154589371981
scaling_equal,43,1,0,22,147,60,74,34,1.0909090909090908,0.2898550724637681,0.5217391304347826
scaling_equal,43,1,0,23,147,60,72,31,0.9903846153846154,0.2898550724637681,0.4975845410628019
scaling_equal,43,1,0,24,147,60,66,30,0.8648648648648649,0.2898550724637681,0.463768115942029
scaling_equal,43,1,0,25,147,60,79,34,1.202127659574468,0.2898550724637681,0.5458937198067633
scaling_equal,43,1,0,26,147,60,82,26,1.0909090909090908,0.2898550724637681,0.5217391304347826
scaling_equal,43,1,1,1,147,61,74,26,0.9259259259259259,0.2932692307692308,0.4807692307692308
scaling_equal,43,1,1,2,147,61,73,33,1.0392156862745099,0.2932692307692308,0.5096153846153846
scaling_equal,43,1,1,3,147,61,77,27,1.0,0.2932692307692308,0.5
scaling_equal,43,1,1,4,147,61,72,25,0.8738738738738738,0.2932692307692308,0.46634615384615385
scaling_equal,43,1,1,5,147,61,62,27,0.7478991596638656,0.2932692307692308,0.42788461538461536
scaling_equal,43,1,1,6,147,61,78,31,1.101010101010101,0.2932692307692308,0.5240384615384616
scaling_equal,43,1,1,7,147,61,77,33,1.1224489795918366,0.2932692307692308,0.5288461538461539
scaling_equal,43,1,1,8,147,61,72,32,1.0,0.2932692307692308,0.5
scaling_equal,43,1,1,9,147,61,80,32,1.1666666666666667,0.2932692307692308,0.5384615384615384
scaling_equal,43,1,1,10,147,61,77,33,1.1224489795918366,0.2932692307692308,0.5288461538461539
scaling_equal,43,1,1,11,147,61,75,30,1.0194174757281553,0.2932692307692308,0.5048076923076923
scaling_equal,43,1,1,12,147,61,82,38,1.3636363636363635,0.2932692307692308,0.5769230769230769
scaling_equal,43,1,1,13,147,61,83,36,1.3370786516853932,0.2932692307692308,0.5721153846153846
scaling_equal,43,1,1,14,147,61,88,30,1.3111111111111111,0.2932692307692308,0.5673076923076923
scaling_equal,43,1,1,15,147,61,72,35,1.0594059405940595,0.2932692307692308,0.5144230769230769
scaling_equal,43,1,1,16,147,61,66,31,0.8738738738738738,0.2932692307692308,0.46634615384615385
scaling_equal,43,1,1,17,147,61,82,25,1.0594059405940595,0.2932692307692308,0.5144230769230769
scaling_equal,43,1,1,18,147,61,76,32,1.08,0.2932692307692308,0.5192307692307693
scaling_equal,43,1,1,19,147,61,69,29,0.8909090909090909,0.2932692307692308,0.47115384615384615
scaling_equal,43,1,1,20,147,61,76,27,0.9809523809523809,0.2932692307692308,0.4951923076923077
scaling_equal,43,1,1,21,147,61,77,30,1.0594059405940595,0.2932692307692308,0.5144230769230769
scaling_equal,43,1,1,22,147,61,78,28,1.0392156862745099,0.2932692307692308,0.5096153846153846
scaling_equal,43,1,1,23,147,61,75,29,1.0,0.2932692307692308,0.5
scaling_equal,43,1,2,1,148,61,76,25,0.9351851851851852,0.291866028708134,0.48325358851674644
scaling_equal,43,1,2,2,148,61,77,28,1.0096153846153846,0.291866028708134,0.5023923444976076
scaling_equal,43,1,2,3,148,61,79,28,1.0490196078431373,0.291866028708134,0.5119617224880383
scaling_equal,43,1,2,4,148,61,64,31,0.8333333333333334,0.291866028708134,0.45454545454545453
scaling_equal,43,1,2,5,148,61,66,25,0.7711864406779662,0.291866028708134,0.4354066985645933
scaling_equal,43,1,2,6,148,61,75,35,1.1111111111111112,0.291866028708134,0.5263157894736842
scaling_equal,43,1,2,7,148,61,74,34,1.0693069306930694,0.291866028708134,0.5167464114832536
scaling_equal,43,1,2,8,148,61,70,35,1.0096153846153846,0.291866028708134,0.5023923444976076
scaling_equal,43,1,2,9,148,61,77,36,1.1770833333333333,0.291866028708134,0.5406698564593302
scaling_equal,43,1,2,10,148,61,67,43,1.1111111111111112,0.291866028708134,0.5263157894736842
scaling_equal,43,1,2,11,148,61,79,28,1.0490196078431373,0.291866028708134,0.5119617224880383
scaling_equal,43,1,2,12,148,61,84,38,1.4022988505747127,0.291866028708134,0.583732057416268
scaling_equal,43,1,2,13,148,61,83,37,1.348314606741573,0.291866028708134,0.5741626794258373
scaling_equal,43,1,2,14,148,61,80,34,1.2,0.291866028708134,0.5454545454545454
scaling_equal,43,1,2,15,148,61,74,37,1.1326530612244898,0.291866028708134,0.5311004784688995
scaling_equal,43,1,2,16,148,61,61,33,0.8173913043478261,0.291866028708134,0.44976076555023925
scaling_equal,43,1,2,17,148,61,79,35,1.2,0.291866028708134,0.5454545454545454
scaling_equal,43,1,2,18,148,61,73,29,0.9532710280373832,0.291866028708134,0.4880382775119617
scaling_equal,43,1,2,19,148,61,69,30,0.9,0.291866028708134,0.47368421052631576
scaling_equal,43,1,2,20,148,61,75,35,1.1111111111111112,0.291866028708134,0.5263157894736842
scaling_equal,43,1,2,21,148,61,75,27,0.9532710280373832,0.291866028708134,0.4880382775119617
scaling_equal,43,2,0,1,147,60,69,30,0.9166666666666666,0.2898550724637681,0.4782608695652174
scaling_equal,43,2,0,2,147,60,77,29,1.0495049504950495,0.2898550724637681,0.5120772946859904
scaling_equal,43,2,0,3,147,60,71,34,1.0294117647058822,0.2898550724637681,0.5072463768115942
scaling_equal,43,2,0,4,147,60,68,27,0.8482142857142857,0.2898550724637681,0.45893719806763283
scaling_equal,43,2,0,5,147,60,63,25,0.7394957983193278,0.2898550724637681,0.4251207729468599
scaling_equal,43,2,0,6,147,60,72,37,1.1122448979591837,0.2898550724637681,0.5265700483091788
scaling_equal,43,2,0,7,147,60,76,33,1.1122448979591837,0.2898550724637681,0.5265700483091788
scaling_equal,43,2,0,8,147,60,72,32,1.0097087378640777,0.2898550724637681,0.5024154589371981
scaling_equal,43,2,0,9,147,60,72,38,1.134020618556701,0.2898550724637681,0.5314009661835749
scaling_equal,43,2,0,10,147,60,71,38,1.1122448979591837,0.2898550724637681,0.5265700483091788
scaling_equal,43,2,0,11,147,60,72,32,1.0097087378640777,0.2898550724637681,0.5024154589371981
scaling_equal,43,2,0,12,147,60,91,33,1.4939759036144578,0.2898550724637681,0.5990338164251208
scaling_equal,43,2,0,13,147,60,81,35,1.2747252747252746,0.2898550724637681,0.5603864734299517
scaling_equal,43,2,0,14,147,60,83,36,1.3522727272727273,0.2898550724637681,0.5748792270531401
scaling_equal,43,2,0,15,147,60,73,35,1.0909090909090908,0.2898550724637681,0.5217391304347826
scaling_equal,43,2,0,16,147,60,63,32,0.8482142857142857,0.2898550724637681,0.45893719806763283
scaling_equal,43,2,0,17,147,60,71,35,1.0495049504950495,0.2898550724637681,0.5120772946859904
scaling_equal,43,2,0,18,147,60,77,29,1.0495049504950495,0.2898550724637681,0.5120772946859904
scaling_equal,43,2,0,19,147,60,71,27,0.8990825688073395,0.2898550724637681,0.47342995169082125
scaling_equal,43,2,0,20,147,60,73,30,0.9903846153846154,0.2898550724637681,0.4975845410628019
scaling_equal,43,2,0,21,147,60,72,32,1.0097087378640777,0.2898550724637681,0.5024154589371981
scaling_equal,43,2,0,22,147,60,79,29,1.0909090909090908,0.2898550724637681,0.5217391304347826
scaling_equal,43,2,0,23,147,60,72,31,0.9903846153846154,0.2898550724637681,0.4975845410628019
scaling_equal,43,2,0,24,147,60,68,28,0.8648648648648649,0.2898550724637681,0.463768115942029
scaling_equal,43,2,1,1,147,61,65,35,0.9259259259259259,0.2932692307692308,0.4807692307692308
scaling_equal,43,2,1,2,147,61,75,31,1.0392156862745099,0.2932692307692308,0.5096153846153846
scaling_equal,43,2,1,3,147,61,75,29,1.0,0.2932692307692308,0.5
scaling_equal,43,2,1,4,147,61,70,27,0.8738738738738738,0.2932692307692308,0.46634615384615385
scaling_equal,43,2,1,5,147,61,57,32,0.7478991596638656,0.2932692307692308,0.42788461538461536
scaling_equal,43,2,1,6,147,61,83,26,1.101010101010101,0.2932692307692308,0.5240384615384616
scaling_equal,43,2,1,7,147,61,80,30,1.1224489795918366,0.2932692307692308,0.5288461538461539
scaling_equal,43,2,1,8,147,61,72,32,1.0,0.2932692307692308,0.5
scaling_equal,43,2,1,9,147,61,79,33,1.1666666666666667,0.2932692307692308,0.5384615384615384
scaling_equal,43,2,1,10,147,61,83,27,1.1224489795918366,0.2932692307692308,0.5288461538461539
scaling_equal,43,2,1,11,147,61,73,32,1.0194174757281553,0.2932692307692308,0.5048076923076923
scaling_equal,43,2,1,12,147,61,78,42,1.3636363636363635,0.2932692307692308,0.5769230769230769
scaling_equal,43,2,1,13,147,61,91,28,1.3370786516853932,0.2932692307692308,0.5721153846153846
scaling_equal,43,2,1,14,147,61,84,34,1.3111111111111111,0.2932692307692308,0.5673076923076923
scaling_equal,43,2,1,15,147,61,74,33,1.0594059405940595,0.2932692307692308,0.5144230769230769
scaling_equal,43,2,1,16,147,61,72,25,0.8738738738738738,0.2932692307692308,0.46634615384615385
scaling_equal,43,2,1,17,147,61,76,31,1.0594059405940595,0.2932692307692308,0.5144230769230769
scaling_equal,43,2,1,18,147,61,74,34,1.08,0.2932692307692308,0.5192307692307693
scaling_equal,43,2,1,19,147,61,72,26,0.8909090909090909,0.2932692307692308,0.47115384615384615
scaling_equal,43,2,1,20,147,61,74,29,0.9809523809523809,0.2932692307692308,0.4951923076923077
scaling_equal,43,2,1,21,147,61,75,32,1.0594059405940595,0.2932692307692308,0.5144230769230769
scaling_equal,43,2,1,22,147,61,75,31,1.0392156862745099,0.2932692307692308,0.5096153846153846
scaling_equal,43,2,1,23,147,61,72,32,1.0,0.2932692307692308,0.5
scaling_equal,43,2,1,24,147,61,71,29,0.9259259259259259,0.2932692307692308,0.4807692307692308
scaling_equal,43,2,1,25,147,61,80,32,1.1666666666666667,0.2932692307692308,0.5384615384615384
scaling_equal,43,2,1,26,147,61,75,29,1.0,0.2932692307692308,0.5
scaling_equal,43,2,1,27,147,61,73,34,1.0594059405940595,0.2932692307692308,0.5144230769230769
scaling_equal,43,2,1,28,147,61,79,33,1.1666666666666667,0.2932692307692308,0.5384615384615384
scaling_equal,43,2,1,29,147,61,85,24,1.101010101010101,0.2932692307692308,0.5240384615384616
scaling_equal,43,2,1,30,147,61,76,31,1.0594059405940595,0.2932692307692308,0.5144230769230769
scaling_equal,43,2,1,31,147,61,89,32,1.3908045977011494,0.2932692307692308,0.5817307692307693
scaling_equal,43,2,2,1,148,61,67,34,0.9351851851851852,0.291866028708134,0.48325358851674644
scaling_equal,43,2,2,2,148,61,80,25,1.0096153846153846,0.291866028708134,0.5023923444976076
scaling_equal,43,2,2,3,148,61,76,31,1.0490196078431373,0.291866028708134,0.5119617224880383
scaling_equal,43,2,2,4,148,61,61,34,0.8333333333333334,0.291866028708134,0.45454545454545453
scaling_equal,43,2,2,5,148,61,61,30,0.7711864406779662,0.291866028708134,0.4354066985645933
scaling_equal,43,2,2,6,148,61,72,38,1.1111111111111112,0.291866028708134,0.5263157894736842
scaling_equal,43,2,2,7,148,61,82,26,1.0693069306930694,0.291866028708134,0.5167464114832536
scaling_equal,43,2,2,8,148,61,70,35,1.0096153846153846,0.291866028708134,0.5023923444976076
scaling_equal,43,2,2,9,148,61,75,38,1.1770833333333333,0.291866028708134,0.5406698564593302
scaling_equal,43,2,2,10,148,61,78,32,1.1111111111111112,0.291866028708134,0.5263157894736842
scaling_equal,43,2,2,11,148,61,77,30,1.0490196078431373,0.291866028708134,0.5119617224880383
scaling_equal,43,2,2,12,148,61,88,34,1.4022988505747127,0.291866028708134,0.583732057416268
scaling_equal,43,2,2,13,148,61,86,34,1.348314606741573,0.291866028708134,0.5741626794258373
scaling_equal,43,2,2,14,148,61,80,34,1.2,0.291866028708134,0.5454545454545454
scaling_equal,43,2,2,15,148,61,79,32,1.1326530612244898,0.291866028708134,0.5311004784688995
scaling_equal,43,2,2,16,148,61,64,30,0.8173913043478261,0.291866028708134,0.44976076555023925
scaling_equal,43,2,2,17,148,61,74,40,1.2,0.291866028708134,0.5454545454545454
scaling_equal,43,2,2,18,148,61,74,28,0.9532710280373832,0.291866028708134,0.4880382775119617
scaling_equal,43,2,2,19,148,61,64,35,0.9,0.291866028708134,0.47368421052631576
scaling_equal,43,3,0,1,147,61,70,30,0.9259259259259259,0.2932692307692308,0.4807692307692308
scaling_equal,43,3,0,2,147,61,78,28,1.0392156862745099,0.2932692307692308,0.5096153846153846
scaling_equal,43,3,0,3,147,61,76,28,1.0,0.2932692307692308,0.5
scaling_equal,43,3,0,4,147,61,67,30,0.8738738738738738,0.2932692307692308,0.46634615384615385
scaling_equal,43,3,0,5,147,61,63,26,0.7478991596638656,0.2932692307692308,0.42788461538461536
scaling_equal,43,3,0,6,147,61,78,31,1.101010101010101,0.2932692307692308,0.5240384615384616
scaling_equal,43,3,0,7,147,61,79,31,1.1224489795918366,0.2932692307692308,0.5288461538461539
scaling_equal,43,3,0,8,147,61,74,30,1.0,0.2932692307692308,0.5
scaling_equal,43,3,0,9,147,61,79,33,1.1666666666666667,0.2932692307692308,0.5384615384615384
scaling_equal,43,3,0,10,147,61,76,34,1.1224489795918366,0.2932692307692308,0.5288461538461539
scaling_equal,43,3,0,11,147,61,74,31,1.0194174757281553,0.2932692307692308,0.5048076923076923
scaling_equal,43,3,0,12,147,61,80,40,1.3636363636363635,0.2932692307692308,0.5769230769230769
scaling_equal,43,3,0,13,147,61,83,36,1.3370786516853932,0.2932692307692308,0.5721153846153846
scaling_equal,43,3,0,14,147,61,88,30,1.3111111111111111,0.2932692307692308,0.5673076923076923
scaling_equal,43,3,0,15,147,61,72,35,1.0594059405940595,0.2932692307692308,0.5144230769230769
scaling_equal,43,3,0,16,147,61,73,24,0.8738738738738738,0.2932692307692308,0.46634615384615385
scaling_equal,43,3,0,17,147,61,78,29,1.0594059405940595,0.2932692307692308,0.5144230769230769
scaling_equal,43,3,0,18,147,61,79,29,1.08,0.2932692307692308,0.5192307692307693
scaling_equal,43,3,0,19,147,61,71,27,0.8909090909090909,0.2932692307692308,0.47115384615384615
scaling_equal,43,3,0,20,147,61,68,35,0.9809523809523809,0.2932692307692308,0.4951923076923077
scaling_equal,43,3,0,21,147,61,78,29,1.0594059405940595,0.2932692307692308,0.5144230769230769
scaling_equal,43,3,0,22,147,61,75,31,1.0392156862745099,0.2932692307692308,0.5096153846153846
scaling_equal,43,3,0,23,147,61,74,30,1.0,0.2932692307692308,0.5
scaling_equal,43,3,1,1,147,61,73,27,0.9259259259259259,0.2932692307692308,0.4807692307692308
scaling_equal,43,3,1,2,147,61,76,30,1.0392156862745099,0.2932692307692308,0.5096153846153846
scaling_equal,43,3,1,3,147,61,73,31,1.0,0.2932692307692308,0.5
scaling_equal,43,3,1,4,147,61,67,30,0.8738738738738738,0.2932692307692308,0.46634615384615385
scaling_equal,43,3,1,5,147,61,59,30,0.7478991596638656,0.2932692307692308,0.42788461538461536
scaling_equal,43,3,1,6,147,61,79,30,1.101010101010101,0.2932692307692308,0.5240384615384616
scaling_equal,43,3,1,7,147,61,71,39,1.1224489795918366,0.2932692307692308,0.5288461538461539
scaling_equal,43,3,1,8,147,61,73,31,1.0,0.2932692307692308,0.5
scaling_equal,43,3,1,9,147,61,79,33,1.1666666666666667,0.2932692307692308,0.5384615384615384
scaling_equal,43,3,1,10,147,61,77,33,1.1224489795918366,0.2932692307692308,0.5288461538461539
scaling_equal,43,3,1,11,147,61,81,24,1.0194174757281553,0.2932692307692308,0.5048076923076923
scaling_equal,43,3,1,12,147,61,84,36,1.3636363636363635,0.2932692307692308,0.5769230769230769
scaling_equal,43,3,1,13,147,61,85,34,1.3370786516853932,0.2932692307692308,0.5721153846153846
scaling_equal,43,3,1,14,147,61,85,33,1.3111111111111111,0.2932692307692308,0.5673076923076923
scaling_equal,43,3,1,15,147,61,75,32,1.0594059405940595,0.2932692307692308,0.5144230769230769
scaling_equal,43,3,1,16,147,61,66,31,0.8738738738738738,0.2932692307692308,0.46634615384615385
scaling_equal,43,3,1,17,147,61,78,29,1.0594059405940595,0.2932692307692308,0.5144230769230769
scaling_equal,43,3,1,18,147,61,77,31,1.08,0.2932692307692308,0.5192307692307693
scaling_equal,43,3,1,19,147,61,68,30,0.8909090909090909,0.2932692307692308,0.47115384615384615
scaling_equal,43,3,1,20,147,61,72,31,0.9809523809523809,0.2932692307692308,0.4951923076923077
scaling_equal,43,3,2,1,148,62,69,32,0.926605504587156,0.29523809523809524,0.48095238095238096
scaling_equal,43,3,2,2,148,62,71,36,1.0388349514563107,0.29523809523809524,0.5095238095238095
scaling_equal,43,3,2,3,148,62,76,31,1.0388349514563107,0.29523809523809524,0.5095238095238095
scaling_equal,43,3,2,4,148,62,65,30,0.8260869565217391,0.29523809523809524,0.4523809523809524
scaling_equal,43,3,2,5,148,62,63,29,0.7796610169491526,0.29523809523809524,0.4380952380952381
scaling_equal,43,3,2,6,148,62,75,35,1.1,0.29523809523809524,0.5238095238095238
scaling_equal,43,3,2,7,148,62,73,36,1.0792079207920793,0.29523809523809524,0.5190476190476191
scaling_equal,43,3,2,8,148,62,75,32,1.0388349514563107,0.29523809523809524,0.5095238095238095
scaling_equal,43,3,2,9,148,62,76,34,1.1,0.29523809523809524,0.5238095238095238
scaling_equal,43,3,2,10,148,62,79,34,1.1649484536082475,0.29523809523809524,0.5380952380952381
scaling_equal,43,3,2,11,148,62,67,39,1.0192307692307692,0.29523809523809524,0.5047619047619047
scaling_equal,43,3,2,12,148,62,85,40,1.4705882352941178,0.29523809523809524,0.5952380952380952
scaling_equal,43,3,2,13,148,62,83,35,1.2826086956521738,0.29523809523809524,0.5619047619047619
scaling_equal,43,3,2,14,148,62,83,34,1.2580645161290323,0.29523809523809524,0.5571428571428572
scaling_equal,43,3,2,15,148,62,71,35,1.0192307692307692,0.29523809523809524,0.5047619047619047
scaling_equal,43,3,2,16,148,62,73,23,0.8421052631578947,0.29523809523809524,0.45714285714285713
scaling_equal,43,3,2,17,148,62,76,34,1.1,0.29523809523809524,0.5238095238095238
scaling_equal,43,3,2,18,148,62,74,32,1.0192307692307692,0.29523809523809524,0.5047619047619047
scaling_equal,43,3,2,19,148,62,79,23,0.9444444444444444,0.29523809523809524,0.4857142857142857
scaling_equal,43,3,2,20,148,62,79,32,1.121212121212121,0.29523809523809524,0.5285714285714286
scaling_equal,43,4,0,1,147,61,71,29,0.9259259259259259,0.2932692307692308,0.4807692307692308
scaling_equal,43,4,0,2,147,61,72,34,1.0392156862745099,0.2932692307692308,0.5096153846153846
scaling_equal,43,4,0,3,147,61,78,26,1.0,0.2932692307692308,0.5
scaling_equal,43,4,0,4,147,61,63,34,0.8738738738738738,0.2932692307692308,0.46634615384615385
scaling_equal,43,4,0,5,147,61,64,25,0.7478991596638656,0.2932692307692308,0.42788461538461536
scaling_equal,43,4,0,6,147,61,79,30,1.101010101010101,0.2932692307692308,0.5240384615384616
scaling_equal,43,4,0,7,147,61,75,35,1.1224489795918366,0.2932692307692308,0.5288461538461539
scaling_equal,43,4,0,8,147,61,77,27,1.0,0.2932692307692308,0.5
scaling_equal,43,4,0,9,147,61,75,37,1.1666666666666667,0.2932692307692308,0.5384615384615384
scaling_equal,43,4,0,10,147,61,80,30,1.1224489795918366,0.2932692307692308,0.5288461538461539
scaling_equal,43,4,0,11,147,61,71,34,1.0194174757281553,0.2932692307692308,0.5048076923076923
scaling_equal,43,4,0,12,147,61,87,33,1.3636363636363635,0.2932692307692308,0.5769230769230769
scaling_equal,43,4,0,13,147,61,88,31,1.3370786516853932,0.2932692307692308,0.5721153846153846
scaling_equal,43,4,0,14,147,61,85,33,1.3111111111111111,0.2932692307692308,0.5673076923076923
scaling_equal,43,4,0,15,147,61,71,36,1.0594059405940595,0.2932692307692308,0.5144230769230769
scaling_equal,43,4,0,16,147,61,70,27,0.8738738738738738,0.2932692307692308,0.46634615384615385
scaling_equal,43,4,0,17,147,61,79,28,1.0594059405940595,0.2932692307692308,0.5144230769230769
scaling_equal,43,4,0,18,147,61,80,28,1.08,0.2932692307692308,0.5192307692307693
scaling_equal,43,4,0,19,147,61,70,28,0.8909090909090909,0.2932692307692308,0.47115384615384615
scaling_equal,43,4,0,20,147,61,79,24,0.9809523809523809,0.2932692307692308,0.4951923076923077
scaling_equal,43,4,0,21,147,61,78,29,1.0594059405940595,0.2932692307692308,0.5144230769230769
scaling_equal,43,4,0,22,147,61,79,27,1.0392156862745099,0.2932692307692308,0.5096153846153846
scaling_equal,43,4,0,23,147,61,77,27,1.0,0.2932692307692308,0.5
scaling_equal,43,4,0,24,147,61,70,30,0.9259259259259259,0.2932692307692308,0.4807692307692308
scaling_equal,43,4,1,1,147,61,75,25,0.9259259259259259,0.2932692307692308,0.4807692307692308
scaling_equal,43,4,1,2,147,61,73,33,1.0392156862745099,0.2932692307692308,0.5096153846153846
scaling_equal,43,4,1,3,147,61,71,33,1.0,0.2932692307692308,0.5
scaling_equal,43,4,1,4,147,61,75,22,0.8738738738738738,0.2932692307692308,0.46634615384615385
scaling_equal,43,4,1,5,147,61,66,23,0.7478991596638656,0.2932692307692308,0.42788461538461536
scaling_equal,43,4,1,6,147,61,80,29,1.101010101010101,0.2932692307692308,0.5240384615384616
scaling_equal,43,4,1,7,147,61,74,36,1.1224489795918366,0.2932692307692308,0.5288461538461539
scaling_equal,43,4,1,8,147,61,75,29,1.0,0.2932692307692308,0.5
scaling_equal,43,4,1,9,147,61,78,34,1.1666666666666667,0.2932692307692308,0.5384615384615384
scaling_equal,43,4,1,10,147,61,75,35,1.1224489795918366,0.2932692307692308,0.5288461538461539
scaling_equal,43,4,1,11,147,61,74,31,1.0194174757281553,0.2932692307692308,0.5048076923076923
scaling_equal,43,4,1,12,147,61,88,32,1.3636363636363635,0.2932692307692308,0.5769230769230769
scaling_equal,43,4,1,13,147,61,87,32,1.3370786516853932,0.2932692307692308,0.5721153846153846
scaling_equal,43,4,1,14,147,61,84,34,1.3111111111111111,0.2932692307692308,0.5673076923076923
scaling_equal,43,4,1,15,147,61,74,33,1.0594059405940595,0.2932692307692308,0.5144230769230769
scaling_equal,43,4,1,16,147,61,69,28,0.8738738738738738,0.2932692307692308,0.46634615384615385
scaling_equal,43,4,1,17,147,61,72,35,1.0594059405940595,0.2932692307692308,0.5144230769230769
scaling_equal,43,4,1,18,147,61,71,37,1.08,0.2932692307692308,0.5192307692307693
scaling_equal,43,4,1,19,147,61,67,31,0.8909090909090909,0.2932692307692308,0.47115384615384615
scaling_equal,43,4,2,1,148,62,72,29,0.926605504587156,0.29523809523809524,0.48095238095238096
scaling_equal,43,4,2,2,148,62,83,24,1.0388349514563107,0.29523809523809524,0.5095238095238095
scaling_equal,43,4,2,3,148,62,74,33,1.0388349514563107,0.29523809523809524,0.5095238095238095
scaling_equal,43,4,2,4,148,62,69,26,0.8260869565217391,0.29523809523809524,0.4523809523809524
scaling_equal,43,4,2,5,148,62,63,29,0.7796610169491526,0.29523809523809524,0.4380952380952381
scaling_equal,43,4,2,6,148,62,81,29,1.1,0.29523809523809524,0.5238095238095238
scaling_equal,43,4,2,7,148,62,78,31,1.0792079207920793,0.29523809523809524,0.5190476190476191
scaling_equal,43,4,2,8,148,62,75,32,1.0388349514563107,0.29523809523809524,0.5095238095238095
scaling_equal,43,4,2,9,148,62,78,32,1.1,0.29523809523809524,0.5238095238095238
scaling_equal,43,4,2,10,148,62,77,36,1.1649484536082475,0.29523809523809524,0.5380952380952381
scaling_equal,43,4,2,11,148,62,71,35,1.0192307692307692,0.29523809523809524,0.5047619047619047
scaling_equal,43,4,2,12,148,62,91,34,1.4705882352941178,0.29523809523809524,0.5952380952380952
scaling_equal,43,4,2,13,148,62,88,30,1.2826086956521738,0.29523809523809524,0.5619047619047619
scaling_equal,43,4,2,14,148,62,87,30,1.2580645161290323,0.29523809523809524,0.5571428571428572
scaling_equal,43,4,2,15,148,62,72,34,1.0192307692307692,0.29523809523809524,0.5047619047619047
scaling_equal,43,4,2,16,148,62,74,22,0.8421052631578947,0.29523809523809524,0.45714285714285713
scaling_equal,43,4,2,17,148,62,81,29,1.1,0.29523809523809524,0.5238095238095238
scaling_equal,43,4,2,18,148,62,75,31,1.0192307692307692,0.29523809523809524,0.5047619047619047
scaling_equal,43,4,2,19,148,62,73,29,0.9444444444444444,0.29523809523809524,0.4857142857142857
scaling_equal,43,4,2,20,148,62,77,34,1.121212121212121,0.29523809523809524,0.5285714285714286
scaling_equal,43,4,2,21,148,62,66,37,0.9626168224299065,0.29523809523809524,0.49047619047619045
scaling_equal,43,4,2,22,148,62,75,28,0.9626168224299065,0.29523809523809524,0.49047619047619045
scaling_equal,44,0,0,1,146,59,72,34,1.0707070707070707,0.28780487804878047,0.5170731707317073
scaling_equal,44,0,0,2,146,59,67,27,0.8468468468468469,0.28780487804878047,0.4585365853658537
scaling_equal,44,0,0,3,146,59,64,23,0.7372881355932204,0.28780487804878047,0.424390243902439
scaling_equal,44,0,0,4,146,59,73,24,0.8981481481481481,0.28780487804878047,0.47317073170731705
scaling_equal,44,0,0,5,146,59,80,30,1.1578947368421053,0.28780487804878047,0.5365853658536586
scaling_equal,44,0,0,6,146,59,78,26,1.0297029702970297,0.28780487804878047,0.5073170731707317
scaling_equal,44,0,0,7,146,59,71,28,0.9339622641509434,0.28780487804878047,0.48292682926829267
scaling_equal,44,0,0,8,146,59,80,25,1.05,0.28780487804878047,0.5121951219512195
scaling_equal,44,0,0,9,146,59,70,32,0.9902912621359223,0.28780487804878047,0.4975609756097561
scaling_equal,44,0,0,10,146,59,78,23,0.9711538461538461,0.28780487804878047,0.4926829268292683
scaling_equal,44,0,0,11,146,59,75,25,0.9523809523809523,0.28780487804878047,0.4878048780487805
scaling_equal,44,0,0,12,146,59,77,28,1.05,0.28780487804878047,0.5121951219512195
scaling_equal,44,0,0,13,146,59,64,26,0.782608695652174,0.28780487804878047,0.43902439024390244
scaling_equal,44,0,0,14,146,59,79,28,1.0918367346938775,0.28780487804878047,0.5219512195121951
scaling_equal,44,0,0,15,146,59,76,25,0.9711538461538461,0.28780487804878047,0.4926829268292683
scaling_equal,44,0,0,16,146,59,71,24,0.8636363636363636,0.28780487804878047,0.4634146341463415
scaling_equal,44,0,0,17,146,59,71,33,1.0297029702970297,0.28780487804878047,0.5073170731707317
scaling_equal,44,0,0,18,146,59,81,22,1.0098039215686274,0.28780487804878047,0.5024390243902439
scaling_equal,44,0,0,19,146,59,74,32,1.0707070707070707,0.28780487804878047,0.5170731707317073
scaling_equal,44,0,0,20,146,59,83,30,1.2282608695652173,0.28780487804878047,0.551219512195122
scaling_equal,44,0,0,21,146,59,82,36,1.3563218390804597,0.28780487804878047,0.5756097560975609
scaling_equal,44,0,0,22,146,59,76,29,1.05,0.28780487804878047,0.5121951219512195
scaling_equal,44,0,0,23,146,59,85,23,1.1134020618556701,0.28780487804878047,0.526829268292683
scaling_equal,44,0,0,24,146,59,69,26,0.8636363636363636,0.28780487804878047,0.4634146341463415
scaling_equal,44,0,1,1,147,60,71,37,1.0909090909090908,0.2898550724637681,0.5217391304347826
scaling_equal,44,0,1,2,147,60,72,23,0.8482142857142857,0.2898550724637681,0.45893719806763283
scaling_equal,44,0,1,3,147,60,61,26,0.725,0.2898550724637681,0.42028985507246375
scaling_equal,44,0,1,4,147,60,71,29,0.9345794392523364,0.2898550724637681,0.4830917874396135
scaling_equal,44,0,1,5,147,60,71,37,1.0909090909090908,0.2898550724637681,0.5217391304347826
scaling_equal,44,0,1,6,147,60,77,31,1.0909090909090908,0.2898550724637681,0.5217391304347826
scaling_equal,44,0,1,7,147,60,72,26,0.8990825688073395,0.2898550724637681,0.47342995169082125
scaling_equal,44,0,1,8,147,60,72,32,1.0097087378640777,0.2898550724637681,0.5024154589371981
scaling_equal,44,0,1,9,147,60,78,29,1.07,0.2898550724637681,0.5169082125603864
scaling_equal,44,0,1,10,147,60,64,34,0.8990825688073395,0.2898550724637681,0.47342995169082125
scaling_equal,44,0,1,11,147,60,74,30,1.0097087378640777,0.2898550724637681,0.5024154589371981
scaling_equal,44,0,1,12,147,60,74,29,0.9903846153846154,0.2898550724637681,0.4975845410628019
scaling_equal,44,0,1,13,147,60,69,25,0.831858407079646,0.2898550724637681,0.45410628019323673
scaling_equal,44,0,1,14,147,60,74,32,1.0495049504950495,0.2898550724637681,0.5120772946859904
scaling_equal,44,0,1,15,147,60,66,35,0.9528301886792453,0.2898550724637681,0.48792270531400966
scaling_equal,44,0,1,16,147,60,68,27,0.8482142857142857,0.2898550724637681,0.45893719806763283
scaling_equal,44,0,1,17,147,60,68,43,1.15625,0.2898550724637681,0.5362318840579711
scaling_equal,44,0,1,18,147,60,70,30,0.9345794392523364,0.2898550724637681,0.4830917874396135
scaling_equal,44,0,1,19,147,60,78,35,1.202127659574468,0.2898550724637681,0.5458937198067633
scaling_equal,44,0,1,20,147,60,79,33,1.1789473684210525,0.2898550724637681,0.5410628019323671
scaling_equal,44,0,1,21,147,60,80,37,1.3,0.2898550724637681,0.5652173913043478
scaling_equal,44,0,1,22,147,60,78,27,1.0294117647058822,0.2898550724637681,0.5072463768115942
scaling_equal,44,0,1,23,147,60,72,31,0.9903846153846154,0.2898550724637681,0.4975845410628019
scaling_equal,44,0,2,1,147,61,77,32,1.101010101010101,0.2932692307692308,0.5240384615384616
scaling_equal,44,0,2,2,147,61,70,25,0.8407079646017699,0.2932692307692308,0.4567307692307692
scaling_equal,44,0,2,3,147,61,66,22,0.7333333333333333,0.2932692307692308,0.4230769230769231
scaling_equal,44,0,2,4,147,61,67,34,0.9439252336448598,0.2932692307692308,0.4855769230769231
scaling_equal,44,0,2,5,147,61,74,33,1.0594059405940595,0.2932692307692308,0.5144230769230769
scaling_equal,44,0,2,6,147,61,78,32,1.1224489795918366,0.2932692307692308,0.5288461538461539
scaling_equal,44,0,2,7,147,61,66,31,0.8738738738738738,0.2932692307692308,0.46634615384615385
scaling_equal,44,0,2,8,147,61,75,30,1.0194174757281553,0.2932692307692308,0.5048076923076923
scaling_equal,44,0,2,9,147,61,78,28,1.0392156862745099,0.2932692307692308,0.5096153846153846
scaling_equal,44,0,2,10,147,61,72,26,0.8909090909090909,0.2932692307692308,0.47115384615384615
scaling_equal,44,0,2,11,147,61,69,39,1.08,0.2932692307692308,0.5192307692307693
scaling_equal,44,0,2,12,147,61,71,30,0.9439252336448598,0.2932692307692308,0.4855769230769231
scaling_equal,44,0,2,13,147,61,70,26,0.8571428571428571,0.2932692307692308,0.46153846153846156
scaling_equal,44,0,2,14,147,61,79,29,1.08,0.2932692307692308,0.5192307692307693
scaling_equal,44,0,2,15,147,61,68,29,0.8738738738738738,0.2932692307692308,0.46634615384615385
scaling_equal,44,0,2,16,147,61,75,22,0.8738738738738738,0.2932692307692308,0.46634615384615385
scaling_equal,44,0,2,17,147,61,80,34,1.2127659574468086,0.2932692307692308,0.5480769230769231
scaling_equal,44,0,2,18,147,61,71,27,0.8909090909090909,0.2932692307692308,0.47115384615384615
scaling_equal,44,0,2,19,147,61,82,34,1.2608695652173914,0.2932692307692308,0.5576923076923077
scaling_equal,44,0,2,20,147,61,85,32,1.2857142857142858,0.2932692307692308,0.5625
scaling_equal,44,1,0,1,147,60,81,27,1.0909090909090908,0.2898550724637681,0.5217391304347826
scaling_equal,44,1,0,2,147,60,66,29,0.8482142857142857,0.2898550724637681,0.45893719806763283
scaling_equal,44,1,0,3,147,60,59,28,0.725,0.2898550724637681,0.42028985507246375
scaling_equal,44,1,0,4,147,60,74,26,0.9345794392523364,0.2898550724637681,0.4830917874396135
scaling_equal,44,1,0,5,147,60,80,28,1.0909090909090908,0.2898550724637681,0.5217391304347826
scaling_equal,44,1,0,6,147,60,82,26,1.0909090909090908,0.2898550724637681,0.5217391304347826
scaling_equal,44,1,0,7,147,60,69,29,0.8990825688073395,0.2898550724637681,0.47342995169082125
scaling_equal,44,1,0,8,147,60,71,33,1.0097087378640777,0.2898550724637681,0.5024154589371981
scaling_equal,44,1,0,9,147,60,77,30,1.07,0.2898550724637681,0.5169082125603864
scaling_equal,44,1,0,10,147,60,68,30,0.8990825688073395,0.2898550724637681,0.47342995169082125
scaling_equal,44,1,0,11,147,60,69,35,1.0097087378640777,0.2898550724637681,0.5024154589371981
scaling_equal,44,1,0,12,147,60,71,32,0.9903846153846154,0.2898550724637681,0.4975845410628019
scaling_equal,44,1,0,13,147,60,64,30,0.831858407079646,0.2898550724637681,0.45410628019323673
scaling_equal,44,1,0,14,147,60,76,30,1.0495049504950495,0.2898550724637681,0.5120772946859904
scaling_equal,44,1,0,15,147,60,76,25,0.9528301886792453,0.2898550724637681,0.48792270531400966
scaling_equal,44,1,0,16,147,60,69,26,0.8482142857142857,0.2898550724637681,0.45893719806763283
scaling_equal,44,1,0,17,147,60,79,32,1.15625,0.2898550724637681,0.5362318840579711
scaling_equal,44,1,0,18,147,60,75,25,0.9345794392523364,0.2898550724637681,0.4830917874396135
scaling_equal,44,1,0,19,147,60,76,37,1.202127659574468,0.2898550724637681,0.5458937198067633
scaling_equal,44,1,0,20,147,60,71,41,1.1789473684210525,0.2898550724637681,0.5410628019323671
scaling_equal,44,1,0,21,147,60,84,33,1.3,0.2898550724637681,0.5652173913043478
scaling_equal,44,1,0,22,147,60,77,28,1.0294117647058822,0.2898550724637681,0.5072463768115942
scaling_equal,44,1,0,23,147,60,70,33,0.9903846153846154,0.2898550724637681,0.4975845410628019
scaling_equal,44,1,0,24,147,60,64,36,0.9345794392523364,0.2898550724637681,0.4830917874396135
scaling_equal,44,1,0,25,147,60,79,33,1.1789473684210525,0.2898550724637681,0.5410628019323671
scaling_equal,44,1,0,26,147,60,73,34,1.07,0.2898550724637681,0.5169082125603864
scaling_equal,44,1,0,27,147,60,73,27,0.9345794392523364,0.2898550724637681,0.4830917874396135
scaling_equal,44,1,0,28,147,60,74,27,0.9528301886792453,0.2898550724637681,0.48792270531400966
scaling_equal,44,1,0,29,147,60,79,34,1.202127659574468,0.2898550724637681,0.5458937198067633
scaling_equal,44,1,0,30,147,60,80,39,1.3522727272727273,0.2898550724637681,0.5748792270531401
scaling_equal,44,1,0,31,147,60,72,36,1.0909090909090908,0.2898550724637681,0.5217391304347826
scaling_equal,44,1,1,1,147,61,74,35,1.101010101010101,0.2932692307692308,0.5240384615384616
scaling_equal,44,1,1,2,147,61,68,27,0.8407079646017699,0.2932692307692308,0.4567307692307692
scaling_equal,44,1,1,3,147,61,67,21,0.7333333333333333,0.2932692307692308,0.4230769230769231
scaling_equal,44,1,1,4,147,61,70,31,0.9439252336448598,0.2932692307692308,0.4855769230769231
scaling_equal,44,1,1,5,147,61,75,32,1.0594059405940595,0.2932692307692308,0.5144230769230769
scaling_equal,44,1,1,6,147,61,78,32,1.1224489795918366,0.2932692307692308,0.5288461538461539
scaling_equal,44,1,1,7,147,61,66,31,0.8738738738738738,0.2932692307692308,0.46634615384615385
scaling_equal,44,1,1,8,147,61,69,36,1.0194174757281553,0.2932692307692308,0.5048076923076923
scaling_equal,44,1,1,9,147,61,77,29,1.0392156862745099,0.2932692307692308,0.5096153846153846
scaling_equal,44,1,1,10,147,61,70,28,0.8909090909090909,0.2932692307692308,0.47115384615384615
scaling_equal,44,1,1,11,147,61,76,32,1.08,0.2932692307692308,0.5192307692307693
scaling_equal,44,1,1,12,147,61,70,31,0.9439252336448598,0.2932692307692308,0.4855769230769231
scaling_equal,44,1,1,13,147,61,74,22,0.8571428571428571,0.2932692307692308,0.46153846153846156
scaling_equal,44,1,1,14,147,61,77,31,1.08,0.2932692307692308,0.5192307692307693
scaling_equal,44,1,1,15,147,61,68,29,0.8738738738738738,0.2932692307692308,0.46634615384615385
scaling_equal,44,1,1,16,147,61,74,23,0.8738738738738738,0.2932692307692308,0.46634615384615385
scaling_equal,44,1,1,17,147,61,87,27,1.2127659574468086,0.2932692307692308,0.5480769230769231
scaling_equal,44,1,1,18,147,61,78,20,0.8909090909090909,0.2932692307692308,0.47115384615384615
scaling_equal,44,1,1,19,147,61,87,29,1.2608695652173914,0.2932692307692308,0.5576923076923077
scaling_equal,44,1,1,20,147,61,87,30,1.2857142857142858,0.2932692307692308,0.5625
scaling_equal,44,1,1,21,147,61,81,30,1.1443298969072164,0.2932692307692308,0.5336538461538461
scaling_equal,44,1,1,22,147,61,74,33,1.0594059405940595,0.2932692307692308,0.5144230769230769
scaling_equal,44,1,1,23,147,61,69,30,0.908256880733945,0.2932692307692308,0.47596153846153844
scaling_equal,44,1,1,24,147,61,70,33,0.9809523809523809,0.2932692307692308,0.4951923076923077
scaling_equal,44,1,1,25,147,61,77,37,1.2127659574468086,0.2932692307692308,0.5480769230769231
scaling_equal,44,1,1,26,147,61,73,33,1.0392156862745099,0.2932692307692308,0.5096153846153846
scaling_equal,44,1,1,27,147,61,77,24,0.9439252336448598,0.2932692307692308,0.4855769230769231
scaling_equal,44,1,1,28,147,61,71,30,0.9439252336448598,0.2932692307692308,0.4855769230769231
scaling_equal,44,1,2,1,148,61,81,29,1.1111111111111112,0.291866028708134,0.5263157894736842
scaling_equal,44,1,2,2,148,61,66,30,0.8495575221238938,0.291866028708134,0.45933014354066987
scaling_equal,44,1,2,3,148,61,65,23,0.7272727272727273,0.291866028708134,0.42105263157894735
scaling_equal,44,1,2,4,148,61,73,29,0.9532710280373832,0.291866028708134,0.4880382775119617
scaling_equal,44,1,2,5,148,61,72,33,1.0096153846153846,0.291866028708134,0.5023923444976076
scaling_equal,44,1,2,6,148,61,79,34,1.1770833333333333,0.291866028708134,0.5406698564593302
scaling_equal,44,1,2,7,148,61,71,26,0.8660714285714286,0.291866028708134,0.46411483253588515
scaling_equal,44,1,2,8,148,61,74,33,1.0490196078431373,0.291866028708134,0.5119617224880383
scaling_equal,44,1,2,9,148,61,71,34,1.0096153846153846,0.291866028708134,0.5023923444976076
scaling_equal,44,1,2,10,148,61,72,24,0.8495575221238938,0.291866028708134,0.45933014354066987
scaling_equal,44,1,2,11,148,61,74,36,1.1111111111111112,0.291866028708134,0.5263157894736842
scaling_equal,44,1,2,12,148,61,70,30,0.9174311926605505,0.291866028708134,0.4784688995215311
scaling_equal,44,1,2,13,148,61,73,27,0.9174311926605505,0.291866028708134,0.4784688995215311
scaling_equal,44,1,2,14,148,61,73,30,0.9716981132075472,0.291866028708134,0.49282296650717705
scaling_equal,44,1,2,15,148,61,78,25,0.9716981132075472,0.291866028708134,0.49282296650717705
scaling_equal,44,1,2,16,148,61,64,32,0.8495575221238938,0.291866028708134,0.45933014354066987
scaling_equal,44,1,2,17,148,61,82,35,1.2717391304347827,0.291866028708134,0.5598086124401914
scaling_equal,44,1,2,18,148,61,68,30,0.8828828828828829,0.291866028708134,0.4688995215311005
scaling_equal,44,1,2,19,148,61,75,38,1.1770833333333333,0.291866028708134,0.5406698564593302
scaling_equal,44,1,2,20,148,61,82,38,1.348314606741573,0.291866028708134,0.5741626794258373
scaling_equal,44,1,2,21,148,61,79,31,1.1111111111111112,0.291866028708134,0.5263157894736842
scaling_equal,44,1,2,22,148,61,76,30,1.029126213592233,0.291866028708134,0.507177033492823
scaling_equal,44,2,0,1,147,60,78,30,1.0909090909090908,0.2898550724637681,0.5217391304347826
scaling_equal,44,2,0,2,147,60,70,25,0.8482142857142857,0.2898550724637681,0.45893719806763283
scaling_equal,44,2,0,3,147,60,63,24,0.725,0.2898550724637681,0.42028985507246375
scaling_equal,44,2,0,4,147,60,73,27,0.9345794392523364,0.2898550724637681,0.4830917874396135
scaling_equal,44,2,0,5,147,60,77,31,1.0909090909090908,0.2898550724637681,0.5217391304347826
scaling_equal,44,2,0,6,147,60,74,34,1.0909090909090908,0.2898550724637681,0.5217391304347826
scaling_equal,44,2,0,7,147,60,69,29,0.8990825688073395,0.2898550724637681,0.47342995169082125
scaling_equal,44,2,0,8,147,60,71,33,1.0097087378640777,0.2898550724637681,0.5024154589371981
scaling_equal,44,2,0,9,147,60,80,27,1.07,0.2898550724637681,0.5169082125603864
scaling_equal,44,2,0,10,147,60,70,28,0.8990825688073395,0.2898550724637681,0.47342995169082125
scaling_equal,44,2,0,11,147,60,74,30,1.0097087378640777,0.2898550724637681,0.5024154589371981
scaling_equal,44,2,0,12,147,60,76,27,0.9903846153846154,0.2898550724637681,0.4975845410628019
scaling_equal,44,2,0,13,147,60,64,30,0.831858407079646,0.2898550724637681,0.45410628019323673
scaling_equal,44,2,0,14,147,60,72,34,1.0495049504950495,0.2898550724637681,0.5120772946859904
scaling_equal,44,2,0,15,147,60,75,26,0.9528301886792453,0.2898550724637681,0.48792270531400966
scaling_equal,44,2,0,16,147,60,77,18,0.8482142857142857,0.2898550724637681,0.45893719806763283
scaling_equal,44,2,0,17,147,60,82,29,1.15625,0.2898550724637681,0.5362318840579711
scaling_equal,44,2,0,18,147,60,71,29,0.9345794392523364,0.2898550724637681,0.4830917874396135
scaling_equal,44,2,0,19,147,60,81,32,1.202127659574468,0.2898550724637681,0.5458937198067633
scaling_equal,44,2,1,1,147,61,74,35,1.101010101010101,0.2932692307692308,0.5240384615384616
scaling_equal,44,2,1,2,147,61,73,22,0.8407079646017699,0.2932692307692308,0.4567307692307692
scaling_equal,44,2,1,3,147,61,66,22,0.7333333333333333,0.2932692307692308,0.4230769230769231
scaling_equal,44,2,1,4,147,61,73,28,0.9439252336448598,0.2932692307692308,0.4855769230769231
scaling_equal,44,2,1,5,147,61,74,33,1.0594059405940595,0.2932692307692308,0.5144230769230769
scaling_equal,44,2,1,6,147,61,77,33,1.1224489795918366,0.2932692307692308,0.5288461538461539
scaling_equal,44,2,1,7,147,61,67,30,0.8738738738738738,0.2932692307692308,0.46634615384615385
scaling_equal,44,2,1,8,147,61,83,22,1.0194174757281553,0.2932692307692308,0.5048076923076923
scaling_equal,44,2,1,9,147,61,79,27,1.0392156862745099,0.2932692307692308,0.5096153846153846
scaling_equal,44,2,1,10,147,61,69,29,0.8909090909090909,0.2932692307692308,0.47115384615384615
scaling_equal,44,2,1,11,147,61,78,30,1.08,0.2932692307692308,0.5192307692307693
scaling_equal,44,2,1,12,147,61,68,33,0.9439252336448598,0.2932692307692308,0.4855769230769231
scaling_equal,44,2,1,13,147,61,70,26,0.8571428571428571,0.2932692307692308,0.46153846153846156
scaling_equal,44,2,1,14,147,61,72,36,1.08,0.2932692307692308,0.5192307692307693
scaling_equal,44,2,1,15,147,61,62,35,0.8738738738738738,0.2932692307692308,0.46634615384615385
scaling_equal,44,2,1,16,147,61,74,23,0.8738738738738738,0.2932692307692308,0.46634615384615385
scaling_equal,44,2,1,17,147,61,86,28,1.2127659574468086,0.2932692307692308,0.5480769230769231
scaling_equal,44,2,1,18,147,61,77,21,0.8909090909090909,0.2932692307692308,0.47115384615384615
scaling_equal,44,2,2,1,148,61,80,30,1.1111111111111112,0.291866028708134,0.5263157894736842
scaling_equal,44,2,2,2,148,61,66,30,0.8495575221238938,0.291866028708134,0.45933014354066987
scaling_equal,44,2,2,3,148,61,64,24,0.7272727272727273,0.291866028708134,0.42105263157894735
scaling_equal,44,2,2,4,148,61,65,37,0.9532710280373832,0.291866028708134,0.4880382775119617
scaling_equal,44,2,2,5,148,61,76,29,1.0096153846153846,0.291866028708134,0.5023923444976076
scaling_equal,44,2,2,6,148,61,77,36,1.1770833333333333,0.291866028708134,0.5406698564593302
scaling_equal,44,2,2,7,148,61,68,29,0.8660714285714286,0.291866028708134,0.46411483253588515
scaling_equal,44,2,2,8,148,61,78,29,1.0490196078431373,0.291866028708134,0.5119617224880383
scaling_equal,44,2,2,9,148,61,75,30,1.0096153846153846,0.291866028708134,0.5023923444976076
scaling_equal,44,2,2,10,148,61,65,31,0.8495575221238938,0.291866028708134,0.45933014354066987
scaling_equal,44,2,2,11,148,61,78,32,1.1111111111111112,0.291866028708134,0.5263157894736842
scaling_equal,44,2,2,12,148,61,70,30,0.9174311926605505,0.291866028708134,0.4784688995215311
scaling_equal,44,2,2,13,148,61,71,29,0.9174311926605505,0.291866028708134,0.4784688995215311
scaling_equal,44,2,2,14,148,61,77,26,0.9716981132075472,0.291866028708134,0.49282296650717705
scaling_equal,44,2,2,15,148,61,70,33,0.9716981132075472,0.291866028708134,0.49282296650717705
scaling_equal,44,2,2,16,148,61,70,26,0.8495575221238938,0.291866028708134,0.45933014354066987
scaling_equal,44,2,2,17,148,61,79,38,1.2717391304347827,0.291866028708134,0.5598086124401914
scaling_equal,44,2,2,18,148,61,70,28,0.8828828828828829,0.291866028708134,0.4688995215311005
scaling_equal,44,3,0,1,147,61,73,36,1.101010101010101,0.2932692307692308,0.5240384615384616
scaling_equal,44,3,0,2,147,61,61,34,0.8407079646017699,0.2932692307692308,0.4567307692307692
scaling_equal,44,3,0,3,147,61,65,23,0.7333333333333333,0.2932692307692308,0.4230769230769231
scaling_equal,44,3,0,4,147,61,79,22,0.9439252336448598,0.2932692307692308,0.4855769230769231
scaling_equal,44,3,0,5,147,61,80,27,1.0594059405940595,0.2932692307692308,0.5144230769230769
scaling_equal,44,3,0,6,147,61,75,35,1.1224489795918366,0.2932692307692308,0.5288461538461539
scaling_equal,44,3,0,7,147,61,71,26,0.8738738738738738,0.2932692307692308,0.46634615384615385
scaling_equal,44,3,0,8,147,61,81,24,1.0194174757281553,0.2932692307692308,0.5048076923076923
scaling_equal,44,3,0,9,147,61,78,28,1.0392156862745099,0.2932692307692308,0.5096153846153846
scaling_equal,44,3,0,10,147,61,70,28,0.8909090909090909,0.2932692307692308,0.47115384615384615
scaling_equal,44,3,0,11,147,61,79,29,1.08,0.2932692307692308,0.5192307692307693
scaling_equal,44,3,0,12,147,61,74,27,0.9439252336448598,0.2932692307692308,0.4855769230769231
scaling_equal,44,3,0,13,147,61,74,22,0.8571428571428571,0.2932692307692308,0.46153846153846156
scaling_equal,44,3,0,14,147,61,73,35,1.08,0.2932692307692308,0.5192307692307693
scaling_equal,44,3,0,15,147,61,66,31,0.8738738738738738,0.2932692307692308,0.46634615384615385
scaling_equal,44,3,0,16,147,61,76,21,0.8738738738738738,0.2932692307692308,0.46634615384615385
scaling_equal,44,3,0,17,147,61,84,30,1.2127659574468086,0.2932692307692308,0.5480769230769231
scaling_equal,44,3,0,18,147,61,69,29,0.8909090909090909,0.2932692307692308,0.47115384615384615
scaling_equal,44,3,0,19,147,61,80,36,1.2608695652173914,0.2932692307692308,0.5576923076923077
scaling_equal,44,3,0,20,147,61,85,32,1.2857142857142858,0.2932692307692308,0.5625
scaling_equal,44,3,0,21,147,61,76,35,1.1443298969072164,0.2932692307692308,0.5336538461538461
scaling_equal,44,3,0,22,147,61,75,32,1.0594059405940595,0.2932692307692308,0.5144230769230769
scaling_equal,44,3,0,23,147,61,75,24,0.908256880733945,0.2932692307692308,0.47596153846153844
scaling_equal,44,3,0,24,147,61,78,25,0.9809523809523809,0.2932692307692308,0.4951923076923077
scaling_equal,44,3,0,25,147,61,87,27,1.2127659574468086,0.2932692307692308,0.5480769230769231
scaling_equal,44,3,0,26,147,61,72,34,1.0392156862745099,0.2932692307692308,0.5096153846153846
scaling_equal,44,3,0,27,147,61,79,22,0.9439252336448598,0.2932692307692308,0.4855769230769231
scaling_equal,44,3,0,28,147,61,70,31,0.9439252336448598,0.2932692307692308,0.4855769230769231
scaling_equal,44,3,0,29,147,61,88,31,1.3370786516853932,0.2932692307692308,0.5721153846153846
scaling_equal,44,3,0,30,147,61,81,32,1.1894736842105262,0.2932692307692308,0.5432692307692307
scaling_equal,44,3,1,1,147,61,75,34,1.101010101010101,0.2932692307692308,0.5240384615384616
scaling_equal,44,3,1,2,147,61,65,30,0.8407079646017699,0.2932692307692308,0.4567307692307692
scaling_equal,44,3,1,3,147,61,63,25,0.7333333333333333,0.2932692307692308,0.4230769230769231
scaling_equal,44,3,1,4,147,61,73,28,0.9439252336448598,0.2932692307692308,0.4855769230769231
scaling_equal,44,3,1,5,147,61,74,33,1.0594059405940595,0.2932692307692308,0.5144230769230769
scaling_equal,44,3,1,6,147,61,81,29,1.1224489795918366,0.2932692307692308,0.5288461538461539
scaling_equal,44,3,1,7,147,61,65,32,0.8738738738738738,0.2932692307692308,0.46634615384615385
scaling_equal,44,3,1,8,147,61,77,28,1.0194174757281553,0.2932692307692308,0.5048076923076923
scaling_equal,44,3,1,9,147,61,75,31,1.0392156862745099,0.2932692307692308,0.5096153846153846
scaling_equal,44,3,1,10,147,61,70,28,0.8909090909090909,0.2932692307692308,0.47115384615384615
scaling_equal,44,3,1,11,147,61,77,31,1.08,0.2932692307692308,0.5192307692307693
scaling_equal,44,3,1,12,147,61,71,30,0.9439252336448598,0.2932692307692308,0.4855769230769231
scaling_equal,44,3,1,13,147,61,65,31,0.8571428571428571,0.2932692307692308,0.46153846153846156
scaling_equal,44,3,1,14,147,61,74,34,1.08,0.2932692307692308,0.5192307692307693
scaling_equal,44,3,1,15,147,61,67,30,0.8738738738738738,0.2932692307692308,0.46634615384615385
scaling_equal,44,3,1,16,147,61,71,26,0.8738738738738738,0.2932692307692308,0.46634615384615385
scaling_equal,44,3,1,17,147,61,81,33,1.2127659574468086,0.2932692307692308,0.5480769230769231
scaling_equal,44,3,1,18,147,61,76,22,0.8909090909090909,0.2932692307692308,0.47115384615384615
scaling_equal,44,3,1,19,147,61,79,37,1.2608695652173914,0.2932692307692308,0.5576923076923077
scaling_equal,44,3,1,20,147,61,78,39,1.2857142857142858,0.2932692307692308,0.5625
scaling_equal,44,3,2,1,148,62,79,31,1.1,0.29523809523809524,0.5238095238095238
scaling_equal,44,3,2,2,148,62,67,30,0.8584070796460177,0.29523809523809524,0.46190476190476193
scaling_equal,44,3,2,3,148,62,53,35,0.7213114754098361,0.29523809523809524,0.41904761904761906
scaling_equal,44,3,2,4,148,62,70,33,0.9626168224299065,0.29523809523809524,0.49047619047619045
scaling_equal,44,3,2,5,148,62,68,37,1.0,0.29523809523809524,0.5
scaling_equal,44,3,2,6,148,62,78,35,1.1649484536082475,0.29523809523809524,0.5380952380952381
scaling_equal,44,3,2,7,148,62,74,24,0.875,0.29523809523809524,0.4666666666666667
scaling_equal,44,3,2,8,148,62,77,32,1.0792079207920793,0.29523809523809524,0.5190476190476191
scaling_equal,44,3,2,9,148,62,76,28,0.9811320754716981,0.29523809523809524,0.49523809523809526
scaling_equal,44,3,2,10,148,62,71,27,0.875,0.29523809523809524,0.4666666666666667
scaling_equal,44,3,2,11,148,62,77,33,1.1,0.29523809523809524,0.5238095238095238
scaling_equal,44,3,2,12,148,62,69,26,0.8260869565217391,0.29523809523809524,0.4523809523809524
scaling_equal,44,3,2,13,148,62,75,31,1.0192307692307692,0.29523809523809524,0.5047619047619047
scaling_equal,44,3,2,14,148,62,76,25,0.926605504587156,0.29523809523809524,0.48095238095238096
scaling_equal,44,3,2,15,148,62,71,33,0.9811320754716981,0.29523809523809524,0.49523809523809526
scaling_equal,44,3,2,16,148,62,73,26,0.8918918918918919,0.29523809523809524,0.4714285714285714
scaling_equal,44,3,2,17,148,62,84,34,1.2826086956521738,0.29523809523809524,0.5619047619047619
scaling_equal,44,3,2,18,148,62,64,34,0.875,0.29523809523809524,0.4666666666666667
scaling_equal,44,3,2,19,148,62,83,30,1.1649484536082475,0.29523809523809524,0.5380952380952381
scaling_equal,44,3,2,20,148,62,79,43,1.3863636363636365,0.29523809523809524,0.580952380952381
scaling_equal,44,3,2,21,148,62,81,28,1.0792079207920793,0.29523809523809524,0.5190476190476191
scaling_equal,44,3,2,22,148,62,73,38,1.121212121212121,0.29523809523809524,0.5285714285714286
scaling_equal,44,3,2,23,148,62,67,27,0.8103448275862069,0.29523809523809524,0.44761904761904764
scaling_equal,44,3,2,24,148,62,77,31,1.0588235294117647,0.29523809523809524,0.5142857142857142
scaling_equal,44,3,2,25,148,62,81,35,1.2340425531914894,0.29523809523809524,0.5523809523809524
scaling_equal,44,4,0,1,147,61,74,35,1.101010101010101,0.2932692307692308,0.5240384615384616
scaling_equal,44,4,0,2,147,61,69,26,0.8407079646017699,0.2932692307692308,0.4567307692307692
scaling_equal,44,4,0,3,147,61,62,26,0.7333333333333333,0.2932692307692308,0.4230769230769231
scaling_equal,44,4,0,4,147,61,67,34,0.9439252336448598,0.2932692307692308,0.4855769230769231
scaling_equal,44,4,0,5,147,61,71,36,1.0594059405940595,0.2932692307692308,0.5144230769230769
scaling_equal,44,4,0,6,147,61,79,31,1.1224489795918366,0.2932692307692308,0.5288461538461539
scaling_equal,44,4,0,7,147,61,69,28,0.8738738738738738,0.2932692307692308,0.46634615384615385
scaling_equal,44,4,0,8,147,61,77,28,1.0194174757281553,0.2932692307692308,0.5048076923076923
scaling_equal,44,4,0,9,147,61,82,24,1.0392156862745099,0.2932692307692308,0.5096153846153846
scaling_equal,44,4,0,10,147,61,71,27,0.8909090909090909,0.2932692307692308,0.47115384615384615
scaling_equal,44,4,0,11,147,61,75,33,1.08,0.2932692307692308,0.5192307692307693
scaling_equal,44,4,0,12,147,61,73,28,0.9439252336448598,0.2932692307692308,0.4855769230769231
scaling_equal,44,4,0,13,147,61,71,25,0.8571428571428571,0.2932692307692308,0.46153846153846156
scaling_equal,44,4,0,14,147,61,80,28,1.08,0.2932692307692308,0.5192307692307693
scaling_equal,44,4,0,15,147,61,68,29,0.8738738738738738,0.2932692307692308,0.46634615384615385
scaling_equal,44,4,0,16,147,61,71,26,0.8738738738738738,0.2932692307692308,0.46634615384615385
scaling_equal,44,4,0,17,147,61,84,30,1.2127659574468086,0.2932692307692308,0.5480769230769231
scaling_equal,44,4,0,18,147,61,73,25,0.8909090909090909,0.2932692307692308,0.47115384615384615
scaling_equal,44,4,0,19,147,61,81,35,1.2608695652173914,0.2932692307692308,0.5576923076923077
scaling_equal,44,4,0,20,147,61,86,31,1.2857142857142858,0.2932692307692308,0.5625
scaling_equal,44,4,0,21,147,61,77,34,1.1443298969072164,0.2932692307692308,0.5336538461538461
scaling_equal,44,4,1,1,147,61,78,31,1.101010101010101,0.2932692307692308,0.5240384615384616
scaling_equal,44,4,1,2,147,61,65,30,0.8407079646017699,0.2932692307692308,0.4567307692307692
scaling_equal,44,4,1,3,147,61,63,25,0.7333333333333333,0.2932692307692308,0.4230769230769231
scaling_equal,44,4,1,4,147,61,74,27,0.9439252336448598,0.2932692307692308,0.4855769230769231
scaling_equal,44,4,1,5,147,61,74,33,1.0594059405940595,0.2932692307692308,0.5144230769230769
scaling_equal,44,4,1,6,147,61,77,33,1.1224489795918366,0.2932692307692308,0.5288461538461539
scaling_equal,44,4,1,7,147,61,62,35,0.8738738738738738,0.2932692307692308,0.46634615384615385
scaling_equal,44,4,1,8,147,61,69,36,1.0194174757281553,0.2932692307692308,0.5048076923076923
scaling_equal,44,4,1,9,147,61,75,31,1.0392156862745099,0.2932692307692308,0.5096153846153846
scaling_equal,44,4,1,10,147,61,74,24,0.8909090909090909,0.2932692307692308,0.47115384615384615
scaling_equal,44,4,1,11,147,61,76,32,1.08,0.2932692307692308,0.5192307692307693
scaling_equal,44,4,1,12,147,61,74,27,0.9439252336448598,0.2932692307692308,0.4855769230769231
scaling_equal,44,4,1,13,147,61,68,28,0.8571428571428571,0.2932692307692308,0.46153846153846156
scaling_equal,44,4,1,14,147,61,78,30,1.08,0.2932692307692308,0.5192307692307693
scaling_equal,44,4,1,15,147,61,67,30,0.8738738738738738,0.2932692307692308,0.46634615384615385
scaling_equal,44,4,1,16,147,61,64,33,0.8738738738738738,0.2932692307692308,0.46634615384615385
scaling_equal,44,4,1,17,147,61,81,33,1.2127659574468086,0.2932692307692308,0.5480769230769231
scaling_equal,44,4,1,18,147,61,73,25,0.8909090909090909,0.2932692307692308,0.47115384615384615
scaling_equal,44,4,1,19,147,61,83,33,1.2608695652173914,0.2932692307692308,0.5576923076923077
scaling_equal,44,4,1,20,147,61,82,35,1.2857142857142858,0.2932692307692308,0.5625
scaling_equal,44,4,1,21,147,61,78,33,1.1443298969072164,0.2932692307692308,0.5336538461538461
scaling_equal,44,4,2,1,148,62,77,33,1.1,0.29523809523809524,0.5238095238095238
scaling_equal,44,4,2,2,148,62,68,29,0.8584070796460177,0.29523809523809524,0.46190476190476193
scaling_equal,44,4,2,3,148,62,63,25,0.7213114754098361,0.29523809523809524,0.41904761904761906
scaling_equal,44,4,2,4,148,62,68,35,0.9626168224299065,0.29523809523809524,0.49047619047619045
scaling_equal,44,4,2,5,148,62,73,32,1.0,0.29523809523809524,0.5
scaling_equal,44,4,2,6,148,62,83,30,1.1649484536082475,0.29523809523809524,0.5380952380952381
scaling_equal,44,4,2,7,148,62,71,27,0.875,0.29523809523809524,0.4666666666666667
scaling_equal,44,4,2,8,148,62,77,32,1.0792079207920793,0.29523809523809524,0.5190476190476191
scaling_equal,44,4,2,9,148,62,77,27,0.9811320754716981,0.29523809523809524,0.49523809523809526
scaling_equal,44,4,2,10,148,62,67,31,0.875,0.29523809523809524,0.4666666666666667
scaling_equal,44,4,2,11,148,62,77,33,1.1,0.29523809523809524,0.5238095238095238
scaling_equal,44,4,2,12,148,62,65,30,0.8260869565217391,0.29523809523809524,0.4523809523809524
scaling_equal,44,4,2,13,148,62,69,37,1.0192307692307692,0.29523809523809524,0.5047619047619047
scaling_equal,44,4,2,14,148,62,75,26,0.926605504587156,0.29523809523809524,0.48095238095238096
scaling_equal,44,4,2,15,148,62,75,29,0.9811320754716981,0.29523809523809524,0.49523809523809526
scaling_equal,44,4,2,16,148,62,67,32,0.8918918918918919,0.29523809523809524,0.4714285714285714
scaling_equal,44,4,2,17,148,62,86,32,1.2826086956521738,0.29523809523809524,0.5619047619047619
scaling_equal,44,4,2,18,148,62,69,29,0.875,0.29523809523809524,0.4666666666666667
scaling_equal,44,4,2,19,148,62,77,36,1.1649484536082475,0.29523809523809524,0.5380952380952381
scaling_equal,44,4,2,20,148,62,88,34,1.3863636363636365,0.29523809523809524,0.580952380952381
scaling_equal,44,4,2,21,148,62,78,31,1.0792079207920793,0.29523809523809524,0.5190476190476191
scaling_equal,44,4,2,22,148,62,77,34,1.121212121212121,0.29523809523809524,0.5285714285714286
scaling_equal,44,4,2,23,148,62,68,26,0.8103448275862069,0.29523809523809524,0.44761904761904764
scaling_equal,44,4,2,24,148,62,70,38,1.0588235294117647,0.29523809523809524,0.5142857142857142
scaling_equal,44,4,2,25,148,62,89,27,1.2340425531914894,0.29523809523809524,0.5523809523809524
scaling_dd_only,42,0,0,1,146,59,0,59,0.4041095890410959,0.28780487804878047,0.28780487804878047
scaling_dd_only,42,0,0,2,146,59,0,59,0.4041095890410959,0.28780487804878047,0.28780487804878047
scaling_dd_only,42,0,0,3,146,59,0,59,0.4041095890410959,0.28780487804878047,0.28780487804878047
scaling_dd_only,42,0,0,4,146,59,0,59,0.4041095890410959,0.28780487804878047,0.28780487804878047
scaling_dd_only,42,0,0,5,146,59,0,59,0.4041095890410959,0.28780487804878047,0.28780487804878047
scaling_dd_only,42,0,0,6,146,59,0,59,0.4041095890410959,0.28780487804878047,0.28780487804878047
scaling_dd_only,42,0,0,7,146,59,0,59,0.4041095890410959,0.28780487804878047,0.28780487804878047
scaling_dd_only,42,0,0,8,146,59,0,59,0.4041095890410959,0.28780487804878047,0.28780487804878047
scaling_dd_only,42,0,0,9,146,59,0,59,0.4041095890410959,0.28780487804878047,0.28780487804878047
scaling_dd_only,42,0,0,10,146,59,0,59,0.4041095890410959,0.28780487804878047,0.28780487804878047
scaling_dd_only,42,0,0,11,146,59,0,59,0.4041095890410959,0.28780487804878047,0.28780487804878047
scaling_dd_only,42,0,0,12,146,59,0,59,0.4041095890410959,0.28780487804878047,0.28780487804878047
scaling_dd_only,42,0,0,13,146,59,0,59,0.4041095890410959,0.28780487804878047,0.28780487804878047
scaling_dd_only,42,0,0,14,146,59,0,59,0.4041095890410959,0.28780487804878047,0.28780487804878047
scaling_dd_only,42,0,0,15,146,59,0,59,0.4041095890410959,0.28780487804878047,0.28780487804878047
scaling_dd_only,42,0,0,16,146,59,0,59,0.4041095890410959,0.28780487804878047,0.28780487804878047
scaling_dd_only,42,0,0,17,146,59,0,59,0.4041095890410959,0.28780487804878047,0.28780487804878047
scaling_dd_only,42,0,0,18,146,59,0,59,0.4041095890410959,0.28780487804878047,0.28780487804878047
scaling_dd_only,42,0,1,1,147,60,0,60,0.40816326530612246,0.2898550724637681,0.2898550724637681
scaling_dd_only,42,0,1,2,147,60,0,60,0.40816326530612246,0.2898550724637681,0.2898550724637681
scaling_dd_only,42,0,1,3,147,60,0,60,0.40816326530612246,0.2898550724637681,0.2898550724637681
scaling_dd_only,42,0,1,4,147,60,0,60,0.40816326530612246,0.2898550724637681,0.2898550724637681
scaling_dd_only,42,0,1,5,147,60,0,60,0.40816326530612246,0.2898550724637681,0.2898550724637681
scaling_dd_only,42,0,1,6,147,60,0,60,0.40816326530612246,0.2898550724637681,0.2898550724637681
scaling_dd_only,42,0,1,7,147,60,0,60,0.40816326530612246,0.2898550724637681,0.2898550724637681
scaling_dd_only,42,0,1,8,147,60,0,60,0.40816326530612246,0.2898550724637681,0.2898550724637681
scaling_dd_only,42,0,1,9,147,60,0,60,0.40816326530612246,0.2898550724637681,0.2898550724637681
scaling_dd_only,42,0,1,10,147,60,0,60,0.40816326530612246,0.2898550724637681,0.2898550724637681
scaling_dd_only,42,0,1,11,147,60,0,60,0.40816326530612246,0.2898550724637681,0.2898550724637681
scaling_dd_only,42,0,1,12,147,60,0,60,0.40816326530612246,0.2898550724637681,0.2898550724637681
scaling_dd_only,42,0,1,13,147,60,0,60,0.40816326530612246,0.2898550724637681,0.2898550724637681
scaling_dd_only,42,0,1,14,147,60,0,60,0.40816326530612246,0.2898550724637681,0.2898550724637681
scaling_dd_only,42,0,1,15,147,60,0,60,0.40816326530612246,0.2898550724637681,0.2898550724637681
scaling_dd_only,42,0,1,16,147,60,0,60,0.40816326530612246,0.2898550724637681,0.2898550724637681
scaling_dd_only,42,0,1,17,147,60,0,60,0.40816326530612246,0.2898550724637681,0.2898550724637681
scaling_dd_only,42,0,1,18,147,60,0,60,0.40816326530612246,0.2898550724637681,0.2898550724637681
scaling_dd_only,42,0,1,19,147,60,0,60,0.40816326530612246,0.2898550724637681,0.2898550724637681
scaling_dd_only,42,0,1,20,147,60,0,60,0.40816326530612246,0.2898550724637681,0.2898550724637681
scaling_dd_only,42,0,1,21,147,60,0,60,0.40816326530612246,0.2898550724637681,0.2898550724637681
scaling_dd_only,42,0,1,22,147,60,0,60,0.40816326530612246,0.2898550724637681,0.2898550724637681
scaling_dd_only,42,0,1,23,147,60,0,60,0.40816326530612246,0.2898550724637681,0.2898550724637681
scaling_dd_only,42,0,1,24,147,60,0,60,0.40816326530612246,0.2898550724637681,0.2898550724637681
scaling_dd_only,42,0,1,25,147,60,0,60,0.40816326530612246,0.2898550724637681,0.2898550724637681
scaling_dd_only,42,0,1,26,147,60,0,60,0.40816326530612246,0.2898550724637681,0.2898550724637681
scaling_dd_only,42,0,2,1,147,61,0,61,0.41496598639455784,0.2932692307692308,0.2932692307692308
scaling_dd_only,42,0,2,2,147,61,0,61,0.41496598639455784,0.2932692307692308,0.2932692307692308
scaling_dd_only,42,0,2,3,147,61,0,61,0.41496598639455784,0.2932692307692308,0.2932692307692308
scaling_dd_only,42,0,2,4,147,61,0,61,0.41496598639455784,0.2932692307692308,0.2932692307692308
scaling_dd_only,42,0,2,5,147,61,0,61,0.41496598639455784,0.2932692307692308,0.2932692307692308
scaling_dd_only,42,0,2,6,147,61,0,61,0.41496598639455784,0.2932692307692308,0.2932692307692308
scaling_dd_only,42,0,2,7,147,61,0,61,0.41496598639455784,0.2932692307692308,0.2932692307692308
scaling_dd_only,42,0,2,8,147,61,0,61,0.41496598639455784,0.2932692307692308,0.2932692307692308
scaling_dd_only,42,0,2,9,147,61,0,61,0.41496598639455784,0.2932692307692308,0.2932692307692308
scaling_dd_only,42,0,2,10,147,61,0,61,0.41496598639455784,0.2932692307692308,0.2932692307692308
scaling_dd_only,42,0,2,11,147,61,0,61,0.41496598639455784,0.2932692307692308,0.2932692307692308
scaling_dd_only,42,0,2,12,147,61,0,61,0.41496598639455784,0.2932692307692308,0.2932692307692308
scaling_dd_only,42,0,2,13,147,61,0,61,0.41496598639455784,0.2932692307692308,0.2932692307692308
scaling_dd_only,42,0,2,14,147,61,0,61,0.41496598639455784,0.2932692307692308,0.2932692307692308
scaling_dd_only,42,0,2,15,147,61,0,61,0.41496598639455784,0.2932692307692308,0.2932692307692308
scaling_dd_only,42,0,2,16,147,61,0,61,0.41496598639455784,0.2932692307692308,0.2932692307692308
scaling_dd_only,42,0,2,17,147,61,0,61,0.41496598639455784,0.2932692307692308,0.2932692307692308
scaling_dd_only,42,0,2,18,147,61,0,61,0.41496598639455784,0.2932692307692308,0.2932692307692308
scaling_dd_only,42,0,2,19,147,61,0,61,0.41496598639455784,0.2932692307692308,0.2932692307692308
scaling_dd_only,42,0,2,20,147,61,0,61,0.41496598639455784,0.2932692307692308,0.2932692307692308
scaling_dd_only,42,0,2,21,147,61,0,61,0.41496598639455784,0.2932692307692308,0.2932692307692308
scaling_dd_only,42,0,2,22,147,61,0,61,0.41496598639455784,0.2932692307692308,0.2932692307692308
scaling_dd_only,42,0,2,23,147,61,0,61,0.41496598639455784,0.2932692307692308,0.2932692307692308
scaling_dd_only,42,0,2,24,147,61,0,61,0.41496598639455784,0.2932692307692308,0.2932692307692308
scaling_dd_only,42,0,2,25,147,61,0,61,0.41496598639455784,0.2932692307692308,0.2932692307692308
scaling_dd_only,42,0,2,26,147,61,0,61,0.41496598639455784,0.2932692307692308,0.2932692307692308
scaling_dd_only,42,0,2,27,147,61,0,61,0.41496598639455784,0.2932692307692308,0.2932692307692308
scaling_dd_only,42,1,0,1,147,60,0,60,0.40816326530612246,0.2898550724637681,0.2898550724637681
scaling_dd_only,42,1,0,2,147,60,0,60,0.40816326530612246,0.2898550724637681,0.2898550724637681
scaling_dd_only,42,1,0,3,147,60,0,60,0.40816326530612246,0.2898550724637681,0.2898550724637681
scaling_dd_only,42,1,0,4,147,60,0,60,0.40816326530612246,0.2898550724637681,0.2898550724637681
scaling_dd_only,42,1,0,5,147,60,0,60,0.40816326530612246,0.2898550724637681,0.2898550724637681
scaling_dd_only,42,1,0,6,147,60,0,60,0.40816326530612246,0.2898550724637681,0.2898550724637681
scaling_dd_only,42,1,0,7,147,60,0,60,0.40816326530612246,0.2898550724637681,0.2898550724637681
scaling_dd_only,42,1,0,8,147,60,0,60,0.40816326530612246,0.2898550724637681,0.2898550724637681
scaling_dd_only,42,1,0,9,147,60,0,60,0.40816326530612246,0.2898550724637681,0.2898550724637681
scaling_dd_only,42,1,0,10,147,60,0,60,0.40816326530612246,0.2898550724637681,0.2898550724637681
scaling_dd_only,42,1,0,11,147,60,0,60,0.40816326530612246,0.2898550724637681,0.2898550724637681
scaling_dd_only,42,1,0,12,147,60,0,60,0.40816326530612246,0.2898550724637681,0.2898550724637681
scaling_dd_only,42,1,0,13,147,60,0,60,0.40816326530612246,0.2898550724637681,0.2898550724637681
scaling_dd_only,42,1,0,14,147,60,0,60,0.40816326530612246,0.2898550724637681,0.2898550724637681
scaling_dd_only,42,1,0,15,147,60,0,60,0.40816326530612246,0.2898550724637681,0.2898550724637681
scaling_dd_only,42,1,0,16,147,60,0,60,0.40816326530612246,0.2898550724637681,0.2898550724637681
scaling_dd_only,42,1,0,17,147,60,0,60,0.40816326530612246,0.2898550724637681,0.2898550724637681
scaling_dd_only,42,1,0,18,147,60,0,60,0.40816326530612246,0.2898550724637681,0.2898550724637681
scaling_dd_only,42,1,0,19,147,60,0,60,0.40816326530612246,0.2898550724637681,0.2898550724637681
scaling_dd_only,42,1,0,20,147,60,0,60,0.40816326530612246,0.2898550724637681,0.2898550724637681
scaling_dd_only,42,1,0,21,147,60,0,60,0.40816326530612246,0.2898550724637681,0.2898550724637681
scaling_dd_only,42,1,0,22,147,60,0,60,0.40816326530612246,0.2898550724637681,0.2898550724637681
scaling_dd_only,42,1,0,23,147,60,0,60,0.40816326530612246,0.2898550724637681,0.2898550724637681
scaling_dd_only,42,1,0,24,147,60,0,60,0.40816326530612246,0.2898550724637681,0.2898550724637681
scaling_dd_only,42,1,0,25,147,60,0,60,0.40816326530612246,0.2898550724637681,0.2898550724637681
scaling_dd_only,42,1,0,26,147,60,0,60,0.40816326530612246,0.2898550724637681,0.2898550724637681
scaling_dd_only,42,1,0,27,147,60,0,60,0.40816326530612246,0.2898550724637681,0.2898550724637681
scaling_dd_only,42,1,1,1,147,61,0,61,0.41496598639455784,0.2932692307692308,0.2932692307692308
scaling_dd_only,42,1,1,2,147,61,0,61,0.41496598639455784,0.2932692307692308,0.2932692307692308
scaling_dd_only,42,1,1,3,147,61,0,61,0.41496598639455784,0.2932692307692308,0.2932692307692308
scaling_dd_only,42,1,1,4,147,61,0,61,0.41496598639455784,0.2932692307692308,0.2932692307692308
scaling_dd_only,42,1,1,5,147,61,0,61,0.41496598639455784,0.2932692307692308,0.2932692307692308
scaling_dd_only,42,1,1,6,147,61,0,61,0.41496598639455784,0.2932692307692308,0.2932692307692308
scaling_dd_only,42,1,1,7,147,61,0,61,0.41496598639455784,0.2932692307692308,0.2932692307692308
scaling_dd_only,42,1,1,8,147,61,0,61,0.41496598639455784,0.2932692307692308,0.2932692307692308
scaling_dd_only,42,1,1,9,147,61,0,61,0.41496598639455784,0.2932692307692308,0.2932692307692308
scaling_dd_only,42,1,1,10,147,61,0,61,0.41496598639455784,0.2932692307692308,0.2932692307692308
scaling_dd_only,42,1,1,11,147,61,0,61,0.41496598639455784,0.2932692307692308,0.2932692307692308
scaling_dd_only,42,1,1,12,147,61,0,61,0.41496598639455784,0.2932692307692308,0.2932692307692308
scaling_dd_only,42,1,1,13,147,61,0,61,0.41496598639455784,0.2932692307692308,0.2932692307692308
scaling_dd_only,42,1,1,14,147,61,0,61,0.41496598639455784,0.2932692307692308,0.2932692307692308
scaling_dd_only,42,1,1,15,147,61,0,61,0.41496598639455784,0.2932692307692308,0.2932692307692308
scaling_dd_only,42,1,1,16,147,61,0,61,0.41496598639455784,0.2932692307692308,0.2932692307692308
scaling_dd_only,42,1,1,17,147,61,0,61,0.41496598639455784,0.2932692307692308,0.2932692307692308
scaling_dd_only,42,1,1,18,147,61,0,61,0.41496598639455784,0.2932692307692308,0.2932692307692308
scaling_dd_only,42,1,1,19,147,61,0,61,0.41496598639455784,0.2932692307692308,0.2932692307692308
scaling_dd_only,42,1,1,20,147,61,0,61,0.41496598639455784,0.2932692307692308,0.2932692307692308
scaling_dd_only,42,1,1,21,147,61,0,61,0.41496598639455784,0.2932692307692308,0.2932692307692308
scaling_dd_only,42,1,2,1,148,61,0,61,0.41216216216216217,0.291866028708134,0.291866028708134
scaling_dd_only,42,1,2,2,148,61,0,61,0.41216216216216217,0.291866028708134,0.291866028708134
scaling_dd_only,42,1,2,3,148,61,0,61,0.41216216216216217,0.291866028708134,0.291866028708134
scaling_dd_only,42,1,2,4,148,61,0,61,0.41216216216216217,0.291866028708134,0.291866028708134
scaling_dd_only,42,1,2,5,148,61,0,61,0.41216216216216217,0.291866028708134,0.291866028708134
scaling_dd_only,42,1,2,6,148,61,0,61,0.41216216216216217,0.291866028708134,0.291866028708134
scaling_dd_only,42,1,2,7,148,61,0,61,0.41216216216216217,0.291866028708134,0.291866028708134
scaling_dd_only,42,1,2,8,148,61,0,61,0.41216216216216217,0.291866028708134,0.291866028708134
scaling_dd_only,42,1,2,9,148,61,0,61,0.41216216216216217,0.291866028708134,0.291866028708134
scaling_dd_only,42,1,2,10,148,61,0,61,0.41216216216216217,0.291866028708134,0.291866028708134
scaling_dd_only,42,1,2,11,148,61,0,61,0.41216216216216217,0.291866028708134,0.291866028708134
scaling_dd_only,42,1,2,12,148,61,0,61,0.41216216216216217,0.291866028708134,0.291866028708134
scaling_dd_only,42,1,2,13,148,61,0,61,0.41216216216216217,0.291866028708134,0.291866028708134
scaling_dd_only,42,1,2,14,148,61,0,61,0.41216216216216217,0.291866028708134,0.291866028708134
scaling_dd_only,42,1,2,15,148,61,0,61,0.41216216216216217,0.291866028708134,0.291866028708134
scaling_dd_only,42,1,2,16,148,61,0,61,0.41216216216216217,0.291866028708134,0.291866028708134
scaling_dd_only,42,1,2,17,148,61,0,61,0.41216216216216217,0.291866028708134,0.291866028708134
scaling_dd_only,42,1,2,18,148,61,0,61,0.41216216216216217,0.291866028708134,0.291866028708134
scaling_dd_only,42,1,2,19,148,61,0,61,0.41216216216216217,0.291866028708134,0.291866028708134
scaling_dd_only,42,1,2,20,148,61,0,61,0.41216216216216217,0.291866028708134,0.291866028708134
scaling_dd_only,42,1,2,21,148,61,0,61,0.41216216216216217,0.291866028708134,0.291866028708134
scaling_dd_only,42,1,2,22,148,61,0,61,0.41216216216216217,0.291866028708134,0.291866028708134
scaling_dd_only,42,1,2,23,148,61,0,61,0.41216216216216217,0.291866028708134,0.291866028708134
scaling_dd_only,42,1,2,24,148,61,0,61,0.41216216216216217,0.291866028708134,0.291866028708134
scaling_dd_only,42,2,0,1,147,60,0,60,0.40816326530612246,0.2898550724637681,0.2898550724637681
scaling_dd_only,42,2,0,2,147,60,0,60,0.40816326530612246,0.2898550724637681,0.2898550724637681
scaling_dd_only,42,2,0,3,147,60,0,60,0.40816326530612246,0.2898550724637681,0.2898550724637681
scaling_dd_only,42,2,0,4,147,60,0,60,0.40816326530612246,0.2898550724637681,0.2898550724637681
scaling_dd_only,42,2,0,5,147,60,0,60,0.40816326530612246,0.2898550724637681,0.2898550724637681
scaling_dd_only,42,2,0,6,147,60,0,60,0.40816326530612246,0.2898550724637681,0.2898550724637681
scaling_dd_only,42,2,0,7,147,60,0,60,0.40816326530612246,0.2898550724637681,0.2898550724637681
scaling_dd_only,42,2,0,8,147,60,0,60,0.40816326530612246,0.2898550724637681,0.2898550724637681
scaling_dd_only,42,2,0,9,147,60,0,60,0.40816326530612246,0.2898550724637681,0.2898550724637681
scaling_dd_only,42,2,0,10,147,60,0,60,0.40816326530612246,0.2898550724637681,0.2898550724637681
scaling_dd_only,42,2,0,11,147,60,0,60,0.40816326530612246,0.2898550724637681,0.2898550724637681
scaling_dd_only,42,2,0,12,147,60,0,60,0.40816326530612246,0.2898550724637681,0.2898550724637681
scaling_dd_only,42,2,0,13,147,60,0,60,0.40816326530612246,0.2898550724637681,0.2898550724637681
scaling_dd_only,42,2,0,14,147,60,0,60,0.40816326530612246,0.2898550724637681,0.2898550724637681
scaling_dd_only,42,2,0,15,147,60,0,60,0.40816326530612246,0.2898550724637681,0.2898550724637681
scaling_dd_only,42,2,0,16,147,60,0,60,0.40816326530612246,0.2898550724637681,0.2898550724637681
scaling_dd_only,42,2,0,17,147,60,0,60,0.40816326530612246,0.2898550724637681,0.2898550724637681
scaling_dd_only,42,2,0,18,147,60,0,60,0.40816326530612246,0.2898550724637681,0.2898550724637681
scaling_dd_only,42,2,0,19,147,60,0,60,0.40816326530612246,0.2898550724637681,0.2898550724637681
scaling_dd_only,42,2,0,20,147,60,0,60,0.40816326530612246,0.2898550724637681,0.2898550724637681
scaling_dd_only,42,2,0,21,147,60,0,60,0.40816326530612246,0.2898550724637681,0.2898550724637681
scaling_dd_only,42,2,0,22,147,60,0,60,0.40816326530612246,0.2898550724637681,0.2898550724637681
scaling_dd_only,42,2,0,23,147,60,0,60,0.40816326530612246,0.2898550724637681,0.2898550724637681
scaling_dd_only,42,2,0,24,147,60,0,60,0.40816326530612246,0.2898550724637681,0.2898550724637681
scaling_dd_only,42,2,0,25,147,60,0,60,0.40816326530612246,0.2898550724637681,0.2898550724637681
scaling_dd_only,42,2,0,26,147,60,0,60,0.40816326530612246,0.2898550724637681,0.2898550724637681
scaling_dd_only,42,2,0,27,147,60,0,60,0.40816326530612246,0.2898550724637681,0.2898550724637681
scaling_dd_only,42,2,0,28,147,60,0,60,0.40816326530612246,0.2898550724637681,0.2898550724637681
scaling_dd_only,42,2,0,29,147,60,0,60,0.40816326530612246,0.2898550724637681,0.2898550724637681
scaling_dd_only,42,2,0,30,147,60,0,60,0.40816326530612246,0.2898550724637681,0.2898550724637681
scaling_dd_only,42,2,0,31,147,60,0,60,0.40816326530612246,0.2898550724637681,0.2898550724637681
scaling_dd_only,42,2,0,32,147,60,0,60,0.40816326530612246,0.2898550724637681,0.2898550724637681
scaling_dd_only,42,2,0,33,147,60,0,60,0.40816326530612246,0.2898550724637681,0.2898550724637681
scaling_dd_only,42,2,0,34,147,60,0,60,0.40816326530612246,0.2898550724637681,0.2898550724637681
scaling_dd_only,42,2,0,35,147,60,0,60,0.40816326530612246,0.2898550724637681,0.2898550724637681
scaling_dd_only,42,2,0,36,147,60,0,60,0.40816326530612246,0.2898550724637681,0.2898550724637681
scaling_dd_only,42,2,1,1,147,61,0,61,0.41496598639455784,0.2932692307692308,0.2932692307692308
scaling_dd_only,42,2,1,2,147,61,0,61,0.41496598639455784,0.2932692307692308,0.2932692307692308
scaling_dd_only,42,2,1,3,147,61,0,61,0.41496598639455784,0.2932692307692308,0.2932692307692308
scaling_dd_only,42,2,1,4,147,61,0,61,0.41496598639455784,0.2932692307692308,0.2932692307692308
scaling_dd_only,42,2,1,5,147,61,0,61,0.41496598639455784,0.2932692307692308,0.2932692307692308
scaling_dd_only,42,2,1,6,147,61,0,61,0.41496598639455784,0.2932692307692308,0.2932692307692308
scaling_dd_only,42,2,1,7,147,61,0,61,0.41496598639455784,0.2932692307692308,0.2932692307692308
scaling_dd_only,42,2,1,8,147,61,0,61,0.41496598639455784,0.2932692307692308,0.2932692307692308
scaling_dd_only,42,2,1,9,147,61,0,61,0.41496598639455784,0.2932692307692308,0.2932692307692308
scaling_dd_only,42,2,1,10,147,61,0,61,0.41496598639455784,0.2932692307692308,0.2932692307692308
scaling_dd_only,42,2,1,11,147,61,0,61,0.41496598639455784,0.2932692307692308,0.2932692307692308
scaling_dd_only,42,2,1,12,147,61,0,61,0.41496598639455784,0.2932692307692308,0.2932692307692308
scaling_dd_only,42,2,1,13,147,61,0,61,0.41496598639455784,0.2932692307692308,0.2932692307692308
scaling_dd_only,42,2,1,14,147,61,0,61,0.41496598639455784,0.2932692307692308,0.2932692307692308
scaling_dd_only,42,2,1,15,147,61,0,61,0.41496598639455784,0.2932692307692308,0.2932692307692308
scaling_dd_only,42,2,1,16,147,61,0,61,0.41496598639455784,0.2932692307692308,0.2932692307692308
scaling_dd_only,42,2,1,17,147,61,0,61,0.41496598639455784,0.2932692307692308,0.2932692307692308
scaling_dd_only,42,2,1,18,147,61,0,61,0.41496598639455784,0.2932692307692308,0.2932692307692308
scaling_dd_only,42,2,1,19,147,61,0,61,0.41496598639455784,0.2932692307692308,0.2932692307692308
scaling_dd_only,42,2,1,20,147,61,0,61,0.41496598639455784,0.2932692307692308,0.2932692307692308
scaling_dd_only,42,2,1,21,147,61,0,61,0.41496598639455784,0.2932692307692308,0.2932692307692308
scaling_dd_only,42,2,1,22,147,61,0,61,0.41496598639455784,0.2932692307692308,0.2932692307692308
scaling_dd_only,42,2,1,23,147,61,0,61,0.41496598639455784,0.2932692307692308,0.2932692307692308
scaling_dd_only,42,2,2,1,148,61,0,61,0.41216216216216217,0.291866028708134,0.291866028708134
scaling_dd_only,42,2,2,2,148,61,0,61,0.41216216216216217,0.291866028708134,0.291866028708134
scaling_dd_only,42,2,2,3,148,61,0,61,0.41216216216216217,0.291866028708134,0.291866028708134
scaling_dd_only,42,2,2,4,148,61,0,61,0.41216216216216217,0.291866028708134,0.291866028708134
scaling_dd_only,42,2,2,5,148,61,0,61,0.41216216216216217,0.291866028708134,0.291866028708134
scaling_dd_only,42,2,2,6,148,61,0,61,0.41216216216216217,0.291866028708134,0.291866028708134
scaling_dd_only,42,2,2,7,148,61,0,61,0.41216216216216217,0.291866028708134,0.291866028708134
scaling_dd_only,42,2,2,8,148,61,0,61,0.41216216216216217,0.291866028708134,0.291866028708134
scaling_dd_only,42,2,2,9,148,61,0,61,0.41216216216216217,0.291866028708134,0.291866028708134
scaling_dd_only,42,2,2,10,148,61,0,61,0.41216216216216217,0.291866028708134,0.291866028708134
scaling_dd_only,42,2,2,11,148,61,0,61,0.41216216216216217,0.291866028708134,0.291866028708134
scaling_dd_only,42,2,2,12,148,61,0,61,0.41216216216216217,0.291866028708134,0.291866028708134
scaling_dd_only,42,2,2,13,148,61,0,61,0.41216216216216217,0.291866028708134,0.291866028708134
scaling_dd_only,42,2,2,14,148,61,0,61,0.41216216216216217,0.291866028708134,0.291866028708134
scaling_dd_only,42,2,2,15,148,61,0,61,0.41216216216216217,0.291866028708134,0.291866028708134
scaling_dd_only,42,2,2,16,148,61,0,61,0.41216216216216217,0.291866028708134,0.291866028708134
scaling_dd_only,42,2,2,17,148,61,0,61,0.41216216216216217,0.291866028708134,0.291866028708134
scaling_dd_only,42,2,2,18,148,61,0,61,0.41216216216216217,0.291866028708134,0.291866028708134
scaling_dd_only,42,2,2,19,148,61,0,61,0.41216216216216217,0.291866028708134,0.291866028708134
scaling_dd_only,42,2,2,20,148,61,0,61,0.41216216216216217,0.291866028708134,0.291866028708134
scaling_dd_only,42,2,2,21,148,61,0,61,0.41216216216216217,0.291866028708134,0.291866028708134
scaling_dd_only,42,2,2,22,148,61,0,61,0.41216216216216217,0.291866028708134,0.291866028708134
scaling_dd_only,42,2,2,23,148,61,0,61,0.41216216216216217,0.291866028708134,0.291866028708134
scaling_dd_only,42,2,2,24,148,61,0,61,0.41216216216216217,0.291866028708134,0.291866028708134
scaling_dd_only,42,2,2,25,148,61,0,61,0.41216216216216217,0.291866028708134,0.291866028708134
scaling_dd_only,42,2,2,26,148,61,0,61,0.41216216216216217,0.291866028708134,0.291866028708134
scaling_dd_only,42,2,2,27,148,61,0,61,0.41216216216216217,0.291866028708134,0.291866028708134
scaling_dd_only,42,3,0,1,147,61,0,61,0.41496598639455784,0.2932692307692308,0.2932692307692308
scaling_dd_only,42,3,0,2,147,61,0,61,0.41496598639455784,0.2932692307692308,0.2932692307692308
scaling_dd_only,42,3,0,3,147,61,0,61,0.41496598639455784,0.2932692307692308,0.2932692307692308
scaling_dd_only,42,3,0,4,147,61,0,61,0.41496598639455784,0.2932692307692308,0.2932692307692308
scaling_dd_only,42,3,0,5,147,61,0,61,0.41496598639455784,0.2932692307692308,0.2932692307692308
scaling_dd_only,42,3,0,6,147,61,0,61,0.41496598639455784,0.2932692307692308,0.2932692307692308
scaling_dd_only,42,3,0,7,147,61,0,61,0.41496598639455784,0.2932692307692308,0.2932692307692308
scaling_dd_only,42,3,0,8,147,61,0,61,0.41496598639455784,0.2932692307692308,0.2932692307692308
scaling_dd_only,42,3,0,9,147,61,0,61,0.41496598639455784,0.2932692307692308,0.2932692307692308
scaling_dd_only,42,3,0,10,147,61,0,61,0.41496598639455784,0.2932692307692308,0.2932692307692308
scaling_dd_only,42,3,0,11,147,61,0,61,0.41496598639455784,0.2932692307692308,0.2932692307692308
scaling_dd_only,42,3,0,12,147,61,0,61,0.41496598639455784,0.2932692307692308,0.2932692307692308
scaling_dd_only,42,3,0,13,147,61,0,61,0.41496598639455784,0.2932692307692308,0.2932692307692308
scaling_dd_only,42,3,0,14,147,61,0,61,0.41496598639455784,0.2932692307692308,0.2932692307692308
scaling_dd_only,42,3,0,15,147,61,0,61,0.41496598639455784,0.2932692307692308,0.2932692307692308
scaling_dd_only,42,3,0,16,147,61,0,61,0.41496598639455784,0.2932692307692308,0.2932692307692308
scaling_dd_only,42,3,0,17,147,61,0,61,0.41496598639455784,0.2932692307692308,0.2932692307692308
scaling_dd_only,42,3,0,18,147,61,0,61,0.41496598639455784,0.2932692307692308,0.2932692307692308
scaling_dd_only,42,3,0,19,147,61,0,61,0.41496598639455784,0.2932692307692308,0.2932692307692308
scaling_dd_only,42,3,0,20,147,61,0,61,0.41496598639455784,0.2932692307692308,0.2932692307692308
scaling_dd_only,42,3,0,21,147,61,0,61,0.41496598639455784,0.2932692307692308,0.2932692307692308
scaling_dd_only,42,3,0,22,147,61,0,61,0.41496598639455784,0.2932692307692308,0.2932692307692308
scaling_dd_only,42,3,0,23,147,61,0,61,0.41496598639455784,0.2932692307692308,0.2932692307692308
scaling_dd_only,42,3,0,24,147,61,0,61,0.41496598639455784,0.2932692307692308,0.2932692307692308
scaling_dd_only,42,3,0,25,147,61,0,61,0.41496598639455784,0.2932692307692308,0.2932692307692308
scaling_dd_only,42,3,0,26,147,61,0,61,0.41496598639455784,0.2932692307692308,0.2932692307692308
scaling_dd_only,42,3,0,27,147,61,0,61,0.41496598639455784,0.2932692307692308,0.2932692307692308
scaling_dd_only,42,3,0,28,147,61,0,61,0.41496598639455784,0.2932692307692308,0.2932692307692308
scaling_dd_only,42,3,0,29,147,61,0,61,0.41496598639455784,0.2932692307692308,0.2932692307692308
scaling_dd_only,42,3,0,30,147,61,0,61,0.41496598639455784,0.2932692307692308,0.2932692307692308
scaling_dd_only,42,3,0,31,147,61,0,61,0.41496598639455784,0.2932692307692308,0.2932692307692308
scaling_dd_only,42,3,0,32,147,61,0,61,0.41496598639455784,0.2932692307692308,0.2932692307692308
scaling_dd_only,42,3,0,33,147,61,0,61,0.41496598639455784,0.2932692307692308,0.2932692307692308
scaling_dd_only,42,3,0,34,147,61,0,61,0.41496598639455784,0.2932692307692308,0.2932692307692308
scaling_dd_only,42,3,0,35,147,61,0,61,0.41496598639455784,0.2932692307692308,0.2932692307692308
scaling_dd_only,42,3,0,36,147,61,0,61,0.41496598639455784,0.2932692307692308,0.2932692307692308
scaling_dd_only,42,3,0,37,147,61,0,61,0.41496598639455784,0.2932692307692308,0.2932692307692308
scaling_dd_only,42,3,0,38,147,61,0,61,0.41496598639455784,0.2932692307692308,0.2932692307692308
scaling_dd_only,42,3,0,39,147,61,0,61,0.41496598639455784,0.2932692307692308,0.2932692307692308
scaling_dd_only,42,3,1,1,147,61,0,61,0.41496598639455784,0.2932692307692308,0.2932692307692308
scaling_dd_only,42,3,1,2,147,61,0,61,0.41496598639455784,0.2932692307692308,0.2932692307692308
scaling_dd_only,42,3,1,3,147,61,0,61,0.41496598639455784,0.2932692307692308,0.2932692307692308
scaling_dd_only,42,3,1,4,147,61,0,61,0.41496598639455784,0.2932692307692308,0.2932692307692308
scaling_dd_only,42,3,1,5,147,61,0,61,0.41496598639455784,0.2932692307692308,0.2932692307692308
scaling_dd_only,42,3,1,6,147,61,0,61,0.41496598639455784,0.2932692307692308,0.2932692307692308
scaling_dd_only,42,3,1,7,147,61,0,61,0.41496598639455784,0.2932692307692308,0.2932692307692308
scaling_dd_only,42,3,1,8,147,61,0,61,0.41496598639455784,0.2932692307692308,0.2932692307692308
scaling_dd_only,42,3,1,9,147,61,0,61,0.41496598639455784,0.2932692307692308,0.2932692307692308
scaling_dd_only,42,3,1,10,147,61,0,61,0.41496598639455784,0.2932692307692308,0.2932692307692308
scaling_dd_only,42,3,1,11,147,61,0,61,0.41496598639455784,0.2932692307692308,0.2932692307692308
scaling_dd_only,42,3,1,12,147,61,0,61,0.41496598639455784,0.2932692307692308,0.2932692307692308
scaling_dd_only,42,3,1,13,147,61,0,61,0.41496598639455784,0.2932692307692308,0.2932692307692308
scaling_dd_only,42,3,1,14,147,61,0,61,0.41496598639455784,0.2932692307692308,0.2932692307692308
scaling_dd_only,42,3,1,15,147,61,0,61,0.41496598639455784,0.2932692307692308,0.2932692307692308
scaling_dd_only,42,3,1,16,147,61,0,61,0.41496598639455784,0.2932692307692308,0.2932692307692308
scaling_dd_only,42,3,1,17,147,61,0,61,0.41496598639455784,0.2932692307692308,0.2932692307692308
scaling_dd_only,42,3,1,18,147,61,0,61,0.41496598639455784,0.2932692307692308,0.2932692307692308
scaling_dd_only,42,3,1,19,147,61,0,61,0.41496598639455784,0.2932692307692308,0.2932692307692308
scaling_dd_only,42,3,2,1,148,62,0,62,0.4189189189189189,0.29523809523809524,0.29523809523809524
scaling_dd_only,42,3,2,2,148,62,0,62,0.4189189189189189,0.29523809523809524,0.29523809523809524
scaling_dd_only,42,3,2,3,148,62,0,62,0.4189189189189189,0.29523809523809524,0.29523809523809524
scaling_dd_only,42,3,2,4,148,62,0,62,0.4189189189189189,0.29523809523809524,0.29523809523809524
scaling_dd_only,42,3,2,5,148,62,0,62,0.4189189189189189,0.29523809523809524,0.29523809523809524
scaling_dd_only,42,3,2,6,148,62,0,62,0.4189189189189189,0.29523809523809524,0.29523809523809524
scaling_dd_only,42,3,2,7,148,62,0,62,0.4189189189189189,0.29523809523809524,0.29523809523809524
scaling_dd_only,42,3,2,8,148,62,0,62,0.4189189189189189,0.29523809523809524,0.29523809523809524
scaling_dd_only,42,3,2,9,148,62,0,62,0.4189189189189189,0.29523809523809524,0.29523809523809524
scaling_dd_only,42,3,2,10,148,62,0,62,0.4189189189189189,0.29523809523809524,0.29523809523809524
scaling_dd_only,42,3,2,11,148,62,0,62,0.4189189189189189,0.29523809523809524,0.29523809523809524
scaling_dd_only,42,3,2,12,148,62,0,62,0.4189189189189189,0.29523809523809524,0.29523809523809524
scaling_dd_only,42,3,2,13,148,62,0,62,0.4189189189189189,0.29523809523809524,0.29523809523809524
scaling_dd_only,42,3,2,14,148,62,0,62,0.4189189189189189,0.29523809523809524,0.29523809523809524
scaling_dd_only,42,3,2,15,148,62,0,62,0.4189189189189189,0.29523809523809524,0.29523809523809524
scaling_dd_only,42,3,2,16,148,62,0,62,0.4189189189189189,0.29523809523809524,0.29523809523809524
scaling_dd_only,42,3,2,17,148,62,0,62,0.4189189189189189,0.29523809523809524,0.29523809523809524
scaling_dd_only,42,3,2,18,148,62,0,62,0.4189189189189189,0.29523809523809524,0.29523809523809524
scaling_dd_only,42,3,2,19,148,62,0,62,0.4189189189189189,0.29523809523809524,0.29523809523809524
scaling_dd_only,42,3,2,20,148,62,0,62,0.4189189189189189,0.29523809523809524,0.29523809523809524
scaling_dd_only,42,3,2,21,148,62,0,62,0.4189189189189189,0.29523809523809524,0.29523809523809524
scaling_dd_only,42,3,2,22,148,62,0,62,0.4189189189189189,0.29523809523809524,0.29523809523809524
scaling_dd_only,42,3,2,23,148,62,0,62,0.4189189189189189,0.29523809523809524,0.29523809523809524
scaling_dd_only,42,3,2,24,148,62,0,62,0.4189189189189189,0.29523809523809524,0.29523809523809524
scaling_dd_only,42,3,2,25,148,62,0,62,0.4189189189189189,0.29523809523809524,0.29523809523809524
scaling_dd_only,42,3,2,26,148,62,0,62,0.4189189189189189,0.29523809523809524,0.29523809523809524
scaling_dd_only,42,3,2,27,148,62,0,62,0.4189189189189189,0.29523809523809524,0.29523809523809524
scaling_dd_only,42,3,2,28,148,62,0,62,0.4189189189189189,0.29523809523809524,0.29523809523809524
scaling_dd_only,42,3,2,29,148,62,0,62,0.4189189189189189,0.29523809523809524,0.29523809523809524
scaling_dd_only,42,3,2,30,148,62,0,62,0.4189189189189189,0.29523809523809524,0.29523809523809524
scaling_dd_only,42,3,2,31,148,62,0,62,0.4189189189189189,0.29523809523809524,0.29523809523809524
scaling_dd_only,42,3,2,32,148,62,0,62,0.4189189189189189,0.29523809523809524,0.29523809523809524
scaling_dd_only,42,4,0,1,147,61,0,61,0.41496598639455784,0.2932692307692308,0.2932692307692308
scaling_dd_only,42,4,0,2,147,61,0,61,0.41496598639455784,0.2932692307692308,0.2932692307692308
scaling_dd_only,42,4,0,3,147,61,0,61,0.41496598639455784,0.2932692307692308,0.2932692307692308
scaling_dd_only,42,4,0,4,147,61,0,61,0.41496598639455784,0.2932692307692308,0.2932692307692308
scaling_dd_only,42,4,0,5,147,61,0,61,0.41496598639455784,0.2932692307692308,0.2932692307692308
scaling_dd_only,42,4,0,6,147,61,0,61,0.41496598639455784,0.2932692307692308,0.2932692307692308
scaling_dd_only,42,4,0,7,147,61,0,61,0.41496598639455784,0.2932692307692308,0.2932692307692308
scaling_dd_only,42,4,0,8,147,61,0,61,0.41496598639455784,0.2932692307692308,0.2932692307692308
scaling_dd_only,42,4,0,9,147,61,0,61,0.41496598639455784,0.2932692307692308,0.2932692307692308
scaling_dd_only,42,4,0,10,147,61,0,61,0.41496598639455784,0.2932692307692308,0.2932692307692308
scaling_dd_only,42,4,0,11,147,61,0,61,0.41496598639455784,0.2932692307692308,0.2932692307692308
scaling_dd_only,42,4,0,12,147,61,0,61,0.41496598639455784,0.2932692307692308,0.2932692307692308
scaling_dd_only,42,4,0,13,147,61,0,61,0.41496598639455784,0.2932692307692308,0.2932692307692308
scaling_dd_only,42,4,0,14,147,61,0,61,0.41496598639455784,0.2932692307692308,0.2932692307692308
scaling_dd_only,42,4,0,15,147,61,0,61,0.41496598639455784,0.2932692307692308,0.2932692307692308
scaling_dd_only,42,4,0,16,147,61,0,61,0.41496598639455784,0.2932692307692308,0.2932692307692308
scaling_dd_only,42,4,0,17,147,61,0,61,0.41496598639455784,0.2932692307692308,0.2932692307692308
scaling_dd_only,42,4,0,18,147,61,0,61,0.41496598639455784,0.2932692307692308,0.2932692307692308
scaling_dd_only,42,4,0,19,147,61,0,61,0.41496598639455784,0.2932692307692308,0.2932692307692308
scaling_dd_only,42,4,0,20,147,61,0,61,0.41496598639455784,0.2932692307692308,0.2932692307692308
scaling_dd_only,42,4,0,21,147,61,0,61,0.41496598639455784,0.2932692307692308,0.2932692307692308
scaling_dd_only,42,4,0,22,147,61,0,61,0.41496598639455784,0.2932692307692308,0.2932692307692308
scaling_dd_only,42,4,0,23,147,61,0,61,0.41496598639455784,0.2932692307692308,0.2932692307692308
scaling_dd_only,42,4,0,24,147,61,0,61,0.41496598639455784,0.2932692307692308,0.2932692307692308
scaling_dd_only,42,4,0,25,147,61,0,61,0.41496598639455784,0.2932692307692308,0.2932692307692308
scaling_dd_only,42,4,0,26,147,61,0,61,0.41496598639455784,0.2932692307692308,0.2932692307692308
scaling_dd_only,42,4,0,27,147,61,0,61,0.41496598639455784,0.2932692307692308,0.2932692307692308
scaling_dd_only,42,4,1,1,147,61,0,61,0.41496598639455784,0.2932692307692308,0.2932692307692308
scaling_dd_only,42,4,1,2,147,61,0,61,0.41496598639455784,0.2932692307692308,0.2932692307692308
scaling_dd_only,42,4,1,3,147,61,0,61,0.41496598639455784,0.2932692307692308,0.2932692307692308
scaling_dd_only,42,4,1,4,147,61,0,61,0.41496598639455784,0.2932692307692308,0.2932692307692308
scaling_dd_only,42,4,1,5,147,61,0,61,0.41496598639455784,0.2932692307692308,0.2932692307692308
scaling_dd_only,42,4,1,6,147,61,0,61,0.41496598639455784,0.2932692307692308,0.2932692307692308
scaling_dd_only,42,4,1,7,147,61,0,61,0.41496598639455784,0.2932692307692308,0.2932692307692308
scaling_dd_only,42,4,1,8,147,61,0,61,0.41496598639455784,0.2932692307692308,0.2932692307692308
scaling_dd_only,42,4,1,9,147,61,0,61,0.41496598639455784,0.2932692307692308,0.2932692307692308
scaling_dd_only,42,4,1,10,147,61,0,61,0.41496598639455784,0.2932692307692308,0.2932692307692308
scaling_dd_only,42,4,1,11,147,61,0,61,0.41496598639455784,0.2932692307692308,0.2932692307692308
scaling_dd_only,42,4,1,12,147,61,0,61,0.41496598639455784,0.2932692307692308,0.2932692307692308
scaling_dd_only,42,4,1,13,147,61,0,61,0.41496598639455784,0.2932692307692308,0.2932692307692308
scaling_dd_only,42,4,1,14,147,61,0,61,0.41496598639455784,0.2932692307692308,0.2932692307692308
scaling_dd_only,42,4,1,15,147,61,0,61,0.41496598639455784,0.2932692307692308,0.2932692307692308
scaling_dd_only,42,4,1,16,147,61,0,61,0.41496598639455784,0.2932692307692308,0.2932692307692308
scaling_dd_only,42,4,1,17,147,61,0,61,0.41496598639455784,0.2932692307692308,0.2932692307692308
scaling_dd_only,42,4,1,18,147,61,0,61,0.41496598639455784,0.2932692307692308,0.2932692307692308
scaling_dd_only,42,4,1,19,147,61,0,61,0.41496598639455784,0.2932692307692308,0.2932692307692308
scaling_dd_only,42,4,1,20,147,61,0,61,0.41496598639455784,0.2932692307692308,0.2932692307692308
scaling_dd_only,42,4,1,21,147,61,0,61,0.41496598639455784,0.2932692307692308,0.2932692307692308
scaling_dd_only,42,4,1,22,147,61,0,61,0.41496598639455784,0.2932692307692308,0.2932692307692308
scaling_dd_only,42,4,2,1,148,62,0,62,0.4189189189189189,0.29523809523809524,0.29523809523809524
scaling_dd_only,42,4,2,2,148,62,0,62,0.4189189189189189,0.29523809523809524,0.29523809523809524
scaling_dd_only,42,4,2,3,148,62,0,62,0.4189189189189189,0.29523809523809524,0.29523809523809524
scaling_dd_only,42,4,2,4,148,62,0,62,0.4189189189189189,0.29523809523809524,0.29523809523809524
scaling_dd_only,42,4,2,5,148,62,0,62,0.4189189189189189,0.29523809523809524,0.29523809523809524
scaling_dd_only,42,4,2,6,148,62,0,62,0.4189189189189189,0.29523809523809524,0.29523809523809524
scaling_dd_only,42,4,2,7,148,62,0,62,0.4189189189189189,0.29523809523809524,0.29523809523809524
scaling_dd_only,42,4,2,8,148,62,0,62,0.4189189189189189,0.29523809523809524,0.29523809523809524
scaling_dd_only,42,4,2,9,148,62,0,62,0.4189189189189189,0.29523809523809524,0.29523809523809524
scaling_dd_only,42,4,2,10,148,62,0,62,0.4189189189189189,0.29523809523809524,0.29523809523809524
scaling_dd_only,42,4,2,11,148,62,0,62,0.4189189189189189,0.29523809523809524,0.29523809523809524
scaling_dd_only,42,4,2,12,148,62,0,62,0.4189189189189189,0.29523809523809524,0.29523809523809524
scaling_dd_only,42,4,2,13,148,62,0,62,0.4189189189189189,0.29523809523809524,0.29523809523809524
scaling_dd_only,42,4,2,14,148,62,0,62,0.4189189189189189,0.29523809523809524,0.29523809523809524
scaling_dd_only,42,4,2,15,148,62,0,62,0.4189189189189189,0.29523809523809524,0.29523809523809524
scaling_dd_only,42,4,2,16,148,62,0,62,0.4189189189189189,0.29523809523809524,0.29523809523809524
scaling_dd_only,42,4,2,17,148,62,0,62,0.4189189189189189,0.29523809523809524,0.29523809523809524
scaling_dd_only,42,4,2,18,148,62,0,62,0.4189189189189189,0.29523809523809524,0.29523809523809524
scaling_dd_only,42,4,2,19,148,62,0,62,0.4189189189189189,0.29523809523809524,0.29523809523809524
scaling_dd_only,42,4,2,20,148,62,0,62,0.4189189189189189,0.29523809523809524,0.29523809523809524
scaling_dd_only,42,4,2,21,148,62,0,62,0.4189189189189189,0.29523809523809524,0.29523809523809524
scaling_dd_only,42,4,2,22,148,62,0,62,0.4189189189189189,0.29523809523809524,0.29523809523809524
scaling_dd_only,42,4,2,23,148,62,0,62,0.4189189189189189,0.29523809523809524,0.29523809523809524
scaling_dd_only,42,4,2,24,148,62,0,62,0.4189189189189189,0.29523809523809524,0.29523809523809524
scaling_dd_only,42,4,2,25,148,62,0,62,0.4189189189189189,0.29523809523809524,0.29523809523809524
scaling_dd_only,42,4,2,26,148,62,0,62,0.4189189189189189,0.29523809523809524,0.29523809523809524
scaling_dd_only,42,4,2,27,148,62,0,62,0.4189189189189189,0.29523809523809524,0.29523809523809524
scaling_dd_only,42,4,2,28,148,62,0,62,0.4189189189189189,0.29523809523809524,0.29523809523809524
scaling_dd_only,42,4,2,29,148,62,0,62,0.4189189189189189,0.29523809523809524,0.29523809523809524
scaling_dd_only,42,4,2,30,148,62,0,62,0.4189189189189189,0.29523809523809524,0.29523809523809524
scaling_dd_only,42,4,2,31,148,62,0,62,0.4189189189189189,0.29523809523809524,0.29523809523809524
scaling_dd_only,42,4,2,32,148,62,0,62,0.4189189189189189,0.29523809523809524,0.29523809523809524
scaling_dd_only,42,4,2,33,148,62,0,62,0.4189189189189189,0.29523809523809524,0.29523809523809524
scaling_dd_only,43,0,0,1,146,59,0,59,0.4041095890410959,0.28780487804878047,0.28780487804878047
scaling_dd_only,43,0,0,2,146,59,0,59,0.4041095890410959,0.28780487804878047,0.28780487804878047
scaling_dd_only,43,0,0,3,146,59,0,59,0.4041095890410959,0.28780487804878047,0.28780487804878047
scaling_dd_only,43,0,0,4,146,59,0,59,0.4041095890410959,0.28780487804878047,0.28780487804878047
scaling_dd_only,43,0,0,5,146,59,0,59,0.4041095890410959,0.28780487804878047,0.28780487804878047
scaling_dd_only,43,0,0,6,146,59,0,59,0.4041095890410959,0.28780487804878047,0.28780487804878047
scaling_dd_only,43,0,0,7,146,59,0,59,0.4041095890410959,0.28780487804878047,0.28780487804878047
scaling_dd_only,43,0,0,8,146,59,0,59,0.4041095890410959,0.28780487804878047,0.28780487804878047
scaling_dd_only,43,0,0,9,146,59,0,59,0.4041095890410959,0.28780487804878047,0.28780487804878047
scaling_dd_only,43,0,0,10,146,59,0,59,0.4041095890410959,0.28780487804878047,0.28780487804878047
scaling_dd_only,43,0,0,11,146,59,0,59,0.4041095890410959,0.28780487804878047,0.28780487804878047
scaling_dd_only,43,0,0,12,146,59,0,59,0.4041095890410959,0.28780487804878047,0.28780487804878047
scaling_dd_only,43,0,0,13,146,59,0,59,0.4041095890410959,0.28780487804878047,0.28780487804878047
scaling_dd_only,43,0,0,14,146,59,0,59,0.4041095890410959,0.28780487804878047,0.28780487804878047
scaling_dd_only,43,0,0,15,146,59,0,59,0.4041095890410959,0.28780487804878047,0.28780487804878047
scaling_dd_only,43,0,0,16,146,59,0,59,0.4041095890410959,0.28780487804878047,0.28780487804878047
scaling_dd_only,43,0,0,17,146,59,0,59,0.4041095890410959,0.28780487804878047,0.28780487804878047
scaling_dd_only,43,0,0,18,146,59,0,59,0.4041095890410959,0.28780487804878047,0.28780487804878047
scaling_dd_only,43,0,0,19,146,59,0,59,0.4041095890410959,0.28780487804878047,0.28780487804878047
scaling_dd_only,43,0,0,20,146,59,0,59,0.4041095890410959,0.28780487804878047,0.28780487804878047
scaling_dd_only,43,0,0,21,146,59,0,59,0.4041095890410959,0.28780487804878047,0.28780487804878047
scaling_dd_only,43,0,0,22,146,59,0,59,0.4041095890410959,0.28780487804878047,0.28780487804878047
scaling_dd_only,43,0,0,23,146,59,0,59,0.4041095890410959,0.28780487804878047,0.28780487804878047
scaling_dd_only,43,0,1,1,147,60,0,60,0.40816326530612246,0.2898550724637681,0.2898550724637681
scaling_dd_only,43,0,1,2,147,60,0,60,0.40816326530612246,0.2898550724637681,0.2898550724637681
scaling_dd_only,43,0,1,3,147,60,0,60,0.40816326530612246,0.2898550724637681,0.2898550724637681
scaling_dd_only,43,0,1,4,147,60,0,60,0.40816326530612246,0.2898550724637681,0.2898550724637681
scaling_dd_only,43,0,1,5,147,60,0,60,0.40816326530612246,0.2898550724637681,0.2898550724637681
scaling_dd_only,43,0,1,6,147,60,0,60,0.40816326530612246,0.2898550724637681,0.2898550724637681
scaling_dd_only,43,0,1,7,147,60,0,60,0.40816326530612246,0.2898550724637681,0.2898550724637681
scaling_dd_only,43,0,1,8,147,60,0,60,0.40816326530612246,0.2898550724637681,0.2898550724637681
scaling_dd_only,43,0,1,9,147,60,0,60,0.40816326530612246,0.2898550724637681,0.2898550724637681
scaling_dd_only,43,0,1,10,147,60,0,60,0.40816326530612246,0.2898550724637681,0.2898550724637681
scaling_dd_only,43,0,1,11,147,60,0,60,0.40816326530612246,0.2898550724637681,0.2898550724637681
scaling_dd_only,43,0,1,12,147,60,0,60,0.40816326530612246,0.2898550724637681,0.2898550724637681
scaling_dd_only,43,0,1,13,147,60,0,60,0.40816326530612246,0.2898550724637681,0.2898550724637681
scaling_dd_only,43,0,1,14,147,60,0,60,0.40816326530612246,0.2898550724637681,0.2898550724637681
scaling_dd_only,43,0,1,15,147,60,0,60,0.40816326530612246,0.2898550724637681,0.2898550724637681
scaling_dd_only,43,0,1,16,147,60,0,60,0.40816326530612246,0.2898550724637681,0.2898550724637681
scaling_dd_only,43,0,1,17,147,60,0,60,0.40816326530612246,0.2898550724637681,0.2898550724637681
scaling_dd_only,43,0,1,18,147,60,0,60,0.40816326530612246,0.2898550724637681,0.2898550724637681
scaling_dd_only,43,0,1,19,147,60,0,60,0.40816326530612246,0.2898550724637681,0.2898550724637681
scaling_dd_only,43,0,1,20,147,60,0,60,0.40816326530612246,0.2898550724637681,0.2898550724637681
scaling_dd_only,43,0,1,21,147,60,0,60,0.40816326530612246,0.2898550724637681,0.2898550724637681
scaling_dd_only,43,0,1,22,147,60,0,60,0.40816326530612246,0.2898550724637681,0.2898550724637681
scaling_dd_only,43,0,1,23,147,60,0,60,0.40816326530612246,0.2898550724637681,0.2898550724637681
scaling_dd_only,43,0,1,24,147,60,0,60,0.40816326530612246,0.2898550724637681,0.2898550724637681
scaling_dd_only,43,0,1,25,147,60,0,60,0.40816326530612246,0.2898550724637681,0.2898550724637681
scaling_dd_only,43,0,1,26,147,60,0,60,0.40816326530612246,0.2898550724637681,0.2898550724637681
scaling_dd_only,43,0,1,27,147,60,0,60,0.40816326530612246,0.2898550724637681,0.2898550724637681
scaling_dd_only,43,0,2,1,147,61,0,61,0.41496598639455784,0.2932692307692308,0.2932692307692308
scaling_dd_only,43,0,2,2,147,61,0,61,0.41496598639455784,0.2932692307692308,0.2932692307692308
scaling_dd_only,43,0,2,3,147,61,0,61,0.41496598639455784,0.2932692307692308,0.2932692307692308
scaling_dd_only,43,0,2,4,147,61,0,61,0.41496598639455784,0.2932692307692308,0.2932692307692308
scaling_dd_only,43,0,2,5,147,61,0,61,0.41496598639455784,0.2932692307692308,0.2932692307692308
scaling_dd_only,43,0,2,6,147,61,0,61,0.41496598639455784,0.2932692307692308,0.2932692307692308
scaling_dd_only,43,0,2,7,147,61,0,61,0.41496598639455784,0.2932692307692308,0.2932692307692308
scaling_dd_only,43,0,2,8,147,61,0,61,0.41496598639455784,0.2932692307692308,0.2932692307692308
scaling_dd_only,43,0,2,9,147,61,0,61,0.41496598639455784,0.2932692307692308,0.2932692307692308
scaling_dd_only,43,0,2,10,147,61,0,61,0.41496598639455784,0.2932692307692308,0.2932692307692308
scaling_dd_only,43,0,2,11,147,61,0,61,0.41496598639455784,0.2932692307692308,0.2932692307692308
scaling_dd_only,43,0,2,12,147,61,0,61,0.41496598639455784,0.2932692307692308,0.2932692307692308
scaling_dd_only,43,0,2,13,147,61,0,61,0.41496598639455784,0.2932692307692308,0.2932692307692308
scaling_dd_only,43,0,2,14,147,61,0,61,0.41496598639455784,0.2932692307692308,0.2932692307692308
scaling_dd_only,43,0,2,15,147,61,0,61,0.41496598639455784,0.2932692307692308,0.2932692307692308
scaling_dd_only,43,0,2,16,147,61,0,61,0.41496598639455784,0.2932692307692308,0.2932692307692308
scaling_dd_only,43,0,2,17,147,61,0,61,0.41496598639455784,0.2932692307692308,0.2932692307692308
scaling_dd_only,43,0,2,18,147,61,0,61,0.41496598639455784,0.2932692307692308,0.2932692307692308
scaling_dd_only,43,0,2,19,147,61,0,61,0.41496598639455784,0.2932692307692308,0.2932692307692308
scaling_dd_only,43,0,2,20,147,61,0,61,0.41496598639455784,0.2932692307692308,0.2932692307692308
scaling_dd_only,43,1,0,1,147,60,0,60,0.40816326530612246,0.2898550724637681,0.2898550724637681
scaling_dd_only,43,1,0,2,147,60,0,60,0.40816326530612246,0.2898550724637681,0.2898550724637681
scaling_dd_only,43,1,0,3,147,60,0,60,0.40816326530612246,0.2898550724637681,0.2898550724637681
scaling_dd_only,43,1,0,4,147,60,0,60,0.40816326530612246,0.2898550724637681,0.2898550724637681
scaling_dd_only,43,1,0,5,147,60,0,60,0.40816326530612246,0.2898550724637681,0.2898550724637681
scaling_dd_only,43,1,0,6,147,60,0,60,0.40816326530612246,0.2898550724637681,0.2898550724637681
scaling_dd_only,43,1,0,7,147,60,0,60,0.40816326530612246,0.2898550724637681,0.2898550724637681
scaling_dd_only,43,1,0,8,147,60,0,60,0.40816326530612246,0.2898550724637681,0.2898550724637681
scaling_dd_only,43,1,0,9,147,60,0,60,0.40816326530612246,0.2898550724637681,0.2898550724637681
scaling_dd_only,43,1,0,10,147,60,0,60,0.40816326530612246,0.2898550724637681,0.2898550724637681
scaling_dd_only,43,1,0,11,147,60,0,60,0.40816326530612246,0.2898550724637681,0.2898550724637681
scaling_dd_only,43,1,0,12,147,60,0,60,0.40816326530612246,0.2898550724637681,0.2898550724637681
scaling_dd_only,43,1,0,13,147,60,0,60,0.40816326530612246,0.2898550724637681,0.2898550724637681
scaling_dd_only,43,1,0,14,147,60,0,60,0.40816326530612246,0.2898550724637681,0.2898550724637681
scaling_dd_only,43,1,0,15,147,60,0,60,0.40816326530612246,0.2898550724637681,0.2898550724637681
scaling_dd_only,43,1,0,16,147,60,0,60,0.40816326530612246,0.2898550724637681,0.2898550724637681
scaling_dd_only,43,1,0,17,147,60,0,60,0.40816326530612246,0.2898550724637681,0.2898550724637681
scaling_dd_only,43,1,0,18,147,60,0,60,0.40816326530612246,0.2898550724637681,0.2898550724637681
scaling_dd_only,43,1,0,19,147,60,0,60,0.40816326530612246,0.2898550724637681,0.2898550724637681
scaling_dd_only,43,1,0,20,147,60,0,60,0.40816326530612246,0.2898550724637681,0.2898550724637681
scaling_dd_only,43,1,0,21,147,60,0,60,0.40816326530612246,0.2898550724637681,0.2898550724637681
scaling_dd_only,43,1,0,22,147,60,0,60,0.40816326530612246,0.2898550724637681,0.2898550724637681
scaling_dd_only,43,1,0,23,147,60,0,60,0.40816326530612246,0.2898550724637681,0.2898550724637681
scaling_dd_only,43,1,0,24,147,60,0,60,0.40816326530612246,0.2898550724637681,0.2898550724637681
scaling_dd_only,43,1,1,1,147,61,0,61,0.41496598639455784,0.2932692307692308,0.2932692307692308
scaling_dd_only,43,1,1,2,147,61,0,61,0.41496598639455784,0.2932692307692308,0.2932692307692308
scaling_dd_only,43,1,1,3,147,61,0,61,0.41496598639455784,0.2932692307692308,0.2932692307692308
scaling_dd_only,43,1,1,4,147,61,0,61,0.41496598639455784,0.2932692307692308,0.2932692307692308
scaling_dd_only,43,1,1,5,147,61,0,61,0.41496598639455784,0.2932692307692308,0.2932692307692308
scaling_dd_only,43,1,1,6,147,61,0,61,0.41496598639455784,0.2932692307692308,0.2932692307692308
scaling_dd_only,43,1,1,7,147,61,0,61,0.41496598639455784,0.2932692307692308,0.2932692307692308
scaling_dd_only,43,1,1,8,147,61,0,61,0.41496598639455784,0.2932692307692308,0.2932692307692308
scaling_dd_only,43,1,1,9,147,61,0,61,0.41496598639455784,0.2932692307692308,0.2932692307692308
scaling_dd_only,43,1,1,10,147,61,0,61,0.41496598639455784,0.2932692307692308,0.2932692307692308
scaling_dd_only,43,1,1,11,147,61,0,61,0.41496598639455784,0.2932692307692308,0.2932692307692308
scaling_dd_only,43,1,1,12,147,61,0,61,0.41496598639455784,0.2932692307692308,0.2932692307692308
scaling_dd_only,43,1,1,13,147,61,0,61,0.41496598639455784,0.2932692307692308,0.2932692307692308
scaling_dd_only,43,1,1,14,147,61,0,61,0.41496598639455784,0.2932692307692308,0.2932692307692308
scaling_dd_only,43,1,1,15,147,61,0,61,0.41496598639455784,0.2932692307692308,0.2932692307692308
scaling_dd_only,43,1,1,16,147,61,0,61,0.41496598639455784,0.2932692307692308,0.2932692307692308
scaling_dd_only,43,1,1,17,147,61,0,61,0.41496598639455784,0.2932692307692308,0.2932692307692308
scaling_dd_only,43,1,1,18,147,61,0,61,0.41496598639455784,0.2932692307692308,0.2932692307692308
scaling_dd_only,43,1,1,19,147,61,0,61,0.41496598639455784,0.2932692307692308,0.2932692307692308
scaling_dd_only,43,1,1,20,147,61,0,61,0.41496598639455784,0.2932692307692308,0.2932692307692308
scaling_dd_only,43,1,1,21,147,61,0,61,0.41496598639455784,0.2932692307692308,0.2932692307692308
scaling_dd_only,43,1,1,22,147,61,0,61,0.41496598639455784,0.2932692307692308,0.2932692307692308
scaling_dd_only,43,1,1,23,147,61,0,61,0.41496598639455784,0.2932692307692308,0.2932692307692308
scaling_dd_only,43,1,2,1,148,61,0,61,0.41216216216216217,0.291866028708134,0.291866028708134
scaling_dd_only,43,1,2,2,148,61,0,61,0.41216216216216217,0.291866028708134,0.291866028708134
scaling_dd_only,43,1,2,3,148,61,0,61,0.41216216216216217,0.291866028708134,0.291866028708134
scaling_dd_only,43,1,2,4,148,61,0,61,0.41216216216216217,0.291866028708134,0.291866028708134
scaling_dd_only,43,1,2,5,148,61,0,61,0.41216216216216217,0.291866028708134,0.291866028708134
scaling_dd_only,43,1,2,6,148,61,0,61,0.41216216216216217,0.291866028708134,0.291866028708134
scaling_dd_only,43,1,2,7,148,61,0,61,0.41216216216216217,0.291866028708134,0.291866028708134
scaling_dd_only,43,1,2,8,148,61,0,61,0.41216216216216217,0.291866028708134,0.291866028708134
scaling_dd_only,43,1,2,9,148,61,0,61,0.41216216216216217,0.291866028708134,0.291866028708134
scaling_dd_only,43,1,2,10,148,61,0,61,0.41216216216216217,0.291866028708134,0.291866028708134
scaling_dd_only,43,1,2,11,148,61,0,61,0.41216216216216217,0.291866028708134,0.291866028708134
scaling_dd_only,43,1,2,12,148,61,0,61,0.41216216216216217,0.291866028708134,0.291866028708134
scaling_dd_only,43,1,2,13,148,61,0,61,0.41216216216216217,0.291866028708134,0.291866028708134
scaling_dd_only,43,1,2,14,148,61,0,61,0.41216216216216217,0.291866028708134,0.291866028708134
scaling_dd_only,43,1,2,15,148,61,0,61,0.41216216216216217,0.291866028708134,0.291866028708134
scaling_dd_only,43,1,2,16,148,61,0,61,0.41216216216216217,0.291866028708134,0.291866028708134
scaling_dd_only,43,1,2,17,148,61,0,61,0.41216216216216217,0.291866028708134,0.291866028708134
scaling_dd_only,43,1,2,18,148,61,0,61,0.41216216216216217,0.291866028708134,0.291866028708134
scaling_dd_only,43,1,2,19,148,61,0,61,0.41216216216216217,0.291866028708134,0.291866028708134
scaling_dd_only,43,1,2,20,148,61,0,61,0.41216216216216217,0.291866028708134,0.291866028708134
scaling_dd_only,43,1,2,21,148,61,0,61,0.41216216216216217,0.291866028708134,0.291866028708134
scaling_dd_only,43,2,0,1,147,60,0,60,0.40816326530612246,0.2898550724637681,0.2898550724637681
scaling_dd_only,43,2,0,2,147,60,0,60,0.40816326530612246,0.2898550724637681,0.2898550724637681
scaling_dd_only,43,2,0,3,147,60,0,60,0.40816326530612246,0.2898550724637681,0.2898550724637681
scaling_dd_only,43,2,0,4,147,60,0,60,0.40816326530612246,0.2898550724637681,0.2898550724637681
scaling_dd_only,43,2,0,5,147,60,0,60,0.40816326530612246,0.2898550724637681,0.2898550724637681
scaling_dd_only,43,2,0,6,147,60,0,60,0.40816326530612246,0.2898550724637681,0.2898550724637681
scaling_dd_only,43,2,0,7,147,60,0,60,0.40816326530612246,0.2898550724637681,0.2898550724637681
scaling_dd_only,43,2,0,8,147,60,0,60,0.40816326530612246,0.2898550724637681,0.2898550724637681
scaling_dd_only,43,2,0,9,147,60,0,60,0.40816326530612246,0.2898550724637681,0.2898550724637681
scaling_dd_only,43,2,0,10,147,60,0,60,0.40816326530612246,0.2898550724637681,0.2898550724637681
scaling_dd_only,43,2,0,11,147,60,0,60,0.40816326530612246,0.2898550724637681,0.2898550724637681
scaling_dd_only,43,2,0,12,147,60,0,60,0.40816326530612246,0.2898550724637681,0.2898550724637681
scaling_dd_only,43,2,0,13,147,60,0,60,0.40816326530612246,0.2898550724637681,0.2898550724637681
scaling_dd_only,43,2,0,14,147,60,0,60,0.40816326530612246,0.2898550724637681,0.2898550724637681
scaling_dd_only,43,2,0,15,147,60,0,60,0.40816326530612246,0.2898550724637681,0.2898550724637681
scaling_dd_only,43,2,0,16,147,60,0,60,0.40816326530612246,0.2898550724637681,0.2898550724637681
scaling_dd_only,43,2,0,17,147,60,0,60,0.40816326530612246,0.2898550724637681,0.2898550724637681
scaling_dd_only,43,2,0,18,147,60,0,60,0.40816326530612246,0.2898550724637681,0.2898550724637681
scaling_dd_only,43,2,0,19,147,60,0,60,0.40816326530612246,0.2898550724637681,0.2898550724637681
scaling_dd_only,43,2,0,20,147,60,0,60,0.40816326530612246,0.2898550724637681,0.2898550724637681
scaling_dd_only,43,2,0,21,147,60,0,60,0.40816326530612246,0.2898550724637681,0.2898550724637681
scaling_dd_only,43,2,0,22,147,60,0,60,0.40816326530612246,0.2898550724637681,0.2898550724637681
scaling_dd_only,43,2,0,23,147,60,0,60,0.40816326530612246,0.2898550724637681,0.2898550724637681
scaling_dd_only,43,2,0,24,147,60,0,60,0.40816326530612246,0.2898550724637681,0.2898550724637681
scaling_dd_only,43,2,0,25,147,60,0,60,0.40816326530612246,0.2898550724637681,0.2898550724637681
scaling_dd_only,43,2,0,26,147,60,0,60,0.40816326530612246,0.2898550724637681,0.2898550724637681
scaling_dd_only,43,2,1,1,147,61,0,61,0.41496598639455784,0.2932692307692308,0.2932692307692308
scaling_dd_only,43,2,1,2,147,61,0,61,0.41496598639455784,0.2932692307692308,0.2932692307692308
scaling_dd_only,43,2,1,3,147,61,0,61,0.41496598639455784,0.2932692307692308,0.2932692307692308
scaling_dd_only,43,2,1,4,147,61,0,61,0.41496598639455784,0.2932692307692308,0.2932692307692308
scaling_dd_only,43,2,1,5,147,61,0,61,0.41496598639455784,0.2932692307692308,0.2932692307692308
scaling_dd_only,43,2,1,6,147,61,0,61,0.41496598639455784,0.2932692307692308,0.2932692307692308
scaling_dd_only,43,2,1,7,147,61,0,61,0.41496598639455784,0.2932692307692308,0.2932692307692308
scaling_dd_only,43,2,1,8,147,61,0,61,0.41496598639455784,0.2932692307692308,0.2932692307692308
scaling_dd_only,43,2,1,9,147,61,0,61,0.41496598639455784,0.2932692307692308,0.2932692307692308
scaling_dd_only,43,2,1,10,147,61,0,61,0.41496598639455784,0.2932692307692308,0.2932692307692308
scaling_dd_only,43,2,1,11,147,61,0,61,0.41496598639455784,0.2932692307692308,0.2932692307692308
scaling_dd_only,43,2,1,12,147,61,0,61,0.41496598639455784,0.2932692307692308,0.2932692307692308
scaling_dd_only,43,2,1,13,147,61,0,61,0.41496598639455784,0.2932692307692308,0.2932692307692308
scaling_dd_only,43,2,1,14,147,61,0,61,0.41496598639455784,0.2932692307692308,0.2932692307692308
scaling_dd_only,43,2,1,15,147,61,0,61,0.41496598639455784,0.2932692307692308,0.2932692307692308
scaling_dd_only,43,2,1,16,147,61,0,61,0.41496598639455784,0.2932692307692308,0.2932692307692308
scaling_dd_only,43,2,1,17,147,61,0,61,0.41496598639455784,0.2932692307692308,0.2932692307692308
scaling_dd_only,43,2,1,18,147,61,0,61,0.41496598639455784,0.2932692307692308,0.2932692307692308
scaling_dd_only,43,2,1,19,147,61,0,61,0.41496598639455784,0.2932692307692308,0.2932692307692308
scaling_dd_only,43,2,1,20,147,61,0,61,0.41496598639455784,0.2932692307692308,0.2932692307692308
scaling_dd_only,43,2,1,21,147,61,0,61,0.41496598639455784,0.2932692307692308,0.2932692307692308
scaling_dd_only,43,2,2,1,148,61,0,61,0.41216216216216217,0.291866028708134,0.291866028708134
scaling_dd_only,43,2,2,2,148,61,0,61,0.41216216216216217,0.291866028708134,0.291866028708134
scaling_dd_only,43,2,2,3,148,61,0,61,0.41216216216216217,0.291866028708134,0.291866028708134
scaling_dd_only,43,2,2,4,148,61,0,61,0.41216216216216217,0.291866028708134,0.291866028708134
scaling_dd_only,43,2,2,5,148,61,0,61,0.41216216216216217,0.291866028708134,0.291866028708134
scaling_dd_only,43,2,2,6,148,61,0,61,0.41216216216216217,0.291866028708134,0.291866028708134
scaling_dd_only,43,2,2,7,148,61,0,61,0.41216216216216217,0.291866028708134,0.291866028708134
scaling_dd_only,43,2,2,8,148,61,0,61,0.41216216216216217,0.291866028708134,0.291866028708134
scaling_dd_only,43,2,2,9,148,61,0,61,0.41216216216216217,0.291866028708134,0.291866028708134
scaling_dd_only,43,2,2,10,148,61,0,61,0.41216216216216217,0.291866028708134,0.291866028708134
scaling_dd_only,43,2,2,11,148,61,0,61,0.41216216216216217,0.291866028708134,0.291866028708134
scaling_dd_only,43,2,2,12,148,61,0,61,0.41216216216216217,0.291866028708134,0.291866028708134
scaling_dd_only,43,2,2,13,148,61,0,61,0.41216216216216217,0.291866028708134,0.291866028708134
scaling_dd_only,43,2,2,14,148,61,0,61,0.41216216216216217,0.291866028708134,0.291866028708134
scaling_dd_only,43,2,2,15,148,61,0,61,0.41216216216216217,0.291866028708134,0.291866028708134
scaling_dd_only,43,2,2,16,148,61,0,61,0.41216216216216217,0.291866028708134,0.291866028708134
scaling_dd_only,43,2,2,17,148,61,0,61,0.41216216216216217,0.291866028708134,0.291866028708134
scaling_dd_only,43,2,2,18,148,61,0,61,0.41216216216216217,0.291866028708134,0.291866028708134
scaling_dd_only,43,2,2,19,148,61,0,61,0.41216216216216217,0.291866028708134,0.291866028708134
scaling_dd_only,43,3,0,1,147,61,0,61,0.41496598639455784,0.2932692307692308,0.2932692307692308
scaling_dd_only,43,3,0,2,147,61,0,61,0.41496598639455784,0.2932692307692308,0.2932692307692308
scaling_dd_only,43,3,0,3,147,61,0,61,0.41496598639455784,0.2932692307692308,0.2932692307692308
scaling_dd_only,43,3,0,4,147,61,0,61,0.41496598639455784,0.2932692307692308,0.2932692307692308
scaling_dd_only,43,3,0,5,147,61,0,61,0.41496598639455784,0.2932692307692308,0.2932692307692308
scaling_dd_only,43,3,0,6,147,61,0,61,0.41496598639455784,0.2932692307692308,0.2932692307692308
scaling_dd_only,43,3,0,7,147,61,0,61,0.41496598639455784,0.2932692307692308,0.2932692307692308
scaling_dd_only,43,3,0,8,147,61,0,61,0.41496598639455784,0.2932692307692308,0.2932692307692308
scaling_dd_only,43,3,0,9,147,61,0,61,0.41496598639455784,0.2932692307692308,0.2932692307692308
scaling_dd_only,43,3,0,10,147,61,0,61,0.41496598639455784,0.2932692307692308,0.2932692307692308
scaling_dd_only,43,3,0,11,147,61,0,61,0.41496598639455784,0.2932692307692308,0.2932692307692308
scaling_dd_only,43,3,0,12,147,61,0,61,0.41496598639455784,0.2932692307692308,0.2932692307692308
scaling_dd_only,43,3,0,13,147,61,0,61,0.41496598639455784,0.2932692307692308,0.2932692307692308
scaling_dd_only,43,3,0,14,147,61,0,61,0.41496598639455784,0.2932692307692308,0.2932692307692308
scaling_dd_only,43,3,0,15,147,61,0,61,0.41496598639455784,0.2932692307692308,0.2932692307692308
scaling_dd_only,43,3,0,16,147,61,0,61,0.41496598639455784,0.2932692307692308,0.2932692307692308
scaling_dd_only,43,3,0,17,147,61,0,61,0.41496598639455784,0.2932692307692308,0.2932692307692308
scaling_dd_only,43,3,0,18,147,61,0,61,0.41496598639455784,0.2932692307692308,0.2932692307692308
scaling_dd_only,43,3,0,19,147,61,0,61,0.41496598639455784,0.2932692307692308,0.2932692307692308
scaling_dd_only,43,3,0,20,147,61,0,61,0.41496598639455784,0.2932692307692308,0.2932692307692308
scaling_dd_only,43,3,0,21,147,61,0,61,0.41496598639455784,0.2932692307692308,0.2932692307692308
scaling_dd_only,43,3,0,22,147,61,0,61,0.41496598639455784,0.2932692307692308,0.2932692307692308
scaling_dd_only,43,3,0,23,147,61,0,61,0.41496598639455784,0.2932692307692308,0.2932692307692308
scaling_dd_only,43,3,1,1,147,61,0,61,0.41496598639455784,0.2932692307692308,0.2932692307692308
scaling_dd_only,43,3,1,2,147,61,0,61,0.41496598639455784,0.2932692307692308,0.2932692307692308
scaling_dd_only,43,3,1,3,147,61,0,61,0.41496598639455784,0.2932692307692308,0.2932692307692308
scaling_dd_only,43,3,1,4,147,61,0,61,0.41496598639455784,0.2932692307692308,0.2932692307692308
scaling_dd_only,43,3,1,5,147,61,0,61,0.41496598639455784,0.2932692307692308,0.2932692307692308
scaling_dd_only,43,3,1,6,147,61,0,61,0.41496598639455784,0.2932692307692308,0.2932692307692308
scaling_dd_only,43,3,1,7,147,61,0,61,0.41496598639455784,0.2932692307692308,0.2932692307692308
scaling_dd_only,43,3,1,8,147,61,0,61,0.41496598639455784,0.2932692307692308,0.2932692307692308
scaling_dd_only,43,3,1,9,147,61,0,61,0.41496598639455784,0.2932692307692308,0.2932692307692308
scaling_dd_only,43,3,1,10,147,61,0,61,0.41496598639455784,0.2932692307692308,0.2932692307692308
scaling_dd_only,43,3,1,11,147,61,0,61,0.41496598639455784,0.2932692307692308,0.2932692307692308
scaling_dd_only,43,3,1,12,147,61,0,61,0.41496598639455784,0.2932692307692308,0.2932692307692308
scaling_dd_only,43,3,1,13,147,61,0,61,0.41496598639455784,0.2932692307692308,0.2932692307692308
scaling_dd_only,43,3,1,14,147,61,0,61,0.41496598639455784,0.2932692307692308,0.2932692307692308
scaling_dd_only,43,3,1,15,147,61,0,61,0.41496598639455784,0.2932692307692308,0.2932692307692308
scaling_dd_only,43,3,1,16,147,61,0,61,0.41496598639455784,0.2932692307692308,0.2932692307692308
scaling_dd_only,43,3,1,17,147,61,0,61,0.41496598639455784,0.2932692307692308,0.2932692307692308
scaling_dd_only,43,3,1,18,147,61,0,61,0.41496598639455784,0.2932692307692308,0.2932692307692308
scaling_dd_only,43,3,1,19,147,61,0,61,0.41496598639455784,0.2932692307692308,0.2932692307692308
scaling_dd_only,43,3,1,20,147,61,0,61,0.41496598639455784,0.2932692307692308,0.2932692307692308
scaling_dd_only,43,3,1,21,147,61,0,61,0.41496598639455784,0.2932692307692308,0.2932692307692308
scaling_dd_only,43,3,1,22,147,61,0,61,0.41496598639455784,0.2932692307692308,0.2932692307692308
scaling_dd_only,43,3,2,1,148,62,0,62,0.4189189189189189,0.29523809523809524,0.29523809523809524
scaling_dd_only,43,3,2,2,148,62,0,62,0.4189189189189189,0.29523809523809524,0.29523809523809524
scaling_dd_only,43,3,2,3,148,62,0,62,0.4189189189189189,0.29523809523809524,0.29523809523809524
scaling_dd_only,43,3,2,4,148,62,0,62,0.4189189189189189,0.29523809523809524,0.29523809523809524
scaling_dd_only,43,3,2,5,148,62,0,62,0.4189189189189189,0.29523809523809524,0.29523809523809524
scaling_dd_only,43,3,2,6,148,62,0,62,0.4189189189189189,0.29523809523809524,0.29523809523809524
scaling_dd_only,43,3,2,7,148,62,0,62,0.4189189189189189,0.29523809523809524,0.29523809523809524
scaling_dd_only,43,3,2,8,148,62,0,62,0.4189189189189189,0.29523809523809524,0.29523809523809524
scaling_dd_only,43,3,2,9,148,62,0,62,0.4189189189189189,0.29523809523809524,0.29523809523809524
scaling_dd_only,43,3,2,10,148,62,0,62,0.4189189189189189,0.29523809523809524,0.29523809523809524
scaling_dd_only,43,3,2,11,148,62,0,62,0.4189189189189189,0.29523809523809524,0.29523809523809524
scaling_dd_only,43,3,2,12,148,62,0,62,0.4189189189189189,0.29523809523809524,0.29523809523809524
scaling_dd_only,43,3,2,13,148,62,0,62,0.4189189189189189,0.29523809523809524,0.29523809523809524
scaling_dd_only,43,3,2,14,148,62,0,62,0.4189189189189189,0.29523809523809524,0.29523809523809524
scaling_dd_only,43,3,2,15,148,62,0,62,0.4189189189189189,0.29523809523809524,0.29523809523809524
scaling_dd_only,43,3,2,16,148,62,0,62,0.4189189189189189,0.29523809523809524,0.29523809523809524
scaling_dd_only,43,3,2,17,148,62,0,62,0.4189189189189189,0.29523809523809524,0.29523809523809524
scaling_dd_only,43,3,2,18,148,62,0,62,0.4189189189189189,0.29523809523809524,0.29523809523809524
scaling_dd_only,43,3,2,19,148,62,0,62,0.4189189189189189,0.29523809523809524,0.29523809523809524
scaling_dd_only,43,3,2,20,148,62,0,62,0.4189189189189189,0.29523809523809524,0.29523809523809524
scaling_dd_only,43,4,0,1,147,61,0,61,0.41496598639455784,0.2932692307692308,0.2932692307692308
scaling_dd_only,43,4,0,2,147,61,0,61,0.41496598639455784,0.2932692307692308,0.2932692307692308
scaling_dd_only,43,4,0,3,147,61,0,61,0.41496598639455784,0.2932692307692308,0.2932692307692308
scaling_dd_only,43,4,0,4,147,61,0,61,0.41496598639455784,0.2932692307692308,0.2932692307692308
scaling_dd_only,43,4,0,5,147,61,0,61,0.41496598639455784,0.2932692307692308,0.2932692307692308
scaling_dd_only,43,4,0,6,147,61,0,61,0.41496598639455784,0.2932692307692308,0.2932692307692308
scaling_dd_only,43,4,0,7,147,61,0,61,0.41496598639455784,0.2932692307692308,0.2932692307692308
scaling_dd_only,43,4,0,8,147,61,0,61,0.41496598639455784,0.2932692307692308,0.2932692307692308
scaling_dd_only,43,4,0,9,147,61,0,61,0.41496598639455784,0.2932692307692308,0.2932692307692308
scaling_dd_only,43,4,0,10,147,61,0,61,0.41496598639455784,0.2932692307692308,0.2932692307692308
scaling_dd_only,43,4,0,11,147,61,0,61,0.41496598639455784,0.2932692307692308,0.2932692307692308
scaling_dd_only,43,4,0,12,147,61,0,61,0.41496598639455784,0.2932692307692308,0.2932692307692308
scaling_dd_only,43,4,0,13,147,61,0,61,0.41496598639455784,0.2932692307692308,0.2932692307692308
scaling_dd_only,43,4,0,14,147,61,0,61,0.41496598639455784,0.2932692307692308,0.2932692307692308
scaling_dd_only,43,4,0,15,147,61,0,61,0.41496598639455784,0.2932692307692308,0.2932692307692308
scaling_dd_only,43,4,0,16,147,61,0,61,0.41496598639455784,0.2932692307692308,0.2932692307692308
scaling_dd_only,43,4,0,17,147,61,0,61,0.41496598639455784,0.2932692307692308,0.2932692307692308
scaling_dd_only,43,4,0,18,147,61,0,61,0.41496598639455784,0.2932692307692308,0.2932692307692308
scaling_dd_only,43,4,0,19,147,61,0,61,0.41496598639455784,0.2932692307692308,0.2932692307692308
scaling_dd_only,43,4,0,20,147,61,0,61,0.41496598639455784,0.2932692307692308,0.2932692307692308
scaling_dd_only,43,4,0,21,147,61,0,61,0.41496598639455784,0.2932692307692308,0.2932692307692308
scaling_dd_only,43,4,0,22,147,61,0,61,0.41496598639455784,0.2932692307692308,0.2932692307692308
scaling_dd_only,43,4,0,23,147,61,0,61,0.41496598639455784,0.2932692307692308,0.2932692307692308
scaling_dd_only,43,4,0,24,147,61,0,61,0.41496598639455784,0.2932692307692308,0.2932692307692308
scaling_dd_only,43,4,1,1,147,61,0,61,0.41496598639455784,0.2932692307692308,0.2932692307692308
scaling_dd_only,43,4,1,2,147,61,0,61,0.41496598639455784,0.2932692307692308,0.2932692307692308
scaling_dd_only,43,4,1,3,147,61,0,61,0.41496598639455784,0.2932692307692308,0.2932692307692308
scaling_dd_only,43,4,1,4,147,61,0,61,0.41496598639455784,0.2932692307692308,0.2932692307692308
scaling_dd_only,43,4,1,5,147,61,0,61,0.41496598639455784,0.2932692307692308,0.2932692307692308
scaling_dd_only,43,4,1,6,147,61,0,61,0.41496598639455784,0.2932692307692308,0.2932692307692308
scaling_dd_only,43,4,1,7,147,61,0,61,0.41496598639455784,0.2932692307692308,0.2932692307692308
scaling_dd_only,43,4,1,8,147,61,0,61,0.41496598639455784,0.2932692307692308,0.2932692307692308
scaling_dd_only,43,4,1,9,147,61,0,61,0.41496598639455784,0.2932692307692308,0.2932692307692308
scaling_dd_only,43,4,1,10,147,61,0,61,0.41496598639455784,0.2932692307692308,0.2932692307692308
scaling_dd_only,43,4,1,11,147,61,0,61,0.41496598639455784,0.2932692307692308,0.2932692307692308
scaling_dd_only,43,4,1,12,147,61,0,61,0.41496598639455784,0.2932692307692308,0.2932692307692308
scaling_dd_only,43,4,1,13,147,61,0,61,0.41496598639455784,0.2932692307692308,0.2932692307692308
scaling_dd_only,43,4,1,14,147,61,0,61,0.41496598639455784,0.2932692307692308,0.2932692307692308
scaling_dd_only,43,4,1,15,147,61,0,61,0.41496598639455784,0.2932692307692308,0.2932692307692308
scaling_dd_only,43,4,1,16,147,61,0,61,0.41496598639455784,0.2932692307692308,0.2932692307692308
scaling_dd_only,43,4,1,17,147,61,0,61,0.41496598639455784,0.2932692307692308,0.2932692307692308
scaling_dd_only,43,4,1,18,147,61,0,61,0.41496598639455784,0.2932692307692308,0.2932692307692308
scaling_dd_only,43,4,1,19,147,61,0,61,0.41496598639455784,0.2932692307692308,0.2932692307692308
scaling_dd_only,43,4,1,20,147,61,0,61,0.41496598639455784,0.2932692307692308,0.2932692307692308
scaling_dd_only,43,4,1,21,147,61,0,61,0.41496598639455784,0.2932692307692308,0.2932692307692308
scaling_dd_only,43,4,1,22,147,61,0,61,0.41496598639455784,0.2932692307692308,0.2932692307692308
scaling_dd_only,43,4,1,23,147,61,0,61,0.41496598639455784,0.2932692307692308,0.2932692307692308
scaling_dd_only,43,4,1,24,147,61,0,61,0.41496598639455784,0.2932692307692308,0.2932692307692308
scaling_dd_only,43,4,1,25,147,61,0,61,0.41496598639455784,0.2932692307692308,0.2932692307692308
scaling_dd_only,43,4,1,26,147,61,0,61,0.41496598639455784,0.2932692307692308,0.2932692307692308
scaling_dd_only,43,4,1,27,147,61,0,61,0.41496598639455784,0.2932692307692308,0.2932692307692308
scaling_dd_only,43,4,2,1,148,62,0,62,0.4189189189189189,0.29523809523809524,0.29523809523809524
scaling_dd_only,43,4,2,2,148,62,0,62,0.4189189189189189,0.29523809523809524,0.29523809523809524
scaling_dd_only,43,4,2,3,148,62,0,62,0.4189189189189189,0.29523809523809524,0.29523809523809524
scaling_dd_only,43,4,2,4,148,62,0,62,0.4189189189189189,0.29523809523809524,0.29523809523809524
scaling_dd_only,43,4,2,5,148,62,0,62,0.4189189189189189,0.29523809523809524,0.29523809523809524
scaling_dd_only,43,4,2,6,148,62,0,62,0.4189189189189189,0.29523809523809524,0.29523809523809524
scaling_dd_only,43,4,2,7,148,62,0,62,0.4189189189189189,0.29523809523809524,0.29523809523809524
scaling_dd_only,43,4,2,8,148,62,0,62,0.4189189189189189,0.29523809523809524,0.29523809523809524
scaling_dd_only,43,4,2,9,148,62,0,62,0.4189189189189189,0.29523809523809524,0.29523809523809524
scaling_dd_only,43,4,2,10,148,62,0,62,0.4189189189189189,0.29523809523809524,0.29523809523809524
scaling_dd_only,43,4,2,11,148,62,0,62,0.4189189189189189,0.29523809523809524,0.29523809523809524
scaling_dd_only,43,4,2,12,148,62,0,62,0.4189189189189189,0.29523809523809524,0.29523809523809524
scaling_dd_only,43,4,2,13,148,62,0,62,0.4189189189189189,0.29523809523809524,0.29523809523809524
scaling_dd_only,43,4,2,14,148,62,0,62,0.4189189189189189,0.29523809523809524,0.29523809523809524
scaling_dd_only,43,4,2,15,148,62,0,62,0.4189189189189189,0.29523809523809524,0.29523809523809524
scaling_dd_only,43,4,2,16,148,62,0,62,0.4189189189189189,0.29523809523809524,0.29523809523809524
scaling_dd_only,43,4,2,17,148,62,0,62,0.4189189189189189,0.29523809523809524,0.29523809523809524
scaling_dd_only,43,4,2,18,148,62,0,62,0.4189189189189189,0.29523809523809524,0.29523809523809524
scaling_dd_only,43,4,2,19,148,62,0,62,0.4189189189189189,0.29523809523809524,0.29523809523809524
scaling_dd_only,43,4,2,20,148,62,0,62,0.4189189189189189,0.29523809523809524,0.29523809523809524
scaling_dd_only,43,4,2,21,148,62,0,62,0.4189189189189189,0.29523809523809524,0.29523809523809524
scaling_dd_only,43,4,2,22,148,62,0,62,0.4189189189189189,0.29523809523809524,0.29523809523809524
scaling_dd_only,44,0,0,1,146,59,0,59,0.4041095890410959,0.28780487804878047,0.28780487804878047
scaling_dd_only,44,0,0,2,146,59,0,59,0.4041095890410959,0.28780487804878047,0.28780487804878047
scaling_dd_only,44,0,0,3,146,59,0,59,0.4041095890410959,0.28780487804878047,0.28780487804878047
scaling_dd_only,44,0,0,4,146,59,0,59,0.4041095890410959,0.28780487804878047,0.28780487804878047
scaling_dd_only,44,0,0,5,146,59,0,59,0.4041095890410959,0.28780487804878047,0.28780487804878047
scaling_dd_only,44,0,0,6,146,59,0,59,0.4041095890410959,0.28780487804878047,0.28780487804878047
scaling_dd_only,44,0,0,7,146,59,0,59,0.4041095890410959,0.28780487804878047,0.28780487804878047
scaling_dd_only,44,0,0,8,146,59,0,59,0.4041095890410959,0.28780487804878047,0.28780487804878047
scaling_dd_only,44,0,0,9,146,59,0,59,0.4041095890410959,0.28780487804878047,0.28780487804878047
scaling_dd_only,44,0,0,10,146,59,0,59,0.4041095890410959,0.28780487804878047,0.28780487804878047
scaling_dd_only,44,0,0,11,146,59,0,59,0.4041095890410959,0.28780487804878047,0.28780487804878047
scaling_dd_only,44,0,0,12,146,59,0,59,0.4041095890410959,0.28780487804878047,0.28780487804878047
scaling_dd_only,44,0,0,13,146,59,0,59,0.4041095890410959,0.28780487804878047,0.28780487804878047
scaling_dd_only,44,0,0,14,146,59,0,59,0.4041095890410959,0.28780487804878047,0.28780487804878047
scaling_dd_only,44,0,0,15,146,59,0,59,0.4041095890410959,0.28780487804878047,0.28780487804878047
scaling_dd_only,44,0,0,16,146,59,0,59,0.4041095890410959,0.28780487804878047,0.28780487804878047
scaling_dd_only,44,0,0,17,146,59,0,59,0.4041095890410959,0.28780487804878047,0.28780487804878047
scaling_dd_only,44,0,0,18,146,59,0,59,0.4041095890410959,0.28780487804878047,0.28780487804878047
scaling_dd_only,44,0,0,19,146,59,0,59,0.4041095890410959,0.28780487804878047,0.28780487804878047
scaling_dd_only,44,0,0,20,146,59,0,59,0.4041095890410959,0.28780487804878047,0.28780487804878047
scaling_dd_only,44,0,0,21,146,59,0,59,0.4041095890410959,0.28780487804878047,0.28780487804878047
scaling_dd_only,44,0,0,22,146,59,0,59,0.4041095890410959,0.28780487804878047,0.28780487804878047
scaling_dd_only,44,0,0,23,146,59,0,59,0.4041095890410959,0.28780487804878047,0.28780487804878047
scaling_dd_only,44,0,0,24,146,59,0,59,0.4041095890410959,0.28780487804878047,0.28780487804878047
scaling_dd_only,44,0,1,1,147,60,0,60,0.40816326530612246,0.2898550724637681,0.2898550724637681
scaling_dd_only,44,0,1,2,147,60,0,60,0.40816326530612246,0.2898550724637681,0.2898550724637681
scaling_dd_only,44,0,1,3,147,60,0,60,0.40816326530612246,0.2898550724637681,0.2898550724637681
scaling_dd_only,44,0,1,4,147,60,0,60,0.40816326530612246,0.2898550724637681,0.2898550724637681
scaling_dd_only,44,0,1,5,147,60,0,60,0.40816326530612246,0.2898550724637681,0.2898550724637681
scaling_dd_only,44,0,1,6,147,60,0,60,0.40816326530612246,0.2898550724637681,0.2898550724637681
scaling_dd_only,44,0,1,7,147,60,0,60,0.40816326530612246,0.2898550724637681,0.2898550724637681
scaling_dd_only,44,0,1,8,147,60,0,60,0.40816326530612246,0.2898550724637681,0.2898550724637681
scaling_dd_only,44,0,1,9,147,60,0,60,0.40816326530612246,0.2898550724637681,0.2898550724637681
scaling_dd_only,44,0,1,10,147,60,0,60,0.40816326530612246,0.2898550724637681,0.2898550724637681
scaling_dd_only,44,0,1,11,147,60,0,60,0.40816326530612246,0.2898550724637681,0.2898550724637681
scaling_dd_only,44,0,1,12,147,60,0,60,0.40816326530612246,0.2898550724637681,0.2898550724637681
scaling_dd_only,44,0,1,13,147,60,0,60,0.40816326530612246,0.2898550724637681,0.2898550724637681
scaling_dd_only,44,0,1,14,147,60,0,60,0.40816326530612246,0.2898550724637681,0.2898550724637681
scaling_dd_only,44,0,1,15,147,60,0,60,0.40816326530612246,0.2898550724637681,0.2898550724637681
scaling_dd_only,44,0,1,16,147,60,0,60,0.40816326530612246,0.2898550724637681,0.2898550724637681
scaling_dd_only,44,0,1,17,147,60,0,60,0.40816326530612246,0.2898550724637681,0.2898550724637681
scaling_dd_only,44,0,1,18,147,60,0,60,0.40816326530612246,0.2898550724637681,0.2898550724637681
scaling_dd_only,44,0,1,19,147,60,0,60,0.40816326530612246,0.2898550724637681,0.2898550724637681
scaling_dd_only,44,0,1,20,147,60,0,60,0.40816326530612246,0.2898550724637681,0.2898550724637681
scaling_dd_only,44,0,2,1,147,61,0,61,0.41496598639455784,0.2932692307692308,0.2932692307692308
scaling_dd_only,44,0,2,2,147,61,0,61,0.41496598639455784,0.2932692307692308,0.2932692307692308
scaling_dd_only,44,0,2,3,147,61,0,61,0.41496598639455784,0.2932692307692308,0.2932692307692308
scaling_dd_only,44,0,2,4,147,61,0,61,0.41496598639455784,0.2932692307692308,0.2932692307692308
scaling_dd_only,44,0,2,5,147,61,0,61,0.41496598639455784,0.2932692307692308,0.2932692307692308
scaling_dd_only,44,0,2,6,147,61,0,61,0.41496598639455784,0.2932692307692308,0.2932692307692308
scaling_dd_only,44,0,2,7,147,61,0,61,0.41496598639455784,0.2932692307692308,0.2932692307692308
scaling_dd_only,44,0,2,8,147,61,0,61,0.41496598639455784,0.2932692307692308,0.2932692307692308
scaling_dd_only,44,0,2,9,147,61,0,61,0.41496598639455784,0.2932692307692308,0.2932692307692308
scaling_dd_only,44,0,2,10,147,61,0,61,0.41496598639455784,0.2932692307692308,0.2932692307692308
scaling_dd_only,44,0,2,11,147,61,0,61,0.41496598639455784,0.2932692307692308,0.2932692307692308
scaling_dd_only,44,0,2,12,147,61,0,61,0.41496598639455784,0.2932692307692308,0.2932692307692308
scaling_dd_only,44,0,2,13,147,61,0,61,0.41496598639455784,0.2932692307692308,0.2932692307692308
scaling_dd_only,44,0,2,14,147,61,0,61,0.41496598639455784,0.2932692307692308,0.2932692307692308
scaling_dd_only,44,0,2,15,147,61,0,61,0.41496598639455784,0.2932692307692308,0.2932692307692308
scaling_dd_only,44,0,2,16,147,61,0,61,0.41496598639455784,0.2932692307692308,0.2932692307692308
scaling_dd_only,44,0,2,17,147,61,0,61,0.41496598639455784,0.2932692307692308,0.2932692307692308
scaling_dd_only,44,0,2,18,147,61,0,61,0.41496598639455784,0.2932692307692308,0.2932692307692308
scaling_dd_only,44,0,2,19,147,61,0,61,0.41496598639455784,0.2932692307692308,0.2932692307692308
scaling_dd_only,44,0,2,20,147,61,0,61,0.41496598639455784,0.2932692307692308,0.2932692307692308
scaling_dd_only,44,1,0,1,147,60,0,60,0.40816326530612246,0.2898550724637681,0.2898550724637681
scaling_dd_only,44,1,0,2,147,60,0,60,0.40816326530612246,0.2898550724637681,0.2898550724637681
scaling_dd_only,44,1,0,3,147,60,0,60,0.40816326530612246,0.2898550724637681,0.2898550724637681
scaling_dd_only,44,1,0,4,147,60,0,60,0.40816326530612246,0.2898550724637681,0.2898550724637681
scaling_dd_only,44,1,0,5,147,60,0,60,0.40816326530612246,0.2898550724637681,0.2898550724637681
scaling_dd_only,44,1,0,6,147,60,0,60,0.40816326530612246,0.2898550724637681,0.2898550724637681
scaling_dd_only,44,1,0,7,147,60,0,60,0.40816326530612246,0.2898550724637681,0.2898550724637681
scaling_dd_only,44,1,0,8,147,60,0,60,0.40816326530612246,0.2898550724637681,0.2898550724637681
scaling_dd_only,44,1,0,9,147,60,0,60,0.40816326530612246,0.2898550724637681,0.2898550724637681
scaling_dd_only,44,1,0,10,147,60,0,60,0.40816326530612246,0.2898550724637681,0.2898550724637681
scaling_dd_only,44,1,0,11,147,60,0,60,0.40816326530612246,0.2898550724637681,0.2898550724637681
scaling_dd_only,44,1,0,12,147,60,0,60,0.40816326530612246,0.2898550724637681,0.2898550724637681
scaling_dd_only,44,1,0,13,147,60,0,60,0.40816326530612246,0.2898550724637681,0.2898550724637681
scaling_dd_only,44,1,0,14,147,60,0,60,0.40816326530612246,0.2898550724637681,0.2898550724637681
scaling_dd_only,44,1,0,15,147,60,0,60,0.40816326530612246,0.2898550724637681,0.2898550724637681
scaling_dd_only,44,1,0,16,147,60,0,60,0.40816326530612246,0.2898550724637681,0.2898550724637681
scaling_dd_only,44,1,0,17,147,60,0,60,0.40816326530612246,0.2898550724637681,0.2898550724637681
scaling_dd_only,44,1,0,18,147,60,0,60,0.40816326530612246,0.2898550724637681,0.2898550724637681
scaling_dd_only,44,1,0,19,147,60,0,60,0.40816326530612246,0.2898550724637681,0.2898550724637681
scaling_dd_only,44,1,0,20,147,60,0,60,0.40816326530612246,0.2898550724637681,0.2898550724637681
scaling_dd_only,44,1,0,21,147,60,0,60,0.40816326530612246,0.2898550724637681,0.2898550724637681
scaling_dd_only,44,1,0,22,147,60,0,60,0.40816326530612246,0.2898550724637681,0.2898550724637681
scaling_dd_only,44,1,0,23,147,60,0,60,0.40816326530612246,0.2898550724637681,0.2898550724637681
scaling_dd_only,44,1,0,24,147,60,0,60,0.40816326530612246,0.2898550724637681,0.2898550724637681
scaling_dd_only,44,1,0,25,147,60,0,60,0.40816326530612246,0.2898550724637681,0.2898550724637681
scaling_dd_only,44,1,1,1,147,61,0,61,0.41496598639455784,0.2932692307692308,0.2932692307692308
scaling_dd_only,44,1,1,2,147,61,0,61,0.41496598639455784,0.2932692307692308,0.2932692307692308
scaling_dd_only,44,1,1,3,147,61,0,61,0.41496598639455784,0.2932692307692308,0.2932692307692308
scaling_dd_only,44,1,1,4,147,61,0,61,0.41496598639455784,0.2932692307692308,0.2932692307692308
scaling_dd_only,44,1,1,5,147,61,0,61,0.41496598639455784,0.2932692307692308,0.2932692307692308
scaling_dd_only,44,1,1,6,147,61,0,61,0.41496598639455784,0.2932692307692308,0.2932692307692308
scaling_dd_only,44,1,1,7,147,61,0,61,0.41496598639455784,0.2932692307692308,0.2932692307692308
scaling_dd_only,44,1,1,8,147,61,0,61,0.41496598639455784,0.2932692307692308,0.2932692307692308
scaling_dd_only,44,1,1,9,147,61,0,61,0.41496598639455784,0.2932692307692308,0.2932692307692308
scaling_dd_only,44,1,1,10,147,61,0,61,0.41496598639455784,0.2932692307692308,0.2932692307692308
scaling_dd_only,44,1,1,11,147,61,0,61,0.41496598639455784,0.2932692307692308,0.2932692307692308
scaling_dd_only,44,1,1,12,147,61,0,61,0.41496598639455784,0.2932692307692308,0.2932692307692308
scaling_dd_only,44,1,1,13,147,61,0,61,0.41496598639455784,0.2932692307692308,0.2932692307692308
scaling_dd_only,44,1,1,14,147,61,0,61,0.41496598639455784,0.2932692307692308,0.2932692307692308
scaling_dd_only,44,1,1,15,147,61,0,61,0.41496598639455784,0.2932692307692308,0.2932692307692308
scaling_dd_only,44,1,1,16,147,61,0,61,0.41496598639455784,0.2932692307692308,0.2932692307692308
scaling_dd_only,44,1,1,17,147,61,0,61,0.41496598639455784,0.2932692307692308,0.2932692307692308
scaling_dd_only,44,1,1,18,147,61,0,61,0.41496598639455784,0.2932692307692308,0.2932692307692308
scaling_dd_only,44,1,1,19,147,61,0,61,0.41496598639455784,0.2932692307692308,0.2932692307692308
scaling_dd_only,44,1,1,20,147,61,0,61,0.41496598639455784,0.2932692307692308,0.2932692307692308
scaling_dd_only,44,1,1,21,147,61,0,61,0.41496598639455784,0.2932692307692308,0.2932692307692308
scaling_dd_only,44,1,1,22,147,61,0,61,0.41496598639455784,0.2932692307692308,0.2932692307692308
scaling_dd_only,44,1,1,23,147,61,0,61,0.41496598639455784,0.2932692307692308,0.2932692307692308
scaling_dd_only,44,1,1,24,147,61,0,61,0.41496598639455784,0.2932692307692308,0.2932692307692308
scaling_dd_only,44,1,1,25,147,61,0,61,0.41496598639455784,0.2932692307692308,0.2932692307692308
scaling_dd_only,44,1,1,26,147,61,0,61,0.41496598639455784,0.2932692307692308,0.2932692307692308
scaling_dd_only,44,1,2,1,148,61,0,61,0.41216216216216217,0.291866028708134,0.291866028708134
scaling_dd_only,44,1,2,2,148,61,0,61,0.41216216216216217,0.291866028708134,0.291866028708134
scaling_dd_only,44,1,2,3,148,61,0,61,0.41216216216216217,0.291866028708134,0.291866028708134
scaling_dd_only,44,1,2,4,148,61,0,61,0.41216216216216217,0.291866028708134,0.291866028708134
scaling_dd_only,44,1,2,5,148,61,0,61,0.41216216216216217,0.291866028708134,0.291866028708134
scaling_dd_only,44,1,2,6,148,61,0,61,0.41216216216216217,0.291866028708134,0.291866028708134
scaling_dd_only,44,1,2,7,148,61,0,61,0.41216216216216217,0.291866028708134,0.291866028708134
scaling_dd_only,44,1,2,8,148,61,0,61,0.41216216216216217,0.291866028708134,0.291866028708134
scaling_dd_only,44,1,2,9,148,61,0,61,0.41216216216216217,0.291866028708134,0.291866028708134
scaling_dd_only,44,1,2,10,148,61,0,61,0.41216216216216217,0.291866028708134,0.291866028708134
scaling_dd_only,44,1,2,11,148,61,0,61,0.41216216216216217,0.291866028708134,0.291866028708134
scaling_dd_only,44,1,2,12,148,61,0,61,0.41216216216216217,0.291866028708134,0.291866028708134
scaling_dd_only,44,1,2,13,148,61,0,61,0.41216216216216217,0.291866028708134,0.291866028708134
scaling_dd_only,44,1,2,14,148,61,0,61,0.41216216216216217,0.291866028708134,0.291866028708134
scaling_dd_only,44,1,2,15,148,61,0,61,0.41216216216216217,0.291866028708134,0.291866028708134
scaling_dd_only,44,1,2,16,148,61,0,61,0.41216216216216217,0.291866028708134,0.291866028708134
scaling_dd_only,44,1,2,17,148,61,0,61,0.41216216216216217,0.291866028708134,0.291866028708134
scaling_dd_only,44,1,2,18,148,61,0,61,0.41216216216216217,0.291866028708134,0.291866028708134
scaling_dd_only,44,1,2,19,148,61,0,61,0.41216216216216217,0.291866028708134,0.291866028708134
scaling_dd_only,44,1,2,20,148,61,0,61,0.41216216216216217,0.291866028708134,0.291866028708134
scaling_dd_only,44,1,2,21,148,61,0,61,0.41216216216216217,0.291866028708134,0.291866028708134
scaling_dd_only,44,1,2,22,148,61,0,61,0.41216216216216217,0.291866028708134,0.291866028708134
scaling_dd_only,44,2,0,1,147,60,0,60,0.40816326530612246,0.2898550724637681,0.2898550724637681
scaling_dd_only,44,2,0,2,147,60,0,60,0.40816326530612246,0.2898550724637681,0.2898550724637681
scaling_dd_only,44,2,0,3,147,60,0,60,0.40816326530612246,0.2898550724637681,0.2898550724637681
scaling_dd_only,44,2,0,4,147,60,0,60,0.40816326530612246,0.2898550724637681,0.2898550724637681
scaling_dd_only,44,2,0,5,147,60,0,60,0.40816326530612246,0.2898550724637681,0.2898550724637681
scaling_dd_only,44,2,0,6,147,60,0,60,0.40816326530612246,0.2898550724637681,0.2898550724637681
scaling_dd_only,44,2,0,7,147,60,0,60,0.40816326530612246,0.2898550724637681,0.2898550724637681
scaling_dd_only,44,2,0,8,147,60,0,60,0.40816326530612246,0.2898550724637681,0.2898550724637681
scaling_dd_only,44,2,0,9,147,60,0,60,0.40816326530612246,0.2898550724637681,0.2898550724637681
scaling_dd_only,44,2,0,10,147,60,0,60,0.40816326530612246,0.2898550724637681,0.2898550724637681
scaling_dd_only,44,2,0,11,147,60,0,60,0.40816326530612246,0.2898550724637681,0.2898550724637681
scaling_dd_only,44,2,0,12,147,60,0,60,0.40816326530612246,0.2898550724637681,0.2898550724637681
scaling_dd_only,44,2,0,13,147,60,0,60,0.40816326530612246,0.2898550724637681,0.2898550724637681
scaling_dd_only,44,2,0,14,147,60,0,60,0.40816326530612246,0.2898550724637681,0.2898550724637681
scaling_dd_only,44,2,0,15,147,60,0,60,0.40816326530612246,0.2898550724637681,0.2898550724637681
scaling_dd_only,44,2,0,16,147,60,0,60,0.40816326530612246,0.2898550724637681,0.2898550724637681
scaling_dd_only,44,2,0,17,147,60,0,60,0.40816326530612246,0.2898550724637681,0.2898550724637681
scaling_dd_only,44,2,0,18,147,60,0,60,0.40816326530612246,0.2898550724637681,0.2898550724637681
scaling_dd_only,44,2,0,19,147,60,0,60,0.40816326530612246,0.2898550724637681,0.2898550724637681
scaling_dd_only,44,2,1,1,147,61,0,61,0.41496598639455784,0.2932692307692308,0.2932692307692308
scaling_dd_only,44,2,1,2,147,61,0,61,0.41496598639455784,0.2932692307692308,0.2932692307692308
scaling_dd_only,44,2,1,3,147,61,0,61,0.41496598639455784,0.2932692307692308,0.2932692307692308
scaling_dd_only,44,2,1,4,147,61,0,61,0.41496598639455784,0.2932692307692308,0.2932692307692308
scaling_dd_only,44,2,1,5,147,61,0,61,0.41496598639455784,0.2932692307692308,0.2932692307692308
scaling_dd_only,44,2,1,6,147,61,0,61,0.41496598639455784,0.2932692307692308,0.2932692307692308
scaling_dd_only,44,2,1,7,147,61,0,61,0.41496598639455784,0.2932692307692308,0.2932692307692308
scaling_dd_only,44,2,1,8,147,61,0,61,0.41496598639455784,0.2932692307692308,0.2932692307692308
scaling_dd_only,44,2,1,9,147,61,0,61,0.41496598639455784,0.2932692307692308,0.2932692307692308
scaling_dd_only,44,2,1,10,147,61,0,61,0.41496598639455784,0.2932692307692308,0.2932692307692308
scaling_dd_only,44,2,1,11,147,61,0,61,0.41496598639455784,0.2932692307692308,0.2932692307692308
scaling_dd_only,44,2,1,12,147,61,0,61,0.41496598639455784,0.2932692307692308,0.2932692307692308
scaling_dd_only,44,2,1,13,147,61,0,61,0.41496598639455784,0.2932692307692308,0.2932692307692308
scaling_dd_only,44,2,1,14,147,61,0,61,0.41496598639455784,0.2932692307692308,0.2932692307692308
scaling_dd_only,44,2,1,15,147,61,0,61,0.41496598639455784,0.2932692307692308,0.2932692307692308
scaling_dd_only,44,2,1,16,147,61,0,61,0.41496598639455784,0.2932692307692308,0.2932692307692308
scaling_dd_only,44,2,1,17,147,61,0,61,0.41496598639455784,0.2932692307692308,0.2932692307692308
scaling_dd_only,44,2,1,18,147,61,0,61,0.41496598639455784,0.2932692307692308,0.2932692307692308
scaling_dd_only,44,2,2,1,148,61,0,61,0.41216216216216217,0.291866028708134,0.291866028708134
scaling_dd_only,44,2,2,2,148,61,0,61,0.41216216216216217,0.291866028708134,0.291866028708134
scaling_dd_only,44,2,2,3,148,61,0,61,0.41216216216216217,0.291866028708134,0.291866028708134
scaling_dd_only,44,2,2,4,148,61,0,61,0.41216216216216217,0.291866028708134,0.291866028708134
scaling_dd_only,44,2,2,5,148,61,0,61,0.41216216216216217,0.291866028708134,0.291866028708134
scaling_dd_only,44,2,2,6,148,61,0,61,0.41216216216216217,0.291866028708134,0.291866028708134
scaling_dd_only,44,2,2,7,148,61,0,61,0.41216216216216217,0.291866028708134,0.291866028708134
scaling_dd_only,44,2,2,8,148,61,0,61,0.41216216216216217,0.291866028708134,0.291866028708134
scaling_dd_only,44,2,2,9,148,61,0,61,0.41216216216216217,0.291866028708134,0.291866028708134
scaling_dd_only,44,2,2,10,148,61,0,61,0.41216216216216217,0.291866028708134,0.291866028708134
scaling_dd_only,44,2,2,11,148,61,0,61,0.41216216216216217,0.291866028708134,0.291866028708134
scaling_dd_only,44,2,2,12,148,61,0,61,0.41216216216216217,0.291866028708134,0.291866028708134
scaling_dd_only,44,2,2,13,148,61,0,61,0.41216216216216217,0.291866028708134,0.291866028708134
scaling_dd_only,44,2,2,14,148,61,0,61,0.41216216216216217,0.291866028708134,0.291866028708134
scaling_dd_only,44,2,2,15,148,61,0,61,0.41216216216216217,0.291866028708134,0.291866028708134
scaling_dd_only,44,2,2,16,148,61,0,61,0.41216216216216217,0.291866028708134,0.291866028708134
scaling_dd_only,44,2,2,17,148,61,0,61,0.41216216216216217,0.291866028708134,0.291866028708134
scaling_dd_only,44,2,2,18,148,61,0,61,0.41216216216216217,0.291866028708134,0.291866028708134
scaling_dd_only,44,3,0,1,147,61,0,61,0.41496598639455784,0.2932692307692308,0.2932692307692308
scaling_dd_only,44,3,0,2,147,61,0,61,0.41496598639455784,0.2932692307692308,0.2932692307692308
scaling_dd_only,44,3,0,3,147,61,0,61,0.41496598639455784,0.2932692307692308,0.2932692307692308
scaling_dd_only,44,3,0,4,147,61,0,61,0.41496598639455784,0.2932692307692308,0.2932692307692308
scaling_dd_only,44,3,0,5,147,61,0,61,0.41496598639455784,0.2932692307692308,0.2932692307692308
scaling_dd_only,44,3,0,6,147,61,0,61,0.41496598639455784,0.2932692307692308,0.2932692307692308
scaling_dd_only,44,3,0,7,147,61,0,61,0.41496598639455784,0.2932692307692308,0.2932692307692308
scaling_dd_only,44,3,0,8,147,61,0,61,0.41496598639455784,0.2932692307692308,0.2932692307692308
scaling_dd_only,44,3,0,9,147,61,0,61,0.41496598639455784,0.2932692307692308,0.2932692307692308
scaling_dd_only,44,3,0,10,147,61,0,61,0.41496598639455784,0.2932692307692308,0.2932692307692308
scaling_dd_only,44,3,0,11,147,61,0,61,0.41496598639455784,0.2932692307692308,0.2932692307692308
scaling_dd_only,44,3,0,12,147,61,0,61,0.41496598639455784,0.2932692307692308,0.2932692307692308
scaling_dd_only,44,3,0,13,147,61,0,61,0.41496598639455784,0.2932692307692308,0.2932692307692308
scaling_dd_only,44,3,0,14,147,61,0,61,0.41496598639455784,0.2932692307692308,0.2932692307692308
scaling_dd_only,44,3,0,15,147,61,0,61,0.41496598639455784,0.2932692307692308,0.2932692307692308
scaling_dd_only,44,3,0,16,147,61,0,61,0.41496598639455784,0.2932692307692308,0.2932692307692308
scaling_dd_only,44,3,0,17,147,61,0,61,0.41496598639455784,0.2932692307692308,0.2932692307692308
scaling_dd_only,44,3,0,18,147,61,0,61,0.41496598639455784,0.2932692307692308,0.2932692307692308
scaling_dd_only,44,3,0,19,147,61,0,61,0.41496598639455784,0.2932692307692308,0.2932692307692308
scaling_dd_only,44,3,0,20,147,61,0,61,0.41496598639455784,0.2932692307692308,0.2932692307692308
scaling_dd_only,44,3,0,21,147,61,0,61,0.41496598639455784,0.2932692307692308,0.2932692307692308
scaling_dd_only,44,3,0,22,147,61,0,61,0.41496598639455784,0.2932692307692308,0.2932692307692308
scaling_dd_only,44,3,0,23,147,61,0,61,0.41496598639455784,0.2932692307692308,0.2932692307692308
scaling_dd_only,44,3,0,24,147,61,0,61,0.41496598639455784,0.2932692307692308,0.2932692307692308
scaling_dd_only,44,3,0,25,147,61,0,61,0.41496598639455784,0.2932692307692308,0.2932692307692308
scaling_dd_only,44,3,0,26,147,61,0,61,0.41496598639455784,0.2932692307692308,0.2932692307692308
scaling_dd_only,44,3,0,27,147,61,0,61,0.41496598639455784,0.2932692307692308,0.2932692307692308
scaling_dd_only,44,3,0,28,147,61,0,61,0.41496598639455784,0.2932692307692308,0.2932692307692308
scaling_dd_only,44,3,0,29,147,61,0,61,0.41496598639455784,0.2932692307692308,0.2932692307692308
scaling_dd_only,44,3,0,30,147,61,0,61,0.41496598639455784,0.2932692307692308,0.2932692307692308
scaling_dd_only,44,3,1,1,147,61,0,61,0.41496598639455784,0.2932692307692308,0.2932692307692308
scaling_dd_only,44,3,1,2,147,61,0,61,0.41496598639455784,0.2932692307692308,0.2932692307692308
scaling_dd_only,44,3,1,3,147,61,0,61,0.41496598639455784,0.2932692307692308,0.2932692307692308
scaling_dd_only,44,3,1,4,147,61,0,61,0.41496598639455784,0.2932692307692308,0.2932692307692308
scaling_dd_only,44,3,1,5,147,61,0,61,0.41496598639455784,0.2932692307692308,0.2932692307692308
scaling_dd_only,44,3,1,6,147,61,0,61,0.41496598639455784,0.2932692307692308,0.2932692307692308
scaling_dd_only,44,3,1,7,147,61,0,61,0.41496598639455784,0.2932692307692308,0.2932692307692308
scaling_dd_only,44,3,1,8,147,61,0,61,0.41496598639455784,0.2932692307692308,0.2932692307692308
scaling_dd_only,44,3,1,9,147,61,0,61,0.41496598639455784,0.2932692307692308,0.2932692307692308
scaling_dd_only,44,3,1,10,147,61,0,61,0.41496598639455784,0.2932692307692308,0.2932692307692308
scaling_dd_only,44,3,1,11,147,61,0,61,0.41496598639455784,0.2932692307692308,0.2932692307692308
scaling_dd_only,44,3,1,12,147,61,0,61,0.41496598639455784,0.2932692307692308,0.2932692307692308
scaling_dd_only,44,3,1,13,147,61,0,61,0.41496598639455784,0.2932692307692308,0.2932692307692308
scaling_dd_only,44,3,1,14,147,61,0,61,0.41496598639455784,0.2932692307692308,0.2932692307692308
scaling_dd_only,44,3,1,15,147,61,0,61,0.41496598639455784,0.2932692307692308,0.2932692307692308
scaling_dd_only,44,3,1,16,147,61,0,61,0.41496598639455784,0.2932692307692308,0.2932692307692308
scaling_dd_only,44,3,1,17,147,61,0,61,0.41496598639455784,0.2932692307692308,0.2932692307692308
scaling_dd_only,44,3,1,18,147,61,0,61,0.41496598639455784,0.2932692307692308,0.2932692307692308
scaling_dd_only,44,3,1,19,147,61,0,61,0.41496598639455784,0.2932692307692308,0.2932692307692308
scaling_dd_only,44,3,1,20,147,61,0,61,0.41496598639455784,0.2932692307692308,0.2932692307692308
scaling_dd_only,44,3,2,1,148,62,0,62,0.4189189189189189,0.29523809523809524,0.29523809523809524
scaling_dd_only,44,3,2,2,148,62,0,62,0.4189189189189189,0.29523809523809524,0.29523809523809524
scaling_dd_only,44,3,2,3,148,62,0,62,0.4189189189189189,0.29523809523809524,0.29523809523809524
scaling_dd_only,44,3,2,4,148,62,0,62,0.4189189189189189,0.29523809523809524,0.29523809523809524
scaling_dd_only,44,3,2,5,148,62,0,62,0.4189189189189189,0.29523809523809524,0.29523809523809524
scaling_dd_only,44,3,2,6,148,62,0,62,0.4189189189189189,0.29523809523809524,0.29523809523809524
scaling_dd_only,44,3,2,7,148,62,0,62,0.4189189189189189,0.29523809523809524,0.29523809523809524
scaling_dd_only,44,3,2,8,148,62,0,62,0.4189189189189189,0.29523809523809524,0.29523809523809524
scaling_dd_only,44,3,2,9,148,62,0,62,0.4189189189189189,0.29523809523809524,0.29523809523809524
scaling_dd_only,44,3,2,10,148,62,0,62,0.4189189189189189,0.29523809523809524,0.29523809523809524
scaling_dd_only,44,3,2,11,148,62,0,62,0.4189189189189189,0.29523809523809524,0.29523809523809524
scaling_dd_only,44,3,2,12,148,62,0,62,0.4189189189189189,0.29523809523809524,0.29523809523809524
scaling_dd_only,44,3,2,13,148,62,0,62,0.4189189189189189,0.29523809523809524,0.29523809523809524
scaling_dd_only,44,3,2,14,148,62,0,62,0.4189189189189189,0.29523809523809524,0.29523809523809524
scaling_dd_only,44,3,2,15,148,62,0,62,0.4189189189189189,0.29523809523809524,0.29523809523809524
scaling_dd_only,44,3,2,16,148,62,0,62,0.4189189189189189,0.29523809523809524,0.29523809523809524
scaling_dd_only,44,3,2,17,148,62,0,62,0.4189189189189189,0.29523809523809524,0.29523809523809524
scaling_dd_only,44,3,2,18,148,62,0,62,0.4189189189189189,0.29523809523809524,0.29523809523809524
scaling_dd_only,44,3,2,19,148,62,0,62,0.4189189189189189,0.29523809523809524,0.29523809523809524
scaling_dd_only,44,3,2,20,148,62,0,62,0.4189189189189189,0.29523809523809524,0.29523809523809524
scaling_dd_only,44,3,2,21,148,62,0,62,0.4189189189189189,0.29523809523809524,0.29523809523809524
scaling_dd_only,44,3,2,22,148,62,0,62,0.4189189189189189,0.29523809523809524,0.29523809523809524
scaling_dd_only,44,3,2,23,148,62,0,62,0.4189189189189189,0.29523809523809524,0.29523809523809524
scaling_dd_only,44,4,0,1,147,61,0,61,0.41496598639455784,0.2932692307692308,0.2932692307692308
scaling_dd_only,44,4,0,2,147,61,0,61,0.41496598639455784,0.2932692307692308,0.2932692307692308
scaling_dd_only,44,4,0,3,147,61,0,61,0.41496598639455784,0.2932692307692308,0.2932692307692308
scaling_dd_only,44,4,0,4,147,61,0,61,0.41496598639455784,0.2932692307692308,0.2932692307692308
scaling_dd_only,44,4,0,5,147,61,0,61,0.41496598639455784,0.2932692307692308,0.2932692307692308
scaling_dd_only,44,4,0,6,147,61,0,61,0.41496598639455784,0.2932692307692308,0.2932692307692308
scaling_dd_only,44,4,0,7,147,61,0,61,0.41496598639455784,0.2932692307692308,0.2932692307692308
scaling_dd_only,44,4,0,8,147,61,0,61,0.41496598639455784,0.2932692307692308,0.2932692307692308
scaling_dd_only,44,4,0,9,147,61,0,61,0.41496598639455784,0.2932692307692308,0.2932692307692308
scaling_dd_only,44,4,0,10,147,61,0,61,0.41496598639455784,0.2932692307692308,0.2932692307692308
scaling_dd_only,44,4,0,11,147,61,0,61,0.41496598639455784,0.2932692307692308,0.2932692307692308
scaling_dd_only,44,4,0,12,147,61,0,61,0.41496598639455784,0.2932692307692308,0.2932692307692308
scaling_dd_only,44,4,0,13,147,61,0,61,0.41496598639455784,0.2932692307692308,0.2932692307692308
scaling_dd_only,44,4,0,14,147,61,0,61,0.41496598639455784,0.2932692307692308,0.2932692307692308
scaling_dd_only,44,4,0,15,147,61,0,61,0.41496598639455784,0.2932692307692308,0.2932692307692308
scaling_dd_only,44,4,0,16,147,61,0,61,0.41496598639455784,0.2932692307692308,0.2932692307692308
scaling_dd_only,44,4,0,17,147,61,0,61,0.41496598639455784,0.2932692307692308,0.2932692307692308
scaling_dd_only,44,4,0,18,147,61,0,61,0.41496598639455784,0.2932692307692308,0.2932692307692308
scaling_dd_only,44,4,0,19,147,61,0,61,0.41496598639455784,0.2932692307692308,0.2932692307692308
scaling_dd_only,44,4,0,20,147,61,0,61,0.41496598639455784,0.2932692307692308,0.2932692307692308
scaling_dd_only,44,4,0,21,147,61,0,61,0.41496598639455784,0.2932692307692308,0.2932692307692308
scaling_dd_only,44,4,1,1,147,61,0,61,0.41496598639455784,0.2932692307692308,0.2932692307692308
scaling_dd_only,44,4,1,2,147,61,0,61,0.41496598639455784,0.2932692307692308,0.2932692307692308
scaling_dd_only,44,4,1,3,147,61,0,61,0.41496598639455784,0.2932692307692308,0.2932692307692308
scaling_dd_only,44,4,1,4,147,61,0,61,0.41496598639455784,0.2932692307692308,0.2932692307692308
scaling_dd_only,44,4,1,5,147,61,0,61,0.41496598639455784,0.2932692307692308,0.2932692307692308
scaling_dd_only,44,4,1,6,147,61,0,61,0.41496598639455784,0.2932692307692308,0.2932692307692308
scaling_dd_only,44,4,1,7,147,61,0,61,0.41496598639455784,0.2932692307692308,0.2932692307692308
scaling_dd_only,44,4,1,8,147,61,0,61,0.41496598639455784,0.2932692307692308,0.2932692307692308
scaling_dd_only,44,4,1,9,147,61,0,61,0.41496598639455784,0.2932692307692308,0.2932692307692308
scaling_dd_only,44,4,1,10,147,61,0,61,0.41496598639455784,0.2932692307692308,0.2932692307692308
scaling_dd_only,44,4,1,11,147,61,0,61,0.41496598639455784,0.2932692307692308,0.2932692307692308
scaling_dd_only,44,4,1,12,147,61,0,61,0.41496598639455784,0.2932692307692308,0.2932692307692308
scaling_dd_only,44,4,1,13,147,61,0,61,0.41496598639455784,0.2932692307692308,0.2932692307692308
scaling_dd_only,44,4,1,14,147,61,0,61,0.41496598639455784,0.2932692307692308,0.2932692307692308
scaling_dd_only,44,4,1,15,147,61,0,61,0.41496598639455784,0.2932692307692308,0.2932692307692308
scaling_dd_only,44,4,1,16,147,61,0,61,0.41496598639455784,0.2932692307692308,0.2932692307692308
scaling_dd_only,44,4,1,17,147,61,0,61,0.41496598639455784,0.2932692307692308,0.2932692307692308
scaling_dd_only,44,4,1,18,147,61,0,61,0.41496598639455784,0.2932692307692308,0.2932692307692308
scaling_dd_only,44,4,1,19,147,61,0,61,0.41496598639455784,0.2932692307692308,0.2932692307692308
scaling_dd_only,44,4,1,20,147,61,0,61,0.41496598639455784,0.2932692307692308,0.2932692307692308
scaling_dd_only,44,4,1,21,147,61,0,61,0.41496598639455784,0.2932692307692308,0.2932692307692308
scaling_dd_only,44,4,2,1,148,62,0,62,0.4189189189189189,0.29523809523809524,0.29523809523809524
scaling_dd_only,44,4,2,2,148,62,0,62,0.4189189189189189,0.29523809523809524,0.29523809523809524
scaling_dd_only,44,4,2,3,148,62,0,62,0.4189189189189189,0.29523809523809524,0.29523809523809524
scaling_dd_only,44,4,2,4,148,62,0,62,0.4189189189189189,0.29523809523809524,0.29523809523809524
scaling_dd_only,44,4,2,5,148,62,0,62,0.4189189189189189,0.29523809523809524,0.29523809523809524
scaling_dd_only,44,4,2,6,148,62,0,62,0.4189189189189189,0.29523809523809524,0.29523809523809524
scaling_dd_only,44,4,2,7,148,62,0,62,0.4189189189189189,0.29523809523809524,0.29523809523809524
scaling_dd_only,44,4,2,8,148,62,0,62,0.4189189189189189,0.29523809523809524,0.29523809523809524
scaling_dd_only,44,4,2,9,148,62,0,62,0.4189189189189189,0.29523809523809524,0.29523809523809524
scaling_dd_only,44,4,2,10,148,62,0,62,0.4189189189189189,0.29523809523809524,0.29523809523809524
scaling_dd_only,44,4,2,11,148,62,0,62,0.4189189189189189,0.29523809523809524,0.29523809523809524
scaling_dd_only,44,4,2,12,148,62,0,62,0.4189189189189189,0.29523809523809524,0.29523809523809524
scaling_dd_only,44,4,2,13,148,62,0,62,0.4189189189189189,0.29523809523809524,0.29523809523809524
scaling_dd_only,44,4,2,14,148,62,0,62,0.4189189189189189,0.29523809523809524,0.29523809523809524
scaling_dd_only,44,4,2,15,148,62,0,62,0.4189189189189189,0.29523809523809524,0.29523809523809524
scaling_dd_only,44,4,2,16,148,62,0,62,0.4189189189189189,0.29523809523809524,0.29523809523809524
scaling_dd_only,44,4,2,17,148,62,0,62,0.4189189189189189,0.29523809523809524,0.29523809523809524
scaling_dd_only,44,4,2,18,148,62,0,62,0.4189189189189189,0.29523809523809524,0.29523809523809524
scaling_dd_only,44,4,2,19,148,62,0,62,0.4189189189189189,0.29523809523809524,0.29523809523809524
scaling_dd_only,44,4,2,20,148,62,0,62,0.4189189189189189,0.29523809523809524,0.29523809523809524
scaling_dd_only,44,4,2,21,148,62,0,62,0.4189189189189189,0.29523809523809524,0.29523809523809524
scaling_dd_only,44,4,2,22,148,62,0,62,0.4189189189189189,0.29523809523809524,0.29523809523809524
scaling_dd_only,44,4,2,23,148,62,0,62,0.4189189189189189,0.29523809523809524,0.29523809523809524
scaling_dd_only,44,4,2,24,148,62,0,62,0.4189189189189189,0.29523809523809524,0.29523809523809524
scaling_dd_only,44,4,2,25,148,62,0,62,0.4189189189189189,0.29523809523809524,0.29523809523809524
scaling_dd_only,44,4,2,26,148,62,0,62,0.4189189189189189,0.29523809523809524,0.29523809523809524
temporal_equal,42,0,0,1,146,59,80,32,1.2043010752688172,0.28780487804878047,0.5463414634146342
temporal_equal,42,0,0,2,146,59,82,27,1.1354166666666667,0.28780487804878047,0.5317073170731708
temporal_equal,42,0,0,3,146,59,66,28,0.8468468468468469,0.28780487804878047,0.4585365853658537
temporal_equal,42,0,0,4,146,59,72,30,0.9902912621359223,0.28780487804878047,0.4975609756097561
temporal_equal,42,0,0,5,146,59,76,29,1.05,0.28780487804878047,0.5121951219512195
temporal_equal,42,0,0,6,146,59,80,24,1.0297029702970297,0.28780487804878047,0.5073170731707317
temporal_equal,42,0,0,7,146,59,74,32,1.0707070707070707,0.28780487804878047,0.5170731707317073
temporal_equal,42,0,0,8,146,59,71,24,0.8636363636363636,0.28780487804878047,0.4634146341463415
temporal_equal,42,0,0,9,146,59,68,34,0.9902912621359223,0.28780487804878047,0.4975609756097561
temporal_equal,42,0,0,10,146,59,74,31,1.05,0.28780487804878047,0.5121951219512195
temporal_equal,42,0,0,11,146,59,79,26,1.05,0.28780487804878047,0.5121951219512195
temporal_equal,42,0,0,12,146,59,68,25,0.8303571428571429,0.28780487804878047,0.45365853658536587
temporal_equal,42,0,0,13,146,59,72,24,0.8807339449541285,0.28780487804878047,0.4682926829268293
temporal_equal,42,0,0,14,146,59,63,25,0.7521367521367521,0.28780487804878047,0.4292682926829268
temporal_equal,42,0,0,15,146,59,84,30,1.2527472527472527,0.28780487804878047,0.5560975609756098
temporal_equal,42,0,0,16,146,59,67,34,0.9711538461538461,0.28780487804878047,0.4926829268292683
temporal_equal,42,0,0,17,146,59,72,32,1.0297029702970297,0.28780487804878047,0.5073170731707317
temporal_equal,42,0,0,18,146,59,77,35,1.2043010752688172,0.28780487804878047,0.5463414634146342
temporal_equal,42,0,0,19,146,59,77,31,1.1134020618556701,0.28780487804878047,0.526829268292683
temporal_equal,42,0,0,20,146,59,74,31,1.05,0.28780487804878047,0.5121951219512195
temporal_equal,42,0,0,21,146,59,83,29,1.2043010752688172,0.28780487804878047,0.5463414634146342
temporal_equal,42,0,0,22,146,59,72,32,1.0297029702970297,0.28780487804878047,0.5073170731707317
temporal_equal,42,0,0,23,146,59,72,21,0.8303571428571429,0.28780487804878047,0.45365853658536587
temporal_equal,42,0,0,24,146,59,75,32,1.0918367346938775,0.28780487804878047,0.5219512195121951
temporal_equal,42,0,0,25,146,59,78,27,1.05,0.28780487804878047,0.5121951219512195
temporal_equal,42,0,0,26,146,59,77,24,0.9711538461538461,0.28780487804878047,0.4926829268292683
temporal_equal,42,0,0,27,146,59,72,21,0.8303571428571429,0.28780487804878047,0.45365853658536587
temporal_equal,42,0,0,28,146,59,75,29,1.0297029702970297,0.28780487804878047,0.5073170731707317
temporal_equal,42,0,0,29,146,59,77,32,1.1354166666666667,0.28780487804878047,0.5317073170731708
temporal_equal,42,0,0,30,146,59,81,30,1.1808510638297873,0.28780487804878047,0.5414634146341464
temporal_equal,42,0,0,31,146,59,79,32,1.1808510638297873,0.28780487804878047,0.5414634146341464
temporal_equal,42,0,0,32,146,59,68,29,0.8981481481481481,0.28780487804878047,0.47317073170731705
temporal_equal,42,0,1,1,147,60,81,32,1.202127659574468,0.2898550724637681,0.5458937198067633
temporal_equal,42,0,1,2,147,60,82,29,1.15625,0.2898550724637681,0.5362318840579711
temporal_equal,42,0,1,3,147,60,56,37,0.8157894736842105,0.2898550724637681,0.4492753623188406
temporal_equal,42,0,1,4,147,60,76,27,0.9903846153846154,0.2898550724637681,0.4975845410628019
temporal_equal,42,0,1,5,147,60,71,33,1.0097087378640777,0.2898550724637681,0.5024154589371981
temporal_equal,42,0,1,6,147,60,72,34,1.0495049504950495,0.2898550724637681,0.5120772946859904
temporal_equal,42,0,1,7,147,60,73,37,1.134020618556701,0.2898550724637681,0.5314009661835749
temporal_equal,42,0,1,8,147,60,67,26,0.8157894736842105,0.2898550724637681,0.4492753623188406
temporal_equal,42,0,1,9,147,60,68,34,0.9714285714285714,0.2898550724637681,0.4927536231884058
temporal_equal,42,0,1,10,147,60,77,32,1.1122448979591837,0.2898550724637681,0.5265700483091788
temporal_equal,42,0,1,11,147,60,75,31,1.0495049504950495,0.2898550724637681,0.5120772946859904
temporal_equal,42,0,1,12,147,60,65,28,0.8157894736842105,0.2898550724637681,0.4492753623188406
temporal_equal,42,0,1,13,147,60,70,31,0.9528301886792453,0.2898550724637681,0.48792270531400966
temporal_equal,42,0,1,14,147,60,58,30,0.7394957983193278,0.2898550724637681,0.4251207729468599
temporal_equal,42,0,1,15,147,60,79,34,1.202127659574468,0.2898550724637681,0.5458937198067633
temporal_equal,42,0,1,16,147,60,72,29,0.9528301886792453,0.2898550724637681,0.48792270531400966
temporal_equal,42,0,1,17,147,60,75,28,0.9903846153846154,0.2898550724637681,0.4975845410628019
temporal_equal,42,0,1,18,147,60,82,36,1.3258426966292134,0.2898550724637681,0.5700483091787439
temporal_equal,42,0,1,19,147,60,80,33,1.202127659574468,0.2898550724637681,0.5458937198067633
temporal_equal,42,0,1,20,147,60,69,33,0.9714285714285714,0.2898550724637681,0.4927536231884058
temporal_equal,42,0,1,21,147,60,75,36,1.15625,0.2898550724637681,0.5362318840579711
temporal_equal,42,0,1,22,147,60,65,30,0.8482142857142857,0.2898550724637681,0.45893719806763283
temporal_equal,42,0,1,23,147,60,74,28,0.9714285714285714,0.2898550724637681,0.4927536231884058
temporal_equal,42,0,1,24,147,60,79,33,1.1789473684210525,0.2898550724637681,0.5410628019323671
temporal_equal,42,0,2,1,147,61,84,30,1.2127659574468086,0.2932692307692308,0.5480769230769231
temporal_equal,42,0,2,2,147,61,81,30,1.1443298969072164,0.2932692307692308,0.5336538461538461
temporal_equal,42,0,2,3,147,61,74,19,0.808695652173913,0.2932692307692308,0.44711538461538464
temporal_equal,42,0,2,4,147,61,74,30,1.0,0.2932692307692308,0.5
temporal_equal,42,0,2,5,147,61,73,31,1.0,0.2932692307692308,0.5
temporal_equal,42,0,2,6,147,61,77,30,1.0594059405940595,0.2932692307692308,0.5144230769230769
temporal_equal,42,0,2,7,147,61,79,31,1.1224489795918366,0.2932692307692308,0.5288461538461539
temporal_equal,42,0,2,8,147,61,58,34,0.7931034482758621,0.2932692307692308,0.4423076923076923
temporal_equal,42,0,2,9,147,61,81,26,1.0594059405940595,0.2932692307692308,0.5144230769230769
temporal_equal,42,0,2,10,147,61,75,31,1.0392156862745099,0.2932692307692308,0.5096153846153846
temporal_equal,42,0,2,11,147,61,81,26,1.0594059405940595,0.2932692307692308,0.5144230769230769
temporal_equal,42,0,2,12,147,61,71,25,0.8571428571428571,0.2932692307692308,0.46153846153846156
temporal_equal,42,0,2,13,147,61,68,31,0.908256880733945,0.2932692307692308,0.47596153846153844
temporal_equal,42,0,2,14,147,61,59,31,0.7627118644067796,0.2932692307692308,0.4326923076923077
temporal_equal,42,0,2,15,147,61,86,28,1.2127659574468086,0.2932692307692308,0.5480769230769231
temporal_equal,42,0,2,16,147,61,75,25,0.9259259259259259,0.2932692307692308,0.4807692307692308
temporal_equal,42,0,2,17,147,61,70,37,1.0594059405940595,0.2932692307692308,0.5144230769230769
temporal_equal,42,0,2,18,147,61,80,39,1.3370786516853932,0.2932692307692308,0.5721153846153846
temporal_equal,42,0,2,19,147,61,72,36,1.08,0.2932692307692308,0.5192307692307693
temporal_equal,42,0,2,20,147,61,85,20,1.0194174757281553,0.2932692307692308,0.5048076923076923
temporal_equal,42,0,2,21,147,61,79,32,1.1443298969072164,0.2932692307692308,0.5336538461538461
temporal_equal,42,1,0,1,147,60,81,32,1.202127659574468,0.2898550724637681,0.5458937198067633
temporal_equal,42,1,0,2,147,60,78,33,1.15625,0.2898550724637681,0.5362318840579711
temporal_equal,42,1,0,3,147,60,68,25,0.8157894736842105,0.2898550724637681,0.4492753623188406
temporal_equal,42,1,0,4,147,60,75,28,0.9903846153846154,0.2898550724637681,0.4975845410628019
temporal_equal,42,1,0,5,147,60,75,29,1.0097087378640777,0.2898550724637681,0.5024154589371981
temporal_equal,42,1,0,6,147,60,75,31,1.0495049504950495,0.2898550724637681,0.5120772946859904
temporal_equal,42,1,0,7,147,60,84,26,1.134020618556701,0.2898550724637681,0.5314009661835749
temporal_equal,42,1,0,8,147,60,65,28,0.8157894736842105,0.2898550724637681,0.4492753623188406
temporal_equal,42,1,0,9,147,60,70,32,0.9714285714285714,0.2898550724637681,0.4927536231884058
temporal_equal,42,1,0,10,147,60,75,34,1.1122448979591837,0.2898550724637681,0.5265700483091788
temporal_equal,42,1,0,11,147,60,70,36,1.0495049504950495,0.2898550724637681,0.5120772946859904
temporal_equal,42,1,0,12,147,60,69,24,0.8157894736842105,0.2898550724637681,0.4492753623188406
temporal_equal,42,1,0,13,147,60,73,28,0.9528301886792453,0.2898550724637681,0.48792270531400966
temporal_equal,42,1,0,14,147,60,62,26,0.7394957983193278,0.2898550724637681,0.4251207729468599
temporal_equal,42,1,0,15,147,60,75,38,1.202127659574468,0.2898550724637681,0.5458937198067633
temporal_equal,42,1,0,16,147,60,71,30,0.9528301886792453,0.2898550724637681,0.48792270531400966
temporal_equal,42,1,0,17,147,60,73,30,0.9903846153846154,0.2898550724637681,0.4975845410628019
temporal_equal,42,1,0,18,147,60,86,32,1.3258426966292134,0.2898550724637681,0.5700483091787439
temporal_equal,42,1,0,19,147,60,85,28,1.202127659574468,0.2898550724637681,0.5458937198067633
temporal_equal,42,1,0,20,147,60,76,26,0.9714285714285714,0.2898550724637681,0.4927536231884058
temporal_equal,42,1,0,21,147,60,77,34,1.15625,0.2898550724637681,0.5362318840579711
temporal_equal,42,1,0,22,147,60,65,30,0.8482142857142857,0.2898550724637681,0.45893719806763283
temporal_equal,42,1,0,23,147,60,74,28,0.9714285714285714,0.2898550724637681,0.4927536231884058
temporal_equal,42,1,0,24,147,60,76,36,1.1789473684210525,0.2898550724637681,0.5410628019323671
temporal_equal,42,1,0,25,147,60,75,30,1.0294117647058822,0.2898550724637681,0.5072463768115942
temporal_equal,42,1,0,26,147,60,74,25,0.9166666666666666,0.2898550724637681,0.4782608695652174
temporal_equal,42,1,0,27,147,60,69,30,0.9166666666666666,0.2898550724637681,0.4782608695652174
temporal_equal,42,1,0,28,147,60,67,30,0.8818181818181818,0.2898550724637681,0.46859903381642515
temporal_equal,42,1,1,1,147,61,82,32,1.2127659574468086,0.2932692307692308,0.5480769230769231
temporal_equal,42,1,1,2,147,61,75,36,1.1443298969072164,0.2932692307692308,0.5336538461538461
temporal_equal,42,1,1,3,147,61,71,22,0.808695652173913,0.2932692307692308,0.44711538461538464
temporal_equal,42,1,1,4,147,61,76,28,1.0,0.2932692307692308,0.5
temporal_equal,42,1,1,5,147,61,73,31,1.0,0.2932692307692308,0.5
temporal_equal,42,1,1,6,147,61,77,30,1.0594059405940595,0.2932692307692308,0.5144230769230769
temporal_equal,42,1,1,7,147,61,81,29,1.1224489795918366,0.2932692307692308,0.5288461538461539
temporal_equal,42,1,1,8,147,61,63,29,0.7931034482758621,0.2932692307692308,0.4423076923076923
temporal_equal,42,1,1,9,147,61,74,33,1.0594059405940595,0.2932692307692308,0.5144230769230769
temporal_equal,42,1,1,10,147,61,73,33,1.0392156862745099,0.2932692307692308,0.5096153846153846
temporal_equal,42,1,1,11,147,61,77,30,1.0594059405940595,0.2932692307692308,0.5144230769230769
temporal_equal,42,1,1,12,147,61,73,23,0.8571428571428571,0.2932692307692308,0.46153846153846156
temporal_equal,42,1,1,13,147,61,70,29,0.908256880733945,0.2932692307692308,0.47596153846153844
temporal_equal,42,1,1,14,147,61,63,27,0.7627118644067796,0.2932692307692308,0.4326923076923077
temporal_equal,42,1,1,15,147,61,86,28,1.2127659574468086,0.2932692307692308,0.5480769230769231
temporal_equal,42,1,1,16,147,61,70,30,0.9259259259259259,0.2932692307692308,0.4807692307692308
temporal_equal,42,1,1,17,147,61,74,33,1.0594059405940595,0.2932692307692308,0.5144230769230769
temporal_equal,42,1,1,18,147,61,80,39,1.3370786516853932,0.2932692307692308,0.5721153846153846
temporal_equal,42,1,1,19,147,61,80,28,1.08,0.2932692307692308,0.5192307692307693
temporal_equal,42,1,1,20,147,61,82,23,1.0194174757281553,0.2932692307692308,0.5048076923076923
temporal_equal,42,1,2,1,148,61,83,31,1.2,0.291866028708134,0.5454545454545454
temporal_equal,42,1,2,2,148,61,76,36,1.1546391752577319,0.291866028708134,0.5358851674641149
temporal_equal,42,1,2,3,148,61,62,32,0.8173913043478261,0.291866028708134,0.44976076555023925
temporal_equal,42,1,2,4,148,61,76,29,1.0096153846153846,0.291866028708134,0.5023923444976076
temporal_equal,42,1,2,5,148,61,74,30,0.9904761904761905,0.291866028708134,0.49760765550239233
temporal_equal,42,1,2,6,148,61,72,35,1.0490196078431373,0.291866028708134,0.5119617224880383
temporal_equal,42,1,2,7,148,61,75,34,1.09,0.291866028708134,0.5215311004784688
temporal_equal,42,1,2,8,148,61,70,23,0.8017241379310345,0.291866028708134,0.4449760765550239
temporal_equal,42,1,2,9,148,61,78,32,1.1111111111111112,0.291866028708134,0.5263157894736842
temporal_equal,42,1,2,10,148,61,78,28,1.029126213592233,0.291866028708134,0.507177033492823
temporal_equal,42,1,2,11,148,61,74,30,0.9904761904761905,0.291866028708134,0.49760765550239233
temporal_equal,42,1,2,12,148,61,62,36,0.8828828828828829,0.291866028708134,0.4688995215311005
temporal_equal,42,1,2,13,148,61,70,29,0.9,0.291866028708134,0.47368421052631576
temporal_equal,42,1,2,14,148,61,67,24,0.7711864406779662,0.291866028708134,0.4354066985645933
temporal_equal,42,1,2,15,148,61,84,31,1.2234042553191489,0.291866028708134,0.5502392344497608
temporal_equal,42,1,2,16,148,61,67,32,0.9,0.291866028708134,0.47368421052631576
temporal_equal,42,1,2,17,148,61,76,35,1.1326530612244898,0.291866028708134,0.5311004784688995
temporal_equal,42,1,2,18,148,61,85,32,1.2717391304347827,0.291866028708134,0.5598086124401914
temporal_equal,42,1,2,19,148,61,77,33,1.1111111111111112,0.291866028708134,0.5263157894736842
temporal_equal,42,1,2,20,148,61,69,34,0.9716981132075472,0.291866028708134,0.49282296650717705
temporal_equal,42,1,2,21,148,61,81,32,1.1770833333333333,0.291866028708134,0.5406698564593302
temporal_equal,42,1,2,22,148,61,66,30,0.8495575221238938,0.291866028708134,0.45933014354066987
temporal_equal,42,1,2,23,148,61,76,32,1.0693069306930694,0.291866028708134,0.5167464114832536
temporal_equal,42,1,2,24,148,61,80,28,1.0693069306930694,0.291866028708134,0.5167464114832536
temporal_equal,42,2,0,1,147,60,79,34,1.202127659574468,0.2898550724637681,0.5458937198067633
temporal_equal,42,2,0,2,147,60,80,31,1.15625,0.2898550724637681,0.5362318840579711
temporal_equal,42,2,0,3,147,60,62,31,0.8157894736842105,0.2898550724637681,0.4492753623188406
temporal_equal,42,2,0,4,147,60,78,25,0.9903846153846154,0.2898550724637681,0.4975845410628019
temporal_equal,42,2,0,5,147,60,71,33,1.0097087378640777,0.2898550724637681,0.5024154589371981
temporal_equal,42,2,0,6,147,60,78,28,1.0495049504950495,0.2898550724637681,0.5120772946859904
temporal_equal,42,2,0,7,147,60,77,33,1.134020618556701,0.2898550724637681,0.5314009661835749
temporal_equal,42,2,0,8,147,60,62,31,0.8157894736842105,0.2898550724637681,0.4492753623188406
temporal_equal,42,2,0,9,147,60,74,28,0.9714285714285714,0.2898550724637681,0.4927536231884058
temporal_equal,42,2,0,10,147,60,74,35,1.1122448979591837,0.2898550724637681,0.5265700483091788
temporal_equal,42,2,0,11,147,60,70,36,1.0495049504950495,0.2898550724637681,0.5120772946859904
temporal_equal,42,2,0,12,147,60,65,28,0.8157894736842105,0.2898550724637681,0.4492753623188406
temporal_equal,42,2,0,13,147,60,75,26,0.9528301886792453,0.2898550724637681,0.48792270531400966
temporal_equal,42,2,0,14,147,60,59,29,0.7394957983193278,0.2898550724637681,0.4251207729468599
temporal_equal,42,2,0,15,147,60,84,29,1.202127659574468,0.2898550724637681,0.5458937198067633
temporal_equal,42,2,0,16,147,60,73,28,0.9528301886792453,0.2898550724637681,0.48792270531400966
temporal_equal,42,2,0,17,147,60,69,34,0.9903846153846154,0.2898550724637681,0.4975845410628019
temporal_equal,42,2,0,18,147,60,80,38,1.3258426966292134,0.2898550724637681,0.5700483091787439
temporal_equal,42,2,0,19,147,60,87,26,1.202127659574468,0.2898550724637681,0.5458937198067633
temporal_equal,42,2,0,20,147,60,67,35,0.9714285714285714,0.2898550724637681,0.4927536231884058
temporal_equal,42,2,0,21,147,60,78,33,1.15625,0.2898550724637681,0.5362318840579711
temporal_equal,42,2,0,22,147,60,67,28,0.8482142857142857,0.2898550724637681,0.45893719806763283
temporal_equal,42,2,0,23,147,60,70,32,0.9714285714285714,0.2898550724637681,0.4927536231884058
temporal_equal,42,2,0,24,147,60,79,33,1.1789473684210525,0.2898550724637681,0.5410628019323671
temporal_equal,42,2,0,25,147,60,78,27,1.0294117647058822,0.2898550724637681,0.5072463768115942
temporal_equal,42,2,0,26,147,60,68,31,0.9166666666666666,0.2898550724637681,0.4782608695652174
temporal_equal,42,2,0,27,147,60,73,26,0.9166666666666666,0.2898550724637681,0.4782608695652174
temporal_equal,42,2,0,28,147,60,66,31,0.8818181818181818,0.2898550724637681,0.46859903381642515
temporal_equal,42,2,0,29,147,60,83,32,1.25,0.2898550724637681,0.5555555555555556
temporal_equal,42,2,0,30,147,60,80,34,1.2258064516129032,0.2898550724637681,0.5507246376811594
temporal_equal,42,2,0,31,147,60,81,32,1.202127659574468,0.2898550724637681,0.5458937198067633
temporal_equal,42,2,0,32,147,60,70,30,0.9345794392523364,0.2898550724637681,0.4830917874396135
temporal_equal,42,2,0,33,147,60,78,29,1.07,0.2898550724637681,0.5169082125603864
temporal_equal,42,2,0,34,147,60,73,32,1.0294117647058822,0.2898550724637681,0.5072463768115942
temporal_equal,42,2,0,35,147,60,67,29,0.8648648648648649,0.2898550724637681,0.463768115942029
temporal_equal,42,2,0,36,147,60,76,25,0.9528301886792453,0.2898550724637681,0.48792270531400966
temporal_equal,42,2,0,37,147,60,74,33,1.07,0.2898550724637681,0.5169082125603864
temporal_equal,42,2,1,1,147,61,83,31,1.2127659574468086,0.2932692307692308,0.5480769230769231
temporal_equal,42,2,1,2,147,61,78,33,1.1443298969072164,0.2932692307692308,0.5336538461538461
temporal_equal,42,2,1,3,147,61,65,28,0.808695652173913,0.2932692307692308,0.44711538461538464
temporal_equal,42,2,1,4,147,61,77,27,1.0,0.2932692307692308,0.5
temporal_equal,42,2,1,5,147,61,68,36,1.0,0.2932692307692308,0.5
temporal_equal,42,2,1,6,147,61,76,31,1.0594059405940595,0.2932692307692308,0.5144230769230769
temporal_equal,42,2,1,7,147,61,75,35,1.1224489795918366,0.2932692307692308,0.5288461538461539
temporal_equal,42,2,1,8,147,61,65,27,0.7931034482758621,0.2932692307692308,0.4423076923076923
temporal_equal,42,2,1,9,147,61,76,31,1.0594059405940595,0.2932692307692308,0.5144230769230769
temporal_equal,42,2,1,10,147,61,79,27,1.0392156862745099,0.2932692307692308,0.5096153846153846
temporal_equal,42,2,1,11,147,61,79,28,1.0594059405940595,0.2932692307692308,0.5144230769230769
temporal_equal,42,2,1,12,147,61,67,29,0.8571428571428571,0.2932692307692308,0.46153846153846156
temporal_equal,42,2,1,13,147,61,69,30,0.908256880733945,0.2932692307692308,0.47596153846153844
temporal_equal,42,2,1,14,147,61,62,28,0.7627118644067796,0.2932692307692308,0.4326923076923077
temporal_equal,42,2,1,15,147,61,79,35,1.2127659574468086,0.2932692307692308,0.5480769230769231
temporal_equal,42,2,1,16,147,61,75,25,0.9259259259259259,0.2932692307692308,0.4807692307692308
temporal_equal,42,2,1,17,147,61,72,35,1.0594059405940595,0.2932692307692308,0.5144230769230769
temporal_equal,42,2,1,18,147,61,82,37,1.3370786516853932,0.2932692307692308,0.5721153846153846
temporal_equal,42,2,1,19,147,61,75,33,1.08,0.2932692307692308,0.5192307692307693
temporal_equal,42,2,1,20,147,61,74,31,1.0194174757281553,0.2932692307692308,0.5048076923076923
temporal_equal,42,2,1,21,147,61,78,33,1.1443298969072164,0.2932692307692308,0.5336538461538461
temporal_equal,42,2,1,22,147,61,65,27,0.7931034482758621,0.2932692307692308,0.4423076923076923
temporal_equal,42,2,1,23,147,61,80,29,1.101010101010101,0.2932692307692308,0.5240384615384616
temporal_equal,42,2,1,24,147,61,78,30,1.08,0.2932692307692308,0.5192307692307693
temporal_equal,42,2,2,1,148,61,86,28,1.2,0.291866028708134,0.5454545454545454
temporal_equal,42,2,2,2,148,61,78,34,1.1546391752577319,0.291866028708134,0.5358851674641149
temporal_equal,42,2,2,3,148,61,60,34,0.8173913043478261,0.291866028708134,0.44976076555023925
temporal_equal,42,2,2,4,148,61,76,29,1.0096153846153846,0.291866028708134,0.5023923444976076
temporal_equal,42,2,2,5,148,61,80,24,0.9904761904761905,0.291866028708134,0.49760765550239233
temporal_equal,42,2,2,6,148,61,78,29,1.0490196078431373,0.291866028708134,0.5119617224880383
temporal_equal,42,2,2,7,148,61,75,34,1.09,0.291866028708134,0.5215311004784688
temporal_equal,42,2,2,8,148,61,65,28,0.8017241379310345,0.291866028708134,0.4449760765550239
temporal_equal,42,2,2,9,148,61,77,33,1.1111111111111112,0.291866028708134,0.5263157894736842
temporal_equal,42,2,2,10,148,61,72,34,1.029126213592233,0.291866028708134,0.507177033492823
temporal_equal,42,2,2,11,148,61,77,27,0.9904761904761905,0.291866028708134,0.49760765550239233
temporal_equal,42,2,2,12,148,61,72,26,0.8828828828828829,0.291866028708134,0.4688995215311005
temporal_equal,42,2,2,13,148,61,69,30,0.9,0.291866028708134,0.47368421052631576
temporal_equal,42,2,2,14,148,61,71,20,0.7711864406779662,0.291866028708134,0.4354066985645933
temporal_equal,42,2,2,15,148,61,82,33,1.2234042553191489,0.291866028708134,0.5502392344497608
temporal_equal,42,2,2,16,148,61,70,29,0.9,0.291866028708134,0.47368421052631576
temporal_equal,42,2,2,17,148,61,87,24,1.1326530612244898,0.291866028708134,0.5311004784688995
temporal_equal,42,2,2,18,148,61,77,40,1.2717391304347827,0.291866028708134,0.5598086124401914
temporal_equal,42,2,2,19,148,61,85,25,1.1111111111111112,0.291866028708134,0.5263157894736842
temporal_equal,42,2,2,20,148,61,69,34,0.9716981132075472,0.291866028708134,0.49282296650717705
temporal_equal,42,2,2,21,148,61,85,28,1.1770833333333333,0.291866028708134,0.5406698564593302
temporal_equal,42,2,2,22,148,61,68,28,0.8495575221238938,0.291866028708134,0.45933014354066987
temporal_equal,42,2,2,23,148,61,78,30,1.0693069306930694,0.291866028708134,0.5167464114832536
temporal_equal,42,2,2,24,148,61,72,36,1.0693069306930694,0.291866028708134,0.5167464114832536
temporal_equal,42,2,2,25,148,61,73,31,0.9904761904761905,0.291866028708134,0.49760765550239233
temporal_equal,42,2,2,26,148,61,73,27,0.9174311926605505,0.291866028708134,0.4784688995215311
temporal_equal,42,2,2,27,148,61,71,31,0.9532710280373832,0.291866028708134,0.4880382775119617
temporal_equal,42,2,2,28,148,61,65,33,0.8828828828828829,0.291866028708134,0.4688995215311005
temporal_equal,42,2,2,29,148,61,87,36,1.430232558139535,0.291866028708134,0.5885167464114832
temporal_equal,42,3,0,1,147,61,83,31,1.2127659574468086,0.2932692307692308,0.5480769230769231
temporal_equal,42,3,0,2,147,61,79,32,1.1443298969072164,0.2932692307692308,0.5336538461538461
temporal_equal,42,3,0,3,147,61,62,31,0.808695652173913,0.2932692307692308,0.44711538461538464
temporal_equal,42,3,0,4,147,61,76,28,1.0,0.2932692307692308,0.5
temporal_equal,42,3,0,5,147,61,75,29,1.0,0.2932692307692308,0.5
temporal_equal,42,3,0,6,147,61,77,30,1.0594059405940595,0.2932692307692308,0.5144230769230769
temporal_equal,42,3,0,7,147,61,78,32,1.1224489795918366,0.2932692307692308,0.5288461538461539
temporal_equal,42,3,0,8,147,61,64,28,0.7931034482758621,0.2932692307692308,0.4423076923076923
temporal_equal,42,3,0,9,147,61,74,33,1.0594059405940595,0.2932692307692308,0.5144230769230769
temporal_equal,42,3,0,10,147,61,77,29,1.0392156862745099,0.2932692307692308,0.5096153846153846
temporal_equal,42,3,0,11,147,61,75,32,1.0594059405940595,0.2932692307692308,0.5144230769230769
temporal_equal,42,3,0,12,147,61,69,27,0.8571428571428571,0.2932692307692308,0.46153846153846156
temporal_equal,42,3,0,13,147,61,75,24,0.908256880733945,0.2932692307692308,0.47596153846153844
temporal_equal,42,3,0,14,147,61,65,25,0.7627118644067796,0.2932692307692308,0.4326923076923077
temporal_equal,42,3,0,15,147,61,83,31,1.2127659574468086,0.2932692307692308,0.5480769230769231
temporal_equal,42,3,0,16,147,61,70,30,0.9259259259259259,0.2932692307692308,0.4807692307692308
temporal_equal,42,3,0,17,147,61,75,32,1.0594059405940595,0.2932692307692308,0.5144230769230769
temporal_equal,42,3,0,18,147,61,88,31,1.3370786516853932,0.2932692307692308,0.5721153846153846
temporal_equal,42,3,0,19,147,61,78,30,1.08,0.2932692307692308,0.5192307692307693
temporal_equal,42,3,0,20,147,61,72,33,1.0194174757281553,0.2932692307692308,0.5048076923076923
temporal_equal,42,3,0,21,147,61,84,27,1.1443298969072164,0.2932692307692308,0.5336538461538461
temporal_equal,42,3,0,22,147,61,68,24,0.7931034482758621,0.2932692307692308,0.4423076923076923
temporal_equal,42,3,0,23,147,61,76,33,1.101010101010101,0.2932692307692308,0.5240384615384616
temporal_equal,42,3,0,24,147,61,84,24,1.08,0.2932692307692308,0.5192307692307693
temporal_equal,42,3,0,25,147,61,74,32,1.0392156862745099,0.2932692307692308,0.5096153846153846
temporal_equal,42,3,0,26,147,61,75,28,0.9809523809523809,0.2932692307692308,0.4951923076923077
temporal_equal,42,3,0,27,147,61,65,30,0.8407079646017699,0.2932692307692308,0.4567307692307692
temporal_equal,42,3,0,28,147,61,72,27,0.908256880733945,0.2932692307692308,0.47596153846153844
temporal_equal,42,3,0,29,147,61,86,35,1.3908045977011494,0.2932692307692308,0.5817307692307693
temporal_equal,42,3,0,30,147,61,76,33,1.101010101010101,0.2932692307692308,0.5240384615384616
temporal_equal,42,3,0,31,147,61,82,32,1.2127659574468086,0.2932692307692308,0.5480769230769231
temporal_equal,42,3,0,32,147,61,67,32,0.908256880733945,0.2932692307692308,0.47596153846153844
temporal_equal,42,3,0,33,147,61,78,32,1.1224489795918366,0.2932692307692308,0.5288461538461539
temporal_equal,42,3,0,34,147,61,68,32,0.9259259259259259,0.2932692307692308,0.4807692307692308
temporal_equal,42,3,0,35,147,61,72,26,0.8909090909090909,0.2932692307692308,0.47115384615384615
temporal_equal,42,3,0,36,147,61,79,30,1.101010101010101,0.2932692307692308,0.5240384615384616
temporal_equal,42,3,0,37,147,61,72,29,0.9439252336448598,0.2932692307692308,0.4855769230769231
temporal_equal,42,3,0,38,147,61,76,28,1.0,0.2932692307692308,0.5
temporal_equal,42,3,0,39,147,61,65,34,0.908256880733945,0.2932692307692308,0.47596153846153844
temporal_equal,42,3,0,40,147,61,79,35,1.2127659574468086,0.2932692307692308,0.5480769230769231
temporal_equal,42,3,0,41,147,61,79,28,1.0594059405940595,0.2932692307692308,0.5144230769230769
temporal_equal,42,3,0,42,147,61,68,30,0.8909090909090909,0.2932692307692308,0.47115384615384615
temporal_equal,42,3,0,43,147,61,82,26,1.08,0.2932692307692308,0.5192307692307693
temporal_equal,42,3,0,44,147,61,75,30,1.0194174757281553,0.2932692307692308,0.5048076923076923
temporal_equal,42,3,0,45,147,61,69,39,1.08,0.2932692307692308,0.5192307692307693
temporal_equal,42,3,0,46,147,61,71,29,0.9259259259259259,0.2932692307692308,0.4807692307692308
temporal_equal,42,3,0,47,147,61,76,34,1.1224489795918366,0.2932692307692308,0.5288461538461539
temporal_equal,42,3,0,48,147,61,69,29,0.8909090909090909,0.2932692307692308,0.47115384615384615
temporal_equal,42,3,0,49,147,61,65,36,0.9439252336448598,0.2932692307692308,0.4855769230769231
temporal_equal,42,3,1,1,147,61,82,32,1.2127659574468086,0.2932692307692308,0.5480769230769231
temporal_equal,42,3,1,2,147,61,79,32,1.1443298969072164,0.2932692307692308,0.5336538461538461
temporal_equal,42,3,1,3,147,61,63,30,0.808695652173913,0.2932692307692308,0.44711538461538464
temporal_equal,42,3,1,4,147,61,70,34,1.0,0.2932692307692308,0.5
temporal_equal,42,3,1,5,147,61,74,30,1.0,0.2932692307692308,0.5
temporal_equal,42,3,1,6,147,61,72,35,1.0594059405940595,0.2932692307692308,0.5144230769230769
temporal_equal,42,3,1,7,147,61,77,33,1.1224489795918366,0.2932692307692308,0.5288461538461539
temporal_equal,42,3,1,8,147,61,63,29,0.7931034482758621,0.2932692307692308,0.4423076923076923
temporal_equal,42,3,1,9,147,61,76,31,1.0594059405940595,0.2932692307692308,0.5144230769230769
temporal_equal,42,3,1,10,147,61,76,30,1.0392156862745099,0.2932692307692308,0.5096153846153846
temporal_equal,42,3,1,11,147,61,73,34,1.0594059405940595,0.2932692307692308,0.5144230769230769
temporal_equal,42,3,1,12,147,61,73,23,0.8571428571428571,0.2932692307692308,0.46153846153846156
temporal_equal,42,3,1,13,147,61,67,32,0.908256880733945,0.2932692307692308,0.47596153846153844
temporal_equal,42,3,1,14,147,61,57,33,0.7627118644067796,0.2932692307692308,0.4326923076923077
temporal_equal,42,3,1,15,147,61,80,34,1.2127659574468086,0.2932692307692308,0.5480769230769231
temporal_equal,42,3,1,16,147,61,67,33,0.9259259259259259,0.2932692307692308,0.4807692307692308
temporal_equal,42,3,1,17,147,61,79,28,1.0594059405940595,0.2932692307692308,0.5144230769230769
temporal_equal,42,3,1,18,147,61,83,36,1.3370786516853932,0.2932692307692308,0.5721153846153846
temporal_equal,42,3,1,19,147,61,77,31,1.08,0.2932692307692308,0.5192307692307693
temporal_equal,42,3,1,20,147,61,69,36,1.0194174757281553,0.2932692307692308,0.5048076923076923
temporal_equal,42,3,1,21,147,61,74,37,1.1443298969072164,0.2932692307692308,0.5336538461538461
temporal_equal,42,3,1,22,147,61,65,27,0.7931034482758621,0.2932692307692308,0.4423076923076923
temporal_equal,42,3,1,23,147,61,79,30,1.101010101010101,0.2932692307692308,0.5240384615384616
temporal_equal,42,3,2,1,148,62,77,37,1.1875,0.29523809523809524,0.5428571428571428
temporal_equal,42,3,2,2,148,62,81,32,1.1649484536082475,0.29523809523809524,0.5380952380952381
temporal_equal,42,3,2,3,148,62,71,23,0.8103448275862069,0.29523809523809524,0.44761904761904764
temporal_equal,42,3,2,4,148,62,77,30,1.0388349514563107,0.29523809523809524,0.5095238095238095
temporal_equal,42,3,2,5,148,62,71,32,0.9626168224299065,0.29523809523809524,0.49047619047619045
temporal_equal,42,3,2,6,148,62,80,30,1.1,0.29523809523809524,0.5238095238095238
temporal_equal,42,3,2,7,148,62,75,33,1.0588235294117647,0.29523809523809524,0.5142857142857142
temporal_equal,42,3,2,8,148,62,64,27,0.7647058823529411,0.29523809523809524,0.43333333333333335
temporal_equal,42,3,2,9,148,62,81,30,1.121212121212121,0.29523809523809524,0.5285714285714286
temporal_equal,42,3,2,10,148,62,72,35,1.0388349514563107,0.29523809523809524,0.5095238095238095
temporal_equal,42,3,2,11,148,62,77,29,1.0192307692307692,0.29523809523809524,0.5047619047619047
temporal_equal,42,3,2,12,148,62,72,25,0.8584070796460177,0.29523809523809524,0.46190476190476193
temporal_equal,42,3,2,13,148,62,64,34,0.875,0.29523809523809524,0.4666666666666667
temporal_equal,42,3,2,14,148,62,65,31,0.8421052631578947,0.29523809523809524,0.45714285714285713
temporal_equal,42,3,2,15,148,62,77,34,1.121212121212121,0.29523809523809524,0.5285714285714286
temporal_equal,42,3,2,16,148,62,74,30,0.9811320754716981,0.29523809523809524,0.49523809523809526
temporal_equal,42,3,2,17,148,62,81,32,1.1649484536082475,0.29523809523809524,0.5380952380952381
temporal_equal,42,3,2,18,148,62,83,31,1.1875,0.29523809523809524,0.5428571428571428
temporal_equal,42,3,2,19,148,62,82,31,1.1649484536082475,0.29523809523809524,0.5380952380952381
temporal_equal,42,3,2,20,148,62,74,27,0.926605504587156,0.29523809523809524,0.48095238095238096
temporal_equal,42,3,2,21,148,62,85,29,1.1875,0.29523809523809524,0.5428571428571428
temporal_equal,42,3,2,22,148,62,72,26,0.875,0.29523809523809524,0.4666666666666667
temporal_equal,42,3,2,23,148,62,75,34,1.0792079207920793,0.29523809523809524,0.5190476190476191
temporal_equal,42,3,2,24,148,62,74,30,0.9811320754716981,0.29523809523809524,0.49523809523809526
temporal_equal,42,3,2,25,148,62,74,31,1.0,0.29523809523809524,0.5
temporal_equal,42,3,2,26,148,62,70,30,0.9090909090909091,0.29523809523809524,0.47619047619047616
temporal_equal,42,3,2,27,148,62,75,27,0.9444444444444444,0.29523809523809524,0.4857142857142857
temporal_equal,42,3,2,28,148,62,73,33,1.0192307692307692,0.29523809523809524,0.5047619047619047
temporal_equal,42,3,2,29,148,62,86,32,1.2826086956521738,0.29523809523809524,0.5619047619047619
temporal_equal,42,3,2,30,148,62,74,33,1.0388349514563107,0.29523809523809524,0.5095238095238095
temporal_equal,42,3,2,31,148,62,83,35,1.2826086956521738,0.29523809523809524,0.5619047619047619
temporal_equal,42,3,2,32,148,62,74,26,0.9090909090909091,0.29523809523809524,0.47619047619047616
temporal_equal,42,3,2,33,148,62,81,29,1.1,0.29523809523809524,0.5238095238095238
temporal_equal,42,3,2,34,148,62,77,27,0.9811320754716981,0.29523809523809524,0.49523809523809526
temporal_equal,42,3,2,35,148,62,66,29,0.8260869565217391,0.29523809523809524,0.4523809523809524
temporal_equal,42,3,2,36,148,62,77,32,1.0792079207920793,0.29523809523809524,0.5190476190476191
temporal_equal,42,3,2,37,148,62,71,28,0.8918918918918919,0.29523809523809524,0.4714285714285714
temporal_equal,42,3,2,38,148,62,75,31,1.0192307692307692,0.29523809523809524,0.5047619047619047
temporal_equal,42,3,2,39,148,62,71,31,0.9444444444444444,0.29523809523809524,0.4857142857142857
temporal_equal,42,3,2,40,148,62,83,32,1.2105263157894737,0.29523809523809524,0.5476190476190477
temporal_equal,42,4,0,1,147,61,76,38,1.2127659574468086,0.2932692307692308,0.5480769230769231
temporal_equal,42,4,0,2,147,61,80,31,1.1443298969072164,0.2932692307692308,0.5336538461538461
temporal_equal,42,4,0,3,147,61,64,29,0.808695652173913,0.2932692307692308,0.44711538461538464
temporal_equal,42,4,0,4,147,61,72,32,1.0,0.2932692307692308,0.5
temporal_equal,42,4,0,5,147,61,72,32,1.0,0.2932692307692308,0.5
temporal_equal,42,4,0,6,147,61,76,31,1.0594059405940595,0.2932692307692308,0.5144230769230769
temporal_equal,42,4,0,7,147,61,86,24,1.1224489795918366,0.2932692307692308,0.5288461538461539
temporal_equal,42,4,0,8,147,61,63,29,0.7931034482758621,0.2932692307692308,0.4423076923076923
temporal_equal,42,4,0,9,147,61,82,25,1.0594059405940595,0.2932692307692308,0.5144230769230769
temporal_equal,42,4,0,10,147,61,76,30,1.0392156862745099,0.2932692307692308,0.5096153846153846
temporal_equal,42,4,0,11,147,61,79,28,1.0594059405940595,0.2932692307692308,0.5144230769230769
temporal_equal,42,4,0,12,147,61,71,25,0.8571428571428571,0.2932692307692308,0.46153846153846156
temporal_equal,42,4,0,13,147,61,67,32,0.908256880733945,0.2932692307692308,0.47596153846153844
temporal_equal,42,4,0,14,147,61,64,26,0.7627118644067796,0.2932692307692308,0.4326923076923077
temporal_equal,42,4,0,15,147,61,82,32,1.2127659574468086,0.2932692307692308,0.5480769230769231
temporal_equal,42,4,0,16,147,61,75,25,0.9259259259259259,0.2932692307692308,0.4807692307692308
temporal_equal,42,4,0,17,147,61,75,32,1.0594059405940595,0.2932692307692308,0.5144230769230769
temporal_equal,42,4,0,18,147,61,80,39,1.3370786516853932,0.2932692307692308,0.5721153846153846
temporal_equal,42,4,0,19,147,61,73,35,1.08,0.2932692307692308,0.5192307692307693
temporal_equal,42,4,0,20,147,61,78,27,1.0194174757281553,0.2932692307692308,0.5048076923076923
temporal_equal,42,4,0,21,147,61,80,31,1.1443298969072164,0.2932692307692308,0.5336538461538461
temporal_equal,42,4,0,22,147,61,64,28,0.7931034482758621,0.2932692307692308,0.4423076923076923
temporal_equal,42,4,0,23,147,61,83,26,1.101010101010101,0.2932692307692308,0.5240384615384616
temporal_equal,42,4,0,24,147,61,77,31,1.08,0.2932692307692308,0.5192307692307693
temporal_equal,42,4,0,25,147,61,75,31,1.0392156862745099,0.2932692307692308,0.5096153846153846
temporal_equal,42,4,0,26,147,61,70,33,0.9809523809523809,0.2932692307692308,0.4951923076923077
temporal_equal,42,4,0,27,147,61,64,31,0.8407079646017699,0.2932692307692308,0.4567307692307692
temporal_equal,42,4,1,1,147,61,83,31,1.2127659574468086,0.2932692307692308,0.5480769230769231
temporal_equal,42,4,1,2,147,61,81,30,1.1443298969072164,0.2932692307692308,0.5336538461538461
temporal_equal,42,4,1,3,147,61,62,31,0.808695652173913,0.2932692307692308,0.44711538461538464
temporal_equal,42,4,1,4,147,61,76,28,1.0,0.2932692307692308,0.5
temporal_equal,42,4,1,5,147,61,75,29,1.0,0.2932692307692308,0.5
temporal_equal,42,4,1,6,147,61,78,29,1.0594059405940595,0.2932692307692308,0.5144230769230769
temporal_equal,42,4,1,7,147,61,81,29,1.1224489795918366,0.2932692307692308,0.5288461538461539
temporal_equal,42,4,1,8,147,61,60,32,0.7931034482758621,0.2932692307692308,0.4423076923076923
temporal_equal,42,4,1,9,147,61,79,28,1.0594059405940595,0.2932692307692308,0.5144230769230769
temporal_equal,42,4,1,10,147,61,77,29,1.0392156862745099,0.2932692307692308,0.5096153846153846
temporal_equal,42,4,1,11,147,61,73,34,1.0594059405940595,0.2932692307692308,0.5144230769230769
temporal_equal,42,4,1,12,147,61,73,23,0.8571428571428571,0.2932692307692308,0.46153846153846156
temporal_equal,42,4,1,13,147,61,63,36,0.908256880733945,0.2932692307692308,0.47596153846153844
temporal_equal,42,4,1,14,147,61,66,24,0.7627118644067796,0.2932692307692308,0.4326923076923077
temporal_equal,42,4,1,15,147,61,79,35,1.2127659574468086,0.2932692307692308,0.5480769230769231
temporal_equal,42,4,1,16,147,61,68,32,0.9259259259259259,0.2932692307692308,0.4807692307692308
temporal_equal,42,4,1,17,147,61,79,28,1.0594059405940595,0.2932692307692308,0.5144230769230769
temporal_equal,42,4,1,18,147,61,84,35,1.3370786516853932,0.2932692307692308,0.5721153846153846
temporal_equal,42,4,1,19,147,61,72,36,1.08,0.2932692307692308,0.5192307692307693
temporal_equal,42,4,1,20,147,61,78,27,1.0194174757281553,0.2932692307692308,0.5048076923076923
temporal_equal,42,4,1,21,147,61,77,34,1.1443298969072164,0.2932692307692308,0.5336538461538461
temporal_equal,42,4,1,22,147,61,64,28,0.7931034482758621,0.2932692307692308,0.4423076923076923
temporal_equal,42,4,2,1,148,62,85,29,1.1875,0.29523809523809524,0.5428571428571428
temporal_equal,42,4,2,2,148,62,80,33,1.1649484536082475,0.29523809523809524,0.5380952380952381
temporal_equal,42,4,2,3,148,62,64,30,0.8103448275862069,0.29523809523809524,0.44761904761904764
temporal_equal,42,4,2,4,148,62,79,28,1.0388349514563107,0.29523809523809524,0.5095238095238095
temporal_equal,42,4,2,5,148,62,67,36,0.9626168224299065,0.29523809523809524,0.49047619047619045
temporal_equal,42,4,2,6,148,62,78,32,1.1,0.29523809523809524,0.5238095238095238
temporal_equal,42,4,2,7,148,62,73,35,1.0588235294117647,0.29523809523809524,0.5142857142857142
temporal_equal,42,4,2,8,148,62,61,30,0.7647058823529411,0.29523809523809524,0.43333333333333335
temporal_equal,42,4,2,9,148,62,79,32,1.121212121212121,0.29523809523809524,0.5285714285714286
temporal_equal,42,4,2,10,148,62,73,34,1.0388349514563107,0.29523809523809524,0.5095238095238095
temporal_equal,42,4,2,11,148,62,76,30,1.0192307692307692,0.29523809523809524,0.5047619047619047
temporal_equal,42,4,2,12,148,62,70,27,0.8584070796460177,0.29523809523809524,0.46190476190476193
temporal_equal,42,4,2,13,148,62,77,21,0.875,0.29523809523809524,0.4666666666666667
temporal_equal,42,4,2,14,148,62,64,32,0.8421052631578947,0.29523809523809524,0.45714285714285713
temporal_equal,42,4,2,15,148,62,79,32,1.121212121212121,0.29523809523809524,0.5285714285714286
temporal_equal,42,4,2,16,148,62,78,26,0.9811320754716981,0.29523809523809524,0.49523809523809526
temporal_equal,42,4,2,17,148,62,73,40,1.1649484536082475,0.29523809523809524,0.5380952380952381
temporal_equal,42,4,2,18,148,62,78,36,1.1875,0.29523809523809524,0.5428571428571428
temporal_equal,42,4,2,19,148,62,84,29,1.1649484536082475,0.29523809523809524,0.5380952380952381
temporal_equal,42,4,2,20,148,62,68,33,0.926605504587156,0.29523809523809524,0.48095238095238096
temporal_equal,42,4,2,21,148,62,81,33,1.1875,0.29523809523809524,0.5428571428571428
temporal_equal,42,4,2,22,148,62,66,32,0.875,0.29523809523809524,0.4666666666666667
temporal_equal,42,4,2,23,148,62,76,33,1.0792079207920793,0.29523809523809524,0.5190476190476191
temporal_equal,42,4,2,24,148,62,72,32,0.9811320754716981,0.29523809523809524,0.49523809523809526
temporal_equal,42,4,2,25,148,62,71,34,1.0,0.29523809523809524,0.5
temporal_equal,42,4,2,26,148,62,66,34,0.9090909090909091,0.29523809523809524,0.47619047619047616
temporal_equal,42,4,2,27,148,62,75,27,0.9444444444444444,0.29523809523809524,0.4857142857142857
temporal_equal,42,4,2,28,148,62,72,34,1.0192307692307692,0.29523809523809524,0.5047619047619047
temporal_equal,42,4,2,29,148,62,84,34,1.2826086956521738,0.29523809523809524,0.5619047619047619
temporal_equal,43,0,0,1,146,59,77,25,0.9902912621359223,0.28780487804878047,0.4975609756097561
temporal_equal,43,0,0,2,146,59,72,37,1.1354166666666667,0.28780487804878047,0.5317073170731708
temporal_equal,43,0,0,3,146,59,70,31,0.9711538461538461,0.28780487804878047,0.4926829268292683
temporal_equal,43,0,0,4,146,59,75,32,1.0918367346938775,0.28780487804878047,0.5219512195121951
temporal_equal,43,0,0,5,146,59,74,29,1.0098039215686274,0.28780487804878047,0.5024390243902439
temporal_equal,43,0,0,6,146,59,68,30,0.9158878504672897,0.28780487804878047,0.47804878048780486
temporal_equal,43,0,0,7,146,59,71,30,0.9711538461538461,0.28780487804878047,0.4926829268292683
temporal_equal,43,0,0,8,146,59,66,29,0.8636363636363636,0.28780487804878047,0.4634146341463415
temporal_equal,43,0,0,9,146,59,68,32,0.9523809523809523,0.28780487804878047,0.4878048780487805
temporal_equal,43,0,0,10,146,59,67,22,0.7672413793103449,0.28780487804878047,0.43414634146341463
temporal_equal,43,0,0,11,146,59,76,24,0.9523809523809523,0.28780487804878047,0.4878048780487805
temporal_equal,43,0,0,12,146,59,63,31,0.8468468468468469,0.28780487804878047,0.4585365853658537
temporal_equal,43,0,0,13,146,59,75,26,0.9711538461538461,0.28780487804878047,0.4926829268292683
temporal_equal,43,0,0,14,146,59,75,26,0.9711538461538461,0.28780487804878047,0.4926829268292683
temporal_equal,43,0,0,15,146,59,80,24,1.0297029702970297,0.28780487804878047,0.5073170731707317
temporal_equal,43,0,0,16,146,59,64,35,0.9339622641509434,0.28780487804878047,0.48292682926829267
temporal_equal,43,0,0,17,146,59,69,26,0.8636363636363636,0.28780487804878047,0.4634146341463415
temporal_equal,43,0,0,18,146,59,73,30,1.0098039215686274,0.28780487804878047,0.5024390243902439
temporal_equal,43,0,0,19,146,59,67,30,0.8981481481481481,0.28780487804878047,0.47317073170731705
temporal_equal,43,0,0,20,146,59,82,26,1.1134020618556701,0.28780487804878047,0.526829268292683
temporal_equal,43,0,0,21,146,59,71,29,0.9523809523809523,0.28780487804878047,0.4878048780487805
temporal_equal,43,0,0,22,146,59,67,25,0.8141592920353983,0.28780487804878047,0.44878048780487806
temporal_equal,43,0,0,23,146,59,74,31,1.05,0.28780487804878047,0.5121951219512195
temporal_equal,43,0,1,1,147,60,74,29,0.9903846153846154,0.2898550724637681,0.4975845410628019
temporal_equal,43,0,1,2,147,60,79,31,1.134020618556701,0.2898550724637681,0.5314009661835749
temporal_equal,43,0,1,3,147,60,70,31,0.9528301886792453,0.2898550724637681,0.48792270531400966
temporal_equal,43,0,1,4,147,60,83,26,1.1122448979591837,0.2898550724637681,0.5265700483091788
temporal_equal,43,0,1,5,147,60,76,27,0.9903846153846154,0.2898550724637681,0.4975845410628019
temporal_equal,43,0,1,6,147,60,70,28,0.8990825688073395,0.2898550724637681,0.47342995169082125
temporal_equal,43,0,1,7,147,60,77,25,0.9714285714285714,0.2898550724637681,0.4927536231884058
temporal_equal,43,0,1,8,147,60,70,31,0.9528301886792453,0.2898550724637681,0.48792270531400966
temporal_equal,43,0,1,9,147,60,69,29,0.8990825688073395,0.2898550724637681,0.47342995169082125
temporal_equal,43,0,1,10,147,60,67,22,0.7542372881355932,0.2898550724637681,0.42995169082125606
temporal_equal,43,0,1,11,147,60,72,29,0.9528301886792453,0.2898550724637681,0.48792270531400966
temporal_equal,43,0,1,12,147,60,71,27,0.8990825688073395,0.2898550724637681,0.47342995169082125
temporal_equal,43,0,1,13,147,60,69,29,0.8990825688073395,0.2898550724637681,0.47342995169082125
temporal_equal,43,0,1,14,147,60,75,30,1.0294117647058822,0.2898550724637681,0.5072463768115942
temporal_equal,43,0,1,15,147,60,68,38,1.0495049504950495,0.2898550724637681,0.5120772946859904
temporal_equal,43,0,1,16,147,60,73,27,0.9345794392523364,0.2898550724637681,0.4830917874396135
temporal_equal,43,0,1,17,147,60,66,31,0.8818181818181818,0.2898550724637681,0.46859903381642515
temporal_equal,43,0,1,18,147,60,67,31,0.8990825688073395,0.2898550724637681,0.47342995169082125
temporal_equal,43,0,1,19,147,60,73,29,0.9714285714285714,0.2898550724637681,0.4927536231884058
temporal_equal,43,0,1,20,147,60,77,30,1.07,0.2898550724637681,0.5169082125603864
temporal_equal,43,0,1,21,147,60,74,28,0.9714285714285714,0.2898550724637681,0.4927536231884058
temporal_equal,43,0,1,22,147,60,71,21,0.8,0.2898550724637681,0.4444444444444444
temporal_equal,43,0,1,23,147,60,76,29,1.0294117647058822,0.2898550724637681,0.5072463768115942
temporal_equal,43,0,1,24,147,60,79,29,1.0909090909090908,0.2898550724637681,0.5217391304347826
temporal_equal,43,0,1,25,147,60,67,32,0.9166666666666666,0.2898550724637681,0.4782608695652174
temporal_equal,43,0,1,26,147,60,68,24,0.8,0.2898550724637681,0.4444444444444444
temporal_equal,43,0,1,27,147,60,72,29,0.9528301886792453,0.2898550724637681,0.48792270531400966
temporal_equal,43,0,1,28,147,60,81,35,1.2747252747252746,0.2898550724637681,0.5603864734299517
temporal_equal,43,0,1,29,147,60,72,29,0.9528301886792453,0.2898550724637681,0.48792270531400966
temporal_equal,43,0,2,1,147,61,77,26,0.9809523809523809,0.2932692307692308,0.4951923076923077
temporal_equal,43,0,2,2,147,61,84,28,1.1666666666666667,0.2932692307692308,0.5384615384615384
temporal_equal,43,0,2,3,147,61,70,31,0.9439252336448598,0.2932692307692308,0.4855769230769231
temporal_equal,43,0,2,4,147,61,78,32,1.1224489795918366,0.2932692307692308,0.5288461538461539
temporal_equal,43,0,2,5,147,61,72,32,1.0,0.2932692307692308,0.5
temporal_equal,43,0,2,6,147,61,72,25,0.8738738738738738,0.2932692307692308,0.46634615384615385
temporal_equal,43,0,2,7,147,61,71,31,0.9622641509433962,0.2932692307692308,0.49038461538461536
temporal_equal,43,0,2,8,147,61,72,31,0.9809523809523809,0.2932692307692308,0.4951923076923077
temporal_equal,43,0,2,9,147,61,71,24,0.8407079646017699,0.2932692307692308,0.4567307692307692
temporal_equal,43,0,2,10,147,61,65,26,0.7777777777777778,0.2932692307692308,0.4375
temporal_equal,43,0,2,11,147,61,78,25,0.9809523809523809,0.2932692307692308,0.4951923076923077
temporal_equal,43,0,2,12,147,61,72,27,0.908256880733945,0.2932692307692308,0.47596153846153844
temporal_equal,43,0,2,13,147,61,73,26,0.908256880733945,0.2932692307692308,0.47596153846153844
temporal_equal,43,0,2,14,147,61,75,31,1.0392156862745099,0.2932692307692308,0.5096153846153846
temporal_equal,43,0,2,15,147,61,74,33,1.0594059405940595,0.2932692307692308,0.5144230769230769
temporal_equal,43,0,2,16,147,61,69,29,0.8909090909090909,0.2932692307692308,0.47115384615384615
temporal_equal,43,0,2,17,147,61,64,30,0.8245614035087719,0.2932692307692308,0.4519230769230769
temporal_equal,43,0,2,18,147,61,68,37,1.0194174757281553,0.2932692307692308,0.5048076923076923
temporal_equal,43,0,2,19,147,61,73,25,0.8909090909090909,0.2932692307692308,0.47115384615384615
temporal_equal,43,0,2,20,147,61,75,32,1.0594059405940595,0.2932692307692308,0.5144230769230769
temporal_equal,43,0,2,21,147,61,73,27,0.9259259259259259,0.2932692307692308,0.4807692307692308
temporal_equal,43,1,0,1,147,60,70,33,0.9903846153846154,0.2898550724637681,0.4975845410628019
temporal_equal,43,1,0,2,147,60,76,34,1.134020618556701,0.2898550724637681,0.5314009661835749
temporal_equal,43,1,0,3,147,60,71,30,0.9528301886792453,0.2898550724637681,0.48792270531400966
temporal_equal,43,1,0,4,147,60,80,29,1.1122448979591837,0.2898550724637681,0.5265700483091788
temporal_equal,43,1,0,5,147,60,71,32,0.9903846153846154,0.2898550724637681,0.4975845410628019
temporal_equal,43,1,0,6,147,60,70,28,0.8990825688073395,0.2898550724637681,0.47342995169082125
temporal_equal,43,1,0,7,147,60,70,32,0.9714285714285714,0.2898550724637681,0.4927536231884058
temporal_equal,43,1,0,8,147,60,72,29,0.9528301886792453,0.2898550724637681,0.48792270531400966
temporal_equal,43,1,0,9,147,60,70,28,0.8990825688073395,0.2898550724637681,0.47342995169082125
temporal_equal,43,1,0,10,147,60,67,22,0.7542372881355932,0.2898550724637681,0.42995169082125606
temporal_equal,43,1,0,11,147,60,68,33,0.9528301886792453,0.2898550724637681,0.48792270531400966
temporal_equal,43,1,0,12,147,60,65,33,0.8990825688073395,0.2898550724637681,0.47342995169082125
temporal_equal,43,1,0,13,147,60,61,37,0.8990825688073395,0.2898550724637681,0.47342995169082125
temporal_equal,43,1,0,14,147,60,77,28,1.0294117647058822,0.2898550724637681,0.5072463768115942
temporal_equal,43,1,0,15,147,60,74,32,1.0495049504950495,0.2898550724637681,0.5120772946859904
temporal_equal,43,1,0,16,147,60,69,31,0.9345794392523364,0.2898550724637681,0.4830917874396135
temporal_equal,43,1,0,17,147,60,67,30,0.8818181818181818,0.2898550724637681,0.46859903381642515
temporal_equal,43,1,0,18,147,60,74,24,0.8990825688073395,0.2898550724637681,0.47342995169082125
temporal_equal,43,1,0,19,147,60,74,28,0.9714285714285714,0.2898550724637681,0.4927536231884058
temporal_equal,43,1,0,20,147,60,75,32,1.07,0.2898550724637681,0.5169082125603864
temporal_equal,43,1,0,21,147,60,68,34,0.9714285714285714,0.2898550724637681,0.4927536231884058
temporal_equal,43,1,0,22,147,60,71,21,0.8,0.2898550724637681,0.4444444444444444
temporal_equal,43,1,0,23,147,60,77,28,1.0294117647058822,0.2898550724637681,0.5072463768115942
temporal_equal,43,1,0,24,147,60,72,36,1.0909090909090908,0.2898550724637681,0.5217391304347826
temporal_equal,43,1,0,25,147,60,69,30,0.9166666666666666,0.2898550724637681,0.4782608695652174
temporal_equal,43,1,0,26,147,60,69,23,0.8,0.2898550724637681,0.4444444444444444
temporal_equal,43,1,1,1,147,61,78,25,0.9809523809523809,0.2932692307692308,0.4951923076923077
temporal_equal,43,1,1,2,147,61,78,34,1.1666666666666667,0.2932692307692308,0.5384615384615384
temporal_equal,43,1,1,3,147,61,71,30,0.9439252336448598,0.2932692307692308,0.4855769230769231
temporal_equal,43,1,1,4,147,61,75,35,1.1224489795918366,0.2932692307692308,0.5288461538461539
temporal_equal,43,1,1,5,147,61,73,31,1.0,0.2932692307692308,0.5
temporal_equal,43,1,1,6,147,61,65,32,0.8738738738738738,0.2932692307692308,0.46634615384615385
temporal_equal,43,1,1,7,147,61,67,35,0.9622641509433962,0.2932692307692308,0.49038461538461536
temporal_equal,43,1,1,8,147,61,70,33,0.9809523809523809,0.2932692307692308,0.4951923076923077
temporal_equal,43,1,1,9,147,61,64,31,0.8407079646017699,0.2932692307692308,0.4567307692307692
temporal_equal,43,1,1,10,147,61,62,29,0.7777777777777778,0.2932692307692308,0.4375
temporal_equal,43,1,1,11,147,61,75,28,0.9809523809523809,0.2932692307692308,0.4951923076923077
temporal_equal,43,1,1,12,147,61,69,30,0.908256880733945,0.2932692307692308,0.47596153846153844
temporal_equal,43,1,1,13,147,61,72,27,0.908256880733945,0.2932692307692308,0.47596153846153844
temporal_equal,43,1,1,14,147,61,74,32,1.0392156862745099,0.2932692307692308,0.5096153846153846
temporal_equal,43,1,1,15,147,61,78,29,1.0594059405940595,0.2932692307692308,0.5144230769230769
temporal_equal,43,1,1,16,147,61,65,33,0.8909090909090909,0.2932692307692308,0.47115384615384615
temporal_equal,43,1,1,17,147,61,67,27,0.8245614035087719,0.2932692307692308,0.4519230769230769
temporal_equal,43,1,1,18,147,61,73,32,1.0194174757281553,0.2932692307692308,0.5048076923076923
temporal_equal,43,1,1,19,147,61,68,30,0.8909090909090909,0.2932692307692308,0.47115384615384615
temporal_equal,43,1,1,20,147,61,70,37,1.0594059405940595,0.2932692307692308,0.5144230769230769
temporal_equal,43,1,1,21,147,61,69,31,0.9259259259259259,0.2932692307692308,0.4807692307692308
temporal_equal,43,1,1,22,147,61,63,32,0.8407079646017699,0.2932692307692308,0.4567307692307692
temporal_equal,43,1,2,1,148,61,74,30,0.9904761904761905,0.291866028708134,0.49760765550239233
temporal_equal,43,1,2,2,148,61,78,33,1.1326530612244898,0.291866028708134,0.5311004784688995
temporal_equal,43,1,2,3,148,61,72,31,0.9716981132075472,0.291866028708134,0.49282296650717705
temporal_equal,43,1,2,4,148,61,75,34,1.09,0.291866028708134,0.5215311004784688
temporal_equal,43,1,2,5,148,61,78,27,1.0096153846153846,0.291866028708134,0.5023923444976076
temporal_equal,43,1,2,6,148,61,68,30,0.8828828828828829,0.291866028708134,0.4688995215311005
temporal_equal,43,1,2,7,148,61,76,26,0.9532710280373832,0.291866028708134,0.4880382775119617
temporal_equal,43,1,2,8,148,61,78,28,1.029126213592233,0.291866028708134,0.507177033492823
temporal_equal,43,1,2,9,148,61,67,28,0.8333333333333334,0.291866028708134,0.45454545454545453
temporal_equal,43,1,2,10,148,61,69,20,0.7416666666666667,0.291866028708134,0.4258373205741627
temporal_equal,43,1,2,11,148,61,73,31,0.9904761904761905,0.291866028708134,0.49760765550239233
temporal_equal,43,1,2,12,148,61,74,25,0.9,0.291866028708134,0.47368421052631576
temporal_equal,43,1,2,13,148,61,73,28,0.9351851851851852,0.291866028708134,0.48325358851674644
temporal_equal,43,1,2,14,148,61,76,32,1.0693069306930694,0.291866028708134,0.5167464114832536
temporal_equal,43,1,2,15,148,61,69,33,0.9532710280373832,0.291866028708134,0.4880382775119617
temporal_equal,43,1,2,16,148,61,78,21,0.9,0.291866028708134,0.47368421052631576
temporal_equal,43,1,2,17,148,61,71,24,0.8333333333333334,0.291866028708134,0.45454545454545453
temporal_equal,43,1,2,18,148,61,80,25,1.0096153846153846,0.291866028708134,0.5023923444976076
temporal_equal,43,1,2,19,148,61,77,27,0.9904761904761905,0.291866028708134,0.49760765550239233
temporal_equal,43,1,2,20,148,61,73,31,0.9904761904761905,0.291866028708134,0.49760765550239233
temporal_equal,43,1,2,21,148,61,66,37,0.9716981132075472,0.291866028708134,0.49282296650717705
temporal_equal,43,2,0,1,147,60,75,28,0.9903846153846154,0.2898550724637681,0.4975845410628019
temporal_equal,43,2,0,2,147,60,79,31,1.134020618556701,0.2898550724637681,0.5314009661835749
temporal_equal,43,2,0,3,147,60,74,27,0.9528301886792453,0.2898550724637681,0.48792270531400966
temporal_equal,43,2,0,4,147,60,78,31,1.1122448979591837,0.2898550724637681,0.5265700483091788
temporal_equal,43,2,0,5,147,60,78,25,0.9903846153846154,0.2898550724637681,0.4975845410628019
temporal_equal,43,2,0,6,147,60,64,34,0.8990825688073395,0.2898550724637681,0.47342995169082125
temporal_equal,43,2,0,7,147,60,69,33,0.9714285714285714,0.2898550724637681,0.4927536231884058
temporal_equal,43,2,0,8,147,60,74,27,0.9528301886792453,0.2898550724637681,0.48792270531400966
temporal_equal,43,2,0,9,147,60,65,33,0.8990825688073395,0.2898550724637681,0.47342995169082125
temporal_equal,43,2,0,10,147,60,65,24,0.7542372881355932,0.2898550724637681,0.42995169082125606
temporal_equal,43,2,0,11,147,60,67,34,0.9528301886792453,0.2898550724637681,0.48792270531400966
temporal_equal,43,2,0,12,147,60,69,29,0.8990825688073395,0.2898550724637681,0.47342995169082125
temporal_equal,43,2,0,13,147,60,63,35,0.8990825688073395,0.2898550724637681,0.47342995169082125
temporal_equal,43,2,0,14,147,60,73,32,1.0294117647058822,0.2898550724637681,0.5072463768115942
temporal_equal,43,2,0,15,147,60,72,34,1.0495049504950495,0.2898550724637681,0.5120772946859904
temporal_equal,43,2,0,16,147,60,79,21,0.9345794392523364,0.2898550724637681,0.4830917874396135
temporal_equal,43,2,0,17,147,60,78,19,0.8818181818181818,0.2898550724637681,0.46859903381642515
temporal_equal,43,2,0,18,147,60,69,29,0.8990825688073395,0.2898550724637681,0.47342995169082125
temporal_equal,43,2,0,19,147,60,70,32,0.9714285714285714,0.2898550724637681,0.4927536231884058
temporal_equal,43,2,0,20,147,60,74,33,1.07,0.2898550724637681,0.5169082125603864
temporal_equal,43,2,0,21,147,60,69,33,0.9714285714285714,0.2898550724637681,0.4927536231884058
temporal_equal,43,2,0,22,147,60,61,31,0.8,0.2898550724637681,0.4444444444444444
temporal_equal,43,2,0,23,147,60,76,29,1.0294117647058822,0.2898550724637681,0.5072463768115942
temporal_equal,43,2,0,24,147,60,74,34,1.0909090909090908,0.2898550724637681,0.5217391304347826
temporal_equal,43,2,0,25,147,60,69,30,0.9166666666666666,0.2898550724637681,0.4782608695652174
temporal_equal,43,2,0,26,147,60,62,30,0.8,0.2898550724637681,0.4444444444444444
temporal_equal,43,2,0,27,147,60,67,34,0.9528301886792453,0.2898550724637681,0.48792270531400966
temporal_equal,43,2,0,28,147,60,90,26,1.2747252747252746,0.2898550724637681,0.5603864734299517
temporal_equal,43,2,0,29,147,60,70,31,0.9528301886792453,0.2898550724637681,0.48792270531400966
temporal_equal,43,2,0,30,147,60,64,34,0.8990825688073395,0.2898550724637681,0.47342995169082125
temporal_equal,43,2,1,1,147,61,73,30,0.9809523809523809,0.2932692307692308,0.4951923076923077
temporal_equal,43,2,1,2,147,61,78,34,1.1666666666666667,0.2932692307692308,0.5384615384615384
temporal_equal,43,2,1,3,147,61,69,32,0.9439252336448598,0.2932692307692308,0.4855769230769231
temporal_equal,43,2,1,4,147,61,76,34,1.1224489795918366,0.2932692307692308,0.5288461538461539
temporal_equal,43,2,1,5,147,61,72,32,1.0,0.2932692307692308,0.5
temporal_equal,43,2,1,6,147,61,68,29,0.8738738738738738,0.2932692307692308,0.46634615384615385
temporal_equal,43,2,1,7,147,61,73,29,0.9622641509433962,0.2932692307692308,0.49038461538461536
temporal_equal,43,2,1,8,147,61,68,35,0.9809523809523809,0.2932692307692308,0.4951923076923077
temporal_equal,43,2,1,9,147,61,63,32,0.8407079646017699,0.2932692307692308,0.4567307692307692
temporal_equal,43,2,1,10,147,61,60,31,0.7777777777777778,0.2932692307692308,0.4375
temporal_equal,43,2,1,11,147,61,75,28,0.9809523809523809,0.2932692307692308,0.4951923076923077
temporal_equal,43,2,1,12,147,61,76,23,0.908256880733945,0.2932692307692308,0.47596153846153844
temporal_equal,43,2,1,13,147,61,71,28,0.908256880733945,0.2932692307692308,0.47596153846153844
temporal_equal,43,2,1,14,147,61,78,28,1.0392156862745099,0.2932692307692308,0.5096153846153846
temporal_equal,43,2,1,15,147,61,72,35,1.0594059405940595,0.2932692307692308,0.5144230769230769
temporal_equal,43,2,1,16,147,61,72,26,0.8909090909090909,0.2932692307692308,0.47115384615384615
temporal_equal,43,2,1,17,147,61,68,26,0.8245614035087719,0.2932692307692308,0.4519230769230769
temporal_equal,43,2,1,18,147,61,71,34,1.0194174757281553,0.2932692307692308,0.5048076923076923
temporal_equal,43,2,1,19,147,61,67,31,0.8909090909090909,0.2932692307692308,0.47115384615384615
temporal_equal,43,2,1,20,147,61,72,35,1.0594059405940595,0.2932692307692308,0.5144230769230769
temporal_equal,43,2,1,21,147,61,70,30,0.9259259259259259,0.2932692307692308,0.4807692307692308
temporal_equal,43,2,1,22,147,61,66,29,0.8407079646017699,0.2932692307692308,0.4567307692307692
temporal_equal,43,2,1,23,147,61,77,32,1.101010101010101,0.2932692307692308,0.5240384615384616
temporal_equal,43,2,1,24,147,61,71,37,1.08,0.2932692307692308,0.5192307692307693
temporal_equal,43,2,1,25,147,61,72,22,0.8245614035087719,0.2932692307692308,0.4519230769230769
temporal_equal,43,2,2,1,148,61,75,29,0.9904761904761905,0.291866028708134,0.49760765550239233
temporal_equal,43,2,2,2,148,61,81,30,1.1326530612244898,0.291866028708134,0.5311004784688995
temporal_equal,43,2,2,3,148,61,75,28,0.9716981132075472,0.291866028708134,0.49282296650717705
temporal_equal,43,2,2,4,148,61,74,35,1.09,0.291866028708134,0.5215311004784688
temporal_equal,43,2,2,5,148,61,69,36,1.0096153846153846,0.291866028708134,0.5023923444976076
temporal_equal,43,2,2,6,148,61,74,24,0.8828828828828829,0.291866028708134,0.4688995215311005
temporal_equal,43,2,2,7,148,61,72,30,0.9532710280373832,0.291866028708134,0.4880382775119617
temporal_equal,43,2,2,8,148,61,79,27,1.029126213592233,0.291866028708134,0.507177033492823
temporal_equal,43,2,2,9,148,61,70,25,0.8333333333333334,0.291866028708134,0.45454545454545453
temporal_equal,43,2,2,10,148,61,61,28,0.7416666666666667,0.291866028708134,0.4258373205741627
temporal_equal,43,2,2,11,148,61,78,26,0.9904761904761905,0.291866028708134,0.49760765550239233
temporal_equal,43,2,2,12,148,61,73,26,0.9,0.291866028708134,0.47368421052631576
temporal_equal,43,2,2,13,148,61,67,34,0.9351851851851852,0.291866028708134,0.48325358851674644
temporal_equal,43,2,2,14,148,61,78,30,1.0693069306930694,0.291866028708134,0.5167464114832536
temporal_equal,43,2,2,15,148,61,73,29,0.9532710280373832,0.291866028708134,0.4880382775119617
temporal_equal,43,2,2,16,148,61,75,24,0.9,0.291866028708134,0.47368421052631576
temporal_equal,43,2,2,17,148,61,69,26,0.8333333333333334,0.291866028708134,0.45454545454545453
temporal_equal,43,2,2,18,148,61,75,30,1.0096153846153846,0.291866028708134,0.5023923444976076
temporal_equal,43,2,2,19,148,61,73,31,0.9904761904761905,0.291866028708134,0.49760765550239233
temporal_equal,43,3,0,1,147,61,67,36,0.9809523809523809,0.2932692307692308,0.4951923076923077
temporal_equal,43,3,0,2,147,61,76,36,1.1666666666666667,0.2932692307692308,0.5384615384615384
temporal_equal,43,3,0,3,147,61,76,25,0.9439252336448598,0.2932692307692308,0.4855769230769231
temporal_equal,43,3,0,4,147,61,72,38,1.1224489795918366,0.2932692307692308,0.5288461538461539
temporal_equal,43,3,0,5,147,61,71,33,1.0,0.2932692307692308,0.5
temporal_equal,43,3,0,6,147,61,65,32,0.8738738738738738,0.2932692307692308,0.46634615384615385
temporal_equal,43,3,0,7,147,61,71,31,0.9622641509433962,0.2932692307692308,0.49038461538461536
temporal_equal,43,3,0,8,147,61,74,29,0.9809523809523809,0.2932692307692308,0.4951923076923077
temporal_equal,43,3,0,9,147,61,67,28,0.8407079646017699,0.2932692307692308,0.4567307692307692
temporal_equal,43,3,0,10,147,61,65,26,0.7777777777777778,0.2932692307692308,0.4375
temporal_equal,43,3,0,11,147,61,67,36,0.9809523809523809,0.2932692307692308,0.4951923076923077
temporal_equal,43,3,0,12,147,61,66,33,0.908256880733945,0.2932692307692308,0.47596153846153844
temporal_equal,43,3,0,13,147,61,69,30,0.908256880733945,0.2932692307692308,0.47596153846153844
temporal_equal,43,3,0,14,147,61,78,28,1.0392156862745099,0.2932692307692308,0.5096153846153846
temporal_equal,43,3,0,15,147,61,75,32,1.0594059405940595,0.2932692307692308,0.5144230769230769
temporal_equal,43,3,0,16,147,61,72,26,0.8909090909090909,0.2932692307692308,0.47115384615384615
temporal_equal,43,3,0,17,147,61,66,28,0.8245614035087719,0.2932692307692308,0.4519230769230769
temporal_equal,43,3,0,18,147,61,75,30,1.0194174757281553,0.2932692307692308,0.5048076923076923
temporal_equal,43,3,0,19,147,61,65,33,0.8909090909090909,0.2932692307692308,0.47115384615384615
temporal_equal,43,3,0,20,147,61,71,36,1.0594059405940595,0.2932692307692308,0.5144230769230769
temporal_equal,43,3,0,21,147,61,70,30,0.9259259259259259,0.2932692307692308,0.4807692307692308
temporal_equal,43,3,0,22,147,61,64,31,0.8407079646017699,0.2932692307692308,0.4567307692307692
temporal_equal,43,3,0,23,147,61,77,32,1.101010101010101,0.2932692307692308,0.5240384615384616
temporal_equal,43,3,0,24,147,61,73,35,1.08,0.2932692307692308,0.5192307692307693
temporal_equal,43,3,0,25,147,61,68,26,0.8245614035087719,0.2932692307692308,0.4519230769230769
temporal_equal,43,3,0,26,147,61,63,32,0.8407079646017699,0.2932692307692308,0.4567307692307692
temporal_equal,43,3,0,27,147,61,77,30,1.0594059405940595,0.2932692307692308,0.5144230769230769
temporal_equal,43,3,0,28,147,61,80,34,1.2127659574468086,0.2932692307692308,0.5480769230769231
temporal_equal,43,3,1,1,147,61,71,32,0.9809523809523809,0.2932692307692308,0.4951923076923077
temporal_equal,43,3,1,2,147,61,74,38,1.1666666666666667,0.2932692307692308,0.5384615384615384
temporal_equal,43,3,1,3,147,61,72,29,0.9439252336448598,0.2932692307692308,0.4855769230769231
temporal_equal,43,3,1,4,147,61,77,33,1.1224489795918366,0.2932692307692308,0.5288461538461539
temporal_equal,43,3,1,5,147,61,73,31,1.0,0.2932692307692308,0.5
temporal_equal,43,3,1,6,147,61,78,19,0.8738738738738738,0.2932692307692308,0.46634615384615385
temporal_equal,43,3,1,7,147,61,69,33,0.9622641509433962,0.2932692307692308,0.49038461538461536
temporal_equal,43,3,1,8,147,61,69,34,0.9809523809523809,0.2932692307692308,0.4951923076923077
temporal_equal,43,3,1,9,147,61,68,27,0.8407079646017699,0.2932692307692308,0.4567307692307692
temporal_equal,43,3,1,10,147,61,66,25,0.7777777777777778,0.2932692307692308,0.4375
temporal_equal,43,3,1,11,147,61,69,34,0.9809523809523809,0.2932692307692308,0.4951923076923077
temporal_equal,43,3,1,12,147,61,73,26,0.908256880733945,0.2932692307692308,0.47596153846153844
temporal_equal,43,3,1,13,147,61,72,27,0.908256880733945,0.2932692307692308,0.47596153846153844
temporal_equal,43,3,1,14,147,61,81,25,1.0392156862745099,0.2932692307692308,0.5096153846153846
temporal_equal,43,3,1,15,147,61,73,34,1.0594059405940595,0.2932692307692308,0.5144230769230769
temporal_equal,43,3,1,16,147,61,75,23,0.8909090909090909,0.2932692307692308,0.47115384615384615
temporal_equal,43,3,1,17,147,61,63,31,0.8245614035087719,0.2932692307692308,0.4519230769230769
temporal_equal,43,3,1,18,147,61,78,27,1.0194174757281553,0.2932692307692308,0.5048076923076923
temporal_equal,43,3,1,19,147,61,65,33,0.8909090909090909,0.2932692307692308,0.47115384615384615
temporal_equal,43,3,1,20,147,61,76,31,1.0594059405940595,0.2932692307692308,0.5144230769230769
temporal_equal,43,3,1,21,147,61,67,33,0.9259259259259259,0.2932692307692308,0.4807692307692308
temporal_equal,43,3,1,22,147,61,75,20,0.8407079646017699,0.2932692307692308,0.4567307692307692
temporal_equal,43,3,1,23,147,61,80,29,1.101010101010101,0.2932692307692308,0.5240384615384616
temporal_equal,43,3,1,24,147,61,74,34,1.08,0.2932692307692308,0.5192307692307693
temporal_equal,43,3,1,25,147,61,73,21,0.8245614035087719,0.2932692307692308,0.4519230769230769
temporal_equal,43,3,1,26,147,61,66,29,0.8407079646017699,0.2932692307692308,0.4567307692307692
temporal_equal,43,3,1,27,147,61,76,31,1.0594059405940595,0.2932692307692308,0.5144230769230769
temporal_equal,43,3,2,1,148,62,72,32,0.9811320754716981,0.29523809523809524,0.49523809523809526
temporal_equal,43,3,2,2,148,62,84,28,1.1428571428571428,0.29523809523809524,0.5333333333333333
temporal_equal,43,3,2,3,148,62,74,29,0.9626168224299065,0.29523809523809524,0.49047619047619045
temporal_equal,43,3,2,4,148,62,74,38,1.1428571428571428,0.29523809523809524,0.5333333333333333
temporal_equal,43,3,2,5,148,62,70,33,0.9626168224299065,0.29523809523809524,0.49047619047619045
temporal_equal,43,3,2,6,148,62,73,27,0.9090909090909091,0.29523809523809524,0.47619047619047616
temporal_equal,43,3,2,7,148,62,72,28,0.9090909090909091,0.29523809523809524,0.47619047619047616
temporal_equal,43,3,2,8,148,62,74,34,1.0588235294117647,0.29523809523809524,0.5142857142857142
temporal_equal,43,3,2,9,148,62,68,28,0.8421052631578947,0.29523809523809524,0.45714285714285713
temporal_equal,43,3,2,10,148,62,63,26,0.7355371900826446,0.29523809523809524,0.4238095238095238
temporal_equal,43,3,2,11,148,62,77,30,1.0388349514563107,0.29523809523809524,0.5095238095238095
temporal_equal,43,3,2,12,148,62,68,30,0.875,0.29523809523809524,0.4666666666666667
temporal_equal,43,3,2,13,148,62,68,33,0.926605504587156,0.29523809523809524,0.48095238095238096
temporal_equal,43,3,2,14,148,62,76,34,1.1,0.29523809523809524,0.5238095238095238
temporal_equal,43,3,2,15,148,62,67,35,0.9444444444444444,0.29523809523809524,0.4857142857142857
temporal_equal,43,3,2,16,148,62,65,32,0.8584070796460177,0.29523809523809524,0.46190476190476193
temporal_equal,43,3,2,17,148,62,71,23,0.8103448275862069,0.29523809523809524,0.44761904761904764
temporal_equal,43,3,2,18,148,62,73,36,1.0792079207920793,0.29523809523809524,0.5190476190476191
temporal_equal,43,3,2,19,148,62,72,32,0.9811320754716981,0.29523809523809524,0.49523809523809526
temporal_equal,43,3,2,20,148,62,73,32,1.0,0.29523809523809524,0.5
temporal_equal,43,3,2,21,148,62,68,31,0.8918918918918919,0.29523809523809524,0.4714285714285714
temporal_equal,43,3,2,22,148,62,69,30,0.8918918918918919,0.29523809523809524,0.4714285714285714
temporal_equal,43,3,2,23,148,62,78,28,1.0192307692307692,0.29523809523809524,0.5047619047619047
temporal_equal,43,4,0,1,147,61,74,29,0.9809523809523809,0.2932692307692308,0.4951923076923077
temporal_equal,43,4,0,2,147,61,79,33,1.1666666666666667,0.2932692307692308,0.5384615384615384
temporal_equal,43,4,0,3,147,61,71,30,0.9439252336448598,0.2932692307692308,0.4855769230769231
temporal_equal,43,4,0,4,147,61,79,31,1.1224489795918366,0.2932692307692308,0.5288461538461539
temporal_equal,43,4,0,5,147,61,73,31,1.0,0.2932692307692308,0.5
temporal_equal,43,4,0,6,147,61,66,31,0.8738738738738738,0.2932692307692308,0.46634615384615385
temporal_equal,43,4,0,7,147,61,73,29,0.9622641509433962,0.2932692307692308,0.49038461538461536
temporal_equal,43,4,0,8,147,61,75,28,0.9809523809523809,0.2932692307692308,0.4951923076923077
temporal_equal,43,4,0,9,147,61,66,29,0.8407079646017699,0.2932692307692308,0.4567307692307692
temporal_equal,43,4,0,10,147,61,59,32,0.7777777777777778,0.2932692307692308,0.4375
temporal_equal,43,4,0,11,147,61,70,33,0.9809523809523809,0.2932692307692308,0.4951923076923077
temporal_equal,43,4,0,12,147,61,73,26,0.908256880733945,0.2932692307692308,0.47596153846153844
temporal_equal,43,4,0,13,147,61,73,26,0.908256880733945,0.2932692307692308,0.47596153846153844
temporal_equal,43,4,0,14,147,61,73,33,1.0392156862745099,0.2932692307692308,0.5096153846153846
temporal_equal,43,4,0,15,147,61,79,28,1.0594059405940595,0.2932692307692308,0.5144230769230769
temporal_equal,43,4,0,16,147,61,69,29,0.8909090909090909,0.2932692307692308,0.47115384615384615
temporal_equal,43,4,0,17,147,61,68,26,0.8245614035087719,0.2932692307692308,0.4519230769230769
temporal_equal,43,4,0,18,147,61,74,31,1.0194174757281553,0.2932692307692308,0.5048076923076923
temporal_equal,43,4,0,19,147,61,66,32,0.8909090909090909,0.2932692307692308,0.47115384615384615
temporal_equal,43,4,0,20,147,61,68,39,1.0594059405940595,0.2932692307692308,0.5144230769230769
temporal_equal,43,4,0,21,147,61,72,28,0.9259259259259259,0.2932692307692308,0.4807692307692308
temporal_equal,43,4,1,1,147,61,76,27,0.9809523809523809,0.2932692307692308,0.4951923076923077
temporal_equal,43,4,1,2,147,61,80,32,1.1666666666666667,0.2932692307692308,0.5384615384615384
temporal_equal,43,4,1,3,147,61,70,31,0.9439252336448598,0.2932692307692308,0.4855769230769231
temporal_equal,43,4,1,4,147,61,77,33,1.1224489795918366,0.2932692307692308,0.5288461538461539
temporal_equal,43,4,1,5,147,61,73,31,1.0,0.2932692307692308,0.5
temporal_equal,43,4,1,6,147,61,65,32,0.8738738738738738,0.2932692307692308,0.46634615384615385
temporal_equal,43,4,1,7,147,61,74,28,0.9622641509433962,0.2932692307692308,0.49038461538461536
temporal_equal,43,4,1,8,147,61,69,34,0.9809523809523809,0.2932692307692308,0.4951923076923077
temporal_equal,43,4,1,9,147,61,65,30,0.8407079646017699,0.2932692307692308,0.4567307692307692
temporal_equal,43,4,1,10,147,61,58,33,0.7777777777777778,0.2932692307692308,0.4375
temporal_equal,43,4,1,11,147,61,71,32,0.9809523809523809,0.2932692307692308,0.4951923076923077
temporal_equal,43,4,1,12,147,61,70,29,0.908256880733945,0.2932692307692308,0.47596153846153844
temporal_equal,43,4,1,13,147,61,70,29,0.908256880733945,0.2932692307692308,0.47596153846153844
temporal_equal,43,4,1,14,147,61,74,32,1.0392156862745099,0.2932692307692308,0.5096153846153846
temporal_equal,43,4,1,15,147,61,77,30,1.0594059405940595,0.2932692307692308,0.5144230769230769
temporal_equal,43,4,1,16,147,61,67,31,0.8909090909090909,0.2932692307692308,0.47115384615384615
temporal_equal,43,4,1,17,147,61,64,30,0.8245614035087719,0.2932692307692308,0.4519230769230769
temporal_equal,43,4,1,18,147,61,68,37,1.0194174757281553,0.2932692307692308,0.5048076923076923
temporal_equal,43,4,1,19,147,61,70,28,0.8909090909090909,0.2932692307692308,0.47115384615384615
temporal_equal,43,4,1,20,147,61,77,30,1.0594059405940595,0.2932692307692308,0.5144230769230769
temporal_equal,43,4,1,21,147,61,75,25,0.9259259259259259,0.2932692307692308,0.4807692307692308
temporal_equal,43,4,1,22,147,61,74,21,0.8407079646017699,0.2932692307692308,0.4567307692307692
temporal_equal,43,4,1,23,147,61,79,30,1.101010101010101,0.2932692307692308,0.5240384615384616
temporal_equal,43,4,1,24,147,61,73,35,1.08,0.2932692307692308,0.5192307692307693
temporal_equal,43,4,1,25,147,61,64,30,0.8245614035087719,0.2932692307692308,0.4519230769230769
temporal_equal,43,4,1,26,147,61,69,26,0.8407079646017699,0.2932692307692308,0.4567307692307692
temporal_equal,43,4,1,27,147,61,69,38,1.0594059405940595,0.2932692307692308,0.5144230769230769
temporal_equal,43,4,2,1,148,62,71,33,0.9811320754716981,0.29523809523809524,0.49523809523809526
temporal_equal,43,4,2,2,148,62,82,30,1.1428571428571428,0.29523809523809524,0.5333333333333333
temporal_equal,43,4,2,3,148,62,72,31,0.9626168224299065,0.29523809523809524,0.49047619047619045
temporal_equal,43,4,2,4,148,62,80,32,1.1428571428571428,0.29523809523809524,0.5333333333333333
temporal_equal,43,4,2,5,148,62,75,28,0.9626168224299065,0.29523809523809524,0.49047619047619045
temporal_equal,43,4,2,6,148,62,71,29,0.9090909090909091,0.29523809523809524,0.47619047619047616
temporal_equal,43,4,2,7,148,62,71,29,0.9090909090909091,0.29523809523809524,0.47619047619047616
temporal_equal,43,4,2,8,148,62,81,27,1.0588235294117647,0.29523809523809524,0.5142857142857142
temporal_equal,43,4,2,9,148,62,68,28,0.8421052631578947,0.29523809523809524,0.45714285714285713
temporal_equal,43,4,2,10,148,62,64,25,0.7355371900826446,0.29523809523809524,0.4238095238095238
temporal_equal,43,4,2,11,148,62,74,33,1.0388349514563107,0.29523809523809524,0.5095238095238095
temporal_equal,43,4,2,12,148,62,68,30,0.875,0.29523809523809524,0.4666666666666667
temporal_equal,43,4,2,13,148,62,70,31,0.926605504587156,0.29523809523809524,0.48095238095238096
temporal_equal,43,4,2,14,148,62,77,33,1.1,0.29523809523809524,0.5238095238095238
temporal_equal,43,4,2,15,148,62,68,34,0.9444444444444444,0.29523809523809524,0.4857142857142857
temporal_equal,43,4,2,16,148,62,72,25,0.8584070796460177,0.29523809523809524,0.46190476190476193
temporal_equal,43,4,2,17,148,62,66,28,0.8103448275862069,0.29523809523809524,0.44761904761904764
temporal_equal,43,4,2,18,148,62,79,30,1.0792079207920793,0.29523809523809524,0.5190476190476191
temporal_equal,43,4,2,19,148,62,71,33,0.9811320754716981,0.29523809523809524,0.49523809523809526
temporal_equal,43,4,2,20,148,62,70,35,1.0,0.29523809523809524,0.5
temporal_equal,44,0,0,1,146,59,73,35,1.1134020618556701,0.28780487804878047,0.526829268292683
temporal_equal,44,0,0,2,146,59,72,29,0.9711538461538461,0.28780487804878047,0.4926829268292683
temporal_equal,44,0,0,3,146,59,77,27,1.0297029702970297,0.28780487804878047,0.5073170731707317
temporal_equal,44,0,0,4,146,59,71,36,1.0918367346938775,0.28780487804878047,0.5219512195121951
temporal_equal,44,0,0,5,146,59,75,29,1.0297029702970297,0.28780487804878047,0.5073170731707317
temporal_equal,44,0,0,6,146,59,66,23,0.7672413793103449,0.28780487804878047,0.43414634146341463
temporal_equal,44,0,0,7,146,59,83,30,1.2282608695652173,0.28780487804878047,0.551219512195122
temporal_equal,44,0,0,8,146,59,72,33,1.05,0.28780487804878047,0.5121951219512195
temporal_equal,44,0,0,9,146,59,77,34,1.1808510638297873,0.28780487804878047,0.5414634146341464
temporal_equal,44,0,0,10,146,59,59,32,0.7982456140350878,0.28780487804878047,0.44390243902439025
temporal_equal,44,0,0,11,146,59,77,29,1.0707070707070707,0.28780487804878047,0.5170731707317073
temporal_equal,44,0,0,12,146,59,75,26,0.9711538461538461,0.28780487804878047,0.4926829268292683
temporal_equal,44,0,0,13,146,59,72,28,0.9523809523809523,0.28780487804878047,0.4878048780487805
temporal_equal,44,0,0,14,146,59,69,37,1.0707070707070707,0.28780487804878047,0.5170731707317073
temporal_equal,44,0,0,15,146,59,73,31,1.0297029702970297,0.28780487804878047,0.5073170731707317
temporal_equal,44,0,0,16,146,59,75,29,1.0297029702970297,0.28780487804878047,0.5073170731707317
temporal_equal,44,0,0,17,146,59,67,31,0.9158878504672897,0.28780487804878047,0.47804878048780486
temporal_equal,44,0,0,18,146,59,76,26,0.9902912621359223,0.28780487804878047,0.4975609756097561
temporal_equal,44,0,0,19,146,59,81,33,1.2527472527472527,0.28780487804878047,0.5560975609756098
temporal_equal,44,0,0,20,146,59,66,28,0.8468468468468469,0.28780487804878047,0.4585365853658537
temporal_equal,44,0,0,21,146,59,74,32,1.0707070707070707,0.28780487804878047,0.5170731707317073
temporal_equal,44,0,0,22,146,59,79,27,1.0707070707070707,0.28780487804878047,0.5170731707317073
temporal_equal,44,0,0,23,146,59,75,28,1.0098039215686274,0.28780487804878047,0.5024390243902439
temporal_equal,44,0,0,24,146,59,78,35,1.2282608695652173,0.28780487804878047,0.551219512195122
temporal_equal,44,0,1,1,147,60,76,33,1.1122448979591837,0.2898550724637681,0.5265700483091788
temporal_equal,44,0,1,2,147,60,69,32,0.9528301886792453,0.2898550724637681,0.48792270531400966
temporal_equal,44,0,1,3,147,60,82,24,1.0495049504950495,0.2898550724637681,0.5120772946859904
temporal_equal,44,0,1,4,147,60,78,33,1.15625,0.2898550724637681,0.5362318840579711
temporal_equal,44,0,1,5,147,60,71,27,0.8990825688073395,0.2898550724637681,0.47342995169082125
temporal_equal,44,0,1,6,147,60,67,27,0.831858407079646,0.2898550724637681,0.45410628019323673
temporal_equal,44,0,1,7,147,60,85,32,1.3,0.2898550724637681,0.5652173913043478
temporal_equal,44,0,1,8,147,60,76,28,1.0097087378640777,0.2898550724637681,0.5024154589371981
temporal_equal,44,0,1,9,147,60,80,33,1.202127659574468,0.2898550724637681,0.5458937198067633
temporal_equal,44,0,1,10,147,60,63,26,0.7542372881355932,0.2898550724637681,0.42995169082125606
temporal_equal,44,0,1,11,147,60,75,35,1.134020618556701,0.2898550724637681,0.5314009661835749
temporal_equal,44,0,1,12,147,60,68,27,0.8482142857142857,0.2898550724637681,0.45893719806763283
temporal_equal,44,0,1,13,147,60,72,34,1.0495049504950495,0.2898550724637681,0.5120772946859904
temporal_equal,44,0,1,14,147,60,73,36,1.1122448979591837,0.2898550724637681,0.5265700483091788
temporal_equal,44,0,1,15,147,60,75,28,0.9903846153846154,0.2898550724637681,0.4975845410628019
temporal_equal,44,0,1,16,147,60,77,27,1.0097087378640777,0.2898550724637681,0.5024154589371981
temporal_equal,44,0,1,17,147,60,71,31,0.9714285714285714,0.2898550724637681,0.4927536231884058
temporal_equal,44,0,1,18,147,60,75,26,0.9528301886792453,0.2898550724637681,0.48792270531400966
temporal_equal,44,0,1,19,147,60,78,33,1.15625,0.2898550724637681,0.5362318840579711
temporal_equal,44,0,1,20,147,60,69,31,0.9345794392523364,0.2898550724637681,0.4830917874396135
temporal_equal,44,0,1,21,147,60,75,30,1.0294117647058822,0.2898550724637681,0.5072463768115942
temporal_equal,44,0,2,1,147,61,75,34,1.101010101010101,0.2932692307692308,0.5240384615384616
temporal_equal,44,0,2,2,147,61,76,25,0.9439252336448598,0.2932692307692308,0.4855769230769231
temporal_equal,44,0,2,3,147,61,78,30,1.08,0.2932692307692308,0.5192307692307693
temporal_equal,44,0,2,4,147,61,77,35,1.1666666666666667,0.2932692307692308,0.5384615384615384
temporal_equal,44,0,2,5,147,61,71,26,0.8738738738738738,0.2932692307692308,0.46634615384615385
temporal_equal,44,0,2,6,147,61,66,29,0.8407079646017699,0.2932692307692308,0.4567307692307692
temporal_equal,44,0,2,7,147,61,85,31,1.2608695652173914,0.2932692307692308,0.5576923076923077
temporal_equal,44,0,2,8,147,61,80,27,1.0594059405940595,0.2932692307692308,0.5144230769230769
temporal_equal,44,0,2,9,147,61,80,32,1.1666666666666667,0.2932692307692308,0.5384615384615384
temporal_equal,44,0,2,10,147,61,67,24,0.7777777777777778,0.2932692307692308,0.4375
temporal_equal,44,0,2,11,147,61,76,34,1.1224489795918366,0.2932692307692308,0.5288461538461539
temporal_equal,44,0,2,12,147,61,71,23,0.8245614035087719,0.2932692307692308,0.4519230769230769
temporal_equal,44,0,2,13,147,61,79,28,1.0594059405940595,0.2932692307692308,0.5144230769230769
temporal_equal,44,0,2,14,147,61,78,33,1.1443298969072164,0.2932692307692308,0.5336538461538461
temporal_equal,44,0,2,15,147,61,75,28,0.9809523809523809,0.2932692307692308,0.4951923076923077
temporal_equal,44,0,2,16,147,61,75,27,0.9622641509433962,0.2932692307692308,0.49038461538461536
temporal_equal,44,0,2,17,147,61,78,28,1.0392156862745099,0.2932692307692308,0.5096153846153846
temporal_equal,44,0,2,18,147,61,71,25,0.8571428571428571,0.2932692307692308,0.46153846153846156
temporal_equal,44,0,2,19,147,61,77,38,1.2365591397849462,0.2932692307692308,0.5528846153846154
temporal_equal,44,0,2,20,147,61,73,26,0.908256880733945,0.2932692307692308,0.47596153846153844
temporal_equal,44,0,2,21,147,61,81,29,1.1224489795918366,0.2932692307692308,0.5288461538461539
temporal_equal,44,0,2,22,147,61,76,31,1.0594059405940595,0.2932692307692308,0.5144230769230769
temporal_equal,44,1,0,1,147,60,78,31,1.1122448979591837,0.2898550724637681,0.5265700483091788
temporal_equal,44,1,0,2,147,60,74,27,0.9528301886792453,0.2898550724637681,0.48792270531400966
temporal_equal,44,1,0,3,147,60,76,30,1.0495049504950495,0.2898550724637681,0.5120772946859904
temporal_equal,44,1,0,4,147,60,80,31,1.15625,0.2898550724637681,0.5362318840579711
temporal_equal,44,1,0,5,147,60,74,24,0.8990825688073395,0.2898550724637681,0.47342995169082125
temporal_equal,44,1,0,6,147,60,67,27,0.831858407079646,0.2898550724637681,0.45410628019323673
temporal_equal,44,1,0,7,147,60,82,35,1.3,0.2898550724637681,0.5652173913043478
temporal_equal,44,1,0,8,147,60,74,30,1.0097087378640777,0.2898550724637681,0.5024154589371981
temporal_equal,44,1,0,9,147,60,78,35,1.202127659574468,0.2898550724637681,0.5458937198067633
temporal_equal,44,1,0,10,147,60,65,24,0.7542372881355932,0.2898550724637681,0.42995169082125606
temporal_equal,44,1,0,11,147,60,77,33,1.134020618556701,0.2898550724637681,0.5314009661835749
temporal_equal,44,1,0,12,147,60,67,28,0.8482142857142857,0.2898550724637681,0.45893719806763283
temporal_equal,44,1,0,13,147,60,68,38,1.0495049504950495,0.2898550724637681,0.5120772946859904
temporal_equal,44,1,0,14,147,60,81,28,1.1122448979591837,0.2898550724637681,0.5265700483091788
temporal_equal,44,1,0,15,147,60,73,30,0.9903846153846154,0.2898550724637681,0.4975845410628019
temporal_equal,44,1,0,16,147,60,74,30,1.0097087378640777,0.2898550724637681,0.5024154589371981
temporal_equal,44,1,0,17,147,60,69,33,0.9714285714285714,0.2898550724637681,0.4927536231884058
temporal_equal,44,1,0,18,147,60,72,29,0.9528301886792453,0.2898550724637681,0.48792270531400966
temporal_equal,44,1,1,1,147,61,73,36,1.101010101010101,0.2932692307692308,0.5240384615384616
temporal_equal,44,1,1,2,147,61,71,30,0.9439252336448598,0.2932692307692308,0.4855769230769231
temporal_equal,44,1,1,3,147,61,73,35,1.08,0.2932692307692308,0.5192307692307693
temporal_equal,44,1,1,4,147,61,72,40,1.1666666666666667,0.2932692307692308,0.5384615384615384
temporal_equal,44,1,1,5,147,61,68,29,0.8738738738738738,0.2932692307692308,0.46634615384615385
temporal_equal,44,1,1,6,147,61,65,30,0.8407079646017699,0.2932692307692308,0.4567307692307692
temporal_equal,44,1,1,7,147,61,79,37,1.2608695652173914,0.2932692307692308,0.5576923076923077
temporal_equal,44,1,1,8,147,61,77,30,1.0594059405940595,0.2932692307692308,0.5144230769230769
temporal_equal,44,1,1,9,147,61,80,32,1.1666666666666667,0.2932692307692308,0.5384615384615384
temporal_equal,44,1,1,10,147,61,65,26,0.7777777777777778,0.2932692307692308,0.4375
temporal_equal,44,1,1,11,147,61,80,30,1.1224489795918366,0.2932692307692308,0.5288461538461539
temporal_equal,44,1,1,12,147,61,65,29,0.8245614035087719,0.2932692307692308,0.4519230769230769
temporal_equal,44,1,1,13,147,61,75,32,1.0594059405940595,0.2932692307692308,0.5144230769230769
temporal_equal,44,1,1,14,147,61,84,27,1.1443298969072164,0.2932692307692308,0.5336538461538461
temporal_equal,44,1,1,15,147,61,69,34,0.9809523809523809,0.2932692307692308,0.4951923076923077
temporal_equal,44,1,1,16,147,61,72,30,0.9622641509433962,0.2932692307692308,0.49038461538461536
temporal_equal,44,1,1,17,147,61,77,29,1.0392156862745099,0.2932692307692308,0.5096153846153846
temporal_equal,44,1,1,18,147,61,69,27,0.8571428571428571,0.2932692307692308,0.46153846153846156
temporal_equal,44,1,1,19,147,61,81,34,1.2365591397849462,0.2932692307692308,0.5528846153846154
temporal_equal,44,1,1,20,147,61,72,27,0.908256880733945,0.2932692307692308,0.47596153846153844
temporal_equal,44,1,1,21,147,61,69,41,1.1224489795918366,0.2932692307692308,0.5288461538461539
temporal_equal,44,1,1,22,147,61,75,32,1.0594059405940595,0.2932692307692308,0.5144230769230769
temporal_equal,44,1,1,23,147,61,80,29,1.101010101010101,0.2932692307692308,0.5240384615384616
temporal_equal,44,1,1,24,147,61,79,27,1.0392156862745099,0.2932692307692308,0.5096153846153846
temporal_equal,44,1,1,25,147,61,71,23,0.8245614035087719,0.2932692307692308,0.4519230769230769
temporal_equal,44,1,1,26,147,61,74,31,1.0194174757281553,0.2932692307692308,0.5048076923076923
temporal_equal,44,1,1,27,147,61,71,25,0.8571428571428571,0.2932692307692308,0.46153846153846156
temporal_equal,44,1,2,1,148,61,77,32,1.09,0.291866028708134,0.5215311004784688
temporal_equal,44,1,2,2,148,61,70,33,0.9716981132075472,0.291866028708134,0.49282296650717705
temporal_equal,44,1,2,3,148,61,78,31,1.09,0.291866028708134,0.5215311004784688
temporal_equal,44,1,2,4,148,61,78,34,1.1546391752577319,0.291866028708134,0.5358851674641149
temporal_equal,44,1,2,5,148,61,69,28,0.8660714285714286,0.291866028708134,0.46411483253588515
temporal_equal,44,1,2,6,148,61,67,30,0.8660714285714286,0.291866028708134,0.46411483253588515
temporal_equal,44,1,2,7,148,61,82,34,1.2473118279569892,0.291866028708134,0.5550239234449761
temporal_equal,44,1,2,8,148,61,79,29,1.0693069306930694,0.291866028708134,0.5167464114832536
temporal_equal,44,1,2,9,148,61,72,41,1.1770833333333333,0.291866028708134,0.5406698564593302
temporal_equal,44,1,2,10,148,61,67,26,0.8017241379310345,0.291866028708134,0.4449760765550239
temporal_equal,44,1,2,11,148,61,77,31,1.0693069306930694,0.291866028708134,0.5167464114832536
temporal_equal,44,1,2,12,148,61,65,28,0.8017241379310345,0.291866028708134,0.4449760765550239
temporal_equal,44,1,2,13,148,61,77,31,1.0693069306930694,0.291866028708134,0.5167464114832536
temporal_equal,44,1,2,14,148,61,80,33,1.1770833333333333,0.291866028708134,0.5406698564593302
temporal_equal,44,1,2,15,148,61,76,28,0.9904761904761905,0.291866028708134,0.49760765550239233
temporal_equal,44,1,2,16,148,61,78,23,0.9351851851851852,0.291866028708134,0.48325358851674644
temporal_equal,44,1,2,17,148,61,79,24,0.9716981132075472,0.291866028708134,0.49282296650717705
temporal_equal,44,1,2,18,148,61,75,27,0.9532710280373832,0.291866028708134,0.4880382775119617
temporal_equal,44,1,2,19,148,61,81,27,1.0693069306930694,0.291866028708134,0.5167464114832536
temporal_equal,44,1,2,20,148,61,72,32,0.9904761904761905,0.291866028708134,0.49760765550239233
temporal_equal,44,1,2,21,148,61,74,36,1.1111111111111112,0.291866028708134,0.5263157894736842
temporal_equal,44,1,2,22,148,61,74,31,1.0096153846153846,0.291866028708134,0.5023923444976076
temporal_equal,44,2,0,1,147,60,77,32,1.1122448979591837,0.2898550724637681,0.5265700483091788
temporal_equal,44,2,0,2,147,60,75,26,0.9528301886792453,0.2898550724637681,0.48792270531400966
temporal_equal,44,2,0,3,147,60,76,30,1.0495049504950495,0.2898550724637681,0.5120772946859904
temporal_equal,44,2,0,4,147,60,81,30,1.15625,0.2898550724637681,0.5362318840579711
temporal_equal,44,2,0,5,147,60,64,34,0.8990825688073395,0.2898550724637681,0.47342995169082125
temporal_equal,44,2,0,6,147,60,63,31,0.831858407079646,0.2898550724637681,0.45410628019323673
temporal_equal,44,2,0,7,147,60,86,31,1.3,0.2898550724637681,0.5652173913043478
temporal_equal,44,2,0,8,147,60,79,25,1.0097087378640777,0.2898550724637681,0.5024154589371981
temporal_equal,44,2,0,9,147,60,74,39,1.202127659574468,0.2898550724637681,0.5458937198067633
temporal_equal,44,2,0,10,147,60,65,24,0.7542372881355932,0.2898550724637681,0.42995169082125606
temporal_equal,44,2,0,11,147,60,74,36,1.134020618556701,0.2898550724637681,0.5314009661835749
temporal_equal,44,2,0,12,147,60,68,27,0.8482142857142857,0.2898550724637681,0.45893719806763283
temporal_equal,44,2,0,13,147,60,74,32,1.0495049504950495,0.2898550724637681,0.5120772946859904
temporal_equal,44,2,0,14,147,60,76,33,1.1122448979591837,0.2898550724637681,0.5265700483091788
temporal_equal,44,2,0,15,147,60,74,29,0.9903846153846154,0.2898550724637681,0.4975845410628019
temporal_equal,44,2,0,16,147,60,68,36,1.0097087378640777,0.2898550724637681,0.5024154589371981
temporal_equal,44,2,0,17,147,60,70,32,0.9714285714285714,0.2898550724637681,0.4927536231884058
temporal_equal,44,2,0,18,147,60,74,27,0.9528301886792453,0.2898550724637681,0.48792270531400966
temporal_equal,44,2,0,19,147,60,83,28,1.15625,0.2898550724637681,0.5362318840579711
temporal_equal,44,2,0,20,147,60,75,25,0.9345794392523364,0.2898550724637681,0.4830917874396135
temporal_equal,44,2,0,21,147,60,79,26,1.0294117647058822,0.2898550724637681,0.5072463768115942
temporal_equal,44,2,0,22,147,60,77,30,1.07,0.2898550724637681,0.5169082125603864
temporal_equal,44,2,0,23,147,60,80,30,1.134020618556701,0.2898550724637681,0.5314009661835749
temporal_equal,44,2,0,24,147,60,76,30,1.0495049504950495,0.2898550724637681,0.5120772946859904
temporal_equal,44,2,0,25,147,60,69,22,0.7844827586206896,0.2898550724637681,0.4396135265700483
temporal_equal,44,2,1,1,147,61,78,31,1.101010101010101,0.2932692307692308,0.5240384615384616
temporal_equal,44,2,1,2,147,61,71,30,0.9439252336448598,0.2932692307692308,0.4855769230769231
temporal_equal,44,2,1,3,147,61,75,33,1.08,0.2932692307692308,0.5192307692307693
temporal_equal,44,2,1,4,147,61,78,34,1.1666666666666667,0.2932692307692308,0.5384615384615384
temporal_equal,44,2,1,5,147,61,68,29,0.8738738738738738,0.2932692307692308,0.46634615384615385
temporal_equal,44,2,1,6,147,61,71,24,0.8407079646017699,0.2932692307692308,0.4567307692307692
temporal_equal,44,2,1,7,147,61,82,34,1.2608695652173914,0.2932692307692308,0.5576923076923077
temporal_equal,44,2,1,8,147,61,83,24,1.0594059405940595,0.2932692307692308,0.5144230769230769
temporal_equal,44,2,1,9,147,61,77,35,1.1666666666666667,0.2932692307692308,0.5384615384615384
temporal_equal,44,2,1,10,147,61,65,26,0.7777777777777778,0.2932692307692308,0.4375
temporal_equal,44,2,1,11,147,61,76,34,1.1224489795918366,0.2932692307692308,0.5288461538461539
temporal_equal,44,2,1,12,147,61,70,24,0.8245614035087719,0.2932692307692308,0.4519230769230769
temporal_equal,44,2,1,13,147,61,79,28,1.0594059405940595,0.2932692307692308,0.5144230769230769
temporal_equal,44,2,1,14,147,61,73,38,1.1443298969072164,0.2932692307692308,0.5336538461538461
temporal_equal,44,2,1,15,147,61,75,28,0.9809523809523809,0.2932692307692308,0.4951923076923077
temporal_equal,44,2,1,16,147,61,74,28,0.9622641509433962,0.2932692307692308,0.49038461538461536
temporal_equal,44,2,1,17,147,61,76,30,1.0392156862745099,0.2932692307692308,0.5096153846153846
temporal_equal,44,2,1,18,147,61,69,27,0.8571428571428571,0.2932692307692308,0.46153846153846156
temporal_equal,44,2,2,1,148,61,76,33,1.09,0.291866028708134,0.5215311004784688
temporal_equal,44,2,2,2,148,61,76,27,0.9716981132075472,0.291866028708134,0.49282296650717705
temporal_equal,44,2,2,3,148,61,79,30,1.09,0.291866028708134,0.5215311004784688
temporal_equal,44,2,2,4,148,61,75,37,1.1546391752577319,0.291866028708134,0.5358851674641149
temporal_equal,44,2,2,5,148,61,68,29,0.8660714285714286,0.291866028708134,0.46411483253588515
temporal_equal,44,2,2,6,148,61,68,29,0.8660714285714286,0.291866028708134,0.46411483253588515
temporal_equal,44,2,2,7,148,61,83,33,1.2473118279569892,0.291866028708134,0.5550239234449761
temporal_equal,44,2,2,8,148,61,79,29,1.0693069306930694,0.291866028708134,0.5167464114832536
temporal_equal,44,2,2,9,148,61,84,29,1.1770833333333333,0.291866028708134,0.5406698564593302
temporal_equal,44,2,2,10,148,61,64,29,0.8017241379310345,0.291866028708134,0.4449760765550239
temporal_equal,44,2,2,11,148,61,80,28,1.0693069306930694,0.291866028708134,0.5167464114832536
temporal_equal,44,2,2,12,148,61,68,25,0.8017241379310345,0.291866028708134,0.4449760765550239
temporal_equal,44,2,2,13,148,61,75,33,1.0693069306930694,0.291866028708134,0.5167464114832536
temporal_equal,44,2,2,14,148,61,77,36,1.1770833333333333,0.291866028708134,0.5406698564593302
temporal_equal,44,2,2,15,148,61,76,28,0.9904761904761905,0.291866028708134,0.49760765550239233
temporal_equal,44,2,2,16,148,61,72,29,0.9351851851851852,0.291866028708134,0.48325358851674644
temporal_equal,44,2,2,17,148,61,72,31,0.9716981132075472,0.291866028708134,0.49282296650717705
temporal_equal,44,2,2,18,148,61,74,28,0.9532710280373832,0.291866028708134,0.4880382775119617
temporal_equal,44,2,2,19,148,61,73,35,1.0693069306930694,0.291866028708134,0.5167464114832536
temporal_equal,44,3,0,1,147,61,79,30,1.101010101010101,0.2932692307692308,0.5240384615384616
temporal_equal,44,3,0,2,147,61,74,27,0.9439252336448598,0.2932692307692308,0.4855769230769231
temporal_equal,44,3,0,3,147,61,76,32,1.08,0.2932692307692308,0.5192307692307693
temporal_equal,44,3,0,4,147,61,84,28,1.1666666666666667,0.2932692307692308,0.5384615384615384
temporal_equal,44,3,0,5,147,61,68,29,0.8738738738738738,0.2932692307692308,0.46634615384615385
temporal_equal,44,3,0,6,147,61,70,25,0.8407079646017699,0.2932692307692308,0.4567307692307692
temporal_equal,44,3,0,7,147,61,91,25,1.2608695652173914,0.2932692307692308,0.5576923076923077
temporal_equal,44,3,0,8,147,61,73,34,1.0594059405940595,0.2932692307692308,0.5144230769230769
temporal_equal,44,3,0,9,147,61,82,30,1.1666666666666667,0.2932692307692308,0.5384615384615384
temporal_equal,44,3,0,10,147,61,62,29,0.7777777777777778,0.2932692307692308,0.4375
temporal_equal,44,3,0,11,147,61,77,33,1.1224489795918366,0.2932692307692308,0.5288461538461539
temporal_equal,44,3,0,12,147,61,69,25,0.8245614035087719,0.2932692307692308,0.4519230769230769
temporal_equal,44,3,0,13,147,61,75,32,1.0594059405940595,0.2932692307692308,0.5144230769230769
temporal_equal,44,3,0,14,147,61,79,32,1.1443298969072164,0.2932692307692308,0.5336538461538461
temporal_equal,44,3,0,15,147,61,76,27,0.9809523809523809,0.2932692307692308,0.4951923076923077
temporal_equal,44,3,0,16,147,61,71,31,0.9622641509433962,0.2932692307692308,0.49038461538461536
temporal_equal,44,3,0,17,147,61,77,29,1.0392156862745099,0.2932692307692308,0.5096153846153846
temporal_equal,44,3,0,18,147,61,69,27,0.8571428571428571,0.2932692307692308,0.46153846153846156
temporal_equal,44,3,0,19,147,61,83,32,1.2365591397849462,0.2932692307692308,0.5528846153846154
temporal_equal,44,3,0,20,147,61,66,33,0.908256880733945,0.2932692307692308,0.47596153846153844
temporal_equal,44,3,0,21,147,61,78,32,1.1224489795918366,0.2932692307692308,0.5288461538461539
temporal_equal,44,3,1,1,147,61,79,30,1.101010101010101,0.2932692307692308,0.5240384615384616
temporal_equal,44,3,1,2,147,61,74,27,0.9439252336448598,0.2932692307692308,0.4855769230769231
temporal_equal,44,3,1,3,147,61,79,29,1.08,0.2932692307692308,0.5192307692307693
temporal_equal,44,3,1,4,147,61,83,29,1.1666666666666667,0.2932692307692308,0.5384615384615384
temporal_equal,44,3,1,5,147,61,68,29,0.8738738738738738,0.2932692307692308,0.46634615384615385
temporal_equal,44,3,1,6,147,61,66,29,0.8407079646017699,0.2932692307692308,0.4567307692307692
temporal_equal,44,3,1,7,147,61,78,38,1.2608695652173914,0.2932692307692308,0.5576923076923077
temporal_equal,44,3,1,8,147,61,77,30,1.0594059405940595,0.2932692307692308,0.5144230769230769
temporal_equal,44,3,1,9,147,61,79,33,1.1666666666666667,0.2932692307692308,0.5384615384615384
temporal_equal,44,3,1,10,147,61,67,24,0.7777777777777778,0.2932692307692308,0.4375
temporal_equal,44,3,1,11,147,61,80,30,1.1224489795918366,0.2932692307692308,0.5288461538461539
temporal_equal,44,3,1,12,147,61,69,25,0.8245614035087719,0.2932692307692308,0.4519230769230769
temporal_equal,44,3,1,13,147,61,75,32,1.0594059405940595,0.2932692307692308,0.5144230769230769
temporal_equal,44,3,1,14,147,61,78,33,1.1443298969072164,0.2932692307692308,0.5336538461538461
temporal_equal,44,3,1,15,147,61,74,29,0.9809523809523809,0.2932692307692308,0.4951923076923077
temporal_equal,44,3,1,16,147,61,73,29,0.9622641509433962,0.2932692307692308,0.49038461538461536
temporal_equal,44,3,1,17,147,61,74,32,1.0392156862745099,0.2932692307692308,0.5096153846153846
temporal_equal,44,3,1,18,147,61,69,27,0.8571428571428571,0.2932692307692308,0.46153846153846156
temporal_equal,44,3,2,1,148,62,76,33,1.0792079207920793,0.29523809523809524,0.5190476190476191
temporal_equal,44,3,2,2,148,62,76,28,0.9811320754716981,0.29523809523809524,0.49523809523809526
temporal_equal,44,3,2,3,148,62,80,30,1.1,0.29523809523809524,0.5238095238095238
temporal_equal,44,3,2,4,148,62,78,34,1.1428571428571428,0.29523809523809524,0.5333333333333333
temporal_equal,44,3,2,5,148,62,70,27,0.8584070796460177,0.29523809523809524,0.46190476190476193
temporal_equal,44,3,2,6,148,62,63,34,0.8584070796460177,0.29523809523809524,0.46190476190476193
temporal_equal,44,3,2,7,148,62,84,35,1.3076923076923077,0.29523809523809524,0.5666666666666667
temporal_equal,44,3,2,8,148,62,73,36,1.0792079207920793,0.29523809523809524,0.5190476190476191
temporal_equal,44,3,2,9,148,62,74,36,1.1,0.29523809523809524,0.5238095238095238
temporal_equal,44,3,2,10,148,62,64,31,0.8260869565217391,0.29523809523809524,0.4523809523809524
temporal_equal,44,3,2,11,148,62,72,34,1.0192307692307692,0.29523809523809524,0.5047619047619047
temporal_equal,44,3,2,12,148,62,65,29,0.8103448275862069,0.29523809523809524,0.44761904761904764
temporal_equal,44,3,2,13,148,62,77,34,1.121212121212121,0.29523809523809524,0.5285714285714286
temporal_equal,44,3,2,14,148,62,73,37,1.1,0.29523809523809524,0.5238095238095238
temporal_equal,44,3,2,15,148,62,77,32,1.0792079207920793,0.29523809523809524,0.5190476190476191
temporal_equal,44,3,2,16,148,62,64,34,0.875,0.29523809523809524,0.4666666666666667
temporal_equal,44,3,2,17,148,62,80,25,1.0,0.29523809523809524,0.5
temporal_equal,44,3,2,18,148,62,76,28,0.9811320754716981,0.29523809523809524,0.49523809523809526
temporal_equal,44,3,2,19,148,62,75,33,1.0588235294117647,0.29523809523809524,0.5142857142857142
temporal_equal,44,3,2,20,148,62,79,28,1.0388349514563107,0.29523809523809524,0.5095238095238095
temporal_equal,44,3,2,21,148,62,82,27,1.0792079207920793,0.29523809523809524,0.5190476190476191
temporal_equal,44,3,2,22,148,62,78,28,1.0192307692307692,0.29523809523809524,0.5047619047619047
temporal_equal,44,3,2,23,148,62,76,35,1.121212121212121,0.29523809523809524,0.5285714285714286
temporal_equal,44,3,2,24,148,62,78,24,0.9444444444444444,0.29523809523809524,0.4857142857142857
temporal_equal,44,3,2,25,148,62,67,35,0.9444444444444444,0.29523809523809524,0.4857142857142857
temporal_equal,44,4,0,1,147,61,74,35,1.101010101010101,0.2932692307692308,0.5240384615384616
temporal_equal,44,4,0,2,147,61,69,32,0.9439252336448598,0.2932692307692308,0.4855769230769231
temporal_equal,44,4,0,3,147,61,80,28,1.08,0.2932692307692308,0.5192307692307693
temporal_equal,44,4,0,4,147,61,78,34,1.1666666666666667,0.2932692307692308,0.5384615384615384
temporal_equal,44,4,0,5,147,61,63,34,0.8738738738738738,0.2932692307692308,0.46634615384615385
temporal_equal,44,4,0,6,147,61,64,31,0.8407079646017699,0.2932692307692308,0.4567307692307692
temporal_equal,44,4,0,7,147,61,86,30,1.2608695652173914,0.2932692307692308,0.5576923076923077
temporal_equal,44,4,0,8,147,61,75,32,1.0594059405940595,0.2932692307692308,0.5144230769230769
temporal_equal,44,4,0,9,147,61,85,27,1.1666666666666667,0.2932692307692308,0.5384615384615384
temporal_equal,44,4,0,10,147,61,64,27,0.7777777777777778,0.2932692307692308,0.4375
temporal_equal,44,4,0,11,147,61,74,36,1.1224489795918366,0.2932692307692308,0.5288461538461539
temporal_equal,44,4,0,12,147,61,69,25,0.8245614035087719,0.2932692307692308,0.4519230769230769
temporal_equal,44,4,0,13,147,61,76,31,1.0594059405940595,0.2932692307692308,0.5144230769230769
temporal_equal,44,4,0,14,147,61,80,31,1.1443298969072164,0.2932692307692308,0.5336538461538461
temporal_equal,44,4,0,15,147,61,66,37,0.9809523809523809,0.2932692307692308,0.4951923076923077
temporal_equal,44,4,0,16,147,61,71,31,0.9622641509433962,0.2932692307692308,0.49038461538461536
temporal_equal,44,4,0,17,147,61,76,30,1.0392156862745099,0.2932692307692308,0.5096153846153846
temporal_equal,44,4,0,18,147,61,70,26,0.8571428571428571,0.2932692307692308,0.46153846153846156
temporal_equal,44,4,0,19,147,61,83,32,1.2365591397849462,0.2932692307692308,0.5528846153846154
temporal_equal,44,4,0,20,147,61,68,31,0.908256880733945,0.2932692307692308,0.47596153846153844
temporal_equal,44,4,0,21,147,61,76,34,1.1224489795918366,0.2932692307692308,0.5288461538461539
temporal_equal,44,4,0,22,147,61,73,34,1.0594059405940595,0.2932692307692308,0.5144230769230769
temporal_equal,44,4,0,23,147,61,73,36,1.101010101010101,0.2932692307692308,0.5240384615384616
temporal_equal,44,4,1,1,147,61,70,39,1.101010101010101,0.2932692307692308,0.5240384615384616
temporal_equal,44,4,1,2,147,61,71,30,0.9439252336448598,0.2932692307692308,0.4855769230769231
temporal_equal,44,4,1,3,147,61,76,32,1.08,0.2932692307692308,0.5192307692307693
temporal_equal,44,4,1,4,147,61,82,30,1.1666666666666667,0.2932692307692308,0.5384615384615384
temporal_equal,44,4,1,5,147,61,69,28,0.8738738738738738,0.2932692307692308,0.46634615384615385
temporal_equal,44,4,1,6,147,61,73,22,0.8407079646017699,0.2932692307692308,0.4567307692307692
temporal_equal,44,4,1,7,147,61,78,38,1.2608695652173914,0.2932692307692308,0.5576923076923077
temporal_equal,44,4,1,8,147,61,75,32,1.0594059405940595,0.2932692307692308,0.5144230769230769
temporal_equal,44,4,1,9,147,61,81,31,1.1666666666666667,0.2932692307692308,0.5384615384615384
temporal_equal,44,4,1,10,147,61,68,23,0.7777777777777778,0.2932692307692308,0.4375
temporal_equal,44,4,1,11,147,61,76,34,1.1224489795918366,0.2932692307692308,0.5288461538461539
temporal_equal,44,4,1,12,147,61,65,29,0.8245614035087719,0.2932692307692308,0.4519230769230769
temporal_equal,44,4,1,13,147,61,71,36,1.0594059405940595,0.2932692307692308,0.5144230769230769
temporal_equal,44,4,1,14,147,61,76,35,1.1443298969072164,0.2932692307692308,0.5336538461538461
temporal_equal,44,4,1,15,147,61,64,39,0.9809523809523809,0.2932692307692308,0.4951923076923077
temporal_equal,44,4,1,16,147,61,70,32,0.9622641509433962,0.2932692307692308,0.49038461538461536
temporal_equal,44,4,1,17,147,61,74,32,1.0392156862745099,0.2932692307692308,0.5096153846153846
temporal_equal,44,4,1,18,147,61,63,33,0.8571428571428571,0.2932692307692308,0.46153846153846156
temporal_equal,44,4,1,19,147,61,76,39,1.2365591397849462,0.2932692307692308,0.5528846153846154
temporal_equal,44,4,2,1,148,62,82,27,1.0792079207920793,0.29523809523809524,0.5190476190476191
temporal_equal,44,4,2,2,148,62,78,26,0.9811320754716981,0.29523809523809524,0.49523809523809526
temporal_equal,44,4,2,3,148,62,78,32,1.1,0.29523809523809524,0.5238095238095238
temporal_equal,44,4,2,4,148,62,76,36,1.1428571428571428,0.29523809523809524,0.5333333333333333
temporal_equal,44,4,2,5,148,62,66,31,0.8584070796460177,0.29523809523809524,0.46190476190476193
temporal_equal,44,4,2,6,148,62,69,28,0.8584070796460177,0.29523809523809524,0.46190476190476193
temporal_equal,44,4,2,7,148,62,83,36,1.3076923076923077,0.29523809523809524,0.5666666666666667
temporal_equal,44,4,2,8,148,62,73,36,1.0792079207920793,0.29523809523809524,0.5190476190476191
temporal_equal,44,4,2,9,148,62,74,36,1.1,0.29523809523809524,0.5238095238095238
temporal_equal,44,4,2,10,148,62,70,25,0.8260869565217391,0.29523809523809524,0.4523809523809524
temporal_equal,44,4,2,11,148,62,75,31,1.0192307692307692,0.29523809523809524,0.5047619047619047
temporal_equal,44,4,2,12,148,62,71,23,0.8103448275862069,0.29523809523809524,0.44761904761904764
temporal_equal,44,4,2,13,148,62,79,32,1.121212121212121,0.29523809523809524,0.5285714285714286
temporal_equal,44,4,2,14,148,62,72,38,1.1,0.29523809523809524,0.5238095238095238
temporal_equal,44,4,2,15,148,62,78,31,1.0792079207920793,0.29523809523809524,0.5190476190476191
temporal_equal,44,4,2,16,148,62,71,27,0.875,0.29523809523809524,0.4666666666666667
temporal_equal,44,4,2,17,148,62,77,28,1.0,0.29523809523809524,0.5
temporal_equal,44,4,2,18,148,62,76,28,0.9811320754716981,0.29523809523809524,0.49523809523809526
temporal_equal,44,4,2,19,148,62,74,34,1.0588235294117647,0.29523809523809524,0.5142857142857142
temporal_equal,44,4,2,20,148,62,74,33,1.0388349514563107,0.29523809523809524,0.5095238095238095
temporal_equal,44,4,2,21,148,62,82,27,1.0792079207920793,0.29523809523809524,0.5190476190476191
temporal_equal,44,4,2,22,148,62,75,31,1.0192307692307692,0.29523809523809524,0.5047619047619047
temporal_equal,44,4,2,23,148,62,78,33,1.121212121212121,0.29523809523809524,0.5285714285714286
temporal_equal,44,4,2,24,148,62,69,33,0.9444444444444444,0.29523809523809524,0.4857142857142857
temporal_equal,44,4,2,25,148,62,72,30,0.9444444444444444,0.29523809523809524,0.4857142857142857
temporal_dd_only,42,0,0,1,146,59,0,59,0.4041095890410959,0.28780487804878047,0.28780487804878047
temporal_dd_only,42,0,0,2,146,59,0,59,0.4041095890410959,0.28780487804878047,0.28780487804878047
temporal_dd_only,42,0,0,3,146,59,0,59,0.4041095890410959,0.28780487804878047,0.28780487804878047
temporal_dd_only,42,0,0,4,146,59,0,59,0.4041095890410959,0.28780487804878047,0.28780487804878047
temporal_dd_only,42,0,0,5,146,59,0,59,0.4041095890410959,0.28780487804878047,0.28780487804878047
temporal_dd_only,42,0,0,6,146,59,0,59,0.4041095890410959,0.28780487804878047,0.28780487804878047
temporal_dd_only,42,0,0,7,146,59,0,59,0.4041095890410959,0.28780487804878047,0.28780487804878047
temporal_dd_only,42,0,0,8,146,59,0,59,0.4041095890410959,0.28780487804878047,0.28780487804878047
temporal_dd_only,42,0,0,9,146,59,0,59,0.4041095890410959,0.28780487804878047,0.28780487804878047
temporal_dd_only,42,0,0,10,146,59,0,59,0.4041095890410959,0.28780487804878047,0.28780487804878047
temporal_dd_only,42,0,0,11,146,59,0,59,0.4041095890410959,0.28780487804878047,0.28780487804878047
temporal_dd_only,42,0,0,12,146,59,0,59,0.4041095890410959,0.28780487804878047,0.28780487804878047
temporal_dd_only,42,0,0,13,146,59,0,59,0.4041095890410959,0.28780487804878047,0.28780487804878047
temporal_dd_only,42,0,0,14,146,59,0,59,0.4041095890410959,0.28780487804878047,0.28780487804878047
temporal_dd_only,42,0,0,15,146,59,0,59,0.4041095890410959,0.28780487804878047,0.28780487804878047
temporal_dd_only,42,0,0,16,146,59,0,59,0.4041095890410959,0.28780487804878047,0.28780487804878047
temporal_dd_only,42,0,0,17,146,59,0,59,0.4041095890410959,0.28780487804878047,0.28780487804878047
temporal_dd_only,42,0,0,18,146,59,0,59,0.4041095890410959,0.28780487804878047,0.28780487804878047
temporal_dd_only,42,0,0,19,146,59,0,59,0.4041095890410959,0.28780487804878047,0.28780487804878047
temporal_dd_only,42,0,0,20,146,59,0,59,0.4041095890410959,0.28780487804878047,0.28780487804878047
temporal_dd_only,42,0,1,1,147,60,0,60,0.40816326530612246,0.2898550724637681,0.2898550724637681
temporal_dd_only,42,0,1,2,147,60,0,60,0.40816326530612246,0.2898550724637681,0.2898550724637681
temporal_dd_only,42,0,1,3,147,60,0,60,0.40816326530612246,0.2898550724637681,0.2898550724637681
temporal_dd_only,42,0,1,4,147,60,0,60,0.40816326530612246,0.2898550724637681,0.2898550724637681
temporal_dd_only,42,0,1,5,147,60,0,60,0.40816326530612246,0.2898550724637681,0.2898550724637681
temporal_dd_only,42,0,1,6,147,60,0,60,0.40816326530612246,0.2898550724637681,0.2898550724637681
temporal_dd_only,42,0,1,7,147,60,0,60,0.40816326530612246,0.2898550724637681,0.2898550724637681
temporal_dd_only,42,0,1,8,147,60,0,60,0.40816326530612246,0.2898550724637681,0.2898550724637681
temporal_dd_only,42,0,1,9,147,60,0,60,0.40816326530612246,0.2898550724637681,0.2898550724637681
temporal_dd_only,42,0,1,10,147,60,0,60,0.40816326530612246,0.2898550724637681,0.2898550724637681
temporal_dd_only,42,0,1,11,147,60,0,60,0.40816326530612246,0.2898550724637681,0.2898550724637681
temporal_dd_only,42,0,1,12,147,60,0,60,0.40816326530612246,0.2898550724637681,0.2898550724637681
temporal_dd_only,42,0,1,13,147,60,0,60,0.40816326530612246,0.2898550724637681,0.2898550724637681
temporal_dd_only,42,0,1,14,147,60,0,60,0.40816326530612246,0.2898550724637681,0.2898550724637681
temporal_dd_only,42,0,1,15,147,60,0,60,0.40816326530612246,0.2898550724637681,0.2898550724637681
temporal_dd_only,42,0,1,16,147,60,0,60,0.40816326530612246,0.2898550724637681,0.2898550724637681
temporal_dd_only,42,0,1,17,147,60,0,60,0.40816326530612246,0.2898550724637681,0.2898550724637681
temporal_dd_only,42,0,1,18,147,60,0,60,0.40816326530612246,0.2898550724637681,0.2898550724637681
temporal_dd_only,42,0,1,19,147,60,0,60,0.40816326530612246,0.2898550724637681,0.2898550724637681
temporal_dd_only,42,0,1,20,147,60,0,60,0.40816326530612246,0.2898550724637681,0.2898550724637681
temporal_dd_only,42,0,1,21,147,60,0,60,0.40816326530612246,0.2898550724637681,0.2898550724637681
temporal_dd_only,42,0,1,22,147,60,0,60,0.40816326530612246,0.2898550724637681,0.2898550724637681
temporal_dd_only,42,0,2,1,147,61,0,61,0.41496598639455784,0.2932692307692308,0.2932692307692308
temporal_dd_only,42,0,2,2,147,61,0,61,0.41496598639455784,0.2932692307692308,0.2932692307692308
temporal_dd_only,42,0,2,3,147,61,0,61,0.41496598639455784,0.2932692307692308,0.2932692307692308
temporal_dd_only,42,0,2,4,147,61,0,61,0.41496598639455784,0.2932692307692308,0.2932692307692308
temporal_dd_only,42,0,2,5,147,61,0,61,0.41496598639455784,0.2932692307692308,0.2932692307692308
temporal_dd_only,42,0,2,6,147,61,0,61,0.41496598639455784,0.2932692307692308,0.2932692307692308
temporal_dd_only,42,0,2,7,147,61,0,61,0.41496598639455784,0.2932692307692308,0.2932692307692308
temporal_dd_only,42,0,2,8,147,61,0,61,0.41496598639455784,0.2932692307692308,0.2932692307692308
temporal_dd_only,42,0,2,9,147,61,0,61,0.41496598639455784,0.2932692307692308,0.2932692307692308
temporal_dd_only,42,0,2,10,147,61,0,61,0.41496598639455784,0.2932692307692308,0.2932692307692308
temporal_dd_only,42,0,2,11,147,61,0,61,0.41496598639455784,0.2932692307692308,0.2932692307692308
temporal_dd_only,42,0,2,12,147,61,0,61,0.41496598639455784,0.2932692307692308,0.2932692307692308
temporal_dd_only,42,0,2,13,147,61,0,61,0.41496598639455784,0.2932692307692308,0.2932692307692308
temporal_dd_only,42,0,2,14,147,61,0,61,0.41496598639455784,0.2932692307692308,0.2932692307692308
temporal_dd_only,42,0,2,15,147,61,0,61,0.41496598639455784,0.2932692307692308,0.2932692307692308
temporal_dd_only,42,0,2,16,147,61,0,61,0.41496598639455784,0.2932692307692308,0.2932692307692308
temporal_dd_only,42,0,2,17,147,61,0,61,0.41496598639455784,0.2932692307692308,0.2932692307692308
temporal_dd_only,42,0,2,18,147,61,0,61,0.41496598639455784,0.2932692307692308,0.2932692307692308
temporal_dd_only,42,0,2,19,147,61,0,61,0.41496598639455784,0.2932692307692308,0.2932692307692308
temporal_dd_only,42,0,2,20,147,61,0,61,0.41496598639455784,0.2932692307692308,0.2932692307692308
temporal_dd_only,42,0,2,21,147,61,0,61,0.41496598639455784,0.2932692307692308,0.2932692307692308
temporal_dd_only,42,1,0,1,147,60,0,60,0.40816326530612246,0.2898550724637681,0.2898550724637681
temporal_dd_only,42,1,0,2,147,60,0,60,0.40816326530612246,0.2898550724637681,0.2898550724637681
temporal_dd_only,42,1,0,3,147,60,0,60,0.40816326530612246,0.2898550724637681,0.2898550724637681
temporal_dd_only,42,1,0,4,147,60,0,60,0.40816326530612246,0.2898550724637681,0.2898550724637681
temporal_dd_only,42,1,0,5,147,60,0,60,0.40816326530612246,0.2898550724637681,0.2898550724637681
temporal_dd_only,42,1,0,6,147,60,0,60,0.40816326530612246,0.2898550724637681,0.2898550724637681
temporal_dd_only,42,1,0,7,147,60,0,60,0.40816326530612246,0.2898550724637681,0.2898550724637681
temporal_dd_only,42,1,0,8,147,60,0,60,0.40816326530612246,0.2898550724637681,0.2898550724637681
temporal_dd_only,42,1,0,9,147,60,0,60,0.40816326530612246,0.2898550724637681,0.2898550724637681
temporal_dd_only,42,1,0,10,147,60,0,60,0.40816326530612246,0.2898550724637681,0.2898550724637681
temporal_dd_only,42,1,0,11,147,60,0,60,0.40816326530612246,0.2898550724637681,0.2898550724637681
temporal_dd_only,42,1,0,12,147,60,0,60,0.40816326530612246,0.2898550724637681,0.2898550724637681
temporal_dd_only,42,1,0,13,147,60,0,60,0.40816326530612246,0.2898550724637681,0.2898550724637681
temporal_dd_only,42,1,0,14,147,60,0,60,0.40816326530612246,0.2898550724637681,0.2898550724637681
temporal_dd_only,42,1,0,15,147,60,0,60,0.40816326530612246,0.2898550724637681,0.2898550724637681
temporal_dd_only,42,1,0,16,147,60,0,60,0.40816326530612246,0.2898550724637681,0.2898550724637681
temporal_dd_only,42,1,0,17,147,60,0,60,0.40816326530612246,0.2898550724637681,0.2898550724637681
temporal_dd_only,42,1,0,18,147,60,0,60,0.40816326530612246,0.2898550724637681,0.2898550724637681
temporal_dd_only,42,1,0,19,147,60,0,60,0.40816326530612246,0.2898550724637681,0.2898550724637681
temporal_dd_only,42,1,0,20,147,60,0,60,0.40816326530612246,0.2898550724637681,0.2898550724637681
temporal_dd_only,42,1,0,21,147,60,0,60,0.40816326530612246,0.2898550724637681,0.2898550724637681
temporal_dd_only,42,1,1,1,147,61,0,61,0.41496598639455784,0.2932692307692308,0.2932692307692308
temporal_dd_only,42,1,1,2,147,61,0,61,0.41496598639455784,0.2932692307692308,0.2932692307692308
temporal_dd_only,42,1,1,3,147,61,0,61,0.41496598639455784,0.2932692307692308,0.2932692307692308
temporal_dd_only,42,1,1,4,147,61,0,61,0.41496598639455784,0.2932692307692308,0.2932692307692308
temporal_dd_only,42,1,1,5,147,61,0,61,0.41496598639455784,0.2932692307692308,0.2932692307692308
temporal_dd_only,42,1,1,6,147,61,0,61,0.41496598639455784,0.2932692307692308,0.2932692307692308
temporal_dd_only,42,1,1,7,147,61,0,61,0.41496598639455784,0.2932692307692308,0.2932692307692308
temporal_dd_only,42,1,1,8,147,61,0,61,0.41496598639455784,0.2932692307692308,0.2932692307692308
temporal_dd_only,42,1,1,9,147,61,0,61,0.41496598639455784,0.2932692307692308,0.2932692307692308
temporal_dd_only,42,1,1,10,147,61,0,61,0.41496598639455784,0.2932692307692308,0.2932692307692308
temporal_dd_only,42,1,1,11,147,61,0,61,0.41496598639455784,0.2932692307692308,0.2932692307692308
temporal_dd_only,42,1,1,12,147,61,0,61,0.41496598639455784,0.2932692307692308,0.2932692307692308
temporal_dd_only,42,1,1,13,147,61,0,61,0.41496598639455784,0.2932692307692308,0.2932692307692308
temporal_dd_only,42,1,1,14,147,61,0,61,0.41496598639455784,0.2932692307692308,0.2932692307692308
temporal_dd_only,42,1,1,15,147,61,0,61,0.41496598639455784,0.2932692307692308,0.2932692307692308
temporal_dd_only,42,1,1,16,147,61,0,61,0.41496598639455784,0.2932692307692308,0.2932692307692308
temporal_dd_only,42,1,1,17,147,61,0,61,0.41496598639455784,0.2932692307692308,0.2932692307692308
temporal_dd_only,42,1,2,1,148,61,0,61,0.41216216216216217,0.291866028708134,0.291866028708134
temporal_dd_only,42,1,2,2,148,61,0,61,0.41216216216216217,0.291866028708134,0.291866028708134
temporal_dd_only,42,1,2,3,148,61,0,61,0.41216216216216217,0.291866028708134,0.291866028708134
temporal_dd_only,42,1,2,4,148,61,0,61,0.41216216216216217,0.291866028708134,0.291866028708134
temporal_dd_only,42,1,2,5,148,61,0,61,0.41216216216216217,0.291866028708134,0.291866028708134
temporal_dd_only,42,1,2,6,148,61,0,61,0.41216216216216217,0.291866028708134,0.291866028708134
temporal_dd_only,42,1,2,7,148,61,0,61,0.41216216216216217,0.291866028708134,0.291866028708134
temporal_dd_only,42,1,2,8,148,61,0,61,0.41216216216216217,0.291866028708134,0.291866028708134
temporal_dd_only,42,1,2,9,148,61,0,61,0.41216216216216217,0.291866028708134,0.291866028708134
temporal_dd_only,42,1,2,10,148,61,0,61,0.41216216216216217,0.291866028708134,0.291866028708134
temporal_dd_only,42,1,2,11,148,61,0,61,0.41216216216216217,0.291866028708134,0.291866028708134
temporal_dd_only,42,1,2,12,148,61,0,61,0.41216216216216217,0.291866028708134,0.291866028708134
temporal_dd_only,42,1,2,13,148,61,0,61,0.41216216216216217,0.291866028708134,0.291866028708134
temporal_dd_only,42,1,2,14,148,61,0,61,0.41216216216216217,0.291866028708134,0.291866028708134
temporal_dd_only,42,1,2,15,148,61,0,61,0.41216216216216217,0.291866028708134,0.291866028708134
temporal_dd_only,42,1,2,16,148,61,0,61,0.41216216216216217,0.291866028708134,0.291866028708134
temporal_dd_only,42,1,2,17,148,61,0,61,0.41216216216216217,0.291866028708134,0.291866028708134
temporal_dd_only,42,1,2,18,148,61,0,61,0.41216216216216217,0.291866028708134,0.291866028708134
temporal_dd_only,42,1,2,19,148,61,0,61,0.41216216216216217,0.291866028708134,0.291866028708134
temporal_dd_only,42,1,2,20,148,61,0,61,0.41216216216216217,0.291866028708134,0.291866028708134
temporal_dd_only,42,1,2,21,148,61,0,61,0.41216216216216217,0.291866028708134,0.291866028708134
temporal_dd_only,42,2,0,1,147,60,0,60,0.40816326530612246,0.2898550724637681,0.2898550724637681
temporal_dd_only,42,2,0,2,147,60,0,60,0.40816326530612246,0.2898550724637681,0.2898550724637681
temporal_dd_only,42,2,0,3,147,60,0,60,0.40816326530612246,0.2898550724637681,0.2898550724637681
temporal_dd_only,42,2,0,4,147,60,0,60,0.40816326530612246,0.2898550724637681,0.2898550724637681
temporal_dd_only,42,2,0,5,147,60,0,60,0.40816326530612246,0.2898550724637681,0.2898550724637681
temporal_dd_only,42,2,0,6,147,60,0,60,0.40816326530612246,0.2898550724637681,0.2898550724637681
temporal_dd_only,42,2,0,7,147,60,0,60,0.40816326530612246,0.2898550724637681,0.2898550724637681
temporal_dd_only,42,2,0,8,147,60,0,60,0.40816326530612246,0.2898550724637681,0.2898550724637681
temporal_dd_only,42,2,0,9,147,60,0,60,0.40816326530612246,0.2898550724637681,0.2898550724637681
temporal_dd_only,42,2,0,10,147,60,0,60,0.40816326530612246,0.2898550724637681,0.2898550724637681
temporal_dd_only,42,2,0,11,147,60,0,60,0.40816326530612246,0.2898550724637681,0.2898550724637681
temporal_dd_only,42,2,0,12,147,60,0,60,0.40816326530612246,0.2898550724637681,0.2898550724637681
temporal_dd_only,42,2,0,13,147,60,0,60,0.40816326530612246,0.2898550724637681,0.2898550724637681
temporal_dd_only,42,2,0,14,147,60,0,60,0.40816326530612246,0.2898550724637681,0.2898550724637681
temporal_dd_only,42,2,0,15,147,60,0,60,0.40816326530612246,0.2898550724637681,0.2898550724637681
temporal_dd_only,42,2,0,16,147,60,0,60,0.40816326530612246,0.2898550724637681,0.2898550724637681
temporal_dd_only,42,2,0,17,147,60,0,60,0.40816326530612246,0.2898550724637681,0.2898550724637681
temporal_dd_only,42,2,0,18,147,60,0,60,0.40816326530612246,0.2898550724637681,0.2898550724637681
temporal_dd_only,42,2,0,19,147,60,0,60,0.40816326530612246,0.2898550724637681,0.2898550724637681
temporal_dd_only,42,2,0,20,147,60,0,60,0.40816326530612246,0.2898550724637681,0.2898550724637681
temporal_dd_only,42,2,0,21,147,60,0,60,0.40816326530612246,0.2898550724637681,0.2898550724637681
temporal_dd_only,42,2,0,22,147,60,0,60,0.40816326530612246,0.2898550724637681,0.2898550724637681
temporal_dd_only,42,2,0,23,147,60,0,60,0.40816326530612246,0.2898550724637681,0.2898550724637681
temporal_dd_only,42,2,0,24,147,60,0,60,0.40816326530612246,0.2898550724637681,0.2898550724637681
temporal_dd_only,42,2,0,25,147,60,0,60,0.40816326530612246,0.2898550724637681,0.2898550724637681
temporal_dd_only,42,2,0,26,147,60,0,60,0.40816326530612246,0.2898550724637681,0.2898550724637681
temporal_dd_only,42,2,0,27,147,60,0,60,0.40816326530612246,0.2898550724637681,0.2898550724637681
temporal_dd_only,42,2,0,28,147,60,0,60,0.40816326530612246,0.2898550724637681,0.2898550724637681
temporal_dd_only,42,2,0,29,147,60,0,60,0.40816326530612246,0.2898550724637681,0.2898550724637681
temporal_dd_only,42,2,0,30,147,60,0,60,0.40816326530612246,0.2898550724637681,0.2898550724637681
temporal_dd_only,42,2,0,31,147,60,0,60,0.40816326530612246,0.2898550724637681,0.2898550724637681
temporal_dd_only,42,2,0,32,147,60,0,60,0.40816326530612246,0.2898550724637681,0.2898550724637681
temporal_dd_only,42,2,1,1,147,61,0,61,0.41496598639455784,0.2932692307692308,0.2932692307692308
temporal_dd_only,42,2,1,2,147,61,0,61,0.41496598639455784,0.2932692307692308,0.2932692307692308
temporal_dd_only,42,2,1,3,147,61,0,61,0.41496598639455784,0.2932692307692308,0.2932692307692308
temporal_dd_only,42,2,1,4,147,61,0,61,0.41496598639455784,0.2932692307692308,0.2932692307692308
temporal_dd_only,42,2,1,5,147,61,0,61,0.41496598639455784,0.2932692307692308,0.2932692307692308
temporal_dd_only,42,2,1,6,147,61,0,61,0.41496598639455784,0.2932692307692308,0.2932692307692308
temporal_dd_only,42,2,1,7,147,61,0,61,0.41496598639455784,0.2932692307692308,0.2932692307692308
temporal_dd_only,42,2,1,8,147,61,0,61,0.41496598639455784,0.2932692307692308,0.2932692307692308
temporal_dd_only,42,2,1,9,147,61,0,61,0.41496598639455784,0.2932692307692308,0.2932692307692308
temporal_dd_only,42,2,1,10,147,61,0,61,0.41496598639455784,0.2932692307692308,0.2932692307692308
temporal_dd_only,42,2,1,11,147,61,0,61,0.41496598639455784,0.2932692307692308,0.2932692307692308
temporal_dd_only,42,2,1,12,147,61,0,61,0.41496598639455784,0.2932692307692308,0.2932692307692308
temporal_dd_only,42,2,1,13,147,61,0,61,0.41496598639455784,0.2932692307692308,0.2932692307692308
temporal_dd_only,42,2,1,14,147,61,0,61,0.41496598639455784,0.2932692307692308,0.2932692307692308
temporal_dd_only,42,2,1,15,147,61,0,61,0.41496598639455784,0.2932692307692308,0.2932692307692308
temporal_dd_only,42,2,1,16,147,61,0,61,0.41496598639455784,0.2932692307692308,0.2932692307692308
temporal_dd_only,42,2,1,17,147,61,0,61,0.41496598639455784,0.2932692307692308,0.2932692307692308
temporal_dd_only,42,2,1,18,147,61,0,61,0.41496598639455784,0.2932692307692308,0.2932692307692308
temporal_dd_only,42,2,1,19,147,61,0,61,0.41496598639455784,0.2932692307692308,0.2932692307692308
temporal_dd_only,42,2,1,20,147,61,0,61,0.41496598639455784,0.2932692307692308,0.2932692307692308
temporal_dd_only,42,2,1,21,147,61,0,61,0.41496598639455784,0.2932692307692308,0.2932692307692308
temporal_dd_only,42,2,1,22,147,61,0,61,0.41496598639455784,0.2932692307692308,0.2932692307692308
temporal_dd_only,42,2,1,23,147,61,0,61,0.41496598639455784,0.2932692307692308,0.2932692307692308
temporal_dd_only,42,2,1,24,147,61,0,61,0.41496598639455784,0.2932692307692308,0.2932692307692308
temporal_dd_only,42,2,2,1,148,61,0,61,0.41216216216216217,0.291866028708134,0.291866028708134
temporal_dd_only,42,2,2,2,148,61,0,61,0.41216216216216217,0.291866028708134,0.291866028708134
temporal_dd_only,42,2,2,3,148,61,0,61,0.41216216216216217,0.291866028708134,0.291866028708134
temporal_dd_only,42,2,2,4,148,61,0,61,0.41216216216216217,0.291866028708134,0.291866028708134
temporal_dd_only,42,2,2,5,148,61,0,61,0.41216216216216217,0.291866028708134,0.291866028708134
temporal_dd_only,42,2,2,6,148,61,0,61,0.41216216216216217,0.291866028708134,0.291866028708134
temporal_dd_only,42,2,2,7,148,61,0,61,0.41216216216216217,0.291866028708134,0.291866028708134
temporal_dd_only,42,2,2,8,148,61,0,61,0.41216216216216217,0.291866028708134,0.291866028708134
temporal_dd_only,42,2,2,9,148,61,0,61,0.41216216216216217,0.291866028708134,0.291866028708134
temporal_dd_only,42,2,2,10,148,61,0,61,0.41216216216216217,0.291866028708134,0.291866028708134
temporal_dd_only,42,2,2,11,148,61,0,61,0.41216216216216217,0.291866028708134,0.291866028708134
temporal_dd_only,42,2,2,12,148,61,0,61,0.41216216216216217,0.291866028708134,0.291866028708134
temporal_dd_only,42,2,2,13,148,61,0,61,0.41216216216216217,0.291866028708134,0.291866028708134
temporal_dd_only,42,2,2,14,148,61,0,61,0.41216216216216217,0.291866028708134,0.291866028708134
temporal_dd_only,42,2,2,15,148,61,0,61,0.41216216216216217,0.291866028708134,0.291866028708134
temporal_dd_only,42,2,2,16,148,61,0,61,0.41216216216216217,0.291866028708134,0.291866028708134
temporal_dd_only,42,2,2,17,148,61,0,61,0.41216216216216217,0.291866028708134,0.291866028708134
temporal_dd_only,42,2,2,18,148,61,0,61,0.41216216216216217,0.291866028708134,0.291866028708134
temporal_dd_only,42,2,2,19,148,61,0,61,0.41216216216216217,0.291866028708134,0.291866028708134
temporal_dd_only,42,2,2,20,148,61,0,61,0.41216216216216217,0.291866028708134,0.291866028708134
temporal_dd_only,42,2,2,21,148,61,0,61,0.41216216216216217,0.291866028708134,0.291866028708134
temporal_dd_only,42,2,2,22,148,61,0,61,0.41216216216216217,0.291866028708134,0.291866028708134
temporal_dd_only,42,2,2,23,148,61,0,61,0.41216216216216217,0.291866028708134,0.291866028708134
temporal_dd_only,42,2,2,24,148,61,0,61,0.41216216216216217,0.291866028708134,0.291866028708134
temporal_dd_only,42,2,2,25,148,61,0,61,0.41216216216216217,0.291866028708134,0.291866028708134
temporal_dd_only,42,2,2,26,148,61,0,61,0.41216216216216217,0.291866028708134,0.291866028708134
temporal_dd_only,42,2,2,27,148,61,0,61,0.41216216216216217,0.291866028708134,0.291866028708134
temporal_dd_only,42,3,0,1,147,61,0,61,0.41496598639455784,0.2932692307692308,0.2932692307692308
temporal_dd_only,42,3,0,2,147,61,0,61,0.41496598639455784,0.2932692307692308,0.2932692307692308
temporal_dd_only,42,3,0,3,147,61,0,61,0.41496598639455784,0.2932692307692308,0.2932692307692308
temporal_dd_only,42,3,0,4,147,61,0,61,0.41496598639455784,0.2932692307692308,0.2932692307692308
temporal_dd_only,42,3,0,5,147,61,0,61,0.41496598639455784,0.2932692307692308,0.2932692307692308
temporal_dd_only,42,3,0,6,147,61,0,61,0.41496598639455784,0.2932692307692308,0.2932692307692308
temporal_dd_only,42,3,0,7,147,61,0,61,0.41496598639455784,0.2932692307692308,0.2932692307692308
temporal_dd_only,42,3,0,8,147,61,0,61,0.41496598639455784,0.2932692307692308,0.2932692307692308
temporal_dd_only,42,3,0,9,147,61,0,61,0.41496598639455784,0.2932692307692308,0.2932692307692308
temporal_dd_only,42,3,0,10,147,61,0,61,0.41496598639455784,0.2932692307692308,0.2932692307692308
temporal_dd_only,42,3,0,11,147,61,0,61,0.41496598639455784,0.2932692307692308,0.2932692307692308
temporal_dd_only,42,3,0,12,147,61,0,61,0.41496598639455784,0.2932692307692308,0.2932692307692308
temporal_dd_only,42,3,0,13,147,61,0,61,0.41496598639455784,0.2932692307692308,0.2932692307692308
temporal_dd_only,42,3,0,14,147,61,0,61,0.41496598639455784,0.2932692307692308,0.2932692307692308
temporal_dd_only,42,3,0,15,147,61,0,61,0.41496598639455784,0.2932692307692308,0.2932692307692308
temporal_dd_only,42,3,0,16,147,61,0,61,0.41496598639455784,0.2932692307692308,0.2932692307692308
temporal_dd_only,42,3,0,17,147,61,0,61,0.41496598639455784,0.2932692307692308,0.2932692307692308
temporal_dd_only,42,3,0,18,147,61,0,61,0.41496598639455784,0.2932692307692308,0.2932692307692308
temporal_dd_only,42,3,0,19,147,61,0,61,0.41496598639455784,0.2932692307692308,0.2932692307692308
temporal_dd_only,42,3,0,20,147,61,0,61,0.41496598639455784,0.2932692307692308,0.2932692307692308
temporal_dd_only,42,3,0,21,147,61,0,61,0.41496598639455784,0.2932692307692308,0.2932692307692308
temporal_dd_only,42,3,0,22,147,61,0,61,0.41496598639455784,0.2932692307692308,0.2932692307692308
temporal_dd_only,42,3,0,23,147,61,0,61,0.41496598639455784,0.2932692307692308,0.2932692307692308
temporal_dd_only,42,3,0,24,147,61,0,61,0.41496598639455784,0.2932692307692308,0.2932692307692308
temporal_dd_only,42,3,0,25,147,61,0,61,0.41496598639455784,0.2932692307692308,0.2932692307692308
temporal_dd_only,42,3,0,26,147,61,0,61,0.41496598639455784,0.2932692307692308,0.2932692307692308
temporal_dd_only,42,3,0,27,147,61,0,61,0.41496598639455784,0.2932692307692308,0.2932692307692308
temporal_dd_only,42,3,0,28,147,61,0,61,0.41496598639455784,0.2932692307692308,0.2932692307692308
temporal_dd_only,42,3,0,29,147,61,0,61,0.41496598639455784,0.2932692307692308,0.2932692307692308
temporal_dd_only,42,3,0,30,147,61,0,61,0.41496598639455784,0.2932692307692308,0.2932692307692308
temporal_dd_only,42,3,0,31,147,61,0,61,0.41496598639455784,0.2932692307692308,0.2932692307692308
temporal_dd_only,42,3,1,1,147,61,0,61,0.41496598639455784,0.2932692307692308,0.2932692307692308
temporal_dd_only,42,3,1,2,147,61,0,61,0.41496598639455784,0.2932692307692308,0.2932692307692308
temporal_dd_only,42,3,1,3,147,61,0,61,0.41496598639455784,0.2932692307692308,0.2932692307692308
temporal_dd_only,42,3,1,4,147,61,0,61,0.41496598639455784,0.2932692307692308,0.2932692307692308
temporal_dd_only,42,3,1,5,147,61,0,61,0.41496598639455784,0.2932692307692308,0.2932692307692308
temporal_dd_only,42,3,1,6,147,61,0,61,0.41496598639455784,0.2932692307692308,0.2932692307692308
temporal_dd_only,42,3,1,7,147,61,0,61,0.41496598639455784,0.2932692307692308,0.2932692307692308
temporal_dd_only,42,3,1,8,147,61,0,61,0.41496598639455784,0.2932692307692308,0.2932692307692308
temporal_dd_only,42,3,1,9,147,61,0,61,0.41496598639455784,0.2932692307692308,0.2932692307692308
temporal_dd_only,42,3,1,10,147,61,0,61,0.41496598639455784,0.2932692307692308,0.2932692307692308
temporal_dd_only,42,3,1,11,147,61,0,61,0.41496598639455784,0.2932692307692308,0.2932692307692308
temporal_dd_only,42,3,1,12,147,61,0,61,0.41496598639455784,0.2932692307692308,0.2932692307692308
temporal_dd_only,42,3,1,13,147,61,0,61,0.41496598639455784,0.2932692307692308,0.2932692307692308
temporal_dd_only,42,3,1,14,147,61,0,61,0.41496598639455784,0.2932692307692308,0.2932692307692308
temporal_dd_only,42,3,1,15,147,61,0,61,0.41496598639455784,0.2932692307692308,0.2932692307692308
temporal_dd_only,42,3,1,16,147,61,0,61,0.41496598639455784,0.2932692307692308,0.2932692307692308
temporal_dd_only,42,3,1,17,147,61,0,61,0.41496598639455784,0.2932692307692308,0.2932692307692308
temporal_dd_only,42,3,1,18,147,61,0,61,0.41496598639455784,0.2932692307692308,0.2932692307692308
temporal_dd_only,42,3,1,19,147,61,0,61,0.41496598639455784,0.2932692307692308,0.2932692307692308
temporal_dd_only,42,3,1,20,147,61,0,61,0.41496598639455784,0.2932692307692308,0.2932692307692308
temporal_dd_only,42,3,1,21,147,61,0,61,0.41496598639455784,0.2932692307692308,0.2932692307692308
temporal_dd_only,42,3,1,22,147,61,0,61,0.41496598639455784,0.2932692307692308,0.2932692307692308
temporal_dd_only,42,3,1,23,147,61,0,61,0.41496598639455784,0.2932692307692308,0.2932692307692308
temporal_dd_only,42,3,2,1,148,62,0,62,0.4189189189189189,0.29523809523809524,0.29523809523809524
temporal_dd_only,42,3,2,2,148,62,0,62,0.4189189189189189,0.29523809523809524,0.29523809523809524
temporal_dd_only,42,3,2,3,148,62,0,62,0.4189189189189189,0.29523809523809524,0.29523809523809524
temporal_dd_only,42,3,2,4,148,62,0,62,0.4189189189189189,0.29523809523809524,0.29523809523809524
temporal_dd_only,42,3,2,5,148,62,0,62,0.4189189189189189,0.29523809523809524,0.29523809523809524
temporal_dd_only,42,3,2,6,148,62,0,62,0.4189189189189189,0.29523809523809524,0.29523809523809524
temporal_dd_only,42,3,2,7,148,62,0,62,0.4189189189189189,0.29523809523809524,0.29523809523809524
temporal_dd_only,42,3,2,8,148,62,0,62,0.4189189189189189,0.29523809523809524,0.29523809523809524
temporal_dd_only,42,3,2,9,148,62,0,62,0.4189189189189189,0.29523809523809524,0.29523809523809524
temporal_dd_only,42,3,2,10,148,62,0,62,0.4189189189189189,0.29523809523809524,0.29523809523809524
temporal_dd_only,42,3,2,11,148,62,0,62,0.4189189189189189,0.29523809523809524,0.29523809523809524
temporal_dd_only,42,3,2,12,148,62,0,62,0.4189189189189189,0.29523809523809524,0.29523809523809524
temporal_dd_only,42,3,2,13,148,62,0,62,0.4189189189189189,0.29523809523809524,0.29523809523809524
temporal_dd_only,42,3,2,14,148,62,0,62,0.4189189189189189,0.29523809523809524,0.29523809523809524
temporal_dd_only,42,3,2,15,148,62,0,62,0.4189189189189189,0.29523809523809524,0.29523809523809524
temporal_dd_only,42,3,2,16,148,62,0,62,0.4189189189189189,0.29523809523809524,0.29523809523809524
temporal_dd_only,42,3,2,17,148,62,0,62,0.4189189189189189,0.29523809523809524,0.29523809523809524
temporal_dd_only,42,3,2,18,148,62,0,62,0.4189189189189189,0.29523809523809524,0.29523809523809524
temporal_dd_only,42,3,2,19,148,62,0,62,0.4189189189189189,0.29523809523809524,0.29523809523809524
temporal_dd_only,42,3,2,20,148,62,0,62,0.4189189189189189,0.29523809523809524,0.29523809523809524
temporal_dd_only,42,3,2,21,148,62,0,62,0.4189189189189189,0.29523809523809524,0.29523809523809524
temporal_dd_only,42,3,2,22,148,62,0,62,0.4189189189189189,0.29523809523809524,0.29523809523809524
temporal_dd_only,42,3,2,23,148,62,0,62,0.4189189189189189,0.29523809523809524,0.29523809523809524
temporal_dd_only,42,3,2,24,148,62,0,62,0.4189189189189189,0.29523809523809524,0.29523809523809524
temporal_dd_only,42,3,2,25,148,62,0,62,0.4189189189189189,0.29523809523809524,0.29523809523809524
temporal_dd_only,42,3,2,26,148,62,0,62,0.4189189189189189,0.29523809523809524,0.29523809523809524
temporal_dd_only,42,3,2,27,148,62,0,62,0.4189189189189189,0.29523809523809524,0.29523809523809524
temporal_dd_only,42,3,2,28,148,62,0,62,0.4189189189189189,0.29523809523809524,0.29523809523809524
temporal_dd_only,42,3,2,29,148,62,0,62,0.4189189189189189,0.29523809523809524,0.29523809523809524
temporal_dd_only,42,3,2,30,148,62,0,62,0.4189189189189189,0.29523809523809524,0.29523809523809524
temporal_dd_only,42,3,2,31,148,62,0,62,0.4189189189189189,0.29523809523809524,0.29523809523809524
temporal_dd_only,42,3,2,32,148,62,0,62,0.4189189189189189,0.29523809523809524,0.29523809523809524
temporal_dd_only,42,3,2,33,148,62,0,62,0.4189189189189189,0.29523809523809524,0.29523809523809524
temporal_dd_only,42,3,2,34,148,62,0,62,0.4189189189189189,0.29523809523809524,0.29523809523809524
temporal_dd_only,42,3,2,35,148,62,0,62,0.4189189189189189,0.29523809523809524,0.29523809523809524
temporal_dd_only,42,3,2,36,148,62,0,62,0.4189189189189189,0.29523809523809524,0.29523809523809524
temporal_dd_only,42,3,2,37,148,62,0,62,0.4189189189189189,0.29523809523809524,0.29523809523809524
temporal_dd_only,42,3,2,38,148,62,0,62,0.4189189189189189,0.29523809523809524,0.29523809523809524
temporal_dd_only,42,3,2,39,148,62,0,62,0.4189189189189189,0.29523809523809524,0.29523809523809524
temporal_dd_only,42,3,2,40,148,62,0,62,0.4189189189189189,0.29523809523809524,0.29523809523809524
temporal_dd_only,42,4,0,1,147,61,0,61,0.41496598639455784,0.2932692307692308,0.2932692307692308
temporal_dd_only,42,4,0,2,147,61,0,61,0.41496598639455784,0.2932692307692308,0.2932692307692308
temporal_dd_only,42,4,0,3,147,61,0,61,0.41496598639455784,0.2932692307692308,0.2932692307692308
temporal_dd_only,42,4,0,4,147,61,0,61,0.41496598639455784,0.2932692307692308,0.2932692307692308
temporal_dd_only,42,4,0,5,147,61,0,61,0.41496598639455784,0.2932692307692308,0.2932692307692308
temporal_dd_only,42,4,0,6,147,61,0,61,0.41496598639455784,0.2932692307692308,0.2932692307692308
temporal_dd_only,42,4,0,7,147,61,0,61,0.41496598639455784,0.2932692307692308,0.2932692307692308
temporal_dd_only,42,4,0,8,147,61,0,61,0.41496598639455784,0.2932692307692308,0.2932692307692308
temporal_dd_only,42,4,0,9,147,61,0,61,0.41496598639455784,0.2932692307692308,0.2932692307692308
temporal_dd_only,42,4,0,10,147,61,0,61,0.41496598639455784,0.2932692307692308,0.2932692307692308
temporal_dd_only,42,4,0,11,147,61,0,61,0.41496598639455784,0.2932692307692308,0.2932692307692308
temporal_dd_only,42,4,0,12,147,61,0,61,0.41496598639455784,0.2932692307692308,0.2932692307692308
temporal_dd_only,42,4,0,13,147,61,0,61,0.41496598639455784,0.2932692307692308,0.2932692307692308
temporal_dd_only,42,4,0,14,147,61,0,61,0.41496598639455784,0.2932692307692308,0.2932692307692308
temporal_dd_only,42,4,0,15,147,61,0,61,0.41496598639455784,0.2932692307692308,0.2932692307692308
temporal_dd_only,42,4,0,16,147,61,0,61,0.41496598639455784,0.2932692307692308,0.2932692307692308
temporal_dd_only,42,4,0,17,147,61,0,61,0.41496598639455784,0.2932692307692308,0.2932692307692308
temporal_dd_only,42,4,0,18,147,61,0,61,0.41496598639455784,0.2932692307692308,0.2932692307692308
temporal_dd_only,42,4,0,19,147,61,0,61,0.41496598639455784,0.2932692307692308,0.2932692307692308
temporal_dd_only,42,4,0,20,147,61,0,61,0.41496598639455784,0.2932692307692308,0.2932692307692308
temporal_dd_only,42,4,0,21,147,61,0,61,0.41496598639455784,0.2932692307692308,0.2932692307692308
temporal_dd_only,42,4,0,22,147,61,0,61,0.41496598639455784,0.2932692307692308,0.2932692307692308
temporal_dd_only,42,4,0,23,147,61,0,61,0.41496598639455784,0.2932692307692308,0.2932692307692308
temporal_dd_only,42,4,0,24,147,61,0,61,0.41496598639455784,0.2932692307692308,0.2932692307692308
temporal_dd_only,42,4,0,25,147,61,0,61,0.41496598639455784,0.2932692307692308,0.2932692307692308
temporal_dd_only,42,4,0,26,147,61,0,61,0.41496598639455784,0.2932692307692308,0.2932692307692308
temporal_dd_only,42,4,0,27,147,61,0,61,0.41496598639455784,0.2932692307692308,0.2932692307692308
temporal_dd_only,42,4,0,28,147,61,0,61,0.41496598639455784,0.2932692307692308,0.2932692307692308
temporal_dd_only,42,4,0,29,147,61,0,61,0.41496598639455784,0.2932692307692308,0.2932692307692308
temporal_dd_only,42,4,0,30,147,61,0,61,0.41496598639455784,0.2932692307692308,0.2932692307692308
temporal_dd_only,42,4,0,31,147,61,0,61,0.41496598639455784,0.2932692307692308,0.2932692307692308
temporal_dd_only,42,4,0,32,147,61,0,61,0.41496598639455784,0.2932692307692308,0.2932692307692308
temporal_dd_only,42,4,1,1,147,61,0,61,0.41496598639455784,0.2932692307692308,0.2932692307692308
temporal_dd_only,42,4,1,2,147,61,0,61,0.41496598639455784,0.2932692307692308,0.2932692307692308
temporal_dd_only,42,4,1,3,147,61,0,61,0.41496598639455784,0.2932692307692308,0.2932692307692308
temporal_dd_only,42,4,1,4,147,61,0,61,0.41496598639455784,0.2932692307692308,0.2932692307692308
temporal_dd_only,42,4,1,5,147,61,0,61,0.41496598639455784,0.2932692307692308,0.2932692307692308
temporal_dd_only,42,4,1,6,147,61,0,61,0.41496598639455784,0.2932692307692308,0.2932692307692308
temporal_dd_only,42,4,1,7,147,61,0,61,0.41496598639455784,0.2932692307692308,0.2932692307692308
temporal_dd_only,42,4,1,8,147,61,0,61,0.41496598639455784,0.2932692307692308,0.2932692307692308
temporal_dd_only,42,4,1,9,147,61,0,61,0.41496598639455784,0.2932692307692308,0.2932692307692308
temporal_dd_only,42,4,1,10,147,61,0,61,0.41496598639455784,0.2932692307692308,0.2932692307692308
temporal_dd_only,42,4,1,11,147,61,0,61,0.41496598639455784,0.2932692307692308,0.2932692307692308
temporal_dd_only,42,4,1,12,147,61,0,61,0.41496598639455784,0.2932692307692308,0.2932692307692308
temporal_dd_only,42,4,1,13,147,61,0,61,0.41496598639455784,0.2932692307692308,0.2932692307692308
temporal_dd_only,42,4,1,14,147,61,0,61,0.41496598639455784,0.2932692307692308,0.2932692307692308
temporal_dd_only,42,4,1,15,147,61,0,61,0.41496598639455784,0.2932692307692308,0.2932692307692308
temporal_dd_only,42,4,1,16,147,61,0,61,0.41496598639455784,0.2932692307692308,0.2932692307692308
temporal_dd_only,42,4,1,17,147,61,0,61,0.41496598639455784,0.2932692307692308,0.2932692307692308
temporal_dd_only,42,4,1,18,147,61,0,61,0.41496598639455784,0.2932692307692308,0.2932692307692308
temporal_dd_only,42,4,1,19,147,61,0,61,0.41496598639455784,0.2932692307692308,0.2932692307692308
temporal_dd_only,42,4,1,20,147,61,0,61,0.41496598639455784,0.2932692307692308,0.2932692307692308
temporal_dd_only,42,4,1,21,147,61,0,61,0.41496598639455784,0.2932692307692308,0.2932692307692308
temporal_dd_only,42,4,1,22,147,61,0,61,0.41496598639455784,0.2932692307692308,0.2932692307692308
temporal_dd_only,42,4,1,23,147,61,0,61,0.41496598639455784,0.2932692307692308,0.2932692307692308
temporal_dd_only,42,4,1,24,147,61,0,61,0.41496598639455784,0.2932692307692308,0.2932692307692308
temporal_dd_only,42,4,1,25,147,61,0,61,0.41496598639455784,0.2932692307692308,0.2932692307692308
temporal_dd_only,42,4,1,26,147,61,0,61,0.41496598639455784,0.2932692307692308,0.2932692307692308
temporal_dd_only,42,4,1,27,147,61,0,61,0.41496598639455784,0.2932692307692308,0.2932692307692308
temporal_dd_only,42,4,1,28,147,61,0,61,0.41496598639455784,0.2932692307692308,0.2932692307692308
temporal_dd_only,42,4,1,29,147,61,0,61,0.41496598639455784,0.2932692307692308,0.2932692307692308
temporal_dd_only,42,4,1,30,147,61,0,61,0.41496598639455784,0.2932692307692308,0.2932692307692308
temporal_dd_only,42,4,1,31,147,61,0,61,0.41496598639455784,0.2932692307692308,0.2932692307692308
temporal_dd_only,42,4,1,32,147,61,0,61,0.41496598639455784,0.2932692307692308,0.2932692307692308
temporal_dd_only,42,4,1,33,147,61,0,61,0.41496598639455784,0.2932692307692308,0.2932692307692308
temporal_dd_only,42,4,1,34,147,61,0,61,0.41496598639455784,0.2932692307692308,0.2932692307692308
temporal_dd_only,42,4,1,35,147,61,0,61,0.41496598639455784,0.2932692307692308,0.2932692307692308
temporal_dd_only,42,4,1,36,147,61,0,61,0.41496598639455784,0.2932692307692308,0.2932692307692308
temporal_dd_only,42,4,1,37,147,61,0,61,0.41496598639455784,0.2932692307692308,0.2932692307692308
temporal_dd_only,42,4,1,38,147,61,0,61,0.41496598639455784,0.2932692307692308,0.2932692307692308
temporal_dd_only,42,4,1,39,147,61,0,61,0.41496598639455784,0.2932692307692308,0.2932692307692308
temporal_dd_only,42,4,1,40,147,61,0,61,0.41496598639455784,0.2932692307692308,0.2932692307692308
temporal_dd_only,42,4,1,41,147,61,0,61,0.41496598639455784,0.2932692307692308,0.2932692307692308
temporal_dd_only,42,4,1,42,147,61,0,61,0.41496598639455784,0.2932692307692308,0.2932692307692308
temporal_dd_only,42,4,2,1,148,62,0,62,0.4189189189189189,0.29523809523809524,0.29523809523809524
temporal_dd_only,42,4,2,2,148,62,0,62,0.4189189189189189,0.29523809523809524,0.29523809523809524
temporal_dd_only,42,4,2,3,148,62,0,62,0.4189189189189189,0.29523809523809524,0.29523809523809524
temporal_dd_only,42,4,2,4,148,62,0,62,0.4189189189189189,0.29523809523809524,0.29523809523809524
temporal_dd_only,42,4,2,5,148,62,0,62,0.4189189189189189,0.29523809523809524,0.29523809523809524
temporal_dd_only,42,4,2,6,148,62,0,62,0.4189189189189189,0.29523809523809524,0.29523809523809524
temporal_dd_only,42,4,2,7,148,62,0,62,0.4189189189189189,0.29523809523809524,0.29523809523809524
temporal_dd_only,42,4,2,8,148,62,0,62,0.4189189189189189,0.29523809523809524,0.29523809523809524
temporal_dd_only,42,4,2,9,148,62,0,62,0.4189189189189189,0.29523809523809524,0.29523809523809524
temporal_dd_only,42,4,2,10,148,62,0,62,0.4189189189189189,0.29523809523809524,0.29523809523809524
temporal_dd_only,42,4,2,11,148,62,0,62,0.4189189189189189,0.29523809523809524,0.29523809523809524
temporal_dd_only,42,4,2,12,148,62,0,62,0.4189189189189189,0.29523809523809524,0.29523809523809524
temporal_dd_only,42,4,2,13,148,62,0,62,0.4189189189189189,0.29523809523809524,0.29523809523809524
temporal_dd_only,42,4,2,14,148,62,0,62,0.4189189189189189,0.29523809523809524,0.29523809523809524
temporal_dd_only,42,4,2,15,148,62,0,62,0.4189189189189189,0.29523809523809524,0.29523809523809524
temporal_dd_only,42,4,2,16,148,62,0,62,0.4189189189189189,0.29523809523809524,0.29523809523809524
temporal_dd_only,42,4,2,17,148,62,0,62,0.4189189189189189,0.29523809523809524,0.29523809523809524
temporal_dd_only,42,4,2,18,148,62,0,62,0.4189189189189189,0.29523809523809524,0.29523809523809524
temporal_dd_only,42,4,2,19,148,62,0,62,0.4189189189189189,0.29523809523809524,0.29523809523809524
temporal_dd_only,42,4,2,20,148,62,0,62,0.4189189189189189,0.29523809523809524,0.29523809523809524
temporal_dd_only,42,4,2,21,148,62,0,62,0.4189189189189189,0.29523809523809524,0.29523809523809524
temporal_dd_only,42,4,2,22,148,62,0,62,0.4189189189189189,0.29523809523809524,0.29523809523809524
temporal_dd_only,42,4,2,23,148,62,0,62,0.4189189189189189,0.29523809523809524,0.29523809523809524
temporal_dd_only,42,4,2,24,148,62,0,62,0.4189189189189189,0.29523809523809524,0.29523809523809524
temporal_dd_only,42,4,2,25,148,62,0,62,0.4189189189189189,0.29523809523809524,0.29523809523809524
temporal_dd_only,42,4,2,26,148,62,0,62,0.4189189189189189,0.29523809523809524,0.29523809523809524
temporal_dd_only,42,4,2,27,148,62,0,62,0.4189189189189189,0.29523809523809524,0.29523809523809524
temporal_dd_only,42,4,2,28,148,62,0,62,0.4189189189189189,0.29523809523809524,0.29523809523809524
temporal_dd_only,42,4,2,29,148,62,0,62,0.4189189189189189,0.29523809523809524,0.29523809523809524
temporal_dd_only,42,4,2,30,148,62,0,62,0.4189189189189189,0.29523809523809524,0.29523809523809524
temporal_dd_only,42,4,2,31,148,62,0,62,0.4189189189189189,0.29523809523809524,0.29523809523809524
temporal_dd_only,42,4,2,32,148,62,0,62,0.4189189189189189,0.29523809523809524,0.29523809523809524
temporal_dd_only,43,0,0,1,146,59,0,59,0.4041095890410959,0.28780487804878047,0.28780487804878047
temporal_dd_only,43,0,0,2,146,59,0,59,0.4041095890410959,0.28780487804878047,0.28780487804878047
temporal_dd_only,43,0,0,3,146,59,0,59,0.4041095890410959,0.28780487804878047,0.28780487804878047
temporal_dd_only,43,0,0,4,146,59,0,59,0.4041095890410959,0.28780487804878047,0.28780487804878047
temporal_dd_only,43,0,0,5,146,59,0,59,0.4041095890410959,0.28780487804878047,0.28780487804878047
temporal_dd_only,43,0,0,6,146,59,0,59,0.4041095890410959,0.28780487804878047,0.28780487804878047
temporal_dd_only,43,0,0,7,146,59,0,59,0.4041095890410959,0.28780487804878047,0.28780487804878047
temporal_dd_only,43,0,0,8,146,59,0,59,0.4041095890410959,0.28780487804878047,0.28780487804878047
temporal_dd_only,43,0,0,9,146,59,0,59,0.4041095890410959,0.28780487804878047,0.28780487804878047
temporal_dd_only,43,0,0,10,146,59,0,59,0.4041095890410959,0.28780487804878047,0.28780487804878047
temporal_dd_only,43,0,0,11,146,59,0,59,0.4041095890410959,0.28780487804878047,0.28780487804878047
temporal_dd_only,43,0,0,12,146,59,0,59,0.4041095890410959,0.28780487804878047,0.28780487804878047
temporal_dd_only,43,0,0,13,146,59,0,59,0.4041095890410959,0.28780487804878047,0.28780487804878047
temporal_dd_only,43,0,0,14,146,59,0,59,0.4041095890410959,0.28780487804878047,0.28780487804878047
temporal_dd_only,43,0,0,15,146,59,0,59,0.4041095890410959,0.28780487804878047,0.28780487804878047
temporal_dd_only,43,0,0,16,146,59,0,59,0.4041095890410959,0.28780487804878047,0.28780487804878047
temporal_dd_only,43,0,0,17,146,59,0,59,0.4041095890410959,0.28780487804878047,0.28780487804878047
temporal_dd_only,43,0,0,18,146,59,0,59,0.4041095890410959,0.28780487804878047,0.28780487804878047
temporal_dd_only,43,0,0,19,146,59,0,59,0.4041095890410959,0.28780487804878047,0.28780487804878047
temporal_dd_only,43,0,0,20,146,59,0,59,0.4041095890410959,0.28780487804878047,0.28780487804878047
temporal_dd_only,43,0,0,21,146,59,0,59,0.4041095890410959,0.28780487804878047,0.28780487804878047
temporal_dd_only,43,0,0,22,146,59,0,59,0.4041095890410959,0.28780487804878047,0.28780487804878047
temporal_dd_only,43,0,0,23,146,59,0,59,0.4041095890410959,0.28780487804878047,0.28780487804878047
temporal_dd_only,43,0,1,1,147,60,0,60,0.40816326530612246,0.2898550724637681,0.2898550724637681
temporal_dd_only,43,0,1,2,147,60,0,60,0.40816326530612246,0.2898550724637681,0.2898550724637681
temporal_dd_only,43,0,1,3,147,60,0,60,0.40816326530612246,0.2898550724637681,0.2898550724637681
temporal_dd_only,43,0,1,4,147,60,0,60,0.40816326530612246,0.2898550724637681,0.2898550724637681
temporal_dd_only,43,0,1,5,147,60,0,60,0.40816326530612246,0.2898550724637681,0.2898550724637681
temporal_dd_only,43,0,1,6,147,60,0,60,0.40816326530612246,0.2898550724637681,0.2898550724637681
temporal_dd_only,43,0,1,7,147,60,0,60,0.40816326530612246,0.2898550724637681,0.2898550724637681
temporal_dd_only,43,0,1,8,147,60,0,60,0.40816326530612246,0.2898550724637681,0.2898550724637681
temporal_dd_only,43,0,1,9,147,60,0,60,0.40816326530612246,0.2898550724637681,0.2898550724637681
temporal_dd_only,43,0,1,10,147,60,0,60,0.40816326530612246,0.2898550724637681,0.2898550724637681
temporal_dd_only,43,0,1,11,147,60,0,60,0.40816326530612246,0.2898550724637681,0.2898550724637681
temporal_dd_only,43,0,1,12,147,60,0,60,0.40816326530612246,0.2898550724637681,0.2898550724637681
temporal_dd_only,43,0,1,13,147,60,0,60,0.40816326530612246,0.2898550724637681,0.2898550724637681
temporal_dd_only,43,0,1,14,147,60,0,60,0.40816326530612246,0.2898550724637681,0.2898550724637681
temporal_dd_only,43,0,1,15,147,60,0,60,0.40816326530612246,0.2898550724637681,0.2898550724637681
temporal_dd_only,43,0,1,16,147,60,0,60,0.40816326530612246,0.2898550724637681,0.2898550724637681
temporal_dd_only,43,0,1,17,147,60,0,60,0.40816326530612246,0.2898550724637681,0.2898550724637681
temporal_dd_only,43,0,1,18,147,60,0,60,0.40816326530612246,0.2898550724637681,0.2898550724637681
temporal_dd_only,43,0,1,19,147,60,0,60,0.40816326530612246,0.2898550724637681,0.2898550724637681
temporal_dd_only,43,0,1,20,147,60,0,60,0.40816326530612246,0.2898550724637681,0.2898550724637681
temporal_dd_only,43,0,1,21,147,60,0,60,0.40816326530612246,0.2898550724637681,0.2898550724637681
temporal_dd_only,43,0,1,22,147,60,0,60,0.40816326530612246,0.2898550724637681,0.2898550724637681
temporal_dd_only,43,0,1,23,147,60,0,60,0.40816326530612246,0.2898550724637681,0.2898550724637681
temporal_dd_only,43,0,1,24,147,60,0,60,0.40816326530612246,0.2898550724637681,0.2898550724637681
temporal_dd_only,43,0,1,25,147,60,0,60,0.40816326530612246,0.2898550724637681,0.2898550724637681
temporal_dd_only,43,0,1,26,147,60,0,60,0.40816326530612246,0.2898550724637681,0.2898550724637681
temporal_dd_only,43,0,1,27,147,60,0,60,0.40816326530612246,0.2898550724637681,0.2898550724637681
temporal_dd_only,43,0,2,1,147,61,0,61,0.41496598639455784,0.2932692307692308,0.2932692307692308
temporal_dd_only,43,0,2,2,147,61,0,61,0.41496598639455784,0.2932692307692308,0.2932692307692308
temporal_dd_only,43,0,2,3,147,61,0,61,0.41496598639455784,0.2932692307692308,0.2932692307692308
temporal_dd_only,43,0,2,4,147,61,0,61,0.41496598639455784,0.2932692307692308,0.2932692307692308
temporal_dd_only,43,0,2,5,147,61,0,61,0.41496598639455784,0.2932692307692308,0.2932692307692308
temporal_dd_only,43,0,2,6,147,61,0,61,0.41496598639455784,0.2932692307692308,0.2932692307692308
temporal_dd_only,43,0,2,7,147,61,0,61,0.41496598639455784,0.2932692307692308,0.2932692307692308
temporal_dd_only,43,0,2,8,147,61,0,61,0.41496598639455784,0.2932692307692308,0.2932692307692308
temporal_dd_only,43,0,2,9,147,61,0,61,0.41496598639455784,0.2932692307692308,0.2932692307692308
temporal_dd_only,43,0,2,10,147,61,0,61,0.41496598639455784,0.2932692307692308,0.2932692307692308
temporal_dd_only,43,0,2,11,147,61,0,61,0.41496598639455784,0.2932692307692308,0.2932692307692308
temporal_dd_only,43,0,2,12,147,61,0,61,0.41496598639455784,0.2932692307692308,0.2932692307692308
temporal_dd_only,43,0,2,13,147,61,0,61,0.41496598639455784,0.2932692307692308,0.2932692307692308
temporal_dd_only,43,0,2,14,147,61,0,61,0.41496598639455784,0.2932692307692308,0.2932692307692308
temporal_dd_only,43,0,2,15,147,61,0,61,0.41496598639455784,0.2932692307692308,0.2932692307692308
temporal_dd_only,43,0,2,16,147,61,0,61,0.41496598639455784,0.2932692307692308,0.2932692307692308
temporal_dd_only,43,0,2,17,147,61,0,61,0.41496598639455784,0.2932692307692308,0.2932692307692308
temporal_dd_only,43,0,2,18,147,61,0,61,0.41496598639455784,0.2932692307692308,0.2932692307692308
temporal_dd_only,43,0,2,19,147,61,0,61,0.41496598639455784,0.2932692307692308,0.2932692307692308
temporal_dd_only,43,0,2,20,147,61,0,61,0.41496598639455784,0.2932692307692308,0.2932692307692308
temporal_dd_only,43,1,0,1,147,60,0,60,0.40816326530612246,0.2898550724637681,0.2898550724637681
temporal_dd_only,43,1,0,2,147,60,0,60,0.40816326530612246,0.2898550724637681,0.2898550724637681
temporal_dd_only,43,1,0,3,147,60,0,60,0.40816326530612246,0.2898550724637681,0.2898550724637681
temporal_dd_only,43,1,0,4,147,60,0,60,0.40816326530612246,0.2898550724637681,0.2898550724637681
temporal_dd_only,43,1,0,5,147,60,0,60,0.40816326530612246,0.2898550724637681,0.2898550724637681
temporal_dd_only,43,1,0,6,147,60,0,60,0.40816326530612246,0.2898550724637681,0.2898550724637681
temporal_dd_only,43,1,0,7,147,60,0,60,0.40816326530612246,0.2898550724637681,0.2898550724637681
temporal_dd_only,43,1,0,8,147,60,0,60,0.40816326530612246,0.2898550724637681,0.2898550724637681
temporal_dd_only,43,1,0,9,147,60,0,60,0.40816326530612246,0.2898550724637681,0.2898550724637681
temporal_dd_only,43,1,0,10,147,60,0,60,0.40816326530612246,0.2898550724637681,0.2898550724637681
temporal_dd_only,43,1,0,11,147,60,0,60,0.40816326530612246,0.2898550724637681,0.2898550724637681
temporal_dd_only,43,1,0,12,147,60,0,60,0.40816326530612246,0.2898550724637681,0.2898550724637681
temporal_dd_only,43,1,0,13,147,60,0,60,0.40816326530612246,0.2898550724637681,0.2898550724637681
temporal_dd_only,43,1,0,14,147,60,0,60,0.40816326530612246,0.2898550724637681,0.2898550724637681
temporal_dd_only,43,1,0,15,147,60,0,60,0.40816326530612246,0.2898550724637681,0.2898550724637681
temporal_dd_only,43,1,0,16,147,60,0,60,0.40816326530612246,0.2898550724637681,0.2898550724637681
temporal_dd_only,43,1,0,17,147,60,0,60,0.40816326530612246,0.2898550724637681,0.2898550724637681
temporal_dd_only,43,1,0,18,147,60,0,60,0.40816326530612246,0.2898550724637681,0.2898550724637681
temporal_dd_only,43,1,0,19,147,60,0,60,0.40816326530612246,0.2898550724637681,0.2898550724637681
temporal_dd_only,43,1,0,20,147,60,0,60,0.40816326530612246,0.2898550724637681,0.2898550724637681
temporal_dd_only,43,1,0,21,147,60,0,60,0.40816326530612246,0.2898550724637681,0.2898550724637681
temporal_dd_only,43,1,0,22,147,60,0,60,0.40816326530612246,0.2898550724637681,0.2898550724637681
temporal_dd_only,43,1,0,23,147,60,0,60,0.40816326530612246,0.2898550724637681,0.2898550724637681
temporal_dd_only,43,1,0,24,147,60,0,60,0.40816326530612246,0.2898550724637681,0.2898550724637681
temporal_dd_only,43,1,0,25,147,60,0,60,0.40816326530612246,0.2898550724637681,0.2898550724637681
temporal_dd_only,43,1,0,26,147,60,0,60,0.40816326530612246,0.2898550724637681,0.2898550724637681
temporal_dd_only,43,1,0,27,147,60,0,60,0.40816326530612246,0.2898550724637681,0.2898550724637681
temporal_dd_only,43,1,0,28,147,60,0,60,0.40816326530612246,0.2898550724637681,0.2898550724637681
temporal_dd_only,43,1,0,29,147,60,0,60,0.40816326530612246,0.2898550724637681,0.2898550724637681
temporal_dd_only,43,1,0,30,147,60,0,60,0.40816326530612246,0.2898550724637681,0.2898550724637681
temporal_dd_only,43,1,0,31,147,60,0,60,0.40816326530612246,0.2898550724637681,0.2898550724637681
temporal_dd_only,43,1,0,32,147,60,0,60,0.40816326530612246,0.2898550724637681,0.2898550724637681
temporal_dd_only,43,1,0,33,147,60,0,60,0.40816326530612246,0.2898550724637681,0.2898550724637681
temporal_dd_only,43,1,1,1,147,61,0,61,0.41496598639455784,0.2932692307692308,0.2932692307692308
temporal_dd_only,43,1,1,2,147,61,0,61,0.41496598639455784,0.2932692307692308,0.2932692307692308
temporal_dd_only,43,1,1,3,147,61,0,61,0.41496598639455784,0.2932692307692308,0.2932692307692308
temporal_dd_only,43,1,1,4,147,61,0,61,0.41496598639455784,0.2932692307692308,0.2932692307692308
temporal_dd_only,43,1,1,5,147,61,0,61,0.41496598639455784,0.2932692307692308,0.2932692307692308
temporal_dd_only,43,1,1,6,147,61,0,61,0.41496598639455784,0.2932692307692308,0.2932692307692308
temporal_dd_only,43,1,1,7,147,61,0,61,0.41496598639455784,0.2932692307692308,0.2932692307692308
temporal_dd_only,43,1,1,8,147,61,0,61,0.41496598639455784,0.2932692307692308,0.2932692307692308
temporal_dd_only,43,1,1,9,147,61,0,61,0.41496598639455784,0.2932692307692308,0.2932692307692308
temporal_dd_only,43,1,1,10,147,61,0,61,0.41496598639455784,0.2932692307692308,0.2932692307692308
temporal_dd_only,43,1,1,11,147,61,0,61,0.41496598639455784,0.2932692307692308,0.2932692307692308
temporal_dd_only,43,1,1,12,147,61,0,61,0.41496598639455784,0.2932692307692308,0.2932692307692308
temporal_dd_only,43,1,1,13,147,61,0,61,0.41496598639455784,0.2932692307692308,0.2932692307692308
temporal_dd_only,43,1,1,14,147,61,0,61,0.41496598639455784,0.2932692307692308,0.2932692307692308
temporal_dd_only,43,1,1,15,147,61,0,61,0.41496598639455784,0.2932692307692308,0.2932692307692308
temporal_dd_only,43,1,1,16,147,61,0,61,0.41496598639455784,0.2932692307692308,0.2932692307692308
temporal_dd_only,43,1,1,17,147,61,0,61,0.41496598639455784,0.2932692307692308,0.2932692307692308
temporal_dd_only,43,1,1,18,147,61,0,61,0.41496598639455784,0.2932692307692308,0.2932692307692308
temporal_dd_only,43,1,1,19,147,61,0,61,0.41496598639455784,0.2932692307692308,0.2932692307692308
temporal_dd_only,43,1,1,20,147,61,0,61,0.41496598639455784,0.2932692307692308,0.2932692307692308
temporal_dd_only,43,1,2,1,148,61,0,61,0.41216216216216217,0.291866028708134,0.291866028708134
temporal_dd_only,43,1,2,2,148,61,0,61,0.41216216216216217,0.291866028708134,0.291866028708134
temporal_dd_only,43,1,2,3,148,61,0,61,0.41216216216216217,0.291866028708134,0.291866028708134
temporal_dd_only,43,1,2,4,148,61,0,61,0.41216216216216217,0.291866028708134,0.291866028708134
temporal_dd_only,43,1,2,5,148,61,0,61,0.41216216216216217,0.291866028708134,0.291866028708134
temporal_dd_only,43,1,2,6,148,61,0,61,0.41216216216216217,0.291866028708134,0.291866028708134
temporal_dd_only,43,1,2,7,148,61,0,61,0.41216216216216217,0.291866028708134,0.291866028708134
temporal_dd_only,43,1,2,8,148,61,0,61,0.41216216216216217,0.291866028708134,0.291866028708134
temporal_dd_only,43,1,2,9,148,61,0,61,0.41216216216216217,0.291866028708134,0.291866028708134
temporal_dd_only,43,1,2,10,148,61,0,61,0.41216216216216217,0.291866028708134,0.291866028708134
temporal_dd_only,43,1,2,11,148,61,0,61,0.41216216216216217,0.291866028708134,0.291866028708134
temporal_dd_only,43,1,2,12,148,61,0,61,0.41216216216216217,0.291866028708134,0.291866028708134
temporal_dd_only,43,1,2,13,148,61,0,61,0.41216216216216217,0.291866028708134,0.291866028708134
temporal_dd_only,43,1,2,14,148,61,0,61,0.41216216216216217,0.291866028708134,0.291866028708134
temporal_dd_only,43,1,2,15,148,61,0,61,0.41216216216216217,0.291866028708134,0.291866028708134
temporal_dd_only,43,1,2,16,148,61,0,61,0.41216216216216217,0.291866028708134,0.291866028708134
temporal_dd_only,43,1,2,17,148,61,0,61,0.41216216216216217,0.291866028708134,0.291866028708134
temporal_dd_only,43,1,2,18,148,61,0,61,0.41216216216216217,0.291866028708134,0.291866028708134
temporal_dd_only,43,1,2,19,148,61,0,61,0.41216216216216217,0.291866028708134,0.291866028708134
temporal_dd_only,43,1,2,20,148,61,0,61,0.41216216216216217,0.291866028708134,0.291866028708134
temporal_dd_only,43,1,2,21,148,61,0,61,0.41216216216216217,0.291866028708134,0.291866028708134
temporal_dd_only,43,1,2,22,148,61,0,61,0.41216216216216217,0.291866028708134,0.291866028708134
temporal_dd_only,43,1,2,23,148,61,0,61,0.41216216216216217,0.291866028708134,0.291866028708134
temporal_dd_only,43,1,2,24,148,61,0,61,0.41216216216216217,0.291866028708134,0.291866028708134
temporal_dd_only,43,2,0,1,147,60,0,60,0.40816326530612246,0.2898550724637681,0.2898550724637681
temporal_dd_only,43,2,0,2,147,60,0,60,0.40816326530612246,0.2898550724637681,0.2898550724637681
temporal_dd_only,43,2,0,3,147,60,0,60,0.40816326530612246,0.2898550724637681,0.2898550724637681
temporal_dd_only,43,2,0,4,147,60,0,60,0.40816326530612246,0.2898550724637681,0.2898550724637681
temporal_dd_only,43,2,0,5,147,60,0,60,0.40816326530612246,0.2898550724637681,0.2898550724637681
temporal_dd_only,43,2,0,6,147,60,0,60,0.40816326530612246,0.2898550724637681,0.2898550724637681
temporal_dd_only,43,2,0,7,147,60,0,60,0.40816326530612246,0.2898550724637681,0.2898550724637681
temporal_dd_only,43,2,0,8,147,60,0,60,0.40816326530612246,0.2898550724637681,0.2898550724637681
temporal_dd_only,43,2,0,9,147,60,0,60,0.40816326530612246,0.2898550724637681,0.2898550724637681
temporal_dd_only,43,2,0,10,147,60,0,60,0.40816326530612246,0.2898550724637681,0.2898550724637681
temporal_dd_only,43,2,0,11,147,60,0,60,0.40816326530612246,0.2898550724637681,0.2898550724637681
temporal_dd_only,43,2,0,12,147,60,0,60,0.40816326530612246,0.2898550724637681,0.2898550724637681
temporal_dd_only,43,2,0,13,147,60,0,60,0.40816326530612246,0.2898550724637681,0.2898550724637681
temporal_dd_only,43,2,0,14,147,60,0,60,0.40816326530612246,0.2898550724637681,0.2898550724637681
temporal_dd_only,43,2,0,15,147,60,0,60,0.40816326530612246,0.2898550724637681,0.2898550724637681
temporal_dd_only,43,2,0,16,147,60,0,60,0.40816326530612246,0.2898550724637681,0.2898550724637681
temporal_dd_only,43,2,0,17,147,60,0,60,0.40816326530612246,0.2898550724637681,0.2898550724637681
temporal_dd_only,43,2,0,18,147,60,0,60,0.40816326530612246,0.2898550724637681,0.2898550724637681
temporal_dd_only,43,2,0,19,147,60,0,60,0.40816326530612246,0.2898550724637681,0.2898550724637681
temporal_dd_only,43,2,0,20,147,60,0,60,0.40816326530612246,0.2898550724637681,0.2898550724637681
temporal_dd_only,43,2,0,21,147,60,0,60,0.40816326530612246,0.2898550724637681,0.2898550724637681
temporal_dd_only,43,2,0,22,147,60,0,60,0.40816326530612246,0.2898550724637681,0.2898550724637681
temporal_dd_only,43,2,0,23,147,60,0,60,0.40816326530612246,0.2898550724637681,0.2898550724637681
temporal_dd_only,43,2,0,24,147,60,0,60,0.40816326530612246,0.2898550724637681,0.2898550724637681
temporal_dd_only,43,2,0,25,147,60,0,60,0.40816326530612246,0.2898550724637681,0.2898550724637681
temporal_dd_only,43,2,0,26,147,60,0,60,0.40816326530612246,0.2898550724637681,0.2898550724637681
temporal_dd_only,43,2,1,1,147,61,0,61,0.41496598639455784,0.2932692307692308,0.2932692307692308
temporal_dd_only,43,2,1,2,147,61,0,61,0.41496598639455784,0.2932692307692308,0.2932692307692308
temporal_dd_only,43,2,1,3,147,61,0,61,0.41496598639455784,0.2932692307692308,0.2932692307692308
temporal_dd_only,43,2,1,4,147,61,0,61,0.41496598639455784,0.2932692307692308,0.2932692307692308
temporal_dd_only,43,2,1,5,147,61,0,61,0.41496598639455784,0.2932692307692308,0.2932692307692308
temporal_dd_only,43,2,1,6,147,61,0,61,0.41496598639455784,0.2932692307692308,0.2932692307692308
temporal_dd_only,43,2,1,7,147,61,0,61,0.41496598639455784,0.2932692307692308,0.2932692307692308
temporal_dd_only,43,2,1,8,147,61,0,61,0.41496598639455784,0.2932692307692308,0.2932692307692308
temporal_dd_only,43,2,1,9,147,61,0,61,0.41496598639455784,0.2932692307692308,0.2932692307692308
temporal_dd_only,43,2,1,10,147,61,0,61,0.41496598639455784,0.2932692307692308,0.2932692307692308
temporal_dd_only,43,2,1,11,147,61,0,61,0.41496598639455784,0.2932692307692308,0.2932692307692308
temporal_dd_only,43,2,1,12,147,61,0,61,0.41496598639455784,0.2932692307692308,0.2932692307692308
temporal_dd_only,43,2,1,13,147,61,0,61,0.41496598639455784,0.2932692307692308,0.2932692307692308
temporal_dd_only,43,2,1,14,147,61,0,61,0.41496598639455784,0.2932692307692308,0.2932692307692308
temporal_dd_only,43,2,1,15,147,61,0,61,0.41496598639455784,0.2932692307692308,0.2932692307692308
temporal_dd_only,43,2,1,16,147,61,0,61,0.41496598639455784,0.2932692307692308,0.2932692307692308
temporal_dd_only,43,2,1,17,147,61,0,61,0.41496598639455784,0.2932692307692308,0.2932692307692308
temporal_dd_only,43,2,1,18,147,61,0,61,0.41496598639455784,0.2932692307692308,0.2932692307692308
temporal_dd_only,43,2,1,19,147,61,0,61,0.41496598639455784,0.2932692307692308,0.2932692307692308
temporal_dd_only,43,2,1,20,147,61,0,61,0.41496598639455784,0.2932692307692308,0.2932692307692308
temporal_dd_only,43,2,1,21,147,61,0,61,0.41496598639455784,0.2932692307692308,0.2932692307692308
temporal_dd_only,43,2,1,22,147,61,0,61,0.41496598639455784,0.2932692307692308,0.2932692307692308
temporal_dd_only,43,2,1,23,147,61,0,61,0.41496598639455784,0.2932692307692308,0.2932692307692308
temporal_dd_only,43,2,1,24,147,61,0,61,0.41496598639455784,0.2932692307692308,0.2932692307692308
temporal_dd_only,43,2,2,1,148,61,0,61,0.41216216216216217,0.291866028708134,0.291866028708134
temporal_dd_only,43,2,2,2,148,61,0,61,0.41216216216216217,0.291866028708134,0.291866028708134
temporal_dd_only,43,2,2,3,148,61,0,61,0.41216216216216217,0.291866028708134,0.291866028708134
temporal_dd_only,43,2,2,4,148,61,0,61,0.41216216216216217,0.291866028708134,0.291866028708134
temporal_dd_only,43,2,2,5,148,61,0,61,0.41216216216216217,0.291866028708134,0.291866028708134
temporal_dd_only,43,2,2,6,148,61,0,61,0.41216216216216217,0.291866028708134,0.291866028708134
temporal_dd_only,43,2,2,7,148,61,0,61,0.41216216216216217,0.291866028708134,0.291866028708134
temporal_dd_only,43,2,2,8,148,61,0,61,0.41216216216216217,0.291866028708134,0.291866028708134
temporal_dd_only,43,2,2,9,148,61,0,61,0.41216216216216217,0.291866028708134,0.291866028708134
temporal_dd_only,43,2,2,10,148,61,0,61,0.41216216216216217,0.291866028708134,0.291866028708134
temporal_dd_only,43,2,2,11,148,61,0,61,0.41216216216216217,0.291866028708134,0.291866028708134
temporal_dd_only,43,2,2,12,148,61,0,61,0.41216216216216217,0.291866028708134,0.291866028708134
temporal_dd_only,43,2,2,13,148,61,0,61,0.41216216216216217,0.291866028708134,0.291866028708134
temporal_dd_only,43,2,2,14,148,61,0,61,0.41216216216216217,0.291866028708134,0.291866028708134
temporal_dd_only,43,2,2,15,148,61,0,61,0.41216216216216217,0.291866028708134,0.291866028708134
temporal_dd_only,43,2,2,16,148,61,0,61,0.41216216216216217,0.291866028708134,0.291866028708134
temporal_dd_only,43,2,2,17,148,61,0,61,0.41216216216216217,0.291866028708134,0.291866028708134
temporal_dd_only,43,2,2,18,148,61,0,61,0.41216216216216217,0.291866028708134,0.291866028708134
temporal_dd_only,43,2,2,19,148,61,0,61,0.41216216216216217,0.291866028708134,0.291866028708134
temporal_dd_only,43,2,2,20,148,61,0,61,0.41216216216216217,0.291866028708134,0.291866028708134
temporal_dd_only,43,2,2,21,148,61,0,61,0.41216216216216217,0.291866028708134,0.291866028708134
temporal_dd_only,43,2,2,22,148,61,0,61,0.41216216216216217,0.291866028708134,0.291866028708134
temporal_dd_only,43,2,2,23,148,61,0,61,0.41216216216216217,0.291866028708134,0.291866028708134
temporal_dd_only,43,2,2,24,148,61,0,61,0.41216216216216217,0.291866028708134,0.291866028708134
temporal_dd_only,43,3,0,1,147,61,0,61,0.41496598639455784,0.2932692307692308,0.2932692307692308
temporal_dd_only,43,3,0,2,147,61,0,61,0.41496598639455784,0.2932692307692308,0.2932692307692308
temporal_dd_only,43,3,0,3,147,61,0,61,0.41496598639455784,0.2932692307692308,0.2932692307692308
temporal_dd_only,43,3,0,4,147,61,0,61,0.41496598639455784,0.2932692307692308,0.2932692307692308
temporal_dd_only,43,3,0,5,147,61,0,61,0.41496598639455784,0.2932692307692308,0.2932692307692308
temporal_dd_only,43,3,0,6,147,61,0,61,0.41496598639455784,0.2932692307692308,0.2932692307692308
temporal_dd_only,43,3,0,7,147,61,0,61,0.41496598639455784,0.2932692307692308,0.2932692307692308
temporal_dd_only,43,3,0,8,147,61,0,61,0.41496598639455784,0.2932692307692308,0.2932692307692308
temporal_dd_only,43,3,0,9,147,61,0,61,0.41496598639455784,0.2932692307692308,0.2932692307692308
temporal_dd_only,43,3,0,10,147,61,0,61,0.41496598639455784,0.2932692307692308,0.2932692307692308
temporal_dd_only,43,3,0,11,147,61,0,61,0.41496598639455784,0.2932692307692308,0.2932692307692308
temporal_dd_only,43,3,0,12,147,61,0,61,0.41496598639455784,0.2932692307692308,0.2932692307692308
temporal_dd_only,43,3,0,13,147,61,0,61,0.41496598639455784,0.2932692307692308,0.2932692307692308
temporal_dd_only,43,3,0,14,147,61,0,61,0.41496598639455784,0.2932692307692308,0.2932692307692308
temporal_dd_only,43,3,0,15,147,61,0,61,0.41496598639455784,0.2932692307692308,0.2932692307692308
temporal_dd_only,43,3,0,16,147,61,0,61,0.41496598639455784,0.2932692307692308,0.2932692307692308
temporal_dd_only,43,3,0,17,147,61,0,61,0.41496598639455784,0.2932692307692308,0.2932692307692308
temporal_dd_only,43,3,0,18,147,61,0,61,0.41496598639455784,0.2932692307692308,0.2932692307692308
temporal_dd_only,43,3,0,19,147,61,0,61,0.41496598639455784,0.2932692307692308,0.2932692307692308
temporal_dd_only,43,3,0,20,147,61,0,61,0.41496598639455784,0.2932692307692308,0.2932692307692308
temporal_dd_only,43,3,0,21,147,61,0,61,0.41496598639455784,0.2932692307692308,0.2932692307692308
temporal_dd_only,43,3,0,22,147,61,0,61,0.41496598639455784,0.2932692307692308,0.2932692307692308
temporal_dd_only,43,3,0,23,147,61,0,61,0.41496598639455784,0.2932692307692308,0.2932692307692308
temporal_dd_only,43,3,1,1,147,61,0,61,0.41496598639455784,0.2932692307692308,0.2932692307692308
temporal_dd_only,43,3,1,2,147,61,0,61,0.41496598639455784,0.2932692307692308,0.2932692307692308
temporal_dd_only,43,3,1,3,147,61,0,61,0.41496598639455784,0.2932692307692308,0.2932692307692308
temporal_dd_only,43,3,1,4,147,61,0,61,0.41496598639455784,0.2932692307692308,0.2932692307692308
temporal_dd_only,43,3,1,5,147,61,0,61,0.41496598639455784,0.2932692307692308,0.2932692307692308
temporal_dd_only,43,3,1,6,147,61,0,61,0.41496598639455784,0.2932692307692308,0.2932692307692308
temporal_dd_only,43,3,1,7,147,61,0,61,0.41496598639455784,0.2932692307692308,0.2932692307692308
temporal_dd_only,43,3,1,8,147,61,0,61,0.41496598639455784,0.2932692307692308,0.2932692307692308
temporal_dd_only,43,3,1,9,147,61,0,61,0.41496598639455784,0.2932692307692308,0.2932692307692308
temporal_dd_only,43,3,1,10,147,61,0,61,0.41496598639455784,0.2932692307692308,0.2932692307692308
temporal_dd_only,43,3,1,11,147,61,0,61,0.41496598639455784,0.2932692307692308,0.2932692307692308
temporal_dd_only,43,3,1,12,147,61,0,61,0.41496598639455784,0.2932692307692308,0.2932692307692308
temporal_dd_only,43,3,1,13,147,61,0,61,0.41496598639455784,0.2932692307692308,0.2932692307692308
temporal_dd_only,43,3,1,14,147,61,0,61,0.41496598639455784,0.2932692307692308,0.2932692307692308
temporal_dd_only,43,3,1,15,147,61,0,61,0.41496598639455784,0.2932692307692308,0.2932692307692308
temporal_dd_only,43,3,1,16,147,61,0,61,0.41496598639455784,0.2932692307692308,0.2932692307692308
temporal_dd_only,43,3,2,1,148,62,0,62,0.4189189189189189,0.29523809523809524,0.29523809523809524
temporal_dd_only,43,3,2,2,148,62,0,62,0.4189189189189189,0.29523809523809524,0.29523809523809524
temporal_dd_only,43,3,2,3,148,62,0,62,0.4189189189189189,0.29523809523809524,0.29523809523809524
temporal_dd_only,43,3,2,4,148,62,0,62,0.4189189189189189,0.29523809523809524,0.29523809523809524
temporal_dd_only,43,3,2,5,148,62,0,62,0.4189189189189189,0.29523809523809524,0.29523809523809524
temporal_dd_only,43,3,2,6,148,62,0,62,0.4189189189189189,0.29523809523809524,0.29523809523809524
temporal_dd_only,43,3,2,7,148,62,0,62,0.4189189189189189,0.29523809523809524,0.29523809523809524
temporal_dd_only,43,3,2,8,148,62,0,62,0.4189189189189189,0.29523809523809524,0.29523809523809524
temporal_dd_only,43,3,2,9,148,62,0,62,0.4189189189189189,0.29523809523809524,0.29523809523809524
temporal_dd_only,43,3,2,10,148,62,0,62,0.4189189189189189,0.29523809523809524,0.29523809523809524
temporal_dd_only,43,3,2,11,148,62,0,62,0.4189189189189189,0.29523809523809524,0.29523809523809524
temporal_dd_only,43,3,2,12,148,62,0,62,0.4189189189189189,0.29523809523809524,0.29523809523809524
temporal_dd_only,43,3,2,13,148,62,0,62,0.4189189189189189,0.29523809523809524,0.29523809523809524
temporal_dd_only,43,3,2,14,148,62,0,62,0.4189189189189189,0.29523809523809524,0.29523809523809524
temporal_dd_only,43,3,2,15,148,62,0,62,0.4189189189189189,0.29523809523809524,0.29523809523809524
temporal_dd_only,43,3,2,16,148,62,0,62,0.4189189189189189,0.29523809523809524,0.29523809523809524
temporal_dd_only,43,3,2,17,148,62,0,62,0.4189189189189189,0.29523809523809524,0.29523809523809524
temporal_dd_only,43,3,2,18,148,62,0,62,0.4189189189189189,0.29523809523809524,0.29523809523809524
temporal_dd_only,43,3,2,19,148,62,0,62,0.4189189189189189,0.29523809523809524,0.29523809523809524
temporal_dd_only,43,4,0,1,147,61,0,61,0.41496598639455784,0.2932692307692308,0.2932692307692308
temporal_dd_only,43,4,0,2,147,61,0,61,0.41496598639455784,0.2932692307692308,0.2932692307692308
temporal_dd_only,43,4,0,3,147,61,0,61,0.41496598639455784,0.2932692307692308,0.2932692307692308
temporal_dd_only,43,4,0,4,147,61,0,61,0.41496598639455784,0.2932692307692308,0.2932692307692308
temporal_dd_only,43,4,0,5,147,61,0,61,0.41496598639455784,0.2932692307692308,0.2932692307692308
temporal_dd_only,43,4,0,6,147,61,0,61,0.41496598639455784,0.2932692307692308,0.2932692307692308
temporal_dd_only,43,4,0,7,147,61,0,61,0.41496598639455784,0.2932692307692308,0.2932692307692308
temporal_dd_only,43,4,0,8,147,61,0,61,0.41496598639455784,0.2932692307692308,0.2932692307692308
temporal_dd_only,43,4,0,9,147,61,0,61,0.41496598639455784,0.2932692307692308,0.2932692307692308
temporal_dd_only,43,4,0,10,147,61,0,61,0.41496598639455784,0.2932692307692308,0.2932692307692308
temporal_dd_only,43,4,0,11,147,61,0,61,0.41496598639455784,0.2932692307692308,0.2932692307692308
temporal_dd_only,43,4,0,12,147,61,0,61,0.41496598639455784,0.2932692307692308,0.2932692307692308
temporal_dd_only,43,4,0,13,147,61,0,61,0.41496598639455784,0.2932692307692308,0.2932692307692308
temporal_dd_only,43,4,0,14,147,61,0,61,0.41496598639455784,0.2932692307692308,0.2932692307692308
temporal_dd_only,43,4,0,15,147,61,0,61,0.41496598639455784,0.2932692307692308,0.2932692307692308
temporal_dd_only,43,4,0,16,147,61,0,61,0.41496598639455784,0.2932692307692308,0.2932692307692308
temporal_dd_only,43,4,0,17,147,61,0,61,0.41496598639455784,0.2932692307692308,0.2932692307692308
temporal_dd_only,43,4,0,18,147,61,0,61,0.41496598639455784,0.2932692307692308,0.2932692307692308
temporal_dd_only,43,4,0,19,147,61,0,61,0.41496598639455784,0.2932692307692308,0.2932692307692308
temporal_dd_only,43,4,0,20,147,61,0,61,0.41496598639455784,0.2932692307692308,0.2932692307692308
temporal_dd_only,43,4,0,21,147,61,0,61,0.41496598639455784,0.2932692307692308,0.2932692307692308
temporal_dd_only,43,4,0,22,147,61,0,61,0.41496598639455784,0.2932692307692308,0.2932692307692308
temporal_dd_only,43,4,1,1,147,61,0,61,0.41496598639455784,0.2932692307692308,0.2932692307692308
temporal_dd_only,43,4,1,2,147,61,0,61,0.41496598639455784,0.2932692307692308,0.2932692307692308
temporal_dd_only,43,4,1,3,147,61,0,61,0.41496598639455784,0.2932692307692308,0.2932692307692308
temporal_dd_only,43,4,1,4,147,61,0,61,0.41496598639455784,0.2932692307692308,0.2932692307692308
temporal_dd_only,43,4,1,5,147,61,0,61,0.41496598639455784,0.2932692307692308,0.2932692307692308
temporal_dd_only,43,4,1,6,147,61,0,61,0.41496598639455784,0.2932692307692308,0.2932692307692308
temporal_dd_only,43,4,1,7,147,61,0,61,0.41496598639455784,0.2932692307692308,0.2932692307692308
temporal_dd_only,43,4,1,8,147,61,0,61,0.41496598639455784,0.2932692307692308,0.2932692307692308
temporal_dd_only,43,4,1,9,147,61,0,61,0.41496598639455784,0.2932692307692308,0.2932692307692308
temporal_dd_only,43,4,1,10,147,61,0,61,0.41496598639455784,0.2932692307692308,0.2932692307692308
temporal_dd_only,43,4,1,11,147,61,0,61,0.41496598639455784,0.2932692307692308,0.2932692307692308
temporal_dd_only,43,4,1,12,147,61,0,61,0.41496598639455784,0.2932692307692308,0.2932692307692308
temporal_dd_only,43,4,1,13,147,61,0,61,0.41496598639455784,0.2932692307692308,0.2932692307692308
temporal_dd_only,43,4,1,14,147,61,0,61,0.41496598639455784,0.2932692307692308,0.2932692307692308
temporal_dd_only,43,4,1,15,147,61,0,61,0.41496598639455784,0.2932692307692308,0.2932692307692308
temporal_dd_only,43,4,1,16,147,61,0,61,0.41496598639455784,0.2932692307692308,0.2932692307692308
temporal_dd_only,43,4,1,17,147,61,0,61,0.41496598639455784,0.2932692307692308,0.2932692307692308
temporal_dd_only,43,4,1,18,147,61,0,61,0.41496598639455784,0.2932692307692308,0.2932692307692308
temporal_dd_only,43,4,1,19,147,61,0,61,0.41496598639455784,0.2932692307692308,0.2932692307692308
temporal_dd_only,43,4,2,1,148,62,0,62,0.4189189189189189,0.29523809523809524,0.29523809523809524
temporal_dd_only,43,4,2,2,148,62,0,62,0.4189189189189189,0.29523809523809524,0.29523809523809524
temporal_dd_only,43,4,2,3,148,62,0,62,0.4189189189189189,0.29523809523809524,0.29523809523809524
temporal_dd_only,43,4,2,4,148,62,0,62,0.4189189189189189,0.29523809523809524,0.29523809523809524
temporal_dd_only,43,4,2,5,148,62,0,62,0.4189189189189189,0.29523809523809524,0.29523809523809524
temporal_dd_only,43,4,2,6,148,62,0,62,0.4189189189189189,0.29523809523809524,0.29523809523809524
temporal_dd_only,43,4,2,7,148,62,0,62,0.4189189189189189,0.29523809523809524,0.29523809523809524
temporal_dd_only,43,4,2,8,148,62,0,62,0.4189189189189189,0.29523809523809524,0.29523809523809524
temporal_dd_only,43,4,2,9,148,62,0,62,0.4189189189189189,0.29523809523809524,0.29523809523809524
temporal_dd_only,43,4,2,10,148,62,0,62,0.4189189189189189,0.29523809523809524,0.29523809523809524
temporal_dd_only,43,4,2,11,148,62,0,62,0.4189189189189189,0.29523809523809524,0.29523809523809524
temporal_dd_only,43,4,2,12,148,62,0,62,0.4189189189189189,0.29523809523809524,0.29523809523809524
temporal_dd_only,43,4,2,13,148,62,0,62,0.4189189189189189,0.29523809523809524,0.29523809523809524
temporal_dd_only,43,4,2,14,148,62,0,62,0.4189189189189189,0.29523809523809524,0.29523809523809524
temporal_dd_only,43,4,2,15,148,62,0,62,0.4189189189189189,0.29523809523809524,0.29523809523809524
temporal_dd_only,43,4,2,16,148,62,0,62,0.4189189189189189,0.29523809523809524,0.29523809523809524
temporal_dd_only,43,4,2,17,148,62,0,62,0.4189189189189189,0.29523809523809524,0.29523809523809524
temporal_dd_only,43,4,2,18,148,62,0,62,0.4189189189189189,0.29523809523809524,0.29523809523809524
temporal_dd_only,43,4,2,19,148,62,0,62,0.4189189189189189,0.29523809523809524,0.29523809523809524
temporal_dd_only,43,4,2,20,148,62,0,62,0.4189189189189189,0.29523809523809524,0.29523809523809524
temporal_dd_only,44,0,0,1,146,59,0,59,0.4041095890410959,0.28780487804878047,0.28780487804878047
temporal_dd_only,44,0,0,2,146,59,0,59,0.4041095890410959,0.28780487804878047,0.28780487804878047
temporal_dd_only,44,0,0,3,146,59,0,59,0.4041095890410959,0.28780487804878047,0.28780487804878047
temporal_dd_only,44,0,0,4,146,59,0,59,0.4041095890410959,0.28780487804878047,0.28780487804878047
temporal_dd_only,44,0,0,5,146,59,0,59,0.4041095890410959,0.28780487804878047,0.28780487804878047
temporal_dd_only,44,0,0,6,146,59,0,59,0.4041095890410959,0.28780487804878047,0.28780487804878047
temporal_dd_only,44,0,0,7,146,59,0,59,0.4041095890410959,0.28780487804878047,0.28780487804878047
temporal_dd_only,44,0,0,8,146,59,0,59,0.4041095890410959,0.28780487804878047,0.28780487804878047
temporal_dd_only,44,0,0,9,146,59,0,59,0.4041095890410959,0.28780487804878047,0.28780487804878047
temporal_dd_only,44,0,0,10,146,59,0,59,0.4041095890410959,0.28780487804878047,0.28780487804878047
temporal_dd_only,44,0,0,11,146,59,0,59,0.4041095890410959,0.28780487804878047,0.28780487804878047
temporal_dd_only,44,0,0,12,146,59,0,59,0.4041095890410959,0.28780487804878047,0.28780487804878047
temporal_dd_only,44,0,0,13,146,59,0,59,0.4041095890410959,0.28780487804878047,0.28780487804878047
temporal_dd_only,44,0,0,14,146,59,0,59,0.4041095890410959,0.28780487804878047,0.28780487804878047
temporal_dd_only,44,0,0,15,146,59,0,59,0.4041095890410959,0.28780487804878047,0.28780487804878047
temporal_dd_only,44,0,0,16,146,59,0,59,0.4041095890410959,0.28780487804878047,0.28780487804878047
temporal_dd_only,44,0,0,17,146,59,0,59,0.4041095890410959,0.28780487804878047,0.28780487804878047
temporal_dd_only,44,0,0,18,146,59,0,59,0.4041095890410959,0.28780487804878047,0.28780487804878047
temporal_dd_only,44,0,0,19,146,59,0,59,0.4041095890410959,0.28780487804878047,0.28780487804878047
temporal_dd_only,44,0,0,20,146,59,0,59,0.4041095890410959,0.28780487804878047,0.28780487804878047
temporal_dd_only,44,0,0,21,146,59,0,59,0.4041095890410959,0.28780487804878047,0.28780487804878047
temporal_dd_only,44,0,0,22,146,59,0,59,0.4041095890410959,0.28780487804878047,0.28780487804878047
temporal_dd_only,44,0,0,23,146,59,0,59,0.4041095890410959,0.28780487804878047,0.28780487804878047
temporal_dd_only,44,0,0,24,146,59,0,59,0.4041095890410959,0.28780487804878047,0.28780487804878047
temporal_dd_only,44,0,1,1,147,60,0,60,0.40816326530612246,0.2898550724637681,0.2898550724637681
temporal_dd_only,44,0,1,2,147,60,0,60,0.40816326530612246,0.2898550724637681,0.2898550724637681
temporal_dd_only,44,0,1,3,147,60,0,60,0.40816326530612246,0.2898550724637681,0.2898550724637681
temporal_dd_only,44,0,1,4,147,60,0,60,0.40816326530612246,0.2898550724637681,0.2898550724637681
temporal_dd_only,44,0,1,5,147,60,0,60,0.40816326530612246,0.2898550724637681,0.2898550724637681
temporal_dd_only,44,0,1,6,147,60,0,60,0.40816326530612246,0.2898550724637681,0.2898550724637681
temporal_dd_only,44,0,1,7,147,60,0,60,0.40816326530612246,0.2898550724637681,0.2898550724637681
temporal_dd_only,44,0,1,8,147,60,0,60,0.40816326530612246,0.2898550724637681,0.2898550724637681
temporal_dd_only,44,0,1,9,147,60,0,60,0.40816326530612246,0.2898550724637681,0.2898550724637681
temporal_dd_only,44,0,1,10,147,60,0,60,0.40816326530612246,0.2898550724637681,0.2898550724637681
temporal_dd_only,44,0,1,11,147,60,0,60,0.40816326530612246,0.2898550724637681,0.2898550724637681
temporal_dd_only,44,0,1,12,147,60,0,60,0.40816326530612246,0.2898550724637681,0.2898550724637681
temporal_dd_only,44,0,1,13,147,60,0,60,0.40816326530612246,0.2898550724637681,0.2898550724637681
temporal_dd_only,44,0,1,14,147,60,0,60,0.40816326530612246,0.2898550724637681,0.2898550724637681
temporal_dd_only,44,0,1,15,147,60,0,60,0.40816326530612246,0.2898550724637681,0.2898550724637681
temporal_dd_only,44,0,1,16,147,60,0,60,0.40816326530612246,0.2898550724637681,0.2898550724637681
temporal_dd_only,44,0,1,17,147,60,0,60,0.40816326530612246,0.2898550724637681,0.2898550724637681
temporal_dd_only,44,0,1,18,147,60,0,60,0.40816326530612246,0.2898550724637681,0.2898550724637681
temporal_dd_only,44,0,1,19,147,60,0,60,0.40816326530612246,0.2898550724637681,0.2898550724637681
temporal_dd_only,44,0,1,20,147,60,0,60,0.40816326530612246,0.2898550724637681,0.2898550724637681
temporal_dd_only,44,0,1,21,147,60,0,60,0.40816326530612246,0.2898550724637681,0.2898550724637681
temporal_dd_only,44,0,1,22,147,60,0,60,0.40816326530612246,0.2898550724637681,0.2898550724637681
temporal_dd_only,44,0,2,1,147,61,0,61,0.41496598639455784,0.2932692307692308,0.2932692307692308
temporal_dd_only,44,0,2,2,147,61,0,61,0.41496598639455784,0.2932692307692308,0.2932692307692308
temporal_dd_only,44,0,2,3,147,61,0,61,0.41496598639455784,0.2932692307692308,0.2932692307692308
temporal_dd_only,44,0,2,4,147,61,0,61,0.41496598639455784,0.2932692307692308,0.2932692307692308
temporal_dd_only,44,0,2,5,147,61,0,61,0.41496598639455784,0.2932692307692308,0.2932692307692308
temporal_dd_only,44,0,2,6,147,61,0,61,0.41496598639455784,0.2932692307692308,0.2932692307692308
temporal_dd_only,44,0,2,7,147,61,0,61,0.41496598639455784,0.2932692307692308,0.2932692307692308
temporal_dd_only,44,0,2,8,147,61,0,61,0.41496598639455784,0.2932692307692308,0.2932692307692308
temporal_dd_only,44,0,2,9,147,61,0,61,0.41496598639455784,0.2932692307692308,0.2932692307692308
temporal_dd_only,44,0,2,10,147,61,0,61,0.41496598639455784,0.2932692307692308,0.2932692307692308
temporal_dd_only,44,0,2,11,147,61,0,61,0.41496598639455784,0.2932692307692308,0.2932692307692308
temporal_dd_only,44,0,2,12,147,61,0,61,0.41496598639455784,0.2932692307692308,0.2932692307692308
temporal_dd_only,44,0,2,13,147,61,0,61,0.41496598639455784,0.2932692307692308,0.2932692307692308
temporal_dd_only,44,0,2,14,147,61,0,61,0.41496598639455784,0.2932692307692308,0.2932692307692308
temporal_dd_only,44,0,2,15,147,61,0,61,0.41496598639455784,0.2932692307692308,0.2932692307692308
temporal_dd_only,44,0,2,16,147,61,0,61,0.41496598639455784,0.2932692307692308,0.2932692307692308
temporal_dd_only,44,0,2,17,147,61,0,61,0.41496598639455784,0.2932692307692308,0.2932692307692308
temporal_dd_only,44,0,2,18,147,61,0,61,0.41496598639455784,0.2932692307692308,0.2932692307692308
temporal_dd_only,44,0,2,19,147,61,0,61,0.41496598639455784,0.2932692307692308,0.2932692307692308
temporal_dd_only,44,0,2,20,147,61,0,61,0.41496598639455784,0.2932692307692308,0.2932692307692308
temporal_dd_only,44,1,0,1,147,60,0,60,0.40816326530612246,0.2898550724637681,0.2898550724637681
temporal_dd_only,44,1,0,2,147,60,0,60,0.40816326530612246,0.2898550724637681,0.2898550724637681
temporal_dd_only,44,1,0,3,147,60,0,60,0.40816326530612246,0.2898550724637681,0.2898550724637681
temporal_dd_only,44,1,0,4,147,60,0,60,0.40816326530612246,0.2898550724637681,0.2898550724637681
temporal_dd_only,44,1,0,5,147,60,0,60,0.40816326530612246,0.2898550724637681,0.2898550724637681
temporal_dd_only,44,1,0,6,147,60,0,60,0.40816326530612246,0.2898550724637681,0.2898550724637681
temporal_dd_only,44,1,0,7,147,60,0,60,0.40816326530612246,0.2898550724637681,0.2898550724637681
temporal_dd_only,44,1,0,8,147,60,0,60,0.40816326530612246,0.2898550724637681,0.2898550724637681
temporal_dd_only,44,1,0,9,147,60,0,60,0.40816326530612246,0.2898550724637681,0.2898550724637681
temporal_dd_only,44,1,0,10,147,60,0,60,0.40816326530612246,0.2898550724637681,0.2898550724637681
temporal_dd_only,44,1,0,11,147,60,0,60,0.40816326530612246,0.2898550724637681,0.2898550724637681
temporal_dd_only,44,1,0,12,147,60,0,60,0.40816326530612246,0.2898550724637681,0.2898550724637681
temporal_dd_only,44,1,0,13,147,60,0,60,0.40816326530612246,0.2898550724637681,0.2898550724637681
temporal_dd_only,44,1,0,14,147,60,0,60,0.40816326530612246,0.2898550724637681,0.2898550724637681
temporal_dd_only,44,1,0,15,147,60,0,60,0.40816326530612246,0.2898550724637681,0.2898550724637681
temporal_dd_only,44,1,0,16,147,60,0,60,0.40816326530612246,0.2898550724637681,0.2898550724637681
temporal_dd_only,44,1,0,17,147,60,0,60,0.40816326530612246,0.2898550724637681,0.2898550724637681
temporal_dd_only,44,1,0,18,147,60,0,60,0.40816326530612246,0.2898550724637681,0.2898550724637681
temporal_dd_only,44,1,0,19,147,60,0,60,0.40816326530612246,0.2898550724637681,0.2898550724637681
temporal_dd_only,44,1,0,20,147,60,0,60,0.40816326530612246,0.2898550724637681,0.2898550724637681
temporal_dd_only,44,1,0,21,147,60,0,60,0.40816326530612246,0.2898550724637681,0.2898550724637681
temporal_dd_only,44,1,0,22,147,60,0,60,0.40816326530612246,0.2898550724637681,0.2898550724637681
temporal_dd_only,44,1,0,23,147,60,0,60,0.40816326530612246,0.2898550724637681,0.2898550724637681
temporal_dd_only,44,1,1,1,147,61,0,61,0.41496598639455784,0.2932692307692308,0.2932692307692308
temporal_dd_only,44,1,1,2,147,61,0,61,0.41496598639455784,0.2932692307692308,0.2932692307692308
temporal_dd_only,44,1,1,3,147,61,0,61,0.41496598639455784,0.2932692307692308,0.2932692307692308
temporal_dd_only,44,1,1,4,147,61,0,61,0.41496598639455784,0.2932692307692308,0.2932692307692308
temporal_dd_only,44,1,1,5,147,61,0,61,0.41496598639455784,0.2932692307692308,0.2932692307692308
temporal_dd_only,44,1,1,6,147,61,0,61,0.41496598639455784,0.2932692307692308,0.2932692307692308
temporal_dd_only,44,1,1,7,147,61,0,61,0.41496598639455784,0.2932692307692308,0.2932692307692308
temporal_dd_only,44,1,1,8,147,61,0,61,0.41496598639455784,0.2932692307692308,0.2932692307692308
temporal_dd_only,44,1,1,9,147,61,0,61,0.41496598639455784,0.2932692307692308,0.2932692307692308
temporal_dd_only,44,1,1,10,147,61,0,61,0.41496598639455784,0.2932692307692308,0.2932692307692308
temporal_dd_only,44,1,1,11,147,61,0,61,0.41496598639455784,0.2932692307692308,0.2932692307692308
temporal_dd_only,44,1,1,12,147,61,0,61,0.41496598639455784,0.2932692307692308,0.2932692307692308
temporal_dd_only,44,1,1,13,147,61,0,61,0.41496598639455784,0.2932692307692308,0.2932692307692308
temporal_dd_only,44,1,1,14,147,61,0,61,0.41496598639455784,0.2932692307692308,0.2932692307692308
temporal_dd_only,44,1,1,15,147,61,0,61,0.41496598639455784,0.2932692307692308,0.2932692307692308
temporal_dd_only,44,1,1,16,147,61,0,61,0.41496598639455784,0.2932692307692308,0.2932692307692308
temporal_dd_only,44,1,1,17,147,61,0,61,0.41496598639455784,0.2932692307692308,0.2932692307692308
temporal_dd_only,44,1,1,18,147,61,0,61,0.41496598639455784,0.2932692307692308,0.2932692307692308
temporal_dd_only,44,1,1,19,147,61,0,61,0.41496598639455784,0.2932692307692308,0.2932692307692308
temporal_dd_only,44,1,1,20,147,61,0,61,0.41496598639455784,0.2932692307692308,0.2932692307692308
temporal_dd_only,44,1,1,21,147,61,0,61,0.41496598639455784,0.2932692307692308,0.2932692307692308
temporal_dd_only,44,1,1,22,147,61,0,61,0.41496598639455784,0.2932692307692308,0.2932692307692308
temporal_dd_only,44,1,1,23,147,61,0,61,0.41496598639455784,0.2932692307692308,0.2932692307692308
temporal_dd_only,44,1,1,24,147,61,0,61,0.41496598639455784,0.2932692307692308,0.2932692307692308
temporal_dd_only,44,1,1,25,147,61,0,61,0.41496598639455784,0.2932692307692308,0.2932692307692308
temporal_dd_only,44,1,1,26,147,61,0,61,0.41496598639455784,0.2932692307692308,0.2932692307692308
temporal_dd_only,44,1,2,1,148,61,0,61,0.41216216216216217,0.291866028708134,0.291866028708134
temporal_dd_only,44,1,2,2,148,61,0,61,0.41216216216216217,0.291866028708134,0.291866028708134
temporal_dd_only,44,1,2,3,148,61,0,61,0.41216216216216217,0.291866028708134,0.291866028708134
temporal_dd_only,44,1,2,4,148,61,0,61,0.41216216216216217,0.291866028708134,0.291866028708134
temporal_dd_only,44,1,2,5,148,61,0,61,0.41216216216216217,0.291866028708134,0.291866028708134
temporal_dd_only,44,1,2,6,148,61,0,61,0.41216216216216217,0.291866028708134,0.291866028708134
temporal_dd_only,44,1,2,7,148,61,0,61,0.41216216216216217,0.291866028708134,0.291866028708134
temporal_dd_only,44,1,2,8,148,61,0,61,0.41216216216216217,0.291866028708134,0.291866028708134
temporal_dd_only,44,1,2,9,148,61,0,61,0.41216216216216217,0.291866028708134,0.291866028708134
temporal_dd_only,44,1,2,10,148,61,0,61,0.41216216216216217,0.291866028708134,0.291866028708134
temporal_dd_only,44,1,2,11,148,61,0,61,0.41216216216216217,0.291866028708134,0.291866028708134
temporal_dd_only,44,1,2,12,148,61,0,61,0.41216216216216217,0.291866028708134,0.291866028708134
temporal_dd_only,44,1,2,13,148,61,0,61,0.41216216216216217,0.291866028708134,0.291866028708134
temporal_dd_only,44,1,2,14,148,61,0,61,0.41216216216216217,0.291866028708134,0.291866028708134
temporal_dd_only,44,1,2,15,148,61,0,61,0.41216216216216217,0.291866028708134,0.291866028708134
temporal_dd_only,44,1,2,16,148,61,0,61,0.41216216216216217,0.291866028708134,0.291866028708134
temporal_dd_only,44,1,2,17,148,61,0,61,0.41216216216216217,0.291866028708134,0.291866028708134
temporal_dd_only,44,1,2,18,148,61,0,61,0.41216216216216217,0.291866028708134,0.291866028708134
temporal_dd_only,44,1,2,19,148,61,0,61,0.41216216216216217,0.291866028708134,0.291866028708134
temporal_dd_only,44,1,2,20,148,61,0,61,0.41216216216216217,0.291866028708134,0.291866028708134
temporal_dd_only,44,1,2,21,148,61,0,61,0.41216216216216217,0.291866028708134,0.291866028708134
temporal_dd_only,44,1,2,22,148,61,0,61,0.41216216216216217,0.291866028708134,0.291866028708134
temporal_dd_only,44,2,0,1,147,60,0,60,0.40816326530612246,0.2898550724637681,0.2898550724637681
temporal_dd_only,44,2,0,2,147,60,0,60,0.40816326530612246,0.2898550724637681,0.2898550724637681
temporal_dd_only,44,2,0,3,147,60,0,60,0.40816326530612246,0.2898550724637681,0.2898550724637681
temporal_dd_only,44,2,0,4,147,60,0,60,0.40816326530612246,0.2898550724637681,0.2898550724637681
temporal_dd_only,44,2,0,5,147,60,0,60,0.40816326530612246,0.2898550724637681,0.2898550724637681
temporal_dd_only,44,2,0,6,147,60,0,60,0.40816326530612246,0.2898550724637681,0.2898550724637681
temporal_dd_only,44,2,0,7,147,60,0,60,0.40816326530612246,0.2898550724637681,0.2898550724637681
temporal_dd_only,44,2,0,8,147,60,0,60,0.40816326530612246,0.2898550724637681,0.2898550724637681
temporal_dd_only,44,2,0,9,147,60,0,60,0.40816326530612246,0.2898550724637681,0.2898550724637681
temporal_dd_only,44,2,0,10,147,60,0,60,0.40816326530612246,0.2898550724637681,0.2898550724637681
temporal_dd_only,44,2,0,11,147,60,0,60,0.40816326530612246,0.2898550724637681,0.2898550724637681
temporal_dd_only,44,2,0,12,147,60,0,60,0.40816326530612246,0.2898550724637681,0.2898550724637681
temporal_dd_only,44,2,0,13,147,60,0,60,0.40816326530612246,0.2898550724637681,0.2898550724637681
temporal_dd_only,44,2,0,14,147,60,0,60,0.40816326530612246,0.2898550724637681,0.2898550724637681
temporal_dd_only,44,2,0,15,147,60,0,60,0.40816326530612246,0.2898550724637681,0.2898550724637681
temporal_dd_only,44,2,0,16,147,60,0,60,0.40816326530612246,0.2898550724637681,0.2898550724637681
temporal_dd_only,44,2,0,17,147,60,0,60,0.40816326530612246,0.2898550724637681,0.2898550724637681
temporal_dd_only,44,2,0,18,147,60,0,60,0.40816326530612246,0.2898550724637681,0.2898550724637681
temporal_dd_only,44,2,0,19,147,60,0,60,0.40816326530612246,0.2898550724637681,0.2898550724637681
temporal_dd_only,44,2,0,20,147,60,0,60,0.40816326530612246,0.2898550724637681,0.2898550724637681
temporal_dd_only,44,2,0,21,147,60,0,60,0.40816326530612246,0.2898550724637681,0.2898550724637681
temporal_dd_only,44,2,0,22,147,60,0,60,0.40816326530612246,0.2898550724637681,0.2898550724637681
temporal_dd_only,44,2,0,23,147,60,0,60,0.40816326530612246,0.2898550724637681,0.2898550724637681
temporal_dd_only,44,2,0,24,147,60,0,60,0.40816326530612246,0.2898550724637681,0.2898550724637681
temporal_dd_only,44,2,0,25,147,60,0,60,0.40816326530612246,0.2898550724637681,0.2898550724637681
temporal_dd_only,44,2,0,26,147,60,0,60,0.40816326530612246,0.2898550724637681,0.2898550724637681
temporal_dd_only,44,2,0,27,147,60,0,60,0.40816326530612246,0.2898550724637681,0.2898550724637681
temporal_dd_only,44,2,0,28,147,60,0,60,0.40816326530612246,0.2898550724637681,0.2898550724637681
temporal_dd_only,44,2,0,29,147,60,0,60,0.40816326530612246,0.2898550724637681,0.2898550724637681
temporal_dd_only,44,2,0,30,147,60,0,60,0.40816326530612246,0.2898550724637681,0.2898550724637681
temporal_dd_only,44,2,0,31,147,60,0,60,0.40816326530612246,0.2898550724637681,0.2898550724637681
temporal_dd_only,44,2,0,32,147,60,0,60,0.40816326530612246,0.2898550724637681,0.2898550724637681
temporal_dd_only,44,2,0,33,147,60,0,60,0.40816326530612246,0.2898550724637681,0.2898550724637681
temporal_dd_only,44,2,0,34,147,60,0,60,0.40816326530612246,0.2898550724637681,0.2898550724637681
temporal_dd_only,44,2,0,35,147,60,0,60,0.40816326530612246,0.2898550724637681,0.2898550724637681
temporal_dd_only,44,2,0,36,147,60,0,60,0.40816326530612246,0.2898550724637681,0.2898550724637681
temporal_dd_only,44,2,0,37,147,60,0,60,0.40816326530612246,0.2898550724637681,0.2898550724637681
temporal_dd_only,44,2,0,38,147,60,0,60,0.40816326530612246,0.2898550724637681,0.2898550724637681
temporal_dd_only,44,2,0,39,147,60,0,60,0.40816326530612246,0.2898550724637681,0.2898550724637681
temporal_dd_only,44,2,0,40,147,60,0,60,0.40816326530612246,0.2898550724637681,0.2898550724637681
temporal_dd_only,44,2,0,41,147,60,0,60,0.40816326530612246,0.2898550724637681,0.2898550724637681
temporal_dd_only,44,2,0,42,147,60,0,60,0.40816326530612246,0.2898550724637681,0.2898550724637681
temporal_dd_only,44,2,0,43,147,60,0,60,0.40816326530612246,0.2898550724637681,0.2898550724637681
temporal_dd_only,44,2,0,44,147,60,0,60,0.40816326530612246,0.2898550724637681,0.2898550724637681
temporal_dd_only,44,2,0,45,147,60,0,60,0.40816326530612246,0.2898550724637681,0.2898550724637681
temporal_dd_only,44,2,0,46,147,60,0,60,0.40816326530612246,0.2898550724637681,0.2898550724637681
temporal_dd_only,44,2,1,1,147,61,0,61,0.41496598639455784,0.2932692307692308,0.2932692307692308
temporal_dd_only,44,2,1,2,147,61,0,61,0.41496598639455784,0.2932692307692308,0.2932692307692308
temporal_dd_only,44,2,1,3,147,61,0,61,0.41496598639455784,0.2932692307692308,0.2932692307692308
temporal_dd_only,44,2,1,4,147,61,0,61,0.41496598639455784,0.2932692307692308,0.2932692307692308
temporal_dd_only,44,2,1,5,147,61,0,61,0.41496598639455784,0.2932692307692308,0.2932692307692308
temporal_dd_only,44,2,1,6,147,61,0,61,0.41496598639455784,0.2932692307692308,0.2932692307692308
temporal_dd_only,44,2,1,7,147,61,0,61,0.41496598639455784,0.2932692307692308,0.2932692307692308
temporal_dd_only,44,2,1,8,147,61,0,61,0.41496598639455784,0.2932692307692308,0.2932692307692308
temporal_dd_only,44,2,1,9,147,61,0,61,0.41496598639455784,0.2932692307692308,0.2932692307692308
temporal_dd_only,44,2,1,10,147,61,0,61,0.41496598639455784,0.2932692307692308,0.2932692307692308
temporal_dd_only,44,2,1,11,147,61,0,61,0.41496598639455784,0.2932692307692308,0.2932692307692308
temporal_dd_only,44,2,1,12,147,61,0,61,0.41496598639455784,0.2932692307692308,0.2932692307692308
temporal_dd_only,44,2,1,13,147,61,0,61,0.41496598639455784,0.2932692307692308,0.2932692307692308
temporal_dd_only,44,2,1,14,147,61,0,61,0.41496598639455784,0.2932692307692308,0.2932692307692308
temporal_dd_only,44,2,1,15,147,61,0,61,0.41496598639455784,0.2932692307692308,0.2932692307692308
temporal_dd_only,44,2,1,16,147,61,0,61,0.41496598639455784,0.2932692307692308,0.2932692307692308
temporal_dd_only,44,2,1,17,147,61,0,61,0.41496598639455784,0.2932692307692308,0.2932692307692308
temporal_dd_only,44,2,1,18,147,61,0,61,0.41496598639455784,0.2932692307692308,0.2932692307692308
temporal_dd_only,44,2,2,1,148,61,0,61,0.41216216216216217,0.291866028708134,0.291866028708134
temporal_dd_only,44,2,2,2,148,61,0,61,0.41216216216216217,0.291866028708134,0.291866028708134
temporal_dd_only,44,2,2,3,148,61,0,61,0.41216216216216217,0.291866028708134,0.291866028708134
temporal_dd_only,44,2,2,4,148,61,0,61,0.41216216216216217,0.291866028708134,0.291866028708134
temporal_dd_only,44,2,2,5,148,61,0,61,0.41216216216216217,0.291866028708134,0.291866028708134
temporal_dd_only,44,2,2,6,148,61,0,61,0.41216216216216217,0.291866028708134,0.291866028708134
temporal_dd_only,44,2,2,7,148,61,0,61,0.41216216216216217,0.291866028708134,0.291866028708134
temporal_dd_only,44,2,2,8,148,61,0,61,0.41216216216216217,0.291866028708134,0.291866028708134
temporal_dd_only,44,2,2,9,148,61,0,61,0.41216216216216217,0.291866028708134,0.291866028708134
temporal_dd_only,44,2,2,10,148,61,0,61,0.41216216216216217,0.291866028708134,0.291866028708134
temporal_dd_only,44,2,2,11,148,61,0,61,0.41216216216216217,0.291866028708134,0.291866028708134
temporal_dd_only,44,2,2,12,148,61,0,61,0.41216216216216217,0.291866028708134,0.291866028708134
temporal_dd_only,44,2,2,13,148,61,0,61,0.41216216216216217,0.291866028708134,0.291866028708134
temporal_dd_only,44,2,2,14,148,61,0,61,0.41216216216216217,0.291866028708134,0.291866028708134
temporal_dd_only,44,2,2,15,148,61,0,61,0.41216216216216217,0.291866028708134,0.291866028708134
temporal_dd_only,44,2,2,16,148,61,0,61,0.41216216216216217,0.291866028708134,0.291866028708134
temporal_dd_only,44,2,2,17,148,61,0,61,0.41216216216216217,0.291866028708134,0.291866028708134
temporal_dd_only,44,2,2,18,148,61,0,61,0.41216216216216217,0.291866028708134,0.291866028708134
temporal_dd_only,44,2,2,19,148,61,0,61,0.41216216216216217,0.291866028708134,0.291866028708134
temporal_dd_only,44,2,2,20,148,61,0,61,0.41216216216216217,0.291866028708134,0.291866028708134
temporal_dd_only,44,2,2,21,148,61,0,61,0.41216216216216217,0.291866028708134,0.291866028708134
temporal_dd_only,44,3,0,1,147,61,0,61,0.41496598639455784,0.2932692307692308,0.2932692307692308
temporal_dd_only,44,3,0,2,147,61,0,61,0.41496598639455784,0.2932692307692308,0.2932692307692308
temporal_dd_only,44,3,0,3,147,61,0,61,0.41496598639455784,0.2932692307692308,0.2932692307692308
temporal_dd_only,44,3,0,4,147,61,0,61,0.41496598639455784,0.2932692307692308,0.2932692307692308
temporal_dd_only,44,3,0,5,147,61,0,61,0.41496598639455784,0.2932692307692308,0.2932692307692308
temporal_dd_only,44,3,0,6,147,61,0,61,0.41496598639455784,0.2932692307692308,0.2932692307692308
temporal_dd_only,44,3,0,7,147,61,0,61,0.41496598639455784,0.2932692307692308,0.2932692307692308
temporal_dd_only,44,3,0,8,147,61,0,61,0.41496598639455784,0.2932692307692308,0.2932692307692308
temporal_dd_only,44,3,0,9,147,61,0,61,0.41496598639455784,0.2932692307692308,0.2932692307692308
temporal_dd_only,44,3,0,10,147,61,0,61,0.41496598639455784,0.2932692307692308,0.2932692307692308
temporal_dd_only,44,3,0,11,147,61,0,61,0.41496598639455784,0.2932692307692308,0.2932692307692308
temporal_dd_only,44,3,0,12,147,61,0,61,0.41496598639455784,0.2932692307692308,0.2932692307692308
temporal_dd_only,44,3,0,13,147,61,0,61,0.41496598639455784,0.2932692307692308,0.2932692307692308
temporal_dd_only,44,3,0,14,147,61,0,61,0.41496598639455784,0.2932692307692308,0.2932692307692308
temporal_dd_only,44,3,0,15,147,61,0,61,0.41496598639455784,0.2932692307692308,0.2932692307692308
temporal_dd_only,44,3,0,16,147,61,0,61,0.41496598639455784,0.2932692307692308,0.2932692307692308
temporal_dd_only,44,3,0,17,147,61,0,61,0.41496598639455784,0.2932692307692308,0.2932692307692308
temporal_dd_only,44,3,0,18,147,61,0,61,0.41496598639455784,0.2932692307692308,0.2932692307692308
temporal_dd_only,44,3,0,19,147,61,0,61,0.41496598639455784,0.2932692307692308,0.2932692307692308
temporal_dd_only,44,3,0,20,147,61,0,61,0.41496598639455784,0.2932692307692308,0.2932692307692308
temporal_dd_only,44,3,0,21,147,61,0,61,0.41496598639455784,0.2932692307692308,0.2932692307692308
temporal_dd_only,44,3,0,22,147,61,0,61,0.41496598639455784,0.2932692307692308,0.2932692307692308
temporal_dd_only,44,3,0,23,147,61,0,61,0.41496598639455784,0.2932692307692308,0.2932692307692308
temporal_dd_only,44,3,0,24,147,61,0,61,0.41496598639455784,0.2932692307692308,0.2932692307692308
temporal_dd_only,44,3,0,25,147,61,0,61,0.41496598639455784,0.2932692307692308,0.2932692307692308
temporal_dd_only,44,3,0,26,147,61,0,61,0.41496598639455784,0.2932692307692308,0.2932692307692308
temporal_dd_only,44,3,0,27,147,61,0,61,0.41496598639455784,0.2932692307692308,0.2932692307692308
temporal_dd_only,44,3,1,1,147,61,0,61,0.41496598639455784,0.2932692307692308,0.2932692307692308
temporal_dd_only,44,3,1,2,147,61,0,61,0.41496598639455784,0.2932692307692308,0.2932692307692308
temporal_dd_only,44,3,1,3,147,61,0,61,0.41496598639455784,0.2932692307692308,0.2932692307692308
temporal_dd_only,44,3,1,4,147,61,0,61,0.41496598639455784,0.2932692307692308,0.2932692307692308
temporal_dd_only,44,3,1,5,147,61,0,61,0.41496598639455784,0.2932692307692308,0.2932692307692308
temporal_dd_only,44,3,1,6,147,61,0,61,0.41496598639455784,0.2932692307692308,0.2932692307692308
temporal_dd_only,44,3,1,7,147,61,0,61,0.41496598639455784,0.2932692307692308,0.2932692307692308
temporal_dd_only,44,3,1,8,147,61,0,61,0.41496598639455784,0.2932692307692308,0.2932692307692308
temporal_dd_only,44,3,1,9,147,61,0,61,0.41496598639455784,0.2932692307692308,0.2932692307692308
temporal_dd_only,44,3,1,10,147,61,0,61,0.41496598639455784,0.2932692307692308,0.2932692307692308
temporal_dd_only,44,3,1,11,147,61,0,61,0.41496598639455784,0.2932692307692308,0.2932692307692308
temporal_dd_only,44,3,1,12,147,61,0,61,0.41496598639455784,0.2932692307692308,0.2932692307692308
temporal_dd_only,44,3,1,13,147,61,0,61,0.41496598639455784,0.2932692307692308,0.2932692307692308
temporal_dd_only,44,3,1,14,147,61,0,61,0.41496598639455784,0.2932692307692308,0.2932692307692308
temporal_dd_only,44,3,1,15,147,61,0,61,0.41496598639455784,0.2932692307692308,0.2932692307692308
temporal_dd_only,44,3,1,16,147,61,0,61,0.41496598639455784,0.2932692307692308,0.2932692307692308
temporal_dd_only,44,3,1,17,147,61,0,61,0.41496598639455784,0.2932692307692308,0.2932692307692308
temporal_dd_only,44,3,1,18,147,61,0,61,0.41496598639455784,0.2932692307692308,0.2932692307692308
temporal_dd_only,44,3,1,19,147,61,0,61,0.41496598639455784,0.2932692307692308,0.2932692307692308
temporal_dd_only,44,3,1,20,147,61,0,61,0.41496598639455784,0.2932692307692308,0.2932692307692308
temporal_dd_only,44,3,2,1,148,62,0,62,0.4189189189189189,0.29523809523809524,0.29523809523809524
temporal_dd_only,44,3,2,2,148,62,0,62,0.4189189189189189,0.29523809523809524,0.29523809523809524
temporal_dd_only,44,3,2,3,148,62,0,62,0.4189189189189189,0.29523809523809524,0.29523809523809524
temporal_dd_only,44,3,2,4,148,62,0,62,0.4189189189189189,0.29523809523809524,0.29523809523809524
temporal_dd_only,44,3,2,5,148,62,0,62,0.4189189189189189,0.29523809523809524,0.29523809523809524
temporal_dd_only,44,3,2,6,148,62,0,62,0.4189189189189189,0.29523809523809524,0.29523809523809524
temporal_dd_only,44,3,2,7,148,62,0,62,0.4189189189189189,0.29523809523809524,0.29523809523809524
temporal_dd_only,44,3,2,8,148,62,0,62,0.4189189189189189,0.29523809523809524,0.29523809523809524
temporal_dd_only,44,3,2,9,148,62,0,62,0.4189189189189189,0.29523809523809524,0.29523809523809524
temporal_dd_only,44,3,2,10,148,62,0,62,0.4189189189189189,0.29523809523809524,0.29523809523809524
temporal_dd_only,44,3,2,11,148,62,0,62,0.4189189189189189,0.29523809523809524,0.29523809523809524
temporal_dd_only,44,3,2,12,148,62,0,62,0.4189189189189189,0.29523809523809524,0.29523809523809524
temporal_dd_only,44,3,2,13,148,62,0,62,0.4189189189189189,0.29523809523809524,0.29523809523809524
temporal_dd_only,44,3,2,14,148,62,0,62,0.4189189189189189,0.29523809523809524,0.29523809523809524
temporal_dd_only,44,3,2,15,148,62,0,62,0.4189189189189189,0.29523809523809524,0.29523809523809524
temporal_dd_only,44,3,2,16,148,62,0,62,0.4189189189189189,0.29523809523809524,0.29523809523809524
temporal_dd_only,44,3,2,17,148,62,0,62,0.4189189189189189,0.29523809523809524,0.29523809523809524
temporal_dd_only,44,3,2,18,148,62,0,62,0.4189189189189189,0.29523809523809524,0.29523809523809524
temporal_dd_only,44,3,2,19,148,62,0,62,0.4189189189189189,0.29523809523809524,0.29523809523809524
temporal_dd_only,44,3,2,20,148,62,0,62,0.4189189189189189,0.29523809523809524,0.29523809523809524
temporal_dd_only,44,3,2,21,148,62,0,62,0.4189189189189189,0.29523809523809524,0.29523809523809524
temporal_dd_only,44,3,2,22,148,62,0,62,0.4189189189189189,0.29523809523809524,0.29523809523809524
temporal_dd_only,44,3,2,23,148,62,0,62,0.4189189189189189,0.29523809523809524,0.29523809523809524
temporal_dd_only,44,3,2,24,148,62,0,62,0.4189189189189189,0.29523809523809524,0.29523809523809524
temporal_dd_only,44,3,2,25,148,62,0,62,0.4189189189189189,0.29523809523809524,0.29523809523809524
temporal_dd_only,44,3,2,26,148,62,0,62,0.4189189189189189,0.29523809523809524,0.29523809523809524
temporal_dd_only,44,3,2,27,148,62,0,62,0.4189189189189189,0.29523809523809524,0.29523809523809524
temporal_dd_only,44,3,2,28,148,62,0,62,0.4189189189189189,0.29523809523809524,0.29523809523809524
temporal_dd_only,44,3,2,29,148,62,0,62,0.4189189189189189,0.29523809523809524,0.29523809523809524
temporal_dd_only,44,3,2,30,148,62,0,62,0.4189189189189189,0.29523809523809524,0.29523809523809524
temporal_dd_only,44,3,2,31,148,62,0,62,0.4189189189189189,0.29523809523809524,0.29523809523809524
temporal_dd_only,44,3,2,32,148,62,0,62,0.4189189189189189,0.29523809523809524,0.29523809523809524
temporal_dd_only,44,3,2,33,148,62,0,62,0.4189189189189189,0.29523809523809524,0.29523809523809524
temporal_dd_only,44,4,0,1,147,61,0,61,0.41496598639455784,0.2932692307692308,0.2932692307692308
temporal_dd_only,44,4,0,2,147,61,0,61,0.41496598639455784,0.2932692307692308,0.2932692307692308
temporal_dd_only,44,4,0,3,147,61,0,61,0.41496598639455784,0.2932692307692308,0.2932692307692308
temporal_dd_only,44,4,0,4,147,61,0,61,0.41496598639455784,0.2932692307692308,0.2932692307692308
temporal_dd_only,44,4,0,5,147,61,0,61,0.41496598639455784,0.2932692307692308,0.2932692307692308
temporal_dd_only,44,4,0,6,147,61,0,61,0.41496598639455784,0.2932692307692308,0.2932692307692308
temporal_dd_only,44,4,0,7,147,61,0,61,0.41496598639455784,0.2932692307692308,0.2932692307692308
temporal_dd_only,44,4,0,8,147,61,0,61,0.41496598639455784,0.2932692307692308,0.2932692307692308
temporal_dd_only,44,4,0,9,147,61,0,61,0.41496598639455784,0.2932692307692308,0.2932692307692308
temporal_dd_only,44,4,0,10,147,61,0,61,0.41496598639455784,0.2932692307692308,0.2932692307692308
temporal_dd_only,44,4,0,11,147,61,0,61,0.41496598639455784,0.2932692307692308,0.2932692307692308
temporal_dd_only,44,4,0,12,147,61,0,61,0.41496598639455784,0.2932692307692308,0.2932692307692308
temporal_dd_only,44,4,0,13,147,61,0,61,0.41496598639455784,0.2932692307692308,0.2932692307692308
temporal_dd_only,44,4,0,14,147,61,0,61,0.41496598639455784,0.2932692307692308,0.2932692307692308
temporal_dd_only,44,4,0,15,147,61,0,61,0.41496598639455784,0.2932692307692308,0.2932692307692308
temporal_dd_only,44,4,0,16,147,61,0,61,0.41496598639455784,0.2932692307692308,0.2932692307692308
temporal_dd_only,44,4,0,17,147,61,0,61,0.41496598639455784,0.2932692307692308,0.2932692307692308
temporal_dd_only,44,4,0,18,147,61,0,61,0.41496598639455784,0.2932692307692308,0.2932692307692308
temporal_dd_only,44,4,0,19,147,61,0,61,0.41496598639455784,0.2932692307692308,0.2932692307692308
temporal_dd_only,44,4,0,20,147,61,0,61,0.41496598639455784,0.2932692307692308,0.2932692307692308
temporal_dd_only,44,4,0,21,147,61,0,61,0.41496598639455784,0.2932692307692308,0.2932692307692308
temporal_dd_only,44,4,0,22,147,61,0,61,0.41496598639455784,0.2932692307692308,0.2932692307692308
temporal_dd_only,44,4,0,23,147,61,0,61,0.41496598639455784,0.2932692307692308,0.2932692307692308
temporal_dd_only,44,4,0,24,147,61,0,61,0.41496598639455784,0.2932692307692308,0.2932692307692308
temporal_dd_only,44,4,1,1,147,61,0,61,0.41496598639455784,0.2932692307692308,0.2932692307692308
temporal_dd_only,44,4,1,2,147,61,0,61,0.41496598639455784,0.2932692307692308,0.2932692307692308
temporal_dd_only,44,4,1,3,147,61,0,61,0.41496598639455784,0.2932692307692308,0.2932692307692308
temporal_dd_only,44,4,1,4,147,61,0,61,0.41496598639455784,0.2932692307692308,0.2932692307692308
temporal_dd_only,44,4,1,5,147,61,0,61,0.41496598639455784,0.2932692307692308,0.2932692307692308
temporal_dd_only,44,4,1,6,147,61,0,61,0.41496598639455784,0.2932692307692308,0.2932692307692308
temporal_dd_only,44,4,1,7,147,61,0,61,0.41496598639455784,0.2932692307692308,0.2932692307692308
temporal_dd_only,44,4,1,8,147,61,0,61,0.41496598639455784,0.2932692307692308,0.2932692307692308
temporal_dd_only,44,4,1,9,147,61,0,61,0.41496598639455784,0.2932692307692308,0.2932692307692308
temporal_dd_only,44,4,1,10,147,61,0,61,0.41496598639455784,0.2932692307692308,0.2932692307692308
temporal_dd_only,44,4,1,11,147,61,0,61,0.41496598639455784,0.2932692307692308,0.2932692307692308
temporal_dd_only,44,4,1,12,147,61,0,61,0.41496598639455784,0.2932692307692308,0.2932692307692308
temporal_dd_only,44,4,1,13,147,61,0,61,0.41496598639455784,0.2932692307692308,0.2932692307692308
temporal_dd_only,44,4,1,14,147,61,0,61,0.41496598639455784,0.2932692307692308,0.2932692307692308
temporal_dd_only,44,4,1,15,147,61,0,61,0.41496598639455784,0.2932692307692308,0.2932692307692308
temporal_dd_only,44,4,1,16,147,61,0,61,0.41496598639455784,0.2932692307692308,0.2932692307692308
temporal_dd_only,44,4,1,17,147,61,0,61,0.41496598639455784,0.2932692307692308,0.2932692307692308
temporal_dd_only,44,4,1,18,147,61,0,61,0.41496598639455784,0.2932692307692308,0.2932692307692308
temporal_dd_only,44,4,1,19,147,61,0,61,0.41496598639455784,0.2932692307692308,0.2932692307692308
temporal_dd_only,44,4,1,20,147,61,0,61,0.41496598639455784,0.2932692307692308,0.2932692307692308
temporal_dd_only,44,4,1,21,147,61,0,61,0.41496598639455784,0.2932692307692308,0.2932692307692308
temporal_dd_only,44,4,1,22,147,61,0,61,0.41496598639455784,0.2932692307692308,0.2932692307692308
temporal_dd_only,44,4,1,23,147,61,0,61,0.41496598639455784,0.2932692307692308,0.2932692307692308
temporal_dd_only,44,4,1,24,147,61,0,61,0.41496598639455784,0.2932692307692308,0.2932692307692308
temporal_dd_only,44,4,1,25,147,61,0,61,0.41496598639455784,0.2932692307692308,0.2932692307692308
temporal_dd_only,44,4,1,26,147,61,0,61,0.41496598639455784,0.2932692307692308,0.2932692307692308
temporal_dd_only,44,4,1,27,147,61,0,61,0.41496598639455784,0.2932692307692308,0.2932692307692308
temporal_dd_only,44,4,1,28,147,61,0,61,0.41496598639455784,0.2932692307692308,0.2932692307692308
temporal_dd_only,44,4,1,29,147,61,0,61,0.41496598639455784,0.2932692307692308,0.2932692307692308
temporal_dd_only,44,4,1,30,147,61,0,61,0.41496598639455784,0.2932692307692308,0.2932692307692308
temporal_dd_only,44,4,1,31,147,61,0,61,0.41496598639455784,0.2932692307692308,0.2932692307692308
temporal_dd_only,44,4,1,32,147,61,0,61,0.41496598639455784,0.2932692307692308,0.2932692307692308
temporal_dd_only,44,4,1,33,147,61,0,61,0.41496598639455784,0.2932692307692308,0.2932692307692308
temporal_dd_only,44,4,1,34,147,61,0,61,0.41496598639455784,0.2932692307692308,0.2932692307692308
temporal_dd_only,44,4,2,1,148,62,0,62,0.4189189189189189,0.29523809523809524,0.29523809523809524
temporal_dd_only,44,4,2,2,148,62,0,62,0.4189189189189189,0.29523809523809524,0.29523809523809524
temporal_dd_only,44,4,2,3,148,62,0,62,0.4189189189189189,0.29523809523809524,0.29523809523809524
temporal_dd_only,44,4,2,4,148,62,0,62,0.4189189189189189,0.29523809523809524,0.29523809523809524
temporal_dd_only,44,4,2,5,148,62,0,62,0.4189189189189189,0.29523809523809524,0.29523809523809524
temporal_dd_only,44,4,2,6,148,62,0,62,0.4189189189189189,0.29523809523809524,0.29523809523809524
temporal_dd_only,44,4,2,7,148,62,0,62,0.4189189189189189,0.29523809523809524,0.29523809523809524
temporal_dd_only,44,4,2,8,148,62,0,62,0.4189189189189189,0.29523809523809524,0.29523809523809524
temporal_dd_only,44,4,2,9,148,62,0,62,0.4189189189189189,0.29523809523809524,0.29523809523809524
temporal_dd_only,44,4,2,10,148,62,0,62,0.4189189189189189,0.29523809523809524,0.29523809523809524
temporal_dd_only,44,4,2,11,148,62,0,62,0.4189189189189189,0.29523809523809524,0.29523809523809524
temporal_dd_only,44,4,2,12,148,62,0,62,0.4189189189189189,0.29523809523809524,0.29523809523809524
temporal_dd_only,44,4,2,13,148,62,0,62,0.4189189189189189,0.29523809523809524,0.29523809523809524
temporal_dd_only,44,4,2,14,148,62,0,62,0.4189189189189189,0.29523809523809524,0.29523809523809524
temporal_dd_only,44,4,2,15,148,62,0,62,0.4189189189189189,0.29523809523809524,0.29523809523809524
temporal_dd_only,44,4,2,16,148,62,0,62,0.4189189189189189,0.29523809523809524,0.29523809523809524
temporal_dd_only,44,4,2,17,148,62,0,62,0.4189189189189189,0.29523809523809524,0.29523809523809524
temporal_dd_only,44,4,2,18,148,62,0,62,0.4189189189189189,0.29523809523809524,0.29523809523809524
temporal_dd_only,44,4,2,19,148,62,0,62,0.4189189189189189,0.29523809523809524,0.29523809523809524
temporal_dd_only,44,4,2,20,148,62,0,62,0.4189189189189189,0.29523809523809524,0.29523809523809524
temporal_dd_only,44,4,2,21,148,62,0,62,0.4189189189189189,0.29523809523809524,0.29523809523809524
temporal_dd_only,44,4,2,22,148,62,0,62,0.4189189189189189,0.29523809523809524,0.29523809523809524
mixup_equal,42,0,0,1,146,59,67,27,0.8468468468468469,0.28780487804878047,0.4585365853658537
mixup_equal,42,0,0,2,146,59,64,31,0.8636363636363636,0.28780487804878047,0.4634146341463415
mixup_equal,42,0,0,3,146,59,84,24,1.1134020618556701,0.28780487804878047,0.526829268292683
mixup_equal,42,0,0,4,146,59,76,30,1.0707070707070707,0.28780487804878047,0.5170731707317073
mixup_equal,42,0,0,5,146,59,72,27,0.9339622641509434,0.28780487804878047,0.48292682926829267
mixup_equal,42,0,0,6,146,59,81,27,1.1134020618556701,0.28780487804878047,0.526829268292683
mixup_equal,42,0,0,7,146,59,75,30,1.05,0.28780487804878047,0.5121951219512195
mixup_equal,42,0,0,8,146,59,75,26,0.9711538461538461,0.28780487804878047,0.4926829268292683
mixup_equal,42,0,0,9,146,59,67,27,0.8468468468468469,0.28780487804878047,0.4585365853658537
mixup_equal,42,0,0,10,146,59,66,29,0.8636363636363636,0.28780487804878047,0.4634146341463415
mixup_equal,42,0,0,11,146,59,75,29,1.0297029702970297,0.28780487804878047,0.5073170731707317
mixup_equal,42,0,0,12,146,59,84,34,1.3563218390804597,0.28780487804878047,0.5756097560975609
mixup_equal,42,0,0,13,146,59,69,36,1.05,0.28780487804878047,0.5121951219512195
mixup_equal,42,0,0,14,146,59,81,31,1.2043010752688172,0.28780487804878047,0.5463414634146342
mixup_equal,42,0,0,15,146,59,69,34,1.0098039215686274,0.28780487804878047,0.5024390243902439
mixup_equal,42,0,0,16,146,59,71,30,0.9711538461538461,0.28780487804878047,0.4926829268292683
mixup_equal,42,0,0,17,146,59,68,30,0.9158878504672897,0.28780487804878047,0.47804878048780486
mixup_equal,42,0,0,18,146,59,69,24,0.8303571428571429,0.28780487804878047,0.45365853658536587
mixup_equal,42,0,0,19,146,59,76,31,1.0918367346938775,0.28780487804878047,0.5219512195121951
mixup_equal,42,0,0,20,146,59,81,31,1.2043010752688172,0.28780487804878047,0.5463414634146342
mixup_equal,42,0,0,21,146,59,74,36,1.1578947368421053,0.28780487804878047,0.5365853658536586
mixup_equal,42,0,0,22,146,59,76,27,1.0098039215686274,0.28780487804878047,0.5024390243902439
mixup_equal,42,0,0,23,146,59,76,29,1.05,0.28780487804878047,0.5121951219512195
mixup_equal,42,0,0,24,146,59,62,25,0.7372881355932204,0.28780487804878047,0.424390243902439
mixup_equal,42,0,0,25,146,59,77,26,1.0098039215686274,0.28780487804878047,0.5024390243902439
mixup_equal,42,0,0,26,146,59,74,26,0.9523809523809523,0.28780487804878047,0.4878048780487805
mixup_equal,42,0,0,27,146,59,68,31,0.9339622641509434,0.28780487804878047,0.48292682926829267
mixup_equal,42,0,0,28,146,59,71,33,1.0297029702970297,0.28780487804878047,0.5073170731707317
mixup_equal,42,0,0,29,146,59,74,28,0.9902912621359223,0.28780487804878047,0.4975609756097561
mixup_equal,42,0,0,30,146,59,67,28,0.8636363636363636,0.28780487804878047,0.4634146341463415
mixup_equal,42,0,1,1,147,60,64,30,0.831858407079646,0.2898550724637681,0.45410628019323673
mixup_equal,42,0,1,2,147,60,70,31,0.9528301886792453,0.2898550724637681,0.48792270531400966
mixup_equal,42,0,1,3,147,60,68,39,1.07,0.2898550724637681,0.5169082125603864
mixup_equal,42,0,1,4,147,60,79,24,0.9903846153846154,0.2898550724637681,0.4975845410628019
mixup_equal,42,0,1,5,147,60,66,34,0.9345794392523364,0.2898550724637681,0.4830917874396135
mixup_equal,42,0,1,6,147,60,77,32,1.1122448979591837,0.2898550724637681,0.5265700483091788
mixup_equal,42,0,1,7,147,60,71,31,0.9714285714285714,0.2898550724637681,0.4927536231884058
mixup_equal,42,0,1,8,147,60,70,34,1.0097087378640777,0.2898550724637681,0.5024154589371981
mixup_equal,42,0,1,9,147,60,76,27,0.9903846153846154,0.2898550724637681,0.4975845410628019
mixup_equal,42,0,1,10,147,60,67,32,0.9166666666666666,0.2898550724637681,0.4782608695652174
mixup_equal,42,0,1,11,147,60,77,22,0.9166666666666666,0.2898550724637681,0.4782608695652174
mixup_equal,42,0,1,12,147,60,84,34,1.3258426966292134,0.2898550724637681,0.5700483091787439
mixup_equal,42,0,1,13,147,60,64,31,0.8482142857142857,0.2898550724637681,0.45893719806763283
mixup_equal,42,0,1,14,147,60,80,25,1.0294117647058822,0.2898550724637681,0.5072463768115942
mixup_equal,42,0,1,15,147,60,72,31,0.9903846153846154,0.2898550724637681,0.4975845410628019
mixup_equal,42,0,1,16,147,60,78,29,1.07,0.2898550724637681,0.5169082125603864
mixup_equal,42,0,1,17,147,60,65,24,0.7542372881355932,0.2898550724637681,0.42995169082125606
mixup_equal,42,0,1,18,147,60,70,32,0.9714285714285714,0.2898550724637681,0.4927536231884058
mixup_equal,42,0,1,19,147,60,77,31,1.0909090909090908,0.2898550724637681,0.5217391304347826
mixup_equal,42,0,1,20,147,60,73,36,1.1122448979591837,0.2898550724637681,0.5265700483091788
mixup_equal,42,0,1,21,147,60,78,35,1.202127659574468,0.2898550724637681,0.5458937198067633
mixup_equal,42,0,1,22,147,60,85,24,1.1122448979591837,0.2898550724637681,0.5265700483091788
mixup_equal,42,0,1,23,147,60,63,34,0.8818181818181818,0.2898550724637681,0.46859903381642515
mixup_equal,42,0,1,24,147,60,79,28,1.07,0.2898550724637681,0.5169082125603864
mixup_equal,42,0,1,25,147,60,66,36,0.9714285714285714,0.2898550724637681,0.4927536231884058
mixup_equal,42,0,1,26,147,60,59,30,0.7542372881355932,0.2898550724637681,0.42995169082125606
mixup_equal,42,0,1,27,147,60,73,32,1.0294117647058822,0.2898550724637681,0.5072463768115942
mixup_equal,42,0,2,1,147,61,63,29,0.7931034482758621,0.2932692307692308,0.4423076923076923
mixup_equal,42,0,2,2,147,61,66,34,0.9259259259259259,0.2932692307692308,0.4807692307692308
mixup_equal,42,0,2,3,147,61,82,30,1.1666666666666667,0.2932692307692308,0.5384615384615384
mixup_equal,42,0,2,4,147,61,76,29,1.0194174757281553,0.2932692307692308,0.5048076923076923
mixup_equal,42,0,2,5,147,61,77,32,1.101010101010101,0.2932692307692308,0.5240384615384616
mixup_equal,42,0,2,6,147,61,80,34,1.2127659574468086,0.2932692307692308,0.5480769230769231
mixup_equal,42,0,2,7,147,61,79,31,1.1224489795918366,0.2932692307692308,0.5288461538461539
mixup_equal,42,0,2,8,147,61,74,28,0.9622641509433962,0.2932692307692308,0.49038461538461536
mixup_equal,42,0,2,9,147,61,64,29,0.808695652173913,0.2932692307692308,0.44711538461538464
mixup_equal,42,0,2,10,147,61,73,28,0.9439252336448598,0.2932692307692308,0.4855769230769231
mixup_equal,42,0,2,11,147,61,73,33,1.0392156862745099,0.2932692307692308,0.5096153846153846
mixup_equal,42,0,2,12,147,61,80,32,1.1666666666666667,0.2932692307692308,0.5384615384615384
mixup_equal,42,0,2,13,147,61,83,25,1.08,0.2932692307692308,0.5192307692307693
mixup_equal,42,0,2,14,147,61,72,37,1.101010101010101,0.2932692307692308,0.5240384615384616
mixup_equal,42,0,2,15,147,61,73,28,0.9439252336448598,0.2932692307692308,0.4855769230769231
mixup_equal,42,0,2,16,147,61,72,31,0.9809523809523809,0.2932692307692308,0.4951923076923077
mixup_equal,42,0,2,17,147,61,63,30,0.808695652173913,0.2932692307692308,0.44711538461538464
mixup_equal,42,0,2,18,147,61,61,34,0.8407079646017699,0.2932692307692308,0.4567307692307692
mixup_equal,42,0,2,19,147,61,71,29,0.9259259259259259,0.2932692307692308,0.4807692307692308
mixup_equal,42,0,2,20,147,61,70,32,0.9622641509433962,0.2932692307692308,0.49038461538461536
mixup_equal,42,0,2,21,147,61,74,32,1.0392156862745099,0.2932692307692308,0.5096153846153846
mixup_equal,42,0,2,22,147,61,80,32,1.1666666666666667,0.2932692307692308,0.5384615384615384
mixup_equal,42,0,2,23,147,61,71,30,0.9439252336448598,0.2932692307692308,0.4855769230769231
mixup_equal,42,0,2,24,147,61,79,21,0.9259259259259259,0.2932692307692308,0.4807692307692308
mixup_equal,42,0,2,25,147,61,74,32,1.0392156862745099,0.2932692307692308,0.5096153846153846
mixup_equal,42,1,0,1,147,60,74,21,0.8482142857142857,0.2898550724637681,0.45893719806763283
mixup_equal,42,1,0,2,147,60,69,34,0.9903846153846154,0.2898550724637681,0.4975845410628019
mixup_equal,42,1,0,3,147,60,80,26,1.0495049504950495,0.2898550724637681,0.5120772946859904
mixup_equal,42,1,0,4,147,60,74,29,0.9903846153846154,0.2898550724637681,0.4975845410628019
mixup_equal,42,1,0,5,147,60,79,33,1.1789473684210525,0.2898550724637681,0.5410628019323671
mixup_equal,42,1,0,6,147,60,73,33,1.0495049504950495,0.2898550724637681,0.5120772946859904
mixup_equal,42,1,0,7,147,60,79,26,1.0294117647058822,0.2898550724637681,0.5072463768115942
mixup_equal,42,1,0,8,147,60,63,33,0.8648648648648649,0.2898550724637681,0.463768115942029
mixup_equal,42,1,0,9,147,60,70,28,0.8990825688073395,0.2898550724637681,0.47342995169082125
mixup_equal,42,1,0,10,147,60,72,29,0.9528301886792453,0.2898550724637681,0.48792270531400966
mixup_equal,42,1,0,11,147,60,70,28,0.8990825688073395,0.2898550724637681,0.47342995169082125
mixup_equal,42,1,0,12,147,60,79,33,1.1789473684210525,0.2898550724637681,0.5410628019323671
mixup_equal,42,1,0,13,147,60,78,27,1.0294117647058822,0.2898550724637681,0.5072463768115942
mixup_equal,42,1,0,14,147,60,72,37,1.1122448979591837,0.2898550724637681,0.5265700483091788
mixup_equal,42,1,0,15,147,60,71,36,1.07,0.2898550724637681,0.5169082125603864
mixup_equal,42,1,0,16,147,60,78,26,1.0097087378640777,0.2898550724637681,0.5024154589371981
mixup_equal,42,1,0,17,147,60,64,32,0.8648648648648649,0.2898550724637681,0.463768115942029
mixup_equal,42,1,0,18,147,60,63,30,0.8157894736842105,0.2898550724637681,0.4492753623188406
mixup_equal,42,1,0,19,147,60,86,28,1.2258064516129032,0.2898550724637681,0.5507246376811594
mixup_equal,42,1,0,20,147,60,72,30,0.9714285714285714,0.2898550724637681,0.4927536231884058
mixup_equal,42,1,0,21,147,60,77,30,1.07,0.2898550724637681,0.5169082125603864
mixup_equal,42,1,1,1,147,61,70,23,0.808695652173913,0.2932692307692308,0.44711538461538464
mixup_equal,42,1,1,2,147,61,72,27,0.908256880733945,0.2932692307692308,0.47596153846153844
mixup_equal,42,1,1,3,147,61,72,32,1.0,0.2932692307692308,0.5
mixup_equal,42,1,1,4,147,61,69,32,0.9439252336448598,0.2932692307692308,0.4855769230769231
mixup_equal,42,1,1,5,147,61,76,30,1.0392156862745099,0.2932692307692308,0.5096153846153846
mixup_equal,42,1,1,6,147,61,81,32,1.1894736842105262,0.2932692307692308,0.5432692307692307
mixup_equal,42,1,1,7,147,61,75,31,1.0392156862745099,0.2932692307692308,0.5096153846153846
mixup_equal,42,1,1,8,147,61,68,37,1.0194174757281553,0.2932692307692308,0.5048076923076923
mixup_equal,42,1,1,9,147,61,70,33,0.9809523809523809,0.2932692307692308,0.4951923076923077
mixup_equal,42,1,1,10,147,61,59,30,0.7478991596638656,0.2932692307692308,0.42788461538461536
mixup_equal,42,1,1,11,147,61,74,27,0.9439252336448598,0.2932692307692308,0.4855769230769231
mixup_equal,42,1,1,12,147,61,83,33,1.2608695652173914,0.2932692307692308,0.5576923076923077
mixup_equal,42,1,1,13,147,61,75,23,0.8909090909090909,0.2932692307692308,0.47115384615384615
mixup_equal,42,1,1,14,147,61,79,32,1.1443298969072164,0.2932692307692308,0.5336538461538461
mixup_equal,42,1,1,15,147,61,75,33,1.08,0.2932692307692308,0.5192307692307693
mixup_equal,42,1,1,16,147,61,64,31,0.8407079646017699,0.2932692307692308,0.4567307692307692
mixup_equal,42,1,1,17,147,61,66,26,0.7931034482758621,0.2932692307692308,0.4423076923076923
mixup_equal,42,1,1,18,147,61,69,29,0.8909090909090909,0.2932692307692308,0.47115384615384615
mixup_equal,42,1,1,19,147,61,78,31,1.101010101010101,0.2932692307692308,0.5240384615384616
mixup_equal,42,1,1,20,147,61,59,29,0.7333333333333333,0.2932692307692308,0.4230769230769231
mixup_equal,42,1,2,1,148,61,63,33,0.8495575221238938,0.291866028708134,0.45933014354066987
mixup_equal,42,1,2,2,148,61,76,27,0.9716981132075472,0.291866028708134,0.49282296650717705
mixup_equal,42,1,2,3,148,61,74,32,1.029126213592233,0.291866028708134,0.507177033492823
mixup_equal,42,1,2,4,148,61,68,34,0.9532710280373832,0.291866028708134,0.4880382775119617
mixup_equal,42,1,2,5,148,61,77,31,1.0693069306930694,0.291866028708134,0.5167464114832536
mixup_equal,42,1,2,6,148,61,83,32,1.2234042553191489,0.291866028708134,0.5502392344497608
mixup_equal,42,1,2,7,148,61,80,30,1.1111111111111112,0.291866028708134,0.5263157894736842
mixup_equal,42,1,2,8,148,61,67,30,0.8660714285714286,0.291866028708134,0.46411483253588515
mixup_equal,42,1,2,9,148,61,65,28,0.8017241379310345,0.291866028708134,0.4449760765550239
mixup_equal,42,1,2,10,148,61,68,33,0.9351851851851852,0.291866028708134,0.48325358851674644
mixup_equal,42,1,2,11,148,61,68,32,0.9174311926605505,0.291866028708134,0.4784688995215311
mixup_equal,42,1,2,12,148,61,79,41,1.348314606741573,0.291866028708134,0.5741626794258373
mixup_equal,42,1,2,13,148,61,67,29,0.8495575221238938,0.291866028708134,0.45933014354066987
mixup_equal,42,1,2,14,148,61,78,31,1.09,0.291866028708134,0.5215311004784688
mixup_equal,42,1,2,15,148,61,77,34,1.1326530612244898,0.291866028708134,0.5311004784688995
mixup_equal,42,1,2,16,148,61,70,31,0.9351851851851852,0.291866028708134,0.48325358851674644
mixup_equal,42,1,2,17,148,61,68,32,0.9174311926605505,0.291866028708134,0.4784688995215311
mixup_equal,42,1,2,18,148,61,69,27,0.8495575221238938,0.291866028708134,0.45933014354066987
mixup_equal,42,1,2,19,148,61,75,28,0.9716981132075472,0.291866028708134,0.49282296650717705
mixup_equal,42,1,2,20,148,61,77,35,1.1546391752577319,0.291866028708134,0.5358851674641149
mixup_equal,42,1,2,21,148,61,76,34,1.1111111111111112,0.291866028708134,0.5263157894736842
mixup_equal,42,1,2,22,148,61,82,29,1.1326530612244898,0.291866028708134,0.5311004784688995
mixup_equal,42,1,2,23,148,61,69,29,0.8828828828828829,0.291866028708134,0.4688995215311005
mixup_equal,42,1,2,24,148,61,74,27,0.9351851851851852,0.291866028708134,0.48325358851674644
mixup_equal,42,2,0,1,147,60,64,27,0.7844827586206896,0.2898550724637681,0.4396135265700483
mixup_equal,42,2,0,2,147,60,78,27,1.0294117647058822,0.2898550724637681,0.5072463768115942
mixup_equal,42,2,0,3,147,60,75,31,1.0495049504950495,0.2898550724637681,0.5120772946859904
mixup_equal,42,2,0,4,147,60,73,30,0.9903846153846154,0.2898550724637681,0.4975845410628019
mixup_equal,42,2,0,5,147,60,76,29,1.0294117647058822,0.2898550724637681,0.5072463768115942
mixup_equal,42,2,0,6,147,60,80,28,1.0909090909090908,0.2898550724637681,0.5217391304347826
mixup_equal,42,2,0,7,147,60,73,27,0.9345794392523364,0.2898550724637681,0.4830917874396135
mixup_equal,42,2,0,8,147,60,72,33,1.0294117647058822,0.2898550724637681,0.5072463768115942
mixup_equal,42,2,0,9,147,60,66,32,0.8990825688073395,0.2898550724637681,0.47342995169082125
mixup_equal,42,2,0,10,147,60,71,28,0.9166666666666666,0.2898550724637681,0.4782608695652174
mixup_equal,42,2,0,11,147,60,70,27,0.8818181818181818,0.2898550724637681,0.46859903381642515
mixup_equal,42,2,0,12,147,60,90,29,1.3522727272727273,0.2898550724637681,0.5748792270531401
mixup_equal,42,2,0,13,147,60,69,31,0.9345794392523364,0.2898550724637681,0.4830917874396135
mixup_equal,42,2,0,14,147,60,85,29,1.2258064516129032,0.2898550724637681,0.5507246376811594
mixup_equal,42,2,0,15,147,60,70,36,1.0495049504950495,0.2898550724637681,0.5120772946859904
mixup_equal,42,2,0,16,147,60,76,30,1.0495049504950495,0.2898550724637681,0.5120772946859904
mixup_equal,42,2,0,17,147,60,67,26,0.8157894736842105,0.2898550724637681,0.4492753623188406
mixup_equal,42,2,0,18,147,60,75,21,0.8648648648648649,0.2898550724637681,0.463768115942029
mixup_equal,42,2,0,19,147,60,83,29,1.1789473684210525,0.2898550724637681,0.5410628019323671
mixup_equal,42,2,0,20,147,60,70,40,1.134020618556701,0.2898550724637681,0.5314009661835749
mixup_equal,42,2,0,21,147,60,71,35,1.0495049504950495,0.2898550724637681,0.5120772946859904
mixup_equal,42,2,0,22,147,60,78,34,1.1789473684210525,0.2898550724637681,0.5410628019323671
mixup_equal,42,2,0,23,147,60,73,27,0.9345794392523364,0.2898550724637681,0.4830917874396135
mixup_equal,42,2,0,24,147,60,72,29,0.9528301886792453,0.2898550724637681,0.48792270531400966
mixup_equal,42,2,0,25,147,60,80,26,1.0495049504950495,0.2898550724637681,0.5120772946859904
mixup_equal,42,2,0,26,147,60,67,24,0.7844827586206896,0.2898550724637681,0.4396135265700483
mixup_equal,42,2,0,27,147,60,75,27,0.9714285714285714,0.2898550724637681,0.4927536231884058
mixup_equal,42,2,0,28,147,60,67,32,0.9166666666666666,0.2898550724637681,0.4782608695652174
mixup_equal,42,2,0,29,147,60,67,25,0.8,0.2898550724637681,0.4444444444444444
mixup_equal,42,2,0,30,147,60,76,30,1.0495049504950495,0.2898550724637681,0.5120772946859904
mixup_equal,42,2,0,31,147,60,71,26,0.8818181818181818,0.2898550724637681,0.46859903381642515
mixup_equal,42,2,0,32,147,60,79,25,1.0097087378640777,0.2898550724637681,0.5024154589371981
mixup_equal,42,2,0,33,147,60,67,28,0.8482142857142857,0.2898550724637681,0.45893719806763283
mixup_equal,42,2,0,34,147,60,70,33,0.9903846153846154,0.2898550724637681,0.4975845410628019
mixup_equal,42,2,0,35,147,60,74,30,1.0097087378640777,0.2898550724637681,0.5024154589371981
mixup_equal,42,2,1,1,147,61,73,22,0.8407079646017699,0.2932692307692308,0.4567307692307692
mixup_equal,42,2,1,2,147,61,72,29,0.9439252336448598,0.2932692307692308,0.4855769230769231
mixup_equal,42,2,1,3,147,61,69,32,0.9439252336448598,0.2932692307692308,0.4855769230769231
mixup_equal,42,2,1,4,147,61,69,31,0.9259259259259259,0.2932692307692308,0.4807692307692308
mixup_equal,42,2,1,5,147,61,73,30,0.9809523809523809,0.2932692307692308,0.4951923076923077
mixup_equal,42,2,1,6,147,61,84,34,1.3111111111111111,0.2932692307692308,0.5673076923076923
mixup_equal,42,2,1,7,147,61,74,32,1.0392156862745099,0.2932692307692308,0.5096153846153846
mixup_equal,42,2,1,8,147,61,79,27,1.0392156862745099,0.2932692307692308,0.5096153846153846
mixup_equal,42,2,1,9,147,61,65,35,0.9259259259259259,0.2932692307692308,0.4807692307692308
mixup_equal,42,2,1,10,147,61,69,24,0.808695652173913,0.2932692307692308,0.44711538461538464
mixup_equal,42,2,1,11,147,61,69,32,0.9439252336448598,0.2932692307692308,0.4855769230769231
mixup_equal,42,2,1,12,147,61,82,33,1.2365591397849462,0.2932692307692308,0.5528846153846154
mixup_equal,42,2,1,13,147,61,79,27,1.0392156862745099,0.2932692307692308,0.5096153846153846
mixup_equal,42,2,1,14,147,61,82,26,1.08,0.2932692307692308,0.5192307692307693
mixup_equal,42,2,1,15,147,61,75,30,1.0194174757281553,0.2932692307692308,0.5048076923076923
mixup_equal,42,2,1,16,147,61,73,32,1.0194174757281553,0.2932692307692308,0.5048076923076923
mixup_equal,42,2,1,17,147,61,64,27,0.7777777777777778,0.2932692307692308,0.4375
mixup_equal,42,2,1,18,147,61,65,30,0.8407079646017699,0.2932692307692308,0.4567307692307692
mixup_equal,42,2,1,19,147,61,75,31,1.0392156862745099,0.2932692307692308,0.5096153846153846
mixup_equal,42,2,1,20,147,61,77,33,1.1224489795918366,0.2932692307692308,0.5288461538461539
mixup_equal,42,2,1,21,147,61,74,40,1.2127659574468086,0.2932692307692308,0.5480769230769231
mixup_equal,42,2,1,22,147,61,69,41,1.1224489795918366,0.2932692307692308,0.5288461538461539
mixup_equal,42,2,1,23,147,61,78,24,0.9622641509433962,0.2932692307692308,0.49038461538461536
mixup_equal,42,2,2,1,148,61,69,27,0.8495575221238938,0.291866028708134,0.45933014354066987
mixup_equal,42,2,2,2,148,61,74,28,0.9532710280373832,0.291866028708134,0.4880382775119617
mixup_equal,42,2,2,3,148,61,76,31,1.0490196078431373,0.291866028708134,0.5119617224880383
mixup_equal,42,2,2,4,148,61,74,31,1.0096153846153846,0.291866028708134,0.5023923444976076
mixup_equal,42,2,2,5,148,61,72,31,0.9716981132075472,0.291866028708134,0.49282296650717705
mixup_equal,42,2,2,6,148,61,84,32,1.2473118279569892,0.291866028708134,0.5550239234449761
mixup_equal,42,2,2,7,148,61,82,36,1.2967032967032968,0.291866028708134,0.5645933014354066
mixup_equal,42,2,2,8,148,61,73,30,0.9716981132075472,0.291866028708134,0.49282296650717705
mixup_equal,42,2,2,9,148,61,67,29,0.8495575221238938,0.291866028708134,0.45933014354066987
mixup_equal,42,2,2,10,148,61,67,35,0.9532710280373832,0.291866028708134,0.4880382775119617
mixup_equal,42,2,2,11,148,61,73,29,0.9532710280373832,0.291866028708134,0.4880382775119617
mixup_equal,42,2,2,12,148,61,79,37,1.2473118279569892,0.291866028708134,0.5550239234449761
mixup_equal,42,2,2,13,148,61,72,26,0.8828828828828829,0.291866028708134,0.4688995215311005
mixup_equal,42,2,2,14,148,61,76,29,1.0096153846153846,0.291866028708134,0.5023923444976076
mixup_equal,42,2,2,15,148,61,74,31,1.0096153846153846,0.291866028708134,0.5023923444976076
mixup_equal,42,2,2,16,148,61,67,34,0.9351851851851852,0.291866028708134,0.48325358851674644
mixup_equal,42,2,2,17,148,61,68,30,0.8828828828828829,0.291866028708134,0.4688995215311005
mixup_equal,42,2,2,18,148,61,69,28,0.8660714285714286,0.291866028708134,0.46411483253588515
mixup_equal,42,2,2,19,148,61,74,35,1.09,0.291866028708134,0.5215311004784688
mixup_equal,42,2,2,20,148,61,80,36,1.2473118279569892,0.291866028708134,0.5550239234449761
mixup_equal,42,2,2,21,148,61,84,26,1.1111111111111112,0.291866028708134,0.5263157894736842
mixup_equal,42,2,2,22,148,61,80,30,1.1111111111111112,0.291866028708134,0.5263157894736842
mixup_equal,42,2,2,23,148,61,68,26,0.8173913043478261,0.291866028708134,0.44976076555023925
mixup_equal,42,2,2,24,148,61,67,30,0.8660714285714286,0.291866028708134,0.46411483253588515
mixup_equal,42,2,2,25,148,61,64,34,0.8828828828828829,0.291866028708134,0.4688995215311005
mixup_equal,42,2,2,26,148,61,68,23,0.7711864406779662,0.291866028708134,0.4354066985645933
mixup_equal,42,2,2,27,148,61,66,28,0.8173913043478261,0.291866028708134,0.44976076555023925
mixup_equal,42,2,2,28,148,61,75,35,1.1111111111111112,0.291866028708134,0.5263157894736842
mixup_equal,42,2,2,29,148,61,75,28,0.9716981132075472,0.291866028708134,0.49282296650717705
mixup_equal,42,3,0,1,147,61,74,21,0.8407079646017699,0.2932692307692308,0.4567307692307692
mixup_equal,42,3,0,2,147,61,79,24,0.9809523809523809,0.2932692307692308,0.4951923076923077
mixup_equal,42,3,0,3,147,61,67,36,0.9809523809523809,0.2932692307692308,0.4951923076923077
mixup_equal,42,3,0,4,147,61,72,30,0.9622641509433962,0.2932692307692308,0.49038461538461536
mixup_equal,42,3,0,5,147,61,76,33,1.101010101010101,0.2932692307692308,0.5240384615384616
mixup_equal,42,3,0,6,147,61,74,34,1.08,0.2932692307692308,0.5192307692307693
mixup_equal,42,3,0,7,147,61,78,27,1.0194174757281553,0.2932692307692308,0.5048076923076923
mixup_equal,42,3,0,8,147,61,67,33,0.9259259259259259,0.2932692307692308,0.4807692307692308
mixup_equal,42,3,0,9,147,61,73,29,0.9622641509433962,0.2932692307692308,0.49038461538461536
mixup_equal,42,3,0,10,147,61,71,26,0.8738738738738738,0.2932692307692308,0.46634615384615385
mixup_equal,42,3,0,11,147,61,70,32,0.9622641509433962,0.2932692307692308,0.49038461538461536
mixup_equal,42,3,0,12,147,61,85,33,1.3111111111111111,0.2932692307692308,0.5673076923076923
mixup_equal,42,3,0,13,147,61,65,28,0.808695652173913,0.2932692307692308,0.44711538461538464
mixup_equal,42,3,0,14,147,61,73,31,1.0,0.2932692307692308,0.5
mixup_equal,42,3,0,15,147,61,69,31,0.9259259259259259,0.2932692307692308,0.4807692307692308
mixup_equal,42,3,0,16,147,61,80,25,1.0194174757281553,0.2932692307692308,0.5048076923076923
mixup_equal,42,3,0,17,147,61,72,24,0.8571428571428571,0.2932692307692308,0.46153846153846156
mixup_equal,42,3,0,18,147,61,72,23,0.8407079646017699,0.2932692307692308,0.4567307692307692
mixup_equal,42,3,0,19,147,61,86,28,1.2127659574468086,0.2932692307692308,0.5480769230769231
mixup_equal,42,3,0,20,147,61,75,28,0.9809523809523809,0.2932692307692308,0.4951923076923077
mixup_equal,42,3,0,21,147,61,77,28,1.0194174757281553,0.2932692307692308,0.5048076923076923
mixup_equal,42,3,0,22,147,61,69,34,0.9809523809523809,0.2932692307692308,0.4951923076923077
mixup_equal,42,3,0,23,147,61,76,27,0.9809523809523809,0.2932692307692308,0.4951923076923077
mixup_equal,42,3,0,24,147,61,56,24,0.625,0.2932692307692308,0.38461538461538464
mixup_equal,42,3,0,25,147,61,69,27,0.8571428571428571,0.2932692307692308,0.46153846153846156
mixup_equal,42,3,0,26,147,61,65,21,0.7049180327868853,0.2932692307692308,0.41346153846153844
mixup_equal,42,3,0,27,147,61,82,24,1.0392156862745099,0.2932692307692308,0.5096153846153846
mixup_equal,42,3,0,28,147,61,69,31,0.9259259259259259,0.2932692307692308,0.4807692307692308
mixup_equal,42,3,0,29,147,61,74,37,1.1443298969072164,0.2932692307692308,0.5336538461538461
mixup_equal,42,3,0,30,147,61,77,29,1.0392156862745099,0.2932692307692308,0.5096153846153846
mixup_equal,42,3,0,31,147,61,78,26,1.0,0.2932692307692308,0.5
mixup_equal,42,3,0,32,147,61,60,27,0.71900826446281,0.2932692307692308,0.4182692307692308
mixup_equal,42,3,0,33,147,61,61,34,0.8407079646017699,0.2932692307692308,0.4567307692307692
mixup_equal,42,3,1,1,147,61,67,28,0.8407079646017699,0.2932692307692308,0.4567307692307692
mixup_equal,42,3,1,2,147,61,61,39,0.9259259259259259,0.2932692307692308,0.4807692307692308
mixup_equal,42,3,1,3,147,61,70,31,0.9439252336448598,0.2932692307692308,0.4855769230769231
mixup_equal,42,3,1,4,147,61,74,27,0.9439252336448598,0.2932692307692308,0.4855769230769231
mixup_equal,42,3,1,5,147,61,70,29,0.908256880733945,0.2932692307692308,0.47596153846153844
mixup_equal,42,3,1,6,147,61,68,31,0.908256880733945,0.2932692307692308,0.47596153846153844
mixup_equal,42,3,1,7,147,61,74,26,0.9259259259259259,0.2932692307692308,0.4807692307692308
mixup_equal,42,3,1,8,147,61,79,29,1.08,0.2932692307692308,0.5192307692307693
mixup_equal,42,3,1,9,147,61,79,32,1.1443298969072164,0.2932692307692308,0.5336538461538461
mixup_equal,42,3,1,10,147,61,61,35,0.8571428571428571,0.2932692307692308,0.46153846153846156
mixup_equal,42,3,1,11,147,61,73,28,0.9439252336448598,0.2932692307692308,0.4855769230769231
mixup_equal,42,3,1,12,147,61,86,34,1.3636363636363635,0.2932692307692308,0.5769230769230769
mixup_equal,42,3,1,13,147,61,75,25,0.9259259259259259,0.2932692307692308,0.4807692307692308
mixup_equal,42,3,1,14,147,61,80,32,1.1666666666666667,0.2932692307692308,0.5384615384615384
mixup_equal,42,3,1,15,147,61,75,30,1.0194174757281553,0.2932692307692308,0.5048076923076923
mixup_equal,42,3,1,16,147,61,70,32,0.9622641509433962,0.2932692307692308,0.49038461538461536
mixup_equal,42,3,1,17,147,61,64,31,0.8407079646017699,0.2932692307692308,0.4567307692307692
mixup_equal,42,3,1,18,147,61,72,29,0.9439252336448598,0.2932692307692308,0.4855769230769231
mixup_equal,42,3,1,19,147,61,77,32,1.101010101010101,0.2932692307692308,0.5240384615384616
mixup_equal,42,3,1,20,147,61,83,32,1.2365591397849462,0.2932692307692308,0.5528846153846154
mixup_equal,42,3,1,21,147,61,77,34,1.1443298969072164,0.2932692307692308,0.5336538461538461
mixup_equal,42,3,1,22,147,61,73,35,1.08,0.2932692307692308,0.5192307692307693
mixup_equal,42,3,1,23,147,61,81,24,1.0194174757281553,0.2932692307692308,0.5048076923076923
mixup_equal,42,3,2,1,148,62,67,30,0.8584070796460177,0.29523809523809524,0.46190476190476193
mixup_equal,42,3,2,2,148,62,70,31,0.926605504587156,0.29523809523809524,0.48095238095238096
mixup_equal,42,3,2,3,148,62,80,29,1.0792079207920793,0.29523809523809524,0.5190476190476191
mixup_equal,42,3,2,4,148,62,68,35,0.9626168224299065,0.29523809523809524,0.49047619047619045
mixup_equal,42,3,2,5,148,62,82,30,1.1428571428571428,0.29523809523809524,0.5333333333333333
mixup_equal,42,3,2,6,148,62,75,37,1.1428571428571428,0.29523809523809524,0.5333333333333333
mixup_equal,42,3,2,7,148,62,75,32,1.0388349514563107,0.29523809523809524,0.5095238095238095
mixup_equal,42,3,2,8,148,62,73,30,0.9626168224299065,0.29523809523809524,0.49047619047619045
mixup_equal,42,3,2,9,148,62,70,35,1.0,0.29523809523809524,0.5
mixup_equal,42,3,2,10,148,62,73,31,0.9811320754716981,0.29523809523809524,0.49523809523809526
mixup_equal,42,3,2,11,148,62,74,29,0.9626168224299065,0.29523809523809524,0.49047619047619045
mixup_equal,42,3,2,12,148,62,84,35,1.3076923076923077,0.29523809523809524,0.5666666666666667
mixup_equal,42,3,2,13,148,62,70,35,1.0,0.29523809523809524,0.5
mixup_equal,42,3,2,14,148,62,79,31,1.1,0.29523809523809524,0.5238095238095238
mixup_equal,42,3,2,15,148,62,70,31,0.926605504587156,0.29523809523809524,0.48095238095238096
mixup_equal,42,3,2,16,148,62,69,33,0.9444444444444444,0.29523809523809524,0.4857142857142857
mixup_equal,42,3,2,17,148,62,73,31,0.9811320754716981,0.29523809523809524,0.49523809523809526
mixup_equal,42,3,2,18,148,62,68,30,0.875,0.29523809523809524,0.4666666666666667
mixup_equal,42,3,2,19,148,62,87,36,1.4137931034482758,0.29523809523809524,0.5857142857142857
mixup_equal,42,3,2,20,148,62,72,35,1.0388349514563107,0.29523809523809524,0.5095238095238095
mixup_equal,42,3,2,21,148,62,87,30,1.2580645161290323,0.29523809523809524,0.5571428571428572
mixup_equal,42,3,2,22,148,62,79,30,1.0792079207920793,0.29523809523809524,0.5190476190476191
mixup_equal,42,3,2,23,148,62,58,24,0.640625,0.29523809523809524,0.3904761904761905
mixup_equal,42,3,2,24,148,62,76,24,0.9090909090909091,0.29523809523809524,0.47619047619047616
mixup_equal,42,3,2,25,148,62,69,36,1.0,0.29523809523809524,0.5
mixup_equal,42,3,2,26,148,62,65,30,0.8260869565217391,0.29523809523809524,0.4523809523809524
mixup_equal,42,3,2,27,148,62,69,27,0.8421052631578947,0.29523809523809524,0.45714285714285713
mixup_equal,42,3,2,28,148,62,81,31,1.1428571428571428,0.29523809523809524,0.5333333333333333
mixup_equal,42,3,2,29,148,62,72,28,0.9090909090909091,0.29523809523809524,0.47619047619047616
mixup_equal,42,3,2,30,148,62,68,31,0.8918918918918919,0.29523809523809524,0.4714285714285714
mixup_equal,42,3,2,31,148,62,78,25,0.9626168224299065,0.29523809523809524,0.49047619047619045
mixup_equal,42,3,2,32,148,62,59,33,0.7796610169491526,0.29523809523809524,0.4380952380952381
mixup_equal,42,3,2,33,148,62,67,35,0.9444444444444444,0.29523809523809524,0.4857142857142857
mixup_equal,42,3,2,34,148,62,80,28,1.0588235294117647,0.29523809523809524,0.5142857142857142
mixup_equal,42,3,2,35,148,62,83,32,1.2105263157894737,0.29523809523809524,0.5476190476190477
mixup_equal,42,3,2,36,148,62,65,27,0.7796610169491526,0.29523809523809524,0.4380952380952381
mixup_equal,42,3,2,37,148,62,77,31,1.0588235294117647,0.29523809523809524,0.5142857142857142
mixup_equal,42,3,2,38,148,62,78,28,1.0192307692307692,0.29523809523809524,0.5047619047619047
mixup_equal,42,3,2,39,148,62,72,29,0.926605504587156,0.29523809523809524,0.48095238095238096
mixup_equal,42,3,2,40,148,62,72,24,0.8421052631578947,0.29523809523809524,0.45714285714285713
mixup_equal,42,4,0,1,147,61,68,27,0.8407079646017699,0.2932692307692308,0.4567307692307692
mixup_equal,42,4,0,2,147,61,76,25,0.9439252336448598,0.2932692307692308,0.4855769230769231
mixup_equal,42,4,0,3,147,61,73,32,1.0194174757281553,0.2932692307692308,0.5048076923076923
mixup_equal,42,4,0,4,147,61,76,27,0.9809523809523809,0.2932692307692308,0.4951923076923077
mixup_equal,42,4,0,5,147,61,71,33,1.0,0.2932692307692308,0.5
mixup_equal,42,4,0,6,147,61,72,35,1.0594059405940595,0.2932692307692308,0.5144230769230769
mixup_equal,42,4,0,7,147,61,76,31,1.0594059405940595,0.2932692307692308,0.5144230769230769
mixup_equal,42,4,0,8,147,61,76,28,1.0,0.2932692307692308,0.5
mixup_equal,42,4,0,9,147,61,73,29,0.9622641509433962,0.2932692307692308,0.49038461538461536
mixup_equal,42,4,0,10,147,61,69,29,0.8909090909090909,0.2932692307692308,0.47115384615384615
mixup_equal,42,4,0,11,147,61,71,28,0.908256880733945,0.2932692307692308,0.47596153846153844
mixup_equal,42,4,0,12,147,61,82,37,1.3370786516853932,0.2932692307692308,0.5721153846153846
mixup_equal,42,4,0,13,147,61,76,25,0.9439252336448598,0.2932692307692308,0.4855769230769231
mixup_equal,42,4,0,14,147,61,82,32,1.2127659574468086,0.2932692307692308,0.5480769230769231
mixup_equal,42,4,0,15,147,61,84,24,1.08,0.2932692307692308,0.5192307692307693
mixup_equal,42,4,0,16,147,61,73,29,0.9622641509433962,0.2932692307692308,0.49038461538461536
mixup_equal,42,4,0,17,147,61,71,23,0.8245614035087719,0.2932692307692308,0.4519230769230769
mixup_equal,42,4,0,18,147,61,65,29,0.8245614035087719,0.2932692307692308,0.4519230769230769
mixup_equal,42,4,0,19,147,61,72,34,1.0392156862745099,0.2932692307692308,0.5096153846153846
mixup_equal,42,4,0,20,147,61,75,27,0.9622641509433962,0.2932692307692308,0.49038461538461536
mixup_equal,42,4,0,21,147,61,73,38,1.1443298969072164,0.2932692307692308,0.5336538461538461
mixup_equal,42,4,0,22,147,61,77,35,1.1666666666666667,0.2932692307692308,0.5384615384615384
mixup_equal,42,4,0,23,147,61,78,26,1.0,0.2932692307692308,0.5
mixup_equal,42,4,0,24,147,61,53,34,0.71900826446281,0.2932692307692308,0.4182692307692308
mixup_equal,42,4,0,25,147,61,67,26,0.808695652173913,0.2932692307692308,0.44711538461538464
mixup_equal,42,4,0,26,147,61,52,36,0.7333333333333333,0.2932692307692308,0.4230769230769231
mixup_equal,42,4,0,27,147,61,78,24,0.9622641509433962,0.2932692307692308,0.49038461538461536
mixup_equal,42,4,0,28,147,61,73,32,1.0194174757281553,0.2932692307692308,0.5048076923076923
mixup_equal,42,4,0,29,147,61,81,21,0.9622641509433962,0.2932692307692308,0.49038461538461536
mixup_equal,42,4,0,30,147,61,66,30,0.8571428571428571,0.2932692307692308,0.46153846153846156
mixup_equal,42,4,0,31,147,61,73,28,0.9439252336448598,0.2932692307692308,0.4855769230769231
mixup_equal,42,4,0,32,147,61,68,24,0.7931034482758621,0.2932692307692308,0.4423076923076923
mixup_equal,42,4,1,1,147,61,67,29,0.8571428571428571,0.2932692307692308,0.46153846153846156
mixup_equal,42,4,1,2,147,61,73,29,0.9622641509433962,0.2932692307692308,0.49038461538461536
mixup_equal,42,4,1,3,147,61,72,31,0.9809523809523809,0.2932692307692308,0.4951923076923077
mixup_equal,42,4,1,4,147,61,72,31,0.9809523809523809,0.2932692307692308,0.4951923076923077
mixup_equal,42,4,1,5,147,61,78,28,1.0392156862745099,0.2932692307692308,0.5096153846153846
mixup_equal,42,4,1,6,147,61,75,36,1.1443298969072164,0.2932692307692308,0.5336538461538461
mixup_equal,42,4,1,7,147,61,69,33,0.9622641509433962,0.2932692307692308,0.49038461538461536
mixup_equal,42,4,1,8,147,61,75,29,1.0,0.2932692307692308,0.5
mixup_equal,42,4,1,9,147,61,66,32,0.8909090909090909,0.2932692307692308,0.47115384615384615
mixup_equal,42,4,1,10,147,61,65,30,0.8407079646017699,0.2932692307692308,0.4567307692307692
mixup_equal,42,4,1,11,147,61,71,30,0.9439252336448598,0.2932692307692308,0.4855769230769231
mixup_equal,42,4,1,12,147,61,85,35,1.3636363636363635,0.2932692307692308,0.5769230769230769
mixup_equal,42,4,1,13,147,61,67,35,0.9622641509433962,0.2932692307692308,0.49038461538461536
mixup_equal,42,4,1,14,147,61,76,30,1.0392156862745099,0.2932692307692308,0.5096153846153846
mixup_equal,42,4,1,15,147,61,75,38,1.1894736842105262,0.2932692307692308,0.5432692307692307
mixup_equal,42,4,1,16,147,61,74,25,0.908256880733945,0.2932692307692308,0.47596153846153844
mixup_equal,42,4,1,17,147,61,64,32,0.8571428571428571,0.2932692307692308,0.46153846153846156
mixup_equal,42,4,1,18,147,61,73,26,0.908256880733945,0.2932692307692308,0.47596153846153844
mixup_equal,42,4,1,19,147,61,72,29,0.9439252336448598,0.2932692307692308,0.4855769230769231
mixup_equal,42,4,1,20,147,61,79,36,1.2365591397849462,0.2932692307692308,0.5528846153846154
mixup_equal,42,4,1,21,147,61,83,26,1.101010101010101,0.2932692307692308,0.5240384615384616
mixup_equal,42,4,1,22,147,61,77,28,1.0194174757281553,0.2932692307692308,0.5048076923076923
mixup_equal,42,4,2,1,148,62,67,30,0.8584070796460177,0.29523809523809524,0.46190476190476193
mixup_equal,42,4,2,2,148,62,71,31,0.9444444444444444,0.29523809523809524,0.4857142857142857
mixup_equal,42,4,2,3,148,62,75,32,1.0388349514563107,0.29523809523809524,0.5095238095238095
mixup_equal,42,4,2,4,148,62,73,33,1.0192307692307692,0.29523809523809524,0.5047619047619047
mixup_equal,42,4,2,5,148,62,79,30,1.0792079207920793,0.29523809523809524,0.5190476190476191
mixup_equal,42,4,2,6,148,62,78,39,1.2580645161290323,0.29523809523809524,0.5571428571428572
mixup_equal,42,4,2,7,148,62,85,28,1.1649484536082475,0.29523809523809524,0.5380952380952381
mixup_equal,42,4,2,8,148,62,72,26,0.875,0.29523809523809524,0.4666666666666667
mixup_equal,42,4,2,9,148,62,69,29,0.875,0.29523809523809524,0.4666666666666667
mixup_equal,42,4,2,10,148,62,68,26,0.8103448275862069,0.29523809523809524,0.44761904761904764
mixup_equal,42,4,2,11,148,62,70,33,0.9626168224299065,0.29523809523809524,0.49047619047619045
mixup_equal,42,4,2,12,148,62,81,35,1.2340425531914894,0.29523809523809524,0.5523809523809524
mixup_equal,42,4,2,13,148,62,67,34,0.926605504587156,0.29523809523809524,0.48095238095238096
mixup_equal,42,4,2,14,148,62,82,32,1.1875,0.29523809523809524,0.5428571428571428
mixup_equal,42,4,2,15,148,62,76,31,1.0388349514563107,0.29523809523809524,0.5095238095238095
mixup_equal,42,4,2,16,148,62,71,31,0.9444444444444444,0.29523809523809524,0.4857142857142857
mixup_equal,42,4,2,17,148,62,70,28,0.875,0.29523809523809524,0.4666666666666667
mixup_equal,42,4,2,18,148,62,66,31,0.8584070796460177,0.29523809523809524,0.46190476190476193
mixup_equal,42,4,2,19,148,62,83,31,1.1875,0.29523809523809524,0.5428571428571428
mixup_equal,42,4,2,20,148,62,80,29,1.0792079207920793,0.29523809523809524,0.5190476190476191
mixup_equal,42,4,2,21,148,62,81,31,1.1428571428571428,0.29523809523809524,0.5333333333333333
mixup_equal,42,4,2,22,148,62,79,38,1.2580645161290323,0.29523809523809524,0.5571428571428572
mixup_equal,42,4,2,23,148,62,64,28,0.7796610169491526,0.29523809523809524,0.4380952380952381
mixup_equal,42,4,2,24,148,62,76,29,1.0,0.29523809523809524,0.5
mixup_equal,42,4,2,25,148,62,77,29,1.0192307692307692,0.29523809523809524,0.5047619047619047
mixup_equal,42,4,2,26,148,62,68,25,0.7948717948717948,0.29523809523809524,0.44285714285714284
mixup_equal,42,4,2,27,148,62,70,28,0.875,0.29523809523809524,0.4666666666666667
mixup_equal,42,4,2,28,148,62,80,25,1.0,0.29523809523809524,0.5
mixup_equal,42,4,2,29,148,62,74,34,1.0588235294117647,0.29523809523809524,0.5142857142857142
mixup_equal,42,4,2,30,148,62,64,39,0.9626168224299065,0.29523809523809524,0.49047619047619045
mixup_equal,42,4,2,31,148,62,80,37,1.2580645161290323,0.29523809523809524,0.5571428571428572
mixup_equal,42,4,2,32,148,62,70,26,0.8421052631578947,0.29523809523809524,0.45714285714285713
mixup_equal,42,4,2,33,148,62,64,38,0.9444444444444444,0.29523809523809524,0.4857142857142857
mixup_equal,43,0,0,1,146,59,76,30,1.0707070707070707,0.28780487804878047,0.5170731707317073
mixup_equal,43,0,0,2,146,59,73,27,0.9523809523809523,0.28780487804878047,0.4878048780487805
mixup_equal,43,0,0,3,146,59,75,26,0.9711538461538461,0.28780487804878047,0.4926829268292683
mixup_equal,43,0,0,4,146,59,68,31,0.9339622641509434,0.28780487804878047,0.48292682926829267
mixup_equal,43,0,0,5,146,59,70,28,0.9158878504672897,0.28780487804878047,0.47804878048780486
mixup_equal,43,0,0,6,146,59,78,28,1.0707070707070707,0.28780487804878047,0.5170731707317073
mixup_equal,43,0,0,7,146,59,79,29,1.1134020618556701,0.28780487804878047,0.526829268292683
mixup_equal,43,0,0,8,146,59,62,28,0.782608695652174,0.28780487804878047,0.43902439024390244
mixup_equal,43,0,0,9,146,59,62,32,0.8468468468468469,0.28780487804878047,0.4585365853658537
mixup_equal,43,0,0,10,146,59,80,29,1.1354166666666667,0.28780487804878047,0.5317073170731708
mixup_equal,43,0,0,11,146,59,78,40,1.3563218390804597,0.28780487804878047,0.5756097560975609
mixup_equal,43,0,0,12,146,59,69,25,0.8468468468468469,0.28780487804878047,0.4585365853658537
mixup_equal,43,0,0,13,146,59,70,31,0.9711538461538461,0.28780487804878047,0.4926829268292683
mixup_equal,43,0,0,14,146,59,80,29,1.1354166666666667,0.28780487804878047,0.5317073170731708
mixup_equal,43,0,0,15,146,59,68,24,0.8141592920353983,0.28780487804878047,0.44878048780487806
mixup_equal,43,0,0,16,146,59,69,31,0.9523809523809523,0.28780487804878047,0.4878048780487805
mixup_equal,43,0,0,17,146,59,74,33,1.0918367346938775,0.28780487804878047,0.5219512195121951
mixup_equal,43,0,0,18,146,59,66,33,0.9339622641509434,0.28780487804878047,0.48292682926829267
mixup_equal,43,0,0,19,146,59,75,39,1.2527472527472527,0.28780487804878047,0.5560975609756098
mixup_equal,43,0,0,20,146,59,75,26,0.9711538461538461,0.28780487804878047,0.4926829268292683
mixup_equal,43,0,0,21,146,59,67,29,0.8807339449541285,0.28780487804878047,0.4682926829268293
mixup_equal,43,0,0,22,146,59,58,20,0.6141732283464567,0.28780487804878047,0.3804878048780488
mixup_equal,43,0,0,23,146,59,72,29,0.9711538461538461,0.28780487804878047,0.4926829268292683
mixup_equal,43,0,1,1,147,60,74,34,1.0909090909090908,0.2898550724637681,0.5217391304347826
mixup_equal,43,0,1,2,147,60,64,30,0.831858407079646,0.2898550724637681,0.45410628019323673
mixup_equal,43,0,1,3,147,60,76,30,1.0495049504950495,0.2898550724637681,0.5120772946859904
mixup_equal,43,0,1,4,147,60,70,32,0.9714285714285714,0.2898550724637681,0.4927536231884058
mixup_equal,43,0,1,5,147,60,64,25,0.7542372881355932,0.2898550724637681,0.42995169082125606
mixup_equal,43,0,1,6,147,60,73,31,1.0097087378640777,0.2898550724637681,0.5024154589371981
mixup_equal,43,0,1,7,147,60,78,23,0.9528301886792453,0.2898550724637681,0.48792270531400966
mixup_equal,43,0,1,8,147,60,60,32,0.8,0.2898550724637681,0.4444444444444444
mixup_equal,43,0,1,9,147,60,69,35,1.0097087378640777,0.2898550724637681,0.5024154589371981
mixup_equal,43,0,1,10,147,60,78,38,1.2747252747252746,0.2898550724637681,0.5603864734299517
mixup_equal,43,0,1,11,147,60,79,31,1.134020618556701,0.2898550724637681,0.5314009661835749
mixup_equal,43,0,1,12,147,60,72,23,0.8482142857142857,0.2898550724637681,0.45893719806763283
mixup_equal,43,0,1,13,147,60,83,29,1.1789473684210525,0.2898550724637681,0.5410628019323671
mixup_equal,43,0,1,14,147,60,65,26,0.7844827586206896,0.2898550724637681,0.4396135265700483
mixup_equal,43,0,1,15,147,60,73,28,0.9528301886792453,0.2898550724637681,0.48792270531400966
mixup_equal,43,0,1,16,147,60,75,24,0.9166666666666666,0.2898550724637681,0.4782608695652174
mixup_equal,43,0,1,17,147,60,78,27,1.0294117647058822,0.2898550724637681,0.5072463768115942
mixup_equal,43,0,1,18,147,60,77,23,0.9345794392523364,0.2898550724637681,0.4830917874396135
mixup_equal,43,0,1,19,147,60,78,29,1.07,0.2898550724637681,0.5169082125603864
mixup_equal,43,0,1,20,147,60,69,31,0.9345794392523364,0.2898550724637681,0.4830917874396135
mixup_equal,43,0,1,21,147,60,60,27,0.725,0.2898550724637681,0.42028985507246375
mixup_equal,43,0,1,22,147,60,63,23,0.7107438016528925,0.2898550724637681,0.41545893719806765
mixup_equal,43,0,1,23,147,60,63,30,0.8157894736842105,0.2898550724637681,0.4492753623188406
mixup_equal,43,0,1,24,147,60,87,33,1.3793103448275863,0.2898550724637681,0.5797101449275363
mixup_equal,43,0,2,1,147,61,81,27,1.08,0.2932692307692308,0.5192307692307693
mixup_equal,43,0,2,2,147,61,78,23,0.9439252336448598,0.2932692307692308,0.4855769230769231
mixup_equal,43,0,2,3,147,61,72,31,0.9809523809523809,0.2932692307692308,0.4951923076923077
mixup_equal,43,0,2,4,147,61,75,30,1.0194174757281553,0.2932692307692308,0.5048076923076923
mixup_equal,43,0,2,5,147,61,62,28,0.7627118644067796,0.2932692307692308,0.4326923076923077
mixup_equal,43,0,2,6,147,61,79,33,1.1666666666666667,0.2932692307692308,0.5384615384615384
mixup_equal,43,0,2,7,147,61,74,30,1.0,0.2932692307692308,0.5
mixup_equal,43,0,2,8,147,61,72,29,0.9439252336448598,0.2932692307692308,0.4855769230769231
mixup_equal,43,0,2,9,147,61,67,33,0.9259259259259259,0.2932692307692308,0.4807692307692308
mixup_equal,43,0,2,10,147,61,82,29,1.1443298969072164,0.2932692307692308,0.5336538461538461
mixup_equal,43,0,2,11,147,61,85,26,1.1443298969072164,0.2932692307692308,0.5336538461538461
mixup_equal,43,0,2,12,147,61,78,24,0.9622641509433962,0.2932692307692308,0.49038461538461536
mixup_equal,43,0,2,13,147,61,83,27,1.1224489795918366,0.2932692307692308,0.5288461538461539
mixup_equal,43,0,2,14,147,61,74,26,0.9259259259259259,0.2932692307692308,0.4807692307692308
mixup_equal,43,0,2,15,147,61,72,27,0.908256880733945,0.2932692307692308,0.47596153846153844
mixup_equal,43,0,2,16,147,61,73,30,0.9809523809523809,0.2932692307692308,0.4951923076923077
mixup_equal,43,0,2,17,147,61,72,27,0.908256880733945,0.2932692307692308,0.47596153846153844
mixup_equal,43,0,2,18,147,61,78,31,1.101010101010101,0.2932692307692308,0.5240384615384616
mixup_equal,43,0,2,19,147,61,83,30,1.1894736842105262,0.2932692307692308,0.5432692307692307
mixup_equal,43,0,2,20,147,61,73,29,0.9622641509433962,0.2932692307692308,0.49038461538461536
mixup_equal,43,0,2,21,147,61,64,25,0.7478991596638656,0.2932692307692308,0.42788461538461536
mixup_equal,43,1,0,1,147,60,74,29,0.9903846153846154,0.2898550724637681,0.4975845410628019
mixup_equal,43,1,0,2,147,60,72,29,0.9528301886792453,0.2898550724637681,0.48792270531400966
mixup_equal,43,1,0,3,147,60,73,29,0.9714285714285714,0.2898550724637681,0.4927536231884058
mixup_equal,43,1,0,4,147,60,75,26,0.9528301886792453,0.2898550724637681,0.48792270531400966
mixup_equal,43,1,0,5,147,60,59,30,0.7542372881355932,0.2898550724637681,0.42995169082125606
mixup_equal,43,1,0,6,147,60,74,34,1.0909090909090908,0.2898550724637681,0.5217391304347826
mixup_equal,43,1,0,7,147,60,76,24,0.9345794392523364,0.2898550724637681,0.4830917874396135
mixup_equal,43,1,0,8,147,60,65,36,0.9528301886792453,0.2898550724637681,0.48792270531400966
mixup_equal,43,1,0,9,147,60,67,30,0.8818181818181818,0.2898550724637681,0.46859903381642515
mixup_equal,43,1,0,10,147,60,77,32,1.1122448979591837,0.2898550724637681,0.5265700483091788
mixup_equal,43,1,0,11,147,60,85,34,1.3522727272727273,0.2898550724637681,0.5748792270531401
mixup_equal,43,1,0,12,147,60,66,32,0.8990825688073395,0.2898550724637681,0.47342995169082125
mixup_equal,43,1,0,13,147,60,68,32,0.9345794392523364,0.2898550724637681,0.4830917874396135
mixup_equal,43,1,0,14,147,60,75,33,1.0909090909090908,0.2898550724637681,0.5217391304347826
mixup_equal,43,1,0,15,147,60,66,26,0.8,0.2898550724637681,0.4444444444444444
mixup_equal,43,1,0,16,147,60,75,24,0.9166666666666666,0.2898550724637681,0.4782608695652174
mixup_equal,43,1,0,17,147,60,66,34,0.9345794392523364,0.2898550724637681,0.4830917874396135
mixup_equal,43,1,0,18,147,60,72,30,0.9714285714285714,0.2898550724637681,0.4927536231884058
mixup_equal,43,1,0,19,147,60,86,32,1.3258426966292134,0.2898550724637681,0.5700483091787439
mixup_equal,43,1,0,20,147,60,74,26,0.9345794392523364,0.2898550724637681,0.4830917874396135
mixup_equal,43,1,0,21,147,60,67,24,0.7844827586206896,0.2898550724637681,0.4396135265700483
mixup_equal,43,1,0,22,147,60,68,20,0.7394957983193278,0.2898550724637681,0.4251207729468599
mixup_equal,43,1,0,23,147,60,66,31,0.8818181818181818,0.2898550724637681,0.46859903381642515
mixup_equal,43,1,0,24,147,60,82,34,1.2747252747252746,0.2898550724637681,0.5603864734299517
mixup_equal,43,1,0,25,147,60,84,29,1.202127659574468,0.2898550724637681,0.5458937198067633
mixup_equal,43,1,1,1,147,61,75,34,1.101010101010101,0.2932692307692308,0.5240384615384616
mixup_equal,43,1,1,2,147,61,68,31,0.908256880733945,0.2932692307692308,0.47596153846153844
mixup_equal,43,1,1,3,147,61,78,28,1.0392156862745099,0.2932692307692308,0.5096153846153846
mixup_equal,43,1,1,4,147,61,74,31,1.0194174757281553,0.2932692307692308,0.5048076923076923
mixup_equal,43,1,1,5,147,61,68,21,0.7478991596638656,0.2932692307692308,0.42788461538461536
mixup_equal,43,1,1,6,147,61,80,32,1.1666666666666667,0.2932692307692308,0.5384615384615384
mixup_equal,43,1,1,7,147,61,77,26,0.9809523809523809,0.2932692307692308,0.4951923076923077
mixup_equal,43,1,1,8,147,61,67,30,0.8738738738738738,0.2932692307692308,0.46634615384615385
mixup_equal,43,1,1,9,147,61,59,34,0.808695652173913,0.2932692307692308,0.44711538461538464
mixup_equal,43,1,1,10,147,61,73,37,1.1224489795918366,0.2932692307692308,0.5288461538461539
mixup_equal,43,1,1,11,147,61,77,30,1.0594059405940595,0.2932692307692308,0.5144230769230769
mixup_equal,43,1,1,12,147,61,70,33,0.9809523809523809,0.2932692307692308,0.4951923076923077
mixup_equal,43,1,1,13,147,61,79,35,1.2127659574468086,0.2932692307692308,0.5480769230769231
mixup_equal,43,1,1,14,147,61,67,26,0.808695652173913,0.2932692307692308,0.44711538461538464
mixup_equal,43,1,1,15,147,61,68,27,0.8407079646017699,0.2932692307692308,0.4567307692307692
mixup_equal,43,1,1,16,147,61,60,30,0.7627118644067796,0.2932692307692308,0.4326923076923077
mixup_equal,43,1,1,17,147,61,67,34,0.9439252336448598,0.2932692307692308,0.4855769230769231
mixup_equal,43,1,1,18,147,61,73,24,0.8738738738738738,0.2932692307692308,0.46634615384615385
mixup_equal,43,1,1,19,147,61,78,31,1.101010101010101,0.2932692307692308,0.5240384615384616
mixup_equal,43,1,1,20,147,61,69,29,0.8909090909090909,0.2932692307692308,0.47115384615384615
mixup_equal,43,1,1,21,147,61,73,29,0.9622641509433962,0.2932692307692308,0.49038461538461536
mixup_equal,43,1,1,22,147,61,67,26,0.808695652173913,0.2932692307692308,0.44711538461538464
mixup_equal,43,1,1,23,147,61,69,31,0.9259259259259259,0.2932692307692308,0.4807692307692308
mixup_equal,43,1,2,1,148,61,76,31,1.0490196078431373,0.291866028708134,0.5119617224880383
mixup_equal,43,1,2,2,148,61,68,31,0.9,0.291866028708134,0.47368421052631576
mixup_equal,43,1,2,3,148,61,72,31,0.9716981132075472,0.291866028708134,0.49282296650717705
mixup_equal,43,1,2,4,148,61,71,32,0.9716981132075472,0.291866028708134,0.49282296650717705
mixup_equal,43,1,2,5,148,61,65,25,0.7563025210084033,0.291866028708134,0.430622009569378
mixup_equal,43,1,2,6,148,61,81,34,1.2234042553191489,0.291866028708134,0.5502392344497608
mixup_equal,43,1,2,7,148,61,71,32,0.9716981132075472,0.291866028708134,0.49282296650717705
mixup_equal,43,1,2,8,148,61,68,28,0.8495575221238938,0.291866028708134,0.45933014354066987
mixup_equal,43,1,2,9,148,61,69,29,0.8828828828828829,0.291866028708134,0.4688995215311005
mixup_equal,43,1,2,10,148,61,78,25,0.9716981132075472,0.291866028708134,0.49282296650717705
mixup_equal,43,1,2,11,148,61,75,32,1.0490196078431373,0.291866028708134,0.5119617224880383
mixup_equal,43,1,2,12,148,61,71,27,0.8828828828828829,0.291866028708134,0.4688995215311005
mixup_equal,43,1,2,13,148,61,70,30,0.9174311926605505,0.291866028708134,0.4784688995215311
mixup_equal,43,1,2,14,148,61,71,26,0.8660714285714286,0.291866028708134,0.46411483253588515
mixup_equal,43,1,2,15,148,61,74,32,1.029126213592233,0.291866028708134,0.507177033492823
mixup_equal,43,1,2,16,148,61,69,28,0.8660714285714286,0.291866028708134,0.46411483253588515
mixup_equal,43,1,2,17,148,61,67,40,1.0490196078431373,0.291866028708134,0.5119617224880383
mixup_equal,43,1,2,18,148,61,82,30,1.1546391752577319,0.291866028708134,0.5358851674641149
mixup_equal,43,1,2,19,148,61,83,31,1.2,0.291866028708134,0.5454545454545454
mixup_equal,43,1,2,20,148,61,72,23,0.8333333333333334,0.291866028708134,0.45454545454545453
mixup_equal,43,1,2,21,148,61,63,29,0.7863247863247863,0.291866028708134,0.44019138755980863
mixup_equal,43,2,0,1,147,60,74,29,0.9903846153846154,0.2898550724637681,0.4975845410628019
mixup_equal,43,2,0,2,147,60,67,33,0.9345794392523364,0.2898550724637681,0.4830917874396135
mixup_equal,43,2,0,3,147,60,75,27,0.9714285714285714,0.2898550724637681,0.4927536231884058
mixup_equal,43,2,0,4,147,60,70,32,0.9714285714285714,0.2898550724637681,0.4927536231884058
mixup_equal,43,2,0,5,147,60,65,26,0.7844827586206896,0.2898550724637681,0.4396135265700483
mixup_equal,43,2,0,6,147,60,80,29,1.1122448979591837,0.2898550724637681,0.5265700483091788
mixup_equal,43,2,0,7,147,60,72,32,1.0097087378640777,0.2898550724637681,0.5024154589371981
mixup_equal,43,2,0,8,147,60,70,27,0.8818181818181818,0.2898550724637681,0.46859903381642515
mixup_equal,43,2,0,9,147,60,77,23,0.9345794392523364,0.2898550724637681,0.4830917874396135
mixup_equal,43,2,0,10,147,60,75,30,1.0294117647058822,0.2898550724637681,0.5072463768115942
mixup_equal,43,2,0,11,147,60,74,42,1.2747252747252746,0.2898550724637681,0.5603864734299517
mixup_equal,43,2,0,12,147,60,75,28,0.9903846153846154,0.2898550724637681,0.4975845410628019
mixup_equal,43,2,0,13,147,60,84,29,1.202127659574468,0.2898550724637681,0.5458937198067633
mixup_equal,43,2,0,14,147,60,65,32,0.8818181818181818,0.2898550724637681,0.46859903381642515
mixup_equal,43,2,0,15,147,60,67,33,0.9345794392523364,0.2898550724637681,0.4830917874396135
mixup_equal,43,2,0,16,147,60,68,23,0.7844827586206896,0.2898550724637681,0.4396135265700483
mixup_equal,43,2,0,17,147,60,68,31,0.9166666666666666,0.2898550724637681,0.4782608695652174
mixup_equal,43,2,0,18,147,60,76,32,1.0909090909090908,0.2898550724637681,0.5217391304347826
mixup_equal,43,2,0,19,147,60,84,30,1.2258064516129032,0.2898550724637681,0.5507246376811594
mixup_equal,43,2,0,20,147,60,63,28,0.7844827586206896,0.2898550724637681,0.4396135265700483
mixup_equal,43,2,0,21,147,60,62,24,0.7107438016528925,0.2898550724637681,0.41545893719806765
mixup_equal,43,2,0,22,147,60,69,24,0.8157894736842105,0.2898550724637681,0.4492753623188406
mixup_equal,43,2,0,23,147,60,72,30,0.9714285714285714,0.2898550724637681,0.4927536231884058
mixup_equal,43,2,0,24,147,60,87,27,1.2258064516129032,0.2898550724637681,0.5507246376811594
mixup_equal,43,2,0,25,147,60,73,30,0.9903846153846154,0.2898550724637681,0.4975845410628019
mixup_equal,43,2,1,1,147,61,74,36,1.1224489795918366,0.2932692307692308,0.5288461538461539
mixup_equal,43,2,1,2,147,61,77,24,0.9439252336448598,0.2932692307692308,0.4855769230769231
mixup_equal,43,2,1,3,147,61,73,30,0.9809523809523809,0.2932692307692308,0.4951923076923077
mixup_equal,43,2,1,4,147,61,80,24,1.0,0.2932692307692308,0.5
mixup_equal,43,2,1,5,147,61,64,28,0.7931034482758621,0.2932692307692308,0.4423076923076923
mixup_equal,43,2,1,6,147,61,77,32,1.101010101010101,0.2932692307692308,0.5240384615384616
mixup_equal,43,2,1,7,147,61,72,28,0.9259259259259259,0.2932692307692308,0.4807692307692308
mixup_equal,43,2,1,8,147,61,71,31,0.9622641509433962,0.2932692307692308,0.49038461538461536
mixup_equal,43,2,1,9,147,61,67,32,0.908256880733945,0.2932692307692308,0.47596153846153844
mixup_equal,43,2,1,10,147,61,74,27,0.9439252336448598,0.2932692307692308,0.4855769230769231
mixup_equal,43,2,1,11,147,61,69,32,0.9439252336448598,0.2932692307692308,0.4855769230769231
mixup_equal,43,2,1,12,147,61,78,34,1.1666666666666667,0.2932692307692308,0.5384615384615384
mixup_equal,43,2,1,13,147,61,86,35,1.3908045977011494,0.2932692307692308,0.5817307692307693
mixup_equal,43,2,1,14,147,61,67,26,0.808695652173913,0.2932692307692308,0.44711538461538464
mixup_equal,43,2,1,15,147,61,78,25,0.9809523809523809,0.2932692307692308,0.4951923076923077
mixup_equal,43,2,1,16,147,61,67,32,0.908256880733945,0.2932692307692308,0.47596153846153844
mixup_equal,43,2,1,17,147,61,76,29,1.0194174757281553,0.2932692307692308,0.5048076923076923
mixup_equal,43,2,1,18,147,61,74,36,1.1224489795918366,0.2932692307692308,0.5288461538461539
mixup_equal,43,2,1,19,147,61,87,26,1.1894736842105262,0.2932692307692308,0.5432692307692307
mixup_equal,43,2,1,20,147,61,74,26,0.9259259259259259,0.2932692307692308,0.4807692307692308
mixup_equal,43,2,1,21,147,61,65,25,0.7627118644067796,0.2932692307692308,0.4326923076923077
mixup_equal,43,2,1,22,147,61,66,25,0.7777777777777778,0.2932692307692308,0.4375
mixup_equal,43,2,1,23,147,61,71,25,0.8571428571428571,0.2932692307692308,0.46153846153846156
mixup_equal,43,2,1,24,147,61,70,36,1.0392156862745099,0.2932692307692308,0.5096153846153846
mixup_equal,43,2,1,25,147,61,84,34,1.3111111111111111,0.2932692307692308,0.5673076923076923
mixup_equal,43,2,2,1,148,61,75,35,1.1111111111111112,0.291866028708134,0.5263157894736842
mixup_equal,43,2,2,2,148,61,72,29,0.9351851851851852,0.291866028708134,0.48325358851674644
mixup_equal,43,2,2,3,148,61,75,28,0.9716981132075472,0.291866028708134,0.49282296650717705
mixup_equal,43,2,2,4,148,61,78,31,1.09,0.291866028708134,0.5215311004784688
mixup_equal,43,2,2,5,148,61,63,27,0.7563025210084033,0.291866028708134,0.430622009569378
mixup_equal,43,2,2,6,148,61,84,32,1.2473118279569892,0.291866028708134,0.5550239234449761
mixup_equal,43,2,2,7,148,61,69,30,0.9,0.291866028708134,0.47368421052631576
mixup_equal,43,2,2,8,148,61,78,25,0.9716981132075472,0.291866028708134,0.49282296650717705
mixup_equal,43,2,2,9,148,61,70,37,1.0490196078431373,0.291866028708134,0.5119617224880383
mixup_equal,43,2,2,10,148,61,81,31,1.1546391752577319,0.291866028708134,0.5358851674641149
mixup_equal,43,2,2,11,148,61,75,21,0.8495575221238938,0.291866028708134,0.45933014354066987
mixup_equal,43,2,2,12,148,61,77,31,1.0693069306930694,0.291866028708134,0.5167464114832536
mixup_equal,43,2,2,13,148,61,79,29,1.0693069306930694,0.291866028708134,0.5167464114832536
mixup_equal,43,2,2,14,148,61,66,35,0.9351851851851852,0.291866028708134,0.48325358851674644
mixup_equal,43,2,2,15,148,61,74,32,1.029126213592233,0.291866028708134,0.507177033492823
mixup_equal,43,2,2,16,148,61,72,24,0.8495575221238938,0.291866028708134,0.45933014354066987
mixup_equal,43,2,2,17,148,61,73,28,0.9351851851851852,0.291866028708134,0.48325358851674644
mixup_equal,43,2,2,18,148,61,83,31,1.2,0.291866028708134,0.5454545454545454
mixup_equal,43,2,2,19,148,61,76,36,1.1546391752577319,0.291866028708134,0.5358851674641149
mixup_equal,43,2,2,20,148,61,59,34,0.8017241379310345,0.291866028708134,0.4449760765550239
mixup_equal,43,2,2,21,148,61,67,26,0.8017241379310345,0.291866028708134,0.4449760765550239
mixup_equal,43,2,2,22,148,61,58,29,0.7131147540983607,0.291866028708134,0.41626794258373206
mixup_equal,43,2,2,23,148,61,80,25,1.0096153846153846,0.291866028708134,0.5023923444976076
mixup_equal,43,2,2,24,148,61,87,25,1.1546391752577319,0.291866028708134,0.5358851674641149
mixup_equal,43,3,0,1,147,61,78,30,1.08,0.2932692307692308,0.5192307692307693
mixup_equal,43,3,0,2,147,61,71,29,0.9259259259259259,0.2932692307692308,0.4807692307692308
mixup_equal,43,3,0,3,147,61,72,25,0.8738738738738738,0.2932692307692308,0.46634615384615385
mixup_equal,43,3,0,4,147,61,80,26,1.0392156862745099,0.2932692307692308,0.5096153846153846
mixup_equal,43,3,0,5,147,61,67,30,0.8738738738738738,0.2932692307692308,0.46634615384615385
mixup_equal,43,3,0,6,147,61,84,31,1.2365591397849462,0.2932692307692308,0.5528846153846154
mixup_equal,43,3,0,7,147,61,74,24,0.8909090909090909,0.2932692307692308,0.47115384615384615
mixup_equal,43,3,0,8,147,61,77,30,1.0594059405940595,0.2932692307692308,0.5144230769230769
mixup_equal,43,3,0,9,147,61,77,28,1.0194174757281553,0.2932692307692308,0.5048076923076923
mixup_equal,43,3,0,10,147,61,82,34,1.2608695652173914,0.2932692307692308,0.5576923076923077
mixup_equal,43,3,0,11,147,61,84,27,1.1443298969072164,0.2932692307692308,0.5336538461538461
mixup_equal,43,3,0,12,147,61,73,30,0.9809523809523809,0.2932692307692308,0.4951923076923077
mixup_equal,43,3,0,13,147,61,78,34,1.1666666666666667,0.2932692307692308,0.5384615384615384
mixup_equal,43,3,0,14,147,61,66,24,0.7627118644067796,0.2932692307692308,0.4326923076923077
mixup_equal,43,3,0,15,147,61,75,31,1.0392156862745099,0.2932692307692308,0.5096153846153846
mixup_equal,43,3,0,16,147,61,70,28,0.8909090909090909,0.2932692307692308,0.47115384615384615
mixup_equal,43,3,0,17,147,61,78,28,1.0392156862745099,0.2932692307692308,0.5096153846153846
mixup_equal,43,3,0,18,147,61,83,29,1.1666666666666667,0.2932692307692308,0.5384615384615384
mixup_equal,43,3,0,19,147,61,77,35,1.1666666666666667,0.2932692307692308,0.5384615384615384
mixup_equal,43,3,0,20,147,61,60,29,0.7478991596638656,0.2932692307692308,0.42788461538461536
mixup_equal,43,3,0,21,147,61,61,29,0.7627118644067796,0.2932692307692308,0.4326923076923077
mixup_equal,43,3,0,22,147,61,68,32,0.9259259259259259,0.2932692307692308,0.4807692307692308
mixup_equal,43,3,0,23,147,61,71,28,0.908256880733945,0.2932692307692308,0.47596153846153844
mixup_equal,43,3,0,24,147,61,82,37,1.3370786516853932,0.2932692307692308,0.5721153846153846
mixup_equal,43,3,0,25,147,61,71,33,1.0,0.2932692307692308,0.5
mixup_equal,43,3,0,26,147,61,75,27,0.9622641509433962,0.2932692307692308,0.49038461538461536
mixup_equal,43,3,0,27,147,61,69,24,0.808695652173913,0.2932692307692308,0.44711538461538464
mixup_equal,43,3,0,28,147,61,64,31,0.8407079646017699,0.2932692307692308,0.4567307692307692
mixup_equal,43,3,1,1,147,61,75,34,1.101010101010101,0.2932692307692308,0.5240384615384616
mixup_equal,43,3,1,2,147,61,69,28,0.8738738738738738,0.2932692307692308,0.46634615384615385
mixup_equal,43,3,1,3,147,61,79,23,0.9622641509433962,0.2932692307692308,0.49038461538461536
mixup_equal,43,3,1,4,147,61,72,29,0.9439252336448598,0.2932692307692308,0.4855769230769231
mixup_equal,43,3,1,5,147,61,63,25,0.7333333333333333,0.2932692307692308,0.4230769230769231
mixup_equal,43,3,1,6,147,61,80,33,1.1894736842105262,0.2932692307692308,0.5432692307692307
mixup_equal,43,3,1,7,147,61,82,26,1.08,0.2932692307692308,0.5192307692307693
mixup_equal,43,3,1,8,147,61,70,26,0.8571428571428571,0.2932692307692308,0.46153846153846156
mixup_equal,43,3,1,9,147,61,68,33,0.9439252336448598,0.2932692307692308,0.4855769230769231
mixup_equal,43,3,1,10,147,61,84,34,1.3111111111111111,0.2932692307692308,0.5673076923076923
mixup_equal,43,3,1,11,147,61,69,34,0.9809523809523809,0.2932692307692308,0.4951923076923077
mixup_equal,43,3,1,12,147,61,73,30,0.9809523809523809,0.2932692307692308,0.4951923076923077
mixup_equal,43,3,1,13,147,61,86,31,1.2857142857142858,0.2932692307692308,0.5625
mixup_equal,43,3,1,14,147,61,62,32,0.8245614035087719,0.2932692307692308,0.4519230769230769
mixup_equal,43,3,1,15,147,61,75,29,1.0,0.2932692307692308,0.5
mixup_equal,43,3,1,16,147,61,75,26,0.9439252336448598,0.2932692307692308,0.4855769230769231
mixup_equal,43,3,1,17,147,61,73,30,0.9809523809523809,0.2932692307692308,0.4951923076923077
mixup_equal,43,3,1,18,147,61,83,30,1.1894736842105262,0.2932692307692308,0.5432692307692307
mixup_equal,43,3,1,19,147,61,79,32,1.1443298969072164,0.2932692307692308,0.5336538461538461
mixup_equal,43,3,1,20,147,61,70,28,0.8909090909090909,0.2932692307692308,0.47115384615384615
mixup_equal,43,3,2,1,148,62,77,32,1.0792079207920793,0.29523809523809524,0.5190476190476191
mixup_equal,43,3,2,2,148,62,77,23,0.9090909090909091,0.29523809523809524,0.47619047619047616
mixup_equal,43,3,2,3,148,62,73,30,0.9626168224299065,0.29523809523809524,0.49047619047619045
mixup_equal,43,3,2,4,148,62,73,27,0.9090909090909091,0.29523809523809524,0.47619047619047616
mixup_equal,43,3,2,5,148,62,62,29,0.7647058823529411,0.29523809523809524,0.43333333333333335
mixup_equal,43,3,2,6,148,62,75,40,1.2105263157894737,0.29523809523809524,0.5476190476190477
mixup_equal,43,3,2,7,148,62,72,28,0.9090909090909091,0.29523809523809524,0.47619047619047616
mixup_equal,43,3,2,8,148,62,69,28,0.8584070796460177,0.29523809523809524,0.46190476190476193
mixup_equal,43,3,2,9,148,62,69,30,0.8918918918918919,0.29523809523809524,0.4714285714285714
mixup_equal,43,3,2,10,148,62,90,26,1.2340425531914894,0.29523809523809524,0.5523809523809524
mixup_equal,43,3,2,11,148,62,75,37,1.1428571428571428,0.29523809523809524,0.5333333333333333
mixup_equal,43,3,2,12,148,62,69,25,0.8103448275862069,0.29523809523809524,0.44761904761904764
mixup_equal,43,3,2,13,148,62,73,31,0.9811320754716981,0.29523809523809524,0.49523809523809526
mixup_equal,43,3,2,14,148,62,76,28,0.9811320754716981,0.29523809523809524,0.49523809523809526
mixup_equal,43,3,2,15,148,62,70,29,0.8918918918918919,0.29523809523809524,0.4714285714285714
mixup_equal,43,3,2,16,148,62,73,27,0.9090909090909091,0.29523809523809524,0.47619047619047616
mixup_equal,43,3,2,17,148,62,73,32,1.0,0.29523809523809524,0.5
mixup_equal,43,3,2,18,148,62,66,30,0.8421052631578947,0.29523809523809524,0.45714285714285713
mixup_equal,43,3,2,19,148,62,86,38,1.441860465116279,0.29523809523809524,0.5904761904761905
mixup_equal,43,3,2,20,148,62,77,32,1.0792079207920793,0.29523809523809524,0.5190476190476191
mixup_equal,43,4,0,1,147,61,68,31,0.908256880733945,0.2932692307692308,0.47596153846153844
mixup_equal,43,4,0,2,147,61,73,25,0.8909090909090909,0.2932692307692308,0.47115384615384615
mixup_equal,43,4,0,3,147,61,78,33,1.1443298969072164,0.2932692307692308,0.5336538461538461
mixup_equal,43,4,0,4,147,61,73,29,0.9622641509433962,0.2932692307692308,0.49038461538461536
mixup_equal,43,4,0,5,147,61,61,27,0.7333333333333333,0.2932692307692308,0.4230769230769231
mixup_equal,43,4,0,6,147,61,81,31,1.1666666666666667,0.2932692307692308,0.5384615384615384
mixup_equal,43,4,0,7,147,61,71,29,0.9259259259259259,0.2932692307692308,0.4807692307692308
mixup_equal,43,4,0,8,147,61,74,27,0.9439252336448598,0.2932692307692308,0.4855769230769231
mixup_equal,43,4,0,9,147,61,63,33,0.8571428571428571,0.2932692307692308,0.46153846153846156
mixup_equal,43,4,0,10,147,61,70,31,0.9439252336448598,0.2932692307692308,0.4855769230769231
mixup_equal,43,4,0,11,147,61,83,31,1.2127659574468086,0.2932692307692308,0.5480769230769231
mixup_equal,43,4,0,12,147,61,70,29,0.908256880733945,0.2932692307692308,0.47596153846153844
mixup_equal,43,4,0,13,147,61,83,33,1.2608695652173914,0.2932692307692308,0.5576923076923077
mixup_equal,43,4,0,14,147,61,70,24,0.8245614035087719,0.2932692307692308,0.4519230769230769
mixup_equal,43,4,0,15,147,61,65,30,0.8407079646017699,0.2932692307692308,0.4567307692307692
mixup_equal,43,4,0,16,147,61,72,33,1.0194174757281553,0.2932692307692308,0.5048076923076923
mixup_equal,43,4,0,17,147,61,73,30,0.9809523809523809,0.2932692307692308,0.4951923076923077
mixup_equal,43,4,0,18,147,61,75,33,1.08,0.2932692307692308,0.5192307692307693
mixup_equal,43,4,0,19,147,61,79,34,1.1894736842105262,0.2932692307692308,0.5432692307692307
mixup_equal,43,4,0,20,147,61,71,30,0.9439252336448598,0.2932692307692308,0.4855769230769231
mixup_equal,43,4,0,21,147,61,68,26,0.8245614035087719,0.2932692307692308,0.4519230769230769
mixup_equal,43,4,0,22,147,61,65,28,0.808695652173913,0.2932692307692308,0.44711538461538464
mixup_equal,43,4,0,23,147,61,70,21,0.7777777777777778,0.2932692307692308,0.4375
mixup_equal,43,4,0,24,147,61,72,30,0.9622641509433962,0.2932692307692308,0.49038461538461536
mixup_equal,43,4,0,25,147,61,77,36,1.1894736842105262,0.2932692307692308,0.5432692307692307
mixup_equal,43,4,0,26,147,61,67,32,0.908256880733945,0.2932692307692308,0.47596153846153844
mixup_equal,43,4,0,27,147,61,65,29,0.8245614035087719,0.2932692307692308,0.4519230769230769
mixup_equal,43,4,0,28,147,61,77,33,1.1224489795918366,0.2932692307692308,0.5288461538461539
mixup_equal,43,4,0,29,147,61,71,30,0.9439252336448598,0.2932692307692308,0.4855769230769231
mixup_equal,43,4,0,30,147,61,78,29,1.0594059405940595,0.2932692307692308,0.5144230769230769
mixup_equal,43,4,1,1,147,61,73,35,1.08,0.2932692307692308,0.5192307692307693
mixup_equal,43,4,1,2,147,61,73,27,0.9259259259259259,0.2932692307692308,0.4807692307692308
mixup_equal,43,4,1,3,147,61,75,29,1.0,0.2932692307692308,0.5
mixup_equal,43,4,1,4,147,61,71,28,0.908256880733945,0.2932692307692308,0.47596153846153844
mixup_equal,43,4,1,5,147,61,66,26,0.7931034482758621,0.2932692307692308,0.4423076923076923
mixup_equal,43,4,1,6,147,61,76,38,1.2127659574468086,0.2932692307692308,0.5480769230769231
mixup_equal,43,4,1,7,147,61,65,35,0.9259259259259259,0.2932692307692308,0.4807692307692308
mixup_equal,43,4,1,8,147,61,67,28,0.8407079646017699,0.2932692307692308,0.4567307692307692
mixup_equal,43,4,1,9,147,61,77,32,1.101010101010101,0.2932692307692308,0.5240384615384616
mixup_equal,43,4,1,10,147,61,81,32,1.1894736842105262,0.2932692307692308,0.5432692307692307
mixup_equal,43,4,1,11,147,61,68,35,0.9809523809523809,0.2932692307692308,0.4951923076923077
mixup_equal,43,4,1,12,147,61,75,28,0.9809523809523809,0.2932692307692308,0.4951923076923077
mixup_equal,43,4,1,13,147,61,85,30,1.2365591397849462,0.2932692307692308,0.5528846153846154
mixup_equal,43,4,1,14,147,61,66,28,0.8245614035087719,0.2932692307692308,0.4519230769230769
mixup_equal,43,4,1,15,147,61,77,30,1.0594059405940595,0.2932692307692308,0.5144230769230769
mixup_equal,43,4,1,16,147,61,71,28,0.908256880733945,0.2932692307692308,0.47596153846153844
mixup_equal,43,4,1,17,147,61,72,32,1.0,0.2932692307692308,0.5
mixup_equal,43,4,1,18,147,61,75,33,1.08,0.2932692307692308,0.5192307692307693
mixup_equal,43,4,1,19,147,61,78,28,1.0392156862745099,0.2932692307692308,0.5096153846153846
mixup_equal,43,4,1,20,147,61,72,28,0.9259259259259259,0.2932692307692308,0.4807692307692308
mixup_equal,43,4,1,21,147,61,70,31,0.9439252336448598,0.2932692307692308,0.4855769230769231
mixup_equal,43,4,1,22,147,61,60,27,0.71900826446281,0.2932692307692308,0.4182692307692308
mixup_equal,43,4,1,23,147,61,68,26,0.8245614035087719,0.2932692307692308,0.4519230769230769
mixup_equal,43,4,1,24,147,61,84,25,1.101010101010101,0.2932692307692308,0.5240384615384616
mixup_equal,43,4,2,1,148,62,78,30,1.0588235294117647,0.29523809523809524,0.5142857142857142
mixup_equal,43,4,2,2,148,62,73,31,0.9811320754716981,0.29523809523809524,0.49523809523809526
mixup_equal,43,4,2,3,148,62,75,29,0.9811320754716981,0.29523809523809524,0.49523809523809526
mixup_equal,43,4,2,4,148,62,72,32,0.9811320754716981,0.29523809523809524,0.49523809523809526
mixup_equal,43,4,2,5,148,62,61,34,0.8260869565217391,0.29523809523809524,0.4523809523809524
mixup_equal,43,4,2,6,148,62,83,33,1.2340425531914894,0.29523809523809524,0.5523809523809524
mixup_equal,43,4,2,7,148,62,69,29,0.875,0.29523809523809524,0.4666666666666667
mixup_equal,43,4,2,8,148,62,75,29,0.9811320754716981,0.29523809523809524,0.49523809523809526
mixup_equal,43,4,2,9,148,62,77,31,1.0588235294117647,0.29523809523809524,0.5142857142857142
mixup_equal,43,4,2,10,148,62,86,33,1.3076923076923077,0.29523809523809524,0.5666666666666667
mixup_equal,43,4,2,11,148,62,79,32,1.121212121212121,0.29523809523809524,0.5285714285714286
mixup_equal,43,4,2,12,148,62,75,29,0.9811320754716981,0.29523809523809524,0.49523809523809526
mixup_equal,43,4,2,13,148,62,73,34,1.0388349514563107,0.29523809523809524,0.5095238095238095
mixup_equal,43,4,2,14,148,62,77,27,0.9811320754716981,0.29523809523809524,0.49523809523809526
mixup_equal,43,4,2,15,148,62,69,30,0.8918918918918919,0.29523809523809524,0.4714285714285714
mixup_equal,43,4,2,16,148,62,75,23,0.875,0.29523809523809524,0.4666666666666667
mixup_equal,43,4,2,17,148,62,73,27,0.9090909090909091,0.29523809523809524,0.47619047619047616
mixup_equal,43,4,2,18,148,62,64,33,0.8584070796460177,0.29523809523809524,0.46190476190476193
mixup_equal,43,4,2,19,148,62,81,32,1.1649484536082475,0.29523809523809524,0.5380952380952381
mixup_equal,43,4,2,20,148,62,69,29,0.875,0.29523809523809524,0.4666666666666667
mixup_equal,44,0,0,1,146,59,77,27,1.0297029702970297,0.28780487804878047,0.5073170731707317
mixup_equal,44,0,0,2,146,59,81,24,1.05,0.28780487804878047,0.5121951219512195
mixup_equal,44,0,0,3,146,59,68,29,0.8981481481481481,0.28780487804878047,0.47317073170731705
mixup_equal,44,0,0,4,146,59,71,25,0.8807339449541285,0.28780487804878047,0.4682926829268293
mixup_equal,44,0,0,5,146,59,71,19,0.782608695652174,0.28780487804878047,0.43902439024390244
mixup_equal,44,0,0,6,146,59,61,30,0.7982456140350878,0.28780487804878047,0.44390243902439025
mixup_equal,44,0,0,7,146,59,72,18,0.782608695652174,0.28780487804878047,0.43902439024390244
mixup_equal,44,0,0,8,146,59,70,26,0.8807339449541285,0.28780487804878047,0.4682926829268293
mixup_equal,44,0,0,9,146,59,73,26,0.9339622641509434,0.28780487804878047,0.48292682926829267
mixup_equal,44,0,0,10,146,59,65,29,0.8468468468468469,0.28780487804878047,0.4585365853658537
mixup_equal,44,0,0,11,146,59,73,29,0.9902912621359223,0.28780487804878047,0.4975609756097561
mixup_equal,44,0,0,12,146,59,60,30,0.782608695652174,0.28780487804878047,0.43902439024390244
mixup_equal,44,0,0,13,146,59,64,28,0.8141592920353983,0.28780487804878047,0.44878048780487806
mixup_equal,44,0,0,14,146,59,91,27,1.3563218390804597,0.28780487804878047,0.5756097560975609
mixup_equal,44,0,0,15,146,59,74,20,0.8468468468468469,0.28780487804878047,0.4585365853658537
mixup_equal,44,0,0,16,146,59,83,27,1.1578947368421053,0.28780487804878047,0.5365853658536586
mixup_equal,44,0,0,17,146,59,68,28,0.8807339449541285,0.28780487804878047,0.4682926829268293
mixup_equal,44,0,0,18,146,59,83,30,1.2282608695652173,0.28780487804878047,0.551219512195122
mixup_equal,44,0,0,19,146,59,74,27,0.9711538461538461,0.28780487804878047,0.4926829268292683
mixup_equal,44,0,0,20,146,59,76,22,0.9158878504672897,0.28780487804878047,0.47804878048780486
mixup_equal,44,0,0,21,146,59,78,34,1.2043010752688172,0.28780487804878047,0.5463414634146342
mixup_equal,44,0,0,22,146,59,64,30,0.8468468468468469,0.28780487804878047,0.4585365853658537
mixup_equal,44,0,0,23,146,59,65,24,0.7672413793103449,0.28780487804878047,0.43414634146341463
mixup_equal,44,0,0,24,146,59,73,32,1.05,0.28780487804878047,0.5121951219512195
mixup_equal,44,0,1,1,147,60,78,26,1.0097087378640777,0.2898550724637681,0.5024154589371981
mixup_equal,44,0,1,2,147,60,72,28,0.9345794392523364,0.2898550724637681,0.4830917874396135
mixup_equal,44,0,1,3,147,60,74,30,1.0097087378640777,0.2898550724637681,0.5024154589371981
mixup_equal,44,0,1,4,147,60,68,21,0.7542372881355932,0.2898550724637681,0.42995169082125606
mixup_equal,44,0,1,5,147,60,63,27,0.7692307692307693,0.2898550724637681,0.43478260869565216
mixup_equal,44,0,1,6,147,60,74,32,1.0495049504950495,0.2898550724637681,0.5120772946859904
mixup_equal,44,0,1,7,147,60,77,27,1.0097087378640777,0.2898550724637681,0.5024154589371981
mixup_equal,44,0,1,8,147,60,53,31,0.6829268292682927,0.2898550724637681,0.4057971014492754
mixup_equal,44,0,1,9,147,60,66,37,0.9903846153846154,0.2898550724637681,0.4975845410628019
mixup_equal,44,0,1,10,147,60,62,32,0.831858407079646,0.2898550724637681,0.45410628019323673
mixup_equal,44,0,1,11,147,60,78,33,1.15625,0.2898550724637681,0.5362318840579711
mixup_equal,44,0,1,12,147,60,72,28,0.9345794392523364,0.2898550724637681,0.4830917874396135
mixup_equal,44,0,1,13,147,60,74,23,0.8818181818181818,0.2898550724637681,0.46859903381642515
mixup_equal,44,0,1,14,147,60,84,31,1.25,0.2898550724637681,0.5555555555555556
mixup_equal,44,0,1,15,147,60,75,36,1.15625,0.2898550724637681,0.5362318840579711
mixup_equal,44,0,1,16,147,60,75,32,1.07,0.2898550724637681,0.5169082125603864
mixup_equal,44,0,1,17,147,60,79,27,1.0495049504950495,0.2898550724637681,0.5120772946859904
mixup_equal,44,0,1,18,147,60,81,27,1.0909090909090908,0.2898550724637681,0.5217391304347826
mixup_equal,44,0,1,19,147,60,76,29,1.0294117647058822,0.2898550724637681,0.5072463768115942
mixup_equal,44,0,1,20,147,60,72,34,1.0495049504950495,0.2898550724637681,0.5120772946859904
mixup_equal,44,0,1,21,147,60,79,34,1.202127659574468,0.2898550724637681,0.5458937198067633
mixup_equal,44,0,1,22,147,60,74,27,0.9528301886792453,0.2898550724637681,0.48792270531400966
mixup_equal,44,0,2,1,147,61,71,33,1.0,0.2932692307692308,0.5
mixup_equal,44,0,2,2,147,61,73,31,1.0,0.2932692307692308,0.5
mixup_equal,44,0,2,3,147,61,62,40,0.9622641509433962,0.2932692307692308,0.49038461538461536
mixup_equal,44,0,2,4,147,61,72,26,0.8909090909090909,0.2932692307692308,0.47115384615384615
mixup_equal,44,0,2,5,147,61,62,28,0.7627118644067796,0.2932692307692308,0.4326923076923077
mixup_equal,44,0,2,6,147,61,76,29,1.0194174757281553,0.2932692307692308,0.5048076923076923
mixup_equal,44,0,2,7,147,61,70,30,0.9259259259259259,0.2932692307692308,0.4807692307692308
mixup_equal,44,0,2,8,147,61,68,27,0.8407079646017699,0.2932692307692308,0.4567307692307692
mixup_equal,44,0,2,9,147,61,73,37,1.1224489795918366,0.2932692307692308,0.5288461538461539
mixup_equal,44,0,2,10,147,61,72,25,0.8738738738738738,0.2932692307692308,0.46634615384615385
mixup_equal,44,0,2,11,147,61,75,35,1.1224489795918366,0.2932692307692308,0.5288461538461539
mixup_equal,44,0,2,12,147,61,73,33,1.0392156862745099,0.2932692307692308,0.5096153846153846
mixup_equal,44,0,2,13,147,61,77,30,1.0594059405940595,0.2932692307692308,0.5144230769230769
mixup_equal,44,0,2,14,147,61,75,30,1.0194174757281553,0.2932692307692308,0.5048076923076923
mixup_equal,44,0,2,15,147,61,86,33,1.3370786516853932,0.2932692307692308,0.5721153846153846
mixup_equal,44,0,2,16,147,61,67,34,0.9439252336448598,0.2932692307692308,0.4855769230769231
mixup_equal,44,0,2,17,147,61,74,32,1.0392156862745099,0.2932692307692308,0.5096153846153846
mixup_equal,44,0,2,18,147,61,84,32,1.2608695652173914,0.2932692307692308,0.5576923076923077
mixup_equal,44,0,2,19,147,61,78,30,1.08,0.2932692307692308,0.5192307692307693
mixup_equal,44,0,2,20,147,61,76,31,1.0594059405940595,0.2932692307692308,0.5144230769230769
mixup_equal,44,1,0,1,147,60,72,32,1.0097087378640777,0.2898550724637681,0.5024154589371981
mixup_equal,44,1,0,2,147,60,78,28,1.0495049504950495,0.2898550724637681,0.5120772946859904
mixup_equal,44,1,0,3,147,60,68,31,0.9166666666666666,0.2898550724637681,0.4782608695652174
mixup_equal,44,1,0,4,147,60,69,28,0.8818181818181818,0.2898550724637681,0.46859903381642515
mixup_equal,44,1,0,5,147,60,63,28,0.7844827586206896,0.2898550724637681,0.4396135265700483
mixup_equal,44,1,0,6,147,60,74,33,1.07,0.2898550724637681,0.5169082125603864
mixup_equal,44,1,0,7,147,60,74,23,0.8818181818181818,0.2898550724637681,0.46859903381642515
mixup_equal,44,1,0,8,147,60,72,17,0.7542372881355932,0.2898550724637681,0.42995169082125606
mixup_equal,44,1,0,9,147,60,74,27,0.9528301886792453,0.2898550724637681,0.48792270531400966
mixup_equal,44,1,0,10,147,60,66,30,0.8648648648648649,0.2898550724637681,0.463768115942029
mixup_equal,44,1,0,11,147,60,84,28,1.1789473684210525,0.2898550724637681,0.5410628019323671
mixup_equal,44,1,0,12,147,60,71,25,0.8648648648648649,0.2898550724637681,0.463768115942029
mixup_equal,44,1,0,13,147,60,64,28,0.8,0.2898550724637681,0.4444444444444444
mixup_equal,44,1,0,14,147,60,75,28,0.9903846153846154,0.2898550724637681,0.4975845410628019
mixup_equal,44,1,0,15,147,60,73,27,0.9345794392523364,0.2898550724637681,0.4830917874396135
mixup_equal,44,1,0,16,147,60,72,32,1.0097087378640777,0.2898550724637681,0.5024154589371981
mixup_equal,44,1,0,17,147,60,73,29,0.9714285714285714,0.2898550724637681,0.4927536231884058
mixup_equal,44,1,0,18,147,60,89,38,1.5875,0.2898550724637681,0.6135265700483091
mixup_equal,44,1,0,19,147,60,77,29,1.0495049504950495,0.2898550724637681,0.5120772946859904
mixup_equal,44,1,0,20,147,60,72,34,1.0495049504950495,0.2898550724637681,0.5120772946859904
mixup_equal,44,1,0,21,147,60,78,34,1.1789473684210525,0.2898550724637681,0.5410628019323671
mixup_equal,44,1,0,22,147,60,71,30,0.9528301886792453,0.2898550724637681,0.48792270531400966
mixup_equal,44,1,0,23,147,60,73,31,1.0097087378640777,0.2898550724637681,0.5024154589371981
mixup_equal,44,1,1,1,147,61,72,32,1.0,0.2932692307692308,0.5
mixup_equal,44,1,1,2,147,61,77,24,0.9439252336448598,0.2932692307692308,0.4855769230769231
mixup_equal,44,1,1,3,147,61,76,29,1.0194174757281553,0.2932692307692308,0.5048076923076923
mixup_equal,44,1,1,4,147,61,62,27,0.7478991596638656,0.2932692307692308,0.42788461538461536
mixup_equal,44,1,1,5,147,61,65,26,0.7777777777777778,0.2932692307692308,0.4375
mixup_equal,44,1,1,6,147,61,76,28,1.0,0.2932692307692308,0.5
mixup_equal,44,1,1,7,147,61,72,37,1.101010101010101,0.2932692307692308,0.5240384615384616
mixup_equal,44,1,1,8,147,61,59,29,0.7333333333333333,0.2932692307692308,0.4230769230769231
mixup_equal,44,1,1,9,147,61,74,31,1.0194174757281553,0.2932692307692308,0.5048076923076923
mixup_equal,44,1,1,10,147,61,69,30,0.908256880733945,0.2932692307692308,0.47596153846153844
mixup_equal,44,1,1,11,147,61,79,34,1.1894736842105262,0.2932692307692308,0.5432692307692307
mixup_equal,44,1,1,12,147,61,66,31,0.8738738738738738,0.2932692307692308,0.46634615384615385
mixup_equal,44,1,1,13,147,61,68,33,0.9439252336448598,0.2932692307692308,0.4855769230769231
mixup_equal,44,1,1,14,147,61,80,29,1.101010101010101,0.2932692307692308,0.5240384615384616
mixup_equal,44,1,1,15,147,61,89,31,1.3636363636363635,0.2932692307692308,0.5769230769230769
mixup_equal,44,1,1,16,147,61,65,31,0.8571428571428571,0.2932692307692308,0.46153846153846156
mixup_equal,44,1,1,17,147,61,87,23,1.1224489795918366,0.2932692307692308,0.5288461538461539
mixup_equal,44,1,1,18,147,61,69,40,1.101010101010101,0.2932692307692308,0.5240384615384616
mixup_equal,44,1,1,19,147,61,73,30,0.9809523809523809,0.2932692307692308,0.4951923076923077
mixup_equal,44,1,1,20,147,61,78,36,1.2127659574468086,0.2932692307692308,0.5480769230769231
mixup_equal,44,1,1,21,147,61,78,31,1.101010101010101,0.2932692307692308,0.5240384615384616
mixup_equal,44,1,1,22,147,61,71,31,0.9622641509433962,0.2932692307692308,0.49038461538461536
mixup_equal,44,1,1,23,147,61,69,32,0.9439252336448598,0.2932692307692308,0.4855769230769231
mixup_equal,44,1,1,24,147,61,76,31,1.0594059405940595,0.2932692307692308,0.5144230769230769
mixup_equal,44,1,1,25,147,61,75,29,1.0,0.2932692307692308,0.5
mixup_equal,44,1,1,26,147,61,73,29,0.9622641509433962,0.2932692307692308,0.49038461538461536
mixup_equal,44,1,2,1,148,61,74,30,0.9904761904761905,0.291866028708134,0.49760765550239233
mixup_equal,44,1,2,2,148,61,75,32,1.0490196078431373,0.291866028708134,0.5119617224880383
mixup_equal,44,1,2,3,148,61,72,29,0.9351851851851852,0.291866028708134,0.48325358851674644
mixup_equal,44,1,2,4,148,61,69,26,0.8333333333333334,0.291866028708134,0.45454545454545453
mixup_equal,44,1,2,5,148,61,71,23,0.8173913043478261,0.291866028708134,0.44976076555023925
mixup_equal,44,1,2,6,148,61,76,33,1.09,0.291866028708134,0.5215311004784688
mixup_equal,44,1,2,7,148,61,73,27,0.9174311926605505,0.291866028708134,0.4784688995215311
mixup_equal,44,1,2,8,148,61,66,24,0.7563025210084033,0.291866028708134,0.430622009569378
mixup_equal,44,1,2,9,148,61,74,31,1.0096153846153846,0.291866028708134,0.5023923444976076
mixup_equal,44,1,2,10,148,61,65,27,0.7863247863247863,0.291866028708134,0.44019138755980863
mixup_equal,44,1,2,11,148,61,82,25,1.0490196078431373,0.291866028708134,0.5119617224880383
mixup_equal,44,1,2,12,148,61,79,21,0.9174311926605505,0.291866028708134,0.4784688995215311
mixup_equal,44,1,2,13,148,61,78,30,1.0693069306930694,0.291866028708134,0.5167464114832536
mixup_equal,44,1,2,14,148,61,73,32,1.0096153846153846,0.291866028708134,0.5023923444976076
mixup_equal,44,1,2,15,148,61,79,35,1.2,0.291866028708134,0.5454545454545454
mixup_equal,44,1,2,16,148,61,74,28,0.9532710280373832,0.291866028708134,0.4880382775119617
mixup_equal,44,1,2,17,148,61,72,34,1.029126213592233,0.291866028708134,0.507177033492823
mixup_equal,44,1,2,18,148,61,72,27,0.9,0.291866028708134,0.47368421052631576
mixup_equal,44,1,2,19,148,61,79,30,1.09,0.291866028708134,0.5215311004784688
mixup_equal,44,1,2,20,148,61,76,34,1.1111111111111112,0.291866028708134,0.5263157894736842
mixup_equal,44,1,2,21,148,61,79,30,1.09,0.291866028708134,0.5215311004784688
mixup_equal,44,1,2,22,148,61,66,36,0.9532710280373832,0.291866028708134,0.4880382775119617
mixup_equal,44,2,0,1,147,60,75,29,1.0097087378640777,0.2898550724637681,0.5024154589371981
mixup_equal,44,2,0,2,147,60,70,32,0.9714285714285714,0.2898550724637681,0.4927536231884058
mixup_equal,44,2,0,3,147,60,74,31,1.0294117647058822,0.2898550724637681,0.5072463768115942
mixup_equal,44,2,0,4,147,60,68,27,0.8482142857142857,0.2898550724637681,0.45893719806763283
mixup_equal,44,2,0,5,147,60,62,29,0.7844827586206896,0.2898550724637681,0.4396135265700483
mixup_equal,44,2,0,6,147,60,82,30,1.1789473684210525,0.2898550724637681,0.5410628019323671
mixup_equal,44,2,0,7,147,60,67,28,0.8482142857142857,0.2898550724637681,0.45893719806763283
mixup_equal,44,2,0,8,147,60,68,24,0.8,0.2898550724637681,0.4444444444444444
mixup_equal,44,2,0,9,147,60,72,31,0.9903846153846154,0.2898550724637681,0.4975845410628019
mixup_equal,44,2,0,10,147,60,77,24,0.9528301886792453,0.2898550724637681,0.48792270531400966
mixup_equal,44,2,0,11,147,60,80,27,1.07,0.2898550724637681,0.5169082125603864
mixup_equal,44,2,0,12,147,60,75,34,1.1122448979591837,0.2898550724637681,0.5265700483091788
mixup_equal,44,2,0,13,147,60,77,25,0.9714285714285714,0.2898550724637681,0.4927536231884058
mixup_equal,44,2,0,14,147,60,80,30,1.134020618556701,0.2898550724637681,0.5314009661835749
mixup_equal,44,2,0,15,147,60,78,35,1.202127659574468,0.2898550724637681,0.5458937198067633
mixup_equal,44,2,0,16,147,60,75,28,0.9903846153846154,0.2898550724637681,0.4975845410628019
mixup_equal,44,2,0,17,147,60,71,32,0.9903846153846154,0.2898550724637681,0.4975845410628019
mixup_equal,44,2,0,18,147,60,74,33,1.07,0.2898550724637681,0.5169082125603864
mixup_equal,44,2,0,19,147,60,76,32,1.0909090909090908,0.2898550724637681,0.5217391304347826
mixup_equal,44,2,0,20,147,60,74,35,1.1122448979591837,0.2898550724637681,0.5265700483091788
mixup_equal,44,2,0,21,147,60,70,27,0.8818181818181818,0.2898550724637681,0.46859903381642515
mixup_equal,44,2,0,22,147,60,70,27,0.8818181818181818,0.2898550724637681,0.46859903381642515
mixup_equal,44,2,0,23,147,60,74,27,0.9528301886792453,0.2898550724637681,0.48792270531400966
mixup_equal,44,2,0,24,147,60,72,32,1.0097087378640777,0.2898550724637681,0.5024154589371981
mixup_equal,44,2,0,25,147,60,73,30,0.9903846153846154,0.2898550724637681,0.4975845410628019
mixup_equal,44,2,0,26,147,60,72,23,0.8482142857142857,0.2898550724637681,0.45893719806763283
mixup_equal,44,2,0,27,147,60,76,31,1.07,0.2898550724637681,0.5169082125603864
mixup_equal,44,2,1,1,147,61,71,28,0.908256880733945,0.2932692307692308,0.47596153846153844
mixup_equal,44,2,1,2,147,61,80,22,0.9622641509433962,0.2932692307692308,0.49038461538461536
mixup_equal,44,2,1,3,147,61,72,30,0.9622641509433962,0.2932692307692308,0.49038461538461536
mixup_equal,44,2,1,4,147,61,64,27,0.7777777777777778,0.2932692307692308,0.4375
mixup_equal,44,2,1,5,147,61,66,26,0.7931034482758621,0.2932692307692308,0.4423076923076923
mixup_equal,44,2,1,6,147,61,76,32,1.08,0.2932692307692308,0.5192307692307693
mixup_equal,44,2,1,7,147,61,78,29,1.0594059405940595,0.2932692307692308,0.5144230769230769
mixup_equal,44,2,1,8,147,61,59,24,0.664,0.2932692307692308,0.39903846153846156
mixup_equal,44,2,1,9,147,61,70,27,0.8738738738738738,0.2932692307692308,0.46634615384615385
mixup_equal,44,2,1,10,147,61,73,25,0.8909090909090909,0.2932692307692308,0.47115384615384615
mixup_equal,44,2,1,11,147,61,73,29,0.9622641509433962,0.2932692307692308,0.49038461538461536
mixup_equal,44,2,1,12,147,61,86,23,1.101010101010101,0.2932692307692308,0.5240384615384616
mixup_equal,44,2,1,13,147,61,77,28,1.0194174757281553,0.2932692307692308,0.5048076923076923
mixup_equal,44,2,1,14,147,61,74,30,1.0,0.2932692307692308,0.5
mixup_equal,44,2,1,15,147,61,86,36,1.4186046511627908,0.2932692307692308,0.5865384615384616
mixup_equal,44,2,1,16,147,61,70,28,0.8909090909090909,0.2932692307692308,0.47115384615384615
mixup_equal,44,2,1,17,147,61,69,34,0.9809523809523809,0.2932692307692308,0.4951923076923077
mixup_equal,44,2,1,18,147,61,66,29,0.8407079646017699,0.2932692307692308,0.4567307692307692
mixup_equal,44,2,2,1,148,61,69,35,0.9904761904761905,0.291866028708134,0.49760765550239233
mixup_equal,44,2,2,2,148,61,72,28,0.9174311926605505,0.291866028708134,0.4784688995215311
mixup_equal,44,2,2,3,148,61,74,32,1.029126213592233,0.291866028708134,0.507177033492823
mixup_equal,44,2,2,4,148,61,59,30,0.7416666666666667,0.291866028708134,0.4258373205741627
mixup_equal,44,2,2,5,148,61,70,24,0.8173913043478261,0.291866028708134,0.44976076555023925
mixup_equal,44,2,2,6,148,61,64,28,0.7863247863247863,0.291866028708134,0.44019138755980863
mixup_equal,44,2,2,7,148,61,66,23,0.7416666666666667,0.291866028708134,0.4258373205741627
mixup_equal,44,2,2,8,148,61,59,30,0.7416666666666667,0.291866028708134,0.4258373205741627
mixup_equal,44,2,2,9,148,61,75,27,0.9532710280373832,0.291866028708134,0.4880382775119617
mixup_equal,44,2,2,10,148,61,68,30,0.8828828828828829,0.291866028708134,0.4688995215311005
mixup_equal,44,2,2,11,148,61,69,36,1.0096153846153846,0.291866028708134,0.5023923444976076
mixup_equal,44,2,2,12,148,61,71,32,0.9716981132075472,0.291866028708134,0.49282296650717705
mixup_equal,44,2,2,13,148,61,73,28,0.9351851851851852,0.291866028708134,0.48325358851674644
mixup_equal,44,2,2,14,148,61,89,26,1.2234042553191489,0.291866028708134,0.5502392344497608
mixup_equal,44,2,2,15,148,61,70,34,0.9904761904761905,0.291866028708134,0.49760765550239233
mixup_equal,44,2,2,16,148,61,73,31,0.9904761904761905,0.291866028708134,0.49760765550239233
mixup_equal,44,2,2,17,148,61,77,23,0.9174311926605505,0.291866028708134,0.4784688995215311
mixup_equal,44,2,2,18,148,61,86,35,1.375,0.291866028708134,0.5789473684210527
mixup_equal,44,3,0,1,147,61,80,24,1.0,0.2932692307692308,0.5
mixup_equal,44,3,0,2,147,61,75,30,1.0194174757281553,0.2932692307692308,0.5048076923076923
mixup_equal,44,3,0,3,147,61,78,27,1.0194174757281553,0.2932692307692308,0.5048076923076923
mixup_equal,44,3,0,4,147,61,73,20,0.808695652173913,0.2932692307692308,0.44711538461538464
mixup_equal,44,3,0,5,147,61,58,31,0.7478991596638656,0.2932692307692308,0.42788461538461536
mixup_equal,44,3,0,6,147,61,75,29,1.0,0.2932692307692308,0.5
mixup_equal,44,3,0,7,147,61,60,33,0.808695652173913,0.2932692307692308,0.44711538461538464
mixup_equal,44,3,0,8,147,61,65,27,0.7931034482758621,0.2932692307692308,0.4423076923076923
mixup_equal,44,3,0,9,147,61,76,30,1.0392156862745099,0.2932692307692308,0.5096153846153846
mixup_equal,44,3,0,10,147,61,68,24,0.7931034482758621,0.2932692307692308,0.4423076923076923
mixup_equal,44,3,0,11,147,61,73,36,1.101010101010101,0.2932692307692308,0.5240384615384616
mixup_equal,44,3,0,12,147,61,70,27,0.8738738738738738,0.2932692307692308,0.46634615384615385
mixup_equal,44,3,0,13,147,61,72,27,0.908256880733945,0.2932692307692308,0.47596153846153844
mixup_equal,44,3,0,14,147,61,75,37,1.1666666666666667,0.2932692307692308,0.5384615384615384
mixup_equal,44,3,0,15,147,61,81,32,1.1894736842105262,0.2932692307692308,0.5432692307692307
mixup_equal,44,3,0,16,147,61,71,33,1.0,0.2932692307692308,0.5
mixup_equal,44,3,0,17,147,61,76,26,0.9622641509433962,0.2932692307692308,0.49038461538461536
mixup_equal,44,3,0,18,147,61,78,33,1.1443298969072164,0.2932692307692308,0.5336538461538461
mixup_equal,44,3,0,19,147,61,77,26,0.9809523809523809,0.2932692307692308,0.4951923076923077
mixup_equal,44,3,0,20,147,61,84,31,1.2365591397849462,0.2932692307692308,0.5528846153846154
mixup_equal,44,3,0,21,147,61,81,28,1.101010101010101,0.2932692307692308,0.5240384615384616
mixup_equal,44,3,0,22,147,61,77,23,0.9259259259259259,0.2932692307692308,0.4807692307692308
mixup_equal,44,3,0,23,147,61,67,36,0.9809523809523809,0.2932692307692308,0.4951923076923077
mixup_equal,44,3,0,24,147,61,73,32,1.0194174757281553,0.2932692307692308,0.5048076923076923
mixup_equal,44,3,1,1,147,61,77,27,1.0,0.2932692307692308,0.5
mixup_equal,44,3,1,2,147,61,86,22,1.08,0.2932692307692308,0.5192307692307693
mixup_equal,44,3,1,3,147,61,72,28,0.9259259259259259,0.2932692307692308,0.4807692307692308
mixup_equal,44,3,1,4,147,61,61,31,0.7931034482758621,0.2932692307692308,0.4423076923076923
mixup_equal,44,3,1,5,147,61,63,28,0.7777777777777778,0.2932692307692308,0.4375
mixup_equal,44,3,1,6,147,61,78,35,1.1894736842105262,0.2932692307692308,0.5432692307692307
mixup_equal,44,3,1,7,147,61,73,27,0.9259259259259259,0.2932692307692308,0.4807692307692308
mixup_equal,44,3,1,8,147,61,65,24,0.7478991596638656,0.2932692307692308,0.42788461538461536
mixup_equal,44,3,1,9,147,61,78,28,1.0392156862745099,0.2932692307692308,0.5096153846153846
mixup_equal,44,3,1,10,147,61,72,30,0.9622641509433962,0.2932692307692308,0.49038461538461536
mixup_equal,44,3,1,11,147,61,81,28,1.101010101010101,0.2932692307692308,0.5240384615384616
mixup_equal,44,3,1,12,147,61,66,29,0.8407079646017699,0.2932692307692308,0.4567307692307692
mixup_equal,44,3,1,13,147,61,76,31,1.0594059405940595,0.2932692307692308,0.5144230769230769
mixup_equal,44,3,1,14,147,61,68,29,0.8738738738738738,0.2932692307692308,0.46634615384615385
mixup_equal,44,3,1,15,147,61,81,37,1.3111111111111111,0.2932692307692308,0.5673076923076923
mixup_equal,44,3,1,16,147,61,71,31,0.9622641509433962,0.2932692307692308,0.49038461538461536
mixup_equal,44,3,1,17,147,61,81,24,1.0194174757281553,0.2932692307692308,0.5048076923076923
mixup_equal,44,3,1,18,147,61,66,30,0.8571428571428571,0.2932692307692308,0.46153846153846156
mixup_equal,44,3,1,19,147,61,72,33,1.0194174757281553,0.2932692307692308,0.5048076923076923
mixup_equal,44,3,1,20,147,61,76,31,1.0594059405940595,0.2932692307692308,0.5144230769230769
mixup_equal,44,3,2,1,148,62,71,34,1.0,0.29523809523809524,0.5
mixup_equal,44,3,2,2,148,62,77,29,1.0192307692307692,0.29523809523809524,0.5047619047619047
mixup_equal,44,3,2,3,148,62,68,30,0.875,0.29523809523809524,0.4666666666666667
mixup_equal,44,3,2,4,148,62,67,26,0.7948717948717948,0.29523809523809524,0.44285714285714284
mixup_equal,44,3,2,5,148,62,72,26,0.875,0.29523809523809524,0.4666666666666667
mixup_equal,44,3,2,6,148,62,68,31,0.8918918918918919,0.29523809523809524,0.4714285714285714
mixup_equal,44,3,2,7,148,62,73,36,1.0792079207920793,0.29523809523809524,0.5190476190476191
mixup_equal,44,3,2,8,148,62,62,30,0.7796610169491526,0.29523809523809524,0.4380952380952381
mixup_equal,44,3,2,9,148,62,71,35,1.0192307692307692,0.29523809523809524,0.5047619047619047
mixup_equal,44,3,2,10,148,62,72,28,0.9090909090909091,0.29523809523809524,0.47619047619047616
mixup_equal,44,3,2,11,148,62,72,29,0.926605504587156,0.29523809523809524,0.48095238095238096
mixup_equal,44,3,2,12,148,62,76,31,1.0388349514563107,0.29523809523809524,0.5095238095238095
mixup_equal,44,3,2,13,148,62,73,35,1.0588235294117647,0.29523809523809524,0.5142857142857142
mixup_equal,44,3,2,14,148,62,73,33,1.0192307692307692,0.29523809523809524,0.5047619047619047
mixup_equal,44,3,2,15,148,62,77,30,1.0388349514563107,0.29523809523809524,0.5095238095238095
mixup_equal,44,3,2,16,148,62,72,29,0.926605504587156,0.29523809523809524,0.48095238095238096
mixup_equal,44,3,2,17,148,62,72,28,0.9090909090909091,0.29523809523809524,0.47619047619047616
mixup_equal,44,3,2,18,148,62,80,32,1.1428571428571428,0.29523809523809524,0.5333333333333333
mixup_equal,44,3,2,19,148,62,72,29,0.926605504587156,0.29523809523809524,0.48095238095238096
mixup_equal,44,3,2,20,148,62,73,27,0.9090909090909091,0.29523809523809524,0.47619047619047616
mixup_equal,44,3,2,21,148,62,79,33,1.1428571428571428,0.29523809523809524,0.5333333333333333
mixup_equal,44,3,2,22,148,62,69,28,0.8584070796460177,0.29523809523809524,0.46190476190476193
mixup_equal,44,3,2,23,148,62,73,30,0.9626168224299065,0.29523809523809524,0.49047619047619045
mixup_equal,44,3,2,24,148,62,77,36,1.1649484536082475,0.29523809523809524,0.5380952380952381
mixup_equal,44,3,2,25,148,62,79,27,1.0192307692307692,0.29523809523809524,0.5047619047619047
mixup_equal,44,4,0,1,147,61,73,31,1.0,0.2932692307692308,0.5
mixup_equal,44,4,0,2,147,61,66,31,0.8738738738738738,0.2932692307692308,0.46634615384615385
mixup_equal,44,4,0,3,147,61,82,25,1.0594059405940595,0.2932692307692308,0.5144230769230769
mixup_equal,44,4,0,4,147,61,71,20,0.7777777777777778,0.2932692307692308,0.4375
mixup_equal,44,4,0,5,147,61,66,23,0.7478991596638656,0.2932692307692308,0.42788461538461536
mixup_equal,44,4,0,6,147,61,66,27,0.808695652173913,0.2932692307692308,0.44711538461538464
mixup_equal,44,4,0,7,147,61,68,34,0.9622641509433962,0.2932692307692308,0.49038461538461536
mixup_equal,44,4,0,8,147,61,62,28,0.7627118644067796,0.2932692307692308,0.4326923076923077
mixup_equal,44,4,0,9,147,61,75,29,1.0,0.2932692307692308,0.5
mixup_equal,44,4,0,10,147,61,69,30,0.908256880733945,0.2932692307692308,0.47596153846153844
mixup_equal,44,4,0,11,147,61,74,38,1.1666666666666667,0.2932692307692308,0.5384615384615384
mixup_equal,44,4,0,12,147,61,72,26,0.8909090909090909,0.2932692307692308,0.47115384615384615
mixup_equal,44,4,0,13,147,61,73,25,0.8909090909090909,0.2932692307692308,0.47115384615384615
mixup_equal,44,4,0,14,147,61,72,39,1.1443298969072164,0.2932692307692308,0.5336538461538461
mixup_equal,44,4,0,15,147,61,83,32,1.2365591397849462,0.2932692307692308,0.5528846153846154
mixup_equal,44,4,0,16,147,61,80,23,0.9809523809523809,0.2932692307692308,0.4951923076923077
mixup_equal,44,4,0,17,147,61,76,25,0.9439252336448598,0.2932692307692308,0.4855769230769231
mixup_equal,44,4,1,1,147,61,74,30,1.0,0.2932692307692308,0.5
mixup_equal,44,4,1,2,147,61,81,28,1.101010101010101,0.2932692307692308,0.5240384615384616
mixup_equal,44,4,1,3,147,61,72,29,0.9439252336448598,0.2932692307692308,0.4855769230769231
mixup_equal,44,4,1,4,147,61,72,24,0.8571428571428571,0.2932692307692308,0.46153846153846156
mixup_equal,44,4,1,5,147,61,67,22,0.7478991596638656,0.2932692307692308,0.42788461538461536
mixup_equal,44,4,1,6,147,61,75,34,1.101010101010101,0.2932692307692308,0.5240384615384616
mixup_equal,44,4,1,7,147,61,67,35,0.9622641509433962,0.2932692307692308,0.49038461538461536
mixup_equal,44,4,1,8,147,61,54,32,0.7049180327868853,0.2932692307692308,0.41346153846153844
mixup_equal,44,4,1,9,147,61,71,28,0.908256880733945,0.2932692307692308,0.47596153846153844
mixup_equal,44,4,1,10,147,61,72,36,1.08,0.2932692307692308,0.5192307692307693
mixup_equal,44,4,1,11,147,61,70,31,0.9439252336448598,0.2932692307692308,0.4855769230769231
mixup_equal,44,4,1,12,147,61,77,34,1.1443298969072164,0.2932692307692308,0.5336538461538461
mixup_equal,44,4,1,13,147,61,83,31,1.2127659574468086,0.2932692307692308,0.5480769230769231
mixup_equal,44,4,1,14,147,61,74,31,1.0194174757281553,0.2932692307692308,0.5048076923076923
mixup_equal,44,4,1,15,147,61,80,34,1.2127659574468086,0.2932692307692308,0.5480769230769231
mixup_equal,44,4,1,16,147,61,71,36,1.0594059405940595,0.2932692307692308,0.5144230769230769
mixup_equal,44,4,1,17,147,61,79,26,1.0194174757281553,0.2932692307692308,0.5048076923076923
mixup_equal,44,4,1,18,147,61,75,41,1.2608695652173914,0.2932692307692308,0.5576923076923077
mixup_equal,44,4,1,19,147,61,74,32,1.0392156862745099,0.2932692307692308,0.5096153846153846
mixup_equal,44,4,1,20,147,61,74,26,0.9259259259259259,0.2932692307692308,0.4807692307692308
mixup_equal,44,4,1,21,147,61,78,26,1.0,0.2932692307692308,0.5
mixup_equal,44,4,1,22,147,61,78,32,1.1224489795918366,0.2932692307692308,0.5288461538461539
mixup_equal,44,4,1,23,147,61,54,39,0.808695652173913,0.2932692307692308,0.44711538461538464
mixup_equal,44,4,1,24,147,61,65,32,0.8738738738738738,0.2932692307692308,0.46634615384615385
mixup_equal,44,4,1,25,147,61,76,30,1.0392156862745099,0.2932692307692308,0.5096153846153846
mixup_equal,44,4,2,1,148,62,74,28,0.9444444444444444,0.29523809523809524,0.4857142857142857
mixup_equal,44,4,2,2,148,62,76,36,1.1428571428571428,0.29523809523809524,0.5333333333333333
mixup_equal,44,4,2,3,148,62,63,37,0.9090909090909091,0.29523809523809524,0.47619047619047616
mixup_equal,44,4,2,4,148,62,70,26,0.8421052631578947,0.29523809523809524,0.45714285714285713
mixup_equal,44,4,2,5,148,62,72,23,0.8260869565217391,0.29523809523809524,0.4523809523809524
mixup_equal,44,4,2,6,148,62,77,32,1.0792079207920793,0.29523809523809524,0.5190476190476191
mixup_equal,44,4,2,7,148,62,67,27,0.8103448275862069,0.29523809523809524,0.44761904761904764
mixup_equal,44,4,2,8,148,62,64,33,0.8584070796460177,0.29523809523809524,0.46190476190476193
mixup_equal,44,4,2,9,148,62,67,33,0.9090909090909091,0.29523809523809524,0.47619047619047616
mixup_equal,44,4,2,10,148,62,73,24,0.8584070796460177,0.29523809523809524,0.46190476190476193
mixup_equal,44,4,2,11,148,62,85,25,1.1,0.29523809523809524,0.5238095238095238
mixup_equal,44,4,2,12,148,62,80,27,1.0388349514563107,0.29523809523809524,0.5095238095238095
mixup_equal,44,4,2,13,148,62,79,30,1.0792079207920793,0.29523809523809524,0.5190476190476191
mixup_equal,44,4,2,14,148,62,66,36,0.9444444444444444,0.29523809523809524,0.4857142857142857
mixup_equal,44,4,2,15,148,62,73,29,0.9444444444444444,0.29523809523809524,0.4857142857142857
mixup_equal,44,4,2,16,148,62,76,38,1.1875,0.29523809523809524,0.5428571428571428
mixup_equal,44,4,2,17,148,62,84,25,1.0792079207920793,0.29523809523809524,0.5190476190476191
mixup_equal,44,4,2,18,148,62,88,31,1.3076923076923077,0.29523809523809524,0.5666666666666667
mixup_equal,44,4,2,19,148,62,83,28,1.121212121212121,0.29523809523809524,0.5285714285714286
mixup_equal,44,4,2,20,148,62,74,32,1.0192307692307692,0.29523809523809524,0.5047619047619047
mixup_equal,44,4,2,21,148,62,67,37,0.9811320754716981,0.29523809523809524,0.49523809523809526
mixup_equal,44,4,2,22,148,62,66,31,0.8584070796460177,0.29523809523809524,0.46190476190476193
mixup_equal,44,4,2,23,148,62,81,29,1.1,0.29523809523809524,0.5238095238095238
mixup_equal,44,4,2,24,148,62,77,32,1.0792079207920793,0.29523809523809524,0.5190476190476191
mixup_equal,44,4,2,25,148,62,65,31,0.8421052631578947,0.29523809523809524,0.45714285714285713
mixup_dd_only,42,0,0,1,146,59,0,58,0.3945578231292517,0.28780487804878047,0.28292682926829266
mixup_dd_only,42,0,0,2,146,59,0,59,0.4041095890410959,0.28780487804878047,0.28780487804878047
mixup_dd_only,42,0,0,3,146,59,0,57,0.38513513513513514,0.28780487804878047,0.2780487804878049
mixup_dd_only,42,0,0,4,146,59,0,58,0.3945578231292517,0.28780487804878047,0.28292682926829266
mixup_dd_only,42,0,0,5,146,59,0,57,0.38513513513513514,0.28780487804878047,0.2780487804878049
mixup_dd_only,42,0,0,6,146,59,0,58,0.3945578231292517,0.28780487804878047,0.28292682926829266
mixup_dd_only,42,0,0,7,146,59,0,56,0.37583892617449666,0.28780487804878047,0.2731707317073171
mixup_dd_only,42,0,0,8,146,59,0,59,0.4041095890410959,0.28780487804878047,0.28780487804878047
mixup_dd_only,42,0,0,9,146,59,0,59,0.4041095890410959,0.28780487804878047,0.28780487804878047
mixup_dd_only,42,0,0,10,146,59,0,59,0.4041095890410959,0.28780487804878047,0.28780487804878047
mixup_dd_only,42,0,0,11,146,59,0,59,0.4041095890410959,0.28780487804878047,0.28780487804878047
mixup_dd_only,42,0,0,12,146,59,0,58,0.3945578231292517,0.28780487804878047,0.28292682926829266
mixup_dd_only,42,0,0,13,146,59,0,57,0.38513513513513514,0.28780487804878047,0.2780487804878049
mixup_dd_only,42,0,0,14,146,59,0,59,0.4041095890410959,0.28780487804878047,0.28780487804878047
mixup_dd_only,42,0,0,15,146,59,0,58,0.3945578231292517,0.28780487804878047,0.28292682926829266
mixup_dd_only,42,0,0,16,146,59,0,59,0.4041095890410959,0.28780487804878047,0.28780487804878047
mixup_dd_only,42,0,0,17,146,59,0,59,0.4041095890410959,0.28780487804878047,0.28780487804878047
mixup_dd_only,42,0,0,18,146,59,0,58,0.3945578231292517,0.28780487804878047,0.28292682926829266
mixup_dd_only,42,0,1,1,147,60,0,60,0.40816326530612246,0.2898550724637681,0.2898550724637681
mixup_dd_only,42,0,1,2,147,60,0,60,0.40816326530612246,0.2898550724637681,0.2898550724637681
mixup_dd_only,42,0,1,3,147,60,0,58,0.38926174496644295,0.2898550724637681,0.28019323671497587
mixup_dd_only,42,0,1,4,147,60,0,60,0.40816326530612246,0.2898550724637681,0.2898550724637681
mixup_dd_only,42,0,1,5,147,60,0,57,0.38,0.2898550724637681,0.2753623188405797
mixup_dd_only,42,0,1,6,147,60,0,58,0.38926174496644295,0.2898550724637681,0.28019323671497587
mixup_dd_only,42,0,1,7,147,60,0,58,0.38926174496644295,0.2898550724637681,0.28019323671497587
mixup_dd_only,42,0,1,8,147,60,0,60,0.40816326530612246,0.2898550724637681,0.2898550724637681
mixup_dd_only,42,0,1,9,147,60,0,58,0.38926174496644295,0.2898550724637681,0.28019323671497587
mixup_dd_only,42,0,1,10,147,60,0,60,0.40816326530612246,0.2898550724637681,0.2898550724637681
mixup_dd_only,42,0,1,11,147,60,0,58,0.38926174496644295,0.2898550724637681,0.28019323671497587
mixup_dd_only,42,0,1,12,147,60,0,58,0.38926174496644295,0.2898550724637681,0.28019323671497587
mixup_dd_only,42,0,1,13,147,60,0,60,0.40816326530612246,0.2898550724637681,0.2898550724637681
mixup_dd_only,42,0,1,14,147,60,0,60,0.40816326530612246,0.2898550724637681,0.2898550724637681
mixup_dd_only,42,0,1,15,147,60,0,60,0.40816326530612246,0.2898550724637681,0.2898550724637681
mixup_dd_only,42,0,1,16,147,60,0,59,0.39864864864864863,0.2898550724637681,0.28502415458937197
mixup_dd_only,42,0,1,17,147,60,0,59,0.39864864864864863,0.2898550724637681,0.28502415458937197
mixup_dd_only,42,0,1,18,147,60,0,57,0.38,0.2898550724637681,0.2753623188405797
mixup_dd_only,42,0,1,19,147,60,0,60,0.40816326530612246,0.2898550724637681,0.2898550724637681
mixup_dd_only,42,0,1,20,147,60,0,59,0.39864864864864863,0.2898550724637681,0.28502415458937197
mixup_dd_only,42,0,1,21,147,60,0,60,0.40816326530612246,0.2898550724637681,0.2898550724637681
mixup_dd_only,42,0,1,22,147,60,0,59,0.39864864864864863,0.2898550724637681,0.28502415458937197
mixup_dd_only,42,0,1,23,147,60,0,59,0.39864864864864863,0.2898550724637681,0.28502415458937197
mixup_dd_only,42,0,1,24,147,60,0,59,0.39864864864864863,0.2898550724637681,0.28502415458937197
mixup_dd_only,42,0,1,25,147,60,0,60,0.40816326530612246,0.2898550724637681,0.2898550724637681
mixup_dd_only,42,0,1,26,147,60,0,59,0.39864864864864863,0.2898550724637681,0.28502415458937197
mixup_dd_only,42,0,1,27,147,60,0,59,0.39864864864864863,0.2898550724637681,0.28502415458937197
mixup_dd_only,42,0,2,1,147,61,0,59,0.3959731543624161,0.2932692307692308,0.28365384615384615
mixup_dd_only,42,0,2,2,147,61,0,60,0.40540540540540543,0.2932692307692308,0.28846153846153844
mixup_dd_only,42,0,2,3,147,61,0,60,0.40540540540540543,0.2932692307692308,0.28846153846153844
mixup_dd_only,42,0,2,4,147,61,0,61,0.41496598639455784,0.2932692307692308,0.2932692307692308
mixup_dd_only,42,0,2,5,147,61,0,59,0.3959731543624161,0.2932692307692308,0.28365384615384615
mixup_dd_only,42,0,2,6,147,61,0,60,0.40540540540540543,0.2932692307692308,0.28846153846153844
mixup_dd_only,42,0,2,7,147,61,0,60,0.40540540540540543,0.2932692307692308,0.28846153846153844
mixup_dd_only,42,0,2,8,147,61,0,60,0.40540540540540543,0.2932692307692308,0.28846153846153844
mixup_dd_only,42,0,2,9,147,61,0,60,0.40540540540540543,0.2932692307692308,0.28846153846153844
mixup_dd_only,42,0,2,10,147,61,0,60,0.40540540540540543,0.2932692307692308,0.28846153846153844
mixup_dd_only,42,0,2,11,147,61,0,60,0.40540540540540543,0.2932692307692308,0.28846153846153844
mixup_dd_only,42,0,2,12,147,61,0,60,0.40540540540540543,0.2932692307692308,0.28846153846153844
mixup_dd_only,42,0,2,13,147,61,0,60,0.40540540540540543,0.2932692307692308,0.28846153846153844
mixup_dd_only,42,0,2,14,147,61,0,61,0.41496598639455784,0.2932692307692308,0.2932692307692308
mixup_dd_only,42,0,2,15,147,61,0,61,0.41496598639455784,0.2932692307692308,0.2932692307692308
mixup_dd_only,42,0,2,16,147,61,0,60,0.40540540540540543,0.2932692307692308,0.28846153846153844
mixup_dd_only,42,0,2,17,147,61,0,60,0.40540540540540543,0.2932692307692308,0.28846153846153844
mixup_dd_only,42,0,2,18,147,61,0,61,0.41496598639455784,0.2932692307692308,0.2932692307692308
mixup_dd_only,42,0,2,19,147,61,0,60,0.40540540540540543,0.2932692307692308,0.28846153846153844
mixup_dd_only,42,0,2,20,147,61,0,59,0.3959731543624161,0.2932692307692308,0.28365384615384615
mixup_dd_only,42,0,2,21,147,61,0,60,0.40540540540540543,0.2932692307692308,0.28846153846153844
mixup_dd_only,42,0,2,22,147,61,0,61,0.41496598639455784,0.2932692307692308,0.2932692307692308
mixup_dd_only,42,1,0,1,147,60,0,54,0.35294117647058826,0.2898550724637681,0.2608695652173913
mixup_dd_only,42,1,0,2,147,60,0,60,0.40816326530612246,0.2898550724637681,0.2898550724637681
mixup_dd_only,42,1,0,3,147,60,0,59,0.39864864864864863,0.2898550724637681,0.28502415458937197
mixup_dd_only,42,1,0,4,147,60,0,58,0.38926174496644295,0.2898550724637681,0.28019323671497587
mixup_dd_only,42,1,0,5,147,60,0,60,0.40816326530612246,0.2898550724637681,0.2898550724637681
mixup_dd_only,42,1,0,6,147,60,0,59,0.39864864864864863,0.2898550724637681,0.28502415458937197
mixup_dd_only,42,1,0,7,147,60,0,59,0.39864864864864863,0.2898550724637681,0.28502415458937197
mixup_dd_only,42,1,0,8,147,60,0,56,0.3708609271523179,0.2898550724637681,0.27053140096618356
mixup_dd_only,42,1,0,9,147,60,0,60,0.40816326530612246,0.2898550724637681,0.2898550724637681
mixup_dd_only,42,1,0,10,147,60,0,59,0.39864864864864863,0.2898550724637681,0.28502415458937197
mixup_dd_only,42,1,0,11,147,60,0,59,0.39864864864864863,0.2898550724637681,0.28502415458937197
mixup_dd_only,42,1,0,12,147,60,0,59,0.39864864864864863,0.2898550724637681,0.28502415458937197
mixup_dd_only,42,1,0,13,147,60,0,58,0.38926174496644295,0.2898550724637681,0.28019323671497587
mixup_dd_only,42,1,0,14,147,60,0,58,0.38926174496644295,0.2898550724637681,0.28019323671497587
mixup_dd_only,42,1,0,15,147,60,0,60,0.40816326530612246,0.2898550724637681,0.2898550724637681
mixup_dd_only,42,1,0,16,147,60,0,60,0.40816326530612246,0.2898550724637681,0.2898550724637681
mixup_dd_only,42,1,0,17,147,60,0,59,0.39864864864864863,0.2898550724637681,0.28502415458937197
mixup_dd_only,42,1,0,18,147,60,0,59,0.39864864864864863,0.2898550724637681,0.28502415458937197
mixup_dd_only,42,1,0,19,147,60,0,59,0.39864864864864863,0.2898550724637681,0.28502415458937197
mixup_dd_only,42,1,0,20,147,60,0,60,0.40816326530612246,0.2898550724637681,0.2898550724637681
mixup_dd_only,42,1,0,21,147,60,0,59,0.39864864864864863,0.2898550724637681,0.28502415458937197
mixup_dd_only,42,1,1,1,147,61,0,60,0.40540540540540543,0.2932692307692308,0.28846153846153844
mixup_dd_only,42,1,1,2,147,61,0,60,0.40540540540540543,0.2932692307692308,0.28846153846153844
mixup_dd_only,42,1,1,3,147,61,0,58,0.38666666666666666,0.2932692307692308,0.27884615384615385
mixup_dd_only,42,1,1,4,147,61,0,60,0.40540540540540543,0.2932692307692308,0.28846153846153844
mixup_dd_only,42,1,1,5,147,61,0,60,0.40540540540540543,0.2932692307692308,0.28846153846153844
mixup_dd_only,42,1,1,6,147,61,0,59,0.3959731543624161,0.2932692307692308,0.28365384615384615
mixup_dd_only,42,1,1,7,147,61,0,60,0.40540540540540543,0.2932692307692308,0.28846153846153844
mixup_dd_only,42,1,1,8,147,61,0,60,0.40540540540540543,0.2932692307692308,0.28846153846153844
mixup_dd_only,42,1,1,9,147,61,0,61,0.41496598639455784,0.2932692307692308,0.2932692307692308
mixup_dd_only,42,1,1,10,147,61,0,58,0.38666666666666666,0.2932692307692308,0.27884615384615385
mixup_dd_only,42,1,1,11,147,61,0,60,0.40540540540540543,0.2932692307692308,0.28846153846153844
mixup_dd_only,42,1,1,12,147,61,0,57,0.37748344370860926,0.2932692307692308,0.27403846153846156
mixup_dd_only,42,1,1,13,147,61,0,59,0.3959731543624161,0.2932692307692308,0.28365384615384615
mixup_dd_only,42,1,1,14,147,61,0,61,0.41496598639455784,0.2932692307692308,0.2932692307692308
mixup_dd_only,42,1,1,15,147,61,0,61,0.41496598639455784,0.2932692307692308,0.2932692307692308
mixup_dd_only,42,1,1,16,147,61,0,59,0.3959731543624161,0.2932692307692308,0.28365384615384615
mixup_dd_only,42,1,1,17,147,61,0,61,0.41496598639455784,0.2932692307692308,0.2932692307692308
mixup_dd_only,42,1,1,18,147,61,0,59,0.3959731543624161,0.2932692307692308,0.28365384615384615
mixup_dd_only,42,1,1,19,147,61,0,61,0.41496598639455784,0.2932692307692308,0.2932692307692308
mixup_dd_only,42,1,1,20,147,61,0,61,0.41496598639455784,0.2932692307692308,0.2932692307692308
mixup_dd_only,42,1,1,21,147,61,0,60,0.40540540540540543,0.2932692307692308,0.28846153846153844
mixup_dd_only,42,1,1,22,147,61,0,61,0.41496598639455784,0.2932692307692308,0.2932692307692308
mixup_dd_only,42,1,1,23,147,61,0,61,0.41496598639455784,0.2932692307692308,0.2932692307692308
mixup_dd_only,42,1,1,24,147,61,0,59,0.3959731543624161,0.2932692307692308,0.28365384615384615
mixup_dd_only,42,1,2,1,148,61,0,58,0.3841059602649007,0.291866028708134,0.27751196172248804
mixup_dd_only,42,1,2,2,148,61,0,57,0.375,0.291866028708134,0.2727272727272727
mixup_dd_only,42,1,2,3,148,61,0,61,0.41216216216216217,0.291866028708134,0.291866028708134
mixup_dd_only,42,1,2,4,148,61,0,60,0.40268456375838924,0.291866028708134,0.28708133971291866
mixup_dd_only,42,1,2,5,148,61,0,60,0.40268456375838924,0.291866028708134,0.28708133971291866
mixup_dd_only,42,1,2,6,148,61,0,60,0.40268456375838924,0.291866028708134,0.28708133971291866
mixup_dd_only,42,1,2,7,148,61,0,60,0.40268456375838924,0.291866028708134,0.28708133971291866
mixup_dd_only,42,1,2,8,148,61,0,61,0.41216216216216217,0.291866028708134,0.291866028708134
mixup_dd_only,42,1,2,9,148,61,0,61,0.41216216216216217,0.291866028708134,0.291866028708134
mixup_dd_only,42,1,2,10,148,61,0,59,0.3933333333333333,0.291866028708134,0.2822966507177033
mixup_dd_only,42,1,2,11,148,61,0,61,0.41216216216216217,0.291866028708134,0.291866028708134
mixup_dd_only,42,1,2,12,148,61,0,60,0.40268456375838924,0.291866028708134,0.28708133971291866
mixup_dd_only,42,1,2,13,148,61,0,59,0.3933333333333333,0.291866028708134,0.2822966507177033
mixup_dd_only,42,1,2,14,148,61,0,59,0.3933333333333333,0.291866028708134,0.2822966507177033
mixup_dd_only,42,1,2,15,148,61,0,60,0.40268456375838924,0.291866028708134,0.28708133971291866
mixup_dd_only,42,1,2,16,148,61,0,61,0.41216216216216217,0.291866028708134,0.291866028708134
mixup_dd_only,42,1,2,17,148,61,0,60,0.40268456375838924,0.291866028708134,0.28708133971291866
mixup_dd_only,42,1,2,18,148,61,0,59,0.3933333333333333,0.291866028708134,0.2822966507177033
mixup_dd_only,42,1,2,19,148,61,0,60,0.40268456375838924,0.291866028708134,0.28708133971291866
mixup_dd_only,42,1,2,20,148,61,0,59,0.3933333333333333,0.291866028708134,0.2822966507177033
mixup_dd_only,42,1,2,21,148,61,0,61,0.41216216216216217,0.291866028708134,0.291866028708134
mixup_dd_only,42,1,2,22,148,61,0,60,0.40268456375838924,0.291866028708134,0.28708133971291866
mixup_dd_only,42,1,2,23,148,61,0,61,0.41216216216216217,0.291866028708134,0.291866028708134
mixup_dd_only,42,1,2,24,148,61,0,61,0.41216216216216217,0.291866028708134,0.291866028708134
mixup_dd_only,42,1,2,25,148,61,0,59,0.3933333333333333,0.291866028708134,0.2822966507177033
mixup_dd_only,42,1,2,26,148,61,0,61,0.41216216216216217,0.291866028708134,0.291866028708134
mixup_dd_only,42,1,2,27,148,61,0,60,0.40268456375838924,0.291866028708134,0.28708133971291866
mixup_dd_only,42,1,2,28,148,61,0,60,0.40268456375838924,0.291866028708134,0.28708133971291866
mixup_dd_only,42,1,2,29,148,61,0,58,0.3841059602649007,0.291866028708134,0.27751196172248804
mixup_dd_only,42,1,2,30,148,61,0,60,0.40268456375838924,0.291866028708134,0.28708133971291866
mixup_dd_only,42,1,2,31,148,61,0,61,0.41216216216216217,0.291866028708134,0.291866028708134
mixup_dd_only,42,1,2,32,148,61,0,60,0.40268456375838924,0.291866028708134,0.28708133971291866
mixup_dd_only,42,1,2,33,148,61,0,61,0.41216216216216217,0.291866028708134,0.291866028708134
mixup_dd_only,42,1,2,34,148,61,0,60,0.40268456375838924,0.291866028708134,0.28708133971291866
mixup_dd_only,42,1,2,35,148,61,0,61,0.41216216216216217,0.291866028708134,0.291866028708134
mixup_dd_only,42,1,2,36,148,61,0,59,0.3933333333333333,0.291866028708134,0.2822966507177033
mixup_dd_only,42,1,2,37,148,61,0,59,0.3933333333333333,0.291866028708134,0.2822966507177033
mixup_dd_only,42,1,2,38,148,61,0,61,0.41216216216216217,0.291866028708134,0.291866028708134
mixup_dd_only,42,1,2,39,148,61,0,60,0.40268456375838924,0.291866028708134,0.28708133971291866
mixup_dd_only,42,1,2,40,148,61,0,60,0.40268456375838924,0.291866028708134,0.28708133971291866
mixup_dd_only,42,2,0,1,147,60,0,60,0.40816326530612246,0.2898550724637681,0.2898550724637681
mixup_dd_only,42,2,0,2,147,60,0,59,0.39864864864864863,0.2898550724637681,0.28502415458937197
mixup_dd_only,42,2,0,3,147,60,0,58,0.38926174496644295,0.2898550724637681,0.28019323671497587
mixup_dd_only,42,2,0,4,147,60,0,60,0.40816326530612246,0.2898550724637681,0.2898550724637681
mixup_dd_only,42,2,0,5,147,60,0,58,0.38926174496644295,0.2898550724637681,0.28019323671497587
mixup_dd_only,42,2,0,6,147,60,0,58,0.38926174496644295,0.2898550724637681,0.28019323671497587
mixup_dd_only,42,2,0,7,147,60,0,60,0.40816326530612246,0.2898550724637681,0.2898550724637681
mixup_dd_only,42,2,0,8,147,60,0,60,0.40816326530612246,0.2898550724637681,0.2898550724637681
mixup_dd_only,42,2,0,9,147,60,0,59,0.39864864864864863,0.2898550724637681,0.28502415458937197
mixup_dd_only,42,2,0,10,147,60,0,60,0.40816326530612246,0.2898550724637681,0.2898550724637681
mixup_dd_only,42,2,0,11,147,60,0,60,0.40816326530612246,0.2898550724637681,0.2898550724637681
mixup_dd_only,42,2,0,12,147,60,0,58,0.38926174496644295,0.2898550724637681,0.28019323671497587
mixup_dd_only,42,2,0,13,147,60,0,60,0.40816326530612246,0.2898550724637681,0.2898550724637681
mixup_dd_only,42,2,0,14,147,60,0,60,0.40816326530612246,0.2898550724637681,0.2898550724637681
mixup_dd_only,42,2,0,15,147,60,0,59,0.39864864864864863,0.2898550724637681,0.28502415458937197
mixup_dd_only,42,2,0,16,147,60,0,60,0.40816326530612246,0.2898550724637681,0.2898550724637681
mixup_dd_only,42,2,0,17,147,60,0,60,0.40816326530612246,0.2898550724637681,0.2898550724637681
mixup_dd_only,42,2,0,18,147,60,0,58,0.38926174496644295,0.2898550724637681,0.28019323671497587
mixup_dd_only,42,2,0,19,147,60,0,58,0.38926174496644295,0.2898550724637681,0.28019323671497587
mixup_dd_only,42,2,0,20,147,60,0,60,0.40816326530612246,0.2898550724637681,0.2898550724637681
mixup_dd_only,42,2,0,21,147,60,0,57,0.38,0.2898550724637681,0.2753623188405797
mixup_dd_only,42,2,0,22,147,60,0,59,0.39864864864864863,0.2898550724637681,0.28502415458937197
mixup_dd_only,42,2,0,23,147,60,0,59,0.39864864864864863,0.2898550724637681,0.28502415458937197
mixup_dd_only,42,2,0,24,147,60,0,58,0.38926174496644295,0.2898550724637681,0.28019323671497587
mixup_dd_only,42,2,0,25,147,60,0,58,0.38926174496644295,0.2898550724637681,0.28019323671497587
mixup_dd_only,42,2,0,26,147,60,0,59,0.39864864864864863,0.2898550724637681,0.28502415458937197
mixup_dd_only,42,2,0,27,147,60,0,59,0.39864864864864863,0.2898550724637681,0.28502415458937197
mixup_dd_only,42,2,0,28,147,60,0,59,0.39864864864864863,0.2898550724637681,0.28502415458937197
mixup_dd_only,42,2,0,29,147,60,0,59,0.39864864864864863,0.2898550724637681,0.28502415458937197
mixup_dd_only,42,2,0,30,147,60,0,60,0.40816326530612246,0.2898550724637681,0.2898550724637681
mixup_dd_only,42,2,0,31,147,60,0,60,0.40816326530612246,0.2898550724637681,0.2898550724637681
mixup_dd_only,42,2,0,32,147,60,0,59,0.39864864864864863,0.2898550724637681,0.28502415458937197
mixup_dd_only,42,2,0,33,147,60,0,60,0.40816326530612246,0.2898550724637681,0.2898550724637681
mixup_dd_only,42,2,0,34,147,60,0,60,0.40816326530612246,0.2898550724637681,0.2898550724637681
mixup_dd_only,42,2,0,35,147,60,0,59,0.39864864864864863,0.2898550724637681,0.28502415458937197
mixup_dd_only,42,2,0,36,147,60,0,60,0.40816326530612246,0.2898550724637681,0.2898550724637681
mixup_dd_only,42,2,0,37,147,60,0,58,0.38926174496644295,0.2898550724637681,0.28019323671497587
mixup_dd_only,42,2,0,38,147,60,0,59,0.39864864864864863,0.2898550724637681,0.28502415458937197
mixup_dd_only,42,2,0,39,147,60,0,59,0.39864864864864863,0.2898550724637681,0.28502415458937197
mixup_dd_only,42,2,0,40,147,60,0,60,0.40816326530612246,0.2898550724637681,0.2898550724637681
mixup_dd_only,42,2,1,1,147,61,0,59,0.3959731543624161,0.2932692307692308,0.28365384615384615
mixup_dd_only,42,2,1,2,147,61,0,60,0.40540540540540543,0.2932692307692308,0.28846153846153844
mixup_dd_only,42,2,1,3,147,61,0,60,0.40540540540540543,0.2932692307692308,0.28846153846153844
mixup_dd_only,42,2,1,4,147,61,0,58,0.38666666666666666,0.2932692307692308,0.27884615384615385
mixup_dd_only,42,2,1,5,147,61,0,60,0.40540540540540543,0.2932692307692308,0.28846153846153844
mixup_dd_only,42,2,1,6,147,61,0,61,0.41496598639455784,0.2932692307692308,0.2932692307692308
mixup_dd_only,42,2,1,7,147,61,0,59,0.3959731543624161,0.2932692307692308,0.28365384615384615
mixup_dd_only,42,2,1,8,147,61,0,61,0.41496598639455784,0.2932692307692308,0.2932692307692308
mixup_dd_only,42,2,1,9,147,61,0,59,0.3959731543624161,0.2932692307692308,0.28365384615384615
mixup_dd_only,42,2,1,10,147,61,0,60,0.40540540540540543,0.2932692307692308,0.28846153846153844
mixup_dd_only,42,2,1,11,147,61,0,60,0.40540540540540543,0.2932692307692308,0.28846153846153844
mixup_dd_only,42,2,1,12,147,61,0,61,0.41496598639455784,0.2932692307692308,0.2932692307692308
mixup_dd_only,42,2,1,13,147,61,0,59,0.3959731543624161,0.2932692307692308,0.28365384615384615
mixup_dd_only,42,2,1,14,147,61,0,60,0.40540540540540543,0.2932692307692308,0.28846153846153844
mixup_dd_only,42,2,1,15,147,61,0,60,0.40540540540540543,0.2932692307692308,0.28846153846153844
mixup_dd_only,42,2,2,1,148,61,0,59,0.3933333333333333,0.291866028708134,0.2822966507177033
mixup_dd_only,42,2,2,2,148,61,0,58,0.3841059602649007,0.291866028708134,0.27751196172248804
mixup_dd_only,42,2,2,3,148,61,0,60,0.40268456375838924,0.291866028708134,0.28708133971291866
mixup_dd_only,42,2,2,4,148,61,0,61,0.41216216216216217,0.291866028708134,0.291866028708134
mixup_dd_only,42,2,2,5,148,61,0,59,0.3933333333333333,0.291866028708134,0.2822966507177033
mixup_dd_only,42,2,2,6,148,61,0,60,0.40268456375838924,0.291866028708134,0.28708133971291866
mixup_dd_only,42,2,2,7,148,61,0,60,0.40268456375838924,0.291866028708134,0.28708133971291866
mixup_dd_only,42,2,2,8,148,61,0,59,0.3933333333333333,0.291866028708134,0.2822966507177033
mixup_dd_only,42,2,2,9,148,61,0,60,0.40268456375838924,0.291866028708134,0.28708133971291866
mixup_dd_only,42,2,2,10,148,61,0,61,0.41216216216216217,0.291866028708134,0.291866028708134
mixup_dd_only,42,2,2,11,148,61,0,59,0.3933333333333333,0.291866028708134,0.2822966507177033
mixup_dd_only,42,2,2,12,148,61,0,59,0.3933333333333333,0.291866028708134,0.2822966507177033
mixup_dd_only,42,2,2,13,148,61,0,61,0.41216216216216217,0.291866028708134,0.291866028708134
mixup_dd_only,42,2,2,14,148,61,0,60,0.40268456375838924,0.291866028708134,0.28708133971291866
mixup_dd_only,42,2,2,15,148,61,0,60,0.40268456375838924,0.291866028708134,0.28708133971291866
mixup_dd_only,42,2,2,16,148,61,0,58,0.3841059602649007,0.291866028708134,0.27751196172248804
mixup_dd_only,42,2,2,17,148,61,0,61,0.41216216216216217,0.291866028708134,0.291866028708134
mixup_dd_only,42,2,2,18,148,61,0,61,0.41216216216216217,0.291866028708134,0.291866028708134
mixup_dd_only,42,2,2,19,148,61,0,60,0.40268456375838924,0.291866028708134,0.28708133971291866
mixup_dd_only,42,2,2,20,148,61,0,59,0.3933333333333333,0.291866028708134,0.2822966507177033
mixup_dd_only,42,2,2,21,148,61,0,58,0.3841059602649007,0.291866028708134,0.27751196172248804
mixup_dd_only,42,2,2,22,148,61,0,61,0.41216216216216217,0.291866028708134,0.291866028708134
mixup_dd_only,42,2,2,23,148,61,0,60,0.40268456375838924,0.291866028708134,0.28708133971291866
mixup_dd_only,42,2,2,24,148,61,0,60,0.40268456375838924,0.291866028708134,0.28708133971291866
mixup_dd_only,42,2,2,25,148,61,0,60,0.40268456375838924,0.291866028708134,0.28708133971291866
mixup_dd_only,42,2,2,26,148,61,0,60,0.40268456375838924,0.291866028708134,0.28708133971291866
mixup_dd_only,42,2,2,27,148,61,0,59,0.3933333333333333,0.291866028708134,0.2822966507177033
mixup_dd_only,42,2,2,28,148,61,0,61,0.41216216216216217,0.291866028708134,0.291866028708134
mixup_dd_only,42,2,2,29,148,61,0,61,0.41216216216216217,0.291866028708134,0.291866028708134
mixup_dd_only,42,3,0,1,147,61,0,60,0.40540540540540543,0.2932692307692308,0.28846153846153844
mixup_dd_only,42,3,0,2,147,61,0,60,0.40540540540540543,0.2932692307692308,0.28846153846153844
mixup_dd_only,42,3,0,3,147,61,0,60,0.40540540540540543,0.2932692307692308,0.28846153846153844
mixup_dd_only,42,3,0,4,147,61,0,60,0.40540540540540543,0.2932692307692308,0.28846153846153844
mixup_dd_only,42,3,0,5,147,61,0,60,0.40540540540540543,0.2932692307692308,0.28846153846153844
mixup_dd_only,42,3,0,6,147,61,0,60,0.40540540540540543,0.2932692307692308,0.28846153846153844
mixup_dd_only,42,3,0,7,147,61,0,61,0.41496598639455784,0.2932692307692308,0.2932692307692308
mixup_dd_only,42,3,0,8,147,61,0,60,0.40540540540540543,0.2932692307692308,0.28846153846153844
mixup_dd_only,42,3,0,9,147,61,0,61,0.41496598639455784,0.2932692307692308,0.2932692307692308
mixup_dd_only,42,3,0,10,147,61,0,61,0.41496598639455784,0.2932692307692308,0.2932692307692308
mixup_dd_only,42,3,0,11,147,61,0,60,0.40540540540540543,0.2932692307692308,0.28846153846153844
mixup_dd_only,42,3,0,12,147,61,0,60,0.40540540540540543,0.2932692307692308,0.28846153846153844
mixup_dd_only,42,3,0,13,147,61,0,60,0.40540540540540543,0.2932692307692308,0.28846153846153844
mixup_dd_only,42,3,0,14,147,61,0,61,0.41496598639455784,0.2932692307692308,0.2932692307692308
mixup_dd_only,42,3,0,15,147,61,0,61,0.41496598639455784,0.2932692307692308,0.2932692307692308
mixup_dd_only,42,3,0,16,147,61,0,60,0.40540540540540543,0.2932692307692308,0.28846153846153844
mixup_dd_only,42,3,0,17,147,61,0,59,0.3959731543624161,0.2932692307692308,0.28365384615384615
mixup_dd_only,42,3,0,18,147,61,0,61,0.41496598639455784,0.2932692307692308,0.2932692307692308
mixup_dd_only,42,3,0,19,147,61,0,60,0.40540540540540543,0.2932692307692308,0.28846153846153844
mixup_dd_only,42,3,0,20,147,61,0,60,0.40540540540540543,0.2932692307692308,0.28846153846153844
mixup_dd_only,42,3,0,21,147,61,0,60,0.40540540540540543,0.2932692307692308,0.28846153846153844
mixup_dd_only,42,3,0,22,147,61,0,60,0.40540540540540543,0.2932692307692308,0.28846153846153844
mixup_dd_only,42,3,0,23,147,61,0,61,0.41496598639455784,0.2932692307692308,0.2932692307692308
mixup_dd_only,42,3,0,24,147,61,0,60,0.40540540540540543,0.2932692307692308,0.28846153846153844
mixup_dd_only,42,3,0,25,147,61,0,60,0.40540540540540543,0.2932692307692308,0.28846153846153844
mixup_dd_only,42,3,0,26,147,61,0,61,0.41496598639455784,0.2932692307692308,0.2932692307692308
mixup_dd_only,42,3,0,27,147,61,0,58,0.38666666666666666,0.2932692307692308,0.27884615384615385
mixup_dd_only,42,3,0,28,147,61,0,59,0.3959731543624161,0.2932692307692308,0.28365384615384615
mixup_dd_only,42,3,0,29,147,61,0,61,0.41496598639455784,0.2932692307692308,0.2932692307692308
mixup_dd_only,42,3,0,30,147,61,0,61,0.41496598639455784,0.2932692307692308,0.2932692307692308
mixup_dd_only,42,3,0,31,147,61,0,61,0.41496598639455784,0.2932692307692308,0.2932692307692308
mixup_dd_only,42,3,0,32,147,61,0,60,0.40540540540540543,0.2932692307692308,0.28846153846153844
mixup_dd_only,42,3,0,33,147,61,0,60,0.40540540540540543,0.2932692307692308,0.28846153846153844
mixup_dd_only,42,3,1,1,147,61,0,60,0.40540540540540543,0.2932692307692308,0.28846153846153844
mixup_dd_only,42,3,1,2,147,61,0,61,0.41496598639455784,0.2932692307692308,0.2932692307692308
mixup_dd_only,42,3,1,3,147,61,0,59,0.3959731543624161,0.2932692307692308,0.28365384615384615
mixup_dd_only,42,3,1,4,147,61,0,61,0.41496598639455784,0.2932692307692308,0.2932692307692308
mixup_dd_only,42,3,1,5,147,61,0,59,0.3959731543624161,0.2932692307692308,0.28365384615384615
mixup_dd_only,42,3,1,6,147,61,0,61,0.41496598639455784,0.2932692307692308,0.2932692307692308
mixup_dd_only,42,3,1,7,147,61,0,59,0.3959731543624161,0.2932692307692308,0.28365384615384615
mixup_dd_only,42,3,1,8,147,61,0,61,0.41496598639455784,0.2932692307692308,0.2932692307692308
mixup_dd_only,42,3,1,9,147,61,0,60,0.40540540540540543,0.2932692307692308,0.28846153846153844
mixup_dd_only,42,3,1,10,147,61,0,60,0.40540540540540543,0.2932692307692308,0.28846153846153844
mixup_dd_only,42,3,1,11,147,61,0,61,0.41496598639455784,0.2932692307692308,0.2932692307692308
mixup_dd_only,42,3,1,12,147,61,0,61,0.41496598639455784,0.2932692307692308,0.2932692307692308
mixup_dd_only,42,3,1,13,147,61,0,57,0.37748344370860926,0.2932692307692308,0.27403846153846156
mixup_dd_only,42,3,1,14,147,61,0,61,0.41496598639455784,0.2932692307692308,0.2932692307692308
mixup_dd_only,42,3,1,15,147,61,0,59,0.3959731543624161,0.2932692307692308,0.28365384615384615
mixup_dd_only,42,3,1,16,147,61,0,57,0.37748344370860926,0.2932692307692308,0.27403846153846156
mixup_dd_only,42,3,1,17,147,61,0,59,0.3959731543624161,0.2932692307692308,0.28365384615384615
mixup_dd_only,42,3,1,18,147,61,0,61,0.41496598639455784,0.2932692307692308,0.2932692307692308
mixup_dd_only,42,3,1,19,147,61,0,61,0.41496598639455784,0.2932692307692308,0.2932692307692308
mixup_dd_only,42,3,1,20,147,61,0,61,0.41496598639455784,0.2932692307692308,0.2932692307692308
mixup_dd_only,42,3,1,21,147,61,0,61,0.41496598639455784,0.2932692307692308,0.2932692307692308
mixup_dd_only,42,3,1,22,147,61,0,59,0.3959731543624161,0.2932692307692308,0.28365384615384615
mixup_dd_only,42,3,1,23,147,61,0,61,0.41496598639455784,0.2932692307692308,0.2932692307692308
mixup_dd_only,42,3,2,1,148,62,0,62,0.4189189189189189,0.29523809523809524,0.29523809523809524
mixup_dd_only,42,3,2,2,148,62,0,61,0.40939597315436244,0.29523809523809524,0.2904761904761905
mixup_dd_only,42,3,2,3,148,62,0,60,0.4,0.29523809523809524,0.2857142857142857
mixup_dd_only,42,3,2,4,148,62,0,61,0.40939597315436244,0.29523809523809524,0.2904761904761905
mixup_dd_only,42,3,2,5,148,62,0,62,0.4189189189189189,0.29523809523809524,0.29523809523809524
mixup_dd_only,42,3,2,6,148,62,0,61,0.40939597315436244,0.29523809523809524,0.2904761904761905
mixup_dd_only,42,3,2,7,148,62,0,61,0.40939597315436244,0.29523809523809524,0.2904761904761905
mixup_dd_only,42,3,2,8,148,62,0,62,0.4189189189189189,0.29523809523809524,0.29523809523809524
mixup_dd_only,42,3,2,9,148,62,0,60,0.4,0.29523809523809524,0.2857142857142857
mixup_dd_only,42,3,2,10,148,62,0,62,0.4189189189189189,0.29523809523809524,0.29523809523809524
mixup_dd_only,42,3,2,11,148,62,0,62,0.4189189189189189,0.29523809523809524,0.29523809523809524
mixup_dd_only,42,3,2,12,148,62,0,62,0.4189189189189189,0.29523809523809524,0.29523809523809524
mixup_dd_only,42,3,2,13,148,62,0,61,0.40939597315436244,0.29523809523809524,0.2904761904761905
mixup_dd_only,42,3,2,14,148,62,0,61,0.40939597315436244,0.29523809523809524,0.2904761904761905
mixup_dd_only,42,3,2,15,148,62,0,61,0.40939597315436244,0.29523809523809524,0.2904761904761905
mixup_dd_only,42,3,2,16,148,62,0,61,0.40939597315436244,0.29523809523809524,0.2904761904761905
mixup_dd_only,42,3,2,17,148,62,0,60,0.4,0.29523809523809524,0.2857142857142857
mixup_dd_only,42,3,2,18,148,62,0,62,0.4189189189189189,0.29523809523809524,0.29523809523809524
mixup_dd_only,42,3,2,19,148,62,0,61,0.40939597315436244,0.29523809523809524,0.2904761904761905
mixup_dd_only,42,3,2,20,148,62,0,61,0.40939597315436244,0.29523809523809524,0.2904761904761905
mixup_dd_only,42,3,2,21,148,62,0,62,0.4189189189189189,0.29523809523809524,0.29523809523809524
mixup_dd_only,42,3,2,22,148,62,0,62,0.4189189189189189,0.29523809523809524,0.29523809523809524
mixup_dd_only,42,3,2,23,148,62,0,62,0.4189189189189189,0.29523809523809524,0.29523809523809524
mixup_dd_only,42,3,2,24,148,62,0,62,0.4189189189189189,0.29523809523809524,0.29523809523809524
mixup_dd_only,42,3,2,25,148,62,0,61,0.40939597315436244,0.29523809523809524,0.2904761904761905
mixup_dd_only,42,3,2,26,148,62,0,60,0.4,0.29523809523809524,0.2857142857142857
mixup_dd_only,42,3,2,27,148,62,0,61,0.40939597315436244,0.29523809523809524,0.2904761904761905
mixup_dd_only,42,3,2,28,148,62,0,62,0.4189189189189189,0.29523809523809524,0.29523809523809524
mixup_dd_only,42,3,2,29,148,62,0,62,0.4189189189189189,0.29523809523809524,0.29523809523809524
mixup_dd_only,42,3,2,30,148,62,0,60,0.4,0.29523809523809524,0.2857142857142857
mixup_dd_only,42,3,2,31,148,62,0,60,0.4,0.29523809523809524,0.2857142857142857
mixup_dd_only,42,3,2,32,148,62,0,61,0.40939597315436244,0.29523809523809524,0.2904761904761905
mixup_dd_only,42,3,2,33,148,62,0,61,0.40939597315436244,0.29523809523809524,0.2904761904761905
mixup_dd_only,42,3,2,34,148,62,0,60,0.4,0.29523809523809524,0.2857142857142857
mixup_dd_only,42,3,2,35,148,62,0,61,0.40939597315436244,0.29523809523809524,0.2904761904761905
mixup_dd_only,42,3,2,36,148,62,0,60,0.4,0.29523809523809524,0.2857142857142857
mixup_dd_only,42,3,2,37,148,62,0,61,0.40939597315436244,0.29523809523809524,0.2904761904761905
mixup_dd_only,42,3,2,38,148,62,0,61,0.40939597315436244,0.29523809523809524,0.2904761904761905
mixup_dd_only,42,3,2,39,148,62,0,62,0.4189189189189189,0.29523809523809524,0.29523809523809524
mixup_dd_only,42,3,2,40,148,62,0,62,0.4189189189189189,0.29523809523809524,0.29523809523809524
mixup_dd_only,42,3,2,41,148,62,0,60,0.4,0.29523809523809524,0.2857142857142857
mixup_dd_only,42,3,2,42,148,62,0,61,0.40939597315436244,0.29523809523809524,0.2904761904761905
mixup_dd_only,42,3,2,43,148,62,0,62,0.4189189189189189,0.29523809523809524,0.29523809523809524
mixup_dd_only,42,3,2,44,148,62,0,59,0.39072847682119205,0.29523809523809524,0.28095238095238095
mixup_dd_only,42,3,2,45,148,62,0,61,0.40939597315436244,0.29523809523809524,0.2904761904761905
mixup_dd_only,42,3,2,46,148,62,0,62,0.4189189189189189,0.29523809523809524,0.29523809523809524
mixup_dd_only,42,3,2,47,148,62,0,61,0.40939597315436244,0.29523809523809524,0.2904761904761905
mixup_dd_only,42,3,2,48,148,62,0,60,0.4,0.29523809523809524,0.2857142857142857
mixup_dd_only,42,4,0,1,147,61,0,61,0.41496598639455784,0.2932692307692308,0.2932692307692308
mixup_dd_only,42,4,0,2,147,61,0,61,0.41496598639455784,0.2932692307692308,0.2932692307692308
mixup_dd_only,42,4,0,3,147,61,0,59,0.3959731543624161,0.2932692307692308,0.28365384615384615
mixup_dd_only,42,4,0,4,147,61,0,60,0.40540540540540543,0.2932692307692308,0.28846153846153844
mixup_dd_only,42,4,0,5,147,61,0,61,0.41496598639455784,0.2932692307692308,0.2932692307692308
mixup_dd_only,42,4,0,6,147,61,0,59,0.3959731543624161,0.2932692307692308,0.28365384615384615
mixup_dd_only,42,4,0,7,147,61,0,60,0.40540540540540543,0.2932692307692308,0.28846153846153844
mixup_dd_only,42,4,0,8,147,61,0,61,0.41496598639455784,0.2932692307692308,0.2932692307692308
mixup_dd_only,42,4,0,9,147,61,0,58,0.38666666666666666,0.2932692307692308,0.27884615384615385
mixup_dd_only,42,4,0,10,147,61,0,61,0.41496598639455784,0.2932692307692308,0.2932692307692308
mixup_dd_only,42,4,0,11,147,61,0,59,0.3959731543624161,0.2932692307692308,0.28365384615384615
mixup_dd_only,42,4,0,12,147,61,0,61,0.41496598639455784,0.2932692307692308,0.2932692307692308
mixup_dd_only,42,4,0,13,147,61,0,61,0.41496598639455784,0.2932692307692308,0.2932692307692308
mixup_dd_only,42,4,0,14,147,61,0,61,0.41496598639455784,0.2932692307692308,0.2932692307692308
mixup_dd_only,42,4,0,15,147,61,0,60,0.40540540540540543,0.2932692307692308,0.28846153846153844
mixup_dd_only,42,4,0,16,147,61,0,60,0.40540540540540543,0.2932692307692308,0.28846153846153844
mixup_dd_only,42,4,0,17,147,61,0,60,0.40540540540540543,0.2932692307692308,0.28846153846153844
mixup_dd_only,42,4,0,18,147,61,0,58,0.38666666666666666,0.2932692307692308,0.27884615384615385
mixup_dd_only,42,4,0,19,147,61,0,61,0.41496598639455784,0.2932692307692308,0.2932692307692308
mixup_dd_only,42,4,0,20,147,61,0,60,0.40540540540540543,0.2932692307692308,0.28846153846153844
mixup_dd_only,42,4,0,21,147,61,0,58,0.38666666666666666,0.2932692307692308,0.27884615384615385
mixup_dd_only,42,4,0,22,147,61,0,61,0.41496598639455784,0.2932692307692308,0.2932692307692308
mixup_dd_only,42,4,0,23,147,61,0,60,0.40540540540540543,0.2932692307692308,0.28846153846153844
mixup_dd_only,42,4,0,24,147,61,0,61,0.41496598639455784,0.2932692307692308,0.2932692307692308
mixup_dd_only,42,4,0,25,147,61,0,61,0.41496598639455784,0.2932692307692308,0.2932692307692308
mixup_dd_only,42,4,0,26,147,61,0,61,0.41496598639455784,0.2932692307692308,0.2932692307692308
mixup_dd_only,42,4,0,27,147,61,0,58,0.38666666666666666,0.2932692307692308,0.27884615384615385
mixup_dd_only,42,4,1,1,147,61,0,60,0.40540540540540543,0.2932692307692308,0.28846153846153844
mixup_dd_only,42,4,1,2,147,61,0,59,0.3959731543624161,0.2932692307692308,0.28365384615384615
mixup_dd_only,42,4,1,3,147,61,0,59,0.3959731543624161,0.2932692307692308,0.28365384615384615
mixup_dd_only,42,4,1,4,147,61,0,59,0.3959731543624161,0.2932692307692308,0.28365384615384615
mixup_dd_only,42,4,1,5,147,61,0,61,0.41496598639455784,0.2932692307692308,0.2932692307692308
mixup_dd_only,42,4,1,6,147,61,0,59,0.3959731543624161,0.2932692307692308,0.28365384615384615
mixup_dd_only,42,4,1,7,147,61,0,60,0.40540540540540543,0.2932692307692308,0.28846153846153844
mixup_dd_only,42,4,1,8,147,61,0,59,0.3959731543624161,0.2932692307692308,0.28365384615384615
mixup_dd_only,42,4,1,9,147,61,0,61,0.41496598639455784,0.2932692307692308,0.2932692307692308
mixup_dd_only,42,4,1,10,147,61,0,61,0.41496598639455784,0.2932692307692308,0.2932692307692308
mixup_dd_only,42,4,1,11,147,61,0,60,0.40540540540540543,0.2932692307692308,0.28846153846153844
mixup_dd_only,42,4,1,12,147,61,0,60,0.40540540540540543,0.2932692307692308,0.28846153846153844
mixup_dd_only,42,4,1,13,147,61,0,58,0.38666666666666666,0.2932692307692308,0.27884615384615385
mixup_dd_only,42,4,1,14,147,61,0,60,0.40540540540540543,0.2932692307692308,0.28846153846153844
mixup_dd_only,42,4,1,15,147,61,0,60,0.40540540540540543,0.2932692307692308,0.28846153846153844
mixup_dd_only,42,4,1,16,147,61,0,60,0.40540540540540543,0.2932692307692308,0.28846153846153844
mixup_dd_only,42,4,1,17,147,61,0,61,0.41496598639455784,0.2932692307692308,0.2932692307692308
mixup_dd_only,42,4,1,18,147,61,0,59,0.3959731543624161,0.2932692307692308,0.28365384615384615
mixup_dd_only,42,4,1,19,147,61,0,61,0.41496598639455784,0.2932692307692308,0.2932692307692308
mixup_dd_only,42,4,1,20,147,61,0,59,0.3959731543624161,0.2932692307692308,0.28365384615384615
mixup_dd_only,42,4,1,21,147,61,0,61,0.41496598639455784,0.2932692307692308,0.2932692307692308
mixup_dd_only,42,4,1,22,147,61,0,60,0.40540540540540543,0.2932692307692308,0.28846153846153844
mixup_dd_only,42,4,1,23,147,61,0,60,0.40540540540540543,0.2932692307692308,0.28846153846153844
mixup_dd_only,42,4,1,24,147,61,0,60,0.40540540540540543,0.2932692307692308,0.28846153846153844
mixup_dd_only,42,4,2,1,148,62,0,60,0.4,0.29523809523809524,0.2857142857142857
mixup_dd_only,42,4,2,2,148,62,0,60,0.4,0.29523809523809524,0.2857142857142857
mixup_dd_only,42,4,2,3,148,62,0,61,0.40939597315436244,0.29523809523809524,0.2904761904761905
mixup_dd_only,42,4,2,4,148,62,0,61,0.40939597315436244,0.29523809523809524,0.2904761904761905
mixup_dd_only,42,4,2,5,148,62,0,61,0.40939597315436244,0.29523809523809524,0.2904761904761905
mixup_dd_only,42,4,2,6,148,62,0,60,0.4,0.29523809523809524,0.2857142857142857
mixup_dd_only,42,4,2,7,148,62,0,62,0.4189189189189189,0.29523809523809524,0.29523809523809524
mixup_dd_only,42,4,2,8,148,62,0,62,0.4189189189189189,0.29523809523809524,0.29523809523809524
mixup_dd_only,42,4,2,9,148,62,0,62,0.4189189189189189,0.29523809523809524,0.29523809523809524
mixup_dd_only,42,4,2,10,148,62,0,60,0.4,0.29523809523809524,0.2857142857142857
mixup_dd_only,42,4,2,11,148,62,0,61,0.40939597315436244,0.29523809523809524,0.2904761904761905
mixup_dd_only,42,4,2,12,148,62,0,60,0.4,0.29523809523809524,0.2857142857142857
mixup_dd_only,42,4,2,13,148,62,0,59,0.39072847682119205,0.29523809523809524,0.28095238095238095
mixup_dd_only,42,4,2,14,148,62,0,61,0.40939597315436244,0.29523809523809524,0.2904761904761905
mixup_dd_only,42,4,2,15,148,62,0,61,0.40939597315436244,0.29523809523809524,0.2904761904761905
mixup_dd_only,42,4,2,16,148,62,0,61,0.40939597315436244,0.29523809523809524,0.2904761904761905
mixup_dd_only,42,4,2,17,148,62,0,61,0.40939597315436244,0.29523809523809524,0.2904761904761905
mixup_dd_only,42,4,2,18,148,62,0,61,0.40939597315436244,0.29523809523809524,0.2904761904761905
mixup_dd_only,42,4,2,19,148,62,0,61,0.40939597315436244,0.29523809523809524,0.2904761904761905
mixup_dd_only,42,4,2,20,148,62,0,62,0.4189189189189189,0.29523809523809524,0.29523809523809524
mixup_dd_only,42,4,2,21,148,62,0,61,0.40939597315436244,0.29523809523809524,0.2904761904761905
mixup_dd_only,42,4,2,22,148,62,0,62,0.4189189189189189,0.29523809523809524,0.29523809523809524
mixup_dd_only,42,4,2,23,148,62,0,62,0.4189189189189189,0.29523809523809524,0.29523809523809524
mixup_dd_only,42,4,2,24,148,62,0,61,0.40939597315436244,0.29523809523809524,0.2904761904761905
mixup_dd_only,42,4,2,25,148,62,0,62,0.4189189189189189,0.29523809523809524,0.29523809523809524
mixup_dd_only,42,4,2,26,148,62,0,59,0.39072847682119205,0.29523809523809524,0.28095238095238095
mixup_dd_only,42,4,2,27,148,62,0,62,0.4189189189189189,0.29523809523809524,0.29523809523809524
mixup_dd_only,42,4,2,28,148,62,0,60,0.4,0.29523809523809524,0.2857142857142857
mixup_dd_only,42,4,2,29,148,62,0,62,0.4189189189189189,0.29523809523809524,0.29523809523809524
mixup_dd_only,42,4,2,30,148,62,0,62,0.4189189189189189,0.29523809523809524,0.29523809523809524
mixup_dd_only,42,4,2,31,148,62,0,61,0.40939597315436244,0.29523809523809524,0.2904761904761905
mixup_dd_only,42,4,2,32,148,62,0,62,0.4189189189189189,0.29523809523809524,0.29523809523809524
mixup_dd_only,42,4,2,33,148,62,0,62,0.4189189189189189,0.29523809523809524,0.29523809523809524
mixup_dd_only,42,4,2,34,148,62,0,61,0.40939597315436244,0.29523809523809524,0.2904761904761905
mixup_dd_only,42,4,2,35,148,62,0,61,0.40939597315436244,0.29523809523809524,0.2904761904761905
mixup_dd_only,42,4,2,36,148,62,0,60,0.4,0.29523809523809524,0.2857142857142857
mixup_dd_only,42,4,2,37,148,62,0,61,0.40939597315436244,0.29523809523809524,0.2904761904761905
mixup_dd_only,42,4,2,38,148,62,0,62,0.4189189189189189,0.29523809523809524,0.29523809523809524
mixup_dd_only,42,4,2,39,148,62,0,61,0.40939597315436244,0.29523809523809524,0.2904761904761905
mixup_dd_only,42,4,2,40,148,62,0,61,0.40939597315436244,0.29523809523809524,0.2904761904761905
mixup_dd_only,42,4,2,41,148,62,0,62,0.4189189189189189,0.29523809523809524,0.29523809523809524
mixup_dd_only,42,4,2,42,148,62,0,62,0.4189189189189189,0.29523809523809524,0.29523809523809524
mixup_dd_only,42,4,2,43,148,62,0,61,0.40939597315436244,0.29523809523809524,0.2904761904761905
mixup_dd_only,42,4,2,44,148,62,0,61,0.40939597315436244,0.29523809523809524,0.2904761904761905
mixup_dd_only,42,4,2,45,148,62,0,62,0.4189189189189189,0.29523809523809524,0.29523809523809524
mixup_dd_only,42,4,2,46,148,62,0,61,0.40939597315436244,0.29523809523809524,0.2904761904761905
mixup_dd_only,42,4,2,47,148,62,0,62,0.4189189189189189,0.29523809523809524,0.29523809523809524
mixup_dd_only,42,4,2,48,148,62,0,62,0.4189189189189189,0.29523809523809524,0.29523809523809524
mixup_dd_only,42,4,2,49,148,62,0,62,0.4189189189189189,0.29523809523809524,0.29523809523809524
mixup_dd_only,42,4,2,50,148,62,0,61,0.40939597315436244,0.29523809523809524,0.2904761904761905
mixup_dd_only,43,0,0,1,146,59,0,59,0.4041095890410959,0.28780487804878047,0.28780487804878047
mixup_dd_only,43,0,0,2,146,59,0,57,0.38513513513513514,0.28780487804878047,0.2780487804878049
mixup_dd_only,43,0,0,3,146,59,0,58,0.3945578231292517,0.28780487804878047,0.28292682926829266
mixup_dd_only,43,0,0,4,146,59,0,56,0.37583892617449666,0.28780487804878047,0.2731707317073171
mixup_dd_only,43,0,0,5,146,59,0,59,0.4041095890410959,0.28780487804878047,0.28780487804878047
mixup_dd_only,43,0,0,6,146,59,0,57,0.38513513513513514,0.28780487804878047,0.2780487804878049
mixup_dd_only,43,0,0,7,146,59,0,59,0.4041095890410959,0.28780487804878047,0.28780487804878047
mixup_dd_only,43,0,0,8,146,59,0,59,0.4041095890410959,0.28780487804878047,0.28780487804878047
mixup_dd_only,43,0,0,9,146,59,0,59,0.4041095890410959,0.28780487804878047,0.28780487804878047
mixup_dd_only,43,0,0,10,146,59,0,59,0.4041095890410959,0.28780487804878047,0.28780487804878047
mixup_dd_only,43,0,0,11,146,59,0,56,0.37583892617449666,0.28780487804878047,0.2731707317073171
mixup_dd_only,43,0,0,12,146,59,0,59,0.4041095890410959,0.28780487804878047,0.28780487804878047
mixup_dd_only,43,0,0,13,146,59,0,59,0.4041095890410959,0.28780487804878047,0.28780487804878047
mixup_dd_only,43,0,0,14,146,59,0,59,0.4041095890410959,0.28780487804878047,0.28780487804878047
mixup_dd_only,43,0,0,15,146,59,0,58,0.3945578231292517,0.28780487804878047,0.28292682926829266
mixup_dd_only,43,0,0,16,146,59,0,59,0.4041095890410959,0.28780487804878047,0.28780487804878047
mixup_dd_only,43,0,0,17,146,59,0,59,0.4041095890410959,0.28780487804878047,0.28780487804878047
mixup_dd_only,43,0,0,18,146,59,0,59,0.4041095890410959,0.28780487804878047,0.28780487804878047
mixup_dd_only,43,0,0,19,146,59,0,56,0.37583892617449666,0.28780487804878047,0.2731707317073171
mixup_dd_only,43,0,0,20,146,59,0,58,0.3945578231292517,0.28780487804878047,0.28292682926829266
mixup_dd_only,43,0,0,21,146,59,0,56,0.37583892617449666,0.28780487804878047,0.2731707317073171
mixup_dd_only,43,0,0,22,146,59,0,56,0.37583892617449666,0.28780487804878047,0.2731707317073171
mixup_dd_only,43,0,0,23,146,59,0,54,0.3576158940397351,0.28780487804878047,0.2634146341463415
mixup_dd_only,43,0,1,1,147,60,0,60,0.40816326530612246,0.2898550724637681,0.2898550724637681
mixup_dd_only,43,0,1,2,147,60,0,59,0.39864864864864863,0.2898550724637681,0.28502415458937197
mixup_dd_only,43,0,1,3,147,60,0,59,0.39864864864864863,0.2898550724637681,0.28502415458937197
mixup_dd_only,43,0,1,4,147,60,0,59,0.39864864864864863,0.2898550724637681,0.28502415458937197
mixup_dd_only,43,0,1,5,147,60,0,60,0.40816326530612246,0.2898550724637681,0.2898550724637681
mixup_dd_only,43,0,1,6,147,60,0,57,0.38,0.2898550724637681,0.2753623188405797
mixup_dd_only,43,0,1,7,147,60,0,60,0.40816326530612246,0.2898550724637681,0.2898550724637681
mixup_dd_only,43,0,1,8,147,60,0,60,0.40816326530612246,0.2898550724637681,0.2898550724637681
mixup_dd_only,43,0,1,9,147,60,0,60,0.40816326530612246,0.2898550724637681,0.2898550724637681
mixup_dd_only,43,0,1,10,147,60,0,59,0.39864864864864863,0.2898550724637681,0.28502415458937197
mixup_dd_only,43,0,1,11,147,60,0,56,0.3708609271523179,0.2898550724637681,0.27053140096618356
mixup_dd_only,43,0,1,12,147,60,0,59,0.39864864864864863,0.2898550724637681,0.28502415458937197
mixup_dd_only,43,0,1,13,147,60,0,58,0.38926174496644295,0.2898550724637681,0.28019323671497587
mixup_dd_only,43,0,1,14,147,60,0,60,0.40816326530612246,0.2898550724637681,0.2898550724637681
mixup_dd_only,43,0,1,15,147,60,0,58,0.38926174496644295,0.2898550724637681,0.28019323671497587
mixup_dd_only,43,0,1,16,147,60,0,57,0.38,0.2898550724637681,0.2753623188405797
mixup_dd_only,43,0,1,17,147,60,0,59,0.39864864864864863,0.2898550724637681,0.28502415458937197
mixup_dd_only,43,0,1,18,147,60,0,56,0.3708609271523179,0.2898550724637681,0.27053140096618356
mixup_dd_only,43,0,1,19,147,60,0,59,0.39864864864864863,0.2898550724637681,0.28502415458937197
mixup_dd_only,43,0,1,20,147,60,0,60,0.40816326530612246,0.2898550724637681,0.2898550724637681
mixup_dd_only,43,0,1,21,147,60,0,60,0.40816326530612246,0.2898550724637681,0.2898550724637681
mixup_dd_only,43,0,1,22,147,60,0,60,0.40816326530612246,0.2898550724637681,0.2898550724637681
mixup_dd_only,43,0,1,23,147,60,0,57,0.38,0.2898550724637681,0.2753623188405797
mixup_dd_only,43,0,1,24,147,60,0,58,0.38926174496644295,0.2898550724637681,0.28019323671497587
mixup_dd_only,43,0,2,1,147,61,0,59,0.3959731543624161,0.2932692307692308,0.28365384615384615
mixup_dd_only,43,0,2,2,147,61,0,59,0.3959731543624161,0.2932692307692308,0.28365384615384615
mixup_dd_only,43,0,2,3,147,61,0,60,0.40540540540540543,0.2932692307692308,0.28846153846153844
mixup_dd_only,43,0,2,4,147,61,0,60,0.40540540540540543,0.2932692307692308,0.28846153846153844
mixup_dd_only,43,0,2,5,147,61,0,60,0.40540540540540543,0.2932692307692308,0.28846153846153844
mixup_dd_only,43,0,2,6,147,61,0,60,0.40540540540540543,0.2932692307692308,0.28846153846153844
mixup_dd_only,43,0,2,7,147,61,0,61,0.41496598639455784,0.2932692307692308,0.2932692307692308
mixup_dd_only,43,0,2,8,147,61,0,60,0.40540540540540543,0.2932692307692308,0.28846153846153844
mixup_dd_only,43,0,2,9,147,61,0,59,0.3959731543624161,0.2932692307692308,0.28365384615384615
mixup_dd_only,43,0,2,10,147,61,0,58,0.38666666666666666,0.2932692307692308,0.27884615384615385
mixup_dd_only,43,0,2,11,147,61,0,59,0.3959731543624161,0.2932692307692308,0.28365384615384615
mixup_dd_only,43,0,2,12,147,61,0,60,0.40540540540540543,0.2932692307692308,0.28846153846153844
mixup_dd_only,43,0,2,13,147,61,0,61,0.41496598639455784,0.2932692307692308,0.2932692307692308
mixup_dd_only,43,0,2,14,147,61,0,59,0.3959731543624161,0.2932692307692308,0.28365384615384615
mixup_dd_only,43,0,2,15,147,61,0,61,0.41496598639455784,0.2932692307692308,0.2932692307692308
mixup_dd_only,43,0,2,16,147,61,0,59,0.3959731543624161,0.2932692307692308,0.28365384615384615
mixup_dd_only,43,0,2,17,147,61,0,58,0.38666666666666666,0.2932692307692308,0.27884615384615385
mixup_dd_only,43,0,2,18,147,61,0,60,0.40540540540540543,0.2932692307692308,0.28846153846153844
mixup_dd_only,43,0,2,19,147,61,0,59,0.3959731543624161,0.2932692307692308,0.28365384615384615
mixup_dd_only,43,1,0,1,147,60,0,56,0.3708609271523179,0.2898550724637681,0.27053140096618356
mixup_dd_only,43,1,0,2,147,60,0,59,0.39864864864864863,0.2898550724637681,0.28502415458937197
mixup_dd_only,43,1,0,3,147,60,0,57,0.38,0.2898550724637681,0.2753623188405797
mixup_dd_only,43,1,0,4,147,60,0,60,0.40816326530612246,0.2898550724637681,0.2898550724637681
mixup_dd_only,43,1,0,5,147,60,0,59,0.39864864864864863,0.2898550724637681,0.28502415458937197
mixup_dd_only,43,1,0,6,147,60,0,60,0.40816326530612246,0.2898550724637681,0.2898550724637681
mixup_dd_only,43,1,0,7,147,60,0,58,0.38926174496644295,0.2898550724637681,0.28019323671497587
mixup_dd_only,43,1,0,8,147,60,0,60,0.40816326530612246,0.2898550724637681,0.2898550724637681
mixup_dd_only,43,1,0,9,147,60,0,59,0.39864864864864863,0.2898550724637681,0.28502415458937197
mixup_dd_only,43,1,0,10,147,60,0,59,0.39864864864864863,0.2898550724637681,0.28502415458937197
mixup_dd_only,43,1,0,11,147,60,0,58,0.38926174496644295,0.2898550724637681,0.28019323671497587
mixup_dd_only,43,1,0,12,147,60,0,60,0.40816326530612246,0.2898550724637681,0.2898550724637681
mixup_dd_only,43,1,0,13,147,60,0,58,0.38926174496644295,0.2898550724637681,0.28019323671497587
mixup_dd_only,43,1,0,14,147,60,0,60,0.40816326530612246,0.2898550724637681,0.2898550724637681
mixup_dd_only,43,1,0,15,147,60,0,60,0.40816326530612246,0.2898550724637681,0.2898550724637681
mixup_dd_only,43,1,0,16,147,60,0,59,0.39864864864864863,0.2898550724637681,0.28502415458937197
mixup_dd_only,43,1,0,17,147,60,0,59,0.39864864864864863,0.2898550724637681,0.28502415458937197
mixup_dd_only,43,1,0,18,147,60,0,60,0.40816326530612246,0.2898550724637681,0.2898550724637681
mixup_dd_only,43,1,0,19,147,60,0,56,0.3708609271523179,0.2898550724637681,0.27053140096618356
mixup_dd_only,43,1,0,20,147,60,0,57,0.38,0.2898550724637681,0.2753623188405797
mixup_dd_only,43,1,0,21,147,60,0,58,0.38926174496644295,0.2898550724637681,0.28019323671497587
mixup_dd_only,43,1,0,22,147,60,0,60,0.40816326530612246,0.2898550724637681,0.2898550724637681
mixup_dd_only,43,1,0,23,147,60,0,56,0.3708609271523179,0.2898550724637681,0.27053140096618356
mixup_dd_only,43,1,0,24,147,60,0,59,0.39864864864864863,0.2898550724637681,0.28502415458937197
mixup_dd_only,43,1,0,25,147,60,0,60,0.40816326530612246,0.2898550724637681,0.2898550724637681
mixup_dd_only,43,1,1,1,147,61,0,60,0.40540540540540543,0.2932692307692308,0.28846153846153844
mixup_dd_only,43,1,1,2,147,61,0,60,0.40540540540540543,0.2932692307692308,0.28846153846153844
mixup_dd_only,43,1,1,3,147,61,0,60,0.40540540540540543,0.2932692307692308,0.28846153846153844
mixup_dd_only,43,1,1,4,147,61,0,61,0.41496598639455784,0.2932692307692308,0.2932692307692308
mixup_dd_only,43,1,1,5,147,61,0,61,0.41496598639455784,0.2932692307692308,0.2932692307692308
mixup_dd_only,43,1,1,6,147,61,0,59,0.3959731543624161,0.2932692307692308,0.28365384615384615
mixup_dd_only,43,1,1,7,147,61,0,60,0.40540540540540543,0.2932692307692308,0.28846153846153844
mixup_dd_only,43,1,1,8,147,61,0,60,0.40540540540540543,0.2932692307692308,0.28846153846153844
mixup_dd_only,43,1,1,9,147,61,0,61,0.41496598639455784,0.2932692307692308,0.2932692307692308
mixup_dd_only,43,1,1,10,147,61,0,60,0.40540540540540543,0.2932692307692308,0.28846153846153844
mixup_dd_only,43,1,1,11,147,61,0,61,0.41496598639455784,0.2932692307692308,0.2932692307692308
mixup_dd_only,43,1,1,12,147,61,0,60,0.40540540540540543,0.2932692307692308,0.28846153846153844
mixup_dd_only,43,1,1,13,147,61,0,57,0.37748344370860926,0.2932692307692308,0.27403846153846156
mixup_dd_only,43,1,1,14,147,61,0,59,0.3959731543624161,0.2932692307692308,0.28365384615384615
mixup_dd_only,43,1,1,15,147,61,0,60,0.40540540540540543,0.2932692307692308,0.28846153846153844
mixup_dd_only,43,1,1,16,147,61,0,61,0.41496598639455784,0.2932692307692308,0.2932692307692308
mixup_dd_only,43,1,1,17,147,61,0,60,0.40540540540540543,0.2932692307692308,0.28846153846153844
mixup_dd_only,43,1,1,18,147,61,0,60,0.40540540540540543,0.2932692307692308,0.28846153846153844
mixup_dd_only,43,1,1,19,147,61,0,59,0.3959731543624161,0.2932692307692308,0.28365384615384615
mixup_dd_only,43,1,1,20,147,61,0,60,0.40540540540540543,0.2932692307692308,0.28846153846153844
mixup_dd_only,43,1,1,21,147,61,0,61,0.41496598639455784,0.2932692307692308,0.2932692307692308
mixup_dd_only,43,1,1,22,147,61,0,61,0.41496598639455784,0.2932692307692308,0.2932692307692308
mixup_dd_only,43,1,1,23,147,61,0,61,0.41496598639455784,0.2932692307692308,0.2932692307692308
mixup_dd_only,43,1,2,1,148,61,0,59,0.3933333333333333,0.291866028708134,0.2822966507177033
mixup_dd_only,43,1,2,2,148,61,0,60,0.40268456375838924,0.291866028708134,0.28708133971291866
mixup_dd_only,43,1,2,3,148,61,0,61,0.41216216216216217,0.291866028708134,0.291866028708134
mixup_dd_only,43,1,2,4,148,61,0,61,0.41216216216216217,0.291866028708134,0.291866028708134
mixup_dd_only,43,1,2,5,148,61,0,60,0.40268456375838924,0.291866028708134,0.28708133971291866
mixup_dd_only,43,1,2,6,148,61,0,61,0.41216216216216217,0.291866028708134,0.291866028708134
mixup_dd_only,43,1,2,7,148,61,0,58,0.3841059602649007,0.291866028708134,0.27751196172248804
mixup_dd_only,43,1,2,8,148,61,0,61,0.41216216216216217,0.291866028708134,0.291866028708134
mixup_dd_only,43,1,2,9,148,61,0,61,0.41216216216216217,0.291866028708134,0.291866028708134
mixup_dd_only,43,1,2,10,148,61,0,59,0.3933333333333333,0.291866028708134,0.2822966507177033
mixup_dd_only,43,1,2,11,148,61,0,60,0.40268456375838924,0.291866028708134,0.28708133971291866
mixup_dd_only,43,1,2,12,148,61,0,59,0.3933333333333333,0.291866028708134,0.2822966507177033
mixup_dd_only,43,1,2,13,148,61,0,60,0.40268456375838924,0.291866028708134,0.28708133971291866
mixup_dd_only,43,1,2,14,148,61,0,60,0.40268456375838924,0.291866028708134,0.28708133971291866
mixup_dd_only,43,1,2,15,148,61,0,61,0.41216216216216217,0.291866028708134,0.291866028708134
mixup_dd_only,43,1,2,16,148,61,0,61,0.41216216216216217,0.291866028708134,0.291866028708134
mixup_dd_only,43,1,2,17,148,61,0,60,0.40268456375838924,0.291866028708134,0.28708133971291866
mixup_dd_only,43,1,2,18,148,61,0,58,0.3841059602649007,0.291866028708134,0.27751196172248804
mixup_dd_only,43,1,2,19,148,61,0,61,0.41216216216216217,0.291866028708134,0.291866028708134
mixup_dd_only,43,1,2,20,148,61,0,57,0.375,0.291866028708134,0.2727272727272727
mixup_dd_only,43,1,2,21,148,61,0,60,0.40268456375838924,0.291866028708134,0.28708133971291866
mixup_dd_only,43,2,0,1,147,60,0,60,0.40816326530612246,0.2898550724637681,0.2898550724637681
mixup_dd_only,43,2,0,2,147,60,0,59,0.39864864864864863,0.2898550724637681,0.28502415458937197
mixup_dd_only,43,2,0,3,147,60,0,60,0.40816326530612246,0.2898550724637681,0.2898550724637681
mixup_dd_only,43,2,0,4,147,60,0,57,0.38,0.2898550724637681,0.2753623188405797
mixup_dd_only,43,2,0,5,147,60,0,58,0.38926174496644295,0.2898550724637681,0.28019323671497587
mixup_dd_only,43,2,0,6,147,60,0,58,0.38926174496644295,0.2898550724637681,0.28019323671497587
mixup_dd_only,43,2,0,7,147,60,0,60,0.40816326530612246,0.2898550724637681,0.2898550724637681
mixup_dd_only,43,2,0,8,147,60,0,59,0.39864864864864863,0.2898550724637681,0.28502415458937197
mixup_dd_only,43,2,0,9,147,60,0,56,0.3708609271523179,0.2898550724637681,0.27053140096618356
mixup_dd_only,43,2,0,10,147,60,0,59,0.39864864864864863,0.2898550724637681,0.28502415458937197
mixup_dd_only,43,2,0,11,147,60,0,58,0.38926174496644295,0.2898550724637681,0.28019323671497587
mixup_dd_only,43,2,0,12,147,60,0,58,0.38926174496644295,0.2898550724637681,0.28019323671497587
mixup_dd_only,43,2,0,13,147,60,0,59,0.39864864864864863,0.2898550724637681,0.28502415458937197
mixup_dd_only,43,2,0,14,147,60,0,60,0.40816326530612246,0.2898550724637681,0.2898550724637681
mixup_dd_only,43,2,0,15,147,60,0,60,0.40816326530612246,0.2898550724637681,0.2898550724637681
mixup_dd_only,43,2,0,16,147,60,0,60,0.40816326530612246,0.2898550724637681,0.2898550724637681
mixup_dd_only,43,2,0,17,147,60,0,60,0.40816326530612246,0.2898550724637681,0.2898550724637681
mixup_dd_only,43,2,0,18,147,60,0,58,0.38926174496644295,0.2898550724637681,0.28019323671497587
mixup_dd_only,43,2,0,19,147,60,0,59,0.39864864864864863,0.2898550724637681,0.28502415458937197
mixup_dd_only,43,2,0,20,147,60,0,58,0.38926174496644295,0.2898550724637681,0.28019323671497587
mixup_dd_only,43,2,0,21,147,60,0,60,0.40816326530612246,0.2898550724637681,0.2898550724637681
mixup_dd_only,43,2,0,22,147,60,0,60,0.40816326530612246,0.2898550724637681,0.2898550724637681
mixup_dd_only,43,2,0,23,147,60,0,60,0.40816326530612246,0.2898550724637681,0.2898550724637681
mixup_dd_only,43,2,0,24,147,60,0,59,0.39864864864864863,0.2898550724637681,0.28502415458937197
mixup_dd_only,43,2,0,25,147,60,0,59,0.39864864864864863,0.2898550724637681,0.28502415458937197
mixup_dd_only,43,2,0,26,147,60,0,59,0.39864864864864863,0.2898550724637681,0.28502415458937197
mixup_dd_only,43,2,0,27,147,60,0,57,0.38,0.2898550724637681,0.2753623188405797
mixup_dd_only,43,2,0,28,147,60,0,60,0.40816326530612246,0.2898550724637681,0.2898550724637681
mixup_dd_only,43,2,0,29,147,60,0,60,0.40816326530612246,0.2898550724637681,0.2898550724637681
mixup_dd_only,43,2,0,30,147,60,0,60,0.40816326530612246,0.2898550724637681,0.2898550724637681
mixup_dd_only,43,2,0,31,147,60,0,60,0.40816326530612246,0.2898550724637681,0.2898550724637681
mixup_dd_only,43,2,0,32,147,60,0,59,0.39864864864864863,0.2898550724637681,0.28502415458937197
mixup_dd_only,43,2,0,33,147,60,0,60,0.40816326530612246,0.2898550724637681,0.2898550724637681
mixup_dd_only,43,2,1,1,147,61,0,60,0.40540540540540543,0.2932692307692308,0.28846153846153844
mixup_dd_only,43,2,1,2,147,61,0,59,0.3959731543624161,0.2932692307692308,0.28365384615384615
mixup_dd_only,43,2,1,3,147,61,0,58,0.38666666666666666,0.2932692307692308,0.27884615384615385
mixup_dd_only,43,2,1,4,147,61,0,60,0.40540540540540543,0.2932692307692308,0.28846153846153844
mixup_dd_only,43,2,1,5,147,61,0,59,0.3959731543624161,0.2932692307692308,0.28365384615384615
mixup_dd_only,43,2,1,6,147,61,0,60,0.40540540540540543,0.2932692307692308,0.28846153846153844
mixup_dd_only,43,2,1,7,147,61,0,59,0.3959731543624161,0.2932692307692308,0.28365384615384615
mixup_dd_only,43,2,1,8,147,61,0,61,0.41496598639455784,0.2932692307692308,0.2932692307692308
mixup_dd_only,43,2,1,9,147,61,0,61,0.41496598639455784,0.2932692307692308,0.2932692307692308
mixup_dd_only,43,2,1,10,147,61,0,60,0.40540540540540543,0.2932692307692308,0.28846153846153844
mixup_dd_only,43,2,1,11,147,61,0,60,0.40540540540540543,0.2932692307692308,0.28846153846153844
mixup_dd_only,43,2,1,12,147,61,0,60,0.40540540540540543,0.2932692307692308,0.28846153846153844
mixup_dd_only,43,2,1,13,147,61,0,58,0.38666666666666666,0.2932692307692308,0.27884615384615385
mixup_dd_only,43,2,1,14,147,61,0,61,0.41496598639455784,0.2932692307692308,0.2932692307692308
mixup_dd_only,43,2,1,15,147,61,0,61,0.41496598639455784,0.2932692307692308,0.2932692307692308
mixup_dd_only,43,2,1,16,147,61,0,61,0.41496598639455784,0.2932692307692308,0.2932692307692308
mixup_dd_only,43,2,1,17,147,61,0,61,0.41496598639455784,0.2932692307692308,0.2932692307692308
mixup_dd_only,43,2,1,18,147,61,0,60,0.40540540540540543,0.2932692307692308,0.28846153846153844
mixup_dd_only,43,2,1,19,147,61,0,59,0.3959731543624161,0.2932692307692308,0.28365384615384615
mixup_dd_only,43,2,1,20,147,61,0,61,0.41496598639455784,0.2932692307692308,0.2932692307692308
mixup_dd_only,43,2,1,21,147,61,0,58,0.38666666666666666,0.2932692307692308,0.27884615384615385
mixup_dd_only,43,2,1,22,147,61,0,60,0.40540540540540543,0.2932692307692308,0.28846153846153844
mixup_dd_only,43,2,1,23,147,61,0,61,0.41496598639455784,0.2932692307692308,0.2932692307692308
mixup_dd_only,43,2,1,24,147,61,0,57,0.37748344370860926,0.2932692307692308,0.27403846153846156
mixup_dd_only,43,2,2,1,148,61,0,61,0.41216216216216217,0.291866028708134,0.291866028708134
mixup_dd_only,43,2,2,2,148,61,0,59,0.3933333333333333,0.291866028708134,0.2822966507177033
mixup_dd_only,43,2,2,3,148,61,0,61,0.41216216216216217,0.291866028708134,0.291866028708134
mixup_dd_only,43,2,2,4,148,61,0,59,0.3933333333333333,0.291866028708134,0.2822966507177033
mixup_dd_only,43,2,2,5,148,61,0,61,0.41216216216216217,0.291866028708134,0.291866028708134
mixup_dd_only,43,2,2,6,148,61,0,60,0.40268456375838924,0.291866028708134,0.28708133971291866
mixup_dd_only,43,2,2,7,148,61,0,60,0.40268456375838924,0.291866028708134,0.28708133971291866
mixup_dd_only,43,2,2,8,148,61,0,60,0.40268456375838924,0.291866028708134,0.28708133971291866
mixup_dd_only,43,2,2,9,148,61,0,58,0.3841059602649007,0.291866028708134,0.27751196172248804
mixup_dd_only,43,2,2,10,148,61,0,61,0.41216216216216217,0.291866028708134,0.291866028708134
mixup_dd_only,43,2,2,11,148,61,0,61,0.41216216216216217,0.291866028708134,0.291866028708134
mixup_dd_only,43,2,2,12,148,61,0,60,0.40268456375838924,0.291866028708134,0.28708133971291866
mixup_dd_only,43,2,2,13,148,61,0,59,0.3933333333333333,0.291866028708134,0.2822966507177033
mixup_dd_only,43,2,2,14,148,61,0,60,0.40268456375838924,0.291866028708134,0.28708133971291866
mixup_dd_only,43,2,2,15,148,61,0,56,0.3660130718954248,0.291866028708134,0.2679425837320574
mixup_dd_only,43,2,2,16,148,61,0,60,0.40268456375838924,0.291866028708134,0.28708133971291866
mixup_dd_only,43,2,2,17,148,61,0,60,0.40268456375838924,0.291866028708134,0.28708133971291866
mixup_dd_only,43,2,2,18,148,61,0,59,0.3933333333333333,0.291866028708134,0.2822966507177033
mixup_dd_only,43,2,2,19,148,61,0,61,0.41216216216216217,0.291866028708134,0.291866028708134
mixup_dd_only,43,2,2,20,148,61,0,59,0.3933333333333333,0.291866028708134,0.2822966507177033
mixup_dd_only,43,2,2,21,148,61,0,60,0.40268456375838924,0.291866028708134,0.28708133971291866
mixup_dd_only,43,2,2,22,148,61,0,58,0.3841059602649007,0.291866028708134,0.27751196172248804
mixup_dd_only,43,3,0,1,147,61,0,60,0.40540540540540543,0.2932692307692308,0.28846153846153844
mixup_dd_only,43,3,0,2,147,61,0,61,0.41496598639455784,0.2932692307692308,0.2932692307692308
mixup_dd_only,43,3,0,3,147,61,0,60,0.40540540540540543,0.2932692307692308,0.28846153846153844
mixup_dd_only,43,3,0,4,147,61,0,60,0.40540540540540543,0.2932692307692308,0.28846153846153844
mixup_dd_only,43,3,0,5,147,61,0,61,0.41496598639455784,0.2932692307692308,0.2932692307692308
mixup_dd_only,43,3,0,6,147,61,0,61,0.41496598639455784,0.2932692307692308,0.2932692307692308
mixup_dd_only,43,3,0,7,147,61,0,58,0.38666666666666666,0.2932692307692308,0.27884615384615385
mixup_dd_only,43,3,0,8,147,61,0,60,0.40540540540540543,0.2932692307692308,0.28846153846153844
mixup_dd_only,43,3,0,9,147,61,0,61,0.41496598639455784,0.2932692307692308,0.2932692307692308
mixup_dd_only,43,3,0,10,147,61,0,61,0.41496598639455784,0.2932692307692308,0.2932692307692308
mixup_dd_only,43,3,0,11,147,61,0,57,0.37748344370860926,0.2932692307692308,0.27403846153846156
mixup_dd_only,43,3,0,12,147,61,0,60,0.40540540540540543,0.2932692307692308,0.28846153846153844
mixup_dd_only,43,3,0,13,147,61,0,54,0.35064935064935066,0.2932692307692308,0.25961538461538464
mixup_dd_only,43,3,0,14,147,61,0,60,0.40540540540540543,0.2932692307692308,0.28846153846153844
mixup_dd_only,43,3,0,15,147,61,0,59,0.3959731543624161,0.2932692307692308,0.28365384615384615
mixup_dd_only,43,3,0,16,147,61,0,60,0.40540540540540543,0.2932692307692308,0.28846153846153844
mixup_dd_only,43,3,0,17,147,61,0,60,0.40540540540540543,0.2932692307692308,0.28846153846153844
mixup_dd_only,43,3,0,18,147,61,0,61,0.41496598639455784,0.2932692307692308,0.2932692307692308
mixup_dd_only,43,3,0,19,147,61,0,58,0.38666666666666666,0.2932692307692308,0.27884615384615385
mixup_dd_only,43,3,0,20,147,61,0,61,0.41496598639455784,0.2932692307692308,0.2932692307692308
mixup_dd_only,43,3,0,21,147,61,0,60,0.40540540540540543,0.2932692307692308,0.28846153846153844
mixup_dd_only,43,3,0,22,147,61,0,61,0.41496598639455784,0.2932692307692308,0.2932692307692308
mixup_dd_only,43,3,0,23,147,61,0,61,0.41496598639455784,0.2932692307692308,0.2932692307692308
mixup_dd_only,43,3,0,24,147,61,0,60,0.40540540540540543,0.2932692307692308,0.28846153846153844
mixup_dd_only,43,3,0,25,147,61,0,60,0.40540540540540543,0.2932692307692308,0.28846153846153844
mixup_dd_only,43,3,0,26,147,61,0,59,0.3959731543624161,0.2932692307692308,0.28365384615384615
mixup_dd_only,43,3,0,27,147,61,0,60,0.40540540540540543,0.2932692307692308,0.28846153846153844
mixup_dd_only,43,3,0,28,147,61,0,60,0.40540540540540543,0.2932692307692308,0.28846153846153844
mixup_dd_only,43,3,0,29,147,61,0,58,0.38666666666666666,0.2932692307692308,0.27884615384615385
mixup_dd_only,43,3,0,30,147,61,0,59,0.3959731543624161,0.2932692307692308,0.28365384615384615
mixup_dd_only,43,3,1,1,147,61,0,60,0.40540540540540543,0.2932692307692308,0.28846153846153844
mixup_dd_only,43,3,1,2,147,61,0,61,0.41496598639455784,0.2932692307692308,0.2932692307692308
mixup_dd_only,43,3,1,3,147,61,0,61,0.41496598639455784,0.2932692307692308,0.2932692307692308
mixup_dd_only,43,3,1,4,147,61,0,61,0.41496598639455784,0.2932692307692308,0.2932692307692308
mixup_dd_only,43,3,1,5,147,61,0,59,0.3959731543624161,0.2932692307692308,0.28365384615384615
mixup_dd_only,43,3,1,6,147,61,0,61,0.41496598639455784,0.2932692307692308,0.2932692307692308
mixup_dd_only,43,3,1,7,147,61,0,60,0.40540540540540543,0.2932692307692308,0.28846153846153844
mixup_dd_only,43,3,1,8,147,61,0,60,0.40540540540540543,0.2932692307692308,0.28846153846153844
mixup_dd_only,43,3,1,9,147,61,0,60,0.40540540540540543,0.2932692307692308,0.28846153846153844
mixup_dd_only,43,3,1,10,147,61,0,58,0.38666666666666666,0.2932692307692308,0.27884615384615385
mixup_dd_only,43,3,1,11,147,61,0,60,0.40540540540540543,0.2932692307692308,0.28846153846153844
mixup_dd_only,43,3,1,12,147,61,0,60,0.40540540540540543,0.2932692307692308,0.28846153846153844
mixup_dd_only,43,3,1,13,147,61,0,60,0.40540540540540543,0.2932692307692308,0.28846153846153844
mixup_dd_only,43,3,1,14,147,61,0,59,0.3959731543624161,0.2932692307692308,0.28365384615384615
mixup_dd_only,43,3,1,15,147,61,0,60,0.40540540540540543,0.2932692307692308,0.28846153846153844
mixup_dd_only,43,3,1,16,147,61,0,60,0.40540540540540543,0.2932692307692308,0.28846153846153844
mixup_dd_only,43,3,1,17,147,61,0,58,0.38666666666666666,0.2932692307692308,0.27884615384615385
mixup_dd_only,43,3,1,18,147,61,0,59,0.3959731543624161,0.2932692307692308,0.28365384615384615
mixup_dd_only,43,3,1,19,147,61,0,60,0.40540540540540543,0.2932692307692308,0.28846153846153844
mixup_dd_only,43,3,1,20,147,61,0,60,0.40540540540540543,0.2932692307692308,0.28846153846153844
mixup_dd_only,43,3,1,21,147,61,0,61,0.41496598639455784,0.2932692307692308,0.2932692307692308
mixup_dd_only,43,3,1,22,147,61,0,58,0.38666666666666666,0.2932692307692308,0.27884615384615385
mixup_dd_only,43,3,1,23,147,61,0,60,0.40540540540540543,0.2932692307692308,0.28846153846153844
mixup_dd_only,43,3,1,24,147,61,0,60,0.40540540540540543,0.2932692307692308,0.28846153846153844
mixup_dd_only,43,3,1,25,147,61,0,61,0.41496598639455784,0.2932692307692308,0.2932692307692308
mixup_dd_only,43,3,1,26,147,61,0,59,0.3959731543624161,0.2932692307692308,0.28365384615384615
mixup_dd_only,43,3,1,27,147,61,0,61,0.41496598639455784,0.2932692307692308,0.2932692307692308
mixup_dd_only,43,3,1,28,147,61,0,60,0.40540540540540543,0.2932692307692308,0.28846153846153844
mixup_dd_only,43,3,2,1,148,62,0,62,0.4189189189189189,0.29523809523809524,0.29523809523809524
mixup_dd_only,43,3,2,2,148,62,0,62,0.4189189189189189,0.29523809523809524,0.29523809523809524
mixup_dd_only,43,3,2,3,148,62,0,62,0.4189189189189189,0.29523809523809524,0.29523809523809524
mixup_dd_only,43,3,2,4,148,62,0,62,0.4189189189189189,0.29523809523809524,0.29523809523809524
mixup_dd_only,43,3,2,5,148,62,0,60,0.4,0.29523809523809524,0.2857142857142857
mixup_dd_only,43,3,2,6,148,62,0,62,0.4189189189189189,0.29523809523809524,0.29523809523809524
mixup_dd_only,43,3,2,7,148,62,0,62,0.4189189189189189,0.29523809523809524,0.29523809523809524
mixup_dd_only,43,3,2,8,148,62,0,62,0.4189189189189189,0.29523809523809524,0.29523809523809524
mixup_dd_only,43,3,2,9,148,62,0,61,0.40939597315436244,0.29523809523809524,0.2904761904761905
mixup_dd_only,43,3,2,10,148,62,0,60,0.4,0.29523809523809524,0.2857142857142857
mixup_dd_only,43,3,2,11,148,62,0,60,0.4,0.29523809523809524,0.2857142857142857
mixup_dd_only,43,3,2,12,148,62,0,61,0.40939597315436244,0.29523809523809524,0.2904761904761905
mixup_dd_only,43,3,2,13,148,62,0,60,0.4,0.29523809523809524,0.2857142857142857
mixup_dd_only,43,3,2,14,148,62,0,61,0.40939597315436244,0.29523809523809524,0.2904761904761905
mixup_dd_only,43,3,2,15,148,62,0,60,0.4,0.29523809523809524,0.2857142857142857
mixup_dd_only,43,3,2,16,148,62,0,61,0.40939597315436244,0.29523809523809524,0.2904761904761905
mixup_dd_only,43,3,2,17,148,62,0,59,0.39072847682119205,0.29523809523809524,0.28095238095238095
mixup_dd_only,43,3,2,18,148,62,0,58,0.3815789473684211,0.29523809523809524,0.2761904761904762
mixup_dd_only,43,3,2,19,148,62,0,61,0.40939597315436244,0.29523809523809524,0.2904761904761905
mixup_dd_only,43,3,2,20,148,62,0,62,0.4189189189189189,0.29523809523809524,0.29523809523809524
mixup_dd_only,43,3,2,21,148,62,0,62,0.4189189189189189,0.29523809523809524,0.29523809523809524
mixup_dd_only,43,3,2,22,148,62,0,60,0.4,0.29523809523809524,0.2857142857142857
mixup_dd_only,43,3,2,23,148,62,0,62,0.4189189189189189,0.29523809523809524,0.29523809523809524
mixup_dd_only,43,4,0,1,147,61,0,59,0.3959731543624161,0.2932692307692308,0.28365384615384615
mixup_dd_only,43,4,0,2,147,61,0,60,0.40540540540540543,0.2932692307692308,0.28846153846153844
mixup_dd_only,43,4,0,3,147,61,0,60,0.40540540540540543,0.2932692307692308,0.28846153846153844
mixup_dd_only,43,4,0,4,147,61,0,61,0.41496598639455784,0.2932692307692308,0.2932692307692308
mixup_dd_only,43,4,0,5,147,61,0,59,0.3959731543624161,0.2932692307692308,0.28365384615384615
mixup_dd_only,43,4,0,6,147,61,0,61,0.41496598639455784,0.2932692307692308,0.2932692307692308
mixup_dd_only,43,4,0,7,147,61,0,59,0.3959731543624161,0.2932692307692308,0.28365384615384615
mixup_dd_only,43,4,0,8,147,61,0,60,0.40540540540540543,0.2932692307692308,0.28846153846153844
mixup_dd_only,43,4,0,9,147,61,0,61,0.41496598639455784,0.2932692307692308,0.2932692307692308
mixup_dd_only,43,4,0,10,147,61,0,61,0.41496598639455784,0.2932692307692308,0.2932692307692308
mixup_dd_only,43,4,0,11,147,61,0,60,0.40540540540540543,0.2932692307692308,0.28846153846153844
mixup_dd_only,43,4,0,12,147,61,0,60,0.40540540540540543,0.2932692307692308,0.28846153846153844
mixup_dd_only,43,4,0,13,147,61,0,58,0.38666666666666666,0.2932692307692308,0.27884615384615385
mixup_dd_only,43,4,0,14,147,61,0,61,0.41496598639455784,0.2932692307692308,0.2932692307692308
mixup_dd_only,43,4,0,15,147,61,0,60,0.40540540540540543,0.2932692307692308,0.28846153846153844
mixup_dd_only,43,4,0,16,147,61,0,60,0.40540540540540543,0.2932692307692308,0.28846153846153844
mixup_dd_only,43,4,0,17,147,61,0,59,0.3959731543624161,0.2932692307692308,0.28365384615384615
mixup_dd_only,43,4,0,18,147,61,0,58,0.38666666666666666,0.2932692307692308,0.27884615384615385
mixup_dd_only,43,4,0,19,147,61,0,61,0.41496598639455784,0.2932692307692308,0.2932692307692308
mixup_dd_only,43,4,0,20,147,61,0,61,0.41496598639455784,0.2932692307692308,0.2932692307692308
mixup_dd_only,43,4,0,21,147,61,0,60,0.40540540540540543,0.2932692307692308,0.28846153846153844
mixup_dd_only,43,4,0,22,147,61,0,59,0.3959731543624161,0.2932692307692308,0.28365384615384615
mixup_dd_only,43,4,1,1,147,61,0,59,0.3959731543624161,0.2932692307692308,0.28365384615384615
mixup_dd_only,43,4,1,2,147,61,0,61,0.41496598639455784,0.2932692307692308,0.2932692307692308
mixup_dd_only,43,4,1,3,147,61,0,60,0.40540540540540543,0.2932692307692308,0.28846153846153844
mixup_dd_only,43,4,1,4,147,61,0,60,0.40540540540540543,0.2932692307692308,0.28846153846153844
mixup_dd_only,43,4,1,5,147,61,0,60,0.40540540540540543,0.2932692307692308,0.28846153846153844
mixup_dd_only,43,4,1,6,147,61,0,61,0.41496598639455784,0.2932692307692308,0.2932692307692308
mixup_dd_only,43,4,1,7,147,61,0,60,0.40540540540540543,0.2932692307692308,0.28846153846153844
mixup_dd_only,43,4,1,8,147,61,0,61,0.41496598639455784,0.2932692307692308,0.2932692307692308
mixup_dd_only,43,4,1,9,147,61,0,60,0.40540540540540543,0.2932692307692308,0.28846153846153844
mixup_dd_only,43,4,1,10,147,61,0,61,0.41496598639455784,0.2932692307692308,0.2932692307692308
mixup_dd_only,43,4,1,11,147,61,0,58,0.38666666666666666,0.2932692307692308,0.27884615384615385
mixup_dd_only,43,4,1,12,147,61,0,60,0.40540540540540543,0.2932692307692308,0.28846153846153844
mixup_dd_only,43,4,1,13,147,61,0,60,0.40540540540540543,0.2932692307692308,0.28846153846153844
mixup_dd_only,43,4,1,14,147,61,0,59,0.3959731543624161,0.2932692307692308,0.28365384615384615
mixup_dd_only,43,4,1,15,147,61,0,61,0.41496598639455784,0.2932692307692308,0.2932692307692308
mixup_dd_only,43,4,1,16,147,61,0,58,0.38666666666666666,0.2932692307692308,0.27884615384615385
mixup_dd_only,43,4,1,17,147,61,0,59,0.3959731543624161,0.2932692307692308,0.28365384615384615
mixup_dd_only,43,4,1,18,147,61,0,59,0.3959731543624161,0.2932692307692308,0.28365384615384615
mixup_dd_only,43,4,1,19,147,61,0,61,0.41496598639455784,0.2932692307692308,0.2932692307692308
mixup_dd_only,43,4,1,20,147,61,0,60,0.40540540540540543,0.2932692307692308,0.28846153846153844
mixup_dd_only,43,4,1,21,147,61,0,60,0.40540540540540543,0.2932692307692308,0.28846153846153844
mixup_dd_only,43,4,1,22,147,61,0,59,0.3959731543624161,0.2932692307692308,0.28365384615384615
mixup_dd_only,43,4,1,23,147,61,0,61,0.41496598639455784,0.2932692307692308,0.2932692307692308
mixup_dd_only,43,4,1,24,147,61,0,59,0.3959731543624161,0.2932692307692308,0.28365384615384615
mixup_dd_only,43,4,1,25,147,61,0,61,0.41496598639455784,0.2932692307692308,0.2932692307692308
mixup_dd_only,43,4,1,26,147,61,0,59,0.3959731543624161,0.2932692307692308,0.28365384615384615
mixup_dd_only,43,4,1,27,147,61,0,61,0.41496598639455784,0.2932692307692308,0.2932692307692308
mixup_dd_only,43,4,2,1,148,62,0,60,0.4,0.29523809523809524,0.2857142857142857
mixup_dd_only,43,4,2,2,148,62,0,62,0.4189189189189189,0.29523809523809524,0.29523809523809524
mixup_dd_only,43,4,2,3,148,62,0,61,0.40939597315436244,0.29523809523809524,0.2904761904761905
mixup_dd_only,43,4,2,4,148,62,0,61,0.40939597315436244,0.29523809523809524,0.2904761904761905
mixup_dd_only,43,4,2,5,148,62,0,62,0.4189189189189189,0.29523809523809524,0.29523809523809524
mixup_dd_only,43,4,2,6,148,62,0,62,0.4189189189189189,0.29523809523809524,0.29523809523809524
mixup_dd_only,43,4,2,7,148,62,0,62,0.4189189189189189,0.29523809523809524,0.29523809523809524
mixup_dd_only,43,4,2,8,148,62,0,62,0.4189189189189189,0.29523809523809524,0.29523809523809524
mixup_dd_only,43,4,2,9,148,62,0,60,0.4,0.29523809523809524,0.2857142857142857
mixup_dd_only,43,4,2,10,148,62,0,62,0.4189189189189189,0.29523809523809524,0.29523809523809524
mixup_dd_only,43,4,2,11,148,62,0,62,0.4189189189189189,0.29523809523809524,0.29523809523809524
mixup_dd_only,43,4,2,12,148,62,0,61,0.40939597315436244,0.29523809523809524,0.2904761904761905
mixup_dd_only,43,4,2,13,148,62,0,61,0.40939597315436244,0.29523809523809524,0.2904761904761905
mixup_dd_only,43,4,2,14,148,62,0,62,0.4189189189189189,0.29523809523809524,0.29523809523809524
mixup_dd_only,43,4,2,15,148,62,0,62,0.4189189189189189,0.29523809523809524,0.29523809523809524
mixup_dd_only,43,4,2,16,148,62,0,61,0.40939597315436244,0.29523809523809524,0.2904761904761905
mixup_dd_only,43,4,2,17,148,62,0,62,0.4189189189189189,0.29523809523809524,0.29523809523809524
mixup_dd_only,43,4,2,18,148,62,0,61,0.40939597315436244,0.29523809523809524,0.2904761904761905
mixup_dd_only,43,4,2,19,148,62,0,62,0.4189189189189189,0.29523809523809524,0.29523809523809524
mixup_dd_only,43,4,2,20,148,62,0,62,0.4189189189189189,0.29523809523809524,0.29523809523809524
mixup_dd_only,43,4,2,21,148,62,0,62,0.4189189189189189,0.29523809523809524,0.29523809523809524
mixup_dd_only,43,4,2,22,148,62,0,61,0.40939597315436244,0.29523809523809524,0.2904761904761905
mixup_dd_only,43,4,2,23,148,62,0,61,0.40939597315436244,0.29523809523809524,0.2904761904761905
mixup_dd_only,43,4,2,24,148,62,0,59,0.39072847682119205,0.29523809523809524,0.28095238095238095
mixup_dd_only,43,4,2,25,148,62,0,61,0.40939597315436244,0.29523809523809524,0.2904761904761905
mixup_dd_only,43,4,2,26,148,62,0,60,0.4,0.29523809523809524,0.2857142857142857
mixup_dd_only,44,0,0,1,146,59,0,58,0.3945578231292517,0.28780487804878047,0.28292682926829266
mixup_dd_only,44,0,0,2,146,59,0,56,0.37583892617449666,0.28780487804878047,0.2731707317073171
mixup_dd_only,44,0,0,3,146,59,0,57,0.38513513513513514,0.28780487804878047,0.2780487804878049
mixup_dd_only,44,0,0,4,146,59,0,58,0.3945578231292517,0.28780487804878047,0.28292682926829266
mixup_dd_only,44,0,0,5,146,59,0,59,0.4041095890410959,0.28780487804878047,0.28780487804878047
mixup_dd_only,44,0,0,6,146,59,0,57,0.38513513513513514,0.28780487804878047,0.2780487804878049
mixup_dd_only,44,0,0,7,146,59,0,59,0.4041095890410959,0.28780487804878047,0.28780487804878047
mixup_dd_only,44,0,0,8,146,59,0,56,0.37583892617449666,0.28780487804878047,0.2731707317073171
mixup_dd_only,44,0,0,9,146,59,0,59,0.4041095890410959,0.28780487804878047,0.28780487804878047
mixup_dd_only,44,0,0,10,146,59,0,58,0.3945578231292517,0.28780487804878047,0.28292682926829266
mixup_dd_only,44,0,0,11,146,59,0,59,0.4041095890410959,0.28780487804878047,0.28780487804878047
mixup_dd_only,44,0,0,12,146,59,0,57,0.38513513513513514,0.28780487804878047,0.2780487804878049
mixup_dd_only,44,0,0,13,146,59,0,59,0.4041095890410959,0.28780487804878047,0.28780487804878047
mixup_dd_only,44,0,0,14,146,59,0,58,0.3945578231292517,0.28780487804878047,0.28292682926829266
mixup_dd_only,44,0,0,15,146,59,0,59,0.4041095890410959,0.28780487804878047,0.28780487804878047
mixup_dd_only,44,0,0,16,146,59,0,59,0.4041095890410959,0.28780487804878047,0.28780487804878047
mixup_dd_only,44,0,0,17,146,59,0,56,0.37583892617449666,0.28780487804878047,0.2731707317073171
mixup_dd_only,44,0,0,18,146,59,0,59,0.4041095890410959,0.28780487804878047,0.28780487804878047
mixup_dd_only,44,0,0,19,146,59,0,59,0.4041095890410959,0.28780487804878047,0.28780487804878047
mixup_dd_only,44,0,0,20,146,59,0,59,0.4041095890410959,0.28780487804878047,0.28780487804878047
mixup_dd_only,44,0,0,21,146,59,0,58,0.3945578231292517,0.28780487804878047,0.28292682926829266
mixup_dd_only,44,0,0,22,146,59,0,59,0.4041095890410959,0.28780487804878047,0.28780487804878047
mixup_dd_only,44,0,0,23,146,59,0,58,0.3945578231292517,0.28780487804878047,0.28292682926829266
mixup_dd_only,44,0,1,1,147,60,0,57,0.38,0.2898550724637681,0.2753623188405797
mixup_dd_only,44,0,1,2,147,60,0,60,0.40816326530612246,0.2898550724637681,0.2898550724637681
mixup_dd_only,44,0,1,3,147,60,0,58,0.38926174496644295,0.2898550724637681,0.28019323671497587
mixup_dd_only,44,0,1,4,147,60,0,59,0.39864864864864863,0.2898550724637681,0.28502415458937197
mixup_dd_only,44,0,1,5,147,60,0,59,0.39864864864864863,0.2898550724637681,0.28502415458937197
mixup_dd_only,44,0,1,6,147,60,0,60,0.40816326530612246,0.2898550724637681,0.2898550724637681
mixup_dd_only,44,0,1,7,147,60,0,59,0.39864864864864863,0.2898550724637681,0.28502415458937197
mixup_dd_only,44,0,1,8,147,60,0,60,0.40816326530612246,0.2898550724637681,0.2898550724637681
mixup_dd_only,44,0,1,9,147,60,0,59,0.39864864864864863,0.2898550724637681,0.28502415458937197
mixup_dd_only,44,0,1,10,147,60,0,59,0.39864864864864863,0.2898550724637681,0.28502415458937197
mixup_dd_only,44,0,1,11,147,60,0,60,0.40816326530612246,0.2898550724637681,0.2898550724637681
mixup_dd_only,44,0,1,12,147,60,0,58,0.38926174496644295,0.2898550724637681,0.28019323671497587
mixup_dd_only,44,0,1,13,147,60,0,57,0.38,0.2898550724637681,0.2753623188405797
mixup_dd_only,44,0,1,14,147,60,0,60,0.40816326530612246,0.2898550724637681,0.2898550724637681
mixup_dd_only,44,0,1,15,147,60,0,58,0.38926174496644295,0.2898550724637681,0.28019323671497587
mixup_dd_only,44,0,1,16,147,60,0,59,0.39864864864864863,0.2898550724637681,0.28502415458937197
mixup_dd_only,44,0,1,17,147,60,0,60,0.40816326530612246,0.2898550724637681,0.2898550724637681
mixup_dd_only,44,0,1,18,147,60,0,60,0.40816326530612246,0.2898550724637681,0.2898550724637681
mixup_dd_only,44,0,1,19,147,60,0,59,0.39864864864864863,0.2898550724637681,0.28502415458937197
mixup_dd_only,44,0,1,20,147,60,0,60,0.40816326530612246,0.2898550724637681,0.2898550724637681
mixup_dd_only,44,0,1,21,147,60,0,60,0.40816326530612246,0.2898550724637681,0.2898550724637681
mixup_dd_only,44,0,1,22,147,60,0,58,0.38926174496644295,0.2898550724637681,0.28019323671497587
mixup_dd_only,44,0,2,1,147,61,0,61,0.41496598639455784,0.2932692307692308,0.2932692307692308
mixup_dd_only,44,0,2,2,147,61,0,60,0.40540540540540543,0.2932692307692308,0.28846153846153844
mixup_dd_only,44,0,2,3,147,61,0,61,0.41496598639455784,0.2932692307692308,0.2932692307692308
mixup_dd_only,44,0,2,4,147,61,0,60,0.40540540540540543,0.2932692307692308,0.28846153846153844
mixup_dd_only,44,0,2,5,147,61,0,59,0.3959731543624161,0.2932692307692308,0.28365384615384615
mixup_dd_only,44,0,2,6,147,61,0,60,0.40540540540540543,0.2932692307692308,0.28846153846153844
mixup_dd_only,44,0,2,7,147,61,0,61,0.41496598639455784,0.2932692307692308,0.2932692307692308
mixup_dd_only,44,0,2,8,147,61,0,60,0.40540540540540543,0.2932692307692308,0.28846153846153844
mixup_dd_only,44,0,2,9,147,61,0,61,0.41496598639455784,0.2932692307692308,0.2932692307692308
mixup_dd_only,44,0,2,10,147,61,0,60,0.40540540540540543,0.2932692307692308,0.28846153846153844
mixup_dd_only,44,0,2,11,147,61,0,61,0.41496598639455784,0.2932692307692308,0.2932692307692308
mixup_dd_only,44,0,2,12,147,61,0,60,0.40540540540540543,0.2932692307692308,0.28846153846153844
mixup_dd_only,44,0,2,13,147,61,0,61,0.41496598639455784,0.2932692307692308,0.2932692307692308
mixup_dd_only,44,0,2,14,147,61,0,61,0.41496598639455784,0.2932692307692308,0.2932692307692308
mixup_dd_only,44,0,2,15,147,61,0,61,0.41496598639455784,0.2932692307692308,0.2932692307692308
mixup_dd_only,44,0,2,16,147,61,0,61,0.41496598639455784,0.2932692307692308,0.2932692307692308
mixup_dd_only,44,0,2,17,147,61,0,58,0.38666666666666666,0.2932692307692308,0.27884615384615385
mixup_dd_only,44,0,2,18,147,61,0,60,0.40540540540540543,0.2932692307692308,0.28846153846153844
mixup_dd_only,44,0,2,19,147,61,0,61,0.41496598639455784,0.2932692307692308,0.2932692307692308
mixup_dd_only,44,0,2,20,147,61,0,61,0.41496598639455784,0.2932692307692308,0.2932692307692308
mixup_dd_only,44,0,2,21,147,61,0,58,0.38666666666666666,0.2932692307692308,0.27884615384615385
mixup_dd_only,44,0,2,22,147,61,0,60,0.40540540540540543,0.2932692307692308,0.28846153846153844
mixup_dd_only,44,0,2,23,147,61,0,61,0.41496598639455784,0.2932692307692308,0.2932692307692308
mixup_dd_only,44,0,2,24,147,61,0,60,0.40540540540540543,0.2932692307692308,0.28846153846153844
mixup_dd_only,44,1,0,1,147,60,0,58,0.38926174496644295,0.2898550724637681,0.28019323671497587
mixup_dd_only,44,1,0,2,147,60,0,60,0.40816326530612246,0.2898550724637681,0.2898550724637681
mixup_dd_only,44,1,0,3,147,60,0,59,0.39864864864864863,0.2898550724637681,0.28502415458937197
mixup_dd_only,44,1,0,4,147,60,0,60,0.40816326530612246,0.2898550724637681,0.2898550724637681
mixup_dd_only,44,1,0,5,147,60,0,59,0.39864864864864863,0.2898550724637681,0.28502415458937197
mixup_dd_only,44,1,0,6,147,60,0,59,0.39864864864864863,0.2898550724637681,0.28502415458937197
mixup_dd_only,44,1,0,7,147,60,0,60,0.40816326530612246,0.2898550724637681,0.2898550724637681
mixup_dd_only,44,1,0,8,147,60,0,60,0.40816326530612246,0.2898550724637681,0.2898550724637681
mixup_dd_only,44,1,0,9,147,60,0,58,0.38926174496644295,0.2898550724637681,0.28019323671497587
mixup_dd_only,44,1,0,10,147,60,0,59,0.39864864864864863,0.2898550724637681,0.28502415458937197
mixup_dd_only,44,1,0,11,147,60,0,58,0.38926174496644295,0.2898550724637681,0.28019323671497587
mixup_dd_only,44,1,0,12,147,60,0,59,0.39864864864864863,0.2898550724637681,0.28502415458937197
mixup_dd_only,44,1,0,13,147,60,0,59,0.39864864864864863,0.2898550724637681,0.28502415458937197
mixup_dd_only,44,1,0,14,147,60,0,57,0.38,0.2898550724637681,0.2753623188405797
mixup_dd_only,44,1,0,15,147,60,0,57,0.38,0.2898550724637681,0.2753623188405797
mixup_dd_only,44,1,0,16,147,60,0,59,0.39864864864864863,0.2898550724637681,0.28502415458937197
mixup_dd_only,44,1,0,17,147,60,0,59,0.39864864864864863,0.2898550724637681,0.28502415458937197
mixup_dd_only,44,1,0,18,147,60,0,60,0.40816326530612246,0.2898550724637681,0.2898550724637681
mixup_dd_only,44,1,0,19,147,60,0,59,0.39864864864864863,0.2898550724637681,0.28502415458937197
mixup_dd_only,44,1,0,20,147,60,0,57,0.38,0.2898550724637681,0.2753623188405797
mixup_dd_only,44,1,0,21,147,60,0,60,0.40816326530612246,0.2898550724637681,0.2898550724637681
mixup_dd_only,44,1,0,22,147,60,0,59,0.39864864864864863,0.2898550724637681,0.28502415458937197
mixup_dd_only,44,1,0,23,147,60,0,60,0.40816326530612246,0.2898550724637681,0.2898550724637681
mixup_dd_only,44,1,0,24,147,60,0,59,0.39864864864864863,0.2898550724637681,0.28502415458937197
mixup_dd_only,44,1,0,25,147,60,0,59,0.39864864864864863,0.2898550724637681,0.28502415458937197
mixup_dd_only,44,1,0,26,147,60,0,56,0.3708609271523179,0.2898550724637681,0.27053140096618356
mixup_dd_only,44,1,0,27,147,60,0,59,0.39864864864864863,0.2898550724637681,0.28502415458937197
mixup_dd_only,44,1,1,1,147,61,0,60,0.40540540540540543,0.2932692307692308,0.28846153846153844
mixup_dd_only,44,1,1,2,147,61,0,60,0.40540540540540543,0.2932692307692308,0.28846153846153844
mixup_dd_only,44,1,1,3,147,61,0,59,0.3959731543624161,0.2932692307692308,0.28365384615384615
mixup_dd_only,44,1,1,4,147,61,0,58,0.38666666666666666,0.2932692307692308,0.27884615384615385
mixup_dd_only,44,1,1,5,147,61,0,59,0.3959731543624161,0.2932692307692308,0.28365384615384615
mixup_dd_only,44,1,1,6,147,61,0,61,0.41496598639455784,0.2932692307692308,0.2932692307692308
mixup_dd_only,44,1,1,7,147,61,0,60,0.40540540540540543,0.2932692307692308,0.28846153846153844
mixup_dd_only,44,1,1,8,147,61,0,61,0.41496598639455784,0.2932692307692308,0.2932692307692308
mixup_dd_only,44,1,1,9,147,61,0,61,0.41496598639455784,0.2932692307692308,0.2932692307692308
mixup_dd_only,44,1,1,10,147,61,0,59,0.3959731543624161,0.2932692307692308,0.28365384615384615
mixup_dd_only,44,1,1,11,147,61,0,60,0.40540540540540543,0.2932692307692308,0.28846153846153844
mixup_dd_only,44,1,1,12,147,61,0,59,0.3959731543624161,0.2932692307692308,0.28365384615384615
mixup_dd_only,44,1,1,13,147,61,0,59,0.3959731543624161,0.2932692307692308,0.28365384615384615
mixup_dd_only,44,1,1,14,147,61,0,60,0.40540540540540543,0.2932692307692308,0.28846153846153844
mixup_dd_only,44,1,1,15,147,61,0,58,0.38666666666666666,0.2932692307692308,0.27884615384615385
mixup_dd_only,44,1,1,16,147,61,0,58,0.38666666666666666,0.2932692307692308,0.27884615384615385
mixup_dd_only,44,1,1,17,147,61,0,60,0.40540540540540543,0.2932692307692308,0.28846153846153844
mixup_dd_only,44,1,1,18,147,61,0,61,0.41496598639455784,0.2932692307692308,0.2932692307692308
mixup_dd_only,44,1,1,19,147,61,0,60,0.40540540540540543,0.2932692307692308,0.28846153846153844
mixup_dd_only,44,1,1,20,147,61,0,60,0.40540540540540543,0.2932692307692308,0.28846153846153844
mixup_dd_only,44,1,1,21,147,61,0,61,0.41496598639455784,0.2932692307692308,0.2932692307692308
mixup_dd_only,44,1,1,22,147,61,0,60,0.40540540540540543,0.2932692307692308,0.28846153846153844
mixup_dd_only,44,1,1,23,147,61,0,59,0.3959731543624161,0.2932692307692308,0.28365384615384615
mixup_dd_only,44,1,1,24,147,61,0,61,0.41496598639455784,0.2932692307692308,0.2932692307692308
mixup_dd_only,44,1,1,25,147,61,0,60,0.40540540540540543,0.2932692307692308,0.28846153846153844
mixup_dd_only,44,1,1,26,147,61,0,61,0.41496598639455784,0.2932692307692308,0.2932692307692308
mixup_dd_only,44,1,1,27,147,61,0,58,0.38666666666666666,0.2932692307692308,0.27884615384615385
mixup_dd_only,44,1,1,28,147,61,0,60,0.40540540540540543,0.2932692307692308,0.28846153846153844
mixup_dd_only,44,1,1,29,147,61,0,59,0.3959731543624161,0.2932692307692308,0.28365384615384615
mixup_dd_only,44,1,1,30,147,61,0,58,0.38666666666666666,0.2932692307692308,0.27884615384615385
mixup_dd_only,44,1,1,31,147,61,0,61,0.41496598639455784,0.2932692307692308,0.2932692307692308
mixup_dd_only,44,1,1,32,147,61,0,61,0.41496598639455784,0.2932692307692308,0.2932692307692308
mixup_dd_only,44,1,1,33,147,61,0,59,0.3959731543624161,0.2932692307692308,0.28365384615384615
mixup_dd_only,44,1,2,1,148,61,0,60,0.40268456375838924,0.291866028708134,0.28708133971291866
mixup_dd_only,44,1,2,2,148,61,0,61,0.41216216216216217,0.291866028708134,0.291866028708134
mixup_dd_only,44,1,2,3,148,61,0,60,0.40268456375838924,0.291866028708134,0.28708133971291866
mixup_dd_only,44,1,2,4,148,61,0,61,0.41216216216216217,0.291866028708134,0.291866028708134
mixup_dd_only,44,1,2,5,148,61,0,61,0.41216216216216217,0.291866028708134,0.291866028708134
mixup_dd_only,44,1,2,6,148,61,0,60,0.40268456375838924,0.291866028708134,0.28708133971291866
mixup_dd_only,44,1,2,7,148,61,0,60,0.40268456375838924,0.291866028708134,0.28708133971291866
mixup_dd_only,44,1,2,8,148,61,0,60,0.40268456375838924,0.291866028708134,0.28708133971291866
mixup_dd_only,44,1,2,9,148,61,0,58,0.3841059602649007,0.291866028708134,0.27751196172248804
mixup_dd_only,44,1,2,10,148,61,0,61,0.41216216216216217,0.291866028708134,0.291866028708134
mixup_dd_only,44,1,2,11,148,61,0,59,0.3933333333333333,0.291866028708134,0.2822966507177033
mixup_dd_only,44,1,2,12,148,61,0,60,0.40268456375838924,0.291866028708134,0.28708133971291866
mixup_dd_only,44,1,2,13,148,61,0,58,0.3841059602649007,0.291866028708134,0.27751196172248804
mixup_dd_only,44,1,2,14,148,61,0,61,0.41216216216216217,0.291866028708134,0.291866028708134
mixup_dd_only,44,1,2,15,148,61,0,60,0.40268456375838924,0.291866028708134,0.28708133971291866
mixup_dd_only,44,1,2,16,148,61,0,60,0.40268456375838924,0.291866028708134,0.28708133971291866
mixup_dd_only,44,1,2,17,148,61,0,61,0.41216216216216217,0.291866028708134,0.291866028708134
mixup_dd_only,44,1,2,18,148,61,0,61,0.41216216216216217,0.291866028708134,0.291866028708134
mixup_dd_only,44,1,2,19,148,61,0,61,0.41216216216216217,0.291866028708134,0.291866028708134
mixup_dd_only,44,2,0,1,147,60,0,60,0.40816326530612246,0.2898550724637681,0.2898550724637681
mixup_dd_only,44,2,0,2,147,60,0,59,0.39864864864864863,0.2898550724637681,0.28502415458937197
mixup_dd_only,44,2,0,3,147,60,0,60,0.40816326530612246,0.2898550724637681,0.2898550724637681
mixup_dd_only,44,2,0,4,147,60,0,60,0.40816326530612246,0.2898550724637681,0.2898550724637681
mixup_dd_only,44,2,0,5,147,60,0,58,0.38926174496644295,0.2898550724637681,0.28019323671497587
mixup_dd_only,44,2,0,6,147,60,0,60,0.40816326530612246,0.2898550724637681,0.2898550724637681
mixup_dd_only,44,2,0,7,147,60,0,59,0.39864864864864863,0.2898550724637681,0.28502415458937197
mixup_dd_only,44,2,0,8,147,60,0,60,0.40816326530612246,0.2898550724637681,0.2898550724637681
mixup_dd_only,44,2,0,9,147,60,0,58,0.38926174496644295,0.2898550724637681,0.28019323671497587
mixup_dd_only,44,2,0,10,147,60,0,60,0.40816326530612246,0.2898550724637681,0.2898550724637681
mixup_dd_only,44,2,0,11,147,60,0,58,0.38926174496644295,0.2898550724637681,0.28019323671497587
mixup_dd_only,44,2,0,12,147,60,0,58,0.38926174496644295,0.2898550724637681,0.28019323671497587
mixup_dd_only,44,2,0,13,147,60,0,59,0.39864864864864863,0.2898550724637681,0.28502415458937197
mixup_dd_only,44,2,0,14,147,60,0,59,0.39864864864864863,0.2898550724637681,0.28502415458937197
mixup_dd_only,44,2,0,15,147,60,0,58,0.38926174496644295,0.2898550724637681,0.28019323671497587
mixup_dd_only,44,2,0,16,147,60,0,57,0.38,0.2898550724637681,0.2753623188405797
mixup_dd_only,44,2,0,17,147,60,0,60,0.40816326530612246,0.2898550724637681,0.2898550724637681
mixup_dd_only,44,2,0,18,147,60,0,56,0.3708609271523179,0.2898550724637681,0.27053140096618356
mixup_dd_only,44,2,0,19,147,60,0,59,0.39864864864864863,0.2898550724637681,0.28502415458937197
mixup_dd_only,44,2,0,20,147,60,0,60,0.40816326530612246,0.2898550724637681,0.2898550724637681
mixup_dd_only,44,2,0,21,147,60,0,60,0.40816326530612246,0.2898550724637681,0.2898550724637681
mixup_dd_only,44,2,0,22,147,60,0,60,0.40816326530612246,0.2898550724637681,0.2898550724637681
mixup_dd_only,44,2,0,23,147,60,0,59,0.39864864864864863,0.2898550724637681,0.28502415458937197
mixup_dd_only,44,2,0,24,147,60,0,60,0.40816326530612246,0.2898550724637681,0.2898550724637681
mixup_dd_only,44,2,0,25,147,60,0,60,0.40816326530612246,0.2898550724637681,0.2898550724637681
mixup_dd_only,44,2,0,26,147,60,0,60,0.40816326530612246,0.2898550724637681,0.2898550724637681
mixup_dd_only,44,2,0,27,147,60,0,59,0.39864864864864863,0.2898550724637681,0.28502415458937197
mixup_dd_only,44,2,1,1,147,61,0,59,0.3959731543624161,0.2932692307692308,0.28365384615384615
mixup_dd_only,44,2,1,2,147,61,0,61,0.41496598639455784,0.2932692307692308,0.2932692307692308
mixup_dd_only,44,2,1,3,147,61,0,59,0.3959731543624161,0.2932692307692308,0.28365384615384615
mixup_dd_only,44,2,1,4,147,61,0,59,0.3959731543624161,0.2932692307692308,0.28365384615384615
mixup_dd_only,44,2,1,5,147,61,0,60,0.40540540540540543,0.2932692307692308,0.28846153846153844
mixup_dd_only,44,2,1,6,147,61,0,60,0.40540540540540543,0.2932692307692308,0.28846153846153844
mixup_dd_only,44,2,1,7,147,61,0,61,0.41496598639455784,0.2932692307692308,0.2932692307692308
mixup_dd_only,44,2,1,8,147,61,0,60,0.40540540540540543,0.2932692307692308,0.28846153846153844
mixup_dd_only,44,2,1,9,147,61,0,61,0.41496598639455784,0.2932692307692308,0.2932692307692308
mixup_dd_only,44,2,1,10,147,61,0,60,0.40540540540540543,0.2932692307692308,0.28846153846153844
mixup_dd_only,44,2,1,11,147,61,0,59,0.3959731543624161,0.2932692307692308,0.28365384615384615
mixup_dd_only,44,2,1,12,147,61,0,61,0.41496598639455784,0.2932692307692308,0.2932692307692308
mixup_dd_only,44,2,1,13,147,61,0,61,0.41496598639455784,0.2932692307692308,0.2932692307692308
mixup_dd_only,44,2,1,14,147,61,0,61,0.41496598639455784,0.2932692307692308,0.2932692307692308
mixup_dd_only,44,2,1,15,147,61,0,60,0.40540540540540543,0.2932692307692308,0.28846153846153844
mixup_dd_only,44,2,1,16,147,61,0,59,0.3959731543624161,0.2932692307692308,0.28365384615384615
mixup_dd_only,44,2,1,17,147,61,0,59,0.3959731543624161,0.2932692307692308,0.28365384615384615
mixup_dd_only,44,2,1,18,147,61,0,59,0.3959731543624161,0.2932692307692308,0.28365384615384615
mixup_dd_only,44,2,2,1,148,61,0,60,0.40268456375838924,0.291866028708134,0.28708133971291866
mixup_dd_only,44,2,2,2,148,61,0,60,0.40268456375838924,0.291866028708134,0.28708133971291866
mixup_dd_only,44,2,2,3,148,61,0,60,0.40268456375838924,0.291866028708134,0.28708133971291866
mixup_dd_only,44,2,2,4,148,61,0,61,0.41216216216216217,0.291866028708134,0.291866028708134
mixup_dd_only,44,2,2,5,148,61,0,60,0.40268456375838924,0.291866028708134,0.28708133971291866
mixup_dd_only,44,2,2,6,148,61,0,58,0.3841059602649007,0.291866028708134,0.27751196172248804
mixup_dd_only,44,2,2,7,148,61,0,61,0.41216216216216217,0.291866028708134,0.291866028708134
mixup_dd_only,44,2,2,8,148,61,0,60,0.40268456375838924,0.291866028708134,0.28708133971291866
mixup_dd_only,44,2,2,9,148,61,0,61,0.41216216216216217,0.291866028708134,0.291866028708134
mixup_dd_only,44,2,2,10,148,61,0,60,0.40268456375838924,0.291866028708134,0.28708133971291866
mixup_dd_only,44,2,2,11,148,61,0,60,0.40268456375838924,0.291866028708134,0.28708133971291866
mixup_dd_only,44,2,2,12,148,61,0,58,0.3841059602649007,0.291866028708134,0.27751196172248804
mixup_dd_only,44,2,2,13,148,61,0,61,0.41216216216216217,0.291866028708134,0.291866028708134
mixup_dd_only,44,2,2,14,148,61,0,61,0.41216216216216217,0.291866028708134,0.291866028708134
mixup_dd_only,44,2,2,15,148,61,0,61,0.41216216216216217,0.291866028708134,0.291866028708134
mixup_dd_only,44,2,2,16,148,61,0,60,0.40268456375838924,0.291866028708134,0.28708133971291866
mixup_dd_only,44,2,2,17,148,61,0,60,0.40268456375838924,0.291866028708134,0.28708133971291866
mixup_dd_only,44,2,2,18,148,61,0,60,0.40268456375838924,0.291866028708134,0.28708133971291866
mixup_dd_only,44,2,2,19,148,61,0,59,0.3933333333333333,0.291866028708134,0.2822966507177033
mixup_dd_only,44,2,2,20,148,61,0,61,0.41216216216216217,0.291866028708134,0.291866028708134
mixup_dd_only,44,2,2,21,148,61,0,59,0.3933333333333333,0.291866028708134,0.2822966507177033
mixup_dd_only,44,2,2,22,148,61,0,59,0.3933333333333333,0.291866028708134,0.2822966507177033
mixup_dd_only,44,2,2,23,148,61,0,60,0.40268456375838924,0.291866028708134,0.28708133971291866
mixup_dd_only,44,2,2,24,148,61,0,58,0.3841059602649007,0.291866028708134,0.27751196172248804
mixup_dd_only,44,2,2,25,148,61,0,60,0.40268456375838924,0.291866028708134,0.28708133971291866
mixup_dd_only,44,2,2,26,148,61,0,59,0.3933333333333333,0.291866028708134,0.2822966507177033
mixup_dd_only,44,2,2,27,148,61,0,59,0.3933333333333333,0.291866028708134,0.2822966507177033
mixup_dd_only,44,2,2,28,148,61,0,60,0.40268456375838924,0.291866028708134,0.28708133971291866
mixup_dd_only,44,2,2,29,148,61,0,60,0.40268456375838924,0.291866028708134,0.28708133971291866
mixup_dd_only,44,2,2,30,148,61,0,59,0.3933333333333333,0.291866028708134,0.2822966507177033
mixup_dd_only,44,2,2,31,148,61,0,61,0.41216216216216217,0.291866028708134,0.291866028708134
mixup_dd_only,44,2,2,32,148,61,0,61,0.41216216216216217,0.291866028708134,0.291866028708134
mixup_dd_only,44,2,2,33,148,61,0,59,0.3933333333333333,0.291866028708134,0.2822966507177033
mixup_dd_only,44,2,2,34,148,61,0,58,0.3841059602649007,0.291866028708134,0.27751196172248804
mixup_dd_only,44,3,0,1,147,61,0,61,0.41496598639455784,0.2932692307692308,0.2932692307692308
mixup_dd_only,44,3,0,2,147,61,0,60,0.40540540540540543,0.2932692307692308,0.28846153846153844
mixup_dd_only,44,3,0,3,147,61,0,60,0.40540540540540543,0.2932692307692308,0.28846153846153844
mixup_dd_only,44,3,0,4,147,61,0,55,0.35947712418300654,0.2932692307692308,0.2644230769230769
mixup_dd_only,44,3,0,5,147,61,0,61,0.41496598639455784,0.2932692307692308,0.2932692307692308
mixup_dd_only,44,3,0,6,147,61,0,60,0.40540540540540543,0.2932692307692308,0.28846153846153844
mixup_dd_only,44,3,0,7,147,61,0,61,0.41496598639455784,0.2932692307692308,0.2932692307692308
mixup_dd_only,44,3,0,8,147,61,0,61,0.41496598639455784,0.2932692307692308,0.2932692307692308
mixup_dd_only,44,3,0,9,147,61,0,60,0.40540540540540543,0.2932692307692308,0.28846153846153844
mixup_dd_only,44,3,0,10,147,61,0,61,0.41496598639455784,0.2932692307692308,0.2932692307692308
mixup_dd_only,44,3,0,11,147,61,0,59,0.3959731543624161,0.2932692307692308,0.28365384615384615
mixup_dd_only,44,3,0,12,147,61,0,60,0.40540540540540543,0.2932692307692308,0.28846153846153844
mixup_dd_only,44,3,0,13,147,61,0,61,0.41496598639455784,0.2932692307692308,0.2932692307692308
mixup_dd_only,44,3,0,14,147,61,0,59,0.3959731543624161,0.2932692307692308,0.28365384615384615
mixup_dd_only,44,3,0,15,147,61,0,60,0.40540540540540543,0.2932692307692308,0.28846153846153844
mixup_dd_only,44,3,0,16,147,61,0,59,0.3959731543624161,0.2932692307692308,0.28365384615384615
mixup_dd_only,44,3,0,17,147,61,0,60,0.40540540540540543,0.2932692307692308,0.28846153846153844
mixup_dd_only,44,3,0,18,147,61,0,60,0.40540540540540543,0.2932692307692308,0.28846153846153844
mixup_dd_only,44,3,0,19,147,61,0,60,0.40540540540540543,0.2932692307692308,0.28846153846153844
mixup_dd_only,44,3,0,20,147,61,0,61,0.41496598639455784,0.2932692307692308,0.2932692307692308
mixup_dd_only,44,3,0,21,147,61,0,59,0.3959731543624161,0.2932692307692308,0.28365384615384615
mixup_dd_only,44,3,0,22,147,61,0,59,0.3959731543624161,0.2932692307692308,0.28365384615384615
mixup_dd_only,44,3,0,23,147,61,0,61,0.41496598639455784,0.2932692307692308,0.2932692307692308
mixup_dd_only,44,3,0,24,147,61,0,59,0.3959731543624161,0.2932692307692308,0.28365384615384615
mixup_dd_only,44,3,0,25,147,61,0,61,0.41496598639455784,0.2932692307692308,0.2932692307692308
mixup_dd_only,44,3,0,26,147,61,0,61,0.41496598639455784,0.2932692307692308,0.2932692307692308
mixup_dd_only,44,3,0,27,147,61,0,58,0.38666666666666666,0.2932692307692308,0.27884615384615385
mixup_dd_only,44,3,0,28,147,61,0,59,0.3959731543624161,0.2932692307692308,0.28365384615384615
mixup_dd_only,44,3,0,29,147,61,0,60,0.40540540540540543,0.2932692307692308,0.28846153846153844
mixup_dd_only,44,3,0,30,147,61,0,57,0.37748344370860926,0.2932692307692308,0.27403846153846156
mixup_dd_only,44,3,0,31,147,61,0,59,0.3959731543624161,0.2932692307692308,0.28365384615384615
mixup_dd_only,44,3,0,32,147,61,0,60,0.40540540540540543,0.2932692307692308,0.28846153846153844
mixup_dd_only,44,3,0,33,147,61,0,60,0.40540540540540543,0.2932692307692308,0.28846153846153844
mixup_dd_only,44,3,0,34,147,61,0,60,0.40540540540540543,0.2932692307692308,0.28846153846153844
mixup_dd_only,44,3,1,1,147,61,0,61,0.41496598639455784,0.2932692307692308,0.2932692307692308
mixup_dd_only,44,3,1,2,147,61,0,61,0.41496598639455784,0.2932692307692308,0.2932692307692308
mixup_dd_only,44,3,1,3,147,61,0,61,0.41496598639455784,0.2932692307692308,0.2932692307692308
mixup_dd_only,44,3,1,4,147,61,0,60,0.40540540540540543,0.2932692307692308,0.28846153846153844
mixup_dd_only,44,3,1,5,147,61,0,58,0.38666666666666666,0.2932692307692308,0.27884615384615385
mixup_dd_only,44,3,1,6,147,61,0,61,0.41496598639455784,0.2932692307692308,0.2932692307692308
mixup_dd_only,44,3,1,7,147,61,0,61,0.41496598639455784,0.2932692307692308,0.2932692307692308
mixup_dd_only,44,3,1,8,147,61,0,61,0.41496598639455784,0.2932692307692308,0.2932692307692308
mixup_dd_only,44,3,1,9,147,61,0,61,0.41496598639455784,0.2932692307692308,0.2932692307692308
mixup_dd_only,44,3,1,10,147,61,0,59,0.3959731543624161,0.2932692307692308,0.28365384615384615
mixup_dd_only,44,3,1,11,147,61,0,61,0.41496598639455784,0.2932692307692308,0.2932692307692308
mixup_dd_only,44,3,1,12,147,61,0,59,0.3959731543624161,0.2932692307692308,0.28365384615384615
mixup_dd_only,44,3,1,13,147,61,0,60,0.40540540540540543,0.2932692307692308,0.28846153846153844
mixup_dd_only,44,3,1,14,147,61,0,60,0.40540540540540543,0.2932692307692308,0.28846153846153844
mixup_dd_only,44,3,1,15,147,61,0,61,0.41496598639455784,0.2932692307692308,0.2932692307692308
mixup_dd_only,44,3,1,16,147,61,0,61,0.41496598639455784,0.2932692307692308,0.2932692307692308
mixup_dd_only,44,3,1,17,147,61,0,61,0.41496598639455784,0.2932692307692308,0.2932692307692308
mixup_dd_only,44,3,1,18,147,61,0,58,0.38666666666666666,0.2932692307692308,0.27884615384615385
mixup_dd_only,44,3,2,1,148,62,0,59,0.39072847682119205,0.29523809523809524,0.28095238095238095
mixup_dd_only,44,3,2,2,148,62,0,62,0.4189189189189189,0.29523809523809524,0.29523809523809524
mixup_dd_only,44,3,2,3,148,62,0,61,0.40939597315436244,0.29523809523809524,0.2904761904761905
mixup_dd_only,44,3,2,4,148,62,0,61,0.40939597315436244,0.29523809523809524,0.2904761904761905
mixup_dd_only,44,3,2,5,148,62,0,62,0.4189189189189189,0.29523809523809524,0.29523809523809524
mixup_dd_only,44,3,2,6,148,62,0,61,0.40939597315436244,0.29523809523809524,0.2904761904761905
mixup_dd_only,44,3,2,7,148,62,0,62,0.4189189189189189,0.29523809523809524,0.29523809523809524
mixup_dd_only,44,3,2,8,148,62,0,61,0.40939597315436244,0.29523809523809524,0.2904761904761905
mixup_dd_only,44,3,2,9,148,62,0,60,0.4,0.29523809523809524,0.2857142857142857
mixup_dd_only,44,3,2,10,148,62,0,62,0.4189189189189189,0.29523809523809524,0.29523809523809524
mixup_dd_only,44,3,2,11,148,62,0,61,0.40939597315436244,0.29523809523809524,0.2904761904761905
mixup_dd_only,44,3,2,12,148,62,0,60,0.4,0.29523809523809524,0.2857142857142857
mixup_dd_only,44,3,2,13,148,62,0,61,0.40939597315436244,0.29523809523809524,0.2904761904761905
mixup_dd_only,44,3,2,14,148,62,0,60,0.4,0.29523809523809524,0.2857142857142857
mixup_dd_only,44,3,2,15,148,62,0,62,0.4189189189189189,0.29523809523809524,0.29523809523809524
mixup_dd_only,44,3,2,16,148,62,0,59,0.39072847682119205,0.29523809523809524,0.28095238095238095
mixup_dd_only,44,3,2,17,148,62,0,62,0.4189189189189189,0.29523809523809524,0.29523809523809524
mixup_dd_only,44,3,2,18,148,62,0,62,0.4189189189189189,0.29523809523809524,0.29523809523809524
mixup_dd_only,44,3,2,19,148,62,0,61,0.40939597315436244,0.29523809523809524,0.2904761904761905
mixup_dd_only,44,3,2,20,148,62,0,59,0.39072847682119205,0.29523809523809524,0.28095238095238095
mixup_dd_only,44,3,2,21,148,62,0,60,0.4,0.29523809523809524,0.2857142857142857
mixup_dd_only,44,3,2,22,148,62,0,62,0.4189189189189189,0.29523809523809524,0.29523809523809524
mixup_dd_only,44,3,2,23,148,62,0,61,0.40939597315436244,0.29523809523809524,0.2904761904761905
mixup_dd_only,44,3,2,24,148,62,0,62,0.4189189189189189,0.29523809523809524,0.29523809523809524
mixup_dd_only,44,3,2,25,148,62,0,58,0.3815789473684211,0.29523809523809524,0.2761904761904762
mixup_dd_only,44,3,2,26,148,62,0,62,0.4189189189189189,0.29523809523809524,0.29523809523809524
mixup_dd_only,44,4,0,1,147,61,0,60,0.40540540540540543,0.2932692307692308,0.28846153846153844
mixup_dd_only,44,4,0,2,147,61,0,61,0.41496598639455784,0.2932692307692308,0.2932692307692308
mixup_dd_only,44,4,0,3,147,61,0,60,0.40540540540540543,0.2932692307692308,0.28846153846153844
mixup_dd_only,44,4,0,4,147,61,0,59,0.3959731543624161,0.2932692307692308,0.28365384615384615
mixup_dd_only,44,4,0,5,147,61,0,60,0.40540540540540543,0.2932692307692308,0.28846153846153844
mixup_dd_only,44,4,0,6,147,61,0,61,0.41496598639455784,0.2932692307692308,0.2932692307692308
mixup_dd_only,44,4,0,7,147,61,0,60,0.40540540540540543,0.2932692307692308,0.28846153846153844
mixup_dd_only,44,4,0,8,147,61,0,61,0.41496598639455784,0.2932692307692308,0.2932692307692308
mixup_dd_only,44,4,0,9,147,61,0,60,0.40540540540540543,0.2932692307692308,0.28846153846153844
mixup_dd_only,44,4,0,10,147,61,0,60,0.40540540540540543,0.2932692307692308,0.28846153846153844
mixup_dd_only,44,4,0,11,147,61,0,61,0.41496598639455784,0.2932692307692308,0.2932692307692308
mixup_dd_only,44,4,0,12,147,61,0,60,0.40540540540540543,0.2932692307692308,0.28846153846153844
mixup_dd_only,44,4,0,13,147,61,0,60,0.40540540540540543,0.2932692307692308,0.28846153846153844
mixup_dd_only,44,4,0,14,147,61,0,60,0.40540540540540543,0.2932692307692308,0.28846153846153844
mixup_dd_only,44,4,0,15,147,61,0,59,0.3959731543624161,0.2932692307692308,0.28365384615384615
mixup_dd_only,44,4,0,16,147,61,0,58,0.38666666666666666,0.2932692307692308,0.27884615384615385
mixup_dd_only,44,4,0,17,147,61,0,61,0.41496598639455784,0.2932692307692308,0.2932692307692308
mixup_dd_only,44,4,1,1,147,61,0,60,0.40540540540540543,0.2932692307692308,0.28846153846153844
mixup_dd_only,44,4,1,2,147,61,0,60,0.40540540540540543,0.2932692307692308,0.28846153846153844
mixup_dd_only,44,4,1,3,147,61,0,61,0.41496598639455784,0.2932692307692308,0.2932692307692308
mixup_dd_only,44,4,1,4,147,61,0,61,0.41496598639455784,0.2932692307692308,0.2932692307692308
mixup_dd_only,44,4,1,5,147,61,0,61,0.41496598639455784,0.2932692307692308,0.2932692307692308
mixup_dd_only,44,4,1,6,147,61,0,59,0.3959731543624161,0.2932692307692308,0.28365384615384615
mixup_dd_only,44,4,1,7,147,61,0,61,0.41496598639455784,0.2932692307692308,0.2932692307692308
mixup_dd_only,44,4,1,8,147,61,0,60,0.40540540540540543,0.2932692307692308,0.28846153846153844
mixup_dd_only,44,4,1,9,147,61,0,58,0.38666666666666666,0.2932692307692308,0.27884615384615385
mixup_dd_only,44,4,1,10,147,61,0,59,0.3959731543624161,0.2932692307692308,0.28365384615384615
mixup_dd_only,44,4,1,11,147,61,0,59,0.3959731543624161,0.2932692307692308,0.28365384615384615
mixup_dd_only,44,4,1,12,147,61,0,60,0.40540540540540543,0.2932692307692308,0.28846153846153844
mixup_dd_only,44,4,1,13,147,61,0,58,0.38666666666666666,0.2932692307692308,0.27884615384615385
mixup_dd_only,44,4,1,14,147,61,0,59,0.3959731543624161,0.2932692307692308,0.28365384615384615
mixup_dd_only,44,4,1,15,147,61,0,60,0.40540540540540543,0.2932692307692308,0.28846153846153844
mixup_dd_only,44,4,1,16,147,61,0,61,0.41496598639455784,0.2932692307692308,0.2932692307692308
mixup_dd_only,44,4,1,17,147,61,0,60,0.40540540540540543,0.2932692307692308,0.28846153846153844
mixup_dd_only,44,4,1,18,147,61,0,59,0.3959731543624161,0.2932692307692308,0.28365384615384615
mixup_dd_only,44,4,1,19,147,61,0,60,0.40540540540540543,0.2932692307692308,0.28846153846153844
mixup_dd_only,44,4,1,20,147,61,0,58,0.38666666666666666,0.2932692307692308,0.27884615384615385
mixup_dd_only,44,4,1,21,147,61,0,60,0.40540540540540543,0.2932692307692308,0.28846153846153844
mixup_dd_only,44,4,1,22,147,61,0,60,0.40540540540540543,0.2932692307692308,0.28846153846153844
mixup_dd_only,44,4,1,23,147,61,0,60,0.40540540540540543,0.2932692307692308,0.28846153846153844
mixup_dd_only,44,4,1,24,147,61,0,59,0.3959731543624161,0.2932692307692308,0.28365384615384615
mixup_dd_only,44,4,1,25,147,61,0,61,0.41496598639455784,0.2932692307692308,0.2932692307692308
mixup_dd_only,44,4,1,26,147,61,0,61,0.41496598639455784,0.2932692307692308,0.2932692307692308
mixup_dd_only,44,4,1,27,147,61,0,59,0.3959731543624161,0.2932692307692308,0.28365384615384615
mixup_dd_only,44,4,2,1,148,62,0,61,0.40939597315436244,0.29523809523809524,0.2904761904761905
mixup_dd_only,44,4,2,2,148,62,0,62,0.4189189189189189,0.29523809523809524,0.29523809523809524
mixup_dd_only,44,4,2,3,148,62,0,60,0.4,0.29523809523809524,0.2857142857142857
mixup_dd_only,44,4,2,4,148,62,0,61,0.40939597315436244,0.29523809523809524,0.2904761904761905
mixup_dd_only,44,4,2,5,148,62,0,62,0.4189189189189189,0.29523809523809524,0.29523809523809524
mixup_dd_only,44,4,2,6,148,62,0,62,0.4189189189189189,0.29523809523809524,0.29523809523809524
mixup_dd_only,44,4,2,7,148,62,0,62,0.4189189189189189,0.29523809523809524,0.29523809523809524
mixup_dd_only,44,4,2,8,148,62,0,62,0.4189189189189189,0.29523809523809524,0.29523809523809524
mixup_dd_only,44,4,2,9,148,62,0,61,0.40939597315436244,0.29523809523809524,0.2904761904761905
mixup_dd_only,44,4,2,10,148,62,0,60,0.4,0.29523809523809524,0.2857142857142857
mixup_dd_only,44,4,2,11,148,62,0,61,0.40939597315436244,0.29523809523809524,0.2904761904761905
mixup_dd_only,44,4,2,12,148,62,0,60,0.4,0.29523809523809524,0.2857142857142857
mixup_dd_only,44,4,2,13,148,62,0,60,0.4,0.29523809523809524,0.2857142857142857
mixup_dd_only,44,4,2,14,148,62,0,61,0.40939597315436244,0.29523809523809524,0.2904761904761905
mixup_dd_only,44,4,2,15,148,62,0,61,0.40939597315436244,0.29523809523809524,0.2904761904761905
mixup_dd_only,44,4,2,16,148,62,0,60,0.4,0.29523809523809524,0.2857142857142857
mixup_dd_only,44,4,2,17,148,62,0,61,0.40939597315436244,0.29523809523809524,0.2904761904761905
mixup_dd_only,44,4,2,18,148,62,0,62,0.4189189189189189,0.29523809523809524,0.29523809523809524
mixup_dd_only,44,4,2,19,148,62,0,62,0.4189189189189189,0.29523809523809524,0.29523809523809524
mixup_dd_only,44,4,2,20,148,62,0,62,0.4189189189189189,0.29523809523809524,0.29523809523809524
mixup_dd_only,44,4,2,21,148,62,0,62,0.4189189189189189,0.29523809523809524,0.29523809523809524
mixup_dd_only,44,4,2,22,148,62,0,62,0.4189189189189189,0.29523809523809524,0.29523809523809524
