variant,family,seed,outer,inner,n,best_epoch,epochs_run,best_train_loss,best_val_loss,last_train_loss,last_val_loss,accuracy,ba,auroc,macro_f1,pd_recall,dd_recall
baseline,baseline,42,0,0,105,11,23,0.4241316777903859,0.6881816412721361,0.07750223786002253,1.1235473766856428,0.6285714285714286,0.6708805579773321,0.6782911944202267,0.6173254835996635,0.5675675675675675,0.7741935483870968
baseline,baseline,42,0,1,103,22,34,0.021746197737897363,1.0368843347702212,0.009186984316540369,1.232945978930853,0.7766990291262136,0.7050228310502282,0.7251141552511415,0.71475015051174,0.8767123287671232,0.5333333333333333
baseline,baseline,42,0,2,102,14,26,0.24500432753792176,0.5792261695160585,0.015980266974880718,0.8996938309248756,0.7549019607843137,0.7560226735947095,0.7888521492678318,0.7262479871175522,0.7534246575342466,0.7586206896551724
baseline,baseline,42,1,0,105,9,21,0.4988498562488003,0.7144631005468822,0.09171215484395695,1.039145162669454,0.7428571428571429,0.6488666085440279,0.6290322580645161,0.6592957577214278,0.8783783783783784,0.41935483870967744
baseline,baseline,42,1,1,104,9,21,0.5022774785757065,0.5807031117952787,0.06946863017331523,0.7682402546589191,0.7980769230769231,0.7193693693693693,0.7716216216216216,0.7341448569689593,0.9054054054054054,0.5333333333333333
baseline,baseline,42,1,2,103,12,24,0.39569754877158897,0.6571468838210245,0.09188941115754072,0.7862196758534145,0.7281553398058253,0.6904109589041096,0.7027397260273973,0.6826584507042254,0.7808219178082192,0.6
baseline,baseline,42,2,0,105,31,43,0.019957770440493516,1.056204724879492,0.007870398844245839,1.1491129920596168,0.7428571428571429,0.6863557105492589,0.7122929380993898,0.6880844977445264,0.8243243243243243,0.5483870967741935
baseline,baseline,42,2,1,104,21,33,0.11113220324309972,1.1611898191846335,0.019168024990134515,1.3889229564139476,0.7596153846153846,0.6527027027027027,0.6653153153153154,0.6662816069824156,0.9054054054054054,0.4
baseline,baseline,42,2,2,103,15,27,0.35308627292299954,0.6285142594749488,0.07776511044343978,0.731273240256078,0.7669902912621359,0.7276255707762557,0.7552511415525115,0.7231182795698925,0.821917808219178,0.6333333333333333
baseline,baseline,42,3,0,105,19,31,0.16194969429992712,0.8538205256242127,0.018436284699978735,0.9971359127156791,0.7523809523809524,0.6743679163034002,0.7035745422842198,0.6834415584415585,0.8648648648648649,0.4838709677419355
baseline,baseline,42,3,1,105,7,19,0.6010095259317985,0.6405870829309736,0.10588549435711823,0.8333069284756979,0.6761904761904762,0.7140366172624237,0.7266782911944203,0.6626984126984127,0.6216216216216216,0.8064516129032258
baseline,baseline,42,3,2,103,28,40,0.044429411215796355,0.7961723248935441,0.011033233476891405,0.8665961736035579,0.8349514563106796,0.7853881278538812,0.8050228310502283,0.7938302131166843,0.9041095890410958,0.6666666666666666
baseline,baseline,42,4,0,105,19,31,0.21466240730996317,0.6852863111666271,0.03376416340828515,1.0015360359457277,0.7714285714285715,0.7628596338273758,0.7493461203138624,0.7428571428571429,0.7837837837837838,0.7419354838709677
baseline,baseline,42,4,1,105,26,38,0.08790954850757352,1.0900531504702355,0.021106235324763335,1.301365750694337,0.7238095238095238,0.6728421970357454,0.6970357454228423,0.6712018140589568,0.7972972972972973,0.5483870967741935
baseline,baseline,42,4,2,103,21,33,0.12898338493846712,0.5507668343562524,0.016483643278479575,0.6560618449183344,0.7281553398058253,0.7591324200913242,0.8045662100456621,0.7111378205128205,0.684931506849315,0.8333333333333334
baseline,baseline,43,0,0,105,11,23,0.43270832329261594,0.6043209785506839,0.025194033012702698,1.1588675553588905,0.7333333333333333,0.7170880557977333,0.7306015693112468,0.7,0.7567567567567568,0.6774193548387096
baseline,baseline,43,0,1,103,12,24,0.3003417486729829,0.6908106485616814,0.011303698970229873,1.1487238974247165,0.7087378640776699,0.6865296803652967,0.6926940639269407,0.6707161125319694,0.7397260273972602,0.6333333333333333
baseline,baseline,43,0,2,102,9,21,0.5513704499373069,0.5858749922584084,0.04809471062169625,0.8575454202352786,0.7745098039215687,0.7489371752479925,0.7727916863486065,0.7359000337723742,0.8082191780821918,0.6896551724137931
baseline,baseline,43,1,0,105,12,24,0.36394954418790515,0.6569186976977757,0.018908015780762774,1.1092737935416932,0.6571428571428571,0.6442894507410637,0.6813426329555361,0.6244038155802862,0.6756756756756757,0.6129032258064516
baseline,baseline,43,1,1,104,11,23,0.36534943546240145,0.6544524431228638,0.016624458241634645,1.3750803023576736,0.6730769230769231,0.681081081081081,0.7022522522522522,0.6475279106858054,0.6621621621621622,0.7
baseline,baseline,43,1,2,103,9,21,0.4312365214790454,0.6293912558879667,0.019629112102256187,1.2709253488235104,0.6504854368932039,0.6552511415525114,0.7045662100456621,0.6246963562753036,0.6438356164383562,0.6666666666666666
baseline,baseline,43,2,0,105,14,26,0.1891662762072927,0.7902398773602077,0.016152549121114943,1.3339095223517645,0.6571428571428571,0.6349171752397559,0.6861377506538796,0.6195652173913043,0.6891891891891891,0.5806451612903226
baseline,baseline,43,2,1,104,19,31,0.0914949278275554,0.8051772954372259,0.013222688889632432,1.0856792339338706,0.7596153846153846,0.7319819819819819,0.7626126126126127,0.7202797202797203,0.7972972972972973,0.6666666666666666
baseline,baseline,43,2,2,103,12,24,0.4088164318406411,0.5646606782107677,0.03563147957512494,0.894270586157308,0.7475728155339806,0.7826484018264841,0.8036529680365296,0.7317708333333333,0.6986301369863014,0.8666666666666667
baseline,baseline,43,3,0,105,16,28,0.18408914411870334,0.8055350371237312,0.01925731204951612,1.3200648318952604,0.7142857142857143,0.7035745422842197,0.6857018308631211,0.6829710144927537,0.7297297297297297,0.6774193548387096
baseline,baseline,43,3,1,105,8,20,0.567931028512808,0.6506322781244914,0.05510212215953148,1.2727340287905895,0.7047619047619048,0.6499564080209241,0.6556233653007848,0.6485260770975056,0.7837837837837838,0.5161290322580645
baseline,baseline,43,3,2,103,8,20,0.5397075945422762,0.6168316434888006,0.06466744911989995,1.061746696824009,0.7378640776699029,0.6776255707762557,0.719634703196347,0.6793497059840885,0.821917808219178,0.5333333333333333
baseline,baseline,43,4,0,105,12,24,0.3256833232366122,0.6365465600575719,0.023028861820841066,1.0527932999566907,0.7523809523809524,0.7212292938099389,0.7441150828247602,0.7127525252525253,0.7972972972972973,0.6451612903225806
baseline,baseline,43,4,1,105,15,27,0.16202176075715286,0.8382984944752284,0.020806548597577672,1.2843442421583902,0.7047619047619048,0.7061900610287708,0.6765475152571927,0.6785185185185185,0.7027027027027027,0.7096774193548387
baseline,baseline,43,4,2,103,10,22,0.4649676171087083,0.5539111523952299,0.053905397955150834,0.9213398660270913,0.7572815533980582,0.730593607305936,0.7949771689497717,0.7190398254228041,0.7945205479452054,0.6666666666666666
baseline,baseline,44,0,0,105,12,24,0.3981478898263559,0.62910268448648,0.028428364267981635,1.3648260422671834,0.7142857142857143,0.6660854402789886,0.6952920662598081,0.6628852739726028,0.7837837837837838,0.5483870967741935
baseline,baseline,44,0,1,103,11,23,0.37611970219059265,0.6716717904053845,0.021560819810571303,1.3506822609207005,0.7184466019417476,0.654109589041096,0.6675799086757991,0.6555978323532803,0.8082191780821918,0.5
baseline,baseline,44,0,2,102,7,19,0.6222719882543271,0.6281550362998364,0.08750925886516388,0.8444481758656455,0.7254901960784313,0.6939064714218233,0.7005196032120926,0.68125,0.7671232876712328,0.6206896551724138
baseline,baseline,44,1,0,105,19,31,0.08515970714858188,1.0753724365273403,0.0169505238407044,1.3754516450732592,0.7333333333333333,0.6233653007846556,0.6678291194420227,0.6325,0.8918918918918919,0.3548387096774194
baseline,baseline,44,1,1,104,16,28,0.18228417491683593,0.6688044942342318,0.01628116561243167,1.0233199395812476,0.75,0.7153153153153153,0.7315315315315316,0.7065972222222222,0.7972972972972973,0.6333333333333333
baseline,baseline,44,1,2,103,13,25,0.2863886370613244,0.8488459543695728,0.025292860292807293,1.3056823625726608,0.7087378640776699,0.6570776255707762,0.6429223744292238,0.6538978494623655,0.7808219178082192,0.5333333333333333
baseline,baseline,44,2,0,105,7,19,0.6068576372763961,0.6304808213597253,0.07339703362741044,1.0065957500821068,0.7047619047619048,0.6780732345248475,0.6791630340017436,0.6654332408263953,0.7432432432432432,0.6129032258064516
baseline,baseline,44,2,1,104,6,18,0.635399185694181,0.6507726563857152,0.14433483349589202,0.9579000725195959,0.7307692307692307,0.6918918918918919,0.6873873873873874,0.6840277777777778,0.7837837837837838,0.6
baseline,baseline,44,2,2,103,6,18,0.6471748397681132,0.6309674087079983,0.11100699513722835,0.8159706494183216,0.7572815533980582,0.6815068493150684,0.6913242009132421,0.6899458157736303,0.863013698630137,0.5
baseline,baseline,44,3,0,105,18,30,0.1391630139775001,0.7415448022030648,0.02004620082712231,1.307211382004122,0.6952380952380952,0.699433304272014,0.7262423714036618,0.6700706991358995,0.6891891891891891,0.7096774193548387
baseline,baseline,44,3,1,105,8,20,0.5006014085732974,0.62412645646504,0.03650959982321812,1.3375691439734683,0.7142857142857143,0.7035745422842197,0.7109851787271142,0.6829710144927537,0.7297297297297297,0.6774193548387096
baseline,baseline,44,3,2,103,11,23,0.3730988275437128,0.5856060947029336,0.053677250941594444,0.8227143041717196,0.7864077669902912,0.7413242009132419,0.7835616438356164,0.7413242009132419,0.8493150684931506,0.6333333333333333
baseline,baseline,44,4,0,105,9,21,0.5197317118828113,0.5770942912215278,0.037362692125428185,1.1309196802610089,0.7714285714285715,0.7253705318221447,0.7689625108979947,0.7253705318221447,0.8378378378378378,0.6129032258064516
baseline,baseline,44,4,1,105,9,21,0.36841418135624665,0.789714430343537,0.0639956473516157,1.3368087758088396,0.6571428571428571,0.6161726242371404,0.6299040976460333,0.6085335542667771,0.7162162162162162,0.5161290322580645
baseline,baseline,44,4,2,103,13,25,0.31460659816151576,0.6055156814241872,0.02234078392031647,0.9920202606511348,0.7961165048543689,0.7285388127853881,0.7821917808219178,0.7395544852498495,0.8904109589041096,0.5666666666666667
lr_1e4,hyperparameter,42,0,0,105,10,22,0.560205815478069,0.6307222494057246,0.31983093982789573,0.7075788471670378,0.7428571428571429,0.6676111595466434,0.6734960767218832,0.6749226006191951,0.8513513513513513,0.4838709677419355
lr_1e4,hyperparameter,42,0,1,103,19,31,0.38630624986501133,0.6187126402137348,0.16254719865062964,0.6714438084259774,0.6893203883495146,0.7121004566210045,0.7506849315068492,0.6698717948717949,0.6575342465753424,0.7666666666666667
lr_1e4,hyperparameter,42,0,2,102,25,37,0.3150186616067703,0.5650356166503009,0.21119256059710795,0.6295436854455986,0.7941176470588235,0.7730278696268305,0.7850732168162494,0.7588652482269503,0.821917808219178,0.7241379310344828
lr_1e4,hyperparameter,42,1,0,105,24,36,0.28449594081887875,0.7570523434096859,0.15465090009901258,0.9041380647924684,0.6666666666666666,0.6323016564952049,0.6517000871839581,0.6222633364168979,0.7162162162162162,0.5483870967741935
lr_1e4,hyperparameter,42,1,1,104,11,23,0.6168126246103873,0.592867775605275,0.2989432803140237,0.6117116327469165,0.7884615384615384,0.7324324324324325,0.7238738738738739,0.7370114942528736,0.8648648648648649,0.6
lr_1e4,hyperparameter,42,1,2,103,17,29,0.46054886858999444,0.6312057260170724,0.2624402385579342,0.6670141301108795,0.6893203883495146,0.6924657534246574,0.7045662100456621,0.6625716625716626,0.684931506849315,0.7
lr_1e4,hyperparameter,42,2,0,105,21,33,0.3090687306318882,0.6437883570080711,0.17230069079404867,0.7606271000135513,0.7428571428571429,0.6957279860505667,0.7153443766346992,0.6938775510204082,0.8108108108108109,0.5806451612903226
lr_1e4,hyperparameter,42,2,1,104,3,15,0.6917302356316493,0.6717455891462473,0.4552117700760181,0.720215482207445,0.7403846153846154,0.659009009009009,0.6851351351351351,0.6663101604278074,0.8513513513513513,0.4666666666666667
lr_1e4,hyperparameter,42,2,2,103,25,37,0.3600228442387147,0.6330742971989715,0.2784035128661605,0.6399888856318391,0.7766990291262136,0.7148401826484019,0.7242009132420092,0.7210644059813964,0.863013698630137,0.5666666666666667
lr_1e4,hyperparameter,42,3,0,105,4,16,0.693169694680434,0.6775611951237633,0.450069030890098,0.6701722892976942,0.7428571428571429,0.6769834350479511,0.6800348735832606,0.6817824671680324,0.8378378378378378,0.5161290322580645
lr_1e4,hyperparameter,42,3,1,105,19,31,0.3867397824159035,0.5989699248756681,0.2243091111572889,0.6706230015626975,0.7238095238095238,0.7197035745422842,0.7606800348735833,0.6955304469553045,0.7297297297297297,0.7096774193548387
lr_1e4,hyperparameter,42,3,2,103,19,31,0.42997798295248124,0.5585740923302845,0.2758554048481442,0.5959864252979316,0.7961165048543689,0.7874429223744293,0.791324200913242,0.7677440137442285,0.8082191780821918,0.7666666666666667
lr_1e4,hyperparameter,42,4,0,105,6,18,0.6620794305434594,0.6463106263251531,0.4787349018913049,0.5662630802109128,0.8095238095238095,0.7242807323452485,0.7297297297297297,0.7444011684518014,0.9324324324324325,0.5161290322580645
lr_1e4,hyperparameter,42,4,1,105,17,29,0.4348306483947314,0.7310915823493686,0.26754883504830873,0.8332272134721279,0.7333333333333333,0.6795989537925022,0.6822144725370531,0.6795989537925022,0.8108108108108109,0.5483870967741935
lr_1e4,hyperparameter,42,4,2,103,21,33,0.39587071467013585,0.5381490455090421,0.2606619641894386,0.5516083269443327,0.7864077669902912,0.7805936073059361,0.8031963470319635,0.7585251491901108,0.7945205479452054,0.7666666666666667
lr_1e4,hyperparameter,43,0,0,105,26,38,0.2738517956035893,0.6389145349462827,0.13666545260788465,0.7107360398485547,0.7333333333333333,0.6702266782911944,0.7192676547515257,0.6733333333333333,0.8243243243243243,0.5161290322580645
lr_1e4,hyperparameter,43,0,1,103,13,25,0.5180961314030892,0.622899127816691,0.25288922040934725,0.6289115195135468,0.6796116504854369,0.6561643835616437,0.689041095890411,0.6404316090130118,0.7123287671232876,0.6
lr_1e4,hyperparameter,43,0,2,102,18,30,0.40825035996161974,0.5851719420330197,0.19359678230606592,0.6806486126254586,0.7352941176470589,0.7319319792158715,0.7628719886632027,0.7043478260869566,0.7397260273972602,0.7241379310344828
lr_1e4,hyperparameter,43,1,0,105,11,23,0.5986194270820433,0.6264190350260054,0.28295218455042814,0.690964338147924,0.7333333333333333,0.6514821272885789,0.6909328683522231,0.6590909090909092,0.8513513513513513,0.45161290322580644
lr_1e4,hyperparameter,43,1,1,104,24,36,0.22999509452627256,0.7019902857450339,0.09328447117541845,0.8962080684991983,0.6826923076923077,0.6779279279279279,0.7049549549549549,0.6517503805175038,0.6891891891891891,0.6666666666666666
lr_1e4,hyperparameter,43,1,2,103,11,23,0.5441898204493181,0.6835733519017118,0.23830016556253844,0.7056319418462734,0.5533980582524272,0.645662100456621,0.6538812785388128,0.5523431594860166,0.4246575342465753,0.8666666666666667
lr_1e4,hyperparameter,43,2,0,105,11,23,0.5639715756195179,0.6611191136496407,0.26394187410672504,0.7758188304446992,0.6952380952380952,0.6150828247602441,0.6242371403661726,0.6188747731397459,0.8108108108108109,0.41935483870967744
lr_1e4,hyperparameter,43,2,1,104,26,38,0.20621474860952452,0.6832421055206885,0.10909158091705579,0.7990019447528399,0.7403846153846154,0.7382882882882882,0.7373873873873874,0.711319008944176,0.7432432432432432,0.7333333333333333
lr_1e4,hyperparameter,43,2,2,103,27,39,0.28535468448577317,0.5433986114645467,0.15896644318503056,0.5407692816072297,0.8155339805825242,0.7520547945205479,0.8164383561643836,0.7643588199879591,0.9041095890410958,0.6
lr_1e4,hyperparameter,43,3,0,105,14,26,0.48266975524333805,0.6330723856176649,0.26545965012449485,0.7419209280184337,0.7428571428571429,0.6676111595466434,0.6861377506538797,0.6749226006191951,0.8513513513513513,0.4838709677419355
lr_1e4,hyperparameter,43,3,1,105,16,28,0.4183734546487148,0.6787928439321972,0.16944750727942356,1.0200272159650923,0.6761904761904762,0.6484306887532694,0.6508282476024412,0.6357142857142857,0.7162162162162162,0.5806451612903226
lr_1e4,hyperparameter,43,3,2,103,14,26,0.47514518726439703,0.6250011949863249,0.21782249439330328,0.8030694404852043,0.7281553398058253,0.7002283105022831,0.7118721461187214,0.687878787878788,0.7671232876712328,0.6333333333333333
lr_1e4,hyperparameter,43,4,0,105,10,22,0.6018052273071729,0.6394270158949352,0.3022320041289696,0.7054077538706007,0.580952380952381,0.6558413251961639,0.7205754141238011,0.5778508771929824,0.47297297297297297,0.8387096774193549
lr_1e4,hyperparameter,43,4,1,105,16,28,0.4621891505443133,0.6565242562975202,0.19469558375959212,0.7439164899644397,0.7142857142857143,0.694202266782912,0.6926765475152572,0.6785714285714286,0.7432432432432432,0.6451612903225806
lr_1e4,hyperparameter,43,4,2,103,23,35,0.28770854387964523,0.5857068919441075,0.1443554033835729,0.7300378390886251,0.7087378640776699,0.7061643835616438,0.7625570776255708,0.6797263681592041,0.7123287671232876,0.7
lr_1e4,hyperparameter,44,0,0,105,18,30,0.4477884385643936,0.6314962968939827,0.1959437996875949,0.7254903387455713,0.7238095238095238,0.6728421970357454,0.6809067131647776,0.6712018140589568,0.7972972972972973,0.5483870967741935
lr_1e4,hyperparameter,44,0,1,103,14,26,0.5177533355887961,0.6321852988409764,0.1771301261468786,0.8098793897813964,0.6213592233009708,0.654337899543379,0.6940639269406393,0.6065236555980018,0.5753424657534246,0.7333333333333333
lr_1e4,hyperparameter,44,0,2,102,16,28,0.46082701018223393,0.6398936971729877,0.21526063634799078,0.7992455643766067,0.696078431372549,0.6837505904581955,0.6939064714218233,0.6605475040257649,0.7123287671232876,0.6551724137931034
lr_1e4,hyperparameter,44,1,0,105,15,27,0.44010405350422516,0.6762636882918222,0.2009134599264117,0.7956629347233545,0.6952380952380952,0.6244551002615518,0.6499564080209242,0.6266666666666667,0.7972972972972973,0.45161290322580644
lr_1e4,hyperparameter,44,1,1,104,27,39,0.24753582563537818,0.6888818007249099,0.13669934847320503,0.7638962704401749,0.7115384615384616,0.6981981981981982,0.6945945945945946,0.6770186335403727,0.7297297297297297,0.6666666666666666
lr_1e4,hyperparameter,44,1,2,103,12,24,0.5533799249589728,0.653245075235089,0.25492289562544757,0.8369748285673198,0.6796116504854369,0.6954337899543379,0.6748858447488585,0.6578073089700996,0.6575342465753424,0.7333333333333333
lr_1e4,hyperparameter,44,2,0,105,12,24,0.5820614695549011,0.6246764693941389,0.28800367013267847,0.6539992037273589,0.7333333333333333,0.6795989537925022,0.6904969485614647,0.6795989537925022,0.8108108108108109,0.5483870967741935
lr_1e4,hyperparameter,44,2,1,104,19,31,0.4014718566949551,0.6735619742136735,0.2085518457282048,0.8147404056328994,0.6923076923076923,0.6549549549549549,0.6869369369369369,0.6448997012377293,0.7432432432432432,0.5666666666666667
lr_1e4,hyperparameter,44,2,2,103,18,30,0.4009268509500335,0.6551728922765232,0.2135414264418862,0.7706384224799073,0.7572815533980582,0.7011415525114155,0.6963470319634704,0.7031015796148968,0.8356164383561644,0.5666666666666667
lr_1e4,hyperparameter,44,3,0,105,17,29,0.42247995275717515,0.659938200882503,0.2254221708728717,0.7396008051222279,0.7428571428571429,0.6769834350479511,0.6922406277244987,0.6817824671680324,0.8378378378378378,0.5161290322580645
lr_1e4,hyperparameter,44,3,1,105,12,24,0.5488450080156326,0.6239086582547142,0.21584632219030306,0.8002316724331606,0.7333333333333333,0.7077157802964255,0.7175239755884917,0.6955260977630489,0.7702702702702703,0.6451612903225806
lr_1e4,hyperparameter,44,3,2,103,14,26,0.4789516607920329,0.5754447793497622,0.25540970052991596,0.6400217775580952,0.7572815533980582,0.7404109589041096,0.7958904109589041,0.7235047782669387,0.7808219178082192,0.7
lr_1e4,hyperparameter,44,4,0,105,5,17,0.6855502953896155,0.6783944186710176,0.4475379534638845,0.5885524216152372,0.6190476190476191,0.7016129032258065,0.7506538796861377,0.6162280701754386,0.5,0.9032258064516129
lr_1e4,hyperparameter,44,4,1,105,4,16,0.6752970333282764,0.6854765347072056,0.35622621929416287,0.7976122126692817,0.6666666666666666,0.6229293809938972,0.6002615518744551,0.6164283477716314,0.7297297297297297,0.5161290322580645
lr_1e4,hyperparameter,44,4,2,103,19,31,0.3994798007465544,0.56028287619063,0.17173660823277065,0.6566351883619734,0.7864077669902912,0.7413242009132419,0.7657534246575342,0.7413242009132419,0.8493150684931506,0.6333333333333333
wd_1e3,hyperparameter,42,0,0,105,18,30,0.19132783543772813,0.8019740722363904,0.028245415593065867,1.3358436463966168,0.7142857142857143,0.7035745422842197,0.6913687881429817,0.6829710144927537,0.7297297297297297,0.6774193548387096
wd_1e3,hyperparameter,42,0,1,103,21,33,0.02730611042043077,0.8212065531790835,0.0050162130096198425,1.104325668325702,0.7475728155339806,0.7041095890410959,0.7410958904109589,0.7000448028673836,0.8082191780821918,0.6
wd_1e3,hyperparameter,42,0,2,102,14,26,0.23617353949409264,0.5958844359014549,0.015333641333899532,0.9226075416686488,0.7647058823529411,0.7524799244213509,0.786017949929145,0.7312252964426877,0.7808219178082192,0.7241379310344828
wd_1e3,hyperparameter,42,1,0,105,15,27,0.2759352314875322,0.7819287435994262,0.03012457737420204,1.225239645393144,0.6571428571428571,0.6442894507410637,0.6717523975588492,0.6244038155802862,0.6756756756756757,0.6129032258064516
wd_1e3,hyperparameter,42,1,1,104,9,21,0.5026649431540415,0.5804292651323172,0.06346656604168507,0.7915430642091311,0.8076923076923077,0.7261261261261261,0.7698198198198198,0.7435897435897436,0.918918918918919,0.5333333333333333
wd_1e3,hyperparameter,42,1,2,103,12,24,0.3955577778046211,0.6567232359960241,0.09168028712058751,0.7825743110434523,0.7281553398058253,0.6904109589041096,0.7018264840182649,0.6826584507042254,0.7808219178082192,0.6
wd_1e3,hyperparameter,42,2,0,105,27,39,0.026812588683540983,1.0200736233166285,0.014540230529157868,1.1253007111095248,0.7619047619047619,0.6998692240627724,0.7074978204010461,0.7053541362666966,0.8513513513513513,0.5483870967741935
wd_1e3,hyperparameter,42,2,1,104,12,24,0.4288700750240913,0.7303037975843136,0.06622542498203424,1.0685957360726137,0.6442307692307693,0.6509009009009008,0.6869369369369369,0.6185188856944581,0.6351351351351351,0.6666666666666666
wd_1e3,hyperparameter,42,2,2,103,15,27,0.3552603985419114,0.6314078812460298,0.07831666520551632,0.7229652934282729,0.7475728155339806,0.7139269406392694,0.7506849315068493,0.7053257042253521,0.7945205479452054,0.6333333333333333
wd_1e3,hyperparameter,42,3,0,105,4,16,0.6892648018323458,0.6668582728930882,0.26759986034952676,0.756388512537593,0.7238095238095238,0.6634699215344377,0.6835222319093286,0.6649796457256023,0.8108108108108109,0.5161290322580645
wd_1e3,hyperparameter,42,3,1,105,11,23,0.44656459012856853,0.5890149432988394,0.046543524672205634,1.0101310098898553,0.6952380952380952,0.7181778552746294,0.7741935483870969,0.676923076923077,0.6621621621621622,0.7741935483870968
wd_1e3,hyperparameter,42,3,2,103,20,32,0.14891615715764817,0.5931599930073451,0.021348603531008675,0.7619299636882486,0.8058252427184466,0.7844748858447488,0.8191780821917808,0.7733274647887324,0.8356164383561644,0.7333333333333333
wd_1e3,hyperparameter,42,4,0,105,20,32,0.22008967557205603,0.6776024912084851,0.028377577662467957,1.0033312415970224,0.7523809523809524,0.7399738448125546,0.7449869224062772,0.7214285714285714,0.7702702702702703,0.7096774193548387
wd_1e3,hyperparameter,42,4,1,105,30,42,0.046072716251588784,1.1752440657876875,0.020367425597774293,1.3149299016183553,0.7428571428571429,0.6863557105492589,0.6983435047951176,0.6880844977445264,0.8243243243243243,0.5483870967741935
wd_1e3,hyperparameter,42,4,2,103,21,33,0.12752452535288675,0.5514670812967911,0.016322335463372015,0.6514441787617878,0.7281553398058253,0.7493150684931507,0.8041095890410959,0.7080971659919029,0.6986301369863014,0.8
wd_1e3,hyperparameter,43,0,0,105,11,23,0.4316186425162525,0.6062870610327947,0.025038726352972954,1.1640714266038101,0.7238095238095238,0.7103312990409765,0.7271142109851787,0.691458101124734,0.7432432432432432,0.6774193548387096
wd_1e3,hyperparameter,43,0,1,103,12,24,0.3002097983867074,0.6910866776716362,0.011399038799628976,1.1594044618236208,0.7087378640776699,0.6865296803652967,0.6936073059360731,0.6707161125319694,0.7397260273972602,0.6333333333333333
wd_1e3,hyperparameter,43,0,2,102,9,21,0.5509997732364215,0.5866725111708921,0.04748928278254775,0.8630444103596258,0.7647058823529411,0.7316957959376476,0.7704298535663675,0.7219445706497047,0.8082191780821918,0.6551724137931034
wd_1e3,hyperparameter,43,1,0,105,12,24,0.3609755448097192,0.6584038793331101,0.01858343354061894,1.162895922717594,0.6571428571428571,0.6442894507410637,0.6804707933740192,0.6244038155802862,0.6756756756756757,0.6129032258064516
wd_1e3,hyperparameter,43,1,1,104,11,23,0.3654328779532359,0.6557138080780323,0.01563057770880942,1.3589855466897671,0.6730769230769231,0.681081081081081,0.6990990990990991,0.6475279106858054,0.6621621621621622,0.7
wd_1e3,hyperparameter,43,1,2,103,9,21,0.4311480991292798,0.6297308455393152,0.019872122343393427,1.2495194466658008,0.6504854368932039,0.665068493150685,0.7068493150684932,0.6286057692307692,0.6301369863013698,0.7
wd_1e3,hyperparameter,43,2,0,105,20,32,0.03936702398142377,1.037598625251225,0.008061858956423107,1.3269805346216474,0.6952380952380952,0.6431996512641673,0.6787271142109852,0.6404109589041096,0.7702702702702703,0.5161290322580645
wd_1e3,hyperparameter,43,2,1,104,22,34,0.046315616211639,0.8559462324931071,0.010419578318340847,1.0438476333824487,0.75,0.7252252252252251,0.7612612612612613,0.7114810072556552,0.7837837837837838,0.6666666666666666
wd_1e3,hyperparameter,43,2,2,103,7,19,0.6640583236822101,0.6215996400823871,0.0886919832293782,0.7013247910055141,0.7572815533980582,0.7698630136986302,0.7831050228310503,0.7347821608816562,0.7397260273972602,0.8
wd_1e3,hyperparameter,43,3,0,105,16,28,0.18089723515395933,0.8036491235629434,0.018892492203471754,1.3246982466454071,0.7047619047619048,0.6968177855274629,0.6852659110723627,0.6745325467453255,0.7162162162162162,0.6774193548387096
wd_1e3,hyperparameter,43,3,1,105,8,20,0.5672840636510116,0.6501047951834542,0.05344703431742696,1.2675413970768983,0.6952380952380952,0.6338273757628596,0.6564952048823016,0.6338273757628596,0.7837837837837838,0.4838709677419355
wd_1e3,hyperparameter,43,3,2,103,8,20,0.5394991914431254,0.6174163887801679,0.06507740146702244,1.0622272011145806,0.7378640776699029,0.6776255707762557,0.7168949771689497,0.6793497059840885,0.821917808219178,0.5333333333333333
wd_1e3,hyperparameter,43,4,0,105,12,24,0.3252594513961902,0.6292909375258855,0.02068200925938212,1.0234891001312505,0.7428571428571429,0.7051002615518744,0.7462946817785527,0.6992042440318302,0.7972972972972973,0.6129032258064516
wd_1e3,hyperparameter,43,4,1,105,15,27,0.16192358130445847,0.8377038217726208,0.01981970012331238,1.2868340365943454,0.7047619047619048,0.7061900610287708,0.6769834350479511,0.6785185185185185,0.7027027027027027,0.7096774193548387
wd_1e3,hyperparameter,43,4,2,103,11,23,0.4113111274582999,0.5690914189931259,0.03529655330237888,1.0004990702693901,0.7864077669902912,0.7315068493150685,0.7735159817351598,0.7360205032618825,0.863013698630137,0.6
wd_1e3,hyperparameter,44,0,0,105,12,24,0.3982266357032264,0.6298403964156196,0.029616181234397538,1.2760524365518775,0.7142857142857143,0.6660854402789886,0.6935483870967741,0.6628852739726028,0.7837837837837838,0.5483870967741935
wd_1e3,hyperparameter,44,0,1,103,8,20,0.5639988673481964,0.6262212737092694,0.02933419840455343,1.2008957909148874,0.7378640776699029,0.6579908675799087,0.6831050228310501,0.6651414810355207,0.8493150684931506,0.4666666666666667
wd_1e3,hyperparameter,44,0,2,102,13,25,0.30873386561870575,0.6330603887053097,0.039863174637922875,0.9405794299262411,0.696078431372549,0.7045347189418989,0.7198866320264526,0.6693506221896894,0.684931506849315,0.7241379310344828
wd_1e3,hyperparameter,44,1,0,105,6,18,0.6461376006476545,0.655313865911393,0.12511683514584665,0.9641477184636252,0.7047619047619048,0.6124673060156931,0.6368788142981692,0.6181818181818182,0.8378378378378378,0.3870967741935484
wd_1e3,hyperparameter,44,1,1,104,14,26,0.2929661116347863,0.6194924219296529,0.02802977141422721,0.9912050721737055,0.7403846153846154,0.7283783783783784,0.7333333333333333,0.7072255239286831,0.7567567567567568,0.7
wd_1e3,hyperparameter,44,1,2,103,13,25,0.2832409924867621,0.8535850644111633,0.024796258716099855,1.2949791758963205,0.7087378640776699,0.6570776255707762,0.6442922374429224,0.6538978494623655,0.7808219178082192,0.5333333333333333
wd_1e3,hyperparameter,44,2,0,105,7,19,0.6070983196802185,0.6296687273752122,0.06658784935367856,1.024369122584661,0.6952380952380952,0.6713164777680907,0.6817785527462947,0.6571428571428571,0.7297297297297297,0.6129032258064516
wd_1e3,hyperparameter,44,2,1,104,6,18,0.6353989896865991,0.6508676134623014,0.14325502815728003,0.9630000614202939,0.7307692307692307,0.6918918918918919,0.6873873873873874,0.6840277777777778,0.7837837837837838,0.6
wd_1e3,hyperparameter,44,2,2,103,6,18,0.6470760209708692,0.6308121374509867,0.10698275485534987,0.7929108466916871,0.7572815533980582,0.6815068493150684,0.6922374429223744,0.6899458157736303,0.863013698630137,0.5
wd_1e3,hyperparameter,44,3,0,105,18,30,0.14471736586151215,0.7648856128255527,0.017262451198453512,1.3555567761617047,0.6857142857142857,0.6739319965126417,0.7109851787271142,0.6535346465353464,0.7027027027027027,0.6451612903225806
wd_1e3,hyperparameter,44,3,1,105,8,20,0.5013097306856742,0.6222840865453084,0.03665052798505013,1.3081901067113948,0.7142857142857143,0.7035745422842197,0.7144725370531823,0.6829710144927537,0.7297297297297297,0.6774193548387096
wd_1e3,hyperparameter,44,3,2,103,11,23,0.3742349079677037,0.5847011225894817,0.051567932005439486,0.8304130504432233,0.7961165048543689,0.7481735159817351,0.7849315068493151,0.7506053268765133,0.863013698630137,0.6333333333333333
wd_1e3,hyperparameter,44,4,0,105,9,21,0.5193343196923916,0.5760782923017229,0.03527339755629118,1.1174645037523339,0.7714285714285715,0.7253705318221447,0.7728857890148213,0.7253705318221447,0.8378378378378378,0.6129032258064516
wd_1e3,hyperparameter,44,4,1,105,9,21,0.3683379292488098,0.7965793623810723,0.06484804725131163,1.3544356468710161,0.6476190476190476,0.6094158674803836,0.6299040976460332,0.6006783842121493,0.7027027027027027,0.5161290322580645
wd_1e3,hyperparameter,44,4,2,103,13,25,0.31672831660225276,0.6042030543378256,0.02223329017204898,0.9686905586893119,0.7961165048543689,0.7285388127853881,0.7794520547945205,0.7395544852498495,0.8904109589041096,0.5666666666666667
smooth_005,hyperparameter,42,0,0,105,7,19,0.5922772390086476,0.6650762733959016,0.2531900522185535,0.8225296714476177,0.638095238095238,0.6682650392327811,0.6673931996512642,0.623015873015873,0.5945945945945946,0.7419354838709677
smooth_005,hyperparameter,42,0,1,103,14,26,0.3496950910863093,0.6606896936314778,0.16534279610799707,0.7963250565876081,0.6893203883495146,0.7022831050228311,0.7360730593607306,0.6663967611336032,0.6712328767123288,0.7333333333333333
smooth_005,hyperparameter,42,0,2,102,13,25,0.3676674423309473,0.6082004729439231,0.17591909003945497,0.7843315052051171,0.7254901960784313,0.7458667926310818,0.7831837505904582,0.7031185031185031,0.6986301369863014,0.7931034482758621
smooth_005,hyperparameter,42,1,0,105,16,28,0.30118171266023663,0.7494748703071049,0.17200627887018638,0.906625163838977,0.6857142857142857,0.6551874455100262,0.6957279860505666,0.6438482886216466,0.7297297297297297,0.5806451612903226
smooth_005,hyperparameter,42,1,1,104,8,20,0.6156114511764966,0.6073535336897924,0.20019761071755335,0.7691589181239789,0.7884615384615384,0.7126126126126127,0.7612612612612614,0.7248677248677249,0.8918918918918919,0.5333333333333333
smooth_005,hyperparameter,42,1,2,103,12,24,0.45237460383102657,0.664708885753039,0.2140715947847047,0.6966208873443234,0.7281553398058253,0.6904109589041096,0.7105022831050228,0.6826584507042254,0.7808219178082192,0.6
smooth_005,hyperparameter,42,2,0,105,12,24,0.4339613446578887,0.6827034677777971,0.1866985914355891,0.8452573046797798,0.6952380952380952,0.6713164777680907,0.6852659110723627,0.6571428571428571,0.7297297297297297,0.6129032258064516
smooth_005,hyperparameter,42,2,1,104,23,35,0.20061990790642226,0.9837572803864112,0.16489683607449898,1.0135885156117952,0.7596153846153846,0.6626126126126126,0.6594594594594594,0.6752841263894093,0.8918918918918919,0.43333333333333335
smooth_005,hyperparameter,42,2,2,103,17,29,0.37008750894993686,0.6492628709783832,0.1966439054913498,0.6992359277114127,0.7378640776699029,0.7070776255707762,0.7707762557077625,0.6965630114566285,0.7808219178082192,0.6333333333333333
smooth_005,hyperparameter,42,3,0,105,13,25,0.3963703031723316,0.6776942105520339,0.17926190220392668,0.7665789655276707,0.6952380952380952,0.6806887532693984,0.7061900610287707,0.6618357487922706,0.7162162162162162,0.6451612903225806
smooth_005,hyperparameter,42,3,1,105,11,23,0.4900089685733502,0.6170243845099495,0.18719811565600908,0.8319383462270101,0.6761904761904762,0.7140366172624237,0.7720139494333044,0.6626984126984127,0.6216216216216216,0.8064516129032258
smooth_005,hyperparameter,42,3,2,103,15,27,0.3877078135808309,0.5828673339005813,0.16980717607906887,0.6618179435868865,0.7864077669902912,0.7707762557077625,0.8050228310502283,0.7547619047619047,0.8082191780821918,0.7333333333333333
smooth_005,hyperparameter,42,4,0,105,19,31,0.301544739649846,0.6715214249633608,0.1752676465190374,0.7901501351878757,0.7619047619047619,0.7654751525719268,0.7497820401046207,0.7375262473752624,0.7567567567567568,0.7741935483870968
smooth_005,hyperparameter,42,4,1,105,29,41,0.198338362459953,0.9138062159220378,0.16626754546394715,0.9238778000786191,0.7238095238095238,0.6822144725370531,0.7000871839581517,0.676923076923077,0.7837837837837838,0.5806451612903226
smooth_005,hyperparameter,42,4,2,103,17,29,0.36338296844845724,0.5581597506421284,0.16274834417161488,0.5865690291506572,0.7378640776699029,0.7757990867579909,0.8210045662100457,0.7228147114522077,0.684931506849315,0.8666666666666667
smooth_005,hyperparameter,43,0,0,105,11,23,0.4799765784565995,0.6295629910060337,0.1811237775697941,0.8373624832857223,0.7142857142857143,0.7129468177855275,0.7306015693112468,0.6870031796502385,0.7162162162162162,0.7096774193548387
smooth_005,hyperparameter,43,0,1,103,15,27,0.2705632099782787,0.7200043328757425,0.15998763896992818,0.8537460519272146,0.6990291262135923,0.6894977168949772,0.7164383561643837,0.6668753260302556,0.7123287671232876,0.6666666666666666
smooth_005,hyperparameter,43,0,2,102,9,21,0.5842177466704295,0.6109190232613507,0.1830212645805799,0.7719683880899467,0.7549019607843137,0.7352385451110062,0.7680680207841285,0.7177642501383509,0.7808219178082192,0.6896551724137931
smooth_005,hyperparameter,43,1,0,105,13,25,0.3746249485706937,0.6842606228022349,0.16563547017493685,0.8317881913412185,0.6476190476190476,0.6375326939843069,0.6909328683522232,0.6162962962962963,0.6621621621621622,0.6129032258064516
smooth_005,hyperparameter,43,1,1,104,10,22,0.5189860726778324,0.638785930780264,0.1657134578205072,0.9375876555076013,0.6826923076923077,0.6878378378378378,0.7157657657657658,0.6559398496240602,0.6756756756756757,0.7
smooth_005,hyperparameter,43,1,2,103,9,21,0.4809549251241547,0.6447914601529686,0.17157879215108152,0.91639836783548,0.6504854368932039,0.684703196347032,0.7118721461187215,0.6353265145554682,0.6027397260273972,0.7666666666666667
smooth_005,hyperparameter,43,2,0,105,22,34,0.1761026551614061,0.9268546507472084,0.16093879750961268,0.8976755840437752,0.6476190476190476,0.6281604184829992,0.6743679163034002,0.6115388461153884,0.6756756756756757,0.5806451612903226
smooth_005,hyperparameter,43,2,1,104,13,25,0.3424593416544107,0.6355444215811216,0.17341270985511634,0.7720743028017191,0.75,0.7153153153153153,0.7761261261261262,0.7065972222222222,0.7972972972972973,0.6333333333333333
smooth_005,hyperparameter,43,2,2,103,15,27,0.31893449565440274,0.5889952816430805,0.16896527378182663,0.7667992311773948,0.7766990291262136,0.7541095890410958,0.8,0.7415166393889798,0.8082191780821918,0.7
smooth_005,hyperparameter,43,3,0,105,18,30,0.2519829250299014,0.79514935868127,0.16441277500528556,0.8473267123812721,0.7238095238095238,0.691586748038361,0.6852659110723627,0.6821834881536374,0.7702702702702703,0.6129032258064516
smooth_005,hyperparameter,43,3,1,105,28,40,0.1623024934759507,0.9079861308847155,0.1556111958164435,0.8997186457826978,0.7238095238095238,0.6728421970357454,0.6708805579773321,0.6712018140589568,0.7972972972972973,0.5483870967741935
smooth_005,hyperparameter,43,3,2,103,8,20,0.5696217099825541,0.6346100996998907,0.19388877352078757,0.9023298517014217,0.7378640776699029,0.6972602739726027,0.7182648401826484,0.6913086913086912,0.7945205479452054,0.6
smooth_005,hyperparameter,43,4,0,105,12,24,0.3859028449425331,0.6571436694690159,0.17149773010840783,0.7618542850017548,0.7428571428571429,0.6957279860505667,0.7432432432432432,0.6938775510204082,0.8108108108108109,0.5806451612903226
smooth_005,hyperparameter,43,4,1,105,15,27,0.2565825484119929,0.8066038773173377,0.16683685980164087,0.9361861671720232,0.6666666666666666,0.6791630340017437,0.6839581517000872,0.6448932263986858,0.6486486486486487,0.7096774193548387
smooth_005,hyperparameter,43,4,2,103,8,20,0.5750549106370835,0.6009286723090607,0.2031737784544627,0.7698515398988446,0.7378640776699029,0.7561643835616438,0.7908675799086758,0.7169465648854962,0.7123287671232876,0.8
smooth_005,hyperparameter,44,0,0,105,12,24,0.44775430182131326,0.6478627221924919,0.1798295554591388,0.9563025219099862,0.7238095238095238,0.6822144725370531,0.6944202266782912,0.676923076923077,0.7837837837837838,0.5806451612903226
smooth_005,hyperparameter,44,0,1,103,11,23,0.43339581406058897,0.6832206804775497,0.16923739714323036,0.9970802647396199,0.7087378640776699,0.6472602739726028,0.669406392694064,0.6472602739726028,0.7945205479452054,0.5
smooth_005,hyperparameter,44,0,2,102,13,25,0.36400605967411626,0.6443587068249198,0.1757414971406643,0.7600092718414232,0.7254901960784313,0.7458667926310818,0.7274444969296174,0.7031185031185031,0.6986301369863014,0.7931034482758621
smooth_005,hyperparameter,44,1,0,105,11,23,0.4269955264773346,0.7056893555890946,0.18789942267436335,0.955826571441832,0.6571428571428571,0.6068003487358327,0.6495204882301656,0.6022727272727273,0.7297297297297297,0.4838709677419355
smooth_005,hyperparameter,44,1,1,104,27,39,0.16461775108025625,0.736190683566607,0.16193896532058716,0.7686708202728858,0.7788461538461539,0.7454954954954955,0.7333333333333333,0.7381499726327312,0.8243243243243243,0.6666666666666666
smooth_005,hyperparameter,44,1,2,103,7,19,0.5983613529844147,0.6626451212225608,0.22451868097177533,0.9292944374593716,0.7184466019417476,0.6737442922374429,0.6726027397260275,0.6684426684426684,0.7808219178082192,0.5666666666666667
smooth_005,hyperparameter,44,2,0,105,18,30,0.21850590573416817,0.7909995066268104,0.16357062526659114,0.8933694388185228,0.7238095238095238,0.6728421970357454,0.6987794245858762,0.6712018140589568,0.7972972972972973,0.5483870967741935
smooth_005,hyperparameter,44,2,1,104,11,23,0.4687747794848222,0.6775892766622397,0.18338088404673797,1.0189935840093172,0.6442307692307693,0.6707207207207206,0.6855855855855857,0.6259356469330222,0.6081081081081081,0.7333333333333333
smooth_005,hyperparameter,44,2,2,103,20,32,0.20010064492385354,0.8329402341425998,0.16220943330292498,0.8886291705867619,0.6990291262135923,0.6796803652968036,0.6735159817351598,0.6622236327091928,0.726027397260274,0.6333333333333333
smooth_005,hyperparameter,44,3,0,105,14,26,0.3419780885944,0.7248695587828046,0.17584014168152443,0.8067030243930362,0.7238095238095238,0.6728421970357454,0.6979075850043592,0.6712018140589568,0.7972972972972973,0.5483870967741935
smooth_005,hyperparameter,44,3,1,105,5,17,0.6644845283948458,0.667538244951339,0.21852798416064337,0.9852070172627767,0.7238095238095238,0.6728421970357454,0.6939843068875327,0.6712018140589568,0.7972972972972973,0.5483870967741935
smooth_005,hyperparameter,44,3,2,103,13,25,0.338622670514243,0.6574630190446539,0.1753551278795515,0.711149144230537,0.7961165048543689,0.7481735159817351,0.780365296803653,0.7506053268765133,0.863013698630137,0.6333333333333333
smooth_005,hyperparameter,44,4,0,105,12,24,0.4171895912060371,0.6063990524836949,0.17024928503311598,0.918247095034236,0.7523809523809524,0.7306015693112466,0.7698343504795118,0.7172742336371168,0.7837837837837838,0.6774193548387096
smooth_005,hyperparameter,44,4,1,105,4,16,0.6600220914070423,0.6902568550336928,0.25364627689123154,0.9668576683316912,0.6761904761904762,0.6109415867480383,0.6142109851787271,0.6109415867480383,0.7702702702702703,0.45161290322580644
smooth_005,hyperparameter,44,4,2,103,13,25,0.3835237014861334,0.6160432977005116,0.16851543188095092,0.7717856411795014,0.8058252427184466,0.7452054794520548,0.7831050228310501,0.7547619047619047,0.8904109589041096,0.6
ce_unweighted,imbalance_loss,42,0,0,105,12,24,0.3463831048186232,0.5800562565525372,0.05304669703288776,0.9692229805203776,0.7333333333333333,0.6233653007846556,0.7127288578901483,0.6325,0.8918918918918919,0.3548387096774194
ce_unweighted,imbalance_loss,42,0,1,103,15,27,0.2856398026868341,0.6016188981463608,0.01603659445752844,0.7868368052741856,0.7475728155339806,0.6942922374429223,0.715068493150685,0.6942922374429223,0.821917808219178,0.5666666666666667
ce_unweighted,imbalance_loss,42,0,2,102,14,26,0.3065129140248665,0.5244016927831313,0.023938330714232646,0.7444053027851909,0.7352941176470589,0.7111478507321681,0.7737364194615022,0.6951853901494189,0.7671232876712328,0.6551724137931034
ce_unweighted,imbalance_loss,42,1,0,105,24,36,0.07363463904042751,0.8474146603207503,0.011816485340657514,1.0839904242516718,0.6761904761904762,0.6296861377506539,0.6560592850915432,0.6243686868686869,0.7432432432432432,0.5161290322580645
ce_unweighted,imbalance_loss,42,1,1,104,13,25,0.31381572123903495,0.5147090966884906,0.03838824686737588,0.8563323244452477,0.7596153846153846,0.6824324324324325,0.7657657657657658,0.691027926322044,0.8648648648648649,0.5
ce_unweighted,imbalance_loss,42,1,2,103,24,36,0.10109594147028535,0.5795222321181621,0.015529364122425398,0.6654519684685086,0.7766990291262136,0.6853881278538813,0.7602739726027397,0.7003162555344719,0.9041095890410958,0.4666666666666667
ce_unweighted,imbalance_loss,42,2,0,105,14,26,0.31608615909221666,0.6200353784220559,0.04762328508791428,0.9897315564609709,0.7333333333333333,0.6702266782911944,0.7114210985178726,0.6733333333333333,0.8243243243243243,0.5161290322580645
ce_unweighted,imbalance_loss,42,2,1,104,4,16,0.5721868070272299,0.5720734985975119,0.2317146208996956,0.7045548260211945,0.75,0.6261261261261262,0.6509009009009009,0.6371443907675791,0.918918918918919,0.3333333333333333
ce_unweighted,imbalance_loss,42,2,2,103,14,26,0.3569346352627403,0.5208324014561848,0.09786204440278586,0.6959785691742758,0.7572815533980582,0.6815068493150684,0.7853881278538813,0.6899458157736303,0.863013698630137,0.5
ce_unweighted,imbalance_loss,42,3,0,105,8,20,0.5139817784611995,0.560409825188773,0.15876243707652277,0.6646084665187768,0.7714285714285715,0.6691368788142982,0.6591107236268526,0.685,0.918918918918919,0.41935483870967744
ce_unweighted,imbalance_loss,42,3,1,105,19,31,0.14689718688336703,0.6629414259323052,0.014782853334998855,0.9301902520320644,0.7428571428571429,0.6957279860505667,0.7388840453356582,0.6938775510204082,0.8108108108108109,0.5806451612903226
ce_unweighted,imbalance_loss,42,3,2,103,14,26,0.3535340780303592,0.5099378879209167,0.050324185760248275,0.6045348913345522,0.8058252427184466,0.7648401826484018,0.7748858447488585,0.7648401826484018,0.863013698630137,0.6666666666666666
ce_unweighted,imbalance_loss,42,4,0,105,20,32,0.22382434199635798,0.6114728013674419,0.030210995545180943,0.7668226897494779,0.7619047619047619,0.7279860505666957,0.7327811682650394,0.7214854111405835,0.8108108108108109,0.6451612903225806
ce_unweighted,imbalance_loss,42,4,1,105,24,36,0.0850387688439626,0.9026561767372879,0.02580168929237586,1.0664392942252259,0.7142857142857143,0.6473408892763732,0.6813426329555362,0.65,0.8108108108108109,0.4838709677419355
ce_unweighted,imbalance_loss,42,4,2,103,17,29,0.2856188910348075,0.4594331623859776,0.029052053715678906,0.5658612957278502,0.8155339805825242,0.7422374429223744,0.808675799086758,0.7586632137131581,0.9178082191780822,0.5666666666666667
ce_unweighted,imbalance_loss,43,0,0,105,9,21,0.47567371449819423,0.5846104082607088,0.05026230950181077,0.81386098024391,0.7333333333333333,0.6327375762859634,0.6338273757628596,0.642161635832522,0.8783783783783784,0.3870967741935484
ce_unweighted,imbalance_loss,43,0,1,103,25,37,0.009251155269642672,0.8029655825744555,0.006941765335338991,0.9205185134434005,0.7669902912621359,0.7178082191780821,0.7269406392694064,0.7178082191780821,0.8356164383561644,0.6
ce_unweighted,imbalance_loss,43,0,2,102,14,26,0.17527242936193943,0.6413552717250937,0.01638552733661177,0.9972556502211327,0.6862745098039216,0.6457250826641474,0.6967406707605102,0.6357142857142857,0.7397260273972602,0.5517241379310345
ce_unweighted,imbalance_loss,43,1,0,105,12,24,0.2732752380163773,0.5935513343129839,0.010534450852712571,1.026120316334224,0.7142857142857143,0.6567131647776809,0.6883173496076721,0.6567131647776809,0.7972972972972973,0.5161290322580645
ce_unweighted,imbalance_loss,43,1,1,104,7,19,0.5241343619731756,0.575158355327753,0.04163333562274392,0.9247107207775116,0.75,0.6855855855855856,0.7067567567567568,0.6891954022988506,0.8378378378378378,0.5333333333333333
ce_unweighted,imbalance_loss,43,1,2,103,30,42,0.004287432973901407,1.0360525606326687,0.003331169682670759,1.1007953344039547,0.7378640776699029,0.6383561643835616,0.6972602739726028,0.6481973434535104,0.8767123287671232,0.4
ce_unweighted,imbalance_loss,43,2,0,105,20,32,0.026543165597578754,1.1618375536941348,0.005920649538770462,1.464634236835298,0.6285714285714286,0.5771578029642546,0.5884917175239756,0.5725915875169607,0.7027027027027027,0.45161290322580644
ce_unweighted,imbalance_loss,43,2,1,104,22,34,0.0587407320093077,0.7937733301749597,0.01340292423712806,0.9319391668989108,0.7307692307692307,0.6918918918918919,0.7054054054054054,0.6840277777777778,0.7837837837837838,0.6
ce_unweighted,imbalance_loss,43,2,2,103,12,24,0.3549331372434443,0.5329559859141563,0.030740909592547057,0.8597894021608297,0.7766990291262136,0.7246575342465753,0.7922374429223744,0.7268534532457052,0.8493150684931506,0.6
ce_unweighted,imbalance_loss,43,3,0,105,21,33,0.04083455088906563,0.785470160327497,0.008618688640686182,1.0186441375900315,0.7333333333333333,0.6889712292938099,0.6931124673060156,0.685359589041096,0.7972972972972973,0.5806451612903226
ce_unweighted,imbalance_loss,43,3,1,105,20,32,0.019055622611911252,0.8977949142633449,0.00414761365391314,1.0686825317064566,0.7333333333333333,0.6139930252833479,0.6460331299040976,0.6219135802469136,0.9054054054054054,0.3225806451612903
ce_unweighted,imbalance_loss,43,3,2,103,12,24,0.2602486321613902,0.6009278997634221,0.016392881059575648,0.828994365571772,0.7184466019417476,0.6639269406392694,0.7187214611872147,0.6622950819672131,0.7945205479452054,0.5333333333333333
ce_unweighted,imbalance_loss,43,4,0,105,11,23,0.34147423706375635,0.520088355314164,0.04113161626558464,0.7685828783948506,0.7523809523809524,0.6931124673060156,0.7541412380122058,0.6966666666666667,0.8378378378378378,0.5483870967741935
ce_unweighted,imbalance_loss,43,4,1,105,8,20,0.5153210168847671,0.6289665267581032,0.033255984935049825,0.9710201982940946,0.6857142857142857,0.6270706190061028,0.6508282476024411,0.6258503401360545,0.7702702702702703,0.4838709677419355
ce_unweighted,imbalance_loss,43,4,2,103,9,21,0.4993822290783837,0.5335720574971542,0.048021453317432176,0.7289027160811192,0.7766990291262136,0.7050228310502282,0.8205479452054794,0.71475015051174,0.8767123287671232,0.5333333333333333
ce_unweighted,imbalance_loss,44,0,0,105,15,27,0.24689128529734727,0.5912467286700294,0.027882421852611913,0.8640603544456619,0.7523809523809524,0.6368788142981692,0.7061900610287708,0.6489197530864197,0.918918918918919,0.3548387096774194
ce_unweighted,imbalance_loss,44,0,1,103,14,26,0.15282265685390736,0.7897711899674055,0.012462758711102792,1.1891145865315373,0.7184466019417476,0.6148401826484018,0.6205479452054795,0.6221378874130297,0.863013698630137,0.36666666666666664
ce_unweighted,imbalance_loss,44,0,2,102,21,33,0.07412859184954029,0.7496100561875924,0.019455607819299284,0.9493859566236827,0.7352941176470589,0.6799716580066131,0.6863486065186585,0.678082992402104,0.8082191780821918,0.5517241379310345
ce_unweighted,imbalance_loss,44,1,0,105,17,29,0.13734935726160588,0.6839733056369282,0.019223695157482717,1.063579571885722,0.7523809523809524,0.6556233653007847,0.6612903225806452,0.6677215189873418,0.8918918918918919,0.41935483870967744
ce_unweighted,imbalance_loss,44,1,1,104,11,23,0.3980395510219611,0.5173921470458691,0.03964544198690699,0.7122703584340903,0.7403846153846154,0.6689189189189189,0.7576576576576577,0.6737539212269084,0.8378378378378378,0.5
ce_unweighted,imbalance_loss,44,1,2,103,29,41,0.024077265866492923,0.9927223706708371,0.010741887349272191,1.1401771827808862,0.7281553398058253,0.660958904109589,0.6639269406392695,0.6640260950605779,0.821917808219178,0.5
ce_unweighted,imbalance_loss,44,2,0,105,16,28,0.14354992531923857,0.6840420002029055,0.01359644981218133,1.0923745345146882,0.7333333333333333,0.6421098517872712,0.6743679163034002,0.6509971509971509,0.8648648648648649,0.41935483870967744
ce_unweighted,imbalance_loss,44,2,1,104,19,31,0.09943338239995334,0.7277103410317347,0.02148253159919897,0.8819093979321994,0.7211538461538461,0.6454954954954955,0.6896396396396397,0.6495875450214941,0.8243243243243243,0.4666666666666667
ce_unweighted,imbalance_loss,44,2,2,103,22,34,0.04257711137836558,0.7510766747941091,0.006888186683851566,0.9604063303869905,0.7572815533980582,0.691324200913242,0.7105022831050228,0.6968091369363005,0.8493150684931506,0.5333333333333333
ce_unweighted,imbalance_loss,44,3,0,105,16,28,0.19958181134783304,0.6211258392958414,0.027321399422362447,0.9449755045895775,0.7714285714285715,0.6691368788142982,0.6730601569311246,0.685,0.918918918918919,0.41935483870967744
ce_unweighted,imbalance_loss,44,3,1,105,12,24,0.27973461151123047,0.6206435086471694,0.020569005587066595,1.0414288525026114,0.7333333333333333,0.6233653007846556,0.7000871839581517,0.6325,0.8918918918918919,0.3548387096774194
ce_unweighted,imbalance_loss,44,3,2,103,19,31,0.09038871987057584,0.598602916719844,0.023105380169692494,0.8282944675788139,0.7572815533980582,0.7011415525114155,0.7680365296803653,0.7031015796148968,0.8356164383561644,0.5666666666666667
ce_unweighted,imbalance_loss,44,4,0,105,10,22,0.4337316330235738,0.5764163562229702,0.031555721536278725,0.9825569644215562,0.6952380952380952,0.6338273757628596,0.7214472537053181,0.6338273757628596,0.7837837837837838,0.4838709677419355
ce_unweighted,imbalance_loss,44,4,1,105,6,18,0.4666627496480942,0.63575422338077,0.12211356741877702,0.9676437216145651,0.6952380952380952,0.6057105492589363,0.5959023539668701,0.6103896103896104,0.8243243243243243,0.3870967741935484
ce_unweighted,imbalance_loss,44,4,2,103,15,27,0.2823180955790338,0.47088529155092335,0.02869245256075547,0.7364114048411545,0.7961165048543689,0.6990867579908675,0.7968036529680366,0.718835304822566,0.9315068493150684,0.4666666666666667
ce_sqrtweighted,imbalance_loss,42,0,0,105,18,30,0.15639336021935069,0.8034028645782244,0.01934573942931687,1.231510362595353,0.7047619047619048,0.6593286835222318,0.6913687881429817,0.6546419098143237,0.7702702702702703,0.5483870967741935
ce_sqrtweighted,imbalance_loss,42,0,1,103,17,29,0.15797538033142183,0.6849967692662211,0.011990562838317764,0.9790288707585011,0.7378640776699029,0.7070776255707762,0.7200913242009133,0.6965630114566285,0.7808219178082192,0.6333333333333333
ce_sqrtweighted,imbalance_loss,42,0,2,102,13,25,0.3085177317261696,0.569662490311791,0.01669472387024703,0.8167551450577437,0.7450980392156863,0.7179971658006613,0.7737364194615022,0.7040178571428571,0.7808219178082192,0.6551724137931034
ce_sqrtweighted,imbalance_loss,42,1,0,105,12,24,0.3679886035585173,0.6642756972284544,0.052731544625212026,0.9200617319543934,0.7142857142857143,0.6192240627724499,0.6665213600697472,0.6260683760683761,0.8513513513513513,0.3870967741935484
ce_sqrtweighted,imbalance_loss,42,1,1,104,7,19,0.6008074994270618,0.5795041827055124,0.12017256479996902,0.7276620601232235,0.8076923076923077,0.7162162162162162,0.7274774774774775,0.7367088607594936,0.9324324324324325,0.5
ce_sqrtweighted,imbalance_loss,42,1,2,103,36,48,0.015426586101357446,0.7918485269963162,0.011565924744103905,0.8506886999583939,0.7669902912621359,0.6785388127853882,0.7493150684931507,0.6913086913086912,0.8904109589041096,0.4666666666666667
ce_sqrtweighted,imbalance_loss,42,2,0,105,13,25,0.3711549554758026,0.6134018035162063,0.0390781385437158,0.9980918608960652,0.7714285714285715,0.7066259808195292,0.7157802964254577,0.7141560798548094,0.8648648648648649,0.5483870967741935
ce_sqrtweighted,imbalance_loss,42,2,1,104,29,41,0.03870383872149082,1.0928451373026922,0.012507303850725293,1.1556669513766582,0.7692307692307693,0.6693693693693694,0.681081081081081,0.6840506329113925,0.9054054054054054,0.43333333333333335
ce_sqrtweighted,imbalance_loss,42,2,2,103,14,26,0.3832197657042143,0.5695517748883627,0.09928676800615194,0.7105301627256337,0.7572815533980582,0.7207762557077626,0.771689497716895,0.7141747141747141,0.8082191780821918,0.6333333333333333
ce_sqrtweighted,imbalance_loss,42,3,0,105,24,36,0.06682077737954947,0.8348000757773185,0.014821515705149908,0.9674090628390245,0.7714285714285715,0.6878814298169137,0.6987794245858763,0.7008547008547008,0.8918918918918919,0.4838709677419355
ce_sqrtweighted,imbalance_loss,42,3,1,105,11,23,0.42872583063749165,0.5758520474036535,0.05348807902863392,0.9564447497993352,0.7428571428571429,0.7051002615518744,0.7728857890148212,0.6992042440318302,0.7972972972972973,0.6129032258064516
ce_sqrtweighted,imbalance_loss,42,3,2,103,22,34,0.11569736975999105,0.5786080655542393,0.01751013296611962,0.7190841583951005,0.7766990291262136,0.7639269406392694,0.8059360730593608,0.7456243960055836,0.7945205479452054,0.7333333333333333
ce_sqrtweighted,imbalance_loss,42,4,0,105,13,25,0.4752971770671698,0.5451867113510768,0.08401669991704133,0.778861878475263,0.7619047619047619,0.7279860505666957,0.7676547515257192,0.7214854111405835,0.8108108108108109,0.6451612903225806
ce_sqrtweighted,imbalance_loss,42,4,1,105,7,19,0.5116071265477401,0.6780478020509084,0.17667524702847004,0.8811321110287238,0.7142857142857143,0.6567131647776809,0.6730601569311246,0.6567131647776809,0.7972972972972973,0.5161290322580645
ce_sqrtweighted,imbalance_loss,42,4,2,103,17,29,0.2754040647120703,0.5067361928884265,0.02781697642058134,0.5885012957077582,0.7669902912621359,0.7570776255707763,0.8159817351598173,0.7365728900255755,0.7808219178082192,0.7333333333333333
ce_sqrtweighted,imbalance_loss,43,0,0,105,11,23,0.4276391261961402,0.5980436469827379,0.021348040585019965,1.0466012324106746,0.7238095238095238,0.6447253705318221,0.7109851787271142,0.6508427932576539,0.8378378378378378,0.45161290322580644
ce_sqrtweighted,imbalance_loss,43,0,1,103,15,27,0.1371058332171417,0.7116346023615124,0.007666232561521628,0.9842672185990416,0.7281553398058253,0.6904109589041096,0.7136986301369863,0.6826584507042254,0.7808219178082192,0.6
ce_sqrtweighted,imbalance_loss,43,0,2,102,8,20,0.5560939724628742,0.5734918690195271,0.047781162411690906,0.8697374866289251,0.7745098039215687,0.6761927255550306,0.7685403873405763,0.6911125740618829,0.9041095890410958,0.4482758620689655
ce_sqrtweighted,imbalance_loss,43,1,0,105,7,19,0.592901797398277,0.6297538192499251,0.034571756199362196,0.9390893568096328,0.6476190476190476,0.6281604184829992,0.6687009590235397,0.6115388461153884,0.6756756756756757,0.5806451612903226
ce_sqrtweighted,imbalance_loss,43,1,1,104,5,17,0.6250942005560949,0.6346016984719497,0.05290019082335325,1.034910453053621,0.7596153846153846,0.6824324324324325,0.6923423423423424,0.691027926322044,0.8648648648648649,0.5
ce_sqrtweighted,imbalance_loss,43,1,2,103,21,33,0.016826520487888935,1.0815452758258985,0.004720474078663085,1.2803623373213324,0.7378640776699029,0.6383561643835616,0.6712328767123288,0.6481973434535104,0.8767123287671232,0.4
ce_sqrtweighted,imbalance_loss,43,2,0,105,14,26,0.17635475595792136,0.8267652761368525,0.011404299384189976,1.4034922327314103,0.6571428571428571,0.6161726242371404,0.6573670444638187,0.6085335542667771,0.7162162162162162,0.5161290322580645
ce_sqrtweighted,imbalance_loss,43,2,1,104,13,25,0.27210759486143404,0.5732740484751188,0.028604081921422712,0.866794727742672,0.7596153846153846,0.7319819819819819,0.7666666666666667,0.7202797202797203,0.7972972972972973,0.6666666666666666
ce_sqrtweighted,imbalance_loss,43,2,2,103,10,22,0.4836866593246825,0.5431084436120339,0.04753056750744225,0.8552367357374395,0.8058252427184466,0.7550228310502283,0.8082191780821918,0.7600186393289842,0.8767123287671232,0.6333333333333333
ce_sqrtweighted,imbalance_loss,43,3,0,105,19,31,0.09049141722229812,0.8583747844599808,0.01076051325071603,1.130888940596127,0.7714285714285715,0.7159982563208369,0.6891891891891891,0.72,0.8513513513513513,0.5806451612903226
ce_sqrtweighted,imbalance_loss,43,3,1,105,10,22,0.3844823630956503,0.6407815632365998,0.017486304313374255,1.110994363868875,0.7142857142857143,0.6285963382737576,0.6634699215344377,0.6347402597402598,0.8378378378378378,0.41935483870967744
ce_sqrtweighted,imbalance_loss,43,3,2,103,13,25,0.25998150805632275,0.6988075300327783,0.016778545826673506,1.166724352581987,0.7184466019417476,0.6639269406392694,0.7187214611872146,0.6622950819672131,0.7945205479452054,0.5333333333333333
ce_sqrtweighted,imbalance_loss,43,4,0,105,11,23,0.35360012547327924,0.5735520418201174,0.04616754002367648,0.9327484356416833,0.7428571428571429,0.6957279860505667,0.7449869224062773,0.6938775510204082,0.8108108108108109,0.5806451612903226
ce_sqrtweighted,imbalance_loss,43,4,1,105,12,24,0.2993018922324364,0.7252288443701608,0.0212133287702902,1.2361711005369822,0.6857142857142857,0.6551874455100262,0.6599825632083697,0.6438482886216466,0.7297297297297297,0.5806451612903226
ce_sqrtweighted,imbalance_loss,43,4,2,103,9,21,0.5232295859427679,0.588824148895671,0.05351301637433824,0.7748262234104489,0.6990291262135923,0.7189497716894977,0.7986301369863014,0.6785462599416088,0.6712328767123288,0.7666666666666667
ce_sqrtweighted,imbalance_loss,44,0,0,105,10,22,0.49659423450144324,0.6007457369849796,0.04587858559154882,0.9448748636635996,0.7238095238095238,0.6634699215344377,0.6931124673060157,0.6649796457256023,0.8108108108108109,0.5161290322580645
ce_sqrtweighted,imbalance_loss,44,0,1,103,10,22,0.42299844893280436,0.5979020283060167,0.022507387064937233,1.2224680706135278,0.6990291262135923,0.630593607305936,0.7031963470319635,0.6318459587224721,0.7945205479452054,0.4666666666666667
ce_sqrtweighted,imbalance_loss,44,0,2,102,12,24,0.3132915674493863,0.6154377738050386,0.03878469331763112,1.0325661576261707,0.7254901960784313,0.6731223429381199,0.7076051015588096,0.6694444444444445,0.7945205479452054,0.5517241379310345
ce_sqrtweighted,imbalance_loss,44,1,0,105,10,22,0.4286302679402817,0.6499272919836498,0.05491275453022209,1.0954523228818462,0.7714285714285715,0.6691368788142982,0.634263295553618,0.685,0.918918918918919,0.41935483870967744
ce_sqrtweighted,imbalance_loss,44,1,1,104,14,26,0.29529344548399633,0.5816503006678361,0.02606288082181261,0.7883339065771836,0.7307692307692307,0.7315315315315315,0.7513513513513514,0.7026143790849673,0.7297297297297297,0.7333333333333333
ce_sqrtweighted,imbalance_loss,44,1,2,103,12,24,0.31648902374021176,0.7020826889473257,0.047842552020931926,1.117018276626624,0.6893203883495146,0.6531963470319635,0.6698630136986301,0.6432900432900432,0.7397260273972602,0.5666666666666667
ce_sqrtweighted,imbalance_loss,44,2,0,105,16,28,0.16294757157996081,0.7810148727326166,0.014739836876591047,1.2731334694794245,0.7142857142857143,0.6285963382737576,0.6726242371403661,0.6347402597402598,0.8378378378378378,0.41935483870967744
ce_sqrtweighted,imbalance_loss,44,2,1,104,19,31,0.1216549942126641,0.8267217645278344,0.02625891140017372,1.070826076544248,0.7307692307692307,0.6621621621621622,0.6801801801801801,0.6652873563218391,0.8243243243243243,0.5
ce_sqrtweighted,imbalance_loss,44,2,2,103,18,30,0.10907632034967106,0.7012806733690419,0.011394171525488059,1.068647969694971,0.7475728155339806,0.7041095890410959,0.7182648401826486,0.7000448028673836,0.8082191780821918,0.6
ce_sqrtweighted,imbalance_loss,44,3,0,105,10,22,0.4668647457773869,0.635698184796742,0.0583243712138098,0.8457303118138086,0.7142857142857143,0.6567131647776809,0.6599825632083698,0.6567131647776809,0.7972972972972973,0.5161290322580645
ce_sqrtweighted,imbalance_loss,44,3,1,105,8,20,0.4892209069086955,0.6035505374272664,0.041845654137432575,1.1114471710641824,0.7142857142857143,0.6567131647776809,0.7166521360069746,0.6567131647776809,0.7972972972972973,0.5161290322580645
ce_sqrtweighted,imbalance_loss,44,3,2,103,10,22,0.41863291377112977,0.5624841876979013,0.05009433737113362,0.7954022126290404,0.7766990291262136,0.7148401826484019,0.7579908675799086,0.7210644059813964,0.863013698630137,0.5666666666666667
ce_sqrtweighted,imbalance_loss,44,4,0,105,10,22,0.4567525243529907,0.6187699102220081,0.025118601239787843,1.0549427099171138,0.6476190476190476,0.6562772449869223,0.7231909328683521,0.624601410764325,0.6351351351351351,0.6774193548387096
ce_sqrtweighted,imbalance_loss,44,4,1,105,7,19,0.47280989587306976,0.6975109693549928,0.10037677312413087,1.1122121541982606,0.6952380952380952,0.6150828247602441,0.6094158674803835,0.6188747731397459,0.8108108108108109,0.41935483870967744
ce_sqrtweighted,imbalance_loss,44,4,2,103,15,27,0.2522726508123534,0.5321915930914647,0.02176599425840236,0.8626023970761345,0.7961165048543689,0.7481735159817351,0.7853881278538813,0.7506053268765133,0.863013698630137,0.6333333333333333
focal_balanced,imbalance_loss,42,0,0,105,18,30,0.04219335097728706,0.22642562918231957,0.006069488907460032,0.40180459487244313,0.7333333333333333,0.6889712292938099,0.7445510026155188,0.685359589041096,0.7972972972972973,0.5806451612903226
focal_balanced,imbalance_loss,42,0,1,103,12,24,0.09998407740379878,0.17341055265329416,0.00334227892315996,0.3927382188803941,0.6796116504854369,0.6856164383561644,0.7077625570776256,0.6540458015267177,0.6712328767123288,0.7
focal_balanced,imbalance_loss,42,0,2,102,12,24,0.09359280822368768,0.15512080578243032,0.006423879656582498,0.268475485198638,0.8137254901960784,0.776334435521965,0.7784600850259802,0.7734658094681472,0.863013698630137,0.6896551724137931
focal_balanced,imbalance_loss,42,1,0,105,24,36,0.007863671023956532,0.3040558738342259,0.002382684590835979,0.4240405477832415,0.7238095238095238,0.6822144725370531,0.7197035745422842,0.676923076923077,0.7837837837837838,0.5806451612903226
focal_balanced,imbalance_loss,42,1,1,104,12,24,0.11652408110407683,0.14402147755026817,0.005634818423109559,0.26400968117209583,0.7115384615384616,0.7378378378378379,0.7981981981981983,0.6923076923076923,0.6756756756756757,0.8
focal_balanced,imbalance_loss,42,1,2,103,11,23,0.1128759599384366,0.15550321434597367,0.01312727236933115,0.25694152510281904,0.7184466019417476,0.7031963470319634,0.7269406392694063,0.684015656405374,0.7397260273972602,0.6666666666666666
focal_balanced,imbalance_loss,42,2,0,105,15,27,0.06503490934481368,0.24946413934230804,0.00346157637172815,0.5893080467269534,0.7333333333333333,0.6795989537925022,0.6469049694856147,0.6795989537925022,0.8108108108108109,0.5483870967741935
focal_balanced,imbalance_loss,42,2,1,104,15,27,0.08378952075369082,0.17864104818839294,0.009599271767701093,0.41314106674578327,0.6923076923076923,0.6846846846846847,0.7265765765765766,0.6601307189542484,0.7027027027027027,0.6666666666666666
focal_balanced,imbalance_loss,42,2,2,103,17,29,0.07732930362367174,0.1685257943220509,0.00974079791755019,0.25164902210235596,0.7572815533980582,0.7011415525114155,0.7753424657534247,0.7031015796148968,0.8356164383561644,0.5666666666666667
focal_balanced,imbalance_loss,42,3,0,105,12,24,0.10789306762699898,0.15671133423844974,0.009521311480337037,0.30552377975656697,0.6952380952380952,0.6900610287707062,0.7380122057541412,0.6661367249602543,0.7027027027027027,0.6774193548387096
focal_balanced,imbalance_loss,42,3,1,105,19,31,0.034533438917536005,0.22063630853358301,0.0038095588903301037,0.41873900699247313,0.7047619047619048,0.7061900610287708,0.7449869224062773,0.6785185185185185,0.7027027027027027,0.7096774193548387
focal_balanced,imbalance_loss,42,3,2,103,37,49,0.003340783098801261,0.286398906224561,0.002076909380654494,0.30060778312312747,0.8349514563106796,0.7755707762557078,0.7899543378995434,0.7891631547260687,0.9178082191780822,0.6333333333333333
focal_balanced,imbalance_loss,42,4,0,105,18,30,0.050932286951977476,0.20520702199566931,0.005876444526410733,0.3374955583541166,0.7904761904761904,0.7482563208369659,0.7741935483870968,0.7482563208369659,0.8513513513513513,0.6451612903225806
focal_balanced,imbalance_loss,42,4,1,105,9,21,0.1323422993031832,0.17768620202938715,0.03846827418041917,0.3255804559476452,0.6761904761904762,0.6952920662598082,0.7018308631211856,0.6567307692307692,0.6486486486486487,0.7419354838709677
focal_balanced,imbalance_loss,42,4,2,103,21,33,0.02380762332606883,0.13444611950985436,0.0031659636214109404,0.17672699780284779,0.7475728155339806,0.763013698630137,0.8438356164383561,0.7258394758394758,0.726027397260274,0.8
focal_balanced,imbalance_loss,43,0,0,105,11,23,0.10904770420818793,0.16116828762349628,0.007722620684199217,0.3121942861404802,0.6857142857142857,0.6833042720139494,0.7306015693112468,0.6577777777777778,0.6891891891891891,0.6774193548387096
focal_balanced,imbalance_loss,43,0,1,103,21,33,0.005352164177754939,0.32526198347795354,0.001395381137881662,0.41795685988606757,0.6796116504854369,0.6561643835616437,0.6684931506849315,0.6404316090130118,0.7123287671232876,0.6
focal_balanced,imbalance_loss,43,0,2,102,14,26,0.0610915393067094,0.1802890978607477,0.0037743045026078247,0.3766793483028225,0.6274509803921569,0.6981577704298536,0.7397260273972603,0.6202978056426333,0.5342465753424658,0.8620689655172413
focal_balanced,imbalance_loss,43,1,0,105,13,25,0.0823771597970511,0.16756070311225596,0.004138542714602975,0.44588214210608773,0.6857142857142857,0.6833042720139494,0.7236268526591108,0.6577777777777778,0.6891891891891891,0.6774193548387096
focal_balanced,imbalance_loss,43,1,1,104,6,18,0.15925801287476832,0.15497663846382728,0.016533355300243083,0.325406045294725,0.6923076923076923,0.6747747747747748,0.7103603603603603,0.6554865424430641,0.7162162162162162,0.6333333333333333
focal_balanced,imbalance_loss,43,1,2,103,21,33,0.009430482883744932,0.288606879889097,0.0013659297500884062,0.43202166256576197,0.7475728155339806,0.6550228310502283,0.7100456621004566,0.6655844155844156,0.8767123287671232,0.43333333333333335
focal_balanced,imbalance_loss,43,2,0,105,22,34,0.005994860634009763,0.46480140306410334,0.0015608737203584994,0.5900938199034759,0.6857142857142857,0.6083260680034873,0.6469049694856147,0.6110674598720395,0.7972972972972973,0.41935483870967744
focal_balanced,imbalance_loss,43,2,1,104,22,34,0.013585183646332903,0.2502316093215576,0.0021330702063726047,0.34168628667696166,0.7596153846153846,0.7418918918918919,0.7783783783783784,0.7247803535513919,0.7837837837837838,0.7
focal_balanced,imbalance_loss,43,2,2,103,9,21,0.15503530895881104,0.15083540816908902,0.013068253504174747,0.19672370260780297,0.7961165048543689,0.7579908675799086,0.7867579908675799,0.7554550593555681,0.8493150684931506,0.6666666666666666
focal_balanced,imbalance_loss,43,3,0,105,17,29,0.0220155250818397,0.24679514582135847,0.002577169402054726,0.4282375260067143,0.7428571428571429,0.6957279860505667,0.7074978204010463,0.6938775510204082,0.8108108108108109,0.5806451612903226
focal_balanced,imbalance_loss,43,3,1,105,10,22,0.08988249903688064,0.16152690649032592,0.005691627447959036,0.33063669486547864,0.6761904761904762,0.7046643417611159,0.7445510026155187,0.6598704268292683,0.6351351351351351,0.7741935483870968
focal_balanced,imbalance_loss,43,3,2,103,15,27,0.04573153285753159,0.22316412569828403,0.004388128511518949,0.4360453649921325,0.7766990291262136,0.7050228310502282,0.7287671232876713,0.71475015051174,0.8767123287671232,0.5333333333333333
focal_balanced,imbalance_loss,43,4,0,105,11,23,0.09865329371621975,0.1557423041335174,0.009791884266843017,0.3361235446340981,0.7238095238095238,0.7009590235396688,0.7480383609415867,0.6870181930311441,0.7567567567567568,0.6451612903225806
focal_balanced,imbalance_loss,43,4,1,105,8,20,0.14354844190753424,0.16192036554926917,0.011654710674730059,0.33479261793018805,0.6952380952380952,0.699433304272014,0.6983435047951176,0.6700706991358995,0.6891891891891891,0.7096774193548387
focal_balanced,imbalance_loss,43,4,2,103,13,25,0.07666456259432293,0.159780587675502,0.006619945407978126,0.31223399749079955,0.6601941747572816,0.6915525114155252,0.7273972602739727,0.6439506172839506,0.6164383561643836,0.7666666666666667
focal_balanced,imbalance_loss,44,0,0,105,11,23,0.11694864819689495,0.16233262533233278,0.011787917769355017,0.33217791702953126,0.7428571428571429,0.6769834350479511,0.7000871839581517,0.6817824671680324,0.8378378378378378,0.5161290322580645
focal_balanced,imbalance_loss,44,0,1,103,15,27,0.03306456204449785,0.22109977539303233,0.002968155513495063,0.4672178299102968,0.6796116504854369,0.6856164383561644,0.6908675799086758,0.6540458015267177,0.6712328767123288,0.7
focal_balanced,imbalance_loss,44,0,2,102,13,25,0.06901876914959687,0.18700513017236017,0.00516136771609756,0.40492573950220556,0.6568627450980392,0.687529522909778,0.7000472366556447,0.6384810126582279,0.6164383561643836,0.7586206896551724
focal_balanced,imbalance_loss,44,1,0,105,11,23,0.09538429962912044,0.1907609760761261,0.010144382739970505,0.4546337676411938,0.7333333333333333,0.6421098517872712,0.6830863121185701,0.6509971509971509,0.8648648648648649,0.41935483870967744
focal_balanced,imbalance_loss,44,1,1,104,10,22,0.11482950944740039,0.16216982843784186,0.01172752387356013,0.3123492606414052,0.75,0.6954954954954955,0.7306306306306306,0.6954954954954955,0.8243243243243243,0.5666666666666667
focal_balanced,imbalance_loss,44,1,2,103,7,19,0.1515655076960057,0.16636750955604812,0.023916871433561828,0.34434162948316743,0.6699029126213593,0.6689497716894977,0.6557077625570776,0.6414823914823915,0.6712328767123288,0.6666666666666666
focal_balanced,imbalance_loss,44,2,0,105,13,25,0.08387687449581957,0.20533323131856465,0.004840384493919386,0.4722884822459448,0.7523809523809524,0.6743679163034002,0.6660854402789886,0.6834415584415585,0.8648648648648649,0.4838709677419355
focal_balanced,imbalance_loss,44,2,1,104,14,26,0.05313958184650311,0.2140426658667051,0.005167427956341551,0.44620849707951915,0.6538461538461539,0.6774774774774774,0.6666666666666666,0.634375,0.6216216216216216,0.7333333333333333
focal_balanced,imbalance_loss,44,2,2,103,20,32,0.021510075038058334,0.303622979128245,0.003174361989512576,0.4460419956775545,0.7475728155339806,0.7139269406392694,0.7031963470319635,0.7053257042253521,0.7945205479452054,0.6333333333333333
focal_balanced,imbalance_loss,44,3,0,105,4,16,0.175238837989477,0.16683238333179837,0.039902830245689705,0.24905768682559332,0.7333333333333333,0.6795989537925022,0.7210113339145597,0.6795989537925022,0.8108108108108109,0.5483870967741935
focal_balanced,imbalance_loss,44,3,1,105,6,18,0.15971999242901802,0.16071649207955316,0.01579437107564165,0.4011434195618633,0.7047619047619048,0.6968177855274629,0.7048823016564952,0.6745325467453255,0.7162162162162162,0.6774193548387096
focal_balanced,imbalance_loss,44,3,2,103,15,27,0.04858439571800686,0.15449286794778214,0.006332899609004103,0.26063385623896007,0.7669902912621359,0.7767123287671234,0.7789954337899544,0.7437810945273632,0.7534246575342466,0.8
focal_balanced,imbalance_loss,44,4,0,105,6,18,0.16901211469219282,0.16076841680776505,0.01874816320084322,0.31565692570237885,0.6761904761904762,0.6952920662598082,0.7563208369659983,0.6567307692307692,0.6486486486486487,0.7419354838709677
focal_balanced,imbalance_loss,44,4,1,105,5,17,0.15806101663754538,0.17215179432006109,0.024323902665995635,0.3981654559583625,0.638095238095238,0.6120313862249346,0.6290322580645161,0.5984299516908212,0.6756756756756757,0.5483870967741935
focal_balanced,imbalance_loss,44,4,2,103,15,27,0.05347985163597124,0.18663127083801528,0.0039157020615502485,0.3197914302638433,0.8252427184466019,0.7490867579908675,0.7584474885844749,0.7684815184815185,0.9315068493150684,0.5666666666666667
ce_effective099,imbalance_loss,42,0,0,105,18,30,0.17076248802789828,0.800147620251491,0.023931389919868328,1.236522217283103,0.7047619047619048,0.6687009590235398,0.6952920662598082,0.660265108026302,0.7567567567567568,0.5806451612903226
ce_effective099,imbalance_loss,42,0,1,103,17,29,0.15400302762858534,0.708311604932674,0.01272053755302396,0.9864723615854689,0.7281553398058253,0.7002283105022831,0.708675799086758,0.687878787878788,0.7671232876712328,0.6333333333333333
ce_effective099,imbalance_loss,42,0,2,102,21,33,0.04417272599843832,0.7204843265753166,0.006874298972364228,0.8849707798046225,0.7549019607843137,0.7352385451110062,0.7808219178082192,0.7177642501383509,0.7808219178082192,0.6896551724137931
ce_effective099,imbalance_loss,42,1,0,105,16,28,0.22147318958372308,0.7345686179275314,0.022146384803137343,1.141733278836944,0.6952380952380952,0.6338273757628596,0.6804707933740191,0.6338273757628596,0.7837837837837838,0.4838709677419355
ce_effective099,imbalance_loss,42,1,1,104,7,19,0.605481778199856,0.5870800981154809,0.12393293905859956,0.776181732232754,0.8076923076923077,0.7360360360360361,0.727027027027027,0.7498797498797498,0.9054054054054054,0.5666666666666667
ce_effective099,imbalance_loss,42,1,2,103,36,48,0.014576661765896247,0.8178226250467948,0.01072402192757612,0.8930930888768539,0.7572815533980582,0.671689497716895,0.7474885844748859,0.6824515969909977,0.8767123287671232,0.4666666666666667
ce_effective099,imbalance_loss,42,2,0,105,23,35,0.053261301871659096,0.8988869210084279,0.010424931587624376,1.2451768118710744,0.7714285714285715,0.7253705318221447,0.7166521360069746,0.7253705318221447,0.8378378378378378,0.6129032258064516
ce_effective099,imbalance_loss,42,2,1,104,26,38,0.05061632495086927,1.020225061246982,0.012537971855356144,1.168742008220691,0.7403846153846154,0.659009009009009,0.694144144144144,0.6663101604278074,0.8513513513513513,0.4666666666666667
ce_effective099,imbalance_loss,42,2,2,103,14,26,0.3879151218815854,0.5718499786645463,0.0976345715554137,0.7135828322577245,0.7572815533980582,0.7207762557077626,0.7721461187214612,0.7141747141747141,0.8082191780821918,0.6333333333333333
ce_effective099,imbalance_loss,42,3,0,105,22,34,0.09775195815242253,0.8435424545513732,0.015226404666184233,0.9871146686441664,0.7714285714285715,0.6878814298169137,0.6979075850043591,0.7008547008547008,0.8918918918918919,0.4838709677419355
ce_effective099,imbalance_loss,42,3,1,105,10,22,0.4701479816666016,0.5872413263434455,0.05456887962869727,0.9499440136498638,0.7238095238095238,0.691586748038361,0.7680906713164777,0.6821834881536374,0.7702702702702703,0.6129032258064516
ce_effective099,imbalance_loss,42,3,2,103,34,46,0.017340419889383372,0.7682560719911334,0.00899032461678698,0.8052986437834583,0.8155339805825242,0.7716894977168949,0.789041095890411,0.7743572005073216,0.8767123287671232,0.6666666666666666
ce_effective099,imbalance_loss,42,4,0,105,19,31,0.2151685289752025,0.6512575671786354,0.036854532368194595,0.8860430126300171,0.7523809523809524,0.7306015693112466,0.7545771578029641,0.7172742336371168,0.7837837837837838,0.6774193548387096
ce_effective099,imbalance_loss,42,4,1,105,10,22,0.4684558499317903,0.69187545137746,0.13650898578075263,0.9907529299457868,0.6952380952380952,0.661944202266783,0.6957279860505667,0.652029826014913,0.7432432432432432,0.5806451612903226
ce_effective099,imbalance_loss,42,4,2,103,17,29,0.2745441002505166,0.5126710088507643,0.02614811635354445,0.5953288295315308,0.7669902912621359,0.7570776255707763,0.8155251141552512,0.7365728900255755,0.7808219178082192,0.7333333333333333
ce_effective099,imbalance_loss,43,0,0,105,11,23,0.42446717692584524,0.601766136146727,0.023350587071532883,1.0847163922253198,0.7333333333333333,0.6608544027898866,0.7140366172624236,0.6665154264972777,0.8378378378378378,0.4838709677419355
ce_effective099,imbalance_loss,43,0,1,103,25,37,0.00957750414547641,0.9873136536588947,0.004784842262467468,1.0701956343882293,0.7475728155339806,0.7041095890410959,0.6968036529680365,0.7000448028673836,0.8082191780821918,0.6
ce_effective099,imbalance_loss,43,0,2,102,8,20,0.563990674339808,0.5806159423846825,0.04961297533904704,0.8844300076073291,0.7745098039215687,0.696976854038734,0.7685403873405763,0.7068599275271773,0.8767123287671232,0.5172413793103449
ce_effective099,imbalance_loss,43,1,0,105,12,24,0.3295146503310273,0.6489118628558659,0.018523820419458374,1.0236098651763141,0.6761904761904762,0.6390584132519617,0.6782911944202268,0.630281690140845,0.7297297297297297,0.5483870967741935
ce_effective099,imbalance_loss,43,1,1,104,11,23,0.35242944812545407,0.6465803889127878,0.013639997395400245,1.2268883287906647,0.6923076923076923,0.6945945945945946,0.6990990990990992,0.6643807987091569,0.6891891891891891,0.7
ce_effective099,imbalance_loss,43,1,2,103,21,33,0.01587363475383344,1.1510784747531113,0.00504392649060445,1.3562212321292428,0.7184466019417476,0.6148401826484018,0.65662100456621,0.6221378874130297,0.863013698630137,0.36666666666666664
ce_effective099,imbalance_loss,43,2,0,105,17,29,0.07585091147445826,0.9802476247151692,0.007973703317308196,1.4413941150619871,0.6476190476190476,0.6094158674803836,0.6442894507410636,0.6006783842121493,0.7027027027027027,0.5161290322580645
ce_effective099,imbalance_loss,43,2,1,104,13,25,0.2627817868040158,0.5757700124612222,0.0267362894776922,0.8571958968845698,0.7596153846153846,0.7319819819819819,0.7765765765765765,0.7202797202797203,0.7972972972972973,0.6666666666666666
ce_effective099,imbalance_loss,43,2,2,103,10,22,0.487837239600825,0.5484678693188046,0.04477963666988617,0.8656735327637312,0.7669902912621359,0.7374429223744292,0.8095890410958904,0.7279929577464789,0.8082191780821918,0.6666666666666666
ce_effective099,imbalance_loss,43,3,0,105,12,24,0.3430443357389707,0.6387532786954017,0.03145427444878106,1.099474560705823,0.7619047619047619,0.7092414995640802,0.7000871839581516,0.7111893497634503,0.8378378378378378,0.5806451612903226
ce_effective099,imbalance_loss,43,3,1,105,2,14,0.6670200584026483,0.6760198786145165,0.17001401948241088,0.9147610869436037,0.7047619047619048,0.6124673060156931,0.597646033129904,0.6181818181818182,0.8378378378378378,0.3870967741935484
ce_effective099,imbalance_loss,43,3,2,103,9,21,0.45883661338261195,0.606617858108965,0.035282421049972375,0.9286861101400505,0.7378640776699029,0.6678082191780822,0.7168949771689499,0.6725538678912045,0.8356164383561644,0.5
ce_effective099,imbalance_loss,43,4,0,105,11,23,0.3538516415999486,0.5825680995980899,0.03735794094749368,0.9422933488729455,0.7428571428571429,0.7051002615518744,0.7471665213600699,0.6992042440318302,0.7972972972972973,0.6129032258064516
ce_effective099,imbalance_loss,43,4,1,105,8,20,0.5547585751001651,0.6838513260795956,0.056078400498685926,1.0691503405570983,0.6571428571428571,0.6630340017436791,0.6512641673931997,0.6328671328671329,0.6486486486486487,0.6774193548387096
ce_effective099,imbalance_loss,43,4,2,103,9,21,0.5275401915822711,0.5985771371322928,0.05476725933452447,0.8118484668361331,0.7087378640776699,0.745433789954338,0.8009132420091324,0.6934523809523809,0.6575342465753424,0.8333333333333334
ce_effective099,imbalance_loss,44,0,0,105,15,27,0.2575124731151069,0.6766310635067168,0.02052472192884945,1.1761839437475872,0.7523809523809524,0.6649956408020924,0.7053182214472536,0.6759259259259259,0.8783783783783784,0.45161290322580644
ce_effective099,imbalance_loss,44,0,1,103,10,22,0.4256155662202605,0.6072233423445988,0.023386679535758667,1.3066188412383921,0.7087378640776699,0.6472602739726028,0.7027397260273973,0.6472602739726028,0.7945205479452054,0.5
ce_effective099,imbalance_loss,44,0,2,102,13,25,0.2982760736575493,0.6341686117298463,0.03743165097414301,0.9007377232991013,0.7254901960784313,0.6835144071799717,0.7052432687765706,0.6756019990913221,0.7808219178082192,0.5862068965517241
ce_effective099,imbalance_loss,44,1,0,105,10,22,0.43436025651756693,0.6679826746384303,0.04993934006821634,1.1282076560315633,0.7904761904761904,0.6826503923278117,0.6251089799476897,0.7029320987654321,0.9459459459459459,0.41935483870967744
ce_effective099,imbalance_loss,44,1,1,104,18,30,0.11693572503729509,0.6342814117670059,0.015785124708110325,0.8054788020940927,0.7788461538461539,0.7454954954954955,0.7563063063063062,0.7381499726327312,0.8243243243243243,0.6666666666666666
ce_effective099,imbalance_loss,44,1,2,103,12,24,0.32115977346611935,0.7029187248169797,0.03913565979530794,1.129843890088276,0.6699029126213593,0.6591324200913242,0.671689497716895,0.6370232172470979,0.684931506849315,0.6333333333333333
ce_effective099,imbalance_loss,44,2,0,105,11,23,0.38580300532965267,0.6175679629757291,0.033813480611728584,1.0994633329766137,0.7333333333333333,0.6608544027898866,0.6918047079337402,0.6665154264972777,0.8378378378378378,0.4838709677419355
ce_effective099,imbalance_loss,44,2,1,104,4,16,0.6564694803494674,0.6738063509647663,0.22629647329449654,0.9650480838922354,0.7115384615384616,0.6486486486486487,0.6522522522522523,0.6486486486486487,0.7972972972972973,0.5
ce_effective099,imbalance_loss,44,2,2,103,7,19,0.599546795898077,0.6082120393086405,0.09810140811833754,0.8090582048719369,0.7766990291262136,0.7050228310502282,0.691324200913242,0.71475015051174,0.8767123287671232,0.5333333333333333
ce_effective099,imbalance_loss,44,3,0,105,18,30,0.1370705458550499,0.6967111441351118,0.01611304388811382,1.152540760185747,0.6761904761904762,0.6671752397558849,0.7262423714036617,0.6452702702702703,0.6891891891891891,0.6451612903225806
ce_effective099,imbalance_loss,44,3,1,105,8,20,0.4923598984113106,0.6084695191610427,0.03841281198681547,1.1447592329854765,0.7238095238095238,0.6728421970357454,0.7183958151700087,0.6712018140589568,0.7972972972972973,0.5483870967741935
ce_effective099,imbalance_loss,44,3,2,103,14,26,0.18505920767784118,0.5892669344411313,0.03049845727426665,0.9017939104617221,0.7864077669902912,0.721689497716895,0.7844748858447489,0.7302380952380952,0.8767123287671232,0.5666666666666667
ce_effective099,imbalance_loss,44,4,0,105,10,22,0.45606426436167496,0.6177310989016578,0.027937127707096245,1.1054898095095442,0.6666666666666666,0.6791630340017437,0.7258064516129032,0.6448932263986858,0.6486486486486487,0.7096774193548387
ce_effective099,imbalance_loss,44,4,1,105,7,19,0.4759175662810986,0.7067351908910842,0.10439238768930618,1.188371643494992,0.6952380952380952,0.6150828247602441,0.6089799476896252,0.6188747731397459,0.8108108108108109,0.41935483870967744
ce_effective099,imbalance_loss,44,4,2,103,16,28,0.1940621140457335,0.5864663908203829,0.016860663429612205,0.8713194580332747,0.7864077669902912,0.7413242009132419,0.7616438356164383,0.7413242009132419,0.8493150684931506,0.6333333333333333
balanced_sampler,imbalance_sampling,42,0,0,105,8,20,0.5344973287931303,0.6652096578053066,0.06065780238770857,1.1893007549945087,0.7047619047619048,0.6312118570183086,0.6150828247602441,0.6346391289707037,0.8108108108108109,0.45161290322580644
balanced_sampler,imbalance_sampling,42,0,1,103,16,28,0.12494979330882934,0.699144459465175,0.0065325661719853175,1.0066689767883819,0.7184466019417476,0.6933789954337899,0.7392694063926942,0.6792655427896488,0.7534246575342466,0.6333333333333333
balanced_sampler,imbalance_sampling,42,0,2,102,10,22,0.46397362649440765,0.5805277625719706,0.046702714457821384,0.9837183221882465,0.696078431372549,0.7045347189418989,0.7704298535663676,0.6693506221896894,0.684931506849315,0.7241379310344828
balanced_sampler,imbalance_sampling,42,1,0,105,19,31,0.115351560395121,1.1015645134927972,0.01837494216211464,1.5359444950845846,0.6571428571428571,0.5974280732345248,0.5710549258936356,0.5954623287671232,0.7432432432432432,0.45161290322580644
balanced_sampler,imbalance_sampling,42,1,1,104,13,25,0.359623233286234,0.6137252679237952,0.03234264036067403,0.9725944044498297,0.6634615384615384,0.6941441441441442,0.7666666666666666,0.6461553416933994,0.6216216216216216,0.7666666666666667
balanced_sampler,imbalance_sampling,42,1,2,103,23,35,0.06829039814645808,0.7430873944342715,0.01214612363160891,0.8666789740034677,0.7475728155339806,0.6942922374429223,0.7570776255707762,0.6942922374429223,0.821917808219178,0.5666666666666667
balanced_sampler,imbalance_sampling,42,2,0,105,15,27,0.15276777522935384,0.7686152595139685,0.01806804593562504,1.1941369949352174,0.7333333333333333,0.6889712292938099,0.6883173496076722,0.685359589041096,0.7972972972972973,0.5806451612903226
balanced_sampler,imbalance_sampling,42,2,1,104,8,20,0.5469979254099039,0.6214568018913269,0.12031336314976215,0.9272333062612094,0.6538461538461539,0.6873873873873875,0.7513513513513513,0.637630662020906,0.6081081081081081,0.7666666666666667
balanced_sampler,imbalance_sampling,42,2,2,103,14,26,0.42788613441458156,0.6004191483687429,0.07612440813528865,0.9091398623383161,0.7378640776699029,0.7168949771689497,0.7493150684931508,0.7013851605282937,0.7671232876712328,0.6666666666666666
balanced_sampler,imbalance_sampling,42,3,0,105,19,31,0.07099881904343,0.8711507086154251,0.011373622495179566,1.1905512808744485,0.7142857142857143,0.6660854402789886,0.6904969485614647,0.6628852739726028,0.7837837837837838,0.5483870967741935
balanced_sampler,imbalance_sampling,42,3,1,105,9,21,0.39332777720231277,0.6505247345992498,0.02712622367275449,0.9349866624139914,0.6571428571428571,0.709895379250218,0.7353966870095903,0.6479135618479881,0.581081081081081,0.8387096774193549
balanced_sampler,imbalance_sampling,42,3,2,103,14,26,0.3097411056359609,0.5626706535955077,0.037017952597567017,0.8112430268699683,0.7378640776699029,0.7463470319634704,0.8018264840182647,0.7135647337521887,0.726027397260274,0.7666666666666667
balanced_sampler,imbalance_sampling,42,4,0,105,11,23,0.3902831811171312,0.5940382900692168,0.061673651521022506,0.963675818556831,0.7238095238095238,0.7384481255448998,0.7680906713164777,0.7026657552973342,0.7027027027027027,0.7741935483870968
balanced_sampler,imbalance_sampling,42,4,1,105,13,25,0.2956979555579332,0.7736958018371037,0.0692928544460581,1.1212941421816747,0.6857142857142857,0.6926765475152572,0.6987794245858763,0.6616541353383458,0.6756756756756757,0.7096774193548387
balanced_sampler,imbalance_sampling,42,4,2,103,16,28,0.24353567546322233,0.5445753573213966,0.01847310692426704,0.7277106052463495,0.7669902912621359,0.7374429223744292,0.7954337899543379,0.7279929577464789,0.8082191780821918,0.6666666666666666
balanced_sampler,imbalance_sampling,43,0,0,105,15,27,0.1651323148390142,0.7650995158013844,0.01176681140801165,1.1727173884709676,0.7619047619047619,0.681124673060157,0.6604184829991282,0.6920821114369502,0.8783783783783784,0.4838709677419355
balanced_sampler,imbalance_sampling,43,0,1,103,10,22,0.37812240630532234,0.6871698024203476,0.016649595092856077,1.0222864706539414,0.6699029126213593,0.6885844748858447,0.6831050228310501,0.649238782051282,0.6438356164383562,0.7333333333333333
balanced_sampler,imbalance_sampling,43,0,2,102,11,23,0.3601424782895125,0.6647242155729556,0.042149790132848114,1.100086395939191,0.5294117647058824,0.6504487482286254,0.744922059518186,0.5294117647058824,0.3698630136986301,0.9310344827586207
balanced_sampler,imbalance_sampling,43,1,0,105,11,23,0.29257056707345347,0.7028944517884935,0.03132995267979045,1.1895434866881087,0.6476190476190476,0.6281604184829992,0.6355710549258936,0.6115388461153884,0.6756756756756757,0.5806451612903226
balanced_sampler,imbalance_sampling,43,1,1,104,16,28,0.0912556629627943,0.8362977218169433,0.012726944942887012,1.4987167469584024,0.7115384615384616,0.6882882882882883,0.7004504504504504,0.6722689075630253,0.7432432432432432,0.6333333333333333
balanced_sampler,imbalance_sampling,43,1,2,103,14,26,0.18129087713631717,0.6158707622185494,0.008597012581392838,1.2380992179935417,0.7087378640776699,0.6963470319634704,0.7388127853881279,0.6754201680672269,0.726027397260274,0.6666666666666666
balanced_sampler,imbalance_sampling,43,2,0,105,13,25,0.205886447739198,0.8560387634095692,0.01812610002729484,1.3572926697276888,0.6095238095238096,0.6198779424585876,0.6534437663469922,0.587998851564743,0.5945945945945946,0.6451612903225806
balanced_sampler,imbalance_sampling,43,2,1,104,18,30,0.07091800804035021,0.9536815044971613,0.017551031823341664,1.2793804636368384,0.7211538461538461,0.6554054054054055,0.7297297297297298,0.6569218518939824,0.8108108108108109,0.5
balanced_sampler,imbalance_sampling,43,2,2,103,13,25,0.22840066446641985,0.6604181545452007,0.02185931458677116,1.1474865819644002,0.7669902912621359,0.6883561643835616,0.7575342465753425,0.6988304093567251,0.8767123287671232,0.5
balanced_sampler,imbalance_sampling,43,3,0,105,8,20,0.4762046646613341,0.6035065903550103,0.08807471104396078,0.9454227186384655,0.6952380952380952,0.6806887532693984,0.7236268526591106,0.6618357487922706,0.7162162162162162,0.6451612903225806
balanced_sampler,imbalance_sampling,43,3,1,105,10,22,0.31853011823617494,0.689057183265686,0.014871609343502384,1.329398718143403,0.6666666666666666,0.6416739319965127,0.6957279860505667,0.6276218461850238,0.7027027027027027,0.5806451612903226
balanced_sampler,imbalance_sampling,43,3,2,103,24,36,0.021666745433495158,1.406127834783017,0.007263141374902002,1.545448961767178,0.7281553398058253,0.660958904109589,0.6356164383561643,0.6640260950605779,0.821917808219178,0.5
balanced_sampler,imbalance_sampling,43,4,0,105,11,23,0.3119969783494106,0.6613786612947782,0.05014368701869479,1.1089245500131732,0.7142857142857143,0.6848299912816043,0.7323452484742806,0.673777961888981,0.7567567567567568,0.6129032258064516
balanced_sampler,imbalance_sampling,43,4,1,105,11,23,0.2576333318765347,0.7560641595295498,0.0332036266873519,1.1555025611604963,0.6190476190476191,0.6734960767218832,0.6813426329555362,0.6111111111111112,0.5405405405405406,0.8064516129032258
balanced_sampler,imbalance_sampling,43,4,2,103,9,21,0.3903250586418878,0.575985501692133,0.061079773559634176,0.7926755807932141,0.6310679611650486,0.7004566210045662,0.7958904109589041,0.625095785440613,0.5342465753424658,0.8666666666666667
balanced_sampler,imbalance_sampling,44,0,0,105,11,23,0.3728877016683904,0.6086581633204505,0.03962252466235219,1.0127210864708538,0.6666666666666666,0.6791630340017437,0.7144725370531823,0.6448932263986858,0.6486486486486487,0.7096774193548387
balanced_sampler,imbalance_sampling,44,0,1,103,10,22,0.34743938310710704,0.6711547779805452,0.02400410721519431,1.041169406719578,0.6310679611650486,0.6808219178082192,0.7054794520547946,0.6207364341085271,0.5616438356164384,0.8
balanced_sampler,imbalance_sampling,44,0,2,102,17,29,0.10097613314596507,0.9154551655930632,0.028655795058092244,1.241859206455011,0.6764705882352942,0.6492678318375058,0.6273027869626832,0.6332933870792026,0.7123287671232876,0.5862068965517241
balanced_sampler,imbalance_sampling,44,1,0,105,20,32,0.053245466832377485,1.1758302133530378,0.006485437348952904,1.5502767817693808,0.6952380952380952,0.6431996512641673,0.6246730601569311,0.6404109589041096,0.7702702702702703,0.5161290322580645
balanced_sampler,imbalance_sampling,44,1,1,104,11,23,0.3102377372292372,0.6962604453930488,0.02295139230465373,1.366725286325583,0.6346153846153846,0.7036036036036036,0.7076576576576578,0.6278719397363465,0.5405405405405406,0.8666666666666667
balanced_sampler,imbalance_sampling,44,1,2,103,13,25,0.24793427339509913,0.7751508274124664,0.0193432226240118,1.3998473046474087,0.6699029126213593,0.6591324200913242,0.6584474885844749,0.6370232172470979,0.684931506849315,0.6333333333333333
balanced_sampler,imbalance_sampling,44,2,0,105,13,25,0.20729583762766082,0.7262532455580575,0.011261641623785242,1.322566633707001,0.780952380952381,0.6946381865736704,0.6708805579773323,0.7097704602812163,0.9054054054054054,0.4838709677419355
balanced_sampler,imbalance_sampling,44,2,1,104,8,20,0.35674521040457946,0.7563499189340152,0.067093669795073,1.385459236227549,0.5769230769230769,0.6234234234234234,0.6558558558558559,0.5666666666666667,0.5135135135135135,0.7333333333333333
balanced_sampler,imbalance_sampling,44,2,2,103,26,38,0.01805149752905138,1.1971644428603858,0.009484786771986473,1.3511607645495425,0.7281553398058253,0.6707762557077626,0.7109589041095891,0.6707762557077626,0.8082191780821918,0.5333333333333333
balanced_sampler,imbalance_sampling,44,3,0,105,9,21,0.41891002655029297,0.6927574948185966,0.09137669621178737,1.0223674946508947,0.7428571428571429,0.6676111595466434,0.6852659110723627,0.6749226006191951,0.8513513513513513,0.4838709677419355
balanced_sampler,imbalance_sampling,44,3,1,105,8,20,0.4450700277319321,0.6849621960094997,0.02292407862842083,1.290093737700954,0.6190476190476191,0.6547515257192676,0.6599825632083696,0.6061515378844711,0.5675675675675675,0.7419354838709677
balanced_sampler,imbalance_sampling,44,3,2,103,12,24,0.3354923228422801,0.6367625518909936,0.03685385668206782,1.1063610859287596,0.7184466019417476,0.7228310502283104,0.7273972602739727,0.6923473066227211,0.7123287671232876,0.7333333333333333
balanced_sampler,imbalance_sampling,44,4,0,105,17,29,0.10155132362762323,0.7473641687915439,0.017829458157603558,1.074774976535922,0.7904761904761904,0.7576285963382737,0.7462946817785527,0.7527825342465753,0.8378378378378378,0.6774193548387096
balanced_sampler,imbalance_sampling,44,4,1,105,13,25,0.17765163429654562,0.9199890935704822,0.039106267074552864,1.4167231927160173,0.6857142857142857,0.6458151700087184,0.6913687881429816,0.6383467278989667,0.7432432432432432,0.5483870967741935
balanced_sampler,imbalance_sampling,44,4,2,103,9,21,0.4374034393401373,0.6145763611330569,0.045610731751436276,0.9988243469914186,0.6893203883495146,0.6630136986301369,0.7114155251141553,0.6487638533674339,0.726027397260274,0.6
jitter_equal,augmentation,42,0,0,105,18,30,0.20075872831228303,0.7956243825100717,0.028954644355832077,1.3247676037617826,0.7142857142857143,0.694202266782912,0.6913687881429817,0.6785714285714286,0.7432432432432432,0.6451612903225806
jitter_equal,augmentation,42,0,1,103,18,30,0.08320981489071523,0.8209747281468031,0.007146566373449053,1.1258133994144144,0.7669902912621359,0.7178082191780821,0.7114155251141553,0.7178082191780821,0.8356164383561644,0.6
jitter_equal,augmentation,42,0,2,102,14,26,0.24137134190935355,0.5850412471621644,0.014881298492232768,0.8930428009115013,0.7647058823529411,0.7524799244213509,0.7869626830420406,0.7312252964426877,0.7808219178082192,0.7241379310344828
jitter_equal,augmentation,42,1,0,105,15,27,0.2743991223942254,0.7976004366009009,0.0282728285956138,1.2133060925656796,0.6857142857142857,0.6551874455100262,0.6700087183958152,0.6438482886216466,0.7297297297297297,0.5806451612903226
jitter_equal,augmentation,42,1,1,104,9,21,0.5011093501861279,0.5796193159543551,0.06628326104524043,0.7997461511538579,0.7980769230769231,0.7193693693693693,0.768918918918919,0.7341448569689593,0.9054054054054054,0.5333333333333333
jitter_equal,augmentation,42,1,2,103,12,24,0.3960416832466445,0.6559611587848478,0.0913562311759691,0.7859207519049783,0.7281553398058253,0.6904109589041096,0.7031963470319635,0.6826584507042254,0.7808219178082192,0.6
jitter_equal,augmentation,42,2,0,105,43,50,0.00786255205563013,1.1127179980278015,0.0077236601565447115,1.1250325566246395,0.7523809523809524,0.6931124673060156,0.7144725370531823,0.6966666666666667,0.8378378378378378,0.5483870967741935
jitter_equal,augmentation,42,2,1,104,11,23,0.404428586936914,0.7371471272065089,0.08377474152411406,1.172996382873792,0.6057692307692307,0.6536036036036037,0.6941441441441442,0.5949463284886483,0.5405405405405406,0.7666666666666667
jitter_equal,augmentation,42,2,2,103,17,29,0.2981250394474376,0.6372627922632161,0.06811280985046446,0.7577322174623174,0.7475728155339806,0.7139269406392694,0.7680365296803653,0.7053257042253521,0.7945205479452054,0.6333333333333333
jitter_equal,augmentation,42,3,0,105,23,35,0.07460524156116523,0.8828091816000995,0.014300198347952504,1.0470998973397183,0.7428571428571429,0.6769834350479511,0.6970357454228422,0.6817824671680324,0.8378378378378378,0.5161290322580645
jitter_equal,augmentation,42,3,1,105,11,23,0.44569778728943604,0.5909334260792959,0.04889032946756253,1.0246056137429107,0.7047619047619048,0.7343068875326939,0.7763731473408894,0.6884869365489521,0.6621621621621622,0.8064516129032258
jitter_equal,augmentation,42,3,2,103,29,41,0.03280565779478777,0.7840571831730963,0.011899273447869788,0.8503536159552417,0.8252427184466019,0.7785388127853881,0.806392694063927,0.7840167753960858,0.8904109589041096,0.6666666666666666
jitter_equal,augmentation,42,4,0,105,19,31,0.21935397988328567,0.6694561247314725,0.03513160503755968,0.9679842405198585,0.7714285714285715,0.7628596338273758,0.7545771578029642,0.7428571428571429,0.7837837837837838,0.7419354838709677
jitter_equal,augmentation,42,4,1,105,10,22,0.4809020422399044,0.7206042775085995,0.14597957932318634,1.0545521855620401,0.6476190476190476,0.6562772449869223,0.6904969485614647,0.624601410764325,0.6351351351351351,0.6774193548387096
jitter_equal,augmentation,42,4,2,103,21,33,0.1261077213855017,0.5494652587233237,0.016694991569966077,0.6488677552602824,0.7281553398058253,0.7591324200913242,0.8068493150684931,0.7111378205128205,0.684931506849315,0.8333333333333334
jitter_equal,augmentation,43,0,0,105,11,23,0.4318316209607008,0.605336802914029,0.02542056097172019,1.1370842830765815,0.7333333333333333,0.726460331299041,0.7306015693112469,0.7041062801932367,0.7432432432432432,0.7096774193548387
jitter_equal,augmentation,43,0,1,103,12,24,0.3020472214129812,0.6911161258382704,0.012056425150825782,1.1565503055609545,0.6990291262135923,0.6796803652968036,0.6881278538812785,0.6622236327091928,0.726027397260274,0.6333333333333333
jitter_equal,augmentation,43,0,2,102,9,21,0.5507150280934113,0.5866448756526498,0.0513138766400516,0.875658747027902,0.7549019607843137,0.7144544166273028,0.7713745866792631,0.7076693798005274,0.8082191780821918,0.6206896551724138
jitter_equal,augmentation,43,1,0,105,14,26,0.24952826767727948,0.7553663866150947,0.017209517549057515,1.3961769460090658,0.7142857142857143,0.6285963382737576,0.6761115954664342,0.6347402597402598,0.8378378378378378,0.41935483870967744
jitter_equal,augmentation,43,1,1,104,11,23,0.3645341241588959,0.6539243964048532,0.017024819237681534,1.3486744010677705,0.6730769230769231,0.681081081081081,0.7036036036036035,0.6475279106858054,0.6621621621621622,0.7
jitter_equal,augmentation,43,1,2,103,9,21,0.4307506641987979,0.6288898112704453,0.02022303415085835,1.2449970913743509,0.6504854368932039,0.6552511415525114,0.7077625570776257,0.6246963562753036,0.6438356164383562,0.6666666666666666
jitter_equal,augmentation,43,2,0,105,14,26,0.19000933625271932,0.7919950224104382,0.015968330195488562,1.3157766188894,0.6476190476190476,0.6281604184829992,0.6848299912816043,0.6115388461153884,0.6756756756756757,0.5806451612903226
jitter_equal,augmentation,43,2,1,104,13,25,0.27239300539860356,0.6180281776648301,0.025620730092319157,0.9381063506007195,0.7788461538461539,0.7355855855855855,0.7693693693693693,0.7332441173190588,0.8378378378378378,0.6333333333333333
jitter_equal,augmentation,43,2,2,103,7,19,0.6636525018933858,0.621626818064347,0.0908702401150214,0.7129715889402963,0.7475728155339806,0.763013698630137,0.7840182648401827,0.7258394758394758,0.726027397260274,0.8
jitter_equal,augmentation,43,3,0,105,13,25,0.3254691935502566,0.7707639451892603,0.04143397918400856,1.265655115527694,0.7523809523809524,0.7024847428073235,0.6704446381865737,0.7024847428073235,0.8243243243243243,0.5806451612903226
jitter_equal,augmentation,43,3,1,105,10,22,0.3991602590450874,0.6791192849477132,0.02427262632856862,1.2058312981056847,0.7047619047619048,0.6312118570183086,0.6809067131647777,0.6346391289707037,0.8108108108108109,0.45161290322580644
jitter_equal,augmentation,43,3,2,103,8,20,0.5393669355483283,0.6166226105782592,0.0652974131117974,1.0652845883832394,0.7378640776699029,0.6776255707762557,0.7200913242009133,0.6793497059840885,0.821917808219178,0.5333333333333333
jitter_equal,augmentation,43,4,0,105,12,24,0.32629335814943683,0.63348365376393,0.02274224183593805,1.027555483260325,0.7523809523809524,0.7212292938099389,0.7462946817785527,0.7127525252525253,0.7972972972972973,0.6451612903225806
jitter_equal,augmentation,43,4,1,105,15,27,0.1627727085008071,0.833861938544682,0.020183178327547815,1.2905411454893294,0.6952380952380952,0.6900610287707062,0.6813426329555361,0.6661367249602543,0.7027027027027027,0.6774193548387096
jitter_equal,augmentation,43,4,2,103,10,22,0.46343981254668465,0.5500089369931267,0.0606682226061821,0.9064196035699937,0.7572815533980582,0.730593607305936,0.8036529680365297,0.7190398254228041,0.7945205479452054,0.6666666666666666
jitter_equal,augmentation,44,0,0,105,12,24,0.40080676180560415,0.6330071182478042,0.031052260391595886,1.360343042397428,0.7142857142857143,0.6660854402789886,0.6904969485614647,0.6628852739726028,0.7837837837837838,0.5483870967741935
jitter_equal,augmentation,44,0,1,103,8,20,0.5666765608073433,0.6251597635954329,0.02927957161595136,1.1595681425437188,0.7378640776699029,0.6579908675799087,0.6835616438356166,0.6651414810355207,0.8493150684931506,0.4666666666666667
jitter_equal,augmentation,44,0,2,102,8,20,0.582209282196485,0.6143060770689273,0.07423616028749026,0.9089442220534764,0.7647058823529411,0.7005196032120926,0.7104393008974964,0.7046332046332047,0.8493150684931506,0.5517241379310345
jitter_equal,augmentation,44,1,0,105,13,25,0.27968355257442035,0.7834112684996355,0.04073855297073074,1.3019110947492576,0.7047619047619048,0.6218395815170009,0.6490845684394072,0.6267629858961128,0.8243243243243243,0.41935483870967744
jitter_equal,augmentation,44,1,1,104,14,26,0.28923039539502216,0.6214576248939221,0.026517897647304032,0.9685924245187869,0.7403846153846154,0.7382882882882882,0.7351351351351351,0.711319008944176,0.7432432432432432,0.7333333333333333
jitter_equal,augmentation,44,1,2,103,10,22,0.39488850605259673,0.7003969249216099,0.06670358785067164,1.3359349300560441,0.7087378640776699,0.6570776255707762,0.6657534246575343,0.6538978494623655,0.7808219178082192,0.5333333333333333
jitter_equal,augmentation,44,2,0,105,7,19,0.6076770079308662,0.63029233841669,0.07235472375787974,0.9838869109040215,0.6952380952380952,0.6713164777680907,0.6769834350479512,0.6571428571428571,0.7297297297297297,0.6129032258064516
jitter_equal,augmentation,44,2,1,104,6,18,0.6359814749314234,0.6509385063098028,0.14267539548186156,1.0165039346768305,0.7403846153846154,0.6986486486486486,0.6869369369369369,0.6926108374384237,0.7972972972972973,0.6
jitter_equal,augmentation,44,2,2,103,6,18,0.6474587147315723,0.6311751835554549,0.11749980570169156,0.7827408370173093,0.7572815533980582,0.6815068493150684,0.6926940639269407,0.6899458157736303,0.863013698630137,0.5
jitter_equal,augmentation,44,3,0,105,12,24,0.362536252118074,0.6824338218995503,0.0385168231307314,1.1318656386807562,0.7142857142857143,0.6660854402789886,0.6931124673060157,0.6628852739726028,0.7837837837837838,0.5483870967741935
jitter_equal,augmentation,44,3,1,105,8,20,0.5019050045655324,0.6201460951850528,0.0374876674837791,1.3236448223126076,0.7142857142857143,0.7035745422842197,0.7149084568439407,0.6829710144927537,0.7297297297297297,0.6774193548387096
jitter_equal,augmentation,44,3,2,103,11,23,0.3750800425098056,0.5811330172622088,0.05260583694492068,0.7947836000363804,0.7961165048543689,0.7481735159817351,0.7872146118721463,0.7506053268765133,0.863013698630137,0.6333333333333333
jitter_equal,augmentation,44,4,0,105,11,23,0.429616212271727,0.5941190237090701,0.026123228590362348,1.345783641482038,0.7047619047619048,0.7155623365300785,0.7480383609415868,0.68215994531784,0.6891891891891891,0.7419354838709677
jitter_equal,augmentation,44,4,1,105,13,25,0.3517659564430897,0.9188330897263118,0.03821975719900085,1.5181304525140495,0.6285714285714286,0.5959023539668701,0.6294681778552746,0.5850643428918837,0.6756756756756757,0.5161290322580645
jitter_equal,augmentation,44,4,2,103,13,25,0.3151210762205578,0.596900404367632,0.026854906514996574,0.9329019501371291,0.7961165048543689,0.7285388127853881,0.7840182648401827,0.7395544852498495,0.8904109589041096,0.5666666666666667
jitter_dd_only,augmentation,42,0,0,105,18,30,0.20404234056065723,0.799413529180345,0.0284697616063967,1.3512164143313254,0.7047619047619048,0.6874455100261552,0.6896251089799477,0.670179349478164,0.7297297297297297,0.6451612903225806
jitter_dd_only,augmentation,42,0,1,103,22,34,0.02132971540480348,1.0402326126700465,0.010251779919085295,1.2111312900353404,0.7961165048543689,0.7187214611872146,0.7251141552511415,0.733259341472438,0.9041095890410958,0.5333333333333333
jitter_dd_only,augmentation,42,0,2,102,14,26,0.24812850298789832,0.5574989447406694,0.014618321241309436,0.8977763645497023,0.7549019607843137,0.7456306093528577,0.8011336797354747,0.7221919599084867,0.7671232876712328,0.7241379310344828
jitter_dd_only,augmentation,42,1,0,105,9,21,0.4987649364747863,0.7058256066980816,0.09215374125374688,1.0047522854270592,0.7428571428571429,0.6488666085440279,0.6355710549258936,0.6592957577214278,0.8783783783783784,0.41935483870967744
jitter_dd_only,augmentation,42,1,1,104,16,28,0.187259932120259,0.6802305074838492,0.01735695568808856,1.0069098426745489,0.75,0.7153153153153153,0.7522522522522522,0.7065972222222222,0.7972972972972973,0.6333333333333333
jitter_dd_only,augmentation,42,1,2,103,12,24,0.396275444963332,0.6550839277147089,0.09298191094797764,0.7875414765575557,0.7281553398058253,0.6904109589041096,0.7059360730593608,0.6826584507042254,0.7808219178082192,0.6
jitter_dd_only,augmentation,42,2,0,105,29,41,0.018899432145023116,1.047574696654365,0.008891409584703509,1.1490931238446918,0.7619047619047619,0.6998692240627724,0.7027027027027026,0.7053541362666966,0.8513513513513513,0.5483870967741935
jitter_dd_only,augmentation,42,2,1,104,23,35,0.08444051537662745,1.1765941507541215,0.01930265193984199,1.3854398045402307,0.7596153846153846,0.6626126126126126,0.6594594594594594,0.6752841263894093,0.8918918918918919,0.43333333333333335
jitter_dd_only,augmentation,42,2,2,103,15,27,0.3580600542314885,0.6281112310955825,0.08724394158134906,0.7139177828737833,0.7572815533980582,0.7207762557077626,0.7488584474885844,0.7141747141747141,0.8082191780821918,0.6333333333333333
jitter_dd_only,augmentation,42,3,0,105,30,42,0.02347124861374211,1.0278688653061787,0.009659998432303278,1.1003416721542765,0.7523809523809524,0.6743679163034002,0.7022667829119442,0.6834415584415585,0.8648648648648649,0.4838709677419355
jitter_dd_only,augmentation,42,3,1,105,11,23,0.4489302279857489,0.5896392592361995,0.049363767298368305,1.0341479710081503,0.7047619047619048,0.7343068875326939,0.7724498692240628,0.6884869365489521,0.6621621621621622,0.8064516129032258
jitter_dd_only,augmentation,42,3,2,103,23,35,0.11415043054592042,0.602609098246954,0.01459038050046989,0.7987107252611697,0.7961165048543689,0.7776255707762556,0.8242009132420092,0.7639934533551556,0.821917808219178,0.7333333333333333
jitter_dd_only,augmentation,42,4,0,105,15,27,0.38445330927005184,0.5889176231055032,0.06327701102082546,0.8756624301984197,0.7523809523809524,0.7306015693112466,0.7646033129904096,0.7172742336371168,0.7837837837837838,0.6774193548387096
jitter_dd_only,augmentation,42,4,1,105,10,22,0.4831013991855658,0.7162262794517336,0.14520026256258672,1.0623304778133476,0.6571428571428571,0.6630340017436791,0.6883173496076721,0.6328671328671329,0.6486486486486487,0.6774193548387096
jitter_dd_only,augmentation,42,4,2,103,21,33,0.1329241470212028,0.5432032074743104,0.01774455327984123,0.632385010568841,0.7475728155339806,0.7728310502283104,0.8118721461187215,0.7289473684210527,0.7123287671232876,0.8333333333333334
jitter_dd_only,augmentation,43,0,0,105,11,23,0.43022491088727627,0.6060100305648077,0.025797374255773498,1.1544905056788897,0.7333333333333333,0.7170880557977333,0.7292938099389712,0.7,0.7567567567567568,0.6774193548387096
jitter_dd_only,augmentation,43,0,1,103,15,27,0.15892615216077813,0.7411091246651215,0.010483226311451571,1.1837856057778144,0.7087378640776699,0.6865296803652967,0.7150684931506849,0.6707161125319694,0.7397260273972602,0.6333333333333333
jitter_dd_only,augmentation,43,0,2,102,9,21,0.5511112132897744,0.5872173957964953,0.05173965779921183,0.8520563525312087,0.7549019607843137,0.7144544166273028,0.7732640529050543,0.7076693798005274,0.8082191780821918,0.6206896551724138
jitter_dd_only,augmentation,43,1,0,105,15,27,0.22449197022667253,0.8079246871173382,0.009595441438509647,1.2724502053034181,0.7333333333333333,0.6421098517872712,0.6835222319093287,0.6509971509971509,0.8648648648648649,0.41935483870967744
jitter_dd_only,augmentation,43,1,1,104,10,22,0.4729945527819487,0.6199757915276748,0.014046157343098177,1.2318285525991366,0.6826923076923077,0.6779279279279279,0.7162162162162162,0.6517503805175038,0.6891891891891891,0.6666666666666666
jitter_dd_only,augmentation,43,1,2,103,9,21,0.43031498675711416,0.6286115166053031,0.021276586914644464,1.2325038188001485,0.6601941747572816,0.6621004566210045,0.7077625570776256,0.6330788804071247,0.6575342465753424,0.6666666666666666
jitter_dd_only,augmentation,43,2,0,105,14,26,0.1936924225754208,0.7959907338732765,0.01619738898271524,1.3235722388539994,0.6476190476190476,0.6281604184829992,0.6826503923278117,0.6115388461153884,0.6756756756756757,0.5806451612903226
jitter_dd_only,augmentation,43,2,1,104,13,25,0.273270067687218,0.6122645391867712,0.027406046614767268,0.9294017954514577,0.75,0.7153153153153153,0.7716216216216216,0.7065972222222222,0.7972972972972973,0.6333333333333333
jitter_dd_only,augmentation,43,2,2,103,7,19,0.6635292585956993,0.6224562172750825,0.08877826797548663,0.7077329789550559,0.7475728155339806,0.763013698630137,0.7844748858447489,0.7258394758394758,0.726027397260274,0.8
jitter_dd_only,augmentation,43,3,0,105,11,23,0.3864909295852368,0.6898570283537819,0.06238554600769511,1.204788060992169,0.7428571428571429,0.6863557105492589,0.6756756756756757,0.6880844977445264,0.8243243243243243,0.5483870967741935
jitter_dd_only,augmentation,43,3,1,105,10,22,0.4024819341989664,0.6834977856704167,0.026330934309114058,1.22527971775271,0.7047619047619048,0.6312118570183086,0.6761115954664342,0.6346391289707037,0.8108108108108109,0.45161290322580644
jitter_dd_only,augmentation,43,3,2,103,8,20,0.5406825233073461,0.6162213231753377,0.06568153468625886,1.0589926179172924,0.7378640776699029,0.6776255707762557,0.7182648401826484,0.6793497059840885,0.821917808219178,0.5333333333333333
jitter_dd_only,augmentation,43,4,0,105,12,24,0.332470031025318,0.6274286676730428,0.024388727767822835,1.007917742324727,0.7428571428571429,0.72384481255449,0.7467306015693111,0.7086031452358927,0.7702702702702703,0.6774193548387096
jitter_dd_only,augmentation,43,4,1,105,15,27,0.1644212186623078,0.8386092628751483,0.018699525237584915,1.288761539544378,0.6952380952380952,0.6806887532693984,0.6778552746294682,0.6618357487922706,0.7162162162162162,0.6451612903225806
jitter_dd_only,augmentation,43,4,2,103,14,26,0.2589536717959813,0.6024359285252766,0.021304206468076223,1.1374814475624306,0.7572815533980582,0.730593607305936,0.7593607305936073,0.7190398254228041,0.7945205479452054,0.6666666666666666
jitter_dd_only,augmentation,44,0,0,105,12,24,0.39930443334870225,0.631250832762037,0.028825976108995878,1.3447247442745027,0.7142857142857143,0.6660854402789886,0.6909328683522231,0.6628852739726028,0.7837837837837838,0.5483870967741935
jitter_dd_only,augmentation,44,0,1,103,10,22,0.44612652106561523,0.630852961424485,0.0244528084885383,1.2612108507202666,0.6213592233009708,0.6641552511415525,0.7205479452054795,0.6094312105007291,0.5616438356164384,0.7666666666666667
jitter_dd_only,augmentation,44,0,2,102,13,25,0.3031762818304392,0.6381822917975631,0.034640025025090344,1.0095975431887543,0.7058823529411765,0.7113840340103921,0.7165800661313179,0.678030303030303,0.6986301369863014,0.7241379310344828
jitter_dd_only,augmentation,44,1,0,105,19,31,0.08595786229279882,1.0759876981200207,0.01712229890199963,1.4287112659929941,0.7428571428571429,0.6301220575414124,0.6625980819529206,0.6406388642413487,0.9054054054054054,0.3548387096774194
jitter_dd_only,augmentation,44,1,1,104,16,28,0.1757660903609716,0.6718487005967361,0.018384295909737166,1.0037444956027544,0.7692307692307693,0.7288288288288288,0.7306306306306306,0.7242598320813081,0.8243243243243243,0.6333333333333333
jitter_dd_only,augmentation,44,1,2,103,10,22,0.4033040462783649,0.6935684608602987,0.06209097954146029,1.276993972583882,0.7087378640776699,0.6668949771689497,0.6657534246575344,0.6599911971830985,0.7671232876712328,0.5666666666666667
jitter_dd_only,augmentation,44,2,0,105,7,19,0.6064441227106656,0.6294569072269258,0.06763159833704503,0.9857954516297295,0.6952380952380952,0.6713164777680907,0.6791630340017436,0.6571428571428571,0.7297297297297297,0.6129032258064516
jitter_dd_only,augmentation,44,2,1,104,6,18,0.635453978410134,0.6505242723685044,0.1355697622952553,0.9553569967930133,0.7403846153846154,0.6986486486486486,0.6878378378378378,0.6926108374384237,0.7972972972972973,0.6
jitter_dd_only,augmentation,44,2,2,103,6,18,0.6470302166550924,0.6309194535885042,0.11130468684591745,0.803628822553505,0.7572815533980582,0.6815068493150684,0.6899543378995434,0.6899458157736303,0.863013698630137,0.5
jitter_dd_only,augmentation,44,3,0,105,12,24,0.3636370152235031,0.694207232764789,0.042613483499735594,1.2213468209441218,0.7142857142857143,0.6660854402789886,0.6817785527462947,0.6628852739726028,0.7837837837837838,0.5483870967741935
jitter_dd_only,augmentation,44,3,1,105,8,20,0.502017963391084,0.6210338263284593,0.03684040789420788,1.309919471218295,0.7142857142857143,0.7035745422842197,0.7166521360069746,0.6829710144927537,0.7297297297297297,0.6774193548387096
jitter_dd_only,augmentation,44,3,2,103,13,25,0.26546658731642225,0.6250226159118911,0.03702974101262433,0.8532392758767582,0.8058252427184466,0.7550228310502283,0.7863013698630138,0.7600186393289842,0.8767123287671232,0.6333333333333333
jitter_dd_only,augmentation,44,4,0,105,9,21,0.521871071595412,0.573537962777274,0.038048338395758316,1.084205836190709,0.7714285714285715,0.7253705318221447,0.7724498692240627,0.7253705318221447,0.8378378378378378,0.6129032258064516
jitter_dd_only,augmentation,44,4,1,105,15,27,0.1860819924622774,1.0863092538856325,0.027099576581699345,1.6384136654525285,0.6761904761904762,0.6015693112467306,0.6333914559721011,0.6033333333333333,0.7837837837837838,0.41935483870967744
jitter_dd_only,augmentation,44,4,2,103,14,26,0.2712455362081528,0.5907780285020476,0.024143568887597038,0.9899924909605563,0.7766990291262136,0.7246575342465753,0.7694063926940639,0.7268534532457052,0.8493150684931506,0.6
scaling_equal,augmentation,42,0,0,105,18,30,0.21051949945891776,0.7924783285529841,0.02820804767855784,1.3557539488283163,0.7142857142857143,0.694202266782912,0.6948561464690497,0.6785714285714286,0.7432432432432432,0.6451612903225806
scaling_equal,augmentation,42,0,1,103,11,23,0.4279350655666296,0.6480043599906476,0.01965612352821202,1.035028857224196,0.6796116504854369,0.6954337899543379,0.7073059360730594,0.6578073089700996,0.6575342465753424,0.7333333333333333
scaling_equal,augmentation,42,0,2,102,15,27,0.19697546013272726,0.6205418577381209,0.02133323159068823,1.0274399866660435,0.7156862745098039,0.7494095418044402,0.7855455833726972,0.697515083341855,0.6712328767123288,0.8275862068965517
scaling_equal,augmentation,42,1,0,105,8,20,0.5633747217735806,0.6827045823846545,0.1233605729676963,1.0516126630650389,0.7047619047619048,0.6405841325196164,0.6190061028770706,0.6418747937066784,0.7972972972972973,0.4838709677419355
scaling_equal,augmentation,42,1,1,104,8,20,0.5901015183100333,0.5820529117034032,0.07894109948896445,0.7692910776688502,0.7884615384615384,0.7126126126126127,0.763063063063063,0.7248677248677249,0.8918918918918919,0.5333333333333333
scaling_equal,augmentation,42,1,2,103,12,24,0.398791792717847,0.6561238910388021,0.09153254453146287,0.8018854474558413,0.7281553398058253,0.680593607305936,0.7031963470319634,0.6769713261648745,0.7945205479452054,0.5666666666666667
scaling_equal,augmentation,42,2,0,105,15,27,0.2436096864765969,0.7355435570081075,0.024706371351266684,1.0535129348436991,0.7142857142857143,0.6848299912816043,0.6983435047951176,0.673777961888981,0.7567567567567568,0.6129032258064516
scaling_equal,augmentation,42,2,1,104,12,24,0.42508901254488873,0.7249579429626465,0.06852260446892335,1.070176827792938,0.6538461538461539,0.6675675675675675,0.6918918918918919,0.6307692307692307,0.6351351351351351,0.7
scaling_equal,augmentation,42,2,2,103,17,29,0.29935971658195604,0.6262080790927109,0.06364210463088879,0.7494618076722599,0.7572815533980582,0.7207762557077626,0.773972602739726,0.7141747141747141,0.8082191780821918,0.6333333333333333
scaling_equal,augmentation,42,3,0,105,18,30,0.21678257647615212,0.7654262622907049,0.02323463177666641,1.0441080489838939,0.7428571428571429,0.6863557105492589,0.7092414995640801,0.6880844977445264,0.8243243243243243,0.5483870967741935
scaling_equal,augmentation,42,3,1,105,11,23,0.44595199250257933,0.5930013088952928,0.04501956676204617,1.0770727463155276,0.6952380952380952,0.7275501307759372,0.7715780296425457,0.6798780487804879,0.6486486486486487,0.8064516129032258
scaling_equal,augmentation,42,3,2,103,28,40,0.04582855948025272,0.7748246650093967,0.010967538869451909,0.8583024864636578,0.8349514563106796,0.7853881278538812,0.8095890410958904,0.7938302131166843,0.9041095890410958,0.6666666666666666
scaling_equal,augmentation,42,4,0,105,19,31,0.2198546058856524,0.669726262206123,0.034718652649854236,0.9791105518472336,0.7523809523809524,0.7399738448125546,0.7523975588491717,0.7214285714285714,0.7702702702702703,0.7096774193548387
scaling_equal,augmentation,42,4,1,105,10,22,0.48262604068105036,0.7147724370161692,0.14792300316576773,1.0602166340863777,0.6761904761904762,0.6765475152571927,0.6904969485614647,0.6494501178318932,0.6756756756756757,0.6774193548387096
scaling_equal,augmentation,42,4,2,103,21,33,0.12787135314373743,0.5498554955408411,0.01648807789509495,0.6469756254872072,0.7281553398058253,0.7591324200913242,0.8027397260273973,0.7111378205128205,0.684931506849315,0.8333333333333334
scaling_equal,augmentation,43,0,0,105,11,23,0.4310020429332082,0.6059043501104627,0.025763855405469858,1.185729947381298,0.7333333333333333,0.7170880557977333,0.7336530078465562,0.7,0.7567567567567568,0.6774193548387096
scaling_equal,augmentation,43,0,1,103,15,27,0.1632718759170477,0.7321990977213221,0.00880174350740325,1.2255076742866664,0.6990291262135923,0.6698630136986301,0.7210045662100457,0.657145925051004,0.7397260273972602,0.6
scaling_equal,augmentation,43,0,2,102,9,21,0.5516031797115619,0.5864862893141952,0.051626993235773765,0.8533036311467489,0.7647058823529411,0.7316957959376476,0.7723193197921588,0.7219445706497047,0.8082191780821918,0.6551724137931034
scaling_equal,augmentation,43,1,0,105,14,26,0.24150391059797166,0.7695639541816144,0.019029352696981406,1.415202637433651,0.7238095238095238,0.6353530950305144,0.6734960767218832,0.6428152492668622,0.8513513513513513,0.41935483870967744
scaling_equal,augmentation,43,1,1,104,11,23,0.36456355108664584,0.6593570067332342,0.01767422708396155,1.2778690251020284,0.6730769230769231,0.681081081081081,0.7,0.6475279106858054,0.6621621621621622,0.7
scaling_equal,augmentation,43,1,2,103,9,21,0.4319251995337637,0.6265020850792672,0.02092901934339313,1.2768217050334782,0.6601941747572816,0.6621004566210045,0.7100456621004567,0.6330788804071247,0.6575342465753424,0.6666666666666666
scaling_equal,augmentation,43,2,0,105,12,24,0.27911773280820984,0.7933691649209885,0.020444169964479363,1.2394917090733846,0.6666666666666666,0.6135571054925893,0.6534437663469921,0.6100795755968169,0.7432432432432432,0.4838709677419355
scaling_equal,augmentation,43,2,1,104,19,31,0.09205953117746574,0.8147438947971051,0.01328973075410781,1.0945960730314255,0.7596153846153846,0.7220720720720721,0.7563063063063062,0.7153804050355774,0.8108108108108109,0.6333333333333333
scaling_equal,augmentation,43,2,2,103,7,19,0.6644797938292106,0.6215027397118725,0.08456525294796417,0.7271425382604877,0.7669902912621359,0.7767123287671234,0.7826484018264841,0.7437810945273632,0.7534246575342466,0.8
scaling_equal,augmentation,43,3,0,105,11,23,0.3799537133712035,0.6761350117978595,0.05649543850897597,1.1670878026437657,0.7428571428571429,0.6957279860505667,0.6939843068875327,0.6938775510204082,0.8108108108108109,0.5806451612903226
scaling_equal,augmentation,43,3,1,105,8,20,0.5663821834784287,0.6516637938363211,0.0522651390100901,1.2605245639625493,0.6952380952380952,0.6338273757628596,0.6556233653007847,0.6338273757628596,0.7837837837837838,0.4838709677419355
scaling_equal,augmentation,43,3,2,103,8,20,0.5388990688891638,0.6178216610140014,0.06708090005531198,1.092971682548523,0.7378640776699029,0.6776255707762557,0.7191780821917808,0.6793497059840885,0.821917808219178,0.5333333333333333
scaling_equal,augmentation,43,4,0,105,12,24,0.3233713421684045,0.6355915373279934,0.021357362176506564,1.0617940439354805,0.7619047619047619,0.7279860505666957,0.7471665213600698,0.7214854111405835,0.8108108108108109,0.6451612903225806
scaling_equal,augmentation,43,4,1,105,7,19,0.5982960840830436,0.6788393088749477,0.06327604251698805,1.084483318101792,0.6476190476190476,0.6469049694856146,0.6360069747166521,0.6206425153793574,0.6486486486486487,0.6451612903225806
scaling_equal,augmentation,43,4,2,103,10,22,0.46659134590909596,0.5513773930882945,0.05794146355418932,0.8923917487987036,0.7475728155339806,0.7237442922374429,0.7986301369863014,0.7101731601731602,0.7808219178082192,0.6666666666666666
scaling_equal,augmentation,44,0,0,105,12,24,0.39973487476023234,0.6274783741860163,0.03082535151483082,1.326536676731138,0.7142857142857143,0.6660854402789886,0.6926765475152571,0.6628852739726028,0.7837837837837838,0.5483870967741935
scaling_equal,augmentation,44,0,1,103,11,23,0.3792265030928856,0.6708016360847695,0.02232489905855506,1.4128883174322184,0.7184466019417476,0.654109589041096,0.6648401826484018,0.6555978323532803,0.8082191780821918,0.5
scaling_equal,augmentation,44,0,2,102,8,20,0.5829334992628831,0.6146678731721991,0.07379620106747517,0.9004021048838017,0.7745098039215687,0.7073689182805858,0.7080774681152574,0.7137278828553997,0.863013698630137,0.5517241379310345
scaling_equal,augmentation,44,1,0,105,19,31,0.086811739789403,1.0905575031592023,0.01685879983295853,1.4104015608728375,0.7333333333333333,0.6233653007846556,0.6660854402789886,0.6325,0.8918918918918919,0.3548387096774194
scaling_equal,augmentation,44,1,1,104,16,28,0.18480611191346094,0.6840193500885596,0.016916268720076635,1.026965919882059,0.7403846153846154,0.7085585585585585,0.7207207207207208,0.6979020979020979,0.7837837837837838,0.6333333333333333
scaling_equal,augmentation,44,1,2,103,10,22,0.39862704319817027,0.7008636622752958,0.05957466326475714,1.3374470217714032,0.7184466019417476,0.6737442922374429,0.6639269406392694,0.6684426684426684,0.7808219178082192,0.5666666666666667
scaling_equal,augmentation,44,2,0,105,7,19,0.6067944690225205,0.6309389040583656,0.06840416212264755,1.0051709399336861,0.6952380952380952,0.6713164777680907,0.6787271142109851,0.6571428571428571,0.7297297297297297,0.6129032258064516
scaling_equal,augmentation,44,2,1,104,6,18,0.6350847012721575,0.6503194249593295,0.14281882531940937,0.9835138320922852,0.7307692307692307,0.6918918918918919,0.6896396396396397,0.6840277777777778,0.7837837837837838,0.6
scaling_equal,augmentation,44,2,2,103,6,18,0.6477990441345142,0.6317081231515385,0.11586204848506233,0.8147012741820326,0.7572815533980582,0.6815068493150684,0.6894977168949772,0.6899458157736303,0.863013698630137,0.5
scaling_equal,augmentation,44,3,0,105,18,30,0.14784394720425972,0.7520576968079522,0.018164961097332146,1.347752841925692,0.6666666666666666,0.6697907585004359,0.7061900610287708,0.6411483253588517,0.6621621621621622,0.6774193548387096
scaling_equal,augmentation,44,3,1,105,8,20,0.5018956454900595,0.6203191876411438,0.037267943629278585,1.3201276086049065,0.7142857142857143,0.7035745422842197,0.7166521360069746,0.6829710144927537,0.7297297297297297,0.6774193548387096
scaling_equal,augmentation,44,3,2,103,13,25,0.265992157799857,0.6265359541166176,0.03683303634059571,0.8913141662634693,0.7961165048543689,0.7481735159817351,0.7808219178082192,0.7506053268765133,0.863013698630137,0.6333333333333333
scaling_equal,augmentation,44,4,0,105,9,21,0.5198001139439069,0.5835017221314567,0.035735913838904634,0.999317563316297,0.7619047619047619,0.7092414995640802,0.7615518744551002,0.7111893497634503,0.8378378378378378,0.5806451612903226
scaling_equal,augmentation,44,4,1,105,9,21,0.3702932991660558,0.7918851080394926,0.06328821090909724,1.2881107163038992,0.638095238095238,0.6026591107236268,0.6303400174367917,0.5928571428571429,0.6891891891891891,0.5161290322580645
scaling_equal,augmentation,44,4,2,103,13,25,0.32209839480263847,0.6060307361547229,0.03368402790455591,0.9742123157653994,0.7864077669902912,0.721689497716895,0.7799086757990867,0.7302380952380952,0.8767123287671232,0.5666666666666667
scaling_dd_only,augmentation,42,0,0,105,6,18,0.6027698281334668,0.6361611303829011,0.1745548400937057,0.8391708813607692,0.7523809523809524,0.6743679163034002,0.6756756756756757,0.6834415584415585,0.8648648648648649,0.4838709677419355
scaling_dd_only,augmentation,42,0,1,103,14,26,0.2708948679304353,0.6379099658970694,0.012111970412450424,1.0929049473364376,0.7281553398058253,0.7100456621004566,0.7365296803652969,0.6926683716965047,0.7534246575342466,0.6666666666666666
scaling_dd_only,augmentation,42,0,2,102,15,27,0.20435880181881097,0.5620217124621073,0.025368512572290804,0.9562576792257673,0.7254901960784313,0.7562588568729334,0.8105810108644307,0.7064144736842105,0.684931506849315,0.8275862068965517
scaling_dd_only,augmentation,42,1,0,105,15,27,0.28013359521322206,0.7758796727196091,0.03065810465492344,1.2048730165985901,0.6761904761904762,0.6578029642545772,0.6726242371403661,0.6407004830917875,0.7027027027027027,0.6129032258064516
scaling_dd_only,augmentation,42,1,1,104,9,21,0.5050023954648238,0.5807014543276566,0.05221362841817049,0.8536946613055009,0.7980769230769231,0.7193693693693693,0.7662162162162163,0.7341448569689593,0.9054054054054054,0.5333333333333333
scaling_dd_only,augmentation,42,1,2,103,12,24,0.3931030807170001,0.6544265706562301,0.09702824414418075,0.825222359698953,0.7281553398058253,0.680593607305936,0.7068493150684931,0.6769713261648745,0.7945205479452054,0.5666666666666667
scaling_dd_only,augmentation,42,2,0,105,24,36,0.03943630324109741,0.9000257463682265,0.008935286730959795,1.0693225741386414,0.7428571428571429,0.6863557105492589,0.7074978204010463,0.6880844977445264,0.8243243243243243,0.5483870967741935
scaling_dd_only,augmentation,42,2,1,104,11,23,0.4043179555581166,0.7318069361723386,0.08339339029043913,1.1711235659626813,0.625,0.6770270270270271,0.6963963963963964,0.6147050441721288,0.5540540540540541,0.8
scaling_dd_only,augmentation,42,2,2,103,15,27,0.3568834117725135,0.6271002657205156,0.08407489146867936,0.7161522944575375,0.7572815533980582,0.7207762557077626,0.7493150684931507,0.7141747141747141,0.8082191780821918,0.6333333333333333
scaling_dd_only,augmentation,42,3,0,105,27,39,0.03774816428239529,0.911984230804124,0.01132058388947581,1.0637313628558158,0.7238095238095238,0.6822144725370531,0.7105492589363557,0.676923076923077,0.7837837837837838,0.5806451612903226
scaling_dd_only,augmentation,42,3,1,105,7,19,0.6011597216129303,0.6411607117879958,0.10235580744651648,0.8482979380658695,0.6761904761904762,0.7140366172624237,0.7253705318221447,0.6626984126984127,0.6216216216216216,0.8064516129032258
scaling_dd_only,augmentation,42,3,2,103,20,32,0.14626849854276294,0.6019322825866995,0.02083430238777683,0.7896608542470098,0.7961165048543689,0.7776255707762556,0.8127853881278538,0.7639934533551556,0.821917808219178,0.7333333333333333
scaling_dd_only,augmentation,42,4,0,105,15,27,0.37803948842562163,0.5988805224498113,0.06308318459643768,0.8708490760553451,0.7714285714285715,0.7441150828247602,0.7611159546643417,0.7348484848484849,0.8108108108108109,0.6774193548387096
scaling_dd_only,augmentation,42,4,1,105,10,22,0.48457005763283145,0.7187451808225541,0.14379192458895537,1.0421627750176758,0.6666666666666666,0.6697907585004359,0.6887532693984306,0.6411483253588517,0.6621621621621622,0.6774193548387096
scaling_dd_only,augmentation,42,4,2,103,21,33,0.1266237212078912,0.5474866032600403,0.016198173196365438,0.6435508253504929,0.7281553398058253,0.7591324200913242,0.8073059360730593,0.7111378205128205,0.684931506849315,0.8333333333333334
scaling_dd_only,augmentation,43,0,0,105,11,23,0.427687122763657,0.6072928627332052,0.02469065087483969,1.166736702472415,0.7142857142857143,0.694202266782912,0.7284219703574542,0.6785714285714286,0.7432432432432432,0.6451612903225806
scaling_dd_only,augmentation,43,0,1,103,15,27,0.165297229292888,0.729851065330135,0.009646528841396749,1.1602941375334286,0.7087378640776699,0.6865296803652967,0.7210045662100457,0.6707161125319694,0.7397260273972602,0.6333333333333333
scaling_dd_only,augmentation,43,0,2,102,8,20,0.5922938631131098,0.6057247624677771,0.05686154438612553,0.8413548773410273,0.7156862745098039,0.6974492205951819,0.771846953235711,0.6777426734938446,0.7397260273972602,0.6551724137931034
scaling_dd_only,augmentation,43,1,0,105,12,24,0.36388534681808543,0.6609235310128757,0.020428195487761844,1.148161310354425,0.6476190476190476,0.6375326939843069,0.6809067131647777,0.6162962962962963,0.6621621621621622,0.6129032258064516
scaling_dd_only,augmentation,43,1,1,104,11,23,0.36655264634352464,0.6562396540091588,0.01549920762101045,1.3286101623223379,0.6634615384615384,0.6743243243243243,0.7027027027027026,0.6391394864677307,0.6486486486486487,0.7
scaling_dd_only,augmentation,43,1,2,103,9,21,0.43245870559409477,0.6284931840248478,0.019391867223264803,1.2605577504750594,0.6407766990291263,0.6484018264840182,0.7100456621004567,0.6163294070270815,0.6301369863013698,0.6666666666666666
scaling_dd_only,augmentation,43,2,0,105,14,26,0.1897275041842806,0.7897512435913085,0.0166342221920329,1.326558989002591,0.6476190476190476,0.6281604184829992,0.6822144725370531,0.6115388461153884,0.6756756756756757,0.5806451612903226
scaling_dd_only,augmentation,43,2,1,104,9,21,0.4755700396803709,0.6031588659836695,0.04947613956979834,1.0357972796146686,0.6634615384615384,0.7040540540540541,0.7693693693693694,0.649156626506024,0.6081081081081081,0.8
scaling_dd_only,augmentation,43,2,2,103,7,19,0.6627576850247725,0.6218263639987094,0.08552564953288963,0.7084882022107689,0.7475728155339806,0.763013698630137,0.7826484018264841,0.7258394758394758,0.726027397260274,0.8
scaling_dd_only,augmentation,43,3,0,105,11,23,0.38646657249102223,0.6659346695457186,0.05483682858399474,1.213033022452423,0.7523809523809524,0.7024847428073235,0.6913687881429817,0.7024847428073235,0.8243243243243243,0.5806451612903226
scaling_dd_only,augmentation,43,3,1,105,10,22,0.39913837095865834,0.6800433956441425,0.025043007989342395,1.2003569193073504,0.6952380952380952,0.6244551002615518,0.6752397558849171,0.6266666666666667,0.7972972972972973,0.45161290322580644
scaling_dd_only,augmentation,43,3,2,103,8,20,0.5398655414581299,0.6160011592420559,0.06351838674662369,1.0779342877054678,0.7281553398058253,0.6707762557077626,0.7196347031963469,0.6707762557077626,0.8082191780821918,0.5333333333333333
scaling_dd_only,augmentation,43,4,0,105,12,24,0.33089682201926524,0.6321094226269495,0.02689545125199052,1.0762540861964225,0.7333333333333333,0.7077157802964255,0.7414995640802092,0.6955260977630489,0.7702702702702703,0.6451612903225806
scaling_dd_only,augmentation,43,4,1,105,15,27,0.16509202867746353,0.8226224848202297,0.017460001954952113,1.3105668005489168,0.6857142857142857,0.6645597210113339,0.6835222319093287,0.6489005978315938,0.7162162162162162,0.6129032258064516
scaling_dd_only,augmentation,43,4,2,103,10,22,0.4631651329852286,0.5513430243556939,0.06285422494014105,0.9067942783670518,0.7572815533980582,0.730593607305936,0.7981735159817351,0.7190398254228041,0.7945205479452054,0.6666666666666666
scaling_dd_only,augmentation,44,0,0,105,12,24,0.4009946902350682,0.6311001879828316,0.03025516685007549,1.299701733496927,0.7142857142857143,0.6660854402789886,0.6887532693984306,0.6628852739726028,0.7837837837837838,0.5483870967741935
scaling_dd_only,augmentation,44,0,1,103,8,20,0.5648358559262925,0.6247993233134446,0.028348776849283688,1.1878132791195102,0.7378640776699029,0.6579908675799087,0.6831050228310503,0.6651414810355207,0.8493150684931506,0.4666666666666667
scaling_dd_only,augmentation,44,0,2,102,8,20,0.5827996180607722,0.6139645482979569,0.0736084278099812,0.9217474990907837,0.7549019607843137,0.6936702881435994,0.7113840340103921,0.6956677407805227,0.8356164383561644,0.5517241379310345
scaling_dd_only,augmentation,44,1,0,105,13,25,0.2763840235085879,0.7949096207817395,0.03925705465357661,1.3380086760435785,0.7047619047619048,0.6218395815170009,0.6464690496948561,0.6267629858961128,0.8243243243243243,0.41935483870967744
scaling_dd_only,augmentation,44,1,1,104,14,26,0.28665517270565033,0.6238492566805619,0.029586607626137826,0.9395616490107316,0.7788461538461539,0.7454954954954955,0.7288288288288289,0.7381499726327312,0.8243243243243243,0.6666666666666666
scaling_dd_only,augmentation,44,1,2,103,10,22,0.3935098946807487,0.6916143303935968,0.06354334683972968,1.3001247476605535,0.7087378640776699,0.6570776255707762,0.6748858447488584,0.6538978494623655,0.7808219178082192,0.5333333333333333
scaling_dd_only,augmentation,44,2,0,105,7,19,0.6064647917010358,0.6289442561921619,0.06740320053689433,1.0216806048438662,0.7047619047619048,0.6780732345248475,0.6839581517000872,0.6654332408263953,0.7432432432432432,0.6129032258064516
scaling_dd_only,augmentation,44,2,1,104,6,18,0.6354276194022253,0.6503862211337457,0.1485778849858504,1.0107953731830304,0.7307692307692307,0.6918918918918919,0.6891891891891893,0.6840277777777778,0.7837837837837838,0.6
scaling_dd_only,augmentation,44,2,2,103,6,18,0.6471148290132221,0.6319048659315387,0.11627658413785497,0.8264657202565554,0.7572815533980582,0.6815068493150684,0.6881278538812785,0.6899458157736303,0.863013698630137,0.5
scaling_dd_only,augmentation,44,3,0,105,18,30,0.14194616904625526,0.7100767594717797,0.01849001492910947,1.2183138274365948,0.6666666666666666,0.6697907585004359,0.7188317349607672,0.6411483253588517,0.6621621621621622,0.6774193548387096
scaling_dd_only,augmentation,44,3,1,105,8,20,0.5032166105050307,0.6195752030327206,0.03596712233355412,1.3225230020515266,0.7142857142857143,0.7035745422842197,0.7175239755884917,0.6829710144927537,0.7297297297297297,0.6774193548387096
scaling_dd_only,augmentation,44,3,2,103,11,23,0.37528229582877387,0.5821768716701026,0.056779399585156216,0.795913829386813,0.7961165048543689,0.7481735159817351,0.78675799086758,0.7506053268765133,0.863013698630137,0.6333333333333333
scaling_dd_only,augmentation,44,4,0,105,9,21,0.5188214606963671,0.5831616503851754,0.03516923209938865,0.9893219540516536,0.7619047619047619,0.7092414995640802,0.7602441150828249,0.7111893497634503,0.8378378378378378,0.5806451612903226
scaling_dd_only,augmentation,44,4,1,105,9,21,0.36459675603188,0.7987105593794868,0.06477088810732731,1.3303289903593916,0.638095238095238,0.6026591107236268,0.6259808195292067,0.5928571428571429,0.6891891891891891,0.5161290322580645
scaling_dd_only,augmentation,44,4,2,103,14,26,0.2718290280018534,0.5842435412036563,0.02441965527832508,0.9923572373911015,0.7669902912621359,0.7276255707762557,0.771689497716895,0.7231182795698925,0.821917808219178,0.6333333333333333
temporal_equal,augmentation,42,0,0,105,20,32,0.15943580146242933,0.8292100655003672,0.0380098836451042,1.2153436494514436,0.6952380952380952,0.6900610287707062,0.6918047079337402,0.6661367249602543,0.7027027027027027,0.6774193548387096
temporal_equal,augmentation,42,0,1,103,12,24,0.4067744763864987,0.6463105412362848,0.01782399234654391,1.1093650628062128,0.6893203883495146,0.7022831050228311,0.7127853881278539,0.6663967611336032,0.6712328767123288,0.7333333333333333
temporal_equal,augmentation,42,0,2,102,9,21,0.514515339755095,0.5615943278752121,0.04450225873062244,0.8225363866955626,0.7941176470588235,0.7418516769012754,0.7827113840340104,0.744360902255639,0.863013698630137,0.6206896551724138
temporal_equal,augmentation,42,1,0,105,16,28,0.22349365786221867,0.8079618862697057,0.02233113033544038,1.2430056005303327,0.7047619047619048,0.6499564080209241,0.6756756756756757,0.6485260770975056,0.7837837837837838,0.5161290322580645
temporal_equal,augmentation,42,1,1,104,8,20,0.5950694714601223,0.5835127303233514,0.08365878462791443,0.674356765471972,0.7980769230769231,0.7292792792792793,0.7576576576576577,0.740463458110517,0.8918918918918919,0.5666666666666667
temporal_equal,augmentation,42,1,2,103,12,24,0.39817167098442335,0.6537950038909912,0.09341797496428329,0.7497818898228765,0.7281553398058253,0.6904109589041096,0.7041095890410959,0.6826584507042254,0.7808219178082192,0.6
temporal_equal,augmentation,42,2,0,105,25,37,0.042691923947869866,1.0424254843166896,0.011380509972788286,1.2092245334670657,0.7904761904761904,0.7295117698343505,0.7066259808195292,0.7379764065335753,0.8783783783783784,0.5806451612903226
temporal_equal,augmentation,42,2,1,104,12,24,0.4407400328379411,0.7167059446756656,0.0728803715453698,1.0728551430197864,0.6634615384615384,0.6743243243243243,0.6927927927927929,0.6391394864677307,0.6486486486486487,0.7
temporal_equal,augmentation,42,2,2,103,17,29,0.3008541564621994,0.6360529904226655,0.06787920608207512,0.7990932435665316,0.7572815533980582,0.7207762557077626,0.7744292237442922,0.7141747141747141,0.8082191780821918,0.6333333333333333
temporal_equal,augmentation,42,3,0,105,37,49,0.013762008900252672,1.0757159755143912,0.009938667367140833,1.081489885442092,0.7619047619047619,0.6904969485614647,0.7092414995640803,0.6990024079807362,0.8648648648648649,0.5161290322580645
temporal_equal,augmentation,42,3,1,105,11,23,0.44485380213994247,0.5873521952402024,0.060646470492848985,0.9932541831440869,0.6952380952380952,0.7181778552746294,0.7750653879686138,0.676923076923077,0.6621621621621622,0.7741935483870968
temporal_equal,augmentation,42,3,2,103,28,40,0.04489692932083493,0.7819341756765125,0.011636136206133026,0.8535714511153767,0.8349514563106796,0.7853881278538812,0.8114155251141553,0.7938302131166843,0.9041095890410958,0.6666666666666666
temporal_equal,augmentation,42,4,0,105,15,27,0.39048912949286974,0.5906752430257343,0.07203444566291112,0.8957011230289936,0.7523809523809524,0.7306015693112466,0.7646033129904097,0.7172742336371168,0.7837837837837838,0.6774193548387096
temporal_equal,augmentation,42,4,1,105,10,22,0.48186794123970544,0.7162200853938148,0.14580003107683018,1.0641622093328762,0.6666666666666666,0.6697907585004359,0.6865736704446382,0.6411483253588517,0.6621621621621622,0.6774193548387096
temporal_equal,augmentation,42,4,2,103,17,29,0.2871657811460041,0.5157605120279256,0.029313260325718495,0.60027100362824,0.7475728155339806,0.763013698630137,0.8205479452054795,0.7258394758394758,0.726027397260274,0.8
temporal_equal,augmentation,43,0,0,105,11,23,0.42892712500037217,0.5971845081874303,0.0307688904085719,1.0849770171512363,0.7428571428571429,0.7332170880557978,0.7397558849171753,0.712736852771304,0.7567567567567568,0.7096774193548387
temporal_equal,augmentation,43,0,1,103,17,29,0.08649746332191614,0.92590711967459,0.007224052897002098,1.2743956759138015,0.6699029126213593,0.6689497716894977,0.654337899543379,0.6414823914823915,0.6712328767123288,0.6666666666666666
temporal_equal,augmentation,43,0,2,102,9,21,0.5609945127597222,0.587433691702637,0.06083326783174506,0.8651746260184868,0.7549019607843137,0.7144544166273028,0.7756258856872934,0.7076693798005274,0.8082191780821918,0.6206896551724138
temporal_equal,augmentation,43,1,0,105,14,26,0.28784181156020233,0.7178830899475586,0.014813186033912327,1.346492863621097,0.7238095238095238,0.6634699215344377,0.6704446381865736,0.6649796457256023,0.8108108108108109,0.5161290322580645
temporal_equal,augmentation,43,1,1,104,10,22,0.47720932215452194,0.6202494731316199,0.015897257593818583,1.2221460285095067,0.6826923076923077,0.6779279279279279,0.7094594594594594,0.6517503805175038,0.6891891891891891,0.6666666666666666
temporal_equal,augmentation,43,1,2,103,9,21,0.4405423167504762,0.6216541985863621,0.02935530117414357,1.0798604863071906,0.6601941747572816,0.6621004566210045,0.712785388127854,0.6330788804071247,0.6575342465753424,0.6666666666666666
temporal_equal,augmentation,43,2,0,105,18,30,0.08760089671986114,1.000515307698931,0.013871941085598895,1.341324594474974,0.6476190476190476,0.6000435919790759,0.6469049694856146,0.594509967644296,0.7162162162162162,0.4838709677419355
temporal_equal,augmentation,43,2,1,104,13,25,0.284725268299763,0.6012915246761762,0.03403990345004086,0.9725847456317681,0.7596153846153846,0.7319819819819819,0.7774774774774774,0.7202797202797203,0.7972972972972973,0.6666666666666666
temporal_equal,augmentation,43,2,2,103,7,19,0.6687230265311648,0.6249250179355584,0.12129247582486372,0.7132846909819297,0.7475728155339806,0.7433789954337899,0.7785388127853881,0.7186974789915966,0.7534246575342466,0.7333333333333333
temporal_equal,augmentation,43,3,0,105,16,28,0.21761085651814938,0.7622197807544754,0.01979572413704143,1.149899764262539,0.7047619047619048,0.6968177855274629,0.7005231037489102,0.6745325467453255,0.7162162162162162,0.6774193548387096
temporal_equal,augmentation,43,3,1,105,15,27,0.20881848180523285,0.7919062078708694,0.02192251833800513,1.3009776362284486,0.7047619047619048,0.6405841325196164,0.6996512641673931,0.6418747937066784,0.7972972972972973,0.4838709677419355
temporal_equal,augmentation,43,3,2,103,11,23,0.3521534823236011,0.6678401544256117,0.06033254155800456,1.0943913997955692,0.6796116504854369,0.6659817351598174,0.710958904109589,0.6453834115805946,0.6986301369863014,0.6333333333333333
temporal_equal,augmentation,43,4,0,105,9,21,0.46834417891043884,0.5911073950074968,0.046019785213642396,0.9625940838562591,0.7238095238095238,0.6822144725370531,0.7441150828247601,0.676923076923077,0.7837837837837838,0.5806451612903226
temporal_equal,augmentation,43,4,1,105,15,27,0.19485634149840245,0.8033153321061816,0.021868756811062876,1.2466741003450894,0.7047619047619048,0.7061900610287708,0.6874455100261552,0.6785185185185185,0.7027027027027027,0.7096774193548387
temporal_equal,augmentation,43,4,2,103,8,20,0.5510685284932454,0.5736448087738556,0.07895373070523852,0.8063202228360963,0.7378640776699029,0.7365296803652968,0.7995433789954338,0.7098591549295774,0.7397260273972602,0.7333333333333333
temporal_equal,augmentation,44,0,0,105,12,24,0.4018366409511101,0.635199711436317,0.032187321112014174,1.174407817991007,0.7047619047619048,0.6593286835222318,0.6913687881429816,0.6546419098143237,0.7702702702702703,0.5483870967741935
temporal_equal,augmentation,44,0,1,103,9,21,0.5065061228286817,0.6376558657988761,0.0395111955864274,1.215773081895217,0.6601941747572816,0.6719178082191781,0.6867579908675799,0.6370683579985905,0.6438356164383562,0.7
temporal_equal,augmentation,44,0,2,102,10,22,0.48096474890525526,0.6209241040781432,0.07873937867295283,0.8371879034036515,0.7450980392156863,0.6868209730751063,0.7109116674539443,0.6868209730751063,0.821917808219178,0.5517241379310345
temporal_equal,augmentation,44,1,0,105,6,18,0.6472597127951286,0.6560057781991504,0.12254511377805673,0.9583002396105301,0.6952380952380952,0.6057105492589363,0.6355710549258937,0.6103896103896104,0.8243243243243243,0.3870967741935484
temporal_equal,augmentation,44,1,1,104,15,27,0.23576942974558243,0.6781155318021774,0.024536036169872835,0.9102530834766535,0.75,0.7252252252252251,0.718018018018018,0.7114810072556552,0.7837837837837838,0.6666666666666666
temporal_equal,augmentation,44,1,2,103,10,22,0.416332906370528,0.6811782124551754,0.06250330238072781,1.2806275614256997,0.7087378640776699,0.6963470319634704,0.6648401826484017,0.6754201680672269,0.726027397260274,0.6666666666666666
temporal_equal,augmentation,44,2,0,105,13,25,0.3241170234438302,0.6821761349836986,0.02528417908591061,1.1495943655570349,0.7428571428571429,0.6582388840453357,0.6935483870967742,0.6674486803519062,0.8648648648648649,0.45161290322580644
temporal_equal,augmentation,44,2,1,104,6,18,0.6355351874461541,0.6509753649051373,0.14711753092706203,0.9443751298464261,0.7115384615384616,0.6684684684684685,0.6824324324324325,0.6614583333333333,0.7702702702702703,0.5666666666666667
temporal_equal,augmentation,44,2,2,103,7,19,0.6144393996188515,0.6237105663540294,0.11722911445593293,0.8512989088748265,0.6990291262135923,0.6993150684931506,0.7095890410958905,0.6711298794932536,0.6986301369863014,0.7
temporal_equal,augmentation,44,3,0,105,9,21,0.516694691318732,0.6792316568749291,0.07447235386532086,1.0287925262536322,0.7619047619047619,0.6623801220575414,0.6765475152571927,0.6762856085830559,0.9054054054054054,0.41935483870967744
temporal_equal,augmentation,44,3,1,105,6,18,0.6146891758992121,0.6369229458627247,0.08905802745945178,1.1613162910122248,0.6952380952380952,0.699433304272014,0.7166521360069746,0.6700706991358995,0.6891891891891891,0.7096774193548387
temporal_equal,augmentation,44,3,2,103,13,25,0.2879833317938305,0.6110726224565969,0.04053258663486867,0.8476289293719727,0.8058252427184466,0.7550228310502283,0.7858447488584475,0.7600186393289842,0.8767123287671232,0.6333333333333333
temporal_equal,augmentation,44,4,0,105,11,23,0.45590586444506276,0.5691063531807491,0.05218384307450973,1.1854639434300007,0.7619047619047619,0.7561028770706191,0.7628596338273758,0.7340156044178742,0.7702702702702703,0.7419354838709677
temporal_equal,augmentation,44,4,1,105,7,19,0.48646353299801165,0.7092435484840757,0.09292097135375325,1.2460762551143056,0.6476190476190476,0.6094158674803836,0.6303400174367916,0.6006783842121493,0.7027027027027027,0.5161290322580645
temporal_equal,augmentation,44,4,2,103,13,25,0.32915028844560895,0.6125823395344817,0.023809646105482463,0.9598844923730036,0.8155339805825242,0.7422374429223744,0.7863013698630138,0.7586632137131581,0.9178082191780822,0.5666666666666667
temporal_dd_only,augmentation,42,0,0,105,8,20,0.5435853783677264,0.6442544133890242,0.12176782939492202,0.9234296903546367,0.6571428571428571,0.6724062772449869,0.6826503923278117,0.6365384615384615,0.6351351351351351,0.7096774193548387
temporal_dd_only,augmentation,42,0,1,103,10,22,0.49380504249950535,0.6374093994353581,0.03085633801917235,1.0977675087243608,0.7281553398058253,0.7198630136986301,0.6908675799086759,0.6970588235294117,0.7397260273972602,0.7
temporal_dd_only,augmentation,42,0,2,102,9,21,0.49858852189320785,0.5540847047871235,0.06183806713670492,0.8723253411989585,0.7843137254901961,0.7453944260746339,0.7897968823807274,0.7402777777777778,0.8356164383561644,0.6551724137931034
temporal_dd_only,augmentation,42,1,0,105,9,21,0.49775976763255353,0.717855575538817,0.08924760467908233,1.026680363663694,0.7333333333333333,0.6421098517872712,0.6290322580645161,0.6509971509971509,0.8648648648648649,0.41935483870967744
temporal_dd_only,augmentation,42,1,1,104,5,17,0.6797394362779764,0.6528101150806134,0.17815185739443853,0.7258184420374724,0.7692307692307693,0.709009009009009,0.7081081081081081,0.713103448275862,0.8513513513513513,0.5666666666666667
temporal_dd_only,augmentation,42,1,2,103,9,21,0.5280117452429812,0.640538824414744,0.137460401459958,0.7072243765719886,0.7184466019417476,0.6933789954337899,0.6972602739726027,0.6792655427896488,0.7534246575342466,0.6333333333333333
temporal_dd_only,augmentation,42,2,0,105,20,32,0.10820312299518194,0.7897976582958585,0.016048787089721593,1.0202838154066176,0.780952380952381,0.713382737576286,0.7362685265911072,0.7230822153422772,0.8783783783783784,0.5483870967741935
temporal_dd_only,augmentation,42,2,1,104,12,24,0.42542274525532353,0.7170442400070337,0.06882586724196489,1.0509001813255823,0.6634615384615384,0.6743243243243243,0.6927927927927928,0.6391394864677307,0.6486486486486487,0.7
temporal_dd_only,augmentation,42,2,2,103,15,27,0.34383678550355173,0.6312977257862832,0.07888336969610821,0.7073303689655749,0.7669902912621359,0.7276255707762557,0.747945205479452,0.7231182795698925,0.821917808219178,0.6333333333333333
temporal_dd_only,augmentation,42,3,0,105,19,31,0.17258600374827018,0.8440557071318229,0.020875384744543295,0.997255977600192,0.7714285714285715,0.6972537053182215,0.7013949433304272,0.7077922077922078,0.8783783783783784,0.5161290322580645
temporal_dd_only,augmentation,42,3,1,105,11,23,0.43617384880781174,0.5941719453959238,0.055131066124886274,1.0012916655057953,0.7047619047619048,0.7249346120313862,0.7715780296425457,0.6854768576674075,0.6756756756756757,0.7741935483870968
temporal_dd_only,augmentation,42,3,2,103,28,40,0.04999040816688821,0.7622134144445067,0.011956032418778965,0.8333388642199988,0.8446601941747572,0.8020547945205478,0.8109589041095889,0.8080149114631874,0.9041095890410958,0.7
temporal_dd_only,augmentation,42,4,0,105,20,32,0.24295487011281344,0.655838547150294,0.034651660109655216,0.9989044881292752,0.7428571428571429,0.7332170880557978,0.7554489973844812,0.712736852771304,0.7567567567567568,0.7096774193548387
temporal_dd_only,augmentation,42,4,1,105,30,42,0.041252849910121694,1.2105214124434582,0.019231427389268693,1.3543704894315896,0.7428571428571429,0.6863557105492589,0.6830863121185701,0.6880844977445264,0.8243243243243243,0.5483870967741935
temporal_dd_only,augmentation,42,4,2,103,20,32,0.1703402409950892,0.5260544517665233,0.016304188168474607,0.6373874093722371,0.7864077669902912,0.760958904109589,0.8105022831050228,0.7506602112676056,0.821917808219178,0.7
temporal_dd_only,augmentation,43,0,0,105,11,23,0.42741677441248077,0.6073986311753591,0.03788180076630741,1.1077612599468833,0.7142857142857143,0.694202266782912,0.7231909328683521,0.6785714285714286,0.7432432432432432,0.6451612903225806
temporal_dd_only,augmentation,43,0,1,103,15,27,0.17787147093798228,0.7841111913468074,0.009102040676822985,1.2394240371231895,0.6699029126213593,0.6689497716894977,0.6744292237442922,0.6414823914823915,0.6712328767123288,0.6666666666666666
temporal_dd_only,augmentation,43,0,2,102,8,20,0.59507190149564,0.6097064964911517,0.06723596198627582,0.8557847276622174,0.6862745098039216,0.6872933396315541,0.7704298535663674,0.6565656565656566,0.684931506849315,0.6896551724137931
temporal_dd_only,augmentation,43,1,0,105,21,33,0.04024793043876616,1.0667156686695913,0.005277487672055545,1.4720464046429178,0.7142857142857143,0.6660854402789886,0.6556233653007846,0.6628852739726028,0.7837837837837838,0.5483870967741935
temporal_dd_only,augmentation,43,1,1,104,8,20,0.5757061094045639,0.6075339019298553,0.03250335010055166,1.1720563580210392,0.7019230769230769,0.6716216216216215,0.7265765765765766,0.6587276384037261,0.7432432432432432,0.6
temporal_dd_only,augmentation,43,1,2,103,12,24,0.30485531759033935,0.624589615076491,0.013206940487419305,1.28752001526865,0.6796116504854369,0.6954337899543379,0.7296803652968037,0.6578073089700996,0.6575342465753424,0.7333333333333333
temporal_dd_only,augmentation,43,2,0,105,14,26,0.2035849828650986,0.871202290058136,0.01797010846759962,1.3445198297500611,0.6285714285714286,0.6052746294681779,0.6473408892763731,0.5905409459054094,0.6621621621621622,0.5483870967741935
temporal_dd_only,augmentation,43,2,1,104,12,24,0.30899841624956864,0.6447256528414212,0.036214508420716114,1.0558414229979882,0.7115384615384616,0.6981981981981982,0.7319819819819819,0.6770186335403727,0.7297297297297297,0.6666666666666666
temporal_dd_only,augmentation,43,2,2,103,12,24,0.4406550261392548,0.574155934516666,0.04795949642755911,0.856318951231762,0.6990291262135923,0.7582191780821919,0.8132420091324202,0.6895478852698104,0.6164383561643836,0.9
temporal_dd_only,augmentation,43,3,0,105,11,23,0.4026366787461134,0.6523527304331461,0.05638323555915402,1.1651345159869553,0.6857142857142857,0.6833042720139494,0.6861377506538797,0.6577777777777778,0.6891891891891891,0.6774193548387096
temporal_dd_only,augmentation,43,3,1,105,4,16,0.6619085921691015,0.6679810489927019,0.1521935505935779,0.8982396566442081,0.7238095238095238,0.6072362685265911,0.6168265039232781,0.614019520851819,0.8918918918918919,0.3225806451612903
temporal_dd_only,augmentation,43,3,2,103,7,19,0.5737264020102365,0.6279127163794435,0.08168227839327993,1.079404227941939,0.6893203883495146,0.6924657534246574,0.7100456621004567,0.6625716625716626,0.684931506849315,0.7
temporal_dd_only,augmentation,43,4,0,105,10,22,0.4455803638467422,0.6036848337877364,0.04364179812658291,0.9160238145717553,0.7238095238095238,0.7009590235396688,0.7371403661726242,0.6870181930311441,0.7567567567567568,0.6451612903225806
temporal_dd_only,augmentation,43,4,1,105,7,19,0.5997340587469248,0.6764307305926368,0.05771383868816953,1.1541790371849423,0.6476190476190476,0.6469049694856146,0.6390584132519616,0.6206425153793574,0.6486486486486487,0.6451612903225806
temporal_dd_only,augmentation,43,4,2,103,8,20,0.5542891879876455,0.5766323856937076,0.08417872144352823,0.757217517755564,0.7378640776699029,0.7267123287671233,0.7863013698630137,0.7058076801015551,0.7534246575342466,0.7
temporal_dd_only,augmentation,44,0,0,105,12,24,0.4077350973356061,0.6251729485534486,0.03329002483770615,1.2748501211404801,0.7047619047619048,0.6780732345248475,0.6952920662598082,0.6654332408263953,0.7432432432432432,0.6129032258064516
temporal_dd_only,augmentation,44,0,1,103,10,22,0.4287564804876484,0.6289546188798923,0.023852994890460645,1.3375201922597237,0.6601941747572816,0.6621004566210045,0.7000000000000001,0.6330788804071247,0.6575342465753424,0.6666666666666666
temporal_dd_only,augmentation,44,0,2,102,8,20,0.5763069139077113,0.6129012534431383,0.07146612278973827,0.9795741229957226,0.7450980392156863,0.6868209730751063,0.7175247992442135,0.6868209730751063,0.821917808219178,0.5517241379310345
temporal_dd_only,augmentation,44,1,0,105,11,23,0.3837489122209918,0.682980454039006,0.048939297038719846,1.1530476860746386,0.7428571428571429,0.6863557105492589,0.6769834350479512,0.6880844977445264,0.8243243243243243,0.5483870967741935
temporal_dd_only,augmentation,44,1,1,104,14,26,0.27518855465146214,0.6258870088137113,0.02999812842776569,0.9053676890639158,0.7211538461538461,0.704954954954955,0.727027027027027,0.6855385257011781,0.7432432432432432,0.6666666666666666
temporal_dd_only,augmentation,44,1,2,103,10,22,0.40678024862371565,0.6795543438022577,0.06486609634502154,1.2731438105546156,0.7184466019417476,0.7031963470319634,0.6684931506849315,0.684015656405374,0.7397260273972602,0.6666666666666666
temporal_dd_only,augmentation,44,2,0,105,34,46,0.009419459058871664,1.3570514820870898,0.007015736665630686,1.4073240786436059,0.7428571428571429,0.6769834350479511,0.6713164777680907,0.6817824671680324,0.8378378378378378,0.5161290322580645
temporal_dd_only,augmentation,44,2,1,104,6,18,0.6357064992189407,0.6542722078470083,0.1770992041207277,1.054647677219831,0.7211538461538461,0.6851351351351351,0.6828828828828828,0.6755244755244756,0.7702702702702703,0.6
temporal_dd_only,augmentation,44,2,2,103,9,21,0.49387035793379735,0.6488708810320178,0.08207722304112604,0.9260147728966278,0.7475728155339806,0.6746575342465753,0.6794520547945206,0.6811904761904761,0.8493150684931506,0.5
temporal_dd_only,augmentation,44,3,0,105,15,27,0.21435050236491057,0.8171688934876805,0.01896033310689605,1.334079093206674,0.7333333333333333,0.6514821272885789,0.6857018308631212,0.6590909090909092,0.8513513513513513,0.45161290322580644
temporal_dd_only,augmentation,44,3,1,105,8,20,0.5027817006294544,0.6215742519923619,0.04556892074358005,1.1226271153028522,0.7047619047619048,0.6968177855274629,0.7157802964254577,0.6745325467453255,0.7162162162162162,0.6774193548387096
temporal_dd_only,augmentation,44,3,2,103,21,33,0.08555828304517837,0.5966306048110851,0.019953417786884874,0.8502514894726207,0.7766990291262136,0.7639269406392694,0.8041095890410959,0.7456243960055836,0.7945205479452054,0.7333333333333333
temporal_dd_only,augmentation,44,4,0,105,12,24,0.3785649755826363,0.5824720314570836,0.03975078536985585,1.1442059052487215,0.780952380952381,0.750871839581517,0.7606800348735832,0.7437665782493369,0.8243243243243243,0.6774193548387096
temporal_dd_only,augmentation,44,4,1,105,22,34,0.051199408498807594,1.266243512076991,0.01457089852864066,1.5439644388898852,0.6952380952380952,0.6244551002615518,0.6678291194420225,0.6266666666666667,0.7972972972972973,0.45161290322580644
temporal_dd_only,augmentation,44,4,2,103,10,22,0.46590357621510825,0.5471913843478972,0.03605281288425128,0.8511324692698359,0.8155339805825242,0.7422374429223744,0.7908675799086758,0.7586632137131581,0.9178082191780822,0.5666666666666667
mixup_equal,augmentation,42,0,0,105,18,30,0.21510618256359565,0.7791691795701072,0.03744468928837195,1.1899718440891731,0.6857142857142857,0.6833042720139494,0.6987794245858763,0.6577777777777778,0.6891891891891891,0.6774193548387096
mixup_equal,augmentation,42,0,1,103,15,27,0.2045349682442808,0.6693435163752547,0.010540820206043081,1.0422947655603723,0.7475728155339806,0.7139269406392694,0.7442922374429224,0.7053257042253521,0.7945205479452054,0.6333333333333333
mixup_equal,augmentation,42,0,2,102,13,25,0.2998162479354785,0.5718555251757304,0.024551263911864504,1.1769837867833821,0.7549019607843137,0.7560226735947095,0.7902692489371753,0.7262479871175522,0.7534246575342466,0.7586206896551724
mixup_equal,augmentation,42,1,0,105,9,21,0.4992857277393341,0.7079856076410839,0.10197719298123162,0.983390722128873,0.7333333333333333,0.6514821272885789,0.6360069747166521,0.6590909090909092,0.8513513513513513,0.45161290322580644
mixup_equal,augmentation,42,1,1,104,8,20,0.594793900847435,0.584277902658169,0.08442436738942678,0.753616812137457,0.7980769230769231,0.7292792792792793,0.7527027027027027,0.740463458110517,0.8918918918918919,0.5666666666666667
mixup_equal,augmentation,42,1,2,103,12,24,0.3897206985066382,0.6527332113784494,0.0944319427655074,0.7520774516087134,0.7087378640776699,0.6767123287671233,0.7077625570776256,0.6655844155844155,0.7534246575342466,0.6
mixup_equal,augmentation,42,2,0,105,23,35,0.05962419338920266,0.9525610412870135,0.011172763557861681,1.1356887476784843,0.7523809523809524,0.7024847428073235,0.7013949433304272,0.7024847428073235,0.8243243243243243,0.5806451612903226
mixup_equal,augmentation,42,2,1,104,11,23,0.41712474077939987,0.7508495564644153,0.09805518517700526,1.1601645923577821,0.6057692307692307,0.6734234234234234,0.6936936936936937,0.5995115995115996,0.5135135135135135,0.8333333333333334
mixup_equal,augmentation,42,2,2,103,17,29,0.30689527372424114,0.6246938546305721,0.07309866179244227,0.7801037254264054,0.7475728155339806,0.7139269406392694,0.7689497716894977,0.7053257042253521,0.7945205479452054,0.6333333333333333
mixup_equal,augmentation,42,3,0,105,21,33,0.11225537511591728,0.8995549811493783,0.017392726382240653,1.020280055499946,0.7619047619047619,0.681124673060157,0.7027027027027027,0.6920821114369502,0.8783783783783784,0.4838709677419355
mixup_equal,augmentation,42,3,1,105,11,23,0.4388147621200635,0.5928447103216534,0.04755560183324493,0.9787191613089471,0.6857142857142857,0.7114210985178727,0.7807323452484743,0.6683893195521102,0.6486486486486487,0.7741935483870968
mixup_equal,augmentation,42,3,2,103,28,40,0.05057163271343424,0.7356261605197943,0.011692089862411931,0.8212235763813686,0.8349514563106796,0.7853881278538812,0.8242009132420091,0.7938302131166843,0.9041095890410958,0.6666666666666666
mixup_equal,augmentation,42,4,0,105,20,32,0.226822379260109,0.6865752418835958,0.029254039856963433,0.9999649251855555,0.7523809523809524,0.75871839581517,0.7519616390584133,0.7287360890302067,0.7432432432432432,0.7741935483870968
mixup_equal,augmentation,42,4,1,105,10,22,0.48091422852415305,0.7203208612544196,0.15743063848752242,1.0459610665128345,0.6666666666666666,0.6697907585004359,0.6848299912816042,0.6411483253588517,0.6621621621621622,0.6774193548387096
mixup_equal,augmentation,42,4,2,103,21,33,0.13553180148204166,0.5590484605252164,0.018282478715160064,0.6468182142498424,0.6990291262135923,0.7484018264840182,0.8013698630136986,0.6872367518855911,0.6301369863013698,0.8666666666666667
mixup_equal,augmentation,43,0,0,105,11,23,0.4276806584218653,0.6057373972166152,0.04078226404082848,1.1594772746254292,0.7333333333333333,0.726460331299041,0.7284219703574543,0.7041062801932367,0.7432432432432432,0.7096774193548387
mixup_equal,augmentation,43,0,1,103,12,24,0.2984402247385126,0.7133505408046314,0.013153586275695602,1.2775204575177534,0.6893203883495146,0.6531963470319635,0.6808219178082192,0.6432900432900432,0.7397260273972602,0.5666666666666667
mixup_equal,augmentation,43,0,2,102,9,21,0.5550590570156391,0.587962225371716,0.05386094738227817,0.8881473430231506,0.7549019607843137,0.7352385451110062,0.7685403873405763,0.7177642501383509,0.7808219178082192,0.6896551724137931
mixup_equal,augmentation,43,1,0,105,13,25,0.3192340875593361,0.6655124782096772,0.015019543660165752,1.2898092812448296,0.6666666666666666,0.6510462074978204,0.6931124673060157,0.6325367463253675,0.6891891891891891,0.6129032258064516
mixup_equal,augmentation,43,1,1,104,11,23,0.363721374135751,0.6427751458608187,0.01428189654297267,1.3020116279904659,0.6826923076923077,0.6878378378378378,0.7085585585585585,0.6559398496240602,0.6756756756756757,0.7
mixup_equal,augmentation,43,1,2,103,9,21,0.4315866196269624,0.6309682929400101,0.025056551465136332,1.1839972336604758,0.6699029126213593,0.6984018264840183,0.7114155251141552,0.652579365079365,0.6301369863013698,0.7666666666666667
mixup_equal,augmentation,43,2,0,105,13,25,0.25770295270975085,0.7828506219954717,0.016196915933835335,1.2740624842189607,0.6476190476190476,0.6000435919790759,0.6682650392327812,0.594509967644296,0.7162162162162162,0.4838709677419355
mixup_equal,augmentation,43,2,1,104,13,25,0.2635296296614867,0.6053722168390567,0.02953815137824187,0.9491522810780085,0.7596153846153846,0.7220720720720721,0.7815315315315315,0.7153804050355774,0.8108108108108109,0.6333333333333333
mixup_equal,augmentation,43,2,2,103,12,24,0.4093677315272783,0.5625286527629038,0.053034516938173314,0.8200093988075997,0.7378640776699029,0.7659817351598174,0.806392694063927,0.720024161884627,0.6986301369863014,0.8333333333333334
mixup_equal,augmentation,43,3,0,105,16,28,0.20523287943349436,0.807323007622645,0.019415881748920165,1.2505217120289065,0.7047619047619048,0.6968177855274629,0.6743679163034001,0.6745325467453255,0.7162162162162162,0.6774193548387096
mixup_equal,augmentation,43,3,1,105,8,20,0.5484887017653539,0.6604450572104681,0.0623065189171869,1.283384762235385,0.6952380952380952,0.6244551002615518,0.6582388840453357,0.6266666666666667,0.7972972972972973,0.45161290322580644
mixup_equal,augmentation,43,3,2,103,8,20,0.5341097235679626,0.6157294268746978,0.08054443194220463,0.9737369470225955,0.7378640776699029,0.6972602739726027,0.7200913242009132,0.6913086913086912,0.7945205479452054,0.6
mixup_equal,augmentation,43,4,0,105,18,30,0.10710663806933624,0.7543836228194691,0.01227092430389558,0.9996470479649447,0.7428571428571429,0.7144725370531821,0.7497820401046208,0.7041018682809728,0.7837837837837838,0.6451612903225806
mixup_equal,augmentation,43,4,1,105,12,24,0.33211104629131466,0.708989232210886,0.031089075393258378,1.197655150223346,0.6761904761904762,0.6671752397558849,0.6874455100261552,0.6452702702702703,0.6891891891891891,0.6451612903225806
mixup_equal,augmentation,43,4,2,103,8,20,0.5465319233281272,0.5715165589619609,0.08982755403433527,0.8367474819849996,0.7475728155339806,0.7335616438356164,0.795890410958904,0.7146206308610401,0.7671232876712328,0.7
mixup_equal,augmentation,44,0,0,105,12,24,0.4034460130261212,0.6345945874849955,0.03142782277086886,1.227656152099371,0.7047619047619048,0.6593286835222318,0.6861377506538796,0.6546419098143237,0.7702702702702703,0.5483870967741935
mixup_equal,augmentation,44,0,1,103,10,22,0.4442932690687226,0.6343605767175989,0.026900067457542327,1.3029095773558015,0.6116504854368932,0.6573059360730593,0.7136986301369863,0.6007751937984496,0.547945205479452,0.7666666666666667
mixup_equal,augmentation,44,0,2,102,8,20,0.5877309304017287,0.612388462412591,0.07615596561047894,0.941750158574067,0.7549019607843137,0.6936702881435994,0.7132735002361833,0.6956677407805227,0.8356164383561644,0.5517241379310345
mixup_equal,augmentation,44,1,0,105,11,23,0.37232430027302915,0.7126250841078304,0.05527979162508163,1.2337901959860964,0.7333333333333333,0.6608544027898866,0.6521360069747166,0.6665154264972777,0.8378378378378378,0.4838709677419355
mixup_equal,augmentation,44,1,1,104,14,26,0.2934097255078646,0.634624604995434,0.03976666390036161,1.0442491953189557,0.75,0.745045045045045,0.7243243243243244,0.7200828157349897,0.7567567567567568,0.7333333333333333
mixup_equal,augmentation,44,1,2,103,10,22,0.40120317662161503,0.6863785059127993,0.05434914287981805,1.2683979024007483,0.7087378640776699,0.6668949771689497,0.6643835616438356,0.6599911971830985,0.7671232876712328,0.5666666666666667
mixup_equal,augmentation,44,2,0,105,15,27,0.20996673412369068,0.693680469195048,0.014099094971726482,1.2088392757234119,0.7428571428571429,0.6769834350479511,0.6800348735832606,0.6817824671680324,0.8378378378378378,0.5161290322580645
mixup_equal,augmentation,44,2,1,104,6,18,0.638693263897529,0.6519186496734619,0.14625476515636995,1.0273748659170592,0.7211538461538461,0.6851351351351351,0.6846846846846847,0.6755244755244756,0.7702702702702703,0.6
mixup_equal,augmentation,44,2,2,103,6,18,0.641916180911817,0.6299537906368959,0.12189573192140132,0.7890539660471158,0.7669902912621359,0.6883561643835616,0.6894977168949772,0.6988304093567251,0.8767123287671232,0.5
mixup_equal,augmentation,44,3,0,105,12,24,0.36594413679379684,0.6726962652944383,0.0441271597161316,1.0189701026305555,0.7238095238095238,0.6728421970357454,0.698779424585876,0.6712018140589568,0.7972972972972973,0.5483870967741935
mixup_equal,augmentation,44,3,1,105,8,20,0.5057703978740252,0.6271586611157371,0.034165382492714204,1.3411132324797412,0.7047619047619048,0.6968177855274629,0.7083696599825632,0.6745325467453255,0.7162162162162162,0.6774193548387096
mixup_equal,augmentation,44,3,2,103,13,25,0.2629601441678547,0.6177771843752815,0.03515000673277038,0.8526948733815869,0.8058252427184466,0.7550228310502283,0.780365296803653,0.7600186393289842,0.8767123287671232,0.6333333333333333
mixup_equal,augmentation,44,4,0,105,5,17,0.6734066261694982,0.66347119978496,0.10529747805916347,0.8449661745734158,0.6571428571428571,0.7192676547515258,0.7619877942458587,0.6499999999999999,0.5675675675675675,0.8709677419354839
mixup_equal,augmentation,44,4,1,105,13,25,0.30351729232531327,0.9712097493665559,0.04027151357597457,1.5477752525625483,0.6476190476190476,0.6000435919790759,0.629032258064516,0.594509967644296,0.7162162162162162,0.4838709677419355
mixup_equal,augmentation,44,4,2,103,13,25,0.3118807582628159,0.6214016597826504,0.023972869628951662,0.9686831154869598,0.8058252427184466,0.7353881278538812,0.7753424657534246,0.7490253411306043,0.9041095890410958,0.5666666666666667
mixup_dd_only,augmentation,42,0,0,105,6,18,0.6129652439094171,0.6326961304460254,0.21265949686852897,0.8045905645404543,0.7523809523809524,0.6743679163034002,0.6787271142109852,0.6834415584415585,0.8648648648648649,0.4838709677419355
mixup_dd_only,augmentation,42,0,1,103,15,27,0.23001275647089678,0.6560588510869776,0.009059267689964333,1.1417478408338955,0.6990291262135923,0.6993150684931506,0.7360730593607306,0.6711298794932536,0.6986301369863014,0.7
mixup_dd_only,augmentation,42,0,2,102,10,22,0.49325581468068636,0.5695220109294442,0.04062466319793692,0.9724431936355198,0.7941176470588235,0.7522437411431271,0.7690127538970241,0.7496201052016365,0.8493150684931506,0.6551724137931034
mixup_dd_only,augmentation,42,1,0,105,9,21,0.4984167821453389,0.746936248313813,0.07249685308495582,1.1105353380165373,0.7047619047619048,0.6218395815170009,0.6006974716652136,0.6267629858961128,0.8243243243243243,0.41935483870967744
mixup_dd_only,augmentation,42,1,1,104,12,24,0.3715415069690117,0.6234419047832489,0.04735892033204436,1.0073477717546315,0.75,0.754954954954955,0.7572072072072072,0.7238562091503268,0.7432432432432432,0.7666666666666667
mixup_dd_only,augmentation,42,1,2,103,28,40,0.04287451072529172,0.9406692420394676,0.011259333083504125,1.1023866343266755,0.7864077669902912,0.702054794520548,0.7484018264840183,0.7170329670329669,0.9041095890410958,0.5
mixup_dd_only,augmentation,42,2,0,105,28,40,0.02381811985647045,1.0551240535009474,0.011171309432635704,1.1451238989830017,0.7333333333333333,0.6983435047951176,0.6878814298169137,0.6906565656565657,0.7837837837837838,0.6129032258064516
mixup_dd_only,augmentation,42,2,1,104,3,15,0.6787927196576045,0.6582630964425894,0.29191148195129174,0.8072310697573882,0.7307692307692307,0.6225225225225225,0.6635135135135135,0.6313924050632912,0.8783783783783784,0.36666666666666664
mixup_dd_only,augmentation,42,2,2,103,17,29,0.3037396452643655,0.6894895816312253,0.07407053511001561,0.8820191514723509,0.7669902912621359,0.7178082191780821,0.730593607305936,0.7178082191780821,0.8356164383561644,0.6
mixup_dd_only,augmentation,42,3,0,105,21,33,0.12842008328208557,0.9143884779087135,0.020114401874777216,1.037033538014761,0.7619047619047619,0.681124673060157,0.6870095902353966,0.6920821114369502,0.8783783783783784,0.4838709677419355
mixup_dd_only,augmentation,42,3,1,105,11,23,0.44842089597995466,0.5956186365513575,0.05474228082368007,0.994693366012403,0.7142857142857143,0.731691368788143,0.7611159546643417,0.6940559440559441,0.6891891891891891,0.7741935483870968
mixup_dd_only,augmentation,42,3,2,103,36,48,0.012811137664885747,0.7897244437226971,0.009459252212019193,0.8184987828858847,0.8252427184466019,0.7785388127853881,0.8045662100456621,0.7840167753960858,0.8904109589041096,0.6666666666666666
mixup_dd_only,augmentation,42,4,0,105,15,27,0.4085257901595189,0.5848351844719478,0.06791135081304954,0.8524968033035596,0.7904761904761904,0.7388840453356582,0.7606800348735833,0.7433333333333334,0.8648648648648649,0.6129032258064516
mixup_dd_only,augmentation,42,4,1,105,12,24,0.38258870117939436,0.7909101665019989,0.10318124946206808,1.1051074975081498,0.7238095238095238,0.6540976460331299,0.6813426329555361,0.6582107980693681,0.8243243243243243,0.4838709677419355
mixup_dd_only,augmentation,42,4,2,103,42,50,0.013242956454909983,0.697047169926097,0.012286777279916264,0.6997896363434283,0.7961165048543689,0.7481735159817351,0.7922374429223744,0.7506053268765133,0.863013698630137,0.6333333333333333
mixup_dd_only,augmentation,43,0,0,105,11,23,0.4291665584575839,0.6134386860188984,0.02603938946182408,1.0725978297414258,0.7047619047619048,0.6874455100261552,0.7157802964254576,0.670179349478164,0.7297297297297297,0.6451612903225806
mixup_dd_only,augmentation,43,0,1,103,12,24,0.2862326101116512,0.7342659813686482,0.015747272404999547,1.1913112454044008,0.7087378640776699,0.6767123287671233,0.6657534246575343,0.6655844155844155,0.7534246575342466,0.6
mixup_dd_only,augmentation,43,0,2,102,7,19,0.6698139539131751,0.6392820348926619,0.05794986344587345,0.9312276886958702,0.7745098039215687,0.6865847897968824,0.7439773264052906,0.6993464052287581,0.8904109589041096,0.4827586206896552
mixup_dd_only,augmentation,43,1,0,105,13,25,0.3199282480034851,0.7041379314448152,0.017875788850340867,1.2101378882874823,0.6761904761904762,0.6484306887532694,0.6595466434176113,0.6357142857142857,0.7162162162162162,0.5806451612903226
mixup_dd_only,augmentation,43,1,1,104,11,23,0.3678552806377411,0.6271142661571503,0.015132698615511449,1.2710580034897878,0.6730769230769231,0.6711711711711712,0.718018018018018,0.6434045986284793,0.6756756756756757,0.6666666666666666
mixup_dd_only,augmentation,43,1,2,103,9,21,0.43756755202580866,0.6154840802683413,0.02551559526439863,1.2379836578970973,0.6504854368932039,0.665068493150685,0.717351598173516,0.6286057692307692,0.6301369863013698,0.7
mixup_dd_only,augmentation,43,2,0,105,21,33,0.027785445684972016,1.132303816363925,0.010063486457194971,1.3474669291859582,0.7047619047619048,0.6218395815170009,0.6687009590235397,0.6267629858961128,0.8243243243243243,0.41935483870967744
mixup_dd_only,augmentation,43,2,1,104,12,24,0.31291899944727236,0.6067576580322706,0.03836621750647632,0.8960955028350537,0.7403846153846154,0.7184684684684685,0.7612612612612613,0.7027627818355033,0.7702702702702703,0.6666666666666666
mixup_dd_only,augmentation,43,2,2,103,10,22,0.5117018217105044,0.5799863127250116,0.047642633526109195,0.8382119073451144,0.6893203883495146,0.7415525114155251,0.8082191780821918,0.678376268540203,0.6164383561643836,0.8666666666666667
mixup_dd_only,augmentation,43,3,0,105,18,30,0.1918824348025597,0.8421962564323275,0.02332113364424843,1.1056653487987378,0.7047619047619048,0.6780732345248475,0.6822144725370531,0.6654332408263953,0.7432432432432432,0.6129032258064516
mixup_dd_only,augmentation,43,3,1,105,16,28,0.15487507171928883,1.004669769534043,0.013830219032780196,1.5822241199478628,0.6761904761904762,0.6203138622493461,0.6272885789014822,0.6179366438356164,0.7567567567567568,0.4838709677419355
mixup_dd_only,augmentation,43,3,2,103,11,23,0.3740492406345549,0.6422789716026158,0.03956184648864326,1.0383994434643717,0.7087378640776699,0.7061643835616438,0.7187214611872146,0.6797263681592041,0.7123287671232876,0.7
mixup_dd_only,augmentation,43,4,0,105,10,22,0.43023077513162905,0.5939304143190384,0.05339107920344059,0.8611600011941932,0.7333333333333333,0.7077157802964255,0.7362685265911073,0.6955260977630489,0.7702702702702703,0.6451612903225806
mixup_dd_only,augmentation,43,4,1,105,15,27,0.1744395626279024,0.8016546939100538,0.027463372107237004,1.1681794364537512,0.6666666666666666,0.6416739319965127,0.6822144725370531,0.6276218461850238,0.7027027027027027,0.5806451612903226
mixup_dd_only,augmentation,43,4,2,103,14,26,0.2603156868190992,0.6088775668329406,0.024221782676232536,1.0065775531009562,0.7475728155339806,0.7335616438356164,0.7616438356164383,0.7146206308610401,0.7671232876712328,0.7
mixup_dd_only,augmentation,44,0,0,105,11,23,0.46943932713531866,0.632522524822326,0.03866608244616811,1.0733449620150384,0.7428571428571429,0.6676111595466434,0.6939843068875327,0.6749226006191951,0.8513513513513513,0.4838709677419355
mixup_dd_only,augmentation,44,0,1,103,10,22,0.44256626796607235,0.6444000645169934,0.03279715585679824,1.3099091238188512,0.6407766990291263,0.6582191780821918,0.680365296803653,0.6201534934715438,0.6164383561643836,0.7
mixup_dd_only,augmentation,44,0,2,102,12,24,0.34644544009978956,0.6546880512260923,0.03235392730969649,1.1681328957498658,0.7156862745098039,0.6870571563533302,0.6891828058573454,0.672606530160487,0.7534246575342466,0.6206896551724138
mixup_dd_only,augmentation,44,1,0,105,15,27,0.17068880990795468,0.9255371415898913,0.018352820722449228,1.2453274081924022,0.7238095238095238,0.6728421970357454,0.6303400174367917,0.6712018140589568,0.7972972972972973,0.5483870967741935
mixup_dd_only,augmentation,44,1,1,104,21,33,0.07772252543901022,0.9266060842917516,0.013241287947704013,1.1299138401563351,0.7403846153846154,0.7085585585585585,0.6720720720720721,0.6979020979020979,0.7837837837837838,0.6333333333333333
mixup_dd_only,augmentation,44,1,2,103,7,19,0.5666711644122475,0.6476195749727268,0.12501724165503345,1.2748100193380152,0.6990291262135923,0.630593607305936,0.6744292237442922,0.6318459587224721,0.7945205479452054,0.4666666666666667
mixup_dd_only,augmentation,44,2,0,105,15,27,0.19064629149897663,0.7473035290127709,0.01481261592052409,1.2876898153906777,0.7428571428571429,0.6769834350479511,0.6774193548387096,0.6817824671680324,0.8378378378378378,0.5161290322580645
mixup_dd_only,augmentation,44,2,1,104,6,18,0.6456153324017158,0.6591090514109685,0.17266063650067037,1.022867895089663,0.7403846153846154,0.6788288288288289,0.690990990990991,0.6805824138323285,0.8243243243243243,0.5333333333333333
mixup_dd_only,augmentation,44,2,2,103,22,34,0.05476616600831374,1.048168391712661,0.010001321987173203,1.384460682212149,0.7378640776699029,0.6874429223744292,0.678082191780822,0.6855850763143019,0.8082191780821918,0.5666666666666667
mixup_dd_only,augmentation,44,3,0,105,22,34,0.05406450451566623,0.8614609318918416,0.012103126384317875,1.2759027145182094,0.6952380952380952,0.6713164777680907,0.7101133391455972,0.6571428571428571,0.7297297297297297,0.6129032258064516
mixup_dd_only,augmentation,44,3,1,105,6,18,0.6140620731390439,0.6426788284665063,0.058563134633004665,1.3191863006867823,0.6952380952380952,0.7088055797733217,0.7018308631211858,0.6736596736596736,0.6756756756756757,0.7419354838709677
mixup_dd_only,augmentation,44,3,2,103,14,26,0.20745720664660136,0.6284094941847532,0.032222472100208205,0.9920303542347788,0.7766990291262136,0.7442922374429224,0.7611872146118721,0.737040737040737,0.821917808219178,0.6666666666666666
mixup_dd_only,augmentation,44,4,0,105,5,17,0.6738367585035471,0.6640203095617748,0.12126102613715026,0.8908093024222624,0.6761904761904762,0.7515257192676548,0.7711421098517873,0.6711495946941783,0.5675675675675675,0.9354838709677419
mixup_dd_only,augmentation,44,4,1,105,15,27,0.17071197654765385,1.161358307816443,0.02436313826519136,1.5454002015137425,0.6952380952380952,0.6338273757628596,0.6377506538796861,0.6338273757628596,0.7837837837837838,0.4838709677419355
mixup_dd_only,augmentation,44,4,2,103,10,22,0.4707021054767427,0.5678231840573468,0.03594139716809704,0.8216092149609501,0.8155339805825242,0.7324200913242009,0.7757990867579909,0.7524351676154333,0.9315068493150684,0.5333333333333333
