variant,outer_context,inner_fold,feature_count,sample_count,accuracy,balanced_accuracy,macro_f1,pd_recall,dd_recall,confusion_matrix,dd_support,pd_support,negative_log_likelihood,binary_dd_brier,auroc,dd_pr_auc
single_activity::CrossArms,0,0,448,105,0.6666666666666666,0.5760680034873583,0.5786033711730306,0.7972972972972973,0.3548387096774194,"[[59, 15], [20, 11]]",31,74,1.2941005654918947,0.25714751867672314,0.6229293809938972,0.42209596389294823
single_activity::CrossArms,0,1,448,103,0.6213592233009708,0.5365296803652968,0.536838464199239,0.7397260273972602,0.3333333333333333,"[[54, 19], [20, 10]]",30,73,1.8314077392018546,0.2978988882817815,0.5840182648401826,0.3564898338842935
single_activity::CrossArms,0,2,448,102,0.6568627450980392,0.5940009447331129,0.5907371317207383,0.7397260273972602,0.4482758620689655,"[[54, 19], [16, 13]]",29,73,1.2136775259610817,0.27641417231787474,0.6447803495512517,0.4706940515938342
single_activity::CrossArms,1,0,448,105,0.5714285714285714,0.49912816041848296,0.49867374005305043,0.6756756756756757,0.3225806451612903,"[[50, 24], [21, 10]]",31,74,1.4623617281169166,0.34933656552957504,0.49651264167393205,0.4075761365895536
single_activity::CrossArms,1,1,448,104,0.6538461538461539,0.5981981981981982,0.59375,0.7297297297297297,0.4666666666666667,"[[54, 20], [16, 14]]",30,74,1.322178792760088,0.26219778866257665,0.6587837837837838,0.5122632828420431
single_activity::CrossArms,1,2,448,103,0.5631067961165048,0.4856164383561644,0.4855144855144855,0.6712328767123288,0.3,"[[49, 24], [21, 9]]",30,73,1.7864681297829748,0.3390839861811683,0.5347031963470321,0.3656006714676843
single_activity::CrossArms,2,0,448,105,0.5904761904761905,0.5126416739319966,0.5124716553287982,0.7027027027027027,0.3225806451612903,"[[52, 22], [21, 10]]",31,74,1.9353404160104544,0.33352724078332735,0.5671316477768091,0.34452303378480265
single_activity::CrossArms,2,1,448,104,0.7115384615384616,0.6387387387387388,0.6413793103448276,0.8108108108108109,0.4666666666666667,"[[60, 14], [16, 14]]",30,74,1.0951619012936578,0.24936838954758145,0.6509009009009008,0.5318675537334548
single_activity::CrossArms,2,2,448,103,0.6893203883495146,0.6041095890410959,0.6076190476190476,0.8082191780821918,0.4,"[[59, 14], [18, 12]]",30,73,1.3268673551674577,0.26975073824741186,0.582648401826484,0.4613454206090257
single_activity::CrossArms,3,0,448,105,0.6476190476190476,0.5812990409764603,0.5804988662131519,0.7432432432432432,0.41935483870967744,"[[55, 19], [18, 13]]",31,74,1.1762849657126293,0.2763557619448964,0.6277244986922406,0.46321028177475054
single_activity::CrossArms,3,1,448,105,0.7142857142857143,0.6379686137750654,0.6426950998185118,0.8243243243243243,0.45161290322580644,"[[61, 13], [17, 14]]",31,74,1.5344308087714795,0.2507969335112974,0.6726242371403661,0.4824856874320823
single_activity::CrossArms,3,2,448,103,0.6893203883495146,0.6531963470319635,0.6432900432900432,0.7397260273972602,0.5666666666666667,"[[54, 19], [13, 17]]",30,73,0.9400628958958213,0.24319908624552597,0.7000000000000001,0.5327503970221404
single_activity::CrossArms,4,0,448,105,0.6857142857142857,0.6270706190061028,0.6258503401360545,0.7702702702702703,0.4838709677419355,"[[57, 17], [16, 15]]",31,74,0.9894681697574703,0.24810433660619222,0.7306015693112468,0.5626399027082247
single_activity::CrossArms,4,1,448,105,0.6476190476190476,0.6281604184829992,0.6115388461153884,0.6756756756756757,0.5806451612903226,"[[50, 24], [13, 18]]",31,74,1.3194935130561674,0.29549794366222837,0.6290322580645161,0.483995338823869
single_activity::CrossArms,4,2,448,103,0.6601941747572816,0.59337899543379,0.5924250989259469,0.7534246575342466,0.43333333333333335,"[[55, 18], [17, 13]]",30,73,1.3008538832082925,0.2699936740702273,0.5853881278538814,0.44509137445978014
leave_one_activity_out::CrossArms,0,0,4480,105,0.7428571428571429,0.6769834350479511,0.6817824671680324,0.8378378378378378,0.5161290322580645,"[[62, 12], [15, 16]]",31,74,1.2809847643632233,0.22126172108884146,0.7652571926765475,0.5653127690201903
leave_one_activity_out::CrossArms,0,1,4480,103,0.6699029126213593,0.6002283105022831,0.6002283105022831,0.7671232876712328,0.43333333333333335,"[[56, 17], [17, 13]]",30,73,1.4787524409435029,0.2638488095688942,0.7415525114155251,0.5621473441470756
leave_one_activity_out::CrossArms,0,2,4480,102,0.7549019607843137,0.7144544166273028,0.7076693798005274,0.8082191780821918,0.6206896551724138,"[[59, 14], [11, 18]]",29,73,0.9979517052467838,0.1887712371283242,0.7732640529050544,0.6712115083259725
leave_one_activity_out::CrossArms,1,0,4480,105,0.7047619047619048,0.6780732345248475,0.6654332408263953,0.7432432432432432,0.6129032258064516,"[[55, 19], [12, 19]]",31,74,1.1467062083635324,0.24156856626167972,0.7192676547515258,0.5795176437369639
leave_one_activity_out::CrossArms,1,1,4480,104,0.7403846153846154,0.7382882882882882,0.711319008944176,0.7432432432432432,0.7333333333333333,"[[55, 19], [8, 22]]",30,74,1.5706816457462607,0.22674707508380243,0.7725225225225225,0.5526463825133072
leave_one_activity_out::CrossArms,1,2,4480,103,0.7572815533980582,0.710958904109589,0.7088750706613907,0.821917808219178,0.6,"[[60, 13], [12, 18]]",30,73,1.241910400032473,0.1975602045343897,0.7625570776255709,0.5896552597145954
leave_one_activity_out::CrossArms,2,0,4480,105,0.7333333333333333,0.6795989537925022,0.6795989537925022,0.8108108108108109,0.5483870967741935,"[[60, 14], [14, 17]]",31,74,1.2733634716069278,0.21751026772661688,0.7201394943330427,0.5919271129743882
leave_one_activity_out::CrossArms,2,1,4480,104,0.6730769230769231,0.6117117117117117,0.6093680954485197,0.7567567567567568,0.4666666666666667,"[[56, 18], [16, 14]]",30,74,1.762440666629287,0.2606726412736796,0.6986486486486487,0.49874280474020805
leave_one_activity_out::CrossArms,2,2,4480,103,0.6893203883495146,0.6630136986301369,0.6487638533674339,0.726027397260274,0.6,"[[53, 20], [12, 18]]",30,73,1.2472914366572112,0.2589630285684282,0.6940639269406392,0.515895668132613
leave_one_activity_out::CrossArms,3,0,4480,105,0.7523809523809524,0.7212292938099389,0.7127525252525253,0.7972972972972973,0.6451612903225806,"[[59, 15], [11, 20]]",31,74,1.0451361969589745,0.1981375851201918,0.8007846556233653,0.6361783093733037
leave_one_activity_out::CrossArms,3,1,4480,105,0.7523809523809524,0.7212292938099389,0.7127525252525253,0.7972972972972973,0.6451612903225806,"[[59, 15], [11, 20]]",31,74,1.9670927329168004,0.23022273447999433,0.7445510026155188,0.517563705695441
leave_one_activity_out::CrossArms,3,2,4480,103,0.7864077669902912,0.721689497716895,0.7302380952380952,0.8767123287671232,0.5666666666666667,"[[64, 9], [13, 17]]",30,73,1.229667851991357,0.1712405982715167,0.7851598173515981,0.5792713527907507
leave_one_activity_out::CrossArms,4,0,4480,105,0.7142857142857143,0.6848299912816043,0.673777961888981,0.7567567567567568,0.6129032258064516,"[[56, 18], [12, 19]]",31,74,0.8902987612880185,0.22190886623526984,0.7720139494333043,0.6236324825266601
leave_one_activity_out::CrossArms,4,1,4480,105,0.7333333333333333,0.6608544027898866,0.6665154264972777,0.8378378378378378,0.4838709677419355,"[[62, 12], [16, 15]]",31,74,2.3135701653482754,0.2506842341513911,0.6403661726242371,0.451179678984138
leave_one_activity_out::CrossArms,4,2,4480,103,0.7378640776699029,0.7070776255707762,0.6965630114566285,0.7808219178082192,0.6333333333333333,"[[57, 16], [11, 19]]",30,73,0.8956273191110932,0.21410775234076398,0.8022831050228312,0.6705733689002741
single_activity::DrinkGlas,0,0,448,105,0.6095238095238096,0.49803836094158677,0.4950146627565982,0.7702702702702703,0.22580645161290322,"[[57, 17], [24, 7]]",31,74,1.6310879508204756,0.3123240543703247,0.5928509154315605,0.3491554271880881
single_activity::DrinkGlas,0,1,448,103,0.7184466019417476,0.6639269406392694,0.6622950819672131,0.7945205479452054,0.5333333333333333,"[[58, 15], [14, 16]]",30,73,1.2092581067851467,0.22535165625490863,0.6988584474885845,0.511917650101444
single_activity::DrinkGlas,0,2,448,102,0.7156862745098039,0.6558809636277751,0.6542372881355932,0.7945205479452054,0.5172413793103449,"[[58, 15], [14, 15]]",29,73,0.8227296336940519,0.21581394512156934,0.7312234293811998,0.5733697473807714
single_activity::DrinkGlas,1,0,448,105,0.6476190476190476,0.5812990409764603,0.5804988662131519,0.7432432432432432,0.41935483870967744,"[[55, 19], [18, 13]]",31,74,1.201252890925745,0.2872222088211837,0.6394943330427202,0.4150802980936016
single_activity::DrinkGlas,1,1,448,104,0.7980769230769231,0.7490990990990991,0.7515640996473666,0.8648648648648649,0.6333333333333333,"[[64, 10], [11, 19]]",30,74,1.0024660146824167,0.17367870284775597,0.7513513513513513,0.6383149118571139
single_activity::DrinkGlas,1,2,448,103,0.6601941747572816,0.6228310502283105,0.6129066895737142,0.7123287671232876,0.5333333333333333,"[[52, 21], [14, 16]]",30,73,1.1129563795048754,0.2441097475007149,0.691324200913242,0.5437900405735632
single_activity::DrinkGlas,2,0,448,105,0.6476190476190476,0.6000435919790759,0.594509967644296,0.7162162162162162,0.4838709677419355,"[[53, 21], [16, 15]]",31,74,1.1372696373081574,0.2862201109535298,0.6464690496948561,0.4245770223649722
single_activity::DrinkGlas,2,1,448,104,0.625,0.5680180180180181,0.5636363636363637,0.7027027027027027,0.43333333333333335,"[[52, 22], [17, 13]]",30,74,1.896808366637294,0.288513466248505,0.6117117117117118,0.4292928959029694
single_activity::DrinkGlas,2,2,448,103,0.5728155339805825,0.5219178082191781,0.5170502983802217,0.6438356164383562,0.4,"[[47, 26], [18, 12]]",30,73,1.352886307726835,0.3197744972145665,0.5917808219178082,0.4095741952315677
single_activity::DrinkGlas,3,0,448,105,0.6,0.5475152571926766,0.5432891466445733,0.6756756756756757,0.41935483870967744,"[[50, 24], [18, 13]]",31,74,1.2373646156513916,0.3175148455961631,0.5666957279860505,0.4630076987327323
single_activity::DrinkGlas,3,1,448,105,0.6095238095238096,0.5448997384481256,0.5432360742705571,0.7027027027027027,0.3870967741935484,"[[52, 22], [19, 12]]",31,74,1.9794347736439168,0.34649199193366526,0.513949433304272,0.3349979487184262
single_activity::DrinkGlas,3,2,448,103,0.6310679611650486,0.5139269406392694,0.5112387612387612,0.7945205479452054,0.23333333333333334,"[[58, 15], [23, 7]]",30,73,1.7490593277884987,0.2935203718886876,0.593607305936073,0.37807054702489573
single_activity::DrinkGlas,4,0,448,105,0.6857142857142857,0.6270706190061028,0.6258503401360545,0.7702702702702703,0.4838709677419355,"[[57, 17], [16, 15]]",31,74,1.1792322021646677,0.25587448467404844,0.6782911944202266,0.46299108232395925
single_activity::DrinkGlas,4,1,448,105,0.6190476190476191,0.5797733217088056,0.5714285714285714,0.6756756756756757,0.4838709677419355,"[[50, 24], [16, 15]]",31,74,2.2979230421969494,0.3225738045775198,0.570619006102877,0.39272096158072045
single_activity::DrinkGlas,4,2,448,103,0.5922330097087378,0.5356164383561643,0.5318181818181817,0.6712328767123288,0.4,"[[49, 24], [18, 12]]",30,73,1.2749949776687666,0.31812376358876787,0.5853881278538813,0.36858202460135364
leave_one_activity_out::DrinkGlas,0,0,4480,105,0.7238095238095238,0.6540976460331299,0.6582107980693681,0.8243243243243243,0.4838709677419355,"[[61, 13], [16, 15]]",31,74,1.4289721074414348,0.24273108249343445,0.7414995640802093,0.5455875439999213
leave_one_activity_out::DrinkGlas,0,1,4480,103,0.6796116504854369,0.6267123287671232,0.6227106227106227,0.7534246575342466,0.5,"[[55, 18], [15, 15]]",30,73,1.5579026570595342,0.27328115603256425,0.6958904109589041,0.5584394568306498
leave_one_activity_out::DrinkGlas,0,2,4480,102,0.803921568627451,0.7590930562116203,0.7590930562116203,0.863013698630137,0.6551724137931034,"[[63, 10], [10, 19]]",29,73,1.0209847186779386,0.17312894276538043,0.7690127538970242,0.6612666671321901
leave_one_activity_out::DrinkGlas,1,0,4480,105,0.7714285714285715,0.7441150828247602,0.7348484848484849,0.8108108108108109,0.6774193548387096,"[[60, 14], [10, 21]]",31,74,1.0345892342745195,0.22202448400585667,0.7319093286835223,0.6137607860422976
leave_one_activity_out::DrinkGlas,1,1,4480,104,0.7211538461538461,0.695045045045045,0.6807452101196148,0.7567567567567568,0.6333333333333333,"[[56, 18], [11, 19]]",30,74,1.6885844400467096,0.23361980974562674,0.7815315315315315,0.5596573694020426
leave_one_activity_out::DrinkGlas,1,2,4480,103,0.7572815533980582,0.7011415525114155,0.7031015796148968,0.8356164383561644,0.5666666666666667,"[[61, 12], [13, 17]]",30,73,1.4408588287017872,0.20159385367881227,0.7337899543378995,0.594741189136684
leave_one_activity_out::DrinkGlas,2,0,4480,105,0.6857142857142857,0.6458151700087184,0.6383467278989667,0.7432432432432432,0.5483870967741935,"[[55, 19], [14, 17]]",31,74,1.6315171321033526,0.24873460866353544,0.6887532693984306,0.5433765958409005
leave_one_activity_out::DrinkGlas,2,1,4480,104,0.7019230769230769,0.6418918918918919,0.640459462473514,0.7837837837837838,0.5,"[[58, 16], [15, 15]]",30,74,1.7682654476160178,0.24949281341095053,0.7297297297297297,0.541218697087002
leave_one_activity_out::DrinkGlas,2,2,4480,103,0.7378640776699029,0.7070776255707762,0.6965630114566285,0.7808219178082192,0.6333333333333333,"[[57, 16], [11, 19]]",30,73,1.3159506750650665,0.25353939678785475,0.691324200913242,0.5491549734327411
leave_one_activity_out::DrinkGlas,3,0,4480,105,0.780952380952381,0.7321272885789014,0.7342942017823744,0.8513513513513513,0.6129032258064516,"[[63, 11], [12, 19]]",31,74,1.1030510958759556,0.17424530015795622,0.8182214472537054,0.6886163385691927
leave_one_activity_out::DrinkGlas,3,1,4480,105,0.7523809523809524,0.7212292938099389,0.7127525252525253,0.7972972972972973,0.6451612903225806,"[[59, 15], [11, 20]]",31,74,1.8315964935439275,0.23038710133658194,0.7630775937227551,0.5522541046073093
leave_one_activity_out::DrinkGlas,3,2,4480,103,0.7766990291262136,0.7344748858447488,0.7321650650084794,0.8356164383561644,0.6333333333333333,"[[61, 12], [11, 19]]",30,73,1.136933616508188,0.1832516978193557,0.802283105022831,0.5726051866242601
leave_one_activity_out::DrinkGlas,4,0,4480,105,0.7714285714285715,0.753487358326068,0.7390223695111848,0.7972972972972973,0.7096774193548387,"[[59, 15], [9, 22]]",31,74,0.8452798222071416,0.1919730569077369,0.8108108108108109,0.6643728589702769
leave_one_activity_out::DrinkGlas,4,1,4480,105,0.7428571428571429,0.6863557105492589,0.6880844977445264,0.8243243243243243,0.5483870967741935,"[[61, 13], [14, 17]]",31,74,2.3950837416109922,0.23980778280291615,0.6578029642545771,0.4702278608784932
leave_one_activity_out::DrinkGlas,4,2,4480,103,0.7475728155339806,0.7335616438356164,0.7146206308610401,0.7671232876712328,0.7,"[[56, 17], [9, 21]]",30,73,0.8194821156234469,0.20140928628489344,0.8296803652968037,0.7259291389588528
single_activity::Entrainment,0,0,448,105,0.638095238095238,0.5651700087183957,0.5651700087183957,0.7432432432432432,0.3870967741935484,"[[55, 19], [19, 12]]",31,74,1.487067677935807,0.2943610935255672,0.6041848299912816,0.36260724034259967
single_activity::Entrainment,0,1,448,103,0.6213592233009708,0.5561643835616439,0.5541125541125541,0.7123287671232876,0.4,"[[52, 21], [18, 12]]",30,73,1.554097341375506,0.28969371613116757,0.5917808219178082,0.39862300364428177
single_activity::Entrainment,0,2,448,102,0.6372549019607843,0.5491261218705716,0.5495882563551737,0.7534246575342466,0.3448275862068966,"[[55, 18], [19, 10]]",29,73,1.13068507986688,0.2888528635453216,0.6003778932451582,0.37656033404122
single_activity::Entrainment,1,0,448,105,0.6857142857142857,0.6176983435047951,0.6187699416877545,0.7837837837837838,0.45161290322580644,"[[58, 16], [17, 14]]",31,74,1.087114743839573,0.2425031359277277,0.6630340017436792,0.49356088499043715
single_activity::Entrainment,1,1,448,104,0.6442307692307693,0.5716216216216217,0.5708709713393554,0.7432432432432432,0.4,"[[55, 19], [18, 12]]",30,74,1.0267566049186407,0.26135417929128796,0.6387387387387388,0.4374875329221339
single_activity::Entrainment,1,2,448,103,0.5631067961165048,0.5248858447488585,0.5164319248826291,0.6164383561643836,0.43333333333333335,"[[45, 28], [17, 13]]",30,73,1.6259155192003423,0.3219725434801444,0.5908675799086758,0.3328534301892616
single_activity::Entrainment,2,0,448,105,0.6571428571428571,0.5693112467306016,0.5712341197822142,0.7837837837837838,0.3548387096774194,"[[58, 16], [20, 11]]",31,74,1.3082298050229961,0.2597934246351908,0.581081081081081,0.42059731607222606
single_activity::Entrainment,2,1,448,104,0.6346153846153846,0.554954954954955,0.554954954954955,0.7432432432432432,0.36666666666666664,"[[55, 19], [19, 11]]",30,74,1.6048957351578843,0.3202432691478298,0.5711711711711711,0.3606672586554751
single_activity::Entrainment,2,2,448,103,0.6116504854368932,0.5198630136986301,0.5200372786579683,0.7397260273972602,0.3,"[[54, 19], [21, 9]]",30,73,1.050925243186062,0.28126926156739185,0.6123287671232878,0.44480491314849147
single_activity::Entrainment,3,0,448,105,0.580952380952381,0.49651264167393205,0.49651264167393205,0.7027027027027027,0.2903225806451613,"[[52, 22], [22, 9]]",31,74,2.040557828840609,0.34341244672675075,0.5056669572798606,0.3247441767322089
single_activity::Entrainment,3,1,448,105,0.6857142857142857,0.6176983435047951,0.6187699416877545,0.7837837837837838,0.45161290322580644,"[[58, 16], [17, 14]]",31,74,0.9870133930599628,0.2423862007520876,0.6530078465562336,0.4580663102917621
single_activity::Entrainment,3,2,448,103,0.6504854368932039,0.5374429223744293,0.5369630369630369,0.8082191780821918,0.26666666666666666,"[[59, 14], [22, 8]]",30,73,1.3325820165581714,0.28250555944491557,0.554337899543379,0.34226795480804634
single_activity::Entrainment,4,0,448,105,0.638095238095238,0.5745422842197035,0.5729880136986301,0.7297297297297297,0.41935483870967744,"[[54, 20], [18, 13]]",31,74,1.3409627490663147,0.30952406198889454,0.565387968613775,0.374426190116943
single_activity::Entrainment,4,1,448,105,0.6095238095238096,0.5167829119442022,0.5167807834773824,0.7432432432432432,0.2903225806451613,"[[55, 19], [22, 9]]",31,74,1.5917632703042854,0.30637101579133924,0.5187445510026155,0.34473654047293933
single_activity::Entrainment,4,2,448,103,0.6213592233009708,0.5659817351598173,0.5617021276595745,0.6986301369863014,0.43333333333333335,"[[51, 22], [17, 13]]",30,73,1.3728395303605496,0.30511414777504203,0.6328767123287671,0.39223177843506263
leave_one_activity_out::Entrainment,0,0,4480,105,0.7238095238095238,0.6540976460331299,0.6582107980693681,0.8243243243243243,0.4838709677419355,"[[61, 13], [16, 15]]",31,74,1.5069755283594315,0.24047997415560463,0.7271142109851787,0.5260519148749969
leave_one_activity_out::Entrainment,0,1,4480,103,0.7184466019417476,0.6639269406392694,0.6622950819672131,0.7945205479452054,0.5333333333333333,"[[58, 15], [14, 16]]",30,73,1.4727105456041614,0.2442130334900244,0.7205479452054795,0.5719285684259791
leave_one_activity_out::Entrainment,0,2,4480,102,0.7450980392156863,0.6972130373169579,0.6930555555555555,0.8082191780821918,0.5862068965517241,"[[59, 14], [12, 17]]",29,73,1.0774482932133602,0.2039192870755262,0.7633443552196505,0.6284428186627713
leave_one_activity_out::Entrainment,1,0,4480,105,0.7333333333333333,0.6983435047951176,0.6906565656565657,0.7837837837837838,0.6129032258064516,"[[58, 16], [12, 19]]",31,74,1.1824889005088972,0.22981656846833498,0.7157802964254577,0.5743401012313053
leave_one_activity_out::Entrainment,1,1,4480,104,0.7019230769230769,0.6617117117117117,0.6531468531468532,0.7567567567567568,0.5666666666666667,"[[56, 18], [13, 17]]",30,74,1.5966784706350294,0.22961208418459622,0.8135135135135135,0.5718422742068652
leave_one_activity_out::Entrainment,1,2,4480,103,0.7475728155339806,0.7041095890410959,0.7000448028673836,0.8082191780821918,0.6,"[[59, 14], [12, 18]]",30,73,1.1764323927555256,0.20020635277288834,0.7415525114155251,0.6118725399337798
leave_one_activity_out::Entrainment,2,0,4480,105,0.7428571428571429,0.6957279860505667,0.6938775510204082,0.8108108108108109,0.5806451612903226,"[[60, 14], [13, 18]]",31,74,1.5394541918511015,0.23025464534185744,0.6922406277244987,0.5406650207440375
leave_one_activity_out::Entrainment,2,1,4480,104,0.6923076923076923,0.6252252252252253,0.6252252252252253,0.7837837837837838,0.4666666666666667,"[[58, 16], [16, 14]]",30,74,1.9858643876052255,0.26681318458501985,0.6788288288288289,0.489082392056576
leave_one_activity_out::Entrainment,2,2,4480,103,0.6893203883495146,0.6335616438356164,0.6308243727598566,0.7671232876712328,0.5,"[[56, 17], [15, 15]]",30,73,1.262846294563077,0.25517316932096246,0.6990867579908676,0.5508364204775839
leave_one_activity_out::Entrainment,3,0,4480,105,0.7047619047619048,0.6780732345248475,0.6654332408263953,0.7432432432432432,0.6129032258064516,"[[55, 19], [12, 19]]",31,74,1.1730169012948848,0.21883005980958517,0.7855274629468177,0.6320717693944514
leave_one_activity_out::Entrainment,3,1,4480,105,0.7238095238095238,0.691586748038361,0.6821834881536374,0.7702702702702703,0.6129032258064516,"[[57, 17], [12, 19]]",31,74,2.0290321155079094,0.2538166777729982,0.726460331299041,0.4995070660086212
leave_one_activity_out::Entrainment,3,2,4480,103,0.8058252427184466,0.7353881278538812,0.7490253411306043,0.9041095890410958,0.5666666666666667,"[[66, 7], [13, 17]]",30,73,1.3250126721327369,0.1850794233361329,0.7817351598173516,0.5562439331282721
leave_one_activity_out::Entrainment,4,0,4480,105,0.819047619047619,0.7966434176111595,0.7883289124668436,0.8513513513513513,0.7419354838709677,"[[63, 11], [8, 23]]",31,74,0.8082537896912723,0.1683224377388633,0.8312990409764602,0.7078017230697609
leave_one_activity_out::Entrainment,4,1,4480,105,0.7047619047619048,0.6499564080209241,0.6485260770975056,0.7837837837837838,0.5161290322580645,"[[58, 16], [15, 16]]",31,74,2.248195162862664,0.26246486870144925,0.6839581517000872,0.4688670666482645
leave_one_activity_out::Entrainment,4,2,4480,103,0.7378640776699029,0.7267123287671233,0.7058076801015551,0.7534246575342466,0.7,"[[55, 18], [9, 21]]",30,73,0.7973824645409504,0.20749783790740792,0.8232876712328767,0.7171006683944883
single_activity::HoldWeight,0,0,448,105,0.6190476190476191,0.5891455972101134,0.5772946859903382,0.6621621621621622,0.5161290322580645,"[[49, 25], [15, 16]]",31,74,1.4384280923506967,0.30178342212944875,0.6107236268526591,0.46981116258419153
single_activity::HoldWeight,0,1,448,103,0.6504854368932039,0.5963470319634703,0.5919894366197183,0.726027397260274,0.4666666666666667,"[[53, 20], [16, 14]]",30,73,1.1229718784489844,0.2711797971957477,0.6575342465753425,0.5074836958190171
single_activity::HoldWeight,0,2,448,102,0.6568627450980392,0.5732168162494096,0.5739348370927317,0.7671232876712328,0.3793103448275862,"[[56, 17], [18, 11]]",29,73,1.5484615491220723,0.2684901767332755,0.5994331601322627,0.4418174916047417
single_activity::HoldWeight,1,0,448,105,0.6,0.5006538796861377,0.49977313974591653,0.7432432432432432,0.25806451612903225,"[[55, 19], [23, 8]]",31,74,1.376063744190262,0.322971326143426,0.5061028770706191,0.3748946314075714
single_activity::HoldWeight,1,1,448,104,0.6442307692307693,0.5716216216216217,0.5708709713393554,0.7432432432432432,0.4,"[[55, 19], [18, 12]]",30,74,1.0696744006437326,0.24036886941893254,0.6545045045045045,0.5636784414279747
single_activity::HoldWeight,1,2,448,103,0.6019417475728155,0.49337899543378994,0.4915111378687537,0.7534246575342466,0.23333333333333334,"[[55, 18], [23, 7]]",30,73,1.7423793654646669,0.32420787735354945,0.5187214611872146,0.338406818732457
single_activity::HoldWeight,2,0,448,105,0.638095238095238,0.5932868352223191,0.5867854183927093,0.7027027027027027,0.4838709677419355,"[[52, 22], [16, 15]]",31,74,1.2090927782700827,0.287001355247189,0.6320836965998257,0.4847929900715965
single_activity::HoldWeight,2,1,448,104,0.6346153846153846,0.554954954954955,0.554954954954955,0.7432432432432432,0.36666666666666664,"[[55, 19], [19, 11]]",30,74,1.305311190688656,0.2900317226133294,0.6522522522522524,0.4891411810165286
single_activity::HoldWeight,2,2,448,103,0.6116504854368932,0.5493150684931507,0.5466549295774648,0.6986301369863014,0.4,"[[51, 22], [18, 12]]",30,73,1.5153237675432796,0.2996444420856087,0.5616438356164384,0.3971042681694354
single_activity::HoldWeight,3,0,448,105,0.638095238095238,0.6026591107236268,0.5928571428571429,0.6891891891891891,0.5161290322580645,"[[51, 23], [15, 16]]",31,74,1.318148246242317,0.27352756172555687,0.6281604184829991,0.503017159152602
single_activity::HoldWeight,3,1,448,105,0.6190476190476191,0.5516564952048824,0.550513698630137,0.7162162162162162,0.3870967741935484,"[[53, 21], [19, 12]]",31,74,1.5472653186278231,0.30952261892650823,0.5819529206625981,0.42671811172033125
single_activity::HoldWeight,3,2,448,103,0.7281553398058253,0.660958904109589,0.6640260950605779,0.821917808219178,0.5,"[[60, 13], [15, 15]]",30,73,0.9654932266024228,0.22928093586879372,0.6547945205479452,0.5475450478552257
single_activity::HoldWeight,4,0,448,105,0.7714285714285715,0.6972537053182215,0.7077922077922078,0.8783783783783784,0.5161290322580645,"[[65, 9], [15, 16]]",31,74,0.8113222470449057,0.18012576314771056,0.7894507410636443,0.6223044581703921
single_activity::HoldWeight,4,1,448,105,0.6285714285714286,0.5490409764603312,0.5494553856309825,0.7432432432432432,0.3548387096774194,"[[55, 19], [20, 11]]",31,74,2.482358613784053,0.2964780270860616,0.6281604184829992,0.39255847104791686
single_activity::HoldWeight,4,2,448,103,0.7378640776699029,0.6874429223744292,0.6855850763143019,0.8082191780821918,0.5666666666666667,"[[59, 14], [13, 17]]",30,73,0.9024095863996848,0.21878426199961254,0.6863013698630137,0.5627876105302271
leave_one_activity_out::HoldWeight,0,0,4480,105,0.6857142857142857,0.6176983435047951,0.6187699416877545,0.7837837837837838,0.45161290322580644,"[[58, 16], [17, 14]]",31,74,1.4655155260424706,0.2699382928816209,0.7127288578901482,0.4771781968586826
leave_one_activity_out::HoldWeight,0,1,4480,103,0.7087378640776699,0.6767123287671233,0.6655844155844155,0.7534246575342466,0.6,"[[55, 18], [12, 18]]",30,73,1.6756502731407477,0.2528428991159593,0.7360730593607305,0.5296555950920828
leave_one_activity_out::HoldWeight,0,2,4480,102,0.7254901960784313,0.6835144071799717,0.6756019990913221,0.7808219178082192,0.5862068965517241,"[[57, 16], [12, 17]]",29,73,1.3842007010938908,0.22705371897878573,0.7345299952763344,0.5898014149591508
leave_one_activity_out::HoldWeight,1,0,4480,105,0.7047619047619048,0.6687009590235398,0.660265108026302,0.7567567567567568,0.5806451612903226,"[[56, 18], [13, 18]]",31,74,1.2508913577388463,0.24870855877286951,0.6909328683522231,0.5392176613259363
leave_one_activity_out::HoldWeight,1,1,4480,104,0.7115384615384616,0.6783783783783783,0.6670934699103712,0.7567567567567568,0.6,"[[56, 18], [12, 18]]",30,74,1.7609717876055697,0.23237074256046034,0.7671171171171172,0.5481992394301959
leave_one_activity_out::HoldWeight,1,2,4480,103,0.7475728155339806,0.7041095890410959,0.7000448028673836,0.8082191780821918,0.6,"[[59, 14], [12, 18]]",30,73,1.4196582468705348,0.21541901228774507,0.7456621004566212,0.5801438981039555
leave_one_activity_out::HoldWeight,2,0,4480,105,0.7238095238095238,0.6822144725370531,0.676923076923077,0.7837837837837838,0.5806451612903226,"[[58, 16], [13, 18]]",31,74,1.4568723306778577,0.2489821728213244,0.6939843068875328,0.5397923680890437
leave_one_activity_out::HoldWeight,2,1,4480,104,0.6730769230769231,0.6018018018018019,0.6018018018018019,0.7702702702702703,0.43333333333333335,"[[57, 17], [17, 13]]",30,74,1.908787705231894,0.27853961948829664,0.6869369369369369,0.4867373849745674
leave_one_activity_out::HoldWeight,2,2,4480,103,0.6990291262135923,0.6600456621004567,0.6516093835242771,0.7534246575342466,0.5666666666666667,"[[55, 18], [13, 17]]",30,73,1.4292388519808696,0.264042827945459,0.6863013698630137,0.4935880371093471
leave_one_activity_out::HoldWeight,3,0,4480,105,0.6952380952380952,0.6525719267654752,0.6464646464646464,0.7567567567567568,0.5483870967741935,"[[56, 18], [14, 17]]",31,74,1.328314714801792,0.22911191635324954,0.7728857890148213,0.569757067058874
leave_one_activity_out::HoldWeight,3,1,4480,105,0.7047619047619048,0.6874455100261552,0.670179349478164,0.7297297297297297,0.6451612903225806,"[[54, 20], [11, 20]]",31,74,2.0597968422861768,0.25052544775425095,0.7249346120313863,0.47579785924655493
leave_one_activity_out::HoldWeight,3,2,4480,103,0.7572815533980582,0.710958904109589,0.7088750706613907,0.821917808219178,0.6,"[[60, 13], [12, 18]]",30,73,1.4994346735978612,0.20874598109271864,0.7534246575342465,0.5334410968080603
leave_one_activity_out::HoldWeight,4,0,4480,105,0.7142857142857143,0.694202266782912,0.6785714285714286,0.7432432432432432,0.6451612903225806,"[[55, 19], [11, 20]]",31,74,0.956891623492138,0.209733265767103,0.7942458587619877,0.6593511625108577
leave_one_activity_out::HoldWeight,4,1,4480,105,0.6857142857142857,0.6458151700087184,0.6383467278989667,0.7432432432432432,0.5483870967741935,"[[55, 19], [14, 17]]",31,74,2.524452894533115,0.27666712847755137,0.6477768090671316,0.439961658159802
leave_one_activity_out::HoldWeight,4,2,4480,103,0.7281553398058253,0.6904109589041096,0.6826584507042254,0.7808219178082192,0.6,"[[57, 16], [12, 18]]",30,73,0.9887223736289413,0.23309279178548353,0.7707762557077625,0.6547311834032036
single_activity::LiftHold,0,0,448,105,0.6476190476190476,0.5625544899738448,0.563924121674711,0.7702702702702703,0.3548387096774194,"[[57, 17], [20, 11]]",31,74,1.8058144561058411,0.2896951463016616,0.5666957279860506,0.3528927596965187
single_activity::LiftHold,0,1,448,103,0.7378640776699029,0.6678082191780822,0.6725538678912045,0.8356164383561644,0.5,"[[61, 12], [15, 15]]",30,73,1.3513181649946526,0.22531856073854728,0.7328767123287672,0.5081989976444982
single_activity::LiftHold,0,2,448,102,0.7058823529411765,0.6594237128011337,0.6524307133121308,0.7671232876712328,0.5517241379310345,"[[56, 17], [13, 16]]",29,73,1.0630097298552776,0.23323940556057438,0.737836561171469,0.5136117012161683
single_activity::LiftHold,1,0,448,105,0.7047619047619048,0.6499564080209241,0.6485260770975056,0.7837837837837838,0.5161290322580645,"[[58, 16], [15, 16]]",31,74,0.9815285879139861,0.23924889094469673,0.7040104620749782,0.547019767385017
single_activity::LiftHold,1,1,448,104,0.7307692307692307,0.6522522522522523,0.6578947368421053,0.8378378378378378,0.4666666666666667,"[[62, 12], [16, 14]]",30,74,1.6381809830938392,0.22821350987192707,0.6563063063063064,0.49744164780510847
single_activity::LiftHold,1,2,448,103,0.6893203883495146,0.623744292237443,0.623744292237443,0.7808219178082192,0.4666666666666667,"[[57, 16], [16, 14]]",30,73,1.1260182839816133,0.21440452449498137,0.7301369863013699,0.5198790725862085
single_activity::LiftHold,2,0,448,105,0.7047619047619048,0.6030950305143854,0.6088210551616393,0.8513513513513513,0.3548387096774194,"[[63, 11], [20, 11]]",31,74,1.3340303661106059,0.2596303728641337,0.6011333914559722,0.44016309361835015
single_activity::LiftHold,2,1,448,104,0.7211538461538461,0.6851351351351351,0.6755244755244756,0.7702702702702703,0.6,"[[57, 17], [12, 18]]",30,74,1.609649729230507,0.23352822109545604,0.7038288288288289,0.5240712857555058
single_activity::LiftHold,2,2,448,103,0.6893203883495146,0.6335616438356164,0.6308243727598566,0.7671232876712328,0.5,"[[56, 17], [15, 15]]",30,73,1.2594168451169414,0.25329338693625836,0.6497716894977169,0.4365820345429755
single_activity::LiftHold,3,0,448,105,0.7142857142857143,0.6379686137750654,0.6426950998185118,0.8243243243243243,0.45161290322580644,"[[61, 13], [17, 14]]",31,74,1.0830660856518102,0.2484748299841504,0.6591107236268526,0.5178626159762404
single_activity::LiftHold,3,1,448,105,0.6571428571428571,0.5786835222319093,0.5800000000000001,0.7702702702702703,0.3870967741935484,"[[57, 17], [19, 12]]",31,74,1.5447724084858432,0.27326118280304673,0.6578029642545772,0.4028016406523748
single_activity::LiftHold,3,2,448,103,0.6796116504854369,0.5972602739726027,0.5997880607559166,0.7945205479452054,0.4,"[[58, 15], [18, 12]]",30,73,1.4363158148168453,0.28095662333983035,0.5945205479452055,0.37210003327413255
single_activity::LiftHold,4,0,448,105,0.6761904761904762,0.6296861377506539,0.6243686868686869,0.7432432432432432,0.5161290322580645,"[[55, 19], [15, 16]]",31,74,1.1547355643013666,0.25545429706574546,0.6782911944202267,0.5479227049365538
single_activity::LiftHold,4,1,448,105,0.6666666666666666,0.5948125544899738,0.5956650896688305,0.7702702702702703,0.41935483870967744,"[[57, 17], [18, 13]]",31,74,2.4505585059484356,0.2962707018740642,0.588055797733217,0.3506417691237419
single_activity::LiftHold,4,2,448,103,0.6699029126213593,0.5904109589041096,0.5920316868592731,0.7808219178082192,0.4,"[[57, 16], [18, 12]]",30,73,0.9046568215498001,0.24491918958559622,0.7000000000000001,0.5211015541760754
leave_one_activity_out::LiftHold,0,0,4480,105,0.7238095238095238,0.6540976460331299,0.6582107980693681,0.8243243243243243,0.4838709677419355,"[[61, 13], [16, 15]]",31,74,1.3534341832402825,0.23935202422812707,0.7515257192676548,0.549519742833909
leave_one_activity_out::LiftHold,0,1,4480,103,0.6601941747572816,0.6031963470319635,0.5998445998445998,0.7397260273972602,0.4666666666666667,"[[54, 19], [16, 14]]",30,73,1.3811029733605604,0.26872562802707256,0.719634703196347,0.5673223782590291
leave_one_activity_out::LiftHold,0,2,4480,102,0.7450980392156863,0.7076051015588096,0.6987732848705135,0.7945205479452054,0.6206896551724138,"[[58, 15], [11, 18]]",29,73,1.039220092148557,0.19914625139413866,0.7515351913084554,0.6603099845624926
leave_one_activity_out::LiftHold,1,0,4480,105,0.7333333333333333,0.7077157802964255,0.6955260977630489,0.7702702702702703,0.6451612903225806,"[[57, 17], [11, 20]]",31,74,1.1483215107122409,0.23776143558141483,0.7279860505666957,0.580779580947292
leave_one_activity_out::LiftHold,1,1,4480,104,0.75,0.7252252252252251,0.7114810072556552,0.7837837837837838,0.6666666666666666,"[[58, 16], [10, 20]]",30,74,1.5317009921944988,0.2122853574239231,0.7981981981981981,0.5755634641707299
leave_one_activity_out::LiftHold,1,2,4480,103,0.7669902912621359,0.7178082191780821,0.7178082191780821,0.8356164383561644,0.6,"[[61, 12], [12, 18]]",30,73,1.1281701243394218,0.1970808842463693,0.7584474885844749,0.6198251282826736
leave_one_activity_out::LiftHold,2,0,4480,105,0.6952380952380952,0.6431996512641673,0.6404109589041096,0.7702702702702703,0.5161290322580645,"[[57, 17], [15, 16]]",31,74,1.582551163403197,0.2590543240158317,0.6634699215344376,0.5326269863245996
leave_one_activity_out::LiftHold,2,1,4480,104,0.6442307692307693,0.5716216216216217,0.5708709713393554,0.7432432432432432,0.4,"[[55, 19], [18, 12]]",30,74,2.0489462365240763,0.2965485544075756,0.6522522522522523,0.46964649670436076
leave_one_activity_out::LiftHold,2,2,4480,103,0.6699029126213593,0.6493150684931507,0.6321428571428571,0.6986301369863014,0.6,"[[51, 22], [12, 18]]",30,73,1.2125922660282806,0.2648897024806815,0.6968036529680366,0.5461275296494814
leave_one_activity_out::LiftHold,3,0,4480,105,0.7523809523809524,0.7306015693112466,0.7172742336371168,0.7837837837837838,0.6774193548387096,"[[58, 16], [10, 21]]",31,74,1.104388201995887,0.20761526958841672,0.7999128160418483,0.6554658262812496
leave_one_activity_out::LiftHold,3,1,4480,105,0.7047619047619048,0.6780732345248475,0.6654332408263953,0.7432432432432432,0.6129032258064516,"[[55, 19], [12, 19]]",31,74,1.7546047827121594,0.24514952471013518,0.7469485614646906,0.5366315157922292
leave_one_activity_out::LiftHold,3,2,4480,103,0.7669902912621359,0.6981735159817352,0.7057142857142857,0.863013698630137,0.5333333333333333,"[[63, 10], [14, 16]]",30,73,1.3187961227830631,0.20402359350481622,0.7801369863013699,0.5520686748799094
leave_one_activity_out::LiftHold,4,0,4480,105,0.7428571428571429,0.72384481255449,0.7086031452358927,0.7702702702702703,0.6774193548387096,"[[57, 17], [10, 21]]",31,74,0.8657555461953125,0.19989578415040812,0.8034001743679162,0.6387930996862068
leave_one_activity_out::LiftHold,4,1,4480,105,0.6952380952380952,0.6338273757628596,0.6338273757628596,0.7837837837837838,0.4838709677419355,"[[58, 16], [16, 15]]",31,74,2.3815929012316706,0.26974426206070784,0.6554054054054054,0.4645275637961872
leave_one_activity_out::LiftHold,4,2,4480,103,0.7475728155339806,0.7139269406392694,0.7053257042253521,0.7945205479452054,0.6333333333333333,"[[58, 15], [11, 19]]",30,73,0.824682210931353,0.20091258998370387,0.8127853881278538,0.7011606939016595
single_activity::PointFinger,0,0,448,105,0.6761904761904762,0.6109415867480383,0.6109415867480383,0.7702702702702703,0.45161290322580644,"[[57, 17], [17, 14]]",31,74,1.1255966449540997,0.26618905553215394,0.6769834350479512,0.49367219086243586
single_activity::PointFinger,0,1,448,103,0.6699029126213593,0.580593607305936,0.5830952380952381,0.7945205479452054,0.36666666666666664,"[[58, 15], [19, 11]]",30,73,1.0943586482688967,0.2785871040672101,0.6324200913242009,0.49898720268958324
single_activity::PointFinger,0,2,448,102,0.6862745098039216,0.6145488899385924,0.6145488899385924,0.7808219178082192,0.4482758620689655,"[[57, 16], [16, 13]]",29,73,1.114554145957793,0.2446983783241921,0.6461974492205953,0.4694170560681756
single_activity::PointFinger,1,0,448,105,0.5904761904761905,0.568875326939843,0.554074074074074,0.6216216216216216,0.5161290322580645,"[[46, 28], [15, 16]]",31,74,1.4662386575051585,0.34892523380985985,0.5911072362685266,0.45129563341284906
single_activity::PointFinger,1,1,448,104,0.5961538461538461,0.5180180180180181,0.517454706142289,0.7027027027027027,0.3333333333333333,"[[52, 22], [20, 10]]",30,74,1.2694910479068893,0.290776789062691,0.6274774774774775,0.4438031477220453
single_activity::PointFinger,1,2,448,103,0.6310679611650486,0.5728310502283105,0.5693221830985915,0.7123287671232876,0.43333333333333335,"[[52, 21], [17, 13]]",30,73,1.2467726102525205,0.3030028681943397,0.6018264840182648,0.4394276126710755
single_activity::PointFinger,2,0,448,105,0.6761904761904762,0.6015693112467306,0.6033333333333333,0.7837837837837838,0.41935483870967744,"[[58, 16], [18, 13]]",31,74,1.0084973337838194,0.25476354796751755,0.6373147340889277,0.495806879643537
single_activity::PointFinger,2,1,448,104,0.7019230769230769,0.6121621621621622,0.6168746286393345,0.8243243243243243,0.4,"[[61, 13], [18, 12]]",30,74,0.6737849833550509,0.20767180068771254,0.7662162162162163,0.5541962271802137
single_activity::PointFinger,2,2,448,103,0.6601941747572816,0.613013698630137,0.6066557555919259,0.726027397260274,0.5,"[[53, 20], [15, 15]]",30,73,1.1824769476072123,0.2872267577962905,0.6214611872146119,0.4163198030224795
single_activity::PointFinger,3,0,448,105,0.7428571428571429,0.7051002615518744,0.6992042440318302,0.7972972972972973,0.6129032258064516,"[[59, 15], [12, 19]]",31,74,0.9257630812271382,0.2110800956540247,0.6804707933740191,0.5627172374070398
single_activity::PointFinger,3,1,448,105,0.6190476190476191,0.5704010462074978,0.5650372825186413,0.6891891891891891,0.45161290322580644,"[[51, 23], [17, 14]]",31,74,1.279493174530278,0.3004046946158788,0.6299040976460332,0.39453195579302613
single_activity::PointFinger,3,2,448,103,0.6699029126213593,0.5904109589041096,0.5920316868592731,0.7808219178082192,0.4,"[[57, 16], [18, 12]]",30,73,0.8312302756882707,0.24987153948421992,0.6511415525114155,0.4733031722443587
single_activity::PointFinger,4,0,448,105,0.6285714285714286,0.5771578029642546,0.5725915875169607,0.7027027027027027,0.45161290322580644,"[[52, 22], [17, 14]]",31,74,1.2285774818454902,0.29431638414184835,0.6425457715780296,0.4288770621844483
single_activity::PointFinger,4,1,448,105,0.6285714285714286,0.5677855274629469,0.5655172413793104,0.7162162162162162,0.41935483870967744,"[[53, 21], [18, 13]]",31,74,1.4006698942341425,0.30673356710908073,0.6281604184829991,0.5235029574578709
single_activity::PointFinger,4,2,448,103,0.6504854368932039,0.5963470319634703,0.5919894366197183,0.726027397260274,0.4666666666666667,"[[53, 20], [16, 14]]",30,73,1.0096273016084738,0.28227029012427024,0.6493150684931507,0.5016288612916553
leave_one_activity_out::PointFinger,0,0,4480,105,0.7238095238095238,0.6447253705318221,0.6508427932576539,0.8378378378378378,0.45161290322580644,"[[62, 12], [17, 14]]",31,74,1.3364644968266752,0.2240499122357553,0.7523975588491717,0.5563584234716408
leave_one_activity_out::PointFinger,0,1,4480,103,0.7184466019417476,0.6639269406392694,0.6622950819672131,0.7945205479452054,0.5333333333333333,"[[58, 15], [14, 16]]",30,73,1.532908448362501,0.2371330950266123,0.7424657534246576,0.5779763736419498
leave_one_activity_out::PointFinger,0,2,4480,102,0.7450980392156863,0.7076051015588096,0.6987732848705135,0.7945205479452054,0.6206896551724138,"[[58, 15], [11, 18]]",29,73,1.050221655789753,0.19693765977840844,0.7713745866792631,0.653083820765377
leave_one_activity_out::PointFinger,1,0,4480,105,0.7142857142857143,0.6754577157802965,0.668560606060606,0.7702702702702703,0.5806451612903226,"[[57, 17], [13, 18]]",31,74,1.2532333748890074,0.24475668425797317,0.6961639058413251,0.5704670936073026
leave_one_activity_out::PointFinger,1,1,4480,104,0.7788461538461539,0.7752252252252252,0.750599520383693,0.7837837837837838,0.7666666666666667,"[[58, 16], [7, 23]]",30,74,1.4844150518067225,0.19391489915662094,0.8198198198198199,0.5898958984229923
leave_one_activity_out::PointFinger,1,2,4480,103,0.7184466019417476,0.6639269406392694,0.6622950819672131,0.7945205479452054,0.5333333333333333,"[[58, 15], [14, 16]]",30,73,1.2416197652490248,0.21673308993376073,0.7452054794520548,0.5831377719713455
leave_one_activity_out::PointFinger,2,0,4480,105,0.7047619047619048,0.6499564080209241,0.6485260770975056,0.7837837837837838,0.5161290322580645,"[[58, 16], [15, 16]]",31,74,1.5565289810539054,0.2585630747294432,0.6782911944202267,0.4929063265330573
leave_one_activity_out::PointFinger,2,1,4480,104,0.6538461538461539,0.5783783783783785,0.5783783783783785,0.7567567567567568,0.4,"[[56, 18], [18, 12]]",30,74,1.9102569669818161,0.2759714078484421,0.6986486486486486,0.5011268652688285
leave_one_activity_out::PointFinger,2,2,4480,103,0.6699029126213593,0.6394977168949771,0.6268115942028986,0.7123287671232876,0.5666666666666667,"[[52, 21], [13, 17]]",30,73,1.278326248719485,0.2652628346849133,0.6958904109589042,0.5214526242622954
leave_one_activity_out::PointFinger,3,0,4480,105,0.7523809523809524,0.7212292938099389,0.7127525252525253,0.7972972972972973,0.6451612903225806,"[[59, 15], [11, 20]]",31,74,1.1487877432668967,0.20846729594638155,0.7911944202266783,0.6546638141524004
leave_one_activity_out::PointFinger,3,1,4480,105,0.7238095238095238,0.691586748038361,0.6821834881536374,0.7702702702702703,0.6129032258064516,"[[57, 17], [12, 19]]",31,74,2.025428720094454,0.23313670556714144,0.7489102005231036,0.5133626204150928
leave_one_activity_out::PointFinger,3,2,4480,103,0.7766990291262136,0.7246575342465753,0.7268534532457052,0.8493150684931506,0.6,"[[62, 11], [12, 18]]",30,73,1.3555255388890803,0.18341545332374873,0.7965753424657533,0.5675726716381765
leave_one_activity_out::PointFinger,4,0,4480,105,0.7619047619047619,0.7467306015693113,0.7301880974406414,0.7837837837837838,0.7096774193548387,"[[58, 16], [9, 22]]",31,74,0.8129659068641742,0.19168829024109402,0.8299912816041848,0.719891305777828
leave_one_activity_out::PointFinger,4,1,4480,105,0.7333333333333333,0.6702266782911944,0.6733333333333333,0.8243243243243243,0.5161290322580645,"[[61, 13], [15, 16]]",31,74,2.251063029602625,0.24982256013489323,0.6604184829991282,0.46683266936592616
leave_one_activity_out::PointFinger,4,2,4480,103,0.7669902912621359,0.7276255707762557,0.7231182795698925,0.821917808219178,0.6333333333333333,"[[60, 13], [11, 19]]",30,73,0.780383491096061,0.19713855736363012,0.819634703196347,0.7092289426842657
single_activity::Relaxed,0,0,448,105,0.5904761904761905,0.5032693984306887,0.5032456815931345,0.7162162162162162,0.2903225806451613,"[[53, 21], [22, 9]]",31,74,2.1164932168391366,0.3302037965841495,0.48387096774193544,0.3039404076590675
single_activity::Relaxed,0,1,448,103,0.5922330097087378,0.5061643835616438,0.5061643835616438,0.7123287671232876,0.3,"[[52, 21], [21, 9]]",30,73,1.818901115899031,0.32110031149741464,0.46894977168949775,0.30834574725963027
single_activity::Relaxed,0,2,448,102,0.5980392156862745,0.5425129900803023,0.5371333702268954,0.6712328767123288,0.41379310344827586,"[[49, 24], [17, 12]]",29,73,1.4350267253012998,0.2927796124244386,0.5739253660840813,0.33284689715420934
single_activity::Relaxed,1,0,448,105,0.5904761904761905,0.5032693984306887,0.5032456815931345,0.7162162162162162,0.2903225806451613,"[[53, 21], [22, 9]]",31,74,1.517737667181281,0.35055054606181474,0.47907585004359193,0.3146397792697032
single_activity::Relaxed,1,1,448,104,0.5769230769230769,0.48468468468468473,0.48468468468468473,0.7027027027027027,0.26666666666666666,"[[52, 22], [22, 8]]",30,74,1.434520437756194,0.3054066772594642,0.5513513513513514,0.3260856969001387
single_activity::Relaxed,1,2,448,103,0.6213592233009708,0.5070776255707763,0.5046244913059563,0.7808219178082192,0.23333333333333334,"[[57, 16], [23, 7]]",30,73,2.2778969622309213,0.31592046303896093,0.4365296803652968,0.2807532676090839
single_activity::Relaxed,2,0,448,105,0.5523809523809524,0.48561464690496947,0.48491806700761925,0.6486486486486487,0.3225806451612903,"[[48, 26], [21, 10]]",31,74,1.6352936784254342,0.3437692600117164,0.490409764603313,0.34460071290838123
single_activity::Relaxed,2,1,448,104,0.6538461538461539,0.5783783783783785,0.5783783783783785,0.7567567567567568,0.4,"[[56, 18], [18, 12]]",30,74,1.2528842636317765,0.2881037554543339,0.5540540540540541,0.36101134337795027
single_activity::Relaxed,2,2,448,103,0.6504854368932039,0.5767123287671233,0.5767123287671233,0.7534246575342466,0.4,"[[55, 18], [18, 12]]",30,73,1.4694658155860416,0.29864483015730214,0.5630136986301371,0.32531625823088073
single_activity::Relaxed,3,0,448,105,0.6095238095238096,0.5074106364428945,0.5063639490884073,0.7567567567567568,0.25806451612903225,"[[56, 18], [23, 8]]",31,74,1.035053389045781,0.27094540617977025,0.5884917175239757,0.3801851692966929
single_activity::Relaxed,3,1,448,105,0.6,0.5568875326939843,0.55,0.6621621621621622,0.45161290322580644,"[[49, 25], [17, 14]]",31,74,1.4641007184672183,0.32541436290419923,0.5544899738448126,0.3210254518971227
single_activity::Relaxed,3,2,448,103,0.6310679611650486,0.5139269406392694,0.5112387612387612,0.7945205479452054,0.23333333333333334,"[[58, 15], [23, 7]]",30,73,1.7068901920368493,0.29794520820754644,0.5748858447488585,0.3215410669897099
single_activity::Relaxed,4,0,448,105,0.5523809523809524,0.48561464690496947,0.48491806700761925,0.6486486486486487,0.3225806451612903,"[[48, 26], [21, 10]]",31,74,2.4903341507480046,0.36052169131207074,0.4420226678291194,0.3057254915381301
single_activity::Relaxed,4,1,448,105,0.5714285714285714,0.4803836094158675,0.48014082957421056,0.7027027027027027,0.25806451612903225,"[[52, 22], [23, 8]]",31,74,2.2794506590556476,0.34679354189512507,0.46425457715780294,0.29624686300403336
single_activity::Relaxed,4,2,448,103,0.5339805825242718,0.42579908675799083,0.424044734389562,0.684931506849315,0.16666666666666666,"[[50, 23], [25, 5]]",30,73,1.4665923639851874,0.36332736205542976,0.36940639269406395,0.2465983259466129
leave_one_activity_out::Relaxed,0,0,4480,105,0.7142857142857143,0.6473408892763732,0.65,0.8108108108108109,0.4838709677419355,"[[60, 14], [16, 15]]",31,74,1.3702473399371258,0.23951188155336156,0.7537053182214473,0.5531469195599751
leave_one_activity_out::Relaxed,0,1,4480,103,0.7281553398058253,0.6707762557077626,0.6707762557077626,0.8082191780821918,0.5333333333333333,"[[59, 14], [14, 16]]",30,73,1.4748238125868127,0.22937193974881465,0.7568493150684932,0.5588236045523419
leave_one_activity_out::Relaxed,0,2,4480,102,0.7843137254901961,0.7350023618327822,0.7350023618327822,0.8493150684931506,0.6206896551724138,"[[62, 11], [11, 18]]",29,73,0.9731381407552616,0.17657469205824258,0.761927255550307,0.6752771088896022
leave_one_activity_out::Relaxed,1,0,4480,105,0.7428571428571429,0.7051002615518744,0.6992042440318302,0.7972972972972973,0.6129032258064516,"[[59, 15], [12, 19]]",31,74,1.1192798594723912,0.22769153704528927,0.7297297297297297,0.5960012043543175
leave_one_activity_out::Relaxed,1,1,4480,104,0.75,0.7351351351351352,0.7159663865546219,0.7702702702702703,0.7,"[[57, 17], [9, 21]]",30,74,1.5334701697146456,0.21226360683423653,0.8063063063063063,0.5758183720399299
leave_one_activity_out::Relaxed,1,2,4480,103,0.7864077669902912,0.760958904109589,0.7506602112676056,0.821917808219178,0.7,"[[60, 13], [9, 21]]",30,73,1.1106751674031843,0.18762427372227516,0.7707762557077625,0.635266021351062
leave_one_activity_out::Relaxed,2,0,4480,105,0.7619047619047619,0.718613775065388,0.7165532879818595,0.8243243243243243,0.6129032258064516,"[[61, 13], [12, 19]]",31,74,1.237177190873745,0.19691909928002643,0.7454228421970357,0.6196390958323114
leave_one_activity_out::Relaxed,2,1,4480,104,0.6634615384615384,0.5851351351351352,0.5859401660789444,0.7702702702702703,0.4,"[[57, 17], [18, 12]]",30,74,1.890223530280868,0.2697747878102379,0.7063063063063063,0.4992445640550306
leave_one_activity_out::Relaxed,2,2,4480,103,0.7184466019417476,0.6639269406392694,0.6622950819672131,0.7945205479452054,0.5333333333333333,"[[58, 15], [14, 16]]",30,73,1.2773054669459942,0.2439176967159741,0.7205479452054794,0.5273794990401649
leave_one_activity_out::Relaxed,3,0,4480,105,0.7238095238095238,0.7009590235396688,0.6870181930311441,0.7567567567567568,0.6451612903225806,"[[56, 18], [11, 20]]",31,74,1.0014261410101715,0.20622793422759172,0.7894507410636443,0.6555545573350552
leave_one_activity_out::Relaxed,3,1,4480,105,0.7333333333333333,0.7077157802964255,0.6955260977630489,0.7702702702702703,0.6451612903225806,"[[57, 17], [11, 20]]",31,74,1.9458640381104813,0.2329552621187675,0.7567567567567568,0.5267379931427878
leave_one_activity_out::Relaxed,3,2,4480,103,0.7864077669902912,0.7315068493150685,0.7360205032618825,0.863013698630137,0.6,"[[63, 10], [12, 18]]",30,73,1.3226419627795147,0.18193069169885717,0.8047945205479452,0.5741470200763396
leave_one_activity_out::Relaxed,4,0,4480,105,0.7523809523809524,0.7212292938099389,0.7127525252525253,0.7972972972972973,0.6451612903225806,"[[59, 15], [11, 20]]",31,74,0.8703413193990283,0.1954190125992527,0.7929380993897123,0.6725893475253946
leave_one_activity_out::Relaxed,4,1,4480,105,0.7142857142857143,0.6660854402789886,0.6628852739726028,0.7837837837837838,0.5483870967741935,"[[58, 16], [14, 17]]",31,74,2.44890726103376,0.26517527913631883,0.6691368788142982,0.4691194020306092
leave_one_activity_out::Relaxed,4,2,4480,103,0.7184466019417476,0.7031963470319634,0.684015656405374,0.7397260273972602,0.6666666666666666,"[[54, 19], [10, 20]]",30,73,0.896586333171311,0.21379648022139602,0.8095890410958905,0.6768234321901399
single_activity::RelaxedTask,0,0,448,105,0.6761904761904762,0.6109415867480383,0.6109415867480383,0.7702702702702703,0.45161290322580644,"[[57, 17], [17, 14]]",31,74,1.1364025864785303,0.22931096339664195,0.7061900610287707,0.5148951498956393
single_activity::RelaxedTask,0,1,448,103,0.6893203883495146,0.6531963470319635,0.6432900432900432,0.7397260273972602,0.5666666666666667,"[[54, 19], [13, 17]]",30,73,0.7682644994142429,0.2239524882428711,0.7310502283105023,0.5932651265206523
single_activity::RelaxedTask,0,2,448,102,0.6372549019607843,0.5699102503542749,0.5673506821047805,0.726027397260274,0.41379310344827586,"[[53, 20], [17, 12]]",29,73,1.7078154981671372,0.2746991072695533,0.6499763816721776,0.39456402761214265
single_activity::RelaxedTask,1,0,448,105,0.6666666666666666,0.6697907585004359,0.6411483253588517,0.6621621621621622,0.6774193548387096,"[[49, 25], [10, 21]]",31,74,1.106050791598709,0.22746758070728218,0.7571926765475152,0.5802779867495598
single_activity::RelaxedTask,1,1,448,104,0.7019230769230769,0.6121621621621622,0.6168746286393345,0.8243243243243243,0.4,"[[61, 13], [18, 12]]",30,74,0.8365514058889723,0.2404931502592455,0.694144144144144,0.44038573812149884
single_activity::RelaxedTask,1,2,448,103,0.6213592233009708,0.5757990867579909,0.5686674540964243,0.684931506849315,0.4666666666666667,"[[50, 23], [16, 14]]",30,73,1.9571851618906715,0.2850332031732716,0.6041095890410958,0.4620462941180147
single_activity::RelaxedTask,2,0,448,105,0.6761904761904762,0.6296861377506539,0.6243686868686869,0.7432432432432432,0.5161290322580645,"[[55, 19], [15, 16]]",31,74,1.2057036341279963,0.26291851022122126,0.6351351351351351,0.42991557105124145
single_activity::RelaxedTask,2,1,448,104,0.7307692307692307,0.6324324324324324,0.641025641025641,0.8648648648648649,0.4,"[[64, 10], [18, 12]]",30,74,0.7799211526959147,0.19732292183950836,0.7387387387387387,0.5619054622943512
single_activity::RelaxedTask,2,2,448,103,0.6019417475728155,0.5621004566210046,0.5532635142282873,0.6575342465753424,0.4666666666666667,"[[48, 25], [16, 14]]",30,73,1.032672243255075,0.2824885636282661,0.6251141552511417,0.3952383990277173
single_activity::RelaxedTask,3,0,448,105,0.7142857142857143,0.694202266782912,0.6785714285714286,0.7432432432432432,0.6451612903225806,"[[55, 19], [11, 20]]",31,74,1.4212166191971438,0.22232914026454564,0.7306015693112466,0.5149395697183696
single_activity::RelaxedTask,3,1,448,105,0.6285714285714286,0.5865300784655623,0.5790934320074006,0.6891891891891891,0.4838709677419355,"[[51, 23], [16, 15]]",31,74,1.1406076740293718,0.2736633419345954,0.6887532693984306,0.4521364699009698
single_activity::RelaxedTask,3,2,448,103,0.6990291262135923,0.630593607305936,0.6318459587224721,0.7945205479452054,0.4666666666666667,"[[58, 15], [16, 14]]",30,73,0.9926946679721582,0.2407477682612532,0.6598173515981736,0.4971989369289983
single_activity::RelaxedTask,4,0,448,105,0.5523809523809524,0.504359197907585,0.4999493363056034,0.6216216216216216,0.3870967741935484,"[[46, 28], [19, 12]]",31,74,1.128005928134694,0.30847436122044714,0.5636442894507412,0.4039937969482744
single_activity::RelaxedTask,4,1,448,105,0.5523809523809524,0.5137314734088928,0.5065493450654934,0.6081081081081081,0.41935483870967744,"[[45, 29], [18, 13]]",31,74,1.9812469070898324,0.33503590043385034,0.5579773321708805,0.36106868719269425
single_activity::RelaxedTask,4,2,448,103,0.6990291262135923,0.630593607305936,0.6318459587224721,0.7945205479452054,0.4666666666666667,"[[58, 15], [16, 14]]",30,73,0.9753077996391136,0.2424331230355025,0.6753424657534246,0.5271850261919081
leave_one_activity_out::RelaxedTask,0,0,4480,105,0.6952380952380952,0.6244551002615518,0.6266666666666667,0.7972972972972973,0.45161290322580644,"[[59, 15], [17, 14]]",31,74,1.3673585537499209,0.26314341617918663,0.7022667829119442,0.5285340039172555
leave_one_activity_out::RelaxedTask,0,1,4480,103,0.6893203883495146,0.623744292237443,0.623744292237443,0.7808219178082192,0.4666666666666667,"[[57, 16], [16, 14]]",30,73,1.7135331472193522,0.26566633307476556,0.7178082191780822,0.5498763765845553
leave_one_activity_out::RelaxedTask,0,2,4480,102,0.7352941176470589,0.6903637222484648,0.6842829301845694,0.7945205479452054,0.5862068965517241,"[[58, 15], [12, 17]]",29,73,1.0074678247740645,0.21576138753296475,0.7350023618327822,0.6214769775970966
leave_one_activity_out::RelaxedTask,1,0,4480,105,0.7523809523809524,0.7212292938099389,0.7127525252525253,0.7972972972972973,0.6451612903225806,"[[59, 15], [11, 20]]",31,74,1.1834827497161557,0.2308660563920924,0.6944202266782913,0.5675830149237316
leave_one_activity_out::RelaxedTask,1,1,4480,104,0.7211538461538461,0.6851351351351351,0.6755244755244756,0.7702702702702703,0.6,"[[57, 17], [12, 18]]",30,74,1.5963162085506704,0.22292387736376246,0.7815315315315315,0.5560538073761905
leave_one_activity_out::RelaxedTask,1,2,4480,103,0.7184466019417476,0.6835616438356165,0.6740861974904528,0.7671232876712328,0.6,"[[56, 17], [12, 18]]",30,73,1.4875996099468771,0.23008264751823546,0.7568493150684931,0.5580504111255605
leave_one_activity_out::RelaxedTask,2,0,4480,105,0.7142857142857143,0.6567131647776809,0.6567131647776809,0.7972972972972973,0.5161290322580645,"[[59, 15], [15, 16]]",31,74,1.4560484933257505,0.2549781139941046,0.6822144725370533,0.5159640084990814
leave_one_activity_out::RelaxedTask,2,1,4480,104,0.6730769230769231,0.6018018018018019,0.6018018018018019,0.7702702702702703,0.43333333333333335,"[[57, 17], [17, 13]]",30,74,1.7599942423198753,0.27459756264169877,0.6837837837837838,0.5194872505341404
leave_one_activity_out::RelaxedTask,2,2,4480,103,0.7087378640776699,0.6767123287671233,0.6655844155844155,0.7534246575342466,0.6,"[[55, 18], [12, 18]]",30,73,1.433478915127229,0.2650090667620582,0.684931506849315,0.5183671832803786
leave_one_activity_out::RelaxedTask,3,0,4480,105,0.7428571428571429,0.6863557105492589,0.6880844977445264,0.8243243243243243,0.5483870967741935,"[[61, 13], [14, 17]]",31,74,0.7787127452208759,0.19877065748362951,0.7898866608544028,0.6555173617487522
leave_one_activity_out::RelaxedTask,3,1,4480,105,0.7142857142857143,0.6848299912816043,0.673777961888981,0.7567567567567568,0.6129032258064516,"[[56, 18], [12, 19]]",31,74,1.8753817374334891,0.25380872848521674,0.7399738448125545,0.5185660408851518
leave_one_activity_out::RelaxedTask,3,2,4480,103,0.7572815533980582,0.691324200913242,0.6968091369363005,0.8493150684931506,0.5333333333333333,"[[62, 11], [14, 16]]",30,73,1.3677522682750647,0.19685810209802437,0.7792237442922375,0.5428086461175127
leave_one_activity_out::RelaxedTask,4,0,4480,105,0.7333333333333333,0.7077157802964255,0.6955260977630489,0.7702702702702703,0.6451612903225806,"[[57, 17], [11, 20]]",31,74,0.8876320966654941,0.20412977603910748,0.7920662598081953,0.6709697862982614
leave_one_activity_out::RelaxedTask,4,1,4480,105,0.7238095238095238,0.6634699215344377,0.6649796457256023,0.8108108108108109,0.5161290322580645,"[[60, 14], [15, 16]]",31,74,2.569343619415387,0.25749626705264334,0.6599825632083697,0.4427389445097748
leave_one_activity_out::RelaxedTask,4,2,4480,103,0.7572815533980582,0.730593607305936,0.7190398254228041,0.7945205479452054,0.6666666666666666,"[[58, 15], [10, 20]]",30,73,0.8711427991972074,0.20221521282024169,0.8146118721461187,0.6889923840810984
single_activity::StretchHold,0,0,448,105,0.6571428571428571,0.5786835222319093,0.5800000000000001,0.7702702702702703,0.3870967741935484,"[[57, 17], [19, 12]]",31,74,1.1277252163804719,0.28631428130423325,0.571490845684394,0.40018914710299897
single_activity::StretchHold,0,1,448,103,0.6116504854368932,0.5493150684931507,0.5466549295774648,0.6986301369863014,0.4,"[[51, 22], [18, 12]]",30,73,1.6988836384032933,0.3067067898765647,0.5497716894977169,0.42131817523054355
single_activity::StretchHold,0,2,448,102,0.6862745098039216,0.593764761454889,0.597037037037037,0.8082191780821918,0.3793103448275862,"[[59, 14], [18, 11]]",29,73,1.626773564592506,0.2703248465486707,0.5635333018422296,0.3791030144977347
single_activity::StretchHold,1,0,448,105,0.6095238095238096,0.5167829119442022,0.5167807834773824,0.7432432432432432,0.2903225806451613,"[[55, 19], [22, 9]]",31,74,1.5984033527120554,0.3127809547067299,0.5701830863121186,0.3365383287729369
single_activity::StretchHold,1,1,448,104,0.6346153846153846,0.545045045045045,0.5457471264367817,0.7567567567567568,0.3333333333333333,"[[56, 18], [20, 10]]",30,74,2.2023262736930835,0.2999090131822487,0.5594594594594595,0.33941426240403183
single_activity::StretchHold,1,2,448,103,0.6601941747572816,0.59337899543379,0.5924250989259469,0.7534246575342466,0.43333333333333335,"[[55, 18], [17, 13]]",30,73,1.021571379935792,0.27383744419868383,0.6027397260273972,0.440836953309693
single_activity::StretchHold,2,0,448,105,0.6476190476190476,0.5438099389712293,0.5442815249266861,0.7972972972972973,0.2903225806451613,"[[59, 15], [22, 9]]",31,74,1.553048863554479,0.29941041593862033,0.558413251961639,0.35822201676619125
single_activity::StretchHold,2,1,448,104,0.6538461538461539,0.5585585585585585,0.5601503759398496,0.7837837837837838,0.3333333333333333,"[[58, 16], [20, 10]]",30,74,2.1069098567420794,0.29134233483778166,0.5054054054054055,0.36913785017268985
single_activity::StretchHold,2,2,448,103,0.5922330097087378,0.5257990867579908,0.523987676056338,0.684931506849315,0.36666666666666664,"[[50, 23], [19, 11]]",30,73,2.0739046120998874,0.3147481685374829,0.5337899543378996,0.35433800279420063
single_activity::StretchHold,3,0,448,105,0.6857142857142857,0.5989537925021796,0.6026831785345717,0.8108108108108109,0.3870967741935484,"[[60, 14], [19, 12]]",31,74,1.9858544369741635,0.2554397656310242,0.5767218831734962,0.4581314574067168
single_activity::StretchHold,3,1,448,105,0.6,0.5381429816913688,0.5359848484848485,0.6891891891891891,0.3870967741935484,"[[51, 23], [19, 12]]",31,74,2.4406377848853955,0.32785824260436236,0.5172188317349607,0.3381786580066781
single_activity::StretchHold,3,2,448,103,0.6213592233009708,0.5365296803652968,0.536838464199239,0.7397260273972602,0.3333333333333333,"[[54, 19], [20, 10]]",30,73,1.3726211697415462,0.28987812091622833,0.5785388127853881,0.3498851397287633
single_activity::StretchHold,4,0,448,105,0.6666666666666666,0.6041848299912816,0.6031746031746031,0.7567567567567568,0.45161290322580644,"[[56, 18], [17, 14]]",31,74,1.1465236844033617,0.26228965804012067,0.6181342632955535,0.47795711422672327
single_activity::StretchHold,4,1,448,105,0.6,0.49128160418483,0.48863636363636365,0.7567567567567568,0.22580645161290322,"[[56, 18], [24, 7]]",31,74,1.9670833309085518,0.3089429118114584,0.522667829119442,0.31293473605853617
single_activity::StretchHold,4,2,448,103,0.6310679611650486,0.5630136986301371,0.5616039426523298,0.726027397260274,0.4,"[[53, 20], [18, 12]]",30,73,1.0854100907526323,0.2816782001014501,0.6068493150684932,0.4210897401467947
leave_one_activity_out::StretchHold,0,0,4480,105,0.7523809523809524,0.6931124673060156,0.6966666666666667,0.8378378378378378,0.5483870967741935,"[[62, 12], [14, 17]]",31,74,1.395955070481349,0.2244848663221512,0.7558849171752398,0.5561179646756219
leave_one_activity_out::StretchHold,0,1,4480,103,0.6893203883495146,0.6531963470319635,0.6432900432900432,0.7397260273972602,0.5666666666666667,"[[54, 19], [13, 17]]",30,73,1.2830681813747444,0.23247217365405942,0.7429223744292237,0.5932286861579257
leave_one_activity_out::StretchHold,0,2,4480,102,0.7254901960784313,0.6939064714218233,0.68125,0.7671232876712328,0.6206896551724138,"[[56, 17], [11, 18]]",29,73,0.9862244047817437,0.20334486460977472,0.7557864903164857,0.6602625908564392
leave_one_activity_out::StretchHold,1,0,4480,105,0.7428571428571429,0.7051002615518744,0.6992042440318302,0.7972972972972973,0.6129032258064516,"[[59, 15], [12, 19]]",31,74,1.178075251610671,0.23275339468709016,0.6970357454228423,0.5523438738133288
leave_one_activity_out::StretchHold,1,1,4480,104,0.7596153846153846,0.7319819819819819,0.7202797202797203,0.7972972972972973,0.6666666666666666,"[[59, 15], [10, 20]]",30,74,1.4426962372374565,0.2163457788853348,0.8117117117117116,0.6131022713794986
leave_one_activity_out::StretchHold,1,2,4480,103,0.7281553398058253,0.6707762557077626,0.6707762557077626,0.8082191780821918,0.5333333333333333,"[[59, 14], [14, 16]]",30,73,1.2666929284870032,0.22078209540010724,0.7424657534246576,0.5744156375669426
leave_one_activity_out::StretchHold,2,0,4480,105,0.7047619047619048,0.6593286835222318,0.6546419098143237,0.7702702702702703,0.5483870967741935,"[[57, 17], [14, 17]]",31,74,1.5063769778249032,0.2528641924030486,0.6891891891891891,0.5268324848428686
leave_one_activity_out::StretchHold,2,1,4480,104,0.6923076923076923,0.6351351351351351,0.6323464427750773,0.7702702702702703,0.5,"[[57, 17], [15, 15]]",30,74,1.7234760394033066,0.26363337900841577,0.7096846846846847,0.5383701549092716
leave_one_activity_out::StretchHold,2,2,4480,103,0.7281553398058253,0.6904109589041096,0.6826584507042254,0.7808219178082192,0.6,"[[57, 16], [12, 18]]",30,73,1.139614029080078,0.24093159661566274,0.7205479452054795,0.5633338014949296
leave_one_activity_out::StretchHold,3,0,4480,105,0.7428571428571429,0.7051002615518744,0.6992042440318302,0.7972972972972973,0.6129032258064516,"[[59, 15], [12, 19]]",31,74,1.1303372615481249,0.2091460338813865,0.7907585004359198,0.6421294774033905
leave_one_activity_out::StretchHold,3,1,4480,105,0.7428571428571429,0.7051002615518744,0.6992042440318302,0.7972972972972973,0.6129032258064516,"[[59, 15], [12, 19]]",31,74,1.7136520318843624,0.2255050363559083,0.75871839581517,0.5553728053593792
leave_one_activity_out::StretchHold,3,2,4480,103,0.7961165048543689,0.7579908675799086,0.7554550593555681,0.8493150684931506,0.6666666666666666,"[[62, 11], [10, 20]]",30,73,1.177057291237188,0.18456498519582024,0.8267123287671233,0.5917676637489584
leave_one_activity_out::StretchHold,4,0,4480,105,0.7428571428571429,0.7519616390584132,0.72,0.7297297297297297,0.7741935483870968,"[[54, 20], [7, 24]]",31,74,0.89469563527169,0.20583002590098823,0.8190932868352222,0.7013889431683505
leave_one_activity_out::StretchHold,4,1,4480,105,0.7238095238095238,0.6822144725370531,0.676923076923077,0.7837837837837838,0.5806451612903226,"[[58, 16], [13, 18]]",31,74,2.2015475903809,0.2523459730027575,0.6748038360941586,0.5041747653098481
leave_one_activity_out::StretchHold,4,2,4480,103,0.7572815533980582,0.7404109589041096,0.7235047782669387,0.7808219178082192,0.7,"[[57, 16], [9, 21]]",30,73,0.8219610906976906,0.19959971867790074,0.8205479452054795,0.704870075299014
single_activity::TouchIndex,0,0,448,105,0.6285714285714286,0.5021795989537925,0.4950055493895672,0.8108108108108109,0.1935483870967742,"[[60, 14], [25, 6]]",31,74,1.9893978155893326,0.3341232361925563,0.48430688753269396,0.29558931096347396
single_activity::TouchIndex,0,1,448,103,0.6601941747572816,0.5737442922374429,0.5755327917108206,0.7808219178082192,0.36666666666666664,"[[57, 16], [19, 11]]",30,73,1.4094572273009802,0.27516380255063627,0.6018264840182649,0.404538778011699
single_activity::TouchIndex,0,2,448,102,0.6568627450980392,0.6043930089749646,0.5981087470449172,0.726027397260274,0.4827586206896552,"[[53, 20], [15, 14]]",29,73,1.110263921594052,0.26324180000350156,0.624940954180444,0.4237662899475875
single_activity::TouchIndex,1,0,448,105,0.5619047619047619,0.48299912816041846,0.4830907534246575,0.6756756756756757,0.2903225806451613,"[[50, 24], [22, 9]]",31,74,1.308012500544024,0.3184808845357146,0.5736704446381866,0.37179537266979135
single_activity::TouchIndex,1,1,448,104,0.6730769230769231,0.6315315315315315,0.6227059325650874,0.7297297297297297,0.5333333333333333,"[[54, 20], [14, 16]]",30,74,1.0797406517145884,0.23774157039783914,0.7202702702702704,0.5104673699557654
single_activity::TouchIndex,1,2,448,103,0.6504854368932039,0.5668949771689498,0.5680335507921714,0.7671232876712328,0.36666666666666664,"[[56, 17], [19, 11]]",30,73,1.4438156437920278,0.285725303278952,0.5538812785388127,0.389333961597431
single_activity::TouchIndex,2,0,448,105,0.6285714285714286,0.5396687009590235,0.5403524525760467,0.7567567567567568,0.3225806451612903,"[[56, 18], [21, 10]]",31,74,1.4702744430288126,0.3042194362875622,0.5771578029642546,0.40517163549546564
single_activity::TouchIndex,2,1,448,104,0.5865384615384616,0.5112612612612613,0.5104542966611931,0.6891891891891891,0.3333333333333333,"[[51, 23], [20, 10]]",30,74,1.2462744378625996,0.3203189623994037,0.5495495495495496,0.37893757651180626
single_activity::TouchIndex,2,2,448,103,0.5728155339805825,0.5219178082191781,0.5170502983802217,0.6438356164383562,0.4,"[[47, 26], [18, 12]]",30,73,1.3306905676798784,0.3357190900355792,0.5004566210045662,0.3373709117901797
single_activity::TouchIndex,3,0,448,105,0.6285714285714286,0.5302964254577158,0.5304437564499485,0.7702702702702703,0.2903225806451613,"[[57, 17], [22, 9]]",31,74,1.4188857524764988,0.27706249259762944,0.5871839581517001,0.45800975091178375
single_activity::TouchIndex,3,1,448,105,0.5904761904761905,0.4751525719267655,0.4703812316715542,0.7567567567567568,0.1935483870967742,"[[56, 18], [25, 6]]",31,74,1.616058927443233,0.32204416531033364,0.5636442894507411,0.33469841970156433
single_activity::TouchIndex,3,2,448,103,0.6407766990291263,0.5796803652968037,0.5769785769785769,0.726027397260274,0.43333333333333335,"[[53, 20], [17, 13]]",30,73,1.155368634394643,0.2858630150196422,0.6237442922374429,0.43208181660006545
single_activity::TouchIndex,4,0,448,105,0.6285714285714286,0.558413251961639,0.5578231292517006,0.7297297297297297,0.3870967741935484,"[[54, 20], [19, 12]]",31,74,1.3483731193406376,0.27894001658375644,0.6050566695727986,0.4375600315935353
single_activity::TouchIndex,4,1,448,105,0.6095238095238096,0.5448997384481256,0.5432360742705571,0.7027027027027027,0.3870967741935484,"[[52, 22], [19, 12]]",31,74,1.4249918606641034,0.3312058549088354,0.5666957279860506,0.4371759149833422
single_activity::TouchIndex,4,2,448,103,0.6310679611650486,0.54337899543379,0.5440354147250699,0.7534246575342466,0.3333333333333333,"[[55, 18], [20, 10]]",30,73,1.6489864489770567,0.29881640728385767,0.5529680365296804,0.42301670549908044
leave_one_activity_out::TouchIndex,0,0,4480,105,0.7428571428571429,0.6769834350479511,0.6817824671680324,0.8378378378378378,0.5161290322580645,"[[62, 12], [15, 16]]",31,74,1.3049774268974659,0.22147243612029277,0.7759372275501307,0.5693904187106172
leave_one_activity_out::TouchIndex,0,1,4480,103,0.7087378640776699,0.6767123287671233,0.6655844155844155,0.7534246575342466,0.6,"[[55, 18], [12, 18]]",30,73,1.5067166842161923,0.24052614781023535,0.7593607305936073,0.5832489371593371
leave_one_activity_out::TouchIndex,0,2,4480,102,0.7843137254901961,0.7350023618327822,0.7350023618327822,0.8493150684931506,0.6206896551724138,"[[62, 11], [11, 18]]",29,73,0.995210408519478,0.1869066077467774,0.7694851204534718,0.6596380038266093
leave_one_activity_out::TouchIndex,1,0,4480,105,0.7523809523809524,0.7306015693112466,0.7172742336371168,0.7837837837837838,0.6774193548387096,"[[58, 16], [10, 21]]",31,74,1.0796086475243751,0.21507302756033292,0.7537053182214473,0.616861439848797
leave_one_activity_out::TouchIndex,1,1,4480,104,0.75,0.7252252252252251,0.7114810072556552,0.7837837837837838,0.6666666666666666,"[[58, 16], [10, 20]]",30,74,1.5655723199324607,0.2139226092372727,0.8045045045045045,0.5776522393718511
leave_one_activity_out::TouchIndex,1,2,4480,103,0.7669902912621359,0.7276255707762557,0.7231182795698925,0.821917808219178,0.6333333333333333,"[[60, 13], [11, 19]]",30,73,1.2816384540370507,0.2103544313703251,0.7497716894977168,0.5729494225556236
leave_one_activity_out::TouchIndex,2,0,4480,105,0.7142857142857143,0.6848299912816043,0.673777961888981,0.7567567567567568,0.6129032258064516,"[[56, 18], [12, 19]]",31,74,1.4632580122422754,0.22915978227767114,0.7074978204010461,0.5473452391896134
leave_one_activity_out::TouchIndex,2,1,4480,104,0.6826923076923077,0.6085585585585586,0.6096007280172904,0.7837837837837838,0.43333333333333335,"[[58, 16], [17, 13]]",30,74,1.9652716504898522,0.26214564736810597,0.6810810810810811,0.4860080591039915
leave_one_activity_out::TouchIndex,2,2,4480,103,0.7087378640776699,0.6767123287671233,0.6655844155844155,0.7534246575342466,0.6,"[[55, 18], [12, 18]]",30,73,1.2452675096795816,0.25260649238509114,0.7095890410958904,0.5736686449290437
leave_one_activity_out::TouchIndex,3,0,4480,105,0.7428571428571429,0.72384481255449,0.7086031452358927,0.7702702702702703,0.6774193548387096,"[[57, 17], [10, 21]]",31,74,1.035428374761117,0.19978669995572382,0.8169136878814297,0.6601311350688126
leave_one_activity_out::TouchIndex,3,1,4480,105,0.7428571428571429,0.7144725370531821,0.7041018682809728,0.7837837837837838,0.6451612903225806,"[[58, 16], [11, 20]]",31,74,2.039739712955368,0.23634505491726263,0.7388840453356582,0.5174177899003876
leave_one_activity_out::TouchIndex,3,2,4480,103,0.7766990291262136,0.7246575342465753,0.7268534532457052,0.8493150684931506,0.6,"[[62, 11], [12, 18]]",30,73,1.3473333860630354,0.18613971880780478,0.8036529680365296,0.5697302076899481
leave_one_activity_out::TouchIndex,4,0,4480,105,0.7428571428571429,0.7051002615518744,0.6992042440318302,0.7972972972972973,0.6129032258064516,"[[59, 15], [12, 19]]",31,74,0.8476211344202489,0.1966252179964497,0.8304272013949433,0.7013222091888154
leave_one_activity_out::TouchIndex,4,1,4480,105,0.6857142857142857,0.6364428945074107,0.6323607427055703,0.7567567567567568,0.5161290322580645,"[[56, 18], [15, 16]]",31,74,2.29736722271791,0.2698569891462997,0.6569311246730601,0.4640452499400104
leave_one_activity_out::TouchIndex,4,2,4480,103,0.7378640776699029,0.7070776255707762,0.6965630114566285,0.7808219178082192,0.6333333333333333,"[[57, 16], [11, 19]]",30,73,0.8211850694265763,0.20925794524980323,0.8118721461187215,0.7019052016241474
single_activity::TouchNose,0,0,448,105,0.6666666666666666,0.6510462074978204,0.6325367463253675,0.6891891891891891,0.6129032258064516,"[[51, 23], [12, 19]]",31,74,1.1876249767736793,0.26197641098805546,0.6874455100261552,0.45591067920031014
single_activity::TouchNose,0,1,448,103,0.7087378640776699,0.6178082191780823,0.6235380116959064,0.8356164383561644,0.4,"[[61, 12], [18, 12]]",30,73,1.129743796449774,0.22384671019488048,0.6748858447488585,0.520093999685712
single_activity::TouchNose,0,2,448,102,0.6764705882352942,0.6180916391119509,0.6141235813366961,0.7534246575342466,0.4827586206896552,"[[55, 18], [15, 14]]",29,73,1.120734289765169,0.27725147191290594,0.6339159187529524,0.5003354647276627
single_activity::TouchNose,1,0,448,105,0.6476190476190476,0.553182214472537,0.5545235638114895,0.7837837837837838,0.3225806451612903,"[[58, 16], [21, 10]]",31,74,1.0518103612055965,0.2691972575791188,0.5828247602441151,0.39535505212568195
single_activity::TouchNose,1,1,448,104,0.5961538461538461,0.5477477477477477,0.5411764705882353,0.6621621621621622,0.43333333333333335,"[[49, 25], [17, 13]]",30,74,1.680386652787883,0.3106580058691134,0.6333333333333333,0.39118016887865725
single_activity::TouchNose,1,2,448,103,0.7961165048543689,0.7579908675799086,0.7554550593555681,0.8493150684931506,0.6666666666666666,"[[62, 11], [10, 20]]",30,73,0.9945377675882302,0.19501531140557604,0.7442922374429224,0.5649091325700776
single_activity::TouchNose,2,0,448,105,0.6285714285714286,0.5396687009590235,0.5403524525760467,0.7567567567567568,0.3225806451612903,"[[56, 18], [21, 10]]",31,74,1.1810726740578628,0.29583303365362573,0.6325196163905841,0.4326875700740853
single_activity::TouchNose,2,1,448,104,0.5961538461538461,0.5378378378378379,0.5339308578745199,0.6756756756756757,0.4,"[[50, 24], [18, 12]]",30,74,1.1010541229700666,0.28904332958987855,0.5774774774774775,0.4226814722875526
single_activity::TouchNose,2,2,448,103,0.6699029126213593,0.6198630136986301,0.614656690140845,0.7397260273972602,0.5,"[[54, 19], [15, 15]]",30,73,1.1533599038887619,0.25955532348812316,0.6378995433789955,0.4791465433151612
single_activity::TouchNose,3,0,448,105,0.7523809523809524,0.7118570183086312,0.707833904109589,0.8108108108108109,0.6129032258064516,"[[60, 14], [12, 19]]",31,74,0.9912488568397958,0.2279330759647081,0.7179598953792502,0.6047477805291162
single_activity::TouchNose,3,1,448,105,0.6476190476190476,0.6094158674803836,0.6006783842121493,0.7027027027027027,0.5161290322580645,"[[52, 22], [15, 16]]",31,74,1.5727054066688804,0.27024334543334905,0.6700087183958152,0.4074661990079044
single_activity::TouchNose,3,2,448,103,0.6990291262135923,0.6207762557077625,0.6240433298010126,0.8082191780821918,0.43333333333333335,"[[59, 14], [17, 13]]",30,73,0.8661717996033247,0.23183129903210412,0.7109589041095891,0.5692688154489753
single_activity::TouchNose,4,0,448,105,0.7047619047619048,0.6593286835222318,0.6546419098143237,0.7702702702702703,0.5483870967741935,"[[57, 17], [14, 17]]",31,74,1.387934262118287,0.24801086301053055,0.7306015693112468,0.47986047907614093
single_activity::TouchNose,4,1,448,105,0.6476190476190476,0.5719267654751525,0.5725602376499065,0.7567567567567568,0.3870967741935484,"[[56, 18], [19, 12]]",31,74,1.0793711113229978,0.27919447612015047,0.6708805579773321,0.43729281022402133
single_activity::TouchNose,4,2,448,103,0.6893203883495146,0.64337899543379,0.6373239436619718,0.7534246575342466,0.5333333333333333,"[[55, 18], [14, 16]]",30,73,0.820317049314126,0.2210694980693935,0.7073059360730592,0.5310922514701635
leave_one_activity_out::TouchNose,0,0,4480,105,0.7238095238095238,0.6353530950305144,0.6428152492668622,0.8513513513513513,0.41935483870967744,"[[63, 11], [18, 13]]",31,74,1.3666893858097195,0.23911933886493858,0.7358326068003487,0.5179836012389751
leave_one_activity_out::TouchNose,0,1,4480,103,0.6990291262135923,0.6698630136986301,0.657145925051004,0.7397260273972602,0.6,"[[54, 19], [12, 18]]",30,73,1.5996832615181424,0.2597395681303302,0.7136986301369863,0.5476095855015249
leave_one_activity_out::TouchNose,0,2,4480,102,0.7647058823529411,0.7316957959376476,0.7219445706497047,0.8082191780821918,0.6551724137931034,"[[59, 14], [10, 19]]",29,73,1.0281329415966725,0.18580926136524273,0.7439773264052906,0.6659610790062237
leave_one_activity_out::TouchNose,1,0,4480,105,0.7333333333333333,0.6983435047951176,0.6906565656565657,0.7837837837837838,0.6129032258064516,"[[58, 16], [12, 19]]",31,74,1.1933510636699989,0.24096538026420658,0.6948561464690498,0.5605371798316932
leave_one_activity_out::TouchNose,1,1,4480,104,0.7403846153846154,0.7184684684684685,0.7027627818355033,0.7702702702702703,0.6666666666666666,"[[57, 17], [10, 20]]",30,74,1.5098477669991193,0.2131415247740359,0.7945945945945947,0.5849092748367435
leave_one_activity_out::TouchNose,1,2,4480,103,0.7766990291262136,0.7246575342465753,0.7268534532457052,0.8493150684931506,0.6,"[[62, 11], [12, 18]]",30,73,1.2367587457249745,0.19552806734640152,0.7493150684931508,0.5896272008461739
leave_one_activity_out::TouchNose,2,0,4480,105,0.7142857142857143,0.6754577157802965,0.668560606060606,0.7702702702702703,0.5806451612903226,"[[57, 17], [13, 18]]",31,74,1.4012572584467256,0.2355643007153044,0.6769834350479511,0.5434666208191765
leave_one_activity_out::TouchNose,2,1,4480,104,0.7019230769230769,0.631981981981982,0.6332612899556365,0.7972972972972973,0.4666666666666667,"[[59, 15], [16, 14]]",30,74,1.8412470235175926,0.2630930379462876,0.7090090090090091,0.5024975630641362
leave_one_activity_out::TouchNose,2,2,4480,103,0.7184466019417476,0.6835616438356165,0.6740861974904528,0.7671232876712328,0.6,"[[56, 17], [12, 18]]",30,73,1.2166373552544596,0.24295810332289053,0.7200913242009133,0.5515549143734939
leave_one_activity_out::TouchNose,3,0,4480,105,0.7142857142857143,0.6473408892763732,0.65,0.8108108108108109,0.4838709677419355,"[[60, 14], [16, 15]]",31,74,1.0027244187582076,0.18072657935553726,0.7925021795989537,0.6441732393604872
leave_one_activity_out::TouchNose,3,1,4480,105,0.7333333333333333,0.6889712292938099,0.685359589041096,0.7972972972972973,0.5806451612903226,"[[59, 15], [13, 18]]",31,74,2.0292906768343206,0.23328457880632772,0.7288578901482127,0.5116951990625014
leave_one_activity_out::TouchNose,3,2,4480,103,0.7378640776699029,0.6874429223744292,0.6855850763143019,0.8082191780821918,0.5666666666666667,"[[59, 14], [13, 17]]",30,73,1.3374360424493101,0.19605922814725366,0.7764840182648403,0.5533532167293852
leave_one_activity_out::TouchNose,4,0,4480,105,0.7523809523809524,0.7212292938099389,0.7127525252525253,0.7972972972972973,0.6451612903225806,"[[59, 15], [11, 20]]",31,74,0.8328750076441128,0.20551418625105913,0.7855274629468177,0.6840052388135671
leave_one_activity_out::TouchNose,4,1,4480,105,0.7047619047619048,0.6499564080209241,0.6485260770975056,0.7837837837837838,0.5161290322580645,"[[58, 16], [15, 16]]",31,74,2.2479567204561746,0.2547482749860993,0.6608544027898866,0.4653980604431875
leave_one_activity_out::TouchNose,4,2,4480,103,0.7475728155339806,0.7139269406392694,0.7053257042253521,0.7945205479452054,0.6333333333333333,"[[58, 15], [11, 19]]",30,73,0.7943430576383947,0.20210365292160834,0.8073059360730593,0.7117981849614654
sensor::acc_only,0,0,2464,105,0.7428571428571429,0.6582388840453357,0.6674486803519062,0.8648648648648649,0.45161290322580644,"[[64, 10], [17, 14]]",31,74,1.3631824923151468,0.2267581161917056,0.7205754141238012,0.512975724841402
sensor::acc_only,0,1,2464,103,0.6504854368932039,0.6257990867579908,0.6105042016806723,0.684931506849315,0.5666666666666667,"[[50, 23], [13, 17]]",30,73,1.2816425691399198,0.2732960322048769,0.7022831050228311,0.5417935364710736
sensor::acc_only,0,2,2464,102,0.7254901960784313,0.6731223429381199,0.6694444444444445,0.7945205479452054,0.5517241379310345,"[[58, 15], [13, 16]]",29,73,1.0101018788328056,0.22909238518581568,0.7123287671232877,0.6217601900355695
sensor::acc_only,1,0,2464,105,0.7047619047619048,0.6780732345248475,0.6654332408263953,0.7432432432432432,0.6129032258064516,"[[55, 19], [12, 19]]",31,74,1.216712457029273,0.2440411085153515,0.7044463818657367,0.5677559080850386
sensor::acc_only,1,1,2464,104,0.7115384615384616,0.6783783783783783,0.6670934699103712,0.7567567567567568,0.6,"[[56, 18], [12, 18]]",30,74,1.402335962579337,0.2142480412301428,0.786936936936937,0.5794824994658436
sensor::acc_only,1,2,2464,103,0.7475728155339806,0.7041095890410959,0.7000448028673836,0.8082191780821918,0.6,"[[59, 14], [12, 18]]",30,73,1.2503753937805195,0.22034775278922736,0.7360730593607306,0.5514946515317815
sensor::acc_only,2,0,2464,105,0.6476190476190476,0.6000435919790759,0.594509967644296,0.7162162162162162,0.4838709677419355,"[[53, 21], [16, 15]]",31,74,1.8022646807219396,0.2912449297894318,0.6168265039232781,0.4832192699255264
sensor::acc_only,2,1,2464,104,0.7211538461538461,0.6554054054054055,0.6569218518939824,0.8108108108108109,0.5,"[[60, 14], [15, 15]]",30,74,1.5349504747678222,0.24051258284583968,0.6912162162162162,0.5132917260246068
sensor::acc_only,2,2,2464,103,0.7281553398058253,0.6707762557077626,0.6707762557077626,0.8082191780821918,0.5333333333333333,"[[59, 14], [14, 16]]",30,73,1.238737520064186,0.24602780908143676,0.6917808219178083,0.5243449169813861
sensor::acc_only,3,0,2464,105,0.7333333333333333,0.6889712292938099,0.685359589041096,0.7972972972972973,0.5806451612903226,"[[59, 15], [13, 18]]",31,74,1.0199672602104186,0.21410614066018435,0.7567567567567567,0.6034735242923283
sensor::acc_only,3,1,2464,105,0.6857142857142857,0.6270706190061028,0.6258503401360545,0.7702702702702703,0.4838709677419355,"[[57, 17], [16, 15]]",31,74,1.8602061373551384,0.25675563026623216,0.7199215344376635,0.5063281954647528
sensor::acc_only,3,2,2464,103,0.7572815533980582,0.7011415525114155,0.7031015796148968,0.8356164383561644,0.5666666666666667,"[[61, 12], [13, 17]]",30,73,1.3005913488464884,0.19195721740329927,0.7817351598173516,0.5611091825701763
sensor::acc_only,4,0,2464,105,0.7714285714285715,0.753487358326068,0.7390223695111848,0.7972972972972973,0.7096774193548387,"[[59, 15], [9, 22]]",31,74,0.8054793657399213,0.18972360426729667,0.8212728857890148,0.7004603309131066
sensor::acc_only,4,1,2464,105,0.6952380952380952,0.6431996512641673,0.6404109589041096,0.7702702702702703,0.5161290322580645,"[[57, 17], [15, 16]]",31,74,2.2434458381286344,0.26481231964975377,0.6412380122057542,0.44537625508486156
sensor::acc_only,4,2,2464,103,0.7378640776699029,0.6874429223744292,0.6855850763143019,0.8082191780821918,0.5666666666666667,"[[59, 14], [13, 17]]",30,73,0.9219046129774431,0.21077651188345836,0.7397260273972603,0.6542107616504823
sensor::gyro_only,0,0,2464,105,0.6952380952380952,0.6338273757628596,0.6338273757628596,0.7837837837837838,0.4838709677419355,"[[58, 16], [16, 15]]",31,74,1.4773869361780483,0.25348092147566853,0.7136006974716651,0.5135752135547496
sensor::gyro_only,0,1,2464,103,0.7087378640776699,0.6472602739726028,0.6472602739726028,0.7945205479452054,0.5,"[[58, 15], [15, 15]]",30,73,1.504870270790536,0.24891447403230557,0.7100456621004566,0.5547405025692086
sensor::gyro_only,0,2,2464,102,0.7549019607843137,0.7144544166273028,0.7076693798005274,0.8082191780821918,0.6206896551724138,"[[59, 14], [11, 18]]",29,73,1.0624904689260402,0.20218355740033395,0.7487009919697686,0.6440707880894175
sensor::gyro_only,1,0,2464,105,0.7428571428571429,0.6863557105492589,0.6880844977445264,0.8243243243243243,0.5483870967741935,"[[61, 13], [14, 17]]",31,74,1.2434867845654871,0.23583280783812124,0.6813426329555362,0.5283364503090486
sensor::gyro_only,1,1,2464,104,0.6923076923076923,0.6450450450450451,0.6388888888888888,0.7567567567567568,0.5333333333333333,"[[56, 18], [14, 16]]",30,74,1.657434408070814,0.22854264323146542,0.7639639639639639,0.5515822367541017
sensor::gyro_only,1,2,2464,103,0.7766990291262136,0.7344748858447488,0.7321650650084794,0.8356164383561644,0.6333333333333333,"[[61, 12], [11, 19]]",30,73,1.2693384071976952,0.20948566496772672,0.7374429223744292,0.5652750884712724
sensor::gyro_only,2,0,2464,105,0.7142857142857143,0.6754577157802965,0.668560606060606,0.7702702702702703,0.5806451612903226,"[[57, 17], [13, 18]]",31,74,1.4143889555880451,0.24639472202638682,0.7144725370531823,0.5376481578058987
sensor::gyro_only,2,1,2464,104,0.6730769230769231,0.6018018018018019,0.6018018018018019,0.7702702702702703,0.43333333333333335,"[[57, 17], [17, 13]]",30,74,1.860298310275514,0.27830768894608704,0.6545045045045045,0.510425650354057
sensor::gyro_only,2,2,2464,103,0.6893203883495146,0.64337899543379,0.6373239436619718,0.7534246575342466,0.5333333333333333,"[[55, 18], [14, 16]]",30,73,1.3526037422986563,0.27440097605095465,0.6799086757990868,0.5245897565462344
sensor::gyro_only,3,0,2464,105,0.7333333333333333,0.6702266782911944,0.6733333333333333,0.8243243243243243,0.5161290322580645,"[[61, 13], [15, 16]]",31,74,1.2102179786183296,0.21694506371206987,0.7737576285963383,0.6037519063341628
sensor::gyro_only,3,1,2464,105,0.7142857142857143,0.6754577157802965,0.668560606060606,0.7702702702702703,0.5806451612903226,"[[57, 17], [13, 18]]",31,74,1.9288139663916042,0.2499962162378339,0.7286399302528335,0.5135823183012314
sensor::gyro_only,3,2,2464,103,0.7184466019417476,0.6442922374429223,0.6482985988461085,0.821917808219178,0.4666666666666667,"[[60, 13], [16, 14]]",30,73,1.3963148132778955,0.22268337937736243,0.7776255707762557,0.5073869153678787
sensor::gyro_only,4,0,2464,105,0.6952380952380952,0.6806887532693984,0.6618357487922706,0.7162162162162162,0.6451612903225806,"[[53, 21], [11, 20]]",31,74,0.9121214070785977,0.23342569266262317,0.7711421098517872,0.6574933473676866
sensor::gyro_only,4,1,2464,105,0.7047619047619048,0.6405841325196164,0.6418747937066784,0.7972972972972973,0.4838709677419355,"[[59, 15], [16, 15]]",31,74,2.3712188019097633,0.25957775186575327,0.6569311246730603,0.45557356572004076
sensor::gyro_only,4,2,2464,103,0.7281553398058253,0.7198630136986301,0.6970588235294117,0.7397260273972602,0.7,"[[54, 19], [9, 21]]",30,73,0.9545106979868676,0.2223260451516902,0.7904109589041095,0.6924132948991354
sensor::acc_gyro,0,0,4928,105,0.7142857142857143,0.6379686137750654,0.6426950998185118,0.8243243243243243,0.45161290322580644,"[[61, 13], [17, 14]]",31,74,1.3686575516706736,0.23708581685358465,0.7515257192676548,0.5486526900335141
sensor::acc_gyro,0,1,4928,103,0.7184466019417476,0.6639269406392694,0.6622950819672131,0.7945205479452054,0.5333333333333333,"[[58, 15], [14, 16]]",30,73,1.4817560404593793,0.2412593248856784,0.7424657534246576,0.5729735140664471
sensor::acc_gyro,0,2,4928,102,0.7745098039215687,0.7281530467642892,0.7257744009351257,0.8356164383561644,0.6206896551724138,"[[61, 12], [11, 18]]",29,73,1.0169423491878664,0.19073944515147467,0.7605101558809637,0.6610231926638471
sensor::acc_gyro,1,0,4928,105,0.7428571428571429,0.72384481255449,0.7086031452358927,0.7702702702702703,0.6774193548387096,"[[57, 17], [10, 21]]",31,74,1.1565291836264877,0.22728008533694552,0.7122929380993898,0.5824119751774686
sensor::acc_gyro,1,1,4928,104,0.75,0.7351351351351352,0.7159663865546219,0.7702702702702703,0.7,"[[57, 17], [9, 21]]",30,74,1.5707684038635814,0.2214402199455311,0.8009009009009009,0.5707516957680963
sensor::acc_gyro,1,2,4928,103,0.7475728155339806,0.6942922374429223,0.6942922374429223,0.821917808219178,0.5666666666666667,"[[60, 13], [13, 17]]",30,73,1.1921429445490557,0.2053362608382598,0.754337899543379,0.6003378550575936
sensor::acc_gyro,2,0,4928,105,0.7142857142857143,0.6660854402789886,0.6628852739726028,0.7837837837837838,0.5483870967741935,"[[58, 16], [14, 17]]",31,74,1.4387431533995672,0.23702623873086068,0.6948561464690496,0.5581174255159407
sensor::acc_gyro,2,1,4928,104,0.6826923076923077,0.6184684684684685,0.6172632987621278,0.7702702702702703,0.4666666666666667,"[[57, 17], [16, 14]]",30,74,1.9171939770162074,0.27461604909986187,0.6972972972972974,0.49410009378870345
sensor::acc_gyro,2,2,4928,103,0.7184466019417476,0.6835616438356165,0.6740861974904528,0.7671232876712328,0.6,"[[56, 17], [12, 18]]",30,73,1.2443663184870455,0.2497534129973242,0.7114155251141553,0.5511397637177711
sensor::acc_gyro,3,0,4928,105,0.7333333333333333,0.7077157802964255,0.6955260977630489,0.7702702702702703,0.6451612903225806,"[[57, 17], [11, 20]]",31,74,1.0668517646143287,0.20131654256249493,0.8016564952048824,0.6503401064461758
sensor::acc_gyro,3,1,4928,105,0.7333333333333333,0.7077157802964255,0.6955260977630489,0.7702702702702703,0.6451612903225806,"[[57, 17], [11, 20]]",31,74,1.9870243595881554,0.23538402954272192,0.7489102005231038,0.5196214821467219
sensor::acc_gyro,3,2,4928,103,0.7669902912621359,0.7079908675799087,0.712022367194781,0.8493150684931506,0.5666666666666667,"[[62, 11], [13, 17]]",30,73,1.299462913226558,0.18175166657720193,0.8015981735159817,0.5728560146300115
sensor::acc_gyro,4,0,4928,105,0.7428571428571429,0.7144725370531821,0.7041018682809728,0.7837837837837838,0.6451612903225806,"[[58, 16], [11, 20]]",31,74,0.8463135082051582,0.19159552250076814,0.8103748910200523,0.6783184995829621
sensor::acc_gyro,4,1,4928,105,0.7142857142857143,0.6567131647776809,0.6567131647776809,0.7972972972972973,0.5161290322580645,"[[59, 15], [15, 16]]",31,74,2.2850922644670084,0.2599158336634565,0.6682650392327811,0.4691343622928084
sensor::acc_gyro,4,2,4928,103,0.7572815533980582,0.730593607305936,0.7190398254228041,0.7945205479452054,0.6666666666666666,"[[58, 15], [10, 20]]",30,73,0.8279586245286846,0.20468813592457624,0.8164383561643836,0.7073888672832473
wrist::left_only,0,0,2464,105,0.6666666666666666,0.5760680034873583,0.5786033711730306,0.7972972972972973,0.3548387096774194,"[[59, 15], [20, 11]]",31,74,1.4418529850812534,0.2883836816445531,0.6033129904097646,0.43477550636005047
wrist::left_only,0,1,2464,103,0.6504854368932039,0.6257990867579908,0.6105042016806723,0.684931506849315,0.5666666666666667,"[[50, 23], [13, 17]]",30,73,1.8160667266707378,0.28114611405744255,0.7077625570776256,0.5285486503855055
wrist::left_only,0,2,2464,102,0.7549019607843137,0.7144544166273028,0.7076693798005274,0.8082191780821918,0.6206896551724138,"[[59, 14], [11, 18]]",29,73,0.9438437978491228,0.20886871698285492,0.7487009919697686,0.6617244418173948
wrist::left_only,1,0,2464,105,0.7047619047619048,0.6593286835222318,0.6546419098143237,0.7702702702702703,0.5483870967741935,"[[57, 17], [14, 17]]",31,74,1.3156512196021508,0.2654354384109844,0.6660854402789886,0.5027715245342204
wrist::left_only,1,1,2464,104,0.7115384615384616,0.6783783783783783,0.6670934699103712,0.7567567567567568,0.6,"[[56, 18], [12, 18]]",30,74,1.4440373715706205,0.21556240918844263,0.7504504504504504,0.5452536052333907
wrist::left_only,1,2,2464,103,0.7184466019417476,0.6835616438356165,0.6740861974904528,0.7671232876712328,0.6,"[[56, 17], [12, 18]]",30,73,1.397082179198178,0.22075812728409347,0.734703196347032,0.5664966657485184
wrist::left_only,2,0,2464,105,0.6761904761904762,0.6203138622493461,0.6179366438356164,0.7567567567567568,0.4838709677419355,"[[56, 18], [16, 15]]",31,74,1.8863772202442504,0.2953411388488574,0.6046207497820402,0.40965448456713094
wrist::left_only,2,1,2464,104,0.6730769230769231,0.5918918918918918,0.5935632183908046,0.7837837837837838,0.4,"[[58, 16], [18, 12]]",30,74,1.5035458212021706,0.268731266444063,0.6472972972972973,0.5018050461115681
wrist::left_only,2,2,2464,103,0.7281553398058253,0.6904109589041096,0.6826584507042254,0.7808219178082192,0.6,"[[57, 16], [12, 18]]",30,73,1.4609660691584945,0.25052144190066344,0.7077625570776256,0.4979738470838317
wrist::left_only,3,0,2464,105,0.780952380952381,0.7321272885789014,0.7342942017823744,0.8513513513513513,0.6129032258064516,"[[63, 11], [12, 19]]",31,74,0.8104001615423767,0.1957166661947017,0.7550130775937227,0.6603551960292989
wrist::left_only,3,1,2464,105,0.7523809523809524,0.7118570183086312,0.707833904109589,0.8108108108108109,0.6129032258064516,"[[60, 14], [12, 19]]",31,74,2.0899592678763192,0.2223305849912443,0.7349607672188317,0.5148445137165506
wrist::left_only,3,2,2464,103,0.7766990291262136,0.7246575342465753,0.7268534532457052,0.8493150684931506,0.6,"[[62, 11], [12, 18]]",30,73,0.7838801362700925,0.18061370611229793,0.7771689497716895,0.6205937574712537
wrist::left_only,4,0,2464,105,0.7333333333333333,0.7077157802964255,0.6955260977630489,0.7702702702702703,0.6451612903225806,"[[57, 17], [11, 20]]",31,74,1.1402534227669416,0.2189846178761312,0.7384481255448997,0.6035728966323428
wrist::left_only,4,1,2464,105,0.6761904761904762,0.6296861377506539,0.6243686868686869,0.7432432432432432,0.5161290322580645,"[[55, 19], [15, 16]]",31,74,2.3925044007121516,0.2746279101712312,0.6368788142981691,0.43774671583738606
wrist::left_only,4,2,2464,103,0.7281553398058253,0.6904109589041096,0.6826584507042254,0.7808219178082192,0.6,"[[57, 16], [12, 18]]",30,73,1.0663487729442112,0.24654648072273316,0.7401826484018265,0.595065935972184
wrist::right_only,0,0,2464,105,0.6761904761904762,0.6203138622493461,0.6179366438356164,0.7567567567567568,0.4838709677419355,"[[56, 18], [16, 15]]",31,74,1.486931471055918,0.2522391969392938,0.7406277244986922,0.518956976926101
wrist::right_only,0,1,2464,103,0.7184466019417476,0.6835616438356165,0.6740861974904528,0.7671232876712328,0.6,"[[56, 17], [12, 18]]",30,73,1.081223135209269,0.22903005400283563,0.7657534246575343,0.6095037264723672
wrist::right_only,0,2,2464,102,0.7450980392156863,0.6764289088332547,0.6800193050193051,0.8356164383561644,0.5172413793103449,"[[61, 12], [14, 15]]",29,73,0.9154476997102412,0.2055972383578281,0.7657061880018894,0.6575974790147601
wrist::right_only,1,0,2464,105,0.6476190476190476,0.6281604184829992,0.6115388461153884,0.6756756756756757,0.5806451612903226,"[[50, 24], [13, 18]]",31,74,1.1957712352840373,0.26821724682508535,0.6992153443766347,0.5508338736259922
wrist::right_only,1,1,2464,104,0.7307692307692307,0.6720720720720721,0.6720720720720721,0.8108108108108109,0.5333333333333333,"[[60, 14], [14, 16]]",30,74,1.6347263805302388,0.2273065287278688,0.786036036036036,0.5580777461047604
wrist::right_only,1,2,2464,103,0.7475728155339806,0.6844748858447489,0.6880242311276794,0.8356164383561644,0.5333333333333333,"[[61, 12], [14, 16]]",30,73,1.3965379440395804,0.21801998076053078,0.7150684931506849,0.506323307310603
wrist::right_only,2,0,2464,105,0.7428571428571429,0.6863557105492589,0.6880844977445264,0.8243243243243243,0.5483870967741935,"[[61, 13], [14, 17]]",31,74,1.3898808050649967,0.2319778783465849,0.6931124673060157,0.5210211458810534
wrist::right_only,2,1,2464,104,0.6634615384615384,0.5851351351351352,0.5859401660789444,0.7702702702702703,0.4,"[[57, 17], [18, 12]]",30,74,1.7162056505677308,0.2736934980285911,0.6936936936936937,0.4897879279649935
wrist::right_only,2,2,2464,103,0.6601941747572816,0.59337899543379,0.5924250989259469,0.7534246575342466,0.43333333333333335,"[[55, 18], [17, 13]]",30,73,1.147909553462524,0.2511362703079494,0.6735159817351598,0.5352612088359853
wrist::right_only,3,0,2464,105,0.6952380952380952,0.6525719267654752,0.6464646464646464,0.7567567567567568,0.5483870967741935,"[[56, 18], [14, 17]]",31,74,1.196768577214993,0.23729130194308903,0.7615518744551002,0.5704158629019062
wrist::right_only,3,1,2464,105,0.6857142857142857,0.6364428945074107,0.6323607427055703,0.7567567567567568,0.5161290322580645,"[[56, 18], [15, 16]]",31,74,1.4944845230849662,0.25293450476052975,0.7183958151700087,0.5191080247412407
wrist::right_only,3,2,2464,103,0.7184466019417476,0.654109589041096,0.6555978323532803,0.8082191780821918,0.5,"[[59, 14], [15, 15]]",30,73,1.5478228531181488,0.23014845481255625,0.7091324200913242,0.49180568670473596
wrist::right_only,4,0,2464,105,0.6952380952380952,0.6525719267654752,0.6464646464646464,0.7567567567567568,0.5483870967741935,"[[56, 18], [14, 17]]",31,74,1.027988589586314,0.2381532143381266,0.7179598953792502,0.5450019119397945
wrist::right_only,4,1,2464,105,0.7238095238095238,0.6822144725370531,0.676923076923077,0.7837837837837838,0.5806451612903226,"[[58, 16], [13, 18]]",31,74,2.3483591438918574,0.2499603836691519,0.6859197907585004,0.4780401899473473
wrist::right_only,4,2,2464,103,0.7669902912621359,0.7668949771689497,0.7403361344537815,0.7671232876712328,0.7666666666666667,"[[56, 17], [7, 23]]",30,73,0.7637507260086561,0.19126663639711536,0.8388127853881279,0.7437658435486286
wrist::bilateral,0,0,4928,105,0.7142857142857143,0.6379686137750654,0.6426950998185118,0.8243243243243243,0.45161290322580644,"[[61, 13], [17, 14]]",31,74,1.3686575516706736,0.23708581685358465,0.7515257192676548,0.5486526900335141
wrist::bilateral,0,1,4928,103,0.7184466019417476,0.6639269406392694,0.6622950819672131,0.7945205479452054,0.5333333333333333,"[[58, 15], [14, 16]]",30,73,1.4817560404593793,0.2412593248856784,0.7424657534246576,0.5729735140664471
wrist::bilateral,0,2,4928,102,0.7745098039215687,0.7281530467642892,0.7257744009351257,0.8356164383561644,0.6206896551724138,"[[61, 12], [11, 18]]",29,73,1.0169423491878664,0.19073944515147467,0.7605101558809637,0.6610231926638471
wrist::bilateral,1,0,4928,105,0.7428571428571429,0.72384481255449,0.7086031452358927,0.7702702702702703,0.6774193548387096,"[[57, 17], [10, 21]]",31,74,1.1565291836264877,0.22728008533694552,0.7122929380993898,0.5824119751774686
wrist::bilateral,1,1,4928,104,0.75,0.7351351351351352,0.7159663865546219,0.7702702702702703,0.7,"[[57, 17], [9, 21]]",30,74,1.5707684038635814,0.2214402199455311,0.8009009009009009,0.5707516957680963
wrist::bilateral,1,2,4928,103,0.7475728155339806,0.6942922374429223,0.6942922374429223,0.821917808219178,0.5666666666666667,"[[60, 13], [13, 17]]",30,73,1.1921429445490557,0.2053362608382598,0.754337899543379,0.6003378550575936
wrist::bilateral,2,0,4928,105,0.7142857142857143,0.6660854402789886,0.6628852739726028,0.7837837837837838,0.5483870967741935,"[[58, 16], [14, 17]]",31,74,1.4387431533995672,0.23702623873086068,0.6948561464690496,0.5581174255159407
wrist::bilateral,2,1,4928,104,0.6826923076923077,0.6184684684684685,0.6172632987621278,0.7702702702702703,0.4666666666666667,"[[57, 17], [16, 14]]",30,74,1.9171939770162074,0.27461604909986187,0.6972972972972974,0.49410009378870345
wrist::bilateral,2,2,4928,103,0.7184466019417476,0.6835616438356165,0.6740861974904528,0.7671232876712328,0.6,"[[56, 17], [12, 18]]",30,73,1.2443663184870455,0.2497534129973242,0.7114155251141553,0.5511397637177711
wrist::bilateral,3,0,4928,105,0.7333333333333333,0.7077157802964255,0.6955260977630489,0.7702702702702703,0.6451612903225806,"[[57, 17], [11, 20]]",31,74,1.0668517646143287,0.20131654256249493,0.8016564952048824,0.6503401064461758
wrist::bilateral,3,1,4928,105,0.7333333333333333,0.7077157802964255,0.6955260977630489,0.7702702702702703,0.6451612903225806,"[[57, 17], [11, 20]]",31,74,1.9870243595881554,0.23538402954272192,0.7489102005231038,0.5196214821467219
wrist::bilateral,3,2,4928,103,0.7669902912621359,0.7079908675799087,0.712022367194781,0.8493150684931506,0.5666666666666667,"[[62, 11], [13, 17]]",30,73,1.299462913226558,0.18175166657720193,0.8015981735159817,0.5728560146300115
wrist::bilateral,4,0,4928,105,0.7428571428571429,0.7144725370531821,0.7041018682809728,0.7837837837837838,0.6451612903225806,"[[58, 16], [11, 20]]",31,74,0.8463135082051582,0.19159552250076814,0.8103748910200523,0.6783184995829621
wrist::bilateral,4,1,4928,105,0.7142857142857143,0.6567131647776809,0.6567131647776809,0.7972972972972973,0.5161290322580645,"[[59, 15], [15, 16]]",31,74,2.2850922644670084,0.2599158336634565,0.6682650392327811,0.4691343622928084
wrist::bilateral,4,2,4928,103,0.7572815533980582,0.730593607305936,0.7190398254228041,0.7945205479452054,0.6666666666666666,"[[58, 15], [10, 20]]",30,73,0.8279586245286846,0.20468813592457624,0.8164383561643836,0.7073888672832473
