model,kind,activity,seed,outer,inner,probe_ba,probe_auroc
v8,activity_raw,CrossArms,42,0,0,0.5568875326939843,0.5802092414995641
v8,activity_raw,CrossArms,42,0,1,0.5865296803652968,0.6164383561643835
v8,activity_raw,CrossArms,42,0,2,0.6112423240434577,0.6395843174303258
v8,activity_raw,CrossArms,42,1,0,0.531386224934612,0.5178727114210985
v8,activity_raw,CrossArms,42,1,1,0.5513513513513514,0.6036036036036037
v8,activity_raw,CrossArms,42,1,2,0.6835616438356165,0.7022831050228311
v8,activity_raw,CrossArms,42,2,0,0.6713164777680907,0.6931124673060157
v8,activity_raw,CrossArms,42,2,1,0.5513513513513514,0.6040540540540541
v8,activity_raw,CrossArms,42,2,2,0.6031963470319635,0.6452054794520548
v8,activity_raw,CrossArms,42,3,0,0.6094158674803836,0.6434176111595467
v8,activity_raw,CrossArms,42,3,1,0.6214036617262424,0.6364428945074107
v8,activity_raw,CrossArms,42,3,2,0.6159817351598174,0.6401826484018266
v8,activity_raw,CrossArms,42,4,0,0.6041848299912816,0.6669572798605057
v8,activity_raw,CrossArms,42,4,1,0.5272449869224063,0.6268526591107235
v8,activity_raw,CrossArms,42,4,2,0.6100456621004566,0.7059360730593608
v8,activity_raw,CrossArms,43,0,0,0.5974280732345248,0.565387968613775
v8,activity_raw,CrossArms,43,0,1,0.4876712328767123,0.5082191780821919
v8,activity_raw,CrossArms,43,0,2,0.5906943788379783,0.6476145488899386
v8,activity_raw,CrossArms,43,1,0,0.5475152571926766,0.5701830863121187
v8,activity_raw,CrossArms,43,1,1,0.4472972972972973,0.422972972972973
v8,activity_raw,CrossArms,43,1,2,0.571917808219178,0.6164383561643836
v8,activity_raw,CrossArms,43,2,0,0.5272449869224063,0.5510026155187444
v8,activity_raw,CrossArms,43,2,1,0.6481981981981981,0.6981981981981982
v8,activity_raw,CrossArms,43,2,2,0.582648401826484,0.6438356164383562
v8,activity_raw,CrossArms,43,3,0,0.6161726242371404,0.608108108108108
v8,activity_raw,CrossArms,43,3,1,0.5610287707061901,0.56974716652136
v8,activity_raw,CrossArms,43,3,2,0.6091324200913242,0.628310502283105
v8,activity_raw,CrossArms,43,4,0,0.5891455972101134,0.6238012205754142
v8,activity_raw,CrossArms,43,4,1,0.5932868352223191,0.6081081081081081
v8,activity_raw,CrossArms,43,4,2,0.5972602739726027,0.6424657534246576
v8,activity_raw,CrossArms,44,0,0,0.5422842197035745,0.5335658238884046
v8,activity_raw,CrossArms,44,0,1,0.6061643835616438,0.6191780821917807
v8,activity_raw,CrossArms,44,0,2,0.576995748700992,0.6178554558337269
v8,activity_raw,CrossArms,44,1,0,0.5610287707061901,0.5409764603312991
v8,activity_raw,CrossArms,44,1,1,0.5711711711711711,0.6027027027027028
v8,activity_raw,CrossArms,44,1,2,0.5659817351598173,0.6534246575342466
v8,activity_raw,CrossArms,44,2,0,0.5704010462074978,0.606364428945074
v8,activity_raw,CrossArms,44,2,1,0.5882882882882883,0.5513513513513514
v8,activity_raw,CrossArms,44,2,2,0.5767123287671233,0.5680365296803653
v8,activity_raw,CrossArms,44,3,0,0.6255448997384481,0.6682650392327811
v8,activity_raw,CrossArms,44,3,1,0.5786835222319093,0.6530078465562336
v8,activity_raw,CrossArms,44,3,2,0.6630136986301369,0.6785388127853882
v8,activity_raw,CrossArms,44,4,0,0.6135571054925893,0.6416739319965127
v8,activity_raw,CrossArms,44,4,1,0.5272449869224063,0.5867480383609416
v8,activity_raw,CrossArms,44,4,2,0.6639269406392694,0.6607305936073059
v8,activity_raw,DrinkGlas,42,0,0,0.553182214472537,0.5832606800348735
v8,activity_raw,DrinkGlas,42,0,1,0.5894977168949771,0.5926940639269408
v8,activity_raw,DrinkGlas,42,0,2,0.5734529995276334,0.5668398677373642
v8,activity_raw,DrinkGlas,42,1,0,0.6109415867480383,0.6107236268526591
v8,activity_raw,DrinkGlas,42,1,1,0.540990990990991,0.645045045045045
v8,activity_raw,DrinkGlas,42,1,2,0.5493150684931507,0.5662100456621005
v8,activity_raw,DrinkGlas,42,2,0,0.6000435919790759,0.6224934612031385
v8,activity_raw,DrinkGlas,42,2,1,0.618018018018018,0.6481981981981981
v8,activity_raw,DrinkGlas,42,2,2,0.532648401826484,0.5552511415525114
v8,activity_raw,DrinkGlas,42,3,0,0.6578029642545772,0.6952920662598081
v8,activity_raw,DrinkGlas,42,3,1,0.5786835222319093,0.6085440278988666
v8,activity_raw,DrinkGlas,42,3,2,0.6296803652968037,0.6931506849315069
v8,activity_raw,DrinkGlas,42,4,0,0.7279860505666957,0.7493461203138622
v8,activity_raw,DrinkGlas,42,4,1,0.6687009590235398,0.651700087183958
v8,activity_raw,DrinkGlas,42,4,2,0.6404109589041096,0.6534246575342465
v8,activity_raw,DrinkGlas,43,0,0,0.5302964254577158,0.513949433304272
v8,activity_raw,DrinkGlas,43,0,1,0.4876712328767123,0.4940639269406393
v8,activity_raw,DrinkGlas,43,0,2,0.5458195559754369,0.6088804912612187
v8,activity_raw,DrinkGlas,43,1,0,0.5126416739319966,0.5627724498692241
v8,activity_raw,DrinkGlas,43,1,1,0.5243243243243243,0.5454954954954955
v8,activity_raw,DrinkGlas,43,1,2,0.59337899543379,0.6360730593607307
v8,activity_raw,DrinkGlas,43,2,0,0.590671316477768,0.6006974716652136
v8,activity_raw,DrinkGlas,43,2,1,0.5945945945945945,0.6022522522522522
v8,activity_raw,DrinkGlas,43,2,2,0.5347031963470319,0.4894977168949772
v8,activity_raw,DrinkGlas,43,3,0,0.6026591107236268,0.602005231037489
v8,activity_raw,DrinkGlas,43,3,1,0.5932868352223191,0.5832606800348735
v8,activity_raw,DrinkGlas,43,3,2,0.5757990867579909,0.5762557077625572
v8,activity_raw,DrinkGlas,43,4,0,0.6203138622493461,0.6115954664341762
v8,activity_raw,DrinkGlas,43,4,1,0.5527462946817785,0.5823888404533566
v8,activity_raw,DrinkGlas,43,4,2,0.6011415525114155,0.5940639269406393
v8,activity_raw,DrinkGlas,44,0,0,0.5178727114210986,0.5383609415867481
v8,activity_raw,DrinkGlas,44,0,1,0.49748858447488586,0.5146118721461188
v8,activity_raw,DrinkGlas,44,0,2,0.6492678318375058,0.7132735002361833
v8,activity_raw,DrinkGlas,44,1,0,0.5797733217088056,0.5884917175239757
v8,activity_raw,DrinkGlas,44,1,1,0.5873873873873874,0.6225225225225225
v8,activity_raw,DrinkGlas,44,1,2,0.6100456621004566,0.6694063926940639
v8,activity_raw,DrinkGlas,44,2,0,0.5693112467306016,0.5924149956408021
v8,activity_raw,DrinkGlas,44,2,1,0.5644144144144144,0.6117117117117119
v8,activity_raw,DrinkGlas,44,2,2,0.5522831050228311,0.5968036529680365
v8,activity_raw,DrinkGlas,44,3,0,0.5771578029642546,0.570619006102877
v8,activity_raw,DrinkGlas,44,3,1,0.5865300784655623,0.5802092414995641
v8,activity_raw,DrinkGlas,44,3,2,0.5091324200913242,0.6187214611872146
v8,activity_raw,DrinkGlas,44,4,0,0.6109415867480383,0.6612903225806452
v8,activity_raw,DrinkGlas,44,4,1,0.5490409764603312,0.5479511769834351
v8,activity_raw,DrinkGlas,44,4,2,0.59337899543379,0.6543378995433791
v8,activity_raw,Entrainment,42,0,0,0.5516564952048824,0.6482127288578902
v8,activity_raw,Entrainment,42,0,1,0.6296803652968037,0.6310502283105023
v8,activity_raw,Entrainment,42,0,2,0.504959848842702,0.5238545111006141
v8,activity_raw,Entrainment,42,1,0,0.5433740191804708,0.5876198779424585
v8,activity_raw,Entrainment,42,1,1,0.5382882882882882,0.5981981981981982
v8,activity_raw,Entrainment,42,1,2,0.5787671232876712,0.6333333333333334
v8,activity_raw,Entrainment,42,2,0,0.5730165649520489,0.6224934612031385
v8,activity_raw,Entrainment,42,2,1,0.5882882882882883,0.5581081081081081
v8,activity_raw,Entrainment,42,2,2,0.6111872146118722,0.5625570776255708
v8,activity_raw,Entrainment,42,3,0,0.4882301656495205,0.4542284219703574
v8,activity_raw,Entrainment,42,3,1,0.4882301656495205,0.5047951176983435
v8,activity_raw,Entrainment,42,3,2,0.5121004566210046,0.5470319634703197
v8,activity_raw,Entrainment,42,4,0,0.5974280732345248,0.588055797733217
v8,activity_raw,Entrainment,42,4,1,0.5771578029642546,0.53487358326068
v8,activity_raw,Entrainment,42,4,2,0.5963470319634703,0.5990867579908675
v8,activity_raw,Entrainment,43,0,0,0.49237140366172627,0.534001743679163
v8,activity_raw,Entrainment,43,0,1,0.5787671232876712,0.5995433789954338
v8,activity_raw,Entrainment,43,0,2,0.46717052432687767,0.47803495512517713
v8,activity_raw,Entrainment,43,1,0,0.6120313862249346,0.6625980819529207
v8,activity_raw,Entrainment,43,1,1,0.627927927927928,0.5743243243243243
v8,activity_raw,Entrainment,43,1,2,0.5082191780821919,0.5150684931506849
v8,activity_raw,Entrainment,43,2,0,0.44768962510897997,0.4612031386224935
v8,activity_raw,Entrainment,43,2,1,0.5243243243243243,0.536936936936937
v8,activity_raw,Entrainment,43,2,2,0.4778538812785388,0.4853881278538813
v8,activity_raw,Entrainment,43,3,0,0.5666957279860506,0.5832606800348735
v8,activity_raw,Entrainment,43,3,1,0.6416739319965127,0.6495204882301656
v8,activity_raw,Entrainment,43,3,2,0.5100456621004567,0.5762557077625571
v8,activity_raw,Entrainment,43,4,0,0.4221883173496077,0.4145597210113339
v8,activity_raw,Entrainment,43,4,1,0.4274193548387097,0.4638186573670445
v8,activity_raw,Entrainment,43,4,2,0.5817351598173516,0.5844748858447488
v8,activity_raw,Entrainment,44,0,0,0.49237140366172627,0.5065387968613775
v8,activity_raw,Entrainment,44,0,1,0.5248858447488585,0.5575342465753426
v8,activity_raw,Entrainment,44,0,2,0.552905054322154,0.5304676428908833
v8,activity_raw,Entrainment,44,1,0,0.5501307759372276,0.5693112467306016
v8,activity_raw,Entrainment,44,1,1,0.5617117117117117,0.5747747747747748
v8,activity_raw,Entrainment,44,1,2,0.42397260273972603,0.45433789954337905
v8,activity_raw,Entrainment,44,2,0,0.5355274629468179,0.5701830863121186
v8,activity_raw,Entrainment,44,2,1,0.5540540540540541,0.5743243243243243
v8,activity_raw,Entrainment,44,2,2,0.5808219178082192,0.5894977168949771
v8,activity_raw,Entrainment,44,3,0,0.5272449869224063,0.5819529206625981
v8,activity_raw,Entrainment,44,3,1,0.5714908456843941,0.5863121185701831
v8,activity_raw,Entrainment,44,3,2,0.4748858447488584,0.4849315068493151
v8,activity_raw,Entrainment,44,4,0,0.5490409764603312,0.5536181342632955
v8,activity_raw,Entrainment,44,4,1,0.47624237140366177,0.481691368788143
v8,activity_raw,Entrainment,44,4,2,0.6159817351598174,0.6429223744292237
v8,activity_raw,HoldWeight,42,0,0,0.5839145597210114,0.6508282476024412
v8,activity_raw,HoldWeight,42,0,1,0.5942922374429224,0.5621004566210046
v8,activity_raw,HoldWeight,42,0,2,0.6183278223901747,0.6830420406235238
v8,activity_raw,HoldWeight,42,1,0,0.5329119442022667,0.5527462946817785
v8,activity_raw,HoldWeight,42,1,1,0.5815315315315315,0.6756756756756758
v8,activity_raw,HoldWeight,42,1,2,0.582648401826484,0.6100456621004566
v8,activity_raw,HoldWeight,42,2,0,0.5475152571926766,0.5309503051438536
v8,activity_raw,HoldWeight,42,2,1,0.6581081081081082,0.7085585585585585
v8,activity_raw,HoldWeight,42,2,2,0.5796803652968037,0.6474885844748859
v8,activity_raw,HoldWeight,42,3,0,0.6011333914559721,0.6499564080209241
v8,activity_raw,HoldWeight,42,3,1,0.555797733217088,0.6316477768090671
v8,activity_raw,HoldWeight,42,3,2,0.5668949771689498,0.5351598173515981
v8,activity_raw,HoldWeight,42,4,0,0.5542720139494333,0.6312118570183086
v8,activity_raw,HoldWeight,42,4,1,0.5340017436791631,0.576721883173496
v8,activity_raw,HoldWeight,42,4,2,0.6520547945205479,0.7178082191780821
v8,activity_raw,HoldWeight,43,0,0,0.49803836094158677,0.5117698343504795
v8,activity_raw,HoldWeight,43,0,1,0.6159817351598174,0.6410958904109588
v8,activity_raw,HoldWeight,43,0,2,0.5562116202172886,0.5658951346244686
v8,activity_raw,HoldWeight,43,1,0,0.48299912816041846,0.48997384481255446
v8,activity_raw,HoldWeight,43,1,1,0.5207207207207207,0.5126126126126127
v8,activity_raw,HoldWeight,43,1,2,0.5856164383561644,0.6292237442922375
v8,activity_raw,HoldWeight,43,2,0,0.5568875326939843,0.5605928509154317
v8,activity_raw,HoldWeight,43,2,1,0.590990990990991,0.6162162162162163
v8,activity_raw,HoldWeight,43,2,2,0.6070776255707763,0.5972602739726027
v8,activity_raw,HoldWeight,43,3,0,0.6041848299912816,0.6063644289450741
v8,activity_raw,HoldWeight,43,3,1,0.5636442894507411,0.6211857018308631
v8,activity_raw,HoldWeight,43,3,2,0.5737442922374429,0.5767123287671233
v8,activity_raw,HoldWeight,43,4,0,0.5693112467306016,0.6155187445510026
v8,activity_raw,HoldWeight,43,4,1,0.5839145597210114,0.6146469049694857
v8,activity_raw,HoldWeight,43,4,2,0.5100456621004567,0.5242009132420091
v8,activity_raw,HoldWeight,44,0,0,0.5651700087183957,0.5701830863121187
v8,activity_raw,HoldWeight,44,0,1,0.5865296803652968,0.6255707762557078
v8,activity_raw,HoldWeight,44,0,2,0.6183278223901747,0.5692017005196033
v8,activity_raw,HoldWeight,44,1,0,0.5573234524847428,0.500871839581517
v8,activity_raw,HoldWeight,44,1,1,0.5945945945945945,0.6121621621621621
v8,activity_raw,HoldWeight,44,1,2,0.47876712328767124,0.49863013698630143
v8,activity_raw,HoldWeight,44,2,0,0.5220139494333043,0.5353095030514385
v8,activity_raw,HoldWeight,44,2,1,0.6049549549549549,0.6905405405405406
v8,activity_raw,HoldWeight,44,2,2,0.5865296803652968,0.5789954337899543
v8,activity_raw,HoldWeight,44,3,0,0.555797733217088,0.5719267654751525
v8,activity_raw,HoldWeight,44,3,1,0.5396687009590235,0.5815170008718397
v8,activity_raw,HoldWeight,44,3,2,0.5621004566210046,0.569406392694064
v8,activity_raw,HoldWeight,44,4,0,0.5839145597210114,0.6368788142981691
v8,activity_raw,HoldWeight,44,4,1,0.5797733217088056,0.6020052310374892
v8,activity_raw,HoldWeight,44,4,2,0.5257990867579908,0.5570776255707763
v8,activity_raw,LiftHold,42,0,0,0.5542720139494333,0.5928509154315607
v8,activity_raw,LiftHold,42,0,1,0.5796803652968037,0.5872146118721461
v8,activity_raw,LiftHold,42,0,2,0.5592820028341994,0.6221067548417571
v8,activity_raw,LiftHold,42,1,0,0.6135571054925893,0.6394943330427201
v8,activity_raw,LiftHold,42,1,1,0.4914414414414414,0.5261261261261262
v8,activity_raw,LiftHold,42,1,2,0.6600456621004567,0.6598173515981736
v8,activity_raw,LiftHold,42,2,0,0.6000435919790759,0.6264167393199651
v8,activity_raw,LiftHold,42,2,1,0.631981981981982,0.6936936936936936
v8,activity_raw,LiftHold,42,2,2,0.5972602739726027,0.691324200913242
v8,activity_raw,LiftHold,42,3,0,0.6083260680034873,0.6050566695727986
v8,activity_raw,LiftHold,42,3,1,0.49498692240627723,0.5876198779424586
v8,activity_raw,LiftHold,42,3,2,0.602283105022831,0.6525114155251142
v8,activity_raw,LiftHold,42,4,0,0.5220139494333043,0.5945945945945945
v8,activity_raw,LiftHold,42,4,1,0.5501307759372276,0.5353095030514385
v8,activity_raw,LiftHold,42,4,2,0.6561643835616437,0.654337899543379
v8,activity_raw,LiftHold,43,0,0,0.5302964254577158,0.5
v8,activity_raw,LiftHold,43,0,1,0.665068493150685,0.6799086757990866
v8,activity_raw,LiftHold,43,0,2,0.6043930089749646,0.5904581955597544
v8,activity_raw,LiftHold,43,1,0,0.6323016564952049,0.6752397558849171
v8,activity_raw,LiftHold,43,1,1,0.5144144144144144,0.5301801801801802
v8,activity_raw,LiftHold,43,1,2,0.6344748858447489,0.5894977168949771
v8,activity_raw,LiftHold,43,2,0,0.6000435919790759,0.6155187445510025
v8,activity_raw,LiftHold,43,2,1,0.6522522522522523,0.736936936936937
v8,activity_raw,LiftHold,43,2,2,0.5404109589041096,0.5237442922374429
v8,activity_raw,LiftHold,43,3,0,0.5490409764603312,0.5143853530950306
v8,activity_raw,LiftHold,43,3,1,0.5220139494333043,0.5492589363557105
v8,activity_raw,LiftHold,43,3,2,0.6404109589041096,0.5894977168949772
v8,activity_raw,LiftHold,43,4,0,0.5163469921534437,0.5013077593722755
v8,activity_raw,LiftHold,43,4,1,0.5141673931996513,0.5579773321708805
v8,activity_raw,LiftHold,43,4,2,0.5189497716894977,0.5579908675799087
v8,activity_raw,LiftHold,44,0,0,0.5501307759372276,0.6325196163905842
v8,activity_raw,LiftHold,44,0,1,0.5385844748858448,0.5858447488584475
v8,activity_raw,LiftHold,44,0,2,0.6076995748700992,0.65375531412376
v8,activity_raw,LiftHold,44,1,0,0.558413251961639,0.6011333914559721
v8,activity_raw,LiftHold,44,1,1,0.5076576576576577,0.522972972972973
v8,activity_raw,LiftHold,44,1,2,0.49155251141552514,0.5214611872146119
v8,activity_raw,LiftHold,44,2,0,0.5017436791630341,0.573234524847428
v8,activity_raw,LiftHold,44,2,1,0.6644144144144144,0.6774774774774776
v8,activity_raw,LiftHold,44,2,2,0.5454337899543379,0.6146118721461187
v8,activity_raw,LiftHold,44,3,0,0.4777680906713165,0.5252833478639929
v8,activity_raw,LiftHold,44,3,1,0.5340017436791631,0.540104620749782
v8,activity_raw,LiftHold,44,3,2,0.5856164383561644,0.5986301369863013
v8,activity_raw,LiftHold,44,4,0,0.5220139494333043,0.5932868352223191
v8,activity_raw,LiftHold,44,4,1,0.5771578029642546,0.5536181342632956
v8,activity_raw,LiftHold,44,4,2,0.5278538812785388,0.5621004566210046
v8,activity_raw,PointFinger,42,0,0,0.6608544027898866,0.6739319965126417
v8,activity_raw,PointFinger,42,0,1,0.580593607305936,0.6621004566210046
v8,activity_raw,PointFinger,42,0,2,0.5734529995276334,0.5852621634388285
v8,activity_raw,PointFinger,42,1,0,0.5636442894507411,0.595030514385353
v8,activity_raw,PointFinger,42,1,1,0.5716216216216217,0.6387387387387388
v8,activity_raw,PointFinger,42,1,2,0.613013698630137,0.6333333333333334
v8,activity_raw,PointFinger,42,2,0,0.46687009590235395,0.46904969485614645
v8,activity_raw,PointFinger,42,2,1,0.5846846846846847,0.6414414414414414
v8,activity_raw,PointFinger,42,2,2,0.5984018264840183,0.5735159817351598
v8,activity_raw,PointFinger,42,3,0,0.6338273757628596,0.6695727986050567
v8,activity_raw,PointFinger,42,3,1,0.5433740191804708,0.5854402789886661
v8,activity_raw,PointFinger,42,3,2,0.5728310502283105,0.5945205479452055
v8,activity_raw,PointFinger,42,4,0,0.5662598081952921,0.6277244986922406
v8,activity_raw,PointFinger,42,4,1,0.5880557977332171,0.6381865736704446
v8,activity_raw,PointFinger,42,4,2,0.5817351598173516,0.6273972602739726
v8,activity_raw,PointFinger,43,0,0,0.558413251961639,0.6054925893635571
v8,activity_raw,PointFinger,43,0,1,0.4856164383561644,0.5643835616438357
v8,activity_raw,PointFinger,43,0,2,0.5871516296646198,0.5474728389230044
v8,activity_raw,PointFinger,43,1,0,0.5085004359197908,0.519180470793374
v8,activity_raw,PointFinger,43,1,1,0.5441441441441441,0.5864864864864864
v8,activity_raw,PointFinger,43,1,2,0.5668949771689498,0.6127853881278539
v8,activity_raw,PointFinger,43,2,0,0.4679598953792502,0.505231037489102
v8,activity_raw,PointFinger,43,2,1,0.5815315315315315,0.5981981981981981
v8,activity_raw,PointFinger,43,2,2,0.5915525114155251,0.5744292237442923
v8,activity_raw,PointFinger,43,3,0,0.6135571054925893,0.6573670444638186
v8,activity_raw,PointFinger,43,3,1,0.5490409764603312,0.5326939843068875
v8,activity_raw,PointFinger,43,3,2,0.623744292237443,0.6611872146118721
v8,activity_raw,PointFinger,43,4,0,0.6375326939843069,0.6469049694856146
v8,activity_raw,PointFinger,43,4,1,0.5433740191804708,0.5806451612903225
v8,activity_raw,PointFinger,43,4,2,0.48652968036529676,0.578082191780822
v8,activity_raw,PointFinger,44,0,0,0.5111159546643418,0.5658238884045336
v8,activity_raw,PointFinger,44,0,1,0.5013698630136987,0.593607305936073
v8,activity_raw,PointFinger,44,0,2,0.5975436939064714,0.6069910250354276
v8,activity_raw,PointFinger,44,1,0,0.5204882301656495,0.5666957279860506
v8,activity_raw,PointFinger,44,1,1,0.5846846846846847,0.6031531531531531
v8,activity_raw,PointFinger,44,1,2,0.4689497716894977,0.4840182648401826
v8,activity_raw,PointFinger,44,2,0,0.6484306887532694,0.7044463818657366
v8,activity_raw,PointFinger,44,2,1,0.6481981981981981,0.6531531531531531
v8,activity_raw,PointFinger,44,2,2,0.5513698630136986,0.5255707762557077
v8,activity_raw,PointFinger,44,3,0,0.5392327811682651,0.554925893635571
v8,activity_raw,PointFinger,44,3,1,0.5677855274629469,0.5867480383609416
v8,activity_raw,PointFinger,44,3,2,0.5052511415525114,0.510958904109589
v8,activity_raw,PointFinger,44,4,0,0.5433740191804708,0.5021795989537925
v8,activity_raw,PointFinger,44,4,1,0.5340017436791631,0.5562336530078466
v8,activity_raw,PointFinger,44,4,2,0.44452054794520546,0.4561643835616438
v8,activity_raw,Relaxed,42,0,0,0.6218395815170009,0.6429816913687881
v8,activity_raw,Relaxed,42,0,1,0.5630136986301371,0.5515981735159818
v8,activity_raw,Relaxed,42,0,2,0.5011809163911195,0.5526688710439301
v8,activity_raw,Relaxed,42,1,0,0.6094158674803836,0.6037489102005231
v8,activity_raw,Relaxed,42,1,1,0.5144144144144144,0.5067567567567567
v8,activity_raw,Relaxed,42,1,2,0.5061643835616438,0.5077625570776255
v8,activity_raw,Relaxed,42,2,0,0.5329119442022667,0.6059285091543156
v8,activity_raw,Relaxed,42,2,1,0.48108108108108105,0.4680180180180181
v8,activity_raw,Relaxed,42,2,2,0.4876712328767123,0.4808219178082192
v8,activity_raw,Relaxed,42,3,0,0.5579773321708805,0.6155187445510025
v8,activity_raw,Relaxed,42,3,1,0.48299912816041846,0.47951176983435045
v8,activity_raw,Relaxed,42,3,2,0.5865296803652968,0.6470319634703195
v8,activity_raw,Relaxed,42,4,0,0.4788578901482127,0.4882301656495205
v8,activity_raw,Relaxed,42,4,1,0.49498692240627723,0.47166521360069746
v8,activity_raw,Relaxed,42,4,2,0.532648401826484,0.5648401826484019
v8,activity_raw,Relaxed,43,0,0,0.6094158674803836,0.6172624237140366
v8,activity_raw,Relaxed,43,0,1,0.5513698630136986,0.49360730593607305
v8,activity_raw,Relaxed,43,0,2,0.5460557392536609,0.5436939064714218
v8,activity_raw,Relaxed,43,1,0,0.4559721011333915,0.486050566695728
v8,activity_raw,Relaxed,43,1,1,0.5743243243243243,0.6063063063063061
v8,activity_raw,Relaxed,43,1,2,0.5404109589041096,0.5383561643835617
v8,activity_raw,Relaxed,43,2,0,0.5797733217088056,0.5248474280732345
v8,activity_raw,Relaxed,43,2,1,0.5680180180180181,0.5720720720720721
v8,activity_raw,Relaxed,43,2,2,0.5287671232876712,0.5082191780821919
v8,activity_raw,Relaxed,43,3,0,0.6536617262423714,0.6534437663469922
v8,activity_raw,Relaxed,43,3,1,0.5693112467306016,0.5680034873583261
v8,activity_raw,Relaxed,43,3,2,0.5570776255707762,0.54337899543379
v8,activity_raw,Relaxed,43,4,0,0.568875326939843,0.5789014821272886
v8,activity_raw,Relaxed,43,4,1,0.4882301656495205,0.5004359197907586
v8,activity_raw,Relaxed,43,4,2,0.48264840182648405,0.43561643835616437
v8,activity_raw,Relaxed,44,0,0,0.5231037489102005,0.5300784655623365
v8,activity_raw,Relaxed,44,0,1,0.5415525114155251,0.4981735159817352
v8,activity_raw,Relaxed,44,0,2,0.5666036844591402,0.567312234293812
v8,activity_raw,Relaxed,44,1,0,0.472101133391456,0.5126416739319966
v8,activity_raw,Relaxed,44,1,1,0.5279279279279279,0.5049549549549548
v8,activity_raw,Relaxed,44,1,2,0.5767123287671233,0.5680365296803653
v8,activity_raw,Relaxed,44,2,0,0.4653443766346992,0.4398430688753269
v8,activity_raw,Relaxed,44,2,1,0.468018018018018,0.4477477477477478
v8,activity_raw,Relaxed,44,2,2,0.5228310502283104,0.5237442922374429
v8,activity_raw,Relaxed,44,3,0,0.5677855274629469,0.5610287707061901
v8,activity_raw,Relaxed,44,3,1,0.5276809067131647,0.5126416739319966
v8,activity_raw,Relaxed,44,3,2,0.5463470319634703,0.5945205479452054
v8,activity_raw,Relaxed,44,4,0,0.5298605056669573,0.513077593722755
v8,activity_raw,Relaxed,44,4,1,0.49498692240627723,0.45902353966870096
v8,activity_raw,Relaxed,44,4,2,0.5630136986301371,0.5954337899543379
v8,activity_raw,RelaxedTask,42,0,0,0.5381429816913688,0.6072362685265912
v8,activity_raw,RelaxedTask,42,0,1,0.634703196347032,0.6187214611872145
v8,activity_raw,RelaxedTask,42,0,2,0.5906943788379783,0.65375531412376
v8,activity_raw,RelaxedTask,42,1,0,0.5433740191804708,0.5854402789886661
v8,activity_raw,RelaxedTask,42,1,1,0.5720720720720721,0.6157657657657658
v8,activity_raw,RelaxedTask,42,1,2,0.5356164383561643,0.5593607305936074
v8,activity_raw,RelaxedTask,42,2,0,0.4934612031386225,0.5082824760244116
v8,activity_raw,RelaxedTask,42,2,1,0.49774774774774777,0.4522522522522523
v8,activity_raw,RelaxedTask,42,2,2,0.5739726027397261,0.6132420091324201
v8,activity_raw,RelaxedTask,42,3,0,0.5178727114210986,0.6011333914559721
v8,activity_raw,RelaxedTask,42,3,1,0.5771578029642546,0.5889276373147341
v8,activity_raw,RelaxedTask,42,3,2,0.5757990867579909,0.6388127853881279
v8,activity_raw,RelaxedTask,42,4,0,0.531386224934612,0.5309503051438536
v8,activity_raw,RelaxedTask,42,4,1,0.5287707061900611,0.540976460331299
v8,activity_raw,RelaxedTask,42,4,2,0.630593607305936,0.663013698630137
v8,activity_raw,RelaxedTask,43,0,0,0.531386224934612,0.6338273757628596
v8,activity_raw,RelaxedTask,43,0,1,0.4856164383561644,0.4598173515981735
v8,activity_raw,RelaxedTask,43,0,2,0.5252716107699575,0.5167690127538971
v8,activity_raw,RelaxedTask,43,1,0,0.536617262423714,0.6089799476896252
v8,activity_raw,RelaxedTask,43,1,1,0.6211711711711712,0.6261261261261262
v8,activity_raw,RelaxedTask,43,1,2,0.6424657534246575,0.6680365296803653
v8,activity_raw,RelaxedTask,43,2,0,0.5272449869224063,0.5758500435919791
v8,activity_raw,RelaxedTask,43,2,1,0.6117117117117117,0.518918918918919
v8,activity_raw,RelaxedTask,43,2,2,0.5924657534246576,0.630593607305936
v8,activity_raw,RelaxedTask,43,3,0,0.5756320836965998,0.5771578029642546
v8,activity_raw,RelaxedTask,43,3,1,0.5828247602441151,0.6046207497820401
v8,activity_raw,RelaxedTask,43,3,2,0.5335616438356164,0.48447488584474885
v8,activity_raw,RelaxedTask,43,4,0,0.5839145597210114,0.5710549258936355
v8,activity_raw,RelaxedTask,43,4,1,0.4679598953792502,0.476460331299041
v8,activity_raw,RelaxedTask,43,4,2,0.46301369863013697,0.4694063926940639
v8,activity_raw,RelaxedTask,44,0,0,0.5272449869224063,0.5091543156059285
v8,activity_raw,RelaxedTask,44,0,1,0.6061643835616438,0.6054794520547946
v8,activity_raw,RelaxedTask,44,0,2,0.4806329711856401,0.4756731223429381
v8,activity_raw,RelaxedTask,44,1,0,0.48561464690496947,0.454664341761116
v8,activity_raw,RelaxedTask,44,1,1,0.5040540540540541,0.48108108108108105
v8,activity_raw,RelaxedTask,44,1,2,0.5228310502283104,0.5351598173515981
v8,activity_raw,RelaxedTask,44,2,0,0.5272449869224063,0.5113339145597209
v8,activity_raw,RelaxedTask,44,2,1,0.5445945945945946,0.5414414414414415
v8,activity_raw,RelaxedTask,44,2,2,0.5621004566210046,0.5730593607305937
v8,activity_raw,RelaxedTask,44,3,0,0.5595030514385353,0.5610287707061901
v8,activity_raw,RelaxedTask,44,3,1,0.5220139494333043,0.5828247602441151
v8,activity_raw,RelaxedTask,44,3,2,0.43858447488584473,0.4442922374429224
v8,activity_raw,RelaxedTask,44,4,0,0.5054489973844812,0.525283347863993
v8,activity_raw,RelaxedTask,44,4,1,0.4221883173496077,0.4293809938971229
v8,activity_raw,RelaxedTask,44,4,2,0.5189497716894977,0.5187214611872146
v8,activity_raw,StretchHold,42,0,0,0.5126416739319966,0.501743679163034
v8,activity_raw,StretchHold,42,0,1,0.5757990867579909,0.6004566210045662
v8,activity_raw,StretchHold,42,0,2,0.5977798771846954,0.5928200283419933
v8,activity_raw,StretchHold,42,1,0,0.5100261551874455,0.537489102005231
v8,activity_raw,StretchHold,42,1,1,0.545045045045045,0.5833333333333334
v8,activity_raw,StretchHold,42,1,2,0.5013698630136987,0.6118721461187214
v8,activity_raw,StretchHold,42,2,0,0.5704010462074978,0.596774193548387
v8,activity_raw,StretchHold,42,2,1,0.4981981981981982,0.4698198198198198
v8,activity_raw,StretchHold,42,2,2,0.571917808219178,0.5762557077625571
v8,activity_raw,StretchHold,42,3,0,0.4788578901482127,0.5178727114210985
v8,activity_raw,StretchHold,42,3,1,0.5850043591979075,0.5231037489102005
v8,activity_raw,StretchHold,42,3,2,0.5484018264840183,0.5534246575342466
v8,activity_raw,StretchHold,42,4,0,0.42109851787271146,0.36573670444638184
v8,activity_raw,StretchHold,42,4,1,0.5542720139494333,0.531386224934612
v8,activity_raw,StretchHold,42,4,2,0.5463470319634703,0.6191780821917808
v8,activity_raw,StretchHold,43,0,0,0.44136878814298164,0.4481255448997385
v8,activity_raw,StretchHold,43,0,1,0.5394977168949772,0.49497716894977173
v8,activity_raw,StretchHold,43,0,2,0.5942371280113368,0.5630609352857817
v8,activity_raw,StretchHold,43,1,0,0.5287707061900611,0.559285091543156
v8,activity_raw,StretchHold,43,1,1,0.5351351351351351,0.5346846846846847
v8,activity_raw,StretchHold,43,1,2,0.5650684931506849,0.6018264840182648
v8,activity_raw,StretchHold,43,2,0,0.5422842197035745,0.5078465562336529
v8,activity_raw,StretchHold,43,2,1,0.563963963963964,0.5058558558558559
v8,activity_raw,StretchHold,43,2,2,0.5198630136986301,0.5753424657534246
v8,activity_raw,StretchHold,43,3,0,0.5797733217088056,0.572362685265911
v8,activity_raw,StretchHold,43,3,1,0.49237140366172627,0.48997384481255446
v8,activity_raw,StretchHold,43,3,2,0.5150684931506849,0.44611872146118725
v8,activity_raw,StretchHold,43,4,0,0.5621185701830863,0.5693112467306015
v8,activity_raw,StretchHold,43,4,1,0.48975588491717525,0.4267654751525719
v8,activity_raw,StretchHold,43,4,2,0.45525114155251145,0.41963470319634705
v8,activity_raw,StretchHold,44,0,0,0.523539668700959,0.48910200523103753
v8,activity_raw,StretchHold,44,0,1,0.5835616438356164,0.6296803652968037
v8,activity_raw,StretchHold,44,0,2,0.5493623051487955,0.47189418989135573
v8,activity_raw,StretchHold,44,1,0,0.5771578029642546,0.622929380993897
v8,activity_raw,StretchHold,44,1,1,0.5445945945945946,0.5702702702702702
v8,activity_raw,StretchHold,44,1,2,0.5710045662100456,0.5721461187214613
v8,activity_raw,StretchHold,44,2,0,0.5880557977332171,0.5662598081952921
v8,activity_raw,StretchHold,44,2,1,0.5680180180180181,0.5644144144144144
v8,activity_raw,StretchHold,44,2,2,0.5924657534246576,0.5278538812785387
v8,activity_raw,StretchHold,44,3,0,0.6094158674803836,0.6238012205754141
v8,activity_raw,StretchHold,44,3,1,0.5448997384481256,0.5501307759372276
v8,activity_raw,StretchHold,44,3,2,0.5159817351598174,0.5666666666666667
v8,activity_raw,StretchHold,44,4,0,0.5220139494333043,0.5605928509154315
v8,activity_raw,StretchHold,44,4,1,0.49237140366172627,0.5213600697471665
v8,activity_raw,StretchHold,44,4,2,0.5728310502283105,0.5940639269406394
v8,activity_raw,TouchIndex,42,0,0,0.45226678291194417,0.47515257192676547
v8,activity_raw,TouchIndex,42,0,1,0.5248858447488585,0.526027397260274
v8,activity_raw,TouchIndex,42,0,2,0.6079357581483231,0.5852621634388285
v8,activity_raw,TouchIndex,42,1,0,0.5017436791630341,0.5492589363557105
v8,activity_raw,TouchIndex,42,1,1,0.5878378378378378,0.6067567567567568
v8,activity_raw,TouchIndex,42,1,2,0.4728310502283105,0.5223744292237443
v8,activity_raw,TouchIndex,42,2,0,0.5152571926765475,0.560156931124673
v8,activity_raw,TouchIndex,42,2,1,0.618018018018018,0.6635135135135135
v8,activity_raw,TouchIndex,42,2,2,0.5415525114155251,0.563013698630137
v8,activity_raw,TouchIndex,42,3,0,0.5220139494333043,0.5963382737576286
v8,activity_raw,TouchIndex,42,3,1,0.5407585004359198,0.519180470793374
v8,activity_raw,TouchIndex,42,3,2,0.5796803652968037,0.5835616438356165
v8,activity_raw,TouchIndex,42,4,0,0.5111159546643418,0.5231037489102005
v8,activity_raw,TouchIndex,42,4,1,0.5677855274629469,0.5823888404533566
v8,activity_raw,TouchIndex,42,4,2,0.6091324200913242,0.6474885844748859
v8,activity_raw,TouchIndex,43,0,0,0.5340017436791631,0.594158674803836
v8,activity_raw,TouchIndex,43,0,1,0.5454337899543379,0.5442922374429223
v8,activity_raw,TouchIndex,43,0,2,0.5597543693906472,0.48653755314123764
v8,activity_raw,TouchIndex,43,1,0,0.5257192676547515,0.527027027027027
v8,activity_raw,TouchIndex,43,1,1,0.627927927927928,0.6711711711711712
v8,activity_raw,TouchIndex,43,1,2,0.5296803652968036,0.5205479452054794
v8,activity_raw,TouchIndex,43,2,0,0.5895815170008718,0.562772449869224
v8,activity_raw,TouchIndex,43,2,1,0.5509009009009009,0.5351351351351351
v8,activity_raw,TouchIndex,43,2,2,0.5219178082191781,0.5342465753424658
v8,activity_raw,TouchIndex,43,3,0,0.52615518744551,0.5231037489102005
v8,activity_raw,TouchIndex,43,3,1,0.49760244115082825,0.5104620749782041
v8,activity_raw,TouchIndex,43,3,2,0.5993150684931507,0.6383561643835617
v8,activity_raw,TouchIndex,43,4,0,0.4237140366172624,0.40714908456843935
v8,activity_raw,TouchIndex,43,4,1,0.5516564952048824,0.5366172624237141
v8,activity_raw,TouchIndex,43,4,2,0.6100456621004566,0.6721461187214612
v8,activity_raw,TouchIndex,44,0,0,0.5756320836965998,0.581081081081081
v8,activity_raw,TouchIndex,44,0,1,0.5531963470319634,0.5502283105022832
v8,activity_raw,TouchIndex,44,0,2,0.5285781766650921,0.5030703826169107
v8,activity_raw,TouchIndex,44,1,0,0.5880557977332171,0.5889276373147341
v8,activity_raw,TouchIndex,44,1,1,0.5103603603603604,0.5405405405405406
v8,activity_raw,TouchIndex,44,1,2,0.580593607305936,0.580365296803653
v8,activity_raw,TouchIndex,44,2,0,0.6240191804707933,0.6996512641673932
v8,activity_raw,TouchIndex,44,2,1,0.5783783783783785,0.6923423423423424
v8,activity_raw,TouchIndex,44,2,2,0.5561643835616439,0.6082191780821918
v8,activity_raw,TouchIndex,44,3,0,0.6593286835222318,0.6482127288578902
v8,activity_raw,TouchIndex,44,3,1,0.4330863121185702,0.461639058413252
v8,activity_raw,TouchIndex,44,3,2,0.5680365296803653,0.5415525114155252
v8,activity_raw,TouchIndex,44,4,0,0.5152571926765475,0.4237140366172625
v8,activity_raw,TouchIndex,44,4,1,0.5745422842197035,0.5959023539668701
v8,activity_raw,TouchIndex,44,4,2,0.4885844748858448,0.5191780821917809
v8,activity_raw,TouchNose,42,0,0,0.46687009590235395,0.5732345248474281
v8,activity_raw,TouchNose,42,0,1,0.5894977168949771,0.6547945205479453
v8,activity_raw,TouchNose,42,0,2,0.6180916391119509,0.600850259801606
v8,activity_raw,TouchNose,42,1,0,0.5651700087183957,0.6246730601569311
v8,activity_raw,TouchNose,42,1,1,0.6117117117117117,0.6527027027027027
v8,activity_raw,TouchNose,42,1,2,0.6121004566210045,0.5904109589041096
v8,activity_raw,TouchNose,42,2,0,0.5329119442022667,0.5287707061900611
v8,activity_raw,TouchNose,42,2,1,0.5414414414414415,0.5869369369369369
v8,activity_raw,TouchNose,42,2,2,0.5737442922374429,0.6013698630136987
v8,activity_raw,TouchNose,42,3,0,0.52615518744551,0.521795989537925
v8,activity_raw,TouchNose,42,3,1,0.5568875326939843,0.57846556233653
v8,activity_raw,TouchNose,42,3,2,0.582648401826484,0.5557077625570775
v8,activity_raw,TouchNose,42,4,0,0.5501307759372276,0.6041848299912815
v8,activity_raw,TouchNose,42,4,1,0.46948561464690497,0.45161290322580644
v8,activity_raw,TouchNose,42,4,2,0.532648401826484,0.5365296803652968
v8,activity_raw,TouchNose,43,0,0,0.5204882301656495,0.521795989537925
v8,activity_raw,TouchNose,43,0,1,0.513013698630137,0.5365296803652968
v8,activity_raw,TouchNose,43,0,2,0.5217288615965989,0.5559754369390647
v8,activity_raw,TouchNose,43,1,0,0.5662598081952921,0.5762859633827375
v8,activity_raw,TouchNose,43,1,1,0.5671171171171171,0.6112612612612612
v8,activity_raw,TouchNose,43,1,2,0.5630136986301371,0.6123287671232878
v8,activity_raw,TouchNose,43,2,0,0.6323016564952049,0.6098517872711421
v8,activity_raw,TouchNose,43,2,1,0.5513513513513514,0.5225225225225225
v8,activity_raw,TouchNose,43,2,2,0.5180365296803653,0.4584474885844749
v8,activity_raw,TouchNose,43,3,0,0.6499564080209241,0.6172624237140366
v8,activity_raw,TouchNose,43,3,1,0.6307759372275501,0.6931124673060157
v8,activity_raw,TouchNose,43,3,2,0.6041095890410959,0.6168949771689498
v8,activity_raw,TouchNose,43,4,0,0.5704010462074978,0.5518744551002615
v8,activity_raw,TouchNose,43,4,1,0.5917611159546643,0.641238012205754
v8,activity_raw,TouchNose,43,4,2,0.5856164383561644,0.6529680365296804
v8,activity_raw,TouchNose,44,0,0,0.5568875326939843,0.5850043591979076
v8,activity_raw,TouchNose,44,0,1,0.5522831050228311,0.5598173515981736
v8,activity_raw,TouchNose,44,0,2,0.6112423240434577,0.6480869154463864
v8,activity_raw,TouchNose,44,1,0,0.5287707061900611,0.5854402789886661
v8,activity_raw,TouchNose,44,1,1,0.5477477477477477,0.5666666666666667
v8,activity_raw,TouchNose,44,1,2,0.5668949771689498,0.5602739726027397
v8,activity_raw,TouchNose,44,2,0,0.5823888404533566,0.5536181342632955
v8,activity_raw,TouchNose,44,2,1,0.5675675675675675,0.517117117117117
v8,activity_raw,TouchNose,44,2,2,0.5287671232876712,0.489041095890411
v8,activity_raw,TouchNose,44,3,0,0.590671316477768,0.6477768090671316
v8,activity_raw,TouchNose,44,3,1,0.5651700087183957,0.6320836965998256
v8,activity_raw,TouchNose,44,3,2,0.4945205479452055,0.46757990867579907
v8,activity_raw,TouchNose,44,4,0,0.6229293809938972,0.6556233653007847
v8,activity_raw,TouchNose,44,4,1,0.5959023539668701,0.5710549258936356
v8,activity_raw,TouchNose,44,4,2,0.5659817351598173,0.6424657534246575
v8,activity_context,CrossArms,42,0,0,0.5568875326939843,0.574106364428945
v8,activity_context,CrossArms,42,0,1,0.5963470319634703,0.6173515981735159
v8,activity_context,CrossArms,42,0,2,0.5975436939064714,0.6239962210675484
v8,activity_context,CrossArms,42,1,0,0.531386224934612,0.5178727114210985
v8,activity_context,CrossArms,42,1,1,0.5680180180180181,0.6135135135135135
v8,activity_context,CrossArms,42,1,2,0.6668949771689497,0.6876712328767123
v8,activity_context,CrossArms,42,2,0,0.6848299912816043,0.7088055797733217
v8,activity_context,CrossArms,42,2,1,0.5581081081081081,0.6054054054054054
v8,activity_context,CrossArms,42,2,2,0.64337899543379,0.6511415525114155
v8,activity_context,CrossArms,42,3,0,0.5974280732345248,0.6320836965998257
v8,activity_context,CrossArms,42,3,1,0.6078901482127288,0.6307759372275501
v8,activity_context,CrossArms,42,3,2,0.5924657534246576,0.6360730593607306
v8,activity_context,CrossArms,42,4,0,0.6634699215344377,0.6822144725370531
v8,activity_context,CrossArms,42,4,1,0.536617262423714,0.6290322580645161
v8,activity_context,CrossArms,42,4,2,0.650228310502283,0.7077625570776256
v8,activity_context,CrossArms,43,0,0,0.590671316477768,0.574106364428945
v8,activity_context,CrossArms,43,0,1,0.4945205479452055,0.5100456621004565
v8,activity_context,CrossArms,43,0,2,0.6043930089749646,0.6480869154463864
v8,activity_context,CrossArms,43,1,0,0.5542720139494333,0.5710549258936355
v8,activity_context,CrossArms,43,1,1,0.4472972972972973,0.42072072072072075
v8,activity_context,CrossArms,43,1,2,0.5650684931506849,0.6136986301369862
v8,activity_context,CrossArms,43,2,0,0.5501307759372276,0.5536181342632955
v8,activity_context,CrossArms,43,2,1,0.6648648648648648,0.704954954954955
v8,activity_context,CrossArms,43,2,2,0.5659817351598173,0.6415525114155252
v8,activity_context,CrossArms,43,3,0,0.6161726242371404,0.6059285091543156
v8,activity_context,CrossArms,43,3,1,0.5771578029642546,0.5858761987794247
v8,activity_context,CrossArms,43,3,2,0.6150684931506849,0.6292237442922375
v8,activity_context,CrossArms,43,4,0,0.5891455972101134,0.6290322580645161
v8,activity_context,CrossArms,43,4,1,0.5932868352223191,0.6137750653879687
v8,activity_context,CrossArms,43,4,2,0.5737442922374429,0.6488584474885846
v8,activity_context,CrossArms,44,0,0,0.5355274629468179,0.5335658238884045
v8,activity_context,CrossArms,44,0,1,0.5659817351598173,0.6059360730593607
v8,activity_context,CrossArms,44,0,2,0.5975436939064714,0.6164383561643835
v8,activity_context,CrossArms,44,1,0,0.5448997384481256,0.5431560592850916
v8,activity_context,CrossArms,44,1,1,0.5815315315315315,0.5891891891891892
v8,activity_context,CrossArms,44,1,2,0.5728310502283105,0.6561643835616439
v8,activity_context,CrossArms,44,2,0,0.5704010462074978,0.6041848299912816
v8,activity_context,CrossArms,44,2,1,0.5981981981981982,0.5481981981981981
v8,activity_context,CrossArms,44,2,2,0.5767123287671233,0.5689497716894977
v8,activity_context,CrossArms,44,3,0,0.6484306887532694,0.6704446381865736
v8,activity_context,CrossArms,44,3,1,0.5854402789886661,0.6612903225806451
v8,activity_context,CrossArms,44,3,2,0.6561643835616437,0.6913242009132421
v8,activity_context,CrossArms,44,4,0,0.6176983435047951,0.6451612903225806
v8,activity_context,CrossArms,44,4,1,0.5568875326939843,0.585440278988666
v8,activity_context,CrossArms,44,4,2,0.6639269406392694,0.6680365296803653
v8,activity_context,DrinkGlas,42,0,0,0.5599389712292938,0.5845684394071491
v8,activity_context,DrinkGlas,42,0,1,0.6296803652968037,0.6041095890410959
v8,activity_context,DrinkGlas,42,0,2,0.5906943788379783,0.5899858290033066
v8,activity_context,DrinkGlas,42,1,0,0.5880557977332171,0.5915431560592851
v8,activity_context,DrinkGlas,42,1,1,0.540990990990991,0.6436936936936937
v8,activity_context,DrinkGlas,42,1,2,0.5189497716894977,0.5607305936073059
v8,activity_context,DrinkGlas,42,2,0,0.6161726242371404,0.6242371403661725
v8,activity_context,DrinkGlas,42,2,1,0.6346846846846848,0.6635135135135135
v8,activity_context,DrinkGlas,42,2,2,0.5159817351598174,0.5515981735159817
v8,activity_context,DrinkGlas,42,3,0,0.6578029642545772,0.6987794245858762
v8,activity_context,DrinkGlas,42,3,1,0.5854402789886661,0.6216216216216217
v8,activity_context,DrinkGlas,42,3,2,0.6531963470319635,0.7031963470319635
v8,activity_context,DrinkGlas,42,4,0,0.718613775065388,0.7384481255448997
v8,activity_context,DrinkGlas,42,4,1,0.6645597210113339,0.6547515257192678
v8,activity_context,DrinkGlas,42,4,2,0.6472602739726028,0.6452054794520548
v8,activity_context,DrinkGlas,43,0,0,0.5396687009590235,0.5231037489102005
v8,activity_context,DrinkGlas,43,0,1,0.473972602739726,0.5123287671232877
v8,activity_context,DrinkGlas,43,0,2,0.5285781766650921,0.603684459140293
v8,activity_context,DrinkGlas,43,1,0,0.5126416739319966,0.5636442894507411
v8,activity_context,DrinkGlas,43,1,1,0.5175675675675675,0.5545045045045045
v8,activity_context,DrinkGlas,43,1,2,0.6276255707762557,0.6525114155251142
v8,activity_context,DrinkGlas,43,2,0,0.5771578029642546,0.6220575414123801
v8,activity_context,DrinkGlas,43,2,1,0.5540540540540541,0.6288288288288288
v8,activity_context,DrinkGlas,43,2,2,0.5582191780821918,0.502283105022831
v8,activity_context,DrinkGlas,43,3,0,0.5771578029642546,0.6033129904097646
v8,activity_context,DrinkGlas,43,3,1,0.5475152571926766,0.557541412380122
v8,activity_context,DrinkGlas,43,3,2,0.5757990867579909,0.5726027397260275
v8,activity_context,DrinkGlas,43,4,0,0.6203138622493461,0.6242371403661726
v8,activity_context,DrinkGlas,43,4,1,0.5392327811682651,0.565387968613775
v8,activity_context,DrinkGlas,43,4,2,0.6011415525114155,0.5968036529680365
v8,activity_context,DrinkGlas,44,0,0,0.5017436791630341,0.5444638186573671
v8,activity_context,DrinkGlas,44,0,1,0.4778538812785388,0.5041095890410959
v8,activity_context,DrinkGlas,44,0,2,0.6147850732168163,0.7231931979215872
v8,activity_context,DrinkGlas,44,1,0,0.5865300784655623,0.5919790758500436
v8,activity_context,DrinkGlas,44,1,1,0.5972972972972973,0.6454954954954955
v8,activity_context,DrinkGlas,44,1,2,0.6267123287671232,0.6799086757990868
v8,activity_context,DrinkGlas,44,2,0,0.5921970357454228,0.5810810810810811
v8,activity_context,DrinkGlas,44,2,1,0.5644144144144144,0.60990990990991
v8,activity_context,DrinkGlas,44,2,2,0.5757990867579909,0.5922374429223745
v8,activity_context,DrinkGlas,44,3,0,0.5636442894507411,0.5871839581517
v8,activity_context,DrinkGlas,44,3,1,0.5932868352223191,0.5701830863121187
v8,activity_context,DrinkGlas,44,3,2,0.49931506849315066,0.5972602739726027
v8,activity_context,DrinkGlas,44,4,0,0.5812990409764603,0.6652136006974716
v8,activity_context,DrinkGlas,44,4,1,0.5422842197035745,0.5422842197035745
v8,activity_context,DrinkGlas,44,4,2,0.5835616438356164,0.6493150684931507
v8,activity_context,Entrainment,42,0,0,0.5610287707061901,0.6360069747166521
v8,activity_context,Entrainment,42,0,1,0.613013698630137,0.6223744292237443
v8,activity_context,Entrainment,42,0,2,0.5325932923948984,0.5281058101086443
v8,activity_context,Entrainment,42,1,0,0.5111159546643418,0.5797733217088056
v8,activity_context,Entrainment,42,1,1,0.545045045045045,0.6072072072072072
v8,activity_context,Entrainment,42,1,2,0.5748858447488585,0.630593607305936
v8,activity_context,Entrainment,42,2,0,0.5662598081952921,0.6194420226678291
v8,activity_context,Entrainment,42,2,1,0.5882882882882883,0.5540540540540541
v8,activity_context,Entrainment,42,2,2,0.5945205479452055,0.5602739726027398
v8,activity_context,Entrainment,42,3,0,0.4908456843940715,0.44943330427201394
v8,activity_context,Entrainment,42,3,1,0.5111159546643418,0.493025283347864
v8,activity_context,Entrainment,42,3,2,0.5189497716894977,0.552054794520548
v8,activity_context,Entrainment,42,4,0,0.6109415867480383,0.6041848299912815
v8,activity_context,Entrainment,42,4,1,0.5340017436791631,0.5248474280732346
v8,activity_context,Entrainment,42,4,2,0.5659817351598173,0.6082191780821918
v8,activity_context,Entrainment,43,0,0,0.5017436791630341,0.5196163905841326
v8,activity_context,Entrainment,43,0,1,0.5787671232876712,0.6200913242009133
v8,activity_context,Entrainment,43,0,2,0.4704770902220123,0.46717052432687767
v8,activity_context,Entrainment,43,1,0,0.6281604184829992,0.6643417611159547
v8,activity_context,Entrainment,43,1,1,0.627927927927928,0.5626126126126125
v8,activity_context,Entrainment,43,1,2,0.5385844748858448,0.5219178082191781
v8,activity_context,Entrainment,43,2,0,0.46120313862249346,0.46251089799476897
v8,activity_context,Entrainment,43,2,1,0.5144144144144144,0.5297297297297298
v8,activity_context,Entrainment,43,2,2,0.48470319634703196,0.48082191780821915
v8,activity_context,Entrainment,43,3,0,0.5989537925021796,0.580209241499564
v8,activity_context,Entrainment,43,3,1,0.6323016564952049,0.6403661726242372
v8,activity_context,Entrainment,43,3,2,0.5404109589041096,0.5844748858447488
v8,activity_context,Entrainment,43,4,0,0.4518308631211857,0.41368788142981694
v8,activity_context,Entrainment,43,4,1,0.4409328683522232,0.4646904969485615
v8,activity_context,Entrainment,43,4,2,0.5954337899543378,0.5931506849315069
v8,activity_context,Entrainment,44,0,0,0.46948561464690497,0.49738448125544893
v8,activity_context,Entrainment,44,0,1,0.5317351598173516,0.5662100456621004
v8,activity_context,Entrainment,44,0,2,0.5495984884270194,0.5314123760037789
v8,activity_context,Entrainment,44,1,0,0.5407585004359198,0.574106364428945
v8,activity_context,Entrainment,44,1,1,0.5716216216216217,0.563063063063063
v8,activity_context,Entrainment,44,1,2,0.39360730593607307,0.4442922374429224
v8,activity_context,Entrainment,44,2,0,0.5287707061900611,0.5518744551002615
v8,activity_context,Entrainment,44,2,1,0.5608108108108107,0.5941441441441441
v8,activity_context,Entrainment,44,2,2,0.5945205479452055,0.5968036529680365
v8,activity_context,Entrainment,44,3,0,0.536617262423714,0.5867480383609416
v8,activity_context,Entrainment,44,3,1,0.5808631211857018,0.6098517872711422
v8,activity_context,Entrainment,44,3,2,0.4748858447488584,0.5027397260273972
v8,activity_context,Entrainment,44,4,0,0.5193984306887532,0.5636442894507411
v8,activity_context,Entrainment,44,4,1,0.4736268526591107,0.5021795989537925
v8,activity_context,Entrainment,44,4,2,0.632648401826484,0.6484018264840183
v8,activity_context,HoldWeight,42,0,0,0.6000435919790759,0.6499564080209241
v8,activity_context,HoldWeight,42,0,1,0.5942922374429224,0.5616438356164384
v8,activity_context,HoldWeight,42,0,2,0.6183278223901747,0.692017005196032
v8,activity_context,HoldWeight,42,1,0,0.555797733217088,0.5636442894507411
v8,activity_context,HoldWeight,42,1,1,0.6382882882882883,0.6891891891891893
v8,activity_context,HoldWeight,42,1,2,0.5757990867579909,0.5981735159817352
v8,activity_context,HoldWeight,42,2,0,0.5797733217088056,0.5457715780296425
v8,activity_context,HoldWeight,42,2,1,0.618018018018018,0.7135135135135136
v8,activity_context,HoldWeight,42,2,2,0.5796803652968037,0.6520547945205479
v8,activity_context,HoldWeight,42,3,0,0.6011333914559721,0.6530078465562337
v8,activity_context,HoldWeight,42,3,1,0.553182214472537,0.6181342632955537
v8,activity_context,HoldWeight,42,3,2,0.5767123287671233,0.5442922374429224
v8,activity_context,HoldWeight,42,4,0,0.590671316477768,0.6368788142981692
v8,activity_context,HoldWeight,42,4,1,0.5407585004359198,0.5932868352223191
v8,activity_context,HoldWeight,42,4,2,0.6353881278538812,0.7114155251141552
v8,activity_context,HoldWeight,43,0,0,0.49128160418483,0.49825632083696597
v8,activity_context,HoldWeight,43,0,1,0.5954337899543378,0.628310502283105
v8,activity_context,HoldWeight,43,0,2,0.6043930089749646,0.5829003306565896
v8,activity_context,HoldWeight,43,1,0,0.48299912816041846,0.498256320836966
v8,activity_context,HoldWeight,43,1,1,0.5108108108108108,0.49234234234234225
v8,activity_context,HoldWeight,43,1,2,0.602283105022831,0.6187214611872146
v8,activity_context,HoldWeight,43,2,0,0.5475152571926766,0.5780296425457716
v8,activity_context,HoldWeight,43,2,1,0.5977477477477477,0.6157657657657658
v8,activity_context,HoldWeight,43,2,2,0.59337899543379,0.591324200913242
v8,activity_context,HoldWeight,43,3,0,0.6041848299912816,0.6094158674803837
v8,activity_context,HoldWeight,43,3,1,0.5730165649520489,0.6242371403661726
v8,activity_context,HoldWeight,43,3,2,0.5737442922374429,0.5748858447488585
v8,activity_context,HoldWeight,43,4,0,0.5490409764603312,0.6037489102005231
v8,activity_context,HoldWeight,43,4,1,0.5932868352223191,0.6242371403661726
v8,activity_context,HoldWeight,43,4,2,0.54337899543379,0.5584474885844749
v8,activity_context,HoldWeight,44,0,0,0.558413251961639,0.554054054054054
v8,activity_context,HoldWeight,44,0,1,0.5963470319634703,0.6136986301369862
v8,activity_context,HoldWeight,44,0,2,0.5942371280113368,0.5616438356164383
v8,activity_context,HoldWeight,44,1,0,0.5411944202266783,0.5017436791630341
v8,activity_context,HoldWeight,44,1,1,0.5810810810810811,0.5846846846846847
v8,activity_context,HoldWeight,44,1,2,0.47876712328767124,0.5091324200913243
v8,activity_context,HoldWeight,44,2,0,0.5058849171752398,0.5217959895379249
v8,activity_context,HoldWeight,44,2,1,0.5950450450450451,0.6644144144144144
v8,activity_context,HoldWeight,44,2,2,0.5767123287671233,0.5698630136986302
v8,activity_context,HoldWeight,44,3,0,0.5422842197035745,0.5775937227550131
v8,activity_context,HoldWeight,44,3,1,0.5329119442022667,0.5623365300784656
v8,activity_context,HoldWeight,44,3,2,0.5621004566210046,0.5675799086757991
v8,activity_context,HoldWeight,44,4,0,0.5771578029642546,0.6455972101133391
v8,activity_context,HoldWeight,44,4,1,0.5542720139494333,0.5889276373147342
v8,activity_context,HoldWeight,44,4,2,0.5287671232876712,0.5621004566210046
v8,activity_context,LiftHold,42,0,0,0.5381429816913688,0.5919790758500435
v8,activity_context,LiftHold,42,0,1,0.5796803652968037,0.5945205479452056
v8,activity_context,LiftHold,42,0,2,0.5592820028341994,0.5975436939064714
v8,activity_context,LiftHold,42,1,0,0.6270706190061028,0.6434176111595467
v8,activity_context,LiftHold,42,1,1,0.5247747747747747,0.5342342342342342
v8,activity_context,LiftHold,42,1,2,0.6335616438356164,0.6657534246575343
v8,activity_context,LiftHold,42,2,0,0.590671316477768,0.6194420226678291
v8,activity_context,LiftHold,42,2,1,0.7054054054054054,0.681981981981982
v8,activity_context,LiftHold,42,2,2,0.6041095890410959,0.7018264840182649
v8,activity_context,LiftHold,42,3,0,0.5719267654751525,0.6046207497820401
v8,activity_context,LiftHold,42,3,1,0.5178727114210986,0.5854402789886661
v8,activity_context,LiftHold,42,3,2,0.6091324200913242,0.6488584474885845
v8,activity_context,LiftHold,42,4,0,0.558413251961639,0.6024411508282476
v8,activity_context,LiftHold,42,4,1,0.5662598081952921,0.547079337401918
v8,activity_context,LiftHold,42,4,2,0.6561643835616437,0.6493150684931507
v8,activity_context,LiftHold,43,0,0,0.5006538796861377,0.494768962510898
v8,activity_context,LiftHold,43,0,1,0.6719178082191781,0.6881278538812785
v8,activity_context,LiftHold,43,0,2,0.6284837033538025,0.5895134624468588
v8,activity_context,LiftHold,43,1,0,0.6323016564952049,0.6765475152571927
v8,activity_context,LiftHold,43,1,1,0.5144144144144144,0.5283783783783784
v8,activity_context,LiftHold,43,1,2,0.6178082191780823,0.5904109589041097
v8,activity_context,LiftHold,43,2,0,0.5839145597210114,0.6163905841325196
v8,activity_context,LiftHold,43,2,1,0.6954954954954955,0.7337837837837838
v8,activity_context,LiftHold,43,2,2,0.5335616438356164,0.5356164383561643
v8,activity_context,LiftHold,43,3,0,0.555797733217088,0.5204882301656495
v8,activity_context,LiftHold,43,3,1,0.5220139494333043,0.5597210113339145
v8,activity_context,LiftHold,43,3,2,0.5796803652968037,0.582648401826484
v8,activity_context,LiftHold,43,4,0,0.5163469921534437,0.5152571926765475
v8,activity_context,LiftHold,43,4,1,0.523539668700959,0.5675675675675675
v8,activity_context,LiftHold,43,4,2,0.5257990867579908,0.5534246575342466
v8,activity_context,LiftHold,44,0,0,0.536617262423714,0.6181342632955535
v8,activity_context,LiftHold,44,0,1,0.5082191780821919,0.5894977168949772
v8,activity_context,LiftHold,44,0,2,0.624940954180444,0.646669815777043
v8,activity_context,LiftHold,44,1,0,0.5677855274629469,0.6111595466434177
v8,activity_context,LiftHold,44,1,1,0.5045045045045045,0.5400900900900901
v8,activity_context,LiftHold,44,1,2,0.502283105022831,0.5136986301369864
v8,activity_context,LiftHold,44,2,0,0.5017436791630341,0.581081081081081
v8,activity_context,LiftHold,44,2,1,0.6644144144144144,0.6801801801801802
v8,activity_context,LiftHold,44,2,2,0.5689497716894978,0.6164383561643836
v8,activity_context,LiftHold,44,3,0,0.4777680906713165,0.5313862249346121
v8,activity_context,LiftHold,44,3,1,0.5407585004359198,0.5370531822144725
v8,activity_context,LiftHold,44,3,2,0.5621004566210046,0.6059360730593607
v8,activity_context,LiftHold,44,4,0,0.5355274629468179,0.5836965998256322
v8,activity_context,LiftHold,44,4,1,0.5865300784655623,0.5492589363557105
v8,activity_context,LiftHold,44,4,2,0.5347031963470319,0.5525114155251141
v8,activity_context,PointFinger,42,0,0,0.6514821272885789,0.6787271142109852
v8,activity_context,PointFinger,42,0,1,0.580593607305936,0.6611872146118721
v8,activity_context,PointFinger,42,0,2,0.5493623051487955,0.5862068965517241
v8,activity_context,PointFinger,42,1,0,0.5568875326939843,0.5972101133391456
v8,activity_context,PointFinger,42,1,1,0.5648648648648649,0.6644144144144144
v8,activity_context,PointFinger,42,1,2,0.613013698630137,0.6397260273972603
v8,activity_context,PointFinger,42,2,0,0.49912816041848296,0.49128160418482997
v8,activity_context,PointFinger,42,2,1,0.5513513513513514,0.6297297297297297
v8,activity_context,PointFinger,42,2,2,0.5680365296803653,0.5484018264840183
v8,activity_context,PointFinger,42,3,0,0.6660854402789886,0.6678291194420226
v8,activity_context,PointFinger,42,3,1,0.5527462946817785,0.6046207497820401
v8,activity_context,PointFinger,42,3,2,0.5894977168949771,0.5831050228310503
v8,activity_context,PointFinger,42,4,0,0.6240191804707933,0.6399302528334786
v8,activity_context,PointFinger,42,4,1,0.5974280732345248,0.6486486486486487
v8,activity_context,PointFinger,42,4,2,0.5885844748858448,0.6228310502283105
v8,activity_context,PointFinger,43,0,0,0.5516564952048824,0.6107236268526591
v8,activity_context,PointFinger,43,0,1,0.5257990867579908,0.5625570776255708
v8,activity_context,PointFinger,43,0,2,0.6008502598016061,0.5536136041568256
v8,activity_context,PointFinger,43,1,0,0.5220139494333043,0.523539668700959
v8,activity_context,PointFinger,43,1,1,0.5540540540540541,0.5846846846846847
v8,activity_context,PointFinger,43,1,2,0.59337899543379,0.6136986301369863
v8,activity_context,PointFinger,43,2,0,0.47733217088055796,0.5161290322580645
v8,activity_context,PointFinger,43,2,1,0.5445945945945946,0.5860360360360359
v8,activity_context,PointFinger,43,2,2,0.571917808219178,0.5488584474885845
v8,activity_context,PointFinger,43,3,0,0.6135571054925893,0.6517000871839582
v8,activity_context,PointFinger,43,3,1,0.5516564952048824,0.5222319093286836
v8,activity_context,PointFinger,43,3,2,0.6168949771689498,0.6643835616438357
v8,activity_context,PointFinger,43,4,0,0.6214036617262424,0.6451612903225806
v8,activity_context,PointFinger,43,4,1,0.5433740191804708,0.574106364428945
v8,activity_context,PointFinger,43,4,2,0.5061643835616438,0.5995433789954339
v8,activity_context,PointFinger,44,0,0,0.5178727114210986,0.5610287707061901
v8,activity_context,PointFinger,44,0,1,0.5180365296803653,0.5904109589041096
v8,activity_context,PointFinger,44,0,2,0.5906943788379783,0.6041568256967407
v8,activity_context,PointFinger,44,1,0,0.536617262423714,0.5632083696599827
v8,activity_context,PointFinger,44,1,1,0.5680180180180181,0.5945945945945946
v8,activity_context,PointFinger,44,1,2,0.5198630136986301,0.5041095890410958
v8,activity_context,PointFinger,44,2,0,0.6578029642545772,0.7022667829119441
v8,activity_context,PointFinger,44,2,1,0.6617117117117117,0.6617117117117117
v8,activity_context,PointFinger,44,2,2,0.5484018264840183,0.528310502283105
v8,activity_context,PointFinger,44,3,0,0.5324760244115083,0.5466434176111595
v8,activity_context,PointFinger,44,3,1,0.5677855274629469,0.5897994768962511
v8,activity_context,PointFinger,44,3,2,0.5522831050228311,0.5146118721461187
v8,activity_context,PointFinger,44,4,0,0.5621185701830863,0.5074106364428945
v8,activity_context,PointFinger,44,4,1,0.5433740191804708,0.5597210113339145
v8,activity_context,PointFinger,44,4,2,0.4611872146118722,0.4621004566210045
v8,activity_context,Relaxed,42,0,0,0.6379686137750654,0.6525719267654753
v8,activity_context,Relaxed,42,0,1,0.5531963470319634,0.5547945205479452
v8,activity_context,Relaxed,42,0,2,0.5252716107699575,0.5616438356164385
v8,activity_context,Relaxed,42,1,0,0.5891455972101134,0.5985178727114212
v8,activity_context,Relaxed,42,1,1,0.5279279279279279,0.5144144144144144
v8,activity_context,Relaxed,42,1,2,0.5198630136986301,0.5009132420091325
v8,activity_context,Relaxed,42,2,0,0.5167829119442022,0.6259808195292066
v8,activity_context,Relaxed,42,2,1,0.46081081081081077,0.47027027027027024
v8,activity_context,Relaxed,42,2,2,0.5141552511415526,0.49178082191780825
v8,activity_context,Relaxed,42,3,0,0.5459895379250218,0.6015693112467306
v8,activity_context,Relaxed,42,3,1,0.48299912816041846,0.49128160418482997
v8,activity_context,Relaxed,42,3,2,0.5728310502283105,0.6351598173515982
v8,activity_context,Relaxed,42,4,0,0.5085004359197908,0.500871839581517
v8,activity_context,Relaxed,42,4,1,0.5272449869224063,0.4969485614646905
v8,activity_context,Relaxed,42,4,2,0.5257990867579908,0.5771689497716895
v8,activity_context,Relaxed,43,0,0,0.6026591107236268,0.6163905841325196
v8,activity_context,Relaxed,43,0,1,0.5347031963470319,0.4881278538812785
v8,activity_context,Relaxed,43,0,2,0.5668398677373643,0.545583372697213
v8,activity_context,Relaxed,43,1,0,0.4492153443766347,0.4773321708805579
v8,activity_context,Relaxed,43,1,1,0.5207207207207207,0.5923423423423423
v8,activity_context,Relaxed,43,1,2,0.5335616438356164,0.5127853881278539
v8,activity_context,Relaxed,43,2,0,0.5595030514385353,0.5178727114210986
v8,activity_context,Relaxed,43,2,1,0.5612612612612613,0.5846846846846847
v8,activity_context,Relaxed,43,2,2,0.5287671232876712,0.5027397260273974
v8,activity_context,Relaxed,43,3,0,0.6510462074978204,0.6534437663469922
v8,activity_context,Relaxed,43,3,1,0.5625544899738448,0.5736704446381865
v8,activity_context,Relaxed,43,3,2,0.5570776255707762,0.5589041095890411
v8,activity_context,Relaxed,43,4,0,0.5636442894507411,0.5767218831734962
v8,activity_context,Relaxed,43,4,1,0.4653443766346992,0.500871839581517
v8,activity_context,Relaxed,43,4,2,0.5061643835616438,0.43150684931506855
v8,activity_context,Relaxed,44,0,0,0.4934612031386225,0.5178727114210985
v8,activity_context,Relaxed,44,0,1,0.5347031963470319,0.4945205479452055
v8,activity_context,Relaxed,44,0,2,0.5562116202172886,0.5611714690599905
v8,activity_context,Relaxed,44,1,0,0.472101133391456,0.49389712292938104
v8,activity_context,Relaxed,44,1,1,0.49774774774774777,0.4923423423423424
v8,activity_context,Relaxed,44,1,2,0.5698630136986301,0.5680365296803653
v8,activity_context,Relaxed,44,2,0,0.4788578901482127,0.4476896251089799
v8,activity_context,Relaxed,44,2,1,0.48468468468468473,0.4369369369369369
v8,activity_context,Relaxed,44,2,2,0.5531963470319634,0.5278538812785388
v8,activity_context,Relaxed,44,3,0,0.5610287707061901,0.55231037489102
v8,activity_context,Relaxed,44,3,1,0.520924149956408,0.5178727114210985
v8,activity_context,Relaxed,44,3,2,0.5463470319634703,0.591324200913242
v8,activity_context,Relaxed,44,4,0,0.5231037489102005,0.5100261551874455
v8,activity_context,Relaxed,44,4,1,0.49498692240627723,0.475588491717524
v8,activity_context,Relaxed,44,4,2,0.5561643835616439,0.5949771689497717
v8,activity_context,RelaxedTask,42,0,0,0.5381429816913688,0.5932868352223191
v8,activity_context,RelaxedTask,42,0,1,0.6415525114155252,0.6105022831050229
v8,activity_context,RelaxedTask,42,0,2,0.576995748700992,0.639584317430326
v8,activity_context,RelaxedTask,42,1,0,0.6052746294681779,0.581081081081081
v8,activity_context,RelaxedTask,42,1,1,0.5653153153153153,0.5986486486486486
v8,activity_context,RelaxedTask,42,1,2,0.5621004566210046,0.5675799086757991
v8,activity_context,RelaxedTask,42,2,0,0.4409328683522232,0.49128160418483
v8,activity_context,RelaxedTask,42,2,1,0.5144144144144144,0.4630630630630631
v8,activity_context,RelaxedTask,42,2,2,0.5974885844748858,0.6054794520547946
v8,activity_context,RelaxedTask,42,3,0,0.5246294681778553,0.5932868352223191
v8,activity_context,RelaxedTask,42,3,1,0.5771578029642546,0.5880557977332171
v8,activity_context,RelaxedTask,42,3,2,0.5591324200913241,0.6073059360730594
v8,activity_context,RelaxedTask,42,4,0,0.5204882301656495,0.5069747166521361
v8,activity_context,RelaxedTask,42,4,1,0.504359197907585,0.5414123801220576
v8,activity_context,RelaxedTask,42,4,2,0.6374429223744292,0.6547945205479453
v8,activity_context,RelaxedTask,43,0,0,0.5610287707061901,0.6320836965998257
v8,activity_context,RelaxedTask,43,0,1,0.4757990867579909,0.4625570776255708
v8,activity_context,RelaxedTask,43,0,2,0.4770902220122816,0.5186584789796882
v8,activity_context,RelaxedTask,43,1,0,0.568875326939843,0.6129032258064516
v8,activity_context,RelaxedTask,43,1,1,0.6211711711711712,0.6193693693693694
v8,activity_context,RelaxedTask,43,1,2,0.6591324200913242,0.678082191780822
v8,activity_context,RelaxedTask,43,2,0,0.5272449869224063,0.5680034873583262
v8,activity_context,RelaxedTask,43,2,1,0.5716216216216217,0.5288288288288289
v8,activity_context,RelaxedTask,43,2,2,0.5522831050228311,0.6077625570776256
v8,activity_context,RelaxedTask,43,3,0,0.5756320836965998,0.5806451612903225
v8,activity_context,RelaxedTask,43,3,1,0.5693112467306016,0.6137750653879686
v8,activity_context,RelaxedTask,43,3,2,0.5296803652968036,0.489041095890411
v8,activity_context,RelaxedTask,43,4,0,0.5152571926765475,0.5579773321708805
v8,activity_context,RelaxedTask,43,4,1,0.46120313862249346,0.47602441150828245
v8,activity_context,RelaxedTask,43,4,2,0.46986301369863015,0.4808219178082192
v8,activity_context,RelaxedTask,44,0,0,0.5246294681778553,0.5191804707933739
v8,activity_context,RelaxedTask,44,0,1,0.5894977168949771,0.5981735159817352
v8,activity_context,RelaxedTask,44,0,2,0.4737836561171469,0.48512045347189414
v8,activity_context,RelaxedTask,44,1,0,0.49498692240627723,0.4755884917175239
v8,activity_context,RelaxedTask,44,1,1,0.5211711711711712,0.49504504504504504
v8,activity_context,RelaxedTask,44,1,2,0.49931506849315066,0.5447488584474885
v8,activity_context,RelaxedTask,44,2,0,0.5178727114210986,0.498256320836966
v8,activity_context,RelaxedTask,44,2,1,0.5445945945945946,0.5351351351351351
v8,activity_context,RelaxedTask,44,2,2,0.5454337899543379,0.5744292237442922
v8,activity_context,RelaxedTask,44,3,0,0.5392327811682651,0.5597210113339146
v8,activity_context,RelaxedTask,44,3,1,0.4788578901482127,0.5749782040104621
v8,activity_context,RelaxedTask,44,3,2,0.4522831050228311,0.43378995433789946
v8,activity_context,RelaxedTask,44,4,0,0.48931996512641673,0.5174367916303401
v8,activity_context,RelaxedTask,44,4,1,0.472101133391456,0.4616390584132519
v8,activity_context,RelaxedTask,44,4,2,0.5189497716894977,0.5141552511415526
v8,activity_context,StretchHold,42,0,0,0.5058849171752398,0.4960767218831735
v8,activity_context,StretchHold,42,0,1,0.5621004566210046,0.5990867579908675
v8,activity_context,StretchHold,42,0,2,0.5632971185640057,0.6022673594709494
v8,activity_context,StretchHold,42,1,0,0.493897122929381,0.5483870967741935
v8,activity_context,StretchHold,42,1,1,0.5752252252252252,0.6058558558558559
v8,activity_context,StretchHold,42,1,2,0.5287671232876712,0.6077625570776256
v8,activity_context,StretchHold,42,2,0,0.5932868352223191,0.5937227550130776
v8,activity_context,StretchHold,42,2,1,0.5148648648648648,0.4788288288288288
v8,activity_context,StretchHold,42,2,2,0.5787671232876712,0.5712328767123288
v8,activity_context,StretchHold,42,3,0,0.5017436791630341,0.523539668700959
v8,activity_context,StretchHold,42,3,1,0.568875326939843,0.5326939843068876
v8,activity_context,StretchHold,42,3,2,0.5317351598173516,0.5593607305936074
v8,activity_context,StretchHold,42,4,0,0.40758500435919787,0.36399302528334787
v8,activity_context,StretchHold,42,4,1,0.5448997384481256,0.520052310374891
v8,activity_context,StretchHold,42,4,2,0.5296803652968036,0.606392694063927
v8,activity_context,StretchHold,43,0,0,0.43461203138622495,0.44507410636442896
v8,activity_context,StretchHold,43,0,1,0.5296803652968036,0.4986301369863014
v8,activity_context,StretchHold,43,0,2,0.576995748700992,0.5611714690599906
v8,activity_context,StretchHold,43,1,0,0.5193984306887532,0.5592850915431561
v8,activity_context,StretchHold,43,1,1,0.5486486486486486,0.5324324324324324
v8,activity_context,StretchHold,43,1,2,0.571917808219178,0.5904109589041097
v8,activity_context,StretchHold,43,2,0,0.5193984306887532,0.49651264167393194
v8,activity_context,StretchHold,43,2,1,0.4905405405405405,0.4765765765765766
v8,activity_context,StretchHold,43,2,2,0.5198630136986301,0.5712328767123288
v8,activity_context,StretchHold,43,3,0,0.5932868352223191,0.5627724498692241
v8,activity_context,StretchHold,43,3,1,0.5152571926765475,0.506102877070619
v8,activity_context,StretchHold,43,3,2,0.5082191780821919,0.452054794520548
v8,activity_context,StretchHold,43,4,0,0.5621185701830863,0.577593722755013
v8,activity_context,StretchHold,43,4,1,0.47624237140366177,0.4337401918047079
v8,activity_context,StretchHold,43,4,2,0.43858447488584473,0.4127853881278539
v8,activity_context,StretchHold,44,0,0,0.5167829119442022,0.4873583260680035
v8,activity_context,StretchHold,44,0,1,0.5668949771689498,0.6105022831050229
v8,activity_context,StretchHold,44,0,2,0.5425129900803023,0.4827586206896552
v8,activity_context,StretchHold,44,1,0,0.5839145597210114,0.6425457715780296
v8,activity_context,StretchHold,44,1,1,0.540990990990991,0.5608108108108109
v8,activity_context,StretchHold,44,1,2,0.5641552511415525,0.5753424657534246
v8,activity_context,StretchHold,44,2,0,0.5812990409764603,0.5832606800348736
v8,activity_context,StretchHold,44,2,1,0.5680180180180181,0.5734234234234233
v8,activity_context,StretchHold,44,2,2,0.5894977168949771,0.5196347031963471
v8,activity_context,StretchHold,44,3,0,0.5959023539668701,0.6150828247602441
v8,activity_context,StretchHold,44,3,1,0.5516564952048824,0.5523103748910201
v8,activity_context,StretchHold,44,3,2,0.5189497716894977,0.5657534246575342
v8,activity_context,StretchHold,44,4,0,0.5355274629468179,0.5571054925893636
v8,activity_context,StretchHold,44,4,1,0.4788578901482127,0.5152571926765475
v8,activity_context,StretchHold,44,4,2,0.5698630136986301,0.5844748858447488
v8,activity_context,TouchIndex,42,0,0,0.4455100261551874,0.46774193548387094
v8,activity_context,TouchIndex,42,0,1,0.5180365296803653,0.5337899543378996
v8,activity_context,TouchIndex,42,0,2,0.6457250826641474,0.5833726972130373
v8,activity_context,TouchIndex,42,1,0,0.5501307759372276,0.5553618134263295
v8,activity_context,TouchIndex,42,1,1,0.6112612612612612,0.6225225225225226
v8,activity_context,TouchIndex,42,1,2,0.45913242009132416,0.5461187214611872
v8,activity_context,TouchIndex,42,2,0,0.5287707061900611,0.5562336530078466
v8,activity_context,TouchIndex,42,2,1,0.6481981981981981,0.6747747747747748
v8,activity_context,TouchIndex,42,2,2,0.5385844748858448,0.5529680365296803
v8,activity_context,TouchIndex,42,3,0,0.5220139494333043,0.6028770706190061
v8,activity_context,TouchIndex,42,3,1,0.531386224934612,0.5178727114210985
v8,activity_context,TouchIndex,42,3,2,0.5630136986301371,0.573972602739726
v8,activity_context,TouchIndex,42,4,0,0.5459895379250218,0.5204882301656495
v8,activity_context,TouchIndex,42,4,1,0.5422842197035745,0.5932868352223191
v8,activity_context,TouchIndex,42,4,2,0.6159817351598174,0.6575342465753425
v8,activity_context,TouchIndex,43,0,0,0.536617262423714,0.5880557977332171
v8,activity_context,TouchIndex,43,0,1,0.571917808219178,0.5566210045662101
v8,activity_context,TouchIndex,43,0,2,0.552905054322154,0.4865375531412376
v8,activity_context,TouchIndex,43,1,0,0.509590235396687,0.529642545771578
v8,activity_context,TouchIndex,43,1,1,0.6211711711711712,0.6725225225225225
v8,activity_context,TouchIndex,43,1,2,0.5296803652968036,0.504566210045662
v8,activity_context,TouchIndex,43,2,0,0.5438099389712293,0.5544899738448126
v8,activity_context,TouchIndex,43,2,1,0.4941441441441441,0.4959459459459459
v8,activity_context,TouchIndex,43,2,2,0.5317351598173516,0.5237442922374429
v8,activity_context,TouchIndex,43,3,0,0.5167829119442022,0.5170008718395815
v8,activity_context,TouchIndex,43,3,1,0.4788578901482127,0.49171752397558843
v8,activity_context,TouchIndex,43,3,2,0.6061643835616438,0.6429223744292237
v8,activity_context,TouchIndex,43,4,0,0.4169572798605057,0.39537925021795994
v8,activity_context,TouchIndex,43,4,1,0.5381429816913688,0.525283347863993
v8,activity_context,TouchIndex,43,4,2,0.6100456621004566,0.6662100456621005
v8,activity_context,TouchIndex,44,0,0,0.5730165649520489,0.5758500435919791
v8,activity_context,TouchIndex,44,0,1,0.5668949771689498,0.5525114155251141
v8,activity_context,TouchIndex,44,0,2,0.5354274917335853,0.5054322153991497
v8,activity_context,TouchIndex,44,1,0,0.5880557977332171,0.5932868352223192
v8,activity_context,TouchIndex,44,1,1,0.5103603603603604,0.5527027027027027
v8,activity_context,TouchIndex,44,1,2,0.5668949771689498,0.5812785388127855
v8,activity_context,TouchIndex,44,2,0,0.6078901482127288,0.6965998256320837
v8,activity_context,TouchIndex,44,2,1,0.5950450450450451,0.6761261261261261
v8,activity_context,TouchIndex,44,2,2,0.5728310502283105,0.6127853881278539
v8,activity_context,TouchIndex,44,3,0,0.6687009590235398,0.6455972101133391
v8,activity_context,TouchIndex,44,3,1,0.4398430688753269,0.46425457715780294
v8,activity_context,TouchIndex,44,3,2,0.5748858447488585,0.5388127853881278
v8,activity_context,TouchIndex,44,4,0,0.5085004359197908,0.4363557105492589
v8,activity_context,TouchIndex,44,4,1,0.5568875326939843,0.5998256320836965
v8,activity_context,TouchIndex,44,4,2,0.45525114155251145,0.4922374429223744
v8,activity_context,TouchNose,42,0,0,0.46687009590235395,0.5680034873583261
v8,activity_context,TouchNose,42,0,1,0.5894977168949771,0.6484018264840182
v8,activity_context,TouchNose,42,0,2,0.5838450637694851,0.5999055266887103
v8,activity_context,TouchNose,42,1,0,0.5396687009590235,0.6233653007846556
v8,activity_context,TouchNose,42,1,1,0.5716216216216217,0.6603603603603604
v8,activity_context,TouchNose,42,1,2,0.6091324200913242,0.5917808219178082
v8,activity_context,TouchNose,42,2,0,0.5355274629468179,0.5448997384481256
v8,activity_context,TouchNose,42,2,1,0.5783783783783785,0.5801801801801801
v8,activity_context,TouchNose,42,2,2,0.5668949771689498,0.591324200913242
v8,activity_context,TouchNose,42,3,0,0.5329119442022667,0.5213600697471665
v8,activity_context,TouchNose,42,3,1,0.5771578029642546,0.580209241499564
v8,activity_context,TouchNose,42,3,2,0.5757990867579909,0.5579908675799087
v8,activity_context,TouchNose,42,4,0,0.536617262423714,0.6115954664341761
v8,activity_context,TouchNose,42,4,1,0.48299912816041846,0.44420226678291197
v8,activity_context,TouchNose,42,4,2,0.5189497716894977,0.5488584474885845
v8,activity_context,TouchNose,43,0,0,0.5204882301656495,0.521795989537925
v8,activity_context,TouchNose,43,0,1,0.5061643835616438,0.5474885844748858
v8,activity_context,TouchNose,43,0,2,0.5148795465281057,0.5611714690599905
v8,activity_context,TouchNose,43,1,0,0.5501307759372276,0.5666957279860505
v8,activity_context,TouchNose,43,1,1,0.604054054054054,0.6162162162162161
v8,activity_context,TouchNose,43,1,2,0.5659817351598173,0.6073059360730594
v8,activity_context,TouchNose,43,2,0,0.6323016564952049,0.6355710549258936
v8,activity_context,TouchNose,43,2,1,0.5581081081081081,0.5279279279279279
v8,activity_context,TouchNose,43,2,2,0.5013698630136987,0.4584474885844749
v8,activity_context,TouchNose,43,3,0,0.6499564080209241,0.6146469049694856
v8,activity_context,TouchNose,43,3,1,0.6146469049694856,0.6948561464690497
v8,activity_context,TouchNose,43,3,2,0.5600456621004566,0.6045662100456621
v8,activity_context,TouchNose,43,4,0,0.5865300784655623,0.559285091543156
v8,activity_context,TouchNose,43,4,1,0.5985178727114211,0.6255448997384482
v8,activity_context,TouchNose,43,4,2,0.5856164383561644,0.6584474885844749
v8,activity_context,TouchNose,44,0,0,0.5636442894507411,0.5911072362685266
v8,activity_context,TouchNose,44,0,1,0.5424657534246575,0.5493150684931507
v8,activity_context,TouchNose,44,0,2,0.6112423240434577,0.6424185167690127
v8,activity_context,TouchNose,44,1,0,0.5287707061900611,0.585440278988666
v8,activity_context,TouchNose,44,1,1,0.5779279279279279,0.5846846846846847
v8,activity_context,TouchNose,44,1,2,0.5531963470319634,0.5639269406392694
v8,activity_context,TouchNose,44,2,0,0.5756320836965998,0.5566695727986051
v8,activity_context,TouchNose,44,2,1,0.5675675675675675,0.5171171171171172
v8,activity_context,TouchNose,44,2,2,0.4984018264840182,0.4835616438356165
v8,activity_context,TouchNose,44,3,0,0.5839145597210114,0.6673931996512641
v8,activity_context,TouchNose,44,3,1,0.558413251961639,0.6146469049694856
v8,activity_context,TouchNose,44,3,2,0.5111872146118721,0.46894977168949775
v8,activity_context,TouchNose,44,4,0,0.5932868352223191,0.6460331299040977
v8,activity_context,TouchNose,44,4,1,0.5475152571926766,0.562772449869224
v8,activity_context,TouchNose,44,4,2,0.5924657534246576,0.6442922374429224
str,activity_raw,CrossArms,42,0,0,0.5812990409764603,0.6059285091543156
str,activity_raw,CrossArms,42,0,1,0.6344748858447489,0.6420091324200913
str,activity_raw,CrossArms,42,0,2,0.55266887104393,0.6183278223901748
str,activity_raw,CrossArms,42,1,0,0.5100261551874455,0.5170008718395814
str,activity_raw,CrossArms,42,1,1,0.5779279279279279,0.5963963963963964
str,activity_raw,CrossArms,42,1,2,0.630593607305936,0.7333333333333334
str,activity_raw,CrossArms,42,2,0,0.6525719267654752,0.6987794245858762
str,activity_raw,CrossArms,42,2,1,0.6117117117117117,0.654054054054054
str,activity_raw,CrossArms,42,2,2,0.623744292237443,0.6812785388127854
str,activity_raw,CrossArms,42,3,0,0.6135571054925893,0.562772449869224
str,activity_raw,CrossArms,42,3,1,0.5839145597210114,0.5863121185701831
str,activity_raw,CrossArms,42,3,2,0.6356164383561644,0.6698630136986301
str,activity_raw,CrossArms,42,4,0,0.5719267654751525,0.6447253705318221
str,activity_raw,CrossArms,42,4,1,0.6026591107236268,0.6163905841325196
str,activity_raw,CrossArms,42,4,2,0.5984018264840183,0.6447488584474885
str,activity_raw,CrossArms,43,0,0,0.5756320836965998,0.5614646904969485
str,activity_raw,CrossArms,43,0,1,0.5552511415525114,0.5812785388127855
str,activity_raw,CrossArms,43,0,2,0.5973075106282475,0.6471421823334909
str,activity_raw,CrossArms,43,1,0,0.6068003487358327,0.5998256320836967
str,activity_raw,CrossArms,43,1,1,0.5576576576576577,0.481981981981982
str,activity_raw,CrossArms,43,1,2,0.5043378995433789,0.5251141552511416
str,activity_raw,CrossArms,43,2,0,0.5246294681778553,0.5906713164777682
str,activity_raw,CrossArms,43,2,1,0.5779279279279279,0.6572072072072073
str,activity_raw,CrossArms,43,2,2,0.5796803652968037,0.5488584474885844
str,activity_raw,CrossArms,43,3,0,0.6390584132519617,0.624673060156931
str,activity_raw,CrossArms,43,3,1,0.6187881429816913,0.6381865736704446
str,activity_raw,CrossArms,43,3,2,0.6070776255707763,0.6703196347031963
str,activity_raw,CrossArms,43,4,0,0.6068003487358327,0.5993897122929381
str,activity_raw,CrossArms,43,4,1,0.6094158674803836,0.6795989537925021
str,activity_raw,CrossArms,43,4,2,0.630593607305936,0.6817351598173517
str,activity_raw,CrossArms,44,0,0,0.5786835222319093,0.5074106364428945
str,activity_raw,CrossArms,44,0,1,0.5698630136986301,0.6264840182648401
str,activity_raw,CrossArms,44,0,2,0.5493623051487955,0.5347189418989136
str,activity_raw,CrossArms,44,1,0,0.49760244115082825,0.5605928509154315
str,activity_raw,CrossArms,44,1,1,0.5414414414414415,0.636936936936937
str,activity_raw,CrossArms,44,1,2,0.5630136986301371,0.6164383561643836
str,activity_raw,CrossArms,44,2,0,0.5568875326939843,0.6028770706190061
str,activity_raw,CrossArms,44,2,1,0.5914414414414415,0.5481981981981983
str,activity_raw,CrossArms,44,2,2,0.5591324200913241,0.5310502283105023
str,activity_raw,CrossArms,44,3,0,0.6094158674803836,0.6809067131647776
str,activity_raw,CrossArms,44,3,1,0.6405841325196164,0.6665213600697472
str,activity_raw,CrossArms,44,3,2,0.6287671232876713,0.6333333333333334
str,activity_raw,CrossArms,44,4,0,0.5839145597210114,0.6281604184829991
str,activity_raw,CrossArms,44,4,1,0.5797733217088056,0.5741063644289451
str,activity_raw,CrossArms,44,4,2,0.64337899543379,0.6785388127853881
str,activity_raw,DrinkGlas,42,0,0,0.523539668700959,0.5457715780296425
str,activity_raw,DrinkGlas,42,0,1,0.652283105022831,0.6529680365296803
str,activity_raw,DrinkGlas,42,0,2,0.6076995748700992,0.6173830892772791
str,activity_raw,DrinkGlas,42,1,0,0.5921970357454228,0.5893635571054926
str,activity_raw,DrinkGlas,42,1,1,0.5306306306306307,0.5927927927927928
str,activity_raw,DrinkGlas,42,1,2,0.580593607305936,0.5305936073059361
str,activity_raw,DrinkGlas,42,2,0,0.5100261551874455,0.564516129032258
str,activity_raw,DrinkGlas,42,2,1,0.5851351351351352,0.5954954954954954
str,activity_raw,DrinkGlas,42,2,2,0.5522831050228311,0.5584474885844749
str,activity_raw,DrinkGlas,42,3,0,0.6390584132519617,0.7027027027027026
str,activity_raw,DrinkGlas,42,3,1,0.5126416739319966,0.5985178727114211
str,activity_raw,DrinkGlas,42,3,2,0.5052511415525114,0.5269406392694064
str,activity_raw,DrinkGlas,42,4,0,0.6094158674803836,0.6216216216216215
str,activity_raw,DrinkGlas,42,4,1,0.5959023539668701,0.5945945945945945
str,activity_raw,DrinkGlas,42,4,2,0.650228310502283,0.6789954337899543
str,activity_raw,DrinkGlas,43,0,0,0.5370531822144725,0.5680034873583261
str,activity_raw,DrinkGlas,43,0,1,0.5415525114155251,0.5269406392694065
str,activity_raw,DrinkGlas,43,0,2,0.55266887104393,0.6334435521965045
str,activity_raw,DrinkGlas,43,1,0,0.5126416739319966,0.504359197907585
str,activity_raw,DrinkGlas,43,1,1,0.5108108108108108,0.5198198198198198
str,activity_raw,DrinkGlas,43,1,2,0.6159817351598174,0.6164383561643836
str,activity_raw,DrinkGlas,43,2,0,0.6578029642545772,0.6739319965126417
str,activity_raw,DrinkGlas,43,2,1,0.5779279279279279,0.5608108108108107
str,activity_raw,DrinkGlas,43,2,2,0.5817351598173516,0.552054794520548
str,activity_raw,DrinkGlas,43,3,0,0.493897122929381,0.6211857018308631
str,activity_raw,DrinkGlas,43,3,1,0.590671316477768,0.6469049694856146
str,activity_raw,DrinkGlas,43,3,2,0.5787671232876712,0.6182648401826484
str,activity_raw,DrinkGlas,43,4,0,0.6218395815170009,0.6795989537925021
str,activity_raw,DrinkGlas,43,4,1,0.6120313862249346,0.6242371403661725
str,activity_raw,DrinkGlas,43,4,2,0.5091324200913242,0.5086757990867581
str,activity_raw,DrinkGlas,44,0,0,0.5865300784655623,0.5967741935483871
str,activity_raw,DrinkGlas,44,0,1,0.5894977168949771,0.569406392694064
str,activity_raw,DrinkGlas,44,0,2,0.5736891828058573,0.5729806329711857
str,activity_raw,DrinkGlas,44,1,0,0.5058849171752398,0.549694856146469
str,activity_raw,DrinkGlas,44,1,1,0.6342342342342342,0.6378378378378379
str,activity_raw,DrinkGlas,44,1,2,0.6698630136986301,0.65662100456621
str,activity_raw,DrinkGlas,44,2,0,0.472101133391456,0.533129904097646
str,activity_raw,DrinkGlas,44,2,1,0.5612612612612613,0.5896396396396397
str,activity_raw,DrinkGlas,44,2,2,0.59337899543379,0.6168949771689498
str,activity_raw,DrinkGlas,44,3,0,0.5756320836965998,0.605492589363557
str,activity_raw,DrinkGlas,44,3,1,0.5880557977332171,0.5980819529206627
str,activity_raw,DrinkGlas,44,3,2,0.502283105022831,0.5575342465753426
str,activity_raw,DrinkGlas,44,4,0,0.5974280732345248,0.6377506538796861
str,activity_raw,DrinkGlas,44,4,1,0.5542720139494333,0.5448997384481254
str,activity_raw,DrinkGlas,44,4,2,0.5168949771689497,0.45388127853881277
str,activity_raw,Entrainment,42,0,0,0.5891455972101134,0.6386224934612031
str,activity_raw,Entrainment,42,0,1,0.4689497716894977,0.552054794520548
str,activity_raw,Entrainment,42,0,2,0.5701464336324988,0.5781766650921115
str,activity_raw,Entrainment,42,1,0,0.5246294681778553,0.5640802092414995
str,activity_raw,Entrainment,42,1,1,0.6414414414414414,0.6513513513513514
str,activity_raw,Entrainment,42,1,2,0.443607305936073,0.4922374429223745
str,activity_raw,Entrainment,42,2,0,0.6431996512641673,0.6848299912816042
str,activity_raw,Entrainment,42,2,1,0.5806306306306306,0.6288288288288288
str,activity_raw,Entrainment,42,2,2,0.5385844748858448,0.5424657534246575
str,activity_raw,Entrainment,42,3,0,0.5542720139494333,0.589799476896251
str,activity_raw,Entrainment,42,3,1,0.4845248474280732,0.493025283347864
str,activity_raw,Entrainment,42,3,2,0.47876712328767124,0.5593607305936074
str,activity_raw,Entrainment,42,4,0,0.493897122929381,0.4707933740191805
str,activity_raw,Entrainment,42,4,1,0.6645597210113339,0.6617262423714037
str,activity_raw,Entrainment,42,4,2,0.6228310502283105,0.5867579908675798
str,activity_raw,Entrainment,43,0,0,0.4585876198779425,0.4917175239755885
str,activity_raw,Entrainment,43,0,1,0.5552511415525114,0.5703196347031965
str,activity_raw,Entrainment,43,0,2,0.44969296173830897,0.4907888521492678
str,activity_raw,Entrainment,43,1,0,0.5636442894507411,0.5680034873583261
str,activity_raw,Entrainment,43,1,1,0.49774774774774777,0.5459459459459459
str,activity_raw,Entrainment,43,1,2,0.473972602739726,0.42511415525114155
str,activity_raw,Entrainment,43,2,0,0.5839145597210114,0.6207497820401047
str,activity_raw,Entrainment,43,2,1,0.5378378378378379,0.5342342342342342
str,activity_raw,Entrainment,43,2,2,0.5347031963470319,0.5013698630136987
str,activity_raw,Entrainment,43,3,0,0.5527462946817785,0.5553618134263295
str,activity_raw,Entrainment,43,3,1,0.6135571054925893,0.5727986050566696
str,activity_raw,Entrainment,43,3,2,0.5600456621004566,0.5917808219178082
str,activity_raw,Entrainment,43,4,0,0.46272885789014817,0.46948561464690497
str,activity_raw,Entrainment,43,4,1,0.49237140366172627,0.53487358326068
str,activity_raw,Entrainment,43,4,2,0.4906392694063927,0.5461187214611872
str,activity_raw,Entrainment,44,0,0,0.531386224934612,0.5239755884917174
str,activity_raw,Entrainment,44,0,1,0.5454337899543379,0.5707762557077626
str,activity_raw,Entrainment,44,0,2,0.6114785073216816,0.5847897968823808
str,activity_raw,Entrainment,44,1,0,0.48147340889276374,0.5065387968613775
str,activity_raw,Entrainment,44,1,1,0.5382882882882882,0.5711711711711711
str,activity_raw,Entrainment,44,1,2,0.4817351598173516,0.47808219178082195
str,activity_raw,Entrainment,44,2,0,0.49237140366172627,0.5562336530078464
str,activity_raw,Entrainment,44,2,1,0.5175675675675675,0.5806306306306307
str,activity_raw,Entrainment,44,2,2,0.5454337899543379,0.5529680365296804
str,activity_raw,Entrainment,44,3,0,0.6161726242371404,0.6769834350479512
str,activity_raw,Entrainment,44,3,1,0.5137314734088928,0.5623365300784655
str,activity_raw,Entrainment,44,3,2,0.5385844748858448,0.5502283105022832
str,activity_raw,Entrainment,44,4,0,0.5340017436791631,0.5575414123801221
str,activity_raw,Entrainment,44,4,1,0.5152571926765475,0.5701830863121186
str,activity_raw,Entrainment,44,4,2,0.613013698630137,0.6255707762557079
str,activity_raw,HoldWeight,42,0,0,0.5542720139494333,0.568875326939843
str,activity_raw,HoldWeight,42,0,1,0.6463470319634703,0.6328767123287671
str,activity_raw,HoldWeight,42,0,2,0.5734529995276334,0.5866792631081721
str,activity_raw,HoldWeight,42,1,0,0.6030950305143854,0.5815170008718396
str,activity_raw,HoldWeight,42,1,1,0.6045045045045045,0.6027027027027027
str,activity_raw,HoldWeight,42,1,2,0.5659817351598173,0.6333333333333333
str,activity_raw,HoldWeight,42,2,0,0.5682214472537053,0.523539668700959
str,activity_raw,HoldWeight,42,2,1,0.7256756756756757,0.7018018018018019
str,activity_raw,HoldWeight,42,2,2,0.5484018264840183,0.5771689497716894
str,activity_raw,HoldWeight,42,3,0,0.6052746294681779,0.6673931996512641
str,activity_raw,HoldWeight,42,3,1,0.52615518744551,0.5841325196163906
str,activity_raw,HoldWeight,42,3,2,0.6002283105022831,0.6785388127853881
str,activity_raw,HoldWeight,42,4,0,0.48714036617262424,0.5213600697471665
str,activity_raw,HoldWeight,42,4,1,0.6120313862249346,0.6364428945074107
str,activity_raw,HoldWeight,42,4,2,0.5993150684931507,0.6013698630136987
str,activity_raw,HoldWeight,43,0,0,0.5625544899738448,0.5710549258936355
str,activity_raw,HoldWeight,43,0,1,0.5180365296803653,0.5442922374429223
str,activity_raw,HoldWeight,43,0,2,0.5422768068020785,0.5696740670760511
str,activity_raw,HoldWeight,43,1,0,0.5651700087183957,0.496512641673932
str,activity_raw,HoldWeight,43,1,1,0.5036036036036036,0.5391891891891892
str,activity_raw,HoldWeight,43,1,2,0.5091324200913242,0.5643835616438356
str,activity_raw,HoldWeight,43,2,0,0.4845248474280732,0.4280732345248474
str,activity_raw,HoldWeight,43,2,1,0.6684684684684685,0.6504504504504505
str,activity_raw,HoldWeight,43,2,2,0.5561643835616439,0.6187214611872146
str,activity_raw,HoldWeight,43,3,0,0.6442894507410637,0.6408020924149956
str,activity_raw,HoldWeight,43,3,1,0.5921970357454228,0.6342632955536182
str,activity_raw,HoldWeight,43,3,2,0.5296803652968036,0.554337899543379
str,activity_raw,HoldWeight,43,4,0,0.6176983435047951,0.617698343504795
str,activity_raw,HoldWeight,43,4,1,0.6000435919790759,0.6346992153443766
str,activity_raw,HoldWeight,43,4,2,0.6070776255707763,0.6182648401826484
str,activity_raw,HoldWeight,44,0,0,0.5516564952048824,0.522667829119442
str,activity_raw,HoldWeight,44,0,1,0.6031963470319635,0.6593607305936072
str,activity_raw,HoldWeight,44,0,2,0.5873878129428436,0.6197449220595183
str,activity_raw,HoldWeight,44,1,0,0.5464254577157803,0.5876198779424586
str,activity_raw,HoldWeight,44,1,1,0.5414414414414415,0.577027027027027
str,activity_raw,HoldWeight,44,1,2,0.550228310502283,0.5671232876712329
str,activity_raw,HoldWeight,44,2,0,0.5880557977332171,0.6338273757628596
str,activity_raw,HoldWeight,44,2,1,0.5648648648648649,0.6504504504504505
str,activity_raw,HoldWeight,44,2,2,0.5689497716894978,0.6292237442922375
str,activity_raw,HoldWeight,44,3,0,0.5490409764603312,0.5353095030514385
str,activity_raw,HoldWeight,44,3,1,0.48975588491717525,0.533129904097646
str,activity_raw,HoldWeight,44,3,2,0.5308219178082192,0.5552511415525113
str,activity_raw,HoldWeight,44,4,0,0.5422842197035745,0.5832606800348736
str,activity_raw,HoldWeight,44,4,1,0.5756320836965998,0.6224934612031386
str,activity_raw,HoldWeight,44,4,2,0.6267123287671232,0.6305936073059362
str,activity_raw,LiftHold,42,0,0,0.6068003487358327,0.6765475152571926
str,activity_raw,LiftHold,42,0,1,0.5317351598173516,0.5675799086757991
str,activity_raw,LiftHold,42,0,2,0.6629664619744922,0.7142182333490789
str,activity_raw,LiftHold,42,1,0,0.558413251961639,0.5732345248474281
str,activity_raw,LiftHold,42,1,1,0.5247747747747747,0.5684684684684684
str,activity_raw,LiftHold,42,1,2,0.6052511415525115,0.6575342465753425
str,activity_raw,LiftHold,42,2,0,0.6000435919790759,0.656059285091543
str,activity_raw,LiftHold,42,2,1,0.6918918918918919,0.7653153153153153
str,activity_raw,LiftHold,42,2,2,0.623744292237443,0.6908675799086758
str,activity_raw,LiftHold,42,3,0,0.558413251961639,0.5510026155187445
str,activity_raw,LiftHold,42,3,1,0.6000435919790759,0.6211857018308632
str,activity_raw,LiftHold,42,3,2,0.6531963470319635,0.6511415525114156
str,activity_raw,LiftHold,42,4,0,0.6176983435047951,0.6591107236268526
str,activity_raw,LiftHold,42,4,1,0.6593286835222318,0.6434176111595467
str,activity_raw,LiftHold,42,4,2,0.6365296803652968,0.6470319634703197
str,activity_raw,LiftHold,43,0,0,0.5677855274629469,0.5841325196163906
str,activity_raw,LiftHold,43,0,1,0.6463470319634703,0.6210045662100456
str,activity_raw,LiftHold,43,0,2,0.6457250826641474,0.6367501180916392
str,activity_raw,LiftHold,43,1,0,0.5797733217088056,0.6163905841325196
str,activity_raw,LiftHold,43,1,1,0.5382882882882882,0.5504504504504504
str,activity_raw,LiftHold,43,1,2,0.532648401826484,0.6
str,activity_raw,LiftHold,43,2,0,0.5730165649520489,0.6695727986050567
str,activity_raw,LiftHold,43,2,1,0.6184684684684685,0.722972972972973
str,activity_raw,LiftHold,43,2,2,0.6404109589041096,0.6315068493150684
str,activity_raw,LiftHold,43,3,0,0.5651700087183957,0.5762859633827376
str,activity_raw,LiftHold,43,3,1,0.5193984306887532,0.5693112467306015
str,activity_raw,LiftHold,43,3,2,0.613013698630137,0.623744292237443
str,activity_raw,LiftHold,43,4,0,0.49498692240627723,0.44245858761987794
str,activity_raw,LiftHold,43,4,1,0.52615518744551,0.5963382737576286
str,activity_raw,LiftHold,43,4,2,0.5591324200913241,0.5776255707762558
str,activity_raw,LiftHold,44,0,0,0.5542720139494333,0.5937227550130776
str,activity_raw,LiftHold,44,0,1,0.5484018264840183,0.5447488584474885
str,activity_raw,LiftHold,44,0,2,0.5356636750118091,0.5555030703826169
str,activity_raw,LiftHold,44,1,0,0.5490409764603312,0.615082824760244
str,activity_raw,LiftHold,44,1,1,0.4842342342342342,0.513963963963964
str,activity_raw,LiftHold,44,1,2,0.5531963470319634,0.5913242009132421
str,activity_raw,LiftHold,44,2,0,0.5381429816913688,0.597646033129904
str,activity_raw,LiftHold,44,2,1,0.640990990990991,0.6860360360360359
str,activity_raw,LiftHold,44,2,2,0.630593607305936,0.7109589041095891
str,activity_raw,LiftHold,44,3,0,0.46687009590235395,0.5074106364428945
str,activity_raw,LiftHold,44,3,1,0.5126416739319966,0.5706190061028771
str,activity_raw,LiftHold,44,3,2,0.5728310502283105,0.5931506849315068
str,activity_raw,LiftHold,44,4,0,0.6026591107236268,0.6503923278116827
str,activity_raw,LiftHold,44,4,1,0.49237140366172627,0.47340889276373144
str,activity_raw,LiftHold,44,4,2,0.54337899543379,0.5616438356164384
str,activity_raw,PointFinger,42,0,0,0.5329119442022667,0.5475152571926766
str,activity_raw,PointFinger,42,0,1,0.5257990867579908,0.5383561643835616
str,activity_raw,PointFinger,42,0,2,0.5940009447331129,0.6480869154463864
str,activity_raw,PointFinger,42,1,0,0.49912816041848296,0.5004359197907585
str,activity_raw,PointFinger,42,1,1,0.5382882882882882,0.5891891891891892
str,activity_raw,PointFinger,42,1,2,0.5463470319634703,0.5812785388127855
str,activity_raw,PointFinger,42,2,0,0.5464254577157803,0.547951176983435
str,activity_raw,PointFinger,42,2,1,0.5139639639639639,0.5153153153153154
str,activity_raw,PointFinger,42,2,2,0.6257990867579908,0.6018264840182649
str,activity_raw,PointFinger,42,3,0,0.6754577157802965,0.6948561464690496
str,activity_raw,PointFinger,42,3,1,0.5823888404533566,0.5845684394071491
str,activity_raw,PointFinger,42,3,2,0.5493150684931507,0.582648401826484
str,activity_raw,PointFinger,42,4,0,0.5932868352223191,0.6181342632955535
str,activity_raw,PointFinger,42,4,1,0.5433740191804708,0.5806451612903226
str,activity_raw,PointFinger,42,4,2,0.5728310502283105,0.575799086757991
str,activity_raw,PointFinger,43,0,0,0.6094158674803836,0.6238012205754141
str,activity_raw,PointFinger,43,0,1,0.5698630136986301,0.6287671232876713
str,activity_raw,PointFinger,43,0,2,0.5906943788379783,0.5975436939064714
str,activity_raw,PointFinger,43,1,0,0.49912816041848296,0.5335658238884045
str,activity_raw,PointFinger,43,1,1,0.4806306306306306,0.47747747747747754
str,activity_raw,PointFinger,43,1,2,0.5394977168949772,0.6
str,activity_raw,PointFinger,43,2,0,0.5651700087183957,0.6054925893635571
str,activity_raw,PointFinger,43,2,1,0.5346846846846847,0.6189189189189189
str,activity_raw,PointFinger,43,2,2,0.5424657534246575,0.5602739726027397
str,activity_raw,PointFinger,43,3,0,0.5396687009590235,0.6006974716652136
str,activity_raw,PointFinger,43,3,1,0.5246294681778553,0.5396687009590234
str,activity_raw,PointFinger,43,3,2,0.5776255707762556,0.5694063926940639
str,activity_raw,PointFinger,43,4,0,0.5636442894507411,0.568875326939843
str,activity_raw,PointFinger,43,4,1,0.5839145597210114,0.6024411508282476
str,activity_raw,PointFinger,43,4,2,0.5159817351598174,0.6013698630136987
str,activity_raw,PointFinger,44,0,0,0.568875326939843,0.583696599825632
str,activity_raw,PointFinger,44,0,1,0.5347031963470319,0.5538812785388127
str,activity_raw,PointFinger,44,0,2,0.6114785073216816,0.5923476617855457
str,activity_raw,PointFinger,44,1,0,0.5719267654751525,0.4960767218831735
str,activity_raw,PointFinger,44,1,1,0.6076576576576577,0.6608108108108108
str,activity_raw,PointFinger,44,1,2,0.4924657534246575,0.5246575342465754
str,activity_raw,PointFinger,44,2,0,0.5850043591979075,0.61333914559721
str,activity_raw,PointFinger,44,2,1,0.6081081081081081,0.6662162162162162
str,activity_raw,PointFinger,44,2,2,0.5757990867579909,0.5771689497716894
str,activity_raw,PointFinger,44,3,0,0.6187881429816913,0.6325196163905842
str,activity_raw,PointFinger,44,3,1,0.5287707061900611,0.5806451612903225
str,activity_raw,PointFinger,44,3,2,0.4778538812785388,0.526027397260274
str,activity_raw,PointFinger,44,4,0,0.5355274629468179,0.6002615518744551
str,activity_raw,PointFinger,44,4,1,0.5459895379250218,0.540976460331299
str,activity_raw,PointFinger,44,4,2,0.4504566210045662,0.49817351598173515
str,activity_raw,Relaxed,42,0,0,0.5812990409764603,0.6072362685265911
str,activity_raw,Relaxed,42,0,1,0.5611872146118722,0.5315068493150685
str,activity_raw,Relaxed,42,0,2,0.5113367973547472,0.4742560226735947
str,activity_raw,Relaxed,42,1,0,0.6349171752397559,0.6238012205754142
str,activity_raw,Relaxed,42,1,1,0.4941441441441441,0.509009009009009
str,activity_raw,Relaxed,42,1,2,0.5091324200913242,0.536986301369863
str,activity_raw,Relaxed,42,2,0,0.48147340889276374,0.48561464690496947
str,activity_raw,Relaxed,42,2,1,0.5310810810810811,0.5391891891891892
str,activity_raw,Relaxed,42,2,2,0.4856164383561644,0.5200913242009133
str,activity_raw,Relaxed,42,3,0,0.574106364428945,0.6216216216216215
str,activity_raw,Relaxed,42,3,1,0.46687009590235395,0.4062772449869224
str,activity_raw,Relaxed,42,3,2,0.4689497716894977,0.4223744292237443
str,activity_raw,Relaxed,42,4,0,0.5111159546643418,0.4359197907585004
str,activity_raw,Relaxed,42,4,1,0.4679598953792502,0.496512641673932
str,activity_raw,Relaxed,42,4,2,0.582648401826484,0.5794520547945206
str,activity_raw,Relaxed,43,0,0,0.5220139494333043,0.49215344376634695
str,activity_raw,Relaxed,43,0,1,0.5504566210045663,0.558904109589041
str,activity_raw,Relaxed,43,0,2,0.5873878129428436,0.5621162021728862
str,activity_raw,Relaxed,43,1,0,0.46120313862249346,0.4450741063644289
str,activity_raw,Relaxed,43,1,1,0.5747747747747748,0.6216216216216217
str,activity_raw,Relaxed,43,1,2,0.5531963470319634,0.5694063926940639
str,activity_raw,Relaxed,43,2,0,0.558413251961639,0.6024411508282476
str,activity_raw,Relaxed,43,2,1,0.4873873873873874,0.5198198198198198
str,activity_raw,Relaxed,43,2,2,0.5472602739726027,0.5735159817351598
str,activity_raw,Relaxed,43,3,0,0.5340017436791631,0.518308631211857
str,activity_raw,Relaxed,43,3,1,0.5355274629468179,0.583696599825632
str,activity_raw,Relaxed,43,3,2,0.43949771689497713,0.4611872146118721
str,activity_raw,Relaxed,43,4,0,0.5771578029642546,0.6608544027898866
str,activity_raw,Relaxed,43,4,1,0.5407585004359198,0.53487358326068
str,activity_raw,Relaxed,43,4,2,0.5748858447488585,0.563013698630137
str,activity_raw,Relaxed,44,0,0,0.5486050566695728,0.5257192676547515
str,activity_raw,Relaxed,44,0,1,0.4063926940639269,0.4200913242009133
str,activity_raw,Relaxed,44,0,2,0.5597543693906472,0.5470004723665565
str,activity_raw,Relaxed,44,1,0,0.5475152571926766,0.562772449869224
str,activity_raw,Relaxed,44,1,1,0.5576576576576577,0.540990990990991
str,activity_raw,Relaxed,44,1,2,0.5776255707762556,0.6018264840182648
str,activity_raw,Relaxed,44,2,0,0.48714036617262424,0.5135135135135135
str,activity_raw,Relaxed,44,2,1,0.4981981981981982,0.47252252252252247
str,activity_raw,Relaxed,44,2,2,0.5796803652968037,0.5420091324200913
str,activity_raw,Relaxed,44,3,0,0.46948561464690497,0.5196163905841326
str,activity_raw,Relaxed,44,3,1,0.5599389712292938,0.5344376634699215
str,activity_raw,Relaxed,44,3,2,0.5493150684931507,0.5799086757990868
str,activity_raw,Relaxed,44,4,0,0.5152571926765475,0.4729729729729729
str,activity_raw,Relaxed,44,4,1,0.474716652136007,0.513077593722755
str,activity_raw,Relaxed,44,4,2,0.4415525114155251,0.4200913242009133
str,activity_raw,RelaxedTask,42,0,0,0.5516564952048824,0.5932868352223191
str,activity_raw,RelaxedTask,42,0,1,0.4757990867579909,0.5191780821917809
str,activity_raw,RelaxedTask,42,0,2,0.5358998582900331,0.5493623051487955
str,activity_raw,RelaxedTask,42,1,0,0.5501307759372276,0.5841325196163907
str,activity_raw,RelaxedTask,42,1,1,0.5315315315315315,0.5747747747747748
str,activity_raw,RelaxedTask,42,1,2,0.5621004566210046,0.5301369863013699
str,activity_raw,RelaxedTask,42,2,0,0.49607672188317353,0.493025283347864
str,activity_raw,RelaxedTask,42,2,1,0.48783783783783785,0.4914414414414415
str,activity_raw,RelaxedTask,42,2,2,0.6591324200913242,0.6420091324200914
str,activity_raw,RelaxedTask,42,3,0,0.5823888404533566,0.5998256320836967
str,activity_raw,RelaxedTask,42,3,1,0.5542720139494333,0.5680034873583261
str,activity_raw,RelaxedTask,42,3,2,0.513013698630137,0.5675799086757991
str,activity_raw,RelaxedTask,42,4,0,0.504359197907585,0.567131647776809
str,activity_raw,RelaxedTask,42,4,1,0.48147340889276374,0.5379250217959896
str,activity_raw,RelaxedTask,42,4,2,0.5424657534246575,0.5602739726027397
str,activity_raw,RelaxedTask,43,0,0,0.6052746294681779,0.5963382737576286
str,activity_raw,RelaxedTask,43,0,1,0.5748858447488585,0.582648401826484
str,activity_raw,RelaxedTask,43,0,2,0.5011809163911195,0.4794520547945206
str,activity_raw,RelaxedTask,43,1,0,0.47994768962510903,0.522667829119442
str,activity_raw,RelaxedTask,43,1,1,0.5481981981981981,0.5630630630630631
str,activity_raw,RelaxedTask,43,1,2,0.5463470319634703,0.6159817351598174
str,activity_raw,RelaxedTask,43,2,0,0.6146469049694856,0.5775937227550132
str,activity_raw,RelaxedTask,43,2,1,0.5117117117117117,0.48603603603603607
str,activity_raw,RelaxedTask,43,2,2,0.6121004566210045,0.6484018264840183
str,activity_raw,RelaxedTask,43,3,0,0.45292066259808195,0.4489973844812554
str,activity_raw,RelaxedTask,43,3,1,0.5272449869224063,0.5496948561464691
str,activity_raw,RelaxedTask,43,3,2,0.4728310502283105,0.5534246575342466
str,activity_raw,RelaxedTask,43,4,0,0.5610287707061901,0.536617262423714
str,activity_raw,RelaxedTask,43,4,1,0.49912816041848296,0.49171752397558843
str,activity_raw,RelaxedTask,43,4,2,0.5296803652968036,0.5242009132420091
str,activity_raw,RelaxedTask,44,0,0,0.6229293809938972,0.5932868352223191
str,activity_raw,RelaxedTask,44,0,1,0.5757990867579909,0.6164383561643836
str,activity_raw,RelaxedTask,44,0,2,0.5562116202172886,0.5418044402456306
str,activity_raw,RelaxedTask,44,1,0,0.4638186573670445,0.37358326068003483
str,activity_raw,RelaxedTask,44,1,1,0.5472972972972974,0.5522522522522523
str,activity_raw,RelaxedTask,44,1,2,0.47876712328767124,0.47534246575342476
str,activity_raw,RelaxedTask,44,2,0,0.5568875326939843,0.5819529206625981
str,activity_raw,RelaxedTask,44,2,1,0.5477477477477477,0.5355855855855856
str,activity_raw,RelaxedTask,44,2,2,0.6031963470319635,0.6538812785388128
str,activity_raw,RelaxedTask,44,3,0,0.590671316477768,0.6142109851787271
str,activity_raw,RelaxedTask,44,3,1,0.5017436791630341,0.539232781168265
str,activity_raw,RelaxedTask,44,3,2,0.43858447488584473,0.4762557077625571
str,activity_raw,RelaxedTask,44,4,0,0.5152571926765475,0.5148212728857889
str,activity_raw,RelaxedTask,44,4,1,0.5017436791630341,0.49564080209241496
str,activity_raw,RelaxedTask,44,4,2,0.5757990867579909,0.5803652968036529
str,activity_raw,StretchHold,42,0,0,0.5302964254577158,0.4851787271142109
str,activity_raw,StretchHold,42,0,1,0.5296803652968036,0.6438356164383562
str,activity_raw,StretchHold,42,0,2,0.6180916391119509,0.6244685876239963
str,activity_raw,StretchHold,42,1,0,0.49651264167393205,0.53487358326068
str,activity_raw,StretchHold,42,1,1,0.6081081081081081,0.6513513513513514
str,activity_raw,StretchHold,42,1,2,0.5748858447488585,0.580365296803653
str,activity_raw,StretchHold,42,2,0,0.5786835222319093,0.6063644289450741
str,activity_raw,StretchHold,42,2,1,0.5648648648648649,0.5333333333333334
str,activity_raw,StretchHold,42,2,2,0.5963470319634703,0.5817351598173516
str,activity_raw,StretchHold,42,3,0,0.49651264167393205,0.5418482999128161
str,activity_raw,StretchHold,42,3,1,0.6041848299912816,0.5126416739319966
str,activity_raw,StretchHold,42,3,2,0.5659817351598173,0.5342465753424658
str,activity_raw,StretchHold,42,4,0,0.5287707061900611,0.5265911072362686
str,activity_raw,StretchHold,42,4,1,0.5002179598953792,0.48561464690496947
str,activity_raw,StretchHold,42,4,2,0.5198630136986301,0.5643835616438356
str,activity_raw,StretchHold,43,0,0,0.5032693984306887,0.46033129904097647
str,activity_raw,StretchHold,43,0,1,0.5757990867579909,0.5744292237442923
str,activity_raw,StretchHold,43,0,2,0.5290505432215399,0.49362305148795466
str,activity_raw,StretchHold,43,1,0,0.5433740191804708,0.546207497820401
str,activity_raw,StretchHold,43,1,1,0.5216216216216216,0.5261261261261261
str,activity_raw,StretchHold,43,1,2,0.5650684931506849,0.5812785388127854
str,activity_raw,StretchHold,43,2,0,0.5340017436791631,0.5021795989537925
str,activity_raw,StretchHold,43,2,1,0.47792792792792793,0.49369369369369376
str,activity_raw,StretchHold,43,2,2,0.5189497716894977,0.5488584474885845
str,activity_raw,StretchHold,43,3,0,0.5932868352223191,0.6233653007846557
str,activity_raw,StretchHold,43,3,1,0.5490409764603312,0.5292066259808195
str,activity_raw,StretchHold,43,3,2,0.49543378995433784,0.491324200913242
str,activity_raw,StretchHold,43,4,0,0.5823888404533566,0.54359197907585
str,activity_raw,StretchHold,43,4,1,0.47624237140366177,0.4054054054054054
str,activity_raw,StretchHold,43,4,2,0.5267123287671233,0.4922374429223744
str,activity_raw,StretchHold,44,0,0,0.5355274629468179,0.4742807323452484
str,activity_raw,StretchHold,44,0,1,0.4650684931506849,0.4589041095890411
str,activity_raw,StretchHold,44,0,2,0.6079357581483231,0.6159659896079358
str,activity_raw,StretchHold,44,1,0,0.5490409764603312,0.606364428945074
str,activity_raw,StretchHold,44,1,1,0.6382882882882883,0.6202702702702703
str,activity_raw,StretchHold,44,1,2,0.5356164383561643,0.5986301369863014
str,activity_raw,StretchHold,44,2,0,0.504359197907585,0.513949433304272
str,activity_raw,StretchHold,44,2,1,0.5378378378378379,0.5536036036036036
str,activity_raw,StretchHold,44,2,2,0.5493150684931507,0.4926940639269407
str,activity_raw,StretchHold,44,3,0,0.6011333914559721,0.6451612903225807
str,activity_raw,StretchHold,44,3,1,0.5745422842197035,0.5610287707061901
str,activity_raw,StretchHold,44,3,2,0.5689497716894978,0.6091324200913242
str,activity_raw,StretchHold,44,4,0,0.493897122929381,0.5187445510026154
str,activity_raw,StretchHold,44,4,1,0.47624237140366177,0.5671316477768091
str,activity_raw,StretchHold,44,4,2,0.5630136986301371,0.5388127853881279
str,activity_raw,TouchIndex,42,0,0,0.43461203138622495,0.4655623365300784
str,activity_raw,TouchIndex,42,0,1,0.5885844748858448,0.626027397260274
str,activity_raw,TouchIndex,42,0,2,0.5800661313179027,0.5838450637694851
str,activity_raw,TouchIndex,42,1,0,0.5568875326939843,0.583696599825632
str,activity_raw,TouchIndex,42,1,1,0.6211711711711712,0.6801801801801802
str,activity_raw,TouchIndex,42,1,2,0.5621004566210046,0.5703196347031962
str,activity_raw,TouchIndex,42,2,0,0.5891455972101134,0.5954664341761116
str,activity_raw,TouchIndex,42,2,1,0.5378378378378379,0.5328828828828828
str,activity_raw,TouchIndex,42,2,2,0.5963470319634703,0.6036529680365297
str,activity_raw,TouchIndex,42,3,0,0.47624237140366177,0.47253705318221445
str,activity_raw,TouchIndex,42,3,1,0.46272885789014817,0.530514385353095
str,activity_raw,TouchIndex,42,3,2,0.4984018264840182,0.5031963470319636
str,activity_raw,TouchIndex,42,4,0,0.40605928509154315,0.3687881429816913
str,activity_raw,TouchIndex,42,4,1,0.5490409764603312,0.564516129032258
str,activity_raw,TouchIndex,42,4,2,0.5737442922374429,0.6333333333333333
str,activity_raw,TouchIndex,43,0,0,0.5126416739319966,0.4934612031386225
str,activity_raw,TouchIndex,43,0,1,0.5356164383561643,0.491324200913242
str,activity_raw,TouchIndex,43,0,2,0.4910250354274917,0.49645725082664155
str,activity_raw,TouchIndex,43,1,0,0.5193984306887532,0.4995640802092415
str,activity_raw,TouchIndex,43,1,1,0.6049549549549549,0.6608108108108108
str,activity_raw,TouchIndex,43,1,2,0.5463470319634703,0.5666666666666667
str,activity_raw,TouchIndex,43,2,0,0.6458151700087184,0.6338273757628596
str,activity_raw,TouchIndex,43,2,1,0.5810810810810811,0.5540540540540541
str,activity_raw,TouchIndex,43,2,2,0.5748858447488585,0.54337899543379
str,activity_raw,TouchIndex,43,3,0,0.5085004359197908,0.46599825632083697
str,activity_raw,TouchIndex,43,3,1,0.504359197907585,0.5222319093286835
str,activity_raw,TouchIndex,43,3,2,0.5954337899543378,0.6310502283105023
str,activity_raw,TouchIndex,43,4,0,0.5178727114210986,0.540976460331299
str,activity_raw,TouchIndex,43,4,1,0.5017436791630341,0.492153443766347
str,activity_raw,TouchIndex,43,4,2,0.5963470319634703,0.6004566210045662
str,activity_raw,TouchIndex,44,0,0,0.5152571926765475,0.537489102005231
str,activity_raw,TouchIndex,44,0,1,0.6082191780821917,0.6059360730593607
str,activity_raw,TouchIndex,44,0,2,0.5597543693906472,0.593764761454889
str,activity_raw,TouchIndex,44,1,0,0.5812990409764603,0.5610287707061901
str,activity_raw,TouchIndex,44,1,1,0.5247747747747747,0.5671171171171171
str,activity_raw,TouchIndex,44,1,2,0.5757990867579909,0.5429223744292238
str,activity_raw,TouchIndex,44,2,0,0.6052746294681779,0.6669572798605056
str,activity_raw,TouchIndex,44,2,1,0.6117117117117117,0.6783783783783783
str,activity_raw,TouchIndex,44,2,2,0.5865296803652968,0.5652968036529681
str,activity_raw,TouchIndex,44,3,0,0.590671316477768,0.6534437663469921
str,activity_raw,TouchIndex,44,3,1,0.49651264167393205,0.4891020052310375
str,activity_raw,TouchIndex,44,3,2,0.5415525114155251,0.5401826484018264
str,activity_raw,TouchIndex,44,4,0,0.5298605056669573,0.5749782040104621
str,activity_raw,TouchIndex,44,4,1,0.5475152571926766,0.5571054925893636
str,activity_raw,TouchIndex,44,4,2,0.532648401826484,0.5031963470319635
str,activity_raw,TouchNose,42,0,0,0.5595030514385353,0.5854402789886661
str,activity_raw,TouchNose,42,0,1,0.5257990867579908,0.5383561643835617
str,activity_raw,TouchNose,42,0,2,0.5184222957014644,0.567312234293812
str,activity_raw,TouchNose,42,1,0,0.5812990409764603,0.6333914559721011
str,activity_raw,TouchNose,42,1,1,0.6013513513513513,0.7193693693693695
str,activity_raw,TouchNose,42,1,2,0.571917808219178,0.6351598173515982
str,activity_raw,TouchNose,42,2,0,0.5490409764603312,0.6325196163905842
str,activity_raw,TouchNose,42,2,1,0.618018018018018,0.6783783783783784
str,activity_raw,TouchNose,42,2,2,0.6100456621004566,0.6219178082191781
str,activity_raw,TouchNose,42,3,0,0.49803836094158677,0.6521360069747166
str,activity_raw,TouchNose,42,3,1,0.5272449869224063,0.589799476896251
str,activity_raw,TouchNose,42,3,2,0.5728310502283105,0.5671232876712329
str,activity_raw,TouchNose,42,4,0,0.590671316477768,0.6046207497820402
str,activity_raw,TouchNose,42,4,1,0.48714036617262424,0.5283347863993025
str,activity_raw,TouchNose,42,4,2,0.5394977168949772,0.591324200913242
str,activity_raw,TouchNose,43,0,0,0.5985178727114211,0.6294681778552746
str,activity_raw,TouchNose,43,0,1,0.5757990867579909,0.5794520547945206
str,activity_raw,TouchNose,43,0,2,0.6043930089749646,0.5866792631081719
str,activity_raw,TouchNose,43,1,0,0.5100261551874455,0.5771578029642546
str,activity_raw,TouchNose,43,1,1,0.5373873873873873,0.6108108108108108
str,activity_raw,TouchNose,43,1,2,0.6002283105022831,0.6059360730593607
str,activity_raw,TouchNose,43,2,0,0.4882301656495205,0.5335658238884046
str,activity_raw,TouchNose,43,2,1,0.5274774774774775,0.4923423423423423
str,activity_raw,TouchNose,43,2,2,0.4984018264840182,0.4863013698630137
str,activity_raw,TouchNose,43,3,0,0.555797733217088,0.5492589363557105
str,activity_raw,TouchNose,43,3,1,0.5865300784655623,0.6390584132519616
str,activity_raw,TouchNose,43,3,2,0.45136986301369864,0.4885844748858448
str,activity_raw,TouchNose,43,4,0,0.5839145597210114,0.5501307759372276
str,activity_raw,TouchNose,43,4,1,0.5126416739319966,0.5858761987794245
str,activity_raw,TouchNose,43,4,2,0.6198630136986301,0.6401826484018266
str,activity_raw,TouchNose,44,0,0,0.6338273757628596,0.6368788142981692
str,activity_raw,TouchNose,44,0,1,0.5347031963470319,0.5666666666666667
str,activity_raw,TouchNose,44,0,2,0.5732168162494096,0.5498346717052432
str,activity_raw,TouchNose,44,1,0,0.5392327811682651,0.5867480383609416
str,activity_raw,TouchNose,44,1,1,0.5306306306306307,0.5788288288288288
str,activity_raw,TouchNose,44,1,2,0.582648401826484,0.6771689497716895
str,activity_raw,TouchNose,44,2,0,0.5381429816913688,0.5013077593722755
str,activity_raw,TouchNose,44,2,1,0.5576576576576577,0.49954954954954955
str,activity_raw,TouchNose,44,2,2,0.5082191780821919,0.5333333333333333
str,activity_raw,TouchNose,44,3,0,0.5355274629468179,0.5457715780296425
str,activity_raw,TouchNose,44,3,1,0.5745422842197035,0.6499564080209241
str,activity_raw,TouchNose,44,3,2,0.5180365296803653,0.4465753424657534
str,activity_raw,TouchNose,44,4,0,0.6000435919790759,0.6172624237140366
str,activity_raw,TouchNose,44,4,1,0.5126416739319966,0.564516129032258
str,activity_raw,TouchNose,44,4,2,0.6267123287671232,0.6876712328767123
str,activity_context,CrossArms,42,0,0,0.6000435919790759,0.601133391455972
str,activity_context,CrossArms,42,0,1,0.6207762557077625,0.636986301369863
str,activity_context,CrossArms,42,0,2,0.5595181861124232,0.6216343882853095
str,activity_context,CrossArms,42,1,0,0.48714036617262424,0.5108979947689625
str,activity_context,CrossArms,42,1,1,0.5779279279279279,0.599099099099099
str,activity_context,CrossArms,42,1,2,0.6404109589041096,0.7424657534246576
str,activity_context,CrossArms,42,2,0,0.6687009590235398,0.7057541412380122
str,activity_context,CrossArms,42,2,1,0.6117117117117117,0.6536036036036036
str,activity_context,CrossArms,42,2,2,0.623744292237443,0.6789954337899543
str,activity_context,CrossArms,42,3,0,0.6000435919790759,0.5636442894507411
str,activity_context,CrossArms,42,3,1,0.5610287707061901,0.5780296425457716
str,activity_context,CrossArms,42,3,2,0.6287671232876713,0.6767123287671233
str,activity_context,CrossArms,42,4,0,0.5651700087183957,0.6403661726242371
str,activity_context,CrossArms,42,4,1,0.5865300784655623,0.6203138622493461
str,activity_context,CrossArms,42,4,2,0.6219178082191781,0.6442922374429223
str,activity_context,CrossArms,43,0,0,0.5959023539668701,0.5553618134263295
str,activity_context,CrossArms,43,0,1,0.5552511415525114,0.5867579908675798
str,activity_context,CrossArms,43,0,2,0.5904581955597543,0.6381672177609825
str,activity_context,CrossArms,43,1,0,0.6068003487358327,0.5911072362685267
str,activity_context,CrossArms,43,1,1,0.5576576576576577,0.47792792792792793
str,activity_context,CrossArms,43,1,2,0.5210045662100456,0.5406392694063926
str,activity_context,CrossArms,43,2,0,0.5111159546643418,0.5858761987794245
str,activity_context,CrossArms,43,2,1,0.5945945945945945,0.659009009009009
str,activity_context,CrossArms,43,2,2,0.5728310502283105,0.5461187214611872
str,activity_context,CrossArms,43,3,0,0.6323016564952049,0.6203138622493461
str,activity_context,CrossArms,43,3,1,0.6094158674803836,0.6224934612031386
str,activity_context,CrossArms,43,3,2,0.6139269406392693,0.6748858447488585
str,activity_context,CrossArms,43,4,0,0.590671316477768,0.6037489102005231
str,activity_context,CrossArms,43,4,1,0.6161726242371404,0.6739319965126416
str,activity_context,CrossArms,43,4,2,0.6472602739726028,0.6908675799086758
str,activity_context,CrossArms,44,0,0,0.5302964254577158,0.5122057541412379
str,activity_context,CrossArms,44,0,1,0.5463470319634703,0.6054794520547945
str,activity_context,CrossArms,44,0,2,0.5389702409069438,0.5219650448748229
str,activity_context,CrossArms,44,1,0,0.49760244115082825,0.557541412380122
str,activity_context,CrossArms,44,1,1,0.5346846846846847,0.6252252252252252
str,activity_context,CrossArms,44,1,2,0.5630136986301371,0.6191780821917809
str,activity_context,CrossArms,44,2,0,0.5422842197035745,0.6176983435047951
str,activity_context,CrossArms,44,2,1,0.5846846846846847,0.5369369369369369
str,activity_context,CrossArms,44,2,2,0.5728310502283105,0.5337899543378996
str,activity_context,CrossArms,44,3,0,0.6229293809938972,0.6713164777680907
str,activity_context,CrossArms,44,3,1,0.6338273757628596,0.6682650392327812
str,activity_context,CrossArms,44,3,2,0.6189497716894977,0.6410958904109589
str,activity_context,CrossArms,44,4,0,0.6161726242371404,0.6285963382737576
str,activity_context,CrossArms,44,4,1,0.5797733217088056,0.573234524847428
str,activity_context,CrossArms,44,4,2,0.6335616438356164,0.6744292237442923
str,activity_context,DrinkGlas,42,0,0,0.523539668700959,0.545335658238884
str,activity_context,DrinkGlas,42,0,1,0.652283105022831,0.6634703196347033
str,activity_context,DrinkGlas,42,0,2,0.6317902692489372,0.6244685876239962
str,activity_context,DrinkGlas,42,1,0,0.5921970357454228,0.589799476896251
str,activity_context,DrinkGlas,42,1,1,0.5306306306306307,0.5923423423423424
str,activity_context,DrinkGlas,42,1,2,0.5472602739726027,0.5461187214611872
str,activity_context,DrinkGlas,42,2,0,0.5167829119442022,0.5562336530078466
str,activity_context,DrinkGlas,42,2,1,0.5918918918918918,0.6022522522522523
str,activity_context,DrinkGlas,42,2,2,0.5522831050228311,0.5488584474885845
str,activity_context,DrinkGlas,42,3,0,0.6255448997384481,0.7022667829119442
str,activity_context,DrinkGlas,42,3,1,0.5355274629468179,0.606364428945074
str,activity_context,DrinkGlas,42,3,2,0.5121004566210046,0.5232876712328768
str,activity_context,DrinkGlas,42,4,0,0.5932868352223191,0.6303400174367915
str,activity_context,DrinkGlas,42,4,1,0.5501307759372276,0.5954664341761116
str,activity_context,DrinkGlas,42,4,2,0.6639269406392694,0.6799086757990869
str,activity_context,DrinkGlas,43,0,0,0.555797733217088,0.5749782040104621
str,activity_context,DrinkGlas,43,0,1,0.5689497716894978,0.5283105022831049
str,activity_context,DrinkGlas,43,0,2,0.5595181861124232,0.6027397260273972
str,activity_context,DrinkGlas,43,1,0,0.5448997384481256,0.5056669572798604
str,activity_context,DrinkGlas,43,1,1,0.5441441441441441,0.5220720720720721
str,activity_context,DrinkGlas,43,1,2,0.5993150684931507,0.6114155251141552
str,activity_context,DrinkGlas,43,2,0,0.6307759372275501,0.6734960767218832
str,activity_context,DrinkGlas,43,2,1,0.5779279279279279,0.5662162162162163
str,activity_context,DrinkGlas,43,2,2,0.5680365296803653,0.5497716894977169
str,activity_context,DrinkGlas,43,3,0,0.4777680906713165,0.6098517872711422
str,activity_context,DrinkGlas,43,3,1,0.6135571054925893,0.6464690496948561
str,activity_context,DrinkGlas,43,3,2,0.5621004566210046,0.6091324200913242
str,activity_context,DrinkGlas,43,4,0,0.6057105492589363,0.6765475152571926
str,activity_context,DrinkGlas,43,4,1,0.6187881429816913,0.6216216216216216
str,activity_context,DrinkGlas,43,4,2,0.5189497716894977,0.5114155251141552
str,activity_context,DrinkGlas,44,0,0,0.6000435919790759,0.6041848299912816
str,activity_context,DrinkGlas,44,0,1,0.613013698630137,0.5575342465753425
str,activity_context,DrinkGlas,44,0,2,0.5805384978743505,0.5725082664147378
str,activity_context,DrinkGlas,44,1,0,0.5516564952048824,0.5675675675675674
str,activity_context,DrinkGlas,44,1,1,0.604054054054054,0.6346846846846848
str,activity_context,DrinkGlas,44,1,2,0.6835616438356165,0.6589041095890411
str,activity_context,DrinkGlas,44,2,0,0.4653443766346992,0.544463818657367
str,activity_context,DrinkGlas,44,2,1,0.5378378378378379,0.5878378378378378
str,activity_context,DrinkGlas,44,2,2,0.5865296803652968,0.6105022831050229
str,activity_context,DrinkGlas,44,3,0,0.6052746294681779,0.6107236268526591
str,activity_context,DrinkGlas,44,3,1,0.6041848299912816,0.5876198779424586
str,activity_context,DrinkGlas,44,3,2,0.5052511415525114,0.5538812785388127
str,activity_context,DrinkGlas,44,4,0,0.6109415867480383,0.6451612903225807
str,activity_context,DrinkGlas,44,4,1,0.5610287707061901,0.5719267654751525
str,activity_context,DrinkGlas,44,4,2,0.48652968036529676,0.43881278538812785
str,activity_context,Entrainment,42,0,0,0.5797733217088056,0.6408020924149956
str,activity_context,Entrainment,42,0,1,0.4454337899543379,0.5707762557077626
str,activity_context,Entrainment,42,0,2,0.60108644307983,0.5658951346244686
str,activity_context,Entrainment,42,1,0,0.5085004359197908,0.5540540540540542
str,activity_context,Entrainment,42,1,1,0.6315315315315315,0.6617117117117117
str,activity_context,Entrainment,42,1,2,0.473972602739726,0.4831050228310502
str,activity_context,Entrainment,42,2,0,0.6593286835222318,0.6878814298169137
str,activity_context,Entrainment,42,2,1,0.6274774774774774,0.6288288288288288
str,activity_context,Entrainment,42,2,2,0.5317351598173516,0.532420091324201
str,activity_context,Entrainment,42,3,0,0.5677855274629469,0.597646033129904
str,activity_context,Entrainment,42,3,1,0.4777680906713165,0.520052310374891
str,activity_context,Entrainment,42,3,2,0.4856164383561644,0.5611872146118722
str,activity_context,Entrainment,42,4,0,0.464254577157803,0.4559721011333915
str,activity_context,Entrainment,42,4,1,0.6780732345248475,0.6612903225806451
str,activity_context,Entrainment,42,4,2,0.5993150684931507,0.5835616438356165
str,activity_context,Entrainment,43,0,0,0.4840889276373147,0.49651264167393194
str,activity_context,Entrainment,43,0,1,0.5484018264840183,0.580365296803653
str,activity_context,Entrainment,43,0,2,0.4633915918752952,0.4780349551251772
str,activity_context,Entrainment,43,1,0,0.5985178727114211,0.560156931124673
str,activity_context,Entrainment,43,1,1,0.5045045045045045,0.5454954954954955
str,activity_context,Entrainment,43,1,2,0.46415525114155254,0.4191780821917809
str,activity_context,Entrainment,43,2,0,0.5839145597210114,0.627288578901482
str,activity_context,Entrainment,43,2,1,0.5378378378378379,0.5324324324324324
str,activity_context,Entrainment,43,2,2,0.4906392694063927,0.5164383561643836
str,activity_context,Entrainment,43,3,0,0.5407585004359198,0.554054054054054
str,activity_context,Entrainment,43,3,1,0.6000435919790759,0.5841325196163906
str,activity_context,Entrainment,43,3,2,0.5865296803652968,0.6
str,activity_context,Entrainment,43,4,0,0.4128160418482999,0.46469049694856146
str,activity_context,Entrainment,43,4,1,0.5058849171752398,0.5344376634699215
str,activity_context,Entrainment,43,4,2,0.4876712328767123,0.5452054794520549
str,activity_context,Entrainment,44,0,0,0.5178727114210986,0.4882301656495205
str,activity_context,Entrainment,44,0,1,0.5689497716894978,0.582648401826484
str,activity_context,Entrainment,44,0,2,0.6046291922531885,0.5852621634388285
str,activity_context,Entrainment,44,1,0,0.474716652136007,0.504359197907585
str,activity_context,Entrainment,44,1,1,0.5247747747747747,0.5364864864864864
str,activity_context,Entrainment,44,1,2,0.4710045662100456,0.47534246575342465
str,activity_context,Entrainment,44,2,0,0.49498692240627723,0.5680034873583262
str,activity_context,Entrainment,44,2,1,0.5243243243243243,0.5846846846846847
str,activity_context,Entrainment,44,2,2,0.5287671232876712,0.563013698630137
str,activity_context,Entrainment,44,3,0,0.5974280732345248,0.6560592850915432
str,activity_context,Entrainment,44,3,1,0.5797733217088056,0.571490845684394
str,activity_context,Entrainment,44,3,2,0.5454337899543379,0.5438356164383562
str,activity_context,Entrainment,44,4,0,0.5340017436791631,0.5496948561464691
str,activity_context,Entrainment,44,4,1,0.5017436791630341,0.5658238884045336
str,activity_context,Entrainment,44,4,2,0.6198630136986301,0.6324200913242009
str,activity_context,HoldWeight,42,0,0,0.531386224934612,0.5889276373147341
str,activity_context,HoldWeight,42,0,1,0.632648401826484,0.636986301369863
str,activity_context,HoldWeight,42,0,2,0.5597543693906472,0.581955597543694
str,activity_context,HoldWeight,42,1,0,0.6098517872711422,0.602005231037489
str,activity_context,HoldWeight,42,1,1,0.6045045045045045,0.6108108108108109
str,activity_context,HoldWeight,42,1,2,0.5659817351598173,0.6310502283105024
str,activity_context,HoldWeight,42,2,0,0.5411944202266783,0.5265911072362685
str,activity_context,HoldWeight,42,2,1,0.7189189189189189,0.704954954954955
str,activity_context,HoldWeight,42,2,2,0.5856164383561644,0.5972602739726027
str,activity_context,HoldWeight,42,3,0,0.5891455972101134,0.6652136006974716
str,activity_context,HoldWeight,42,3,1,0.5396687009590235,0.6146469049694856
str,activity_context,HoldWeight,42,3,2,0.6002283105022831,0.6602739726027397
str,activity_context,HoldWeight,42,4,0,0.493897122929381,0.522667829119442
str,activity_context,HoldWeight,42,4,1,0.6349171752397559,0.6538796861377507
str,activity_context,HoldWeight,42,4,2,0.6031963470319635,0.5894977168949771
str,activity_context,HoldWeight,43,0,0,0.5625544899738448,0.5714908456843941
str,activity_context,HoldWeight,43,0,1,0.5445205479452055,0.5356164383561643
str,activity_context,HoldWeight,43,0,2,0.5491261218705716,0.5729806329711857
str,activity_context,HoldWeight,43,1,0,0.5854402789886661,0.4978204010462074
str,activity_context,HoldWeight,43,1,1,0.5337837837837838,0.5171171171171172
str,activity_context,HoldWeight,43,1,2,0.5121004566210046,0.5589041095890411
str,activity_context,HoldWeight,43,2,0,0.49803836094158677,0.4132519616390584
str,activity_context,HoldWeight,43,2,1,0.6617117117117117,0.6662162162162162
str,activity_context,HoldWeight,43,2,2,0.5728310502283105,0.6232876712328768
str,activity_context,HoldWeight,43,3,0,0.6375326939843069,0.6473408892763731
str,activity_context,HoldWeight,43,3,1,0.6015693112467306,0.638622493461203
str,activity_context,HoldWeight,43,3,2,0.5228310502283104,0.5406392694063927
str,activity_context,HoldWeight,43,4,0,0.6244551002615518,0.6133391455972101
str,activity_context,HoldWeight,43,4,1,0.6000435919790759,0.6325196163905842
str,activity_context,HoldWeight,43,4,2,0.59337899543379,0.617351598173516
str,activity_context,HoldWeight,44,0,0,0.5610287707061901,0.5244115082824761
str,activity_context,HoldWeight,44,0,1,0.6365296803652968,0.6589041095890411
str,activity_context,HoldWeight,44,0,2,0.6046291922531885,0.6211620217288616
str,activity_context,HoldWeight,44,1,0,0.5599389712292938,0.5902353966870095
str,activity_context,HoldWeight,44,1,1,0.5346846846846847,0.5671171171171171
str,activity_context,HoldWeight,44,1,2,0.5463470319634703,0.5794520547945206
str,activity_context,HoldWeight,44,2,0,0.558413251961639,0.6665213600697472
str,activity_context,HoldWeight,44,2,1,0.5783783783783785,0.6432432432432431
str,activity_context,HoldWeight,44,2,2,0.5552511415525114,0.6223744292237443
str,activity_context,HoldWeight,44,3,0,0.5625544899738448,0.5292066259808196
str,activity_context,HoldWeight,44,3,1,0.49912816041848296,0.537489102005231
str,activity_context,HoldWeight,44,3,2,0.5376712328767124,0.5625570776255707
str,activity_context,HoldWeight,44,4,0,0.5490409764603312,0.5727986050566696
str,activity_context,HoldWeight,44,4,1,0.5595030514385353,0.6320836965998256
str,activity_context,HoldWeight,44,4,2,0.5835616438356164,0.6109589041095891
str,activity_context,LiftHold,42,0,0,0.6068003487358327,0.6721883173496076
str,activity_context,LiftHold,42,0,1,0.5219178082191781,0.5767123287671233
str,activity_context,LiftHold,42,0,2,0.6766650921114785,0.7269721303731697
str,activity_context,LiftHold,42,1,0,0.5974280732345248,0.5841325196163906
str,activity_context,LiftHold,42,1,1,0.5414414414414415,0.572072072072072
str,activity_context,LiftHold,42,1,2,0.6287671232876713,0.6488584474885846
str,activity_context,LiftHold,42,2,0,0.590671316477768,0.6543156059285091
str,activity_context,LiftHold,42,2,1,0.6918918918918919,0.7635135135135136
str,activity_context,LiftHold,42,2,2,0.6070776255707763,0.6981735159817352
str,activity_context,LiftHold,42,3,0,0.5677855274629469,0.5510026155187445
str,activity_context,LiftHold,42,3,1,0.6000435919790759,0.6412380122057543
str,activity_context,LiftHold,42,3,2,0.6531963470319635,0.6506849315068491
str,activity_context,LiftHold,42,4,0,0.5948125544899738,0.6543156059285091
str,activity_context,LiftHold,42,4,1,0.6364428945074107,0.6320836965998256
str,activity_context,LiftHold,42,4,2,0.6296803652968037,0.6406392694063927
str,activity_context,LiftHold,43,0,0,0.5381429816913688,0.5845684394071491
str,activity_context,LiftHold,43,0,1,0.6463470319634703,0.6228310502283105
str,activity_context,LiftHold,43,0,2,0.6629664619744922,0.6339159187529523
str,activity_context,LiftHold,43,1,0,0.5730165649520489,0.6190061028770707
str,activity_context,LiftHold,43,1,1,0.5382882882882882,0.5518018018018017
str,activity_context,LiftHold,43,1,2,0.5493150684931507,0.6063926940639269
str,activity_context,LiftHold,43,2,0,0.5610287707061901,0.6708805579773321
str,activity_context,LiftHold,43,2,1,0.6518018018018018,0.7216216216216216
str,activity_context,LiftHold,43,2,2,0.6472602739726028,0.6324200913242009
str,activity_context,LiftHold,43,3,0,0.5812990409764603,0.5784655623365301
str,activity_context,LiftHold,43,3,1,0.4803836094158675,0.5544899738448125
str,activity_context,LiftHold,43,3,2,0.59337899543379,0.6173515981735159
str,activity_context,LiftHold,43,4,0,0.4882301656495205,0.446817785527463
str,activity_context,LiftHold,43,4,1,0.5126416739319966,0.5897994768962511
str,activity_context,LiftHold,43,4,2,0.5659817351598173,0.5753424657534246
str,activity_context,LiftHold,44,0,0,0.5610287707061901,0.5924149956408021
str,activity_context,LiftHold,44,0,1,0.5484018264840183,0.5397260273972603
str,activity_context,LiftHold,44,0,2,0.4737836561171469,0.5427491733585261
str,activity_context,LiftHold,44,1,0,0.5422842197035745,0.6054925893635572
str,activity_context,LiftHold,44,1,1,0.5009009009009009,0.5117117117117117
str,activity_context,LiftHold,44,1,2,0.513013698630137,0.5821917808219178
str,activity_context,LiftHold,44,2,0,0.531386224934612,0.5911072362685266
str,activity_context,LiftHold,44,2,1,0.6743243243243243,0.6878378378378379
str,activity_context,LiftHold,44,2,2,0.6207762557077625,0.6968036529680366
str,activity_context,LiftHold,44,3,0,0.4736268526591107,0.5143853530950305
str,activity_context,LiftHold,44,3,1,0.48975588491717525,0.5680034873583261
str,activity_context,LiftHold,44,3,2,0.5963470319634703,0.5945205479452056
str,activity_context,LiftHold,44,4,0,0.6094158674803836,0.6560592850915432
str,activity_context,LiftHold,44,4,1,0.48561464690496947,0.4816913687881429
str,activity_context,LiftHold,44,4,2,0.5365296803652968,0.5534246575342466
str,activity_context,PointFinger,42,0,0,0.5193984306887532,0.554925893635571
str,activity_context,PointFinger,42,0,1,0.5424657534246575,0.5885844748858448
str,activity_context,PointFinger,42,0,2,0.5940009447331129,0.6528105810108644
str,activity_context,PointFinger,42,1,0,0.48561464690496947,0.5039232781168265
str,activity_context,PointFinger,42,1,1,0.545045045045045,0.5851351351351352
str,activity_context,PointFinger,42,1,2,0.5394977168949772,0.5890410958904109
str,activity_context,PointFinger,42,2,0,0.5074106364428945,0.554054054054054
str,activity_context,PointFinger,42,2,1,0.5040540540540541,0.5166666666666666
str,activity_context,PointFinger,42,2,2,0.6394977168949771,0.5972602739726027
str,activity_context,PointFinger,42,3,0,0.6567131647776809,0.6918047079337402
str,activity_context,PointFinger,42,3,1,0.5568875326939843,0.57846556233653
str,activity_context,PointFinger,42,3,2,0.5287671232876712,0.5648401826484019
str,activity_context,PointFinger,42,4,0,0.6229293809938972,0.6551874455100262
str,activity_context,PointFinger,42,4,1,0.5433740191804708,0.576721883173496
str,activity_context,PointFinger,42,4,2,0.5796803652968037,0.5954337899543379
str,activity_context,PointFinger,43,0,0,0.6229293809938972,0.6403661726242371
str,activity_context,PointFinger,43,0,1,0.5365296803652968,0.6168949771689498
str,activity_context,PointFinger,43,0,2,0.5975436939064714,0.5932923948984413
str,activity_context,PointFinger,43,1,0,0.5058849171752398,0.5361813426329556
str,activity_context,PointFinger,43,1,1,0.47702702702702704,0.4689189189189189
str,activity_context,PointFinger,43,1,2,0.5394977168949772,0.5894977168949771
str,activity_context,PointFinger,43,2,0,0.5880557977332171,0.6063644289450741
str,activity_context,PointFinger,43,2,1,0.5081081081081081,0.6108108108108108
str,activity_context,PointFinger,43,2,2,0.5287671232876712,0.5534246575342465
str,activity_context,PointFinger,43,3,0,0.5396687009590235,0.5959023539668702
str,activity_context,PointFinger,43,3,1,0.5178727114210986,0.5340017436791631
str,activity_context,PointFinger,43,3,2,0.5678082191780822,0.5853881278538813
str,activity_context,PointFinger,43,4,0,0.5231037489102005,0.5636442894507411
str,activity_context,PointFinger,43,4,1,0.5771578029642546,0.5985178727114211
str,activity_context,PointFinger,43,4,2,0.4894977168949771,0.5908675799086758
str,activity_context,PointFinger,44,0,0,0.5621185701830863,0.5832606800348735
str,activity_context,PointFinger,44,0,1,0.5278538812785388,0.5561643835616439
str,activity_context,PointFinger,44,0,2,0.6079357581483231,0.5994331601322627
str,activity_context,PointFinger,44,1,0,0.5651700087183957,0.4982563208369659
str,activity_context,PointFinger,44,1,1,0.5842342342342342,0.6518018018018018
str,activity_context,PointFinger,44,1,2,0.49931506849315066,0.532420091324201
str,activity_context,PointFinger,44,2,0,0.5985178727114211,0.6094158674803836
str,activity_context,PointFinger,44,2,1,0.6148648648648649,0.6824324324324325
str,activity_context,PointFinger,44,2,2,0.5757990867579909,0.5730593607305936
str,activity_context,PointFinger,44,3,0,0.6255448997384481,0.6451612903225806
str,activity_context,PointFinger,44,3,1,0.5381429816913688,0.5745422842197034
str,activity_context,PointFinger,44,3,2,0.4876712328767123,0.5246575342465754
str,activity_context,PointFinger,44,4,0,0.555797733217088,0.6041848299912815
str,activity_context,PointFinger,44,4,1,0.5553618134263296,0.5431560592850916
str,activity_context,PointFinger,44,4,2,0.454337899543379,0.5041095890410959
str,activity_context,Relaxed,42,0,0,0.5745422842197035,0.6041848299912815
str,activity_context,Relaxed,42,0,1,0.5278538812785388,0.5474885844748858
str,activity_context,Relaxed,42,0,2,0.5146433632498819,0.5040151157298064
str,activity_context,Relaxed,42,1,0,0.6146469049694856,0.6133391455972101
str,activity_context,Relaxed,42,1,1,0.5144144144144144,0.5121621621621621
str,activity_context,Relaxed,42,1,2,0.5159817351598174,0.5223744292237443
str,activity_context,Relaxed,42,2,0,0.4882301656495205,0.4891020052310374
str,activity_context,Relaxed,42,2,1,0.5207207207207207,0.5418918918918919
str,activity_context,Relaxed,42,2,2,0.49543378995433784,0.5054794520547945
str,activity_context,Relaxed,42,3,0,0.5512205754141237,0.6094158674803836
str,activity_context,Relaxed,42,3,1,0.4736268526591107,0.4154315605928509
str,activity_context,Relaxed,42,3,2,0.4757990867579909,0.42648401826484017
str,activity_context,Relaxed,42,4,0,0.5111159546643418,0.425893635571055
str,activity_context,Relaxed,42,4,1,0.49760244115082825,0.501743679163034
str,activity_context,Relaxed,42,4,2,0.5924657534246576,0.5835616438356165
str,activity_context,Relaxed,43,0,0,0.5220139494333043,0.49476896251089797
str,activity_context,Relaxed,43,0,1,0.5465753424657533,0.5378995433789955
str,activity_context,Relaxed,43,0,2,0.5805384978743505,0.5616438356164384
str,activity_context,Relaxed,43,1,0,0.4679598953792502,0.4455100261551874
str,activity_context,Relaxed,43,1,1,0.5680180180180181,0.6139639639639639
str,activity_context,Relaxed,43,1,2,0.550228310502283,0.5821917808219179
str,activity_context,Relaxed,43,2,0,0.5422842197035745,0.5954664341761116
str,activity_context,Relaxed,43,2,1,0.5108108108108108,0.5252252252252252
str,activity_context,Relaxed,43,2,2,0.5404109589041096,0.5767123287671232
str,activity_context,Relaxed,43,3,0,0.5178727114210986,0.507846556233653
str,activity_context,Relaxed,43,3,1,0.5355274629468179,0.5758500435919791
str,activity_context,Relaxed,43,3,2,0.46986301369863015,0.46529680365296805
str,activity_context,Relaxed,43,4,0,0.5704010462074978,0.6682650392327811
str,activity_context,Relaxed,43,4,1,0.5340017436791631,0.5239755884917175
str,activity_context,Relaxed,43,4,2,0.5415525114155251,0.5625570776255708
str,activity_context,Relaxed,44,0,0,0.5459895379250218,0.5200523103748911
str,activity_context,Relaxed,44,0,1,0.4465753424657534,0.4191780821917809
str,activity_context,Relaxed,44,0,2,0.5425129900803023,0.5441662730278696
str,activity_context,Relaxed,44,1,0,0.5475152571926766,0.5536181342632955
str,activity_context,Relaxed,44,1,1,0.5810810810810811,0.5445945945945946
str,activity_context,Relaxed,44,1,2,0.5776255707762556,0.5963470319634704
str,activity_context,Relaxed,44,2,0,0.4736268526591107,0.49738448125544904
str,activity_context,Relaxed,44,2,1,0.468018018018018,0.46756756756756757
str,activity_context,Relaxed,44,2,2,0.5522831050228311,0.5424657534246576
str,activity_context,Relaxed,44,3,0,0.46948561464690497,0.520924149956408
str,activity_context,Relaxed,44,3,1,0.553182214472537,0.5453356582388841
str,activity_context,Relaxed,44,3,2,0.5257990867579908,0.5662100456621005
str,activity_context,Relaxed,44,4,0,0.49912816041848296,0.4934612031386225
str,activity_context,Relaxed,44,4,1,0.5002179598953792,0.5200523103748911
str,activity_context,Relaxed,44,4,2,0.4415525114155251,0.4273972602739726
str,activity_context,RelaxedTask,42,0,0,0.5516564952048824,0.5989537925021796
str,activity_context,RelaxedTask,42,0,1,0.47876712328767124,0.5178082191780822
str,activity_context,RelaxedTask,42,0,2,0.5427491733585262,0.5644780349551252
str,activity_context,RelaxedTask,42,1,0,0.5433740191804708,0.5941586748038361
str,activity_context,RelaxedTask,42,1,1,0.5180180180180181,0.5662162162162162
str,activity_context,RelaxedTask,42,1,2,0.5454337899543379,0.5301369863013699
str,activity_context,RelaxedTask,42,2,0,0.4986922406277245,0.495640802092415
str,activity_context,RelaxedTask,42,2,1,0.47432432432432436,0.49594594594594593
str,activity_context,RelaxedTask,42,2,2,0.652283105022831,0.6392694063926941
str,activity_context,RelaxedTask,42,3,0,0.5959023539668701,0.6120313862249347
str,activity_context,RelaxedTask,42,3,1,0.5448997384481256,0.5745422842197035
str,activity_context,RelaxedTask,42,3,2,0.5267123287671233,0.576255707762557
str,activity_context,RelaxedTask,42,4,0,0.504359197907585,0.5619006102877071
str,activity_context,RelaxedTask,42,4,1,0.49760244115082825,0.520052310374891
str,activity_context,RelaxedTask,42,4,2,0.5561643835616439,0.5589041095890411
str,activity_context,RelaxedTask,43,0,0,0.6146469049694856,0.598517872711421
str,activity_context,RelaxedTask,43,0,1,0.5748858447488585,0.5671232876712329
str,activity_context,RelaxedTask,43,0,2,0.4907888521492678,0.4742560226735947
str,activity_context,RelaxedTask,43,1,0,0.4622929380993897,0.507846556233653
str,activity_context,RelaxedTask,43,1,1,0.5382882882882882,0.5581081081081081
str,activity_context,RelaxedTask,43,1,2,0.5698630136986301,0.6242009132420092
str,activity_context,RelaxedTask,43,2,0,0.6281604184829992,0.5780296425457716
str,activity_context,RelaxedTask,43,2,1,0.5283783783783784,0.4671171171171171
str,activity_context,RelaxedTask,43,2,2,0.6219178082191781,0.6397260273972603
str,activity_context,RelaxedTask,43,3,0,0.45292066259808195,0.4516129032258065
str,activity_context,RelaxedTask,43,3,1,0.5272449869224063,0.5370531822144725
str,activity_context,RelaxedTask,43,3,2,0.5335616438356164,0.5744292237442924
str,activity_context,RelaxedTask,43,4,0,0.5516564952048824,0.5170008718395815
str,activity_context,RelaxedTask,43,4,1,0.5272449869224063,0.5039232781168265
str,activity_context,RelaxedTask,43,4,2,0.5394977168949772,0.5251141552511416
str,activity_context,RelaxedTask,44,0,0,0.6068003487358327,0.5832606800348735
str,activity_context,RelaxedTask,44,0,1,0.5787671232876712,0.6109589041095891
str,activity_context,RelaxedTask,44,0,2,0.5321209258384506,0.5696740670760511
str,activity_context,RelaxedTask,44,1,0,0.4086748038360941,0.3687881429816913
str,activity_context,RelaxedTask,44,1,1,0.5540540540540541,0.5477477477477477
str,activity_context,RelaxedTask,44,1,2,0.47191780821917806,0.48447488584474885
str,activity_context,RelaxedTask,44,2,0,0.5797733217088056,0.5854402789886661
str,activity_context,RelaxedTask,44,2,1,0.5243243243243243,0.5355855855855856
str,activity_context,RelaxedTask,44,2,2,0.5796803652968037,0.6351598173515982
str,activity_context,RelaxedTask,44,3,0,0.6041848299912816,0.6351351351351351
str,activity_context,RelaxedTask,44,3,1,0.46948561464690497,0.5379250217959896
str,activity_context,RelaxedTask,44,3,2,0.4484018264840183,0.4803652968036529
str,activity_context,RelaxedTask,44,4,0,0.49237140366172627,0.5056669572798604
str,activity_context,RelaxedTask,44,4,1,0.5017436791630341,0.5082824760244116
str,activity_context,RelaxedTask,44,4,2,0.5522831050228311,0.5762557077625571
str,activity_context,StretchHold,42,0,0,0.5302964254577158,0.486050566695728
str,activity_context,StretchHold,42,0,1,0.5630136986301371,0.6497716894977169
str,activity_context,StretchHold,42,0,2,0.6008502598016061,0.6263580538497875
str,activity_context,StretchHold,42,1,0,0.4803836094158675,0.530514385353095
str,activity_context,StretchHold,42,1,1,0.6049549549549549,0.6531531531531531
str,activity_context,StretchHold,42,1,2,0.5484018264840183,0.5885844748858448
str,activity_context,StretchHold,42,2,0,0.5786835222319093,0.5972101133391456
str,activity_context,StretchHold,42,2,1,0.5513513513513514,0.5301801801801802
str,activity_context,StretchHold,42,2,2,0.6296803652968037,0.5954337899543379
str,activity_context,StretchHold,42,3,0,0.5058849171752398,0.5340017436791631
str,activity_context,StretchHold,42,3,1,0.590671316477768,0.5047951176983435
str,activity_context,StretchHold,42,3,2,0.582648401826484,0.5383561643835617
str,activity_context,StretchHold,42,4,0,0.558413251961639,0.525283347863993
str,activity_context,StretchHold,42,4,1,0.47733217088055796,0.47122929380993894
str,activity_context,StretchHold,42,4,2,0.5198630136986301,0.5739726027397261
str,activity_context,StretchHold,43,0,0,0.5100261551874455,0.4690496948561465
str,activity_context,StretchHold,43,0,1,0.5621004566210046,0.5694063926940639
str,activity_context,StretchHold,43,0,2,0.504959848842702,0.502598016060463
str,activity_context,StretchHold,43,1,0,0.5231037489102005,0.5191804707933739
str,activity_context,StretchHold,43,1,1,0.545045045045045,0.5337837837837838
str,activity_context,StretchHold,43,1,2,0.5885844748858448,0.5995433789954339
str,activity_context,StretchHold,43,2,0,0.5407585004359198,0.49651264167393194
str,activity_context,StretchHold,43,2,1,0.47117117117117113,0.4972972972972973
str,activity_context,StretchHold,43,2,2,0.5493150684931507,0.5506849315068494
str,activity_context,StretchHold,43,3,0,0.5839145597210114,0.6006974716652136
str,activity_context,StretchHold,43,3,1,0.5693112467306016,0.5270270270270271
str,activity_context,StretchHold,43,3,2,0.5189497716894977,0.5068493150684932
str,activity_context,StretchHold,43,4,0,0.5730165649520489,0.5496948561464691
str,activity_context,StretchHold,43,4,1,0.48299912816041846,0.41412380122057535
str,activity_context,StretchHold,43,4,2,0.5031963470319635,0.48904109589041095
str,activity_context,StretchHold,44,0,0,0.5193984306887532,0.475588491717524
str,activity_context,StretchHold,44,0,1,0.4582191780821918,0.4593607305936073
str,activity_context,StretchHold,44,0,2,0.5906943788379783,0.620217288615966
str,activity_context,StretchHold,44,1,0,0.52615518744551,0.6006974716652135
str,activity_context,StretchHold,44,1,1,0.6450450450450451,0.6148648648648649
str,activity_context,StretchHold,44,1,2,0.5189497716894977,0.5831050228310503
str,activity_context,StretchHold,44,2,0,0.5017436791630341,0.5100261551874455
str,activity_context,StretchHold,44,2,1,0.5747747747747748,0.5635135135135135
str,activity_context,StretchHold,44,2,2,0.5121004566210046,0.4954337899543379
str,activity_context,StretchHold,44,3,0,0.5850043591979075,0.6560592850915431
str,activity_context,StretchHold,44,3,1,0.5516564952048824,0.5605928509154315
str,activity_context,StretchHold,44,3,2,0.5591324200913241,0.6178082191780823
str,activity_context,StretchHold,44,4,0,0.5141673931996513,0.4978204010462075
str,activity_context,StretchHold,44,4,1,0.48561464690496947,0.5579773321708805
str,activity_context,StretchHold,44,4,2,0.6100456621004566,0.5442922374429223
str,activity_context,TouchIndex,42,0,0,0.4601133391455972,0.46599825632083697
str,activity_context,TouchIndex,42,0,1,0.571917808219178,0.6136986301369863
str,activity_context,TouchIndex,42,0,2,0.5765233821445441,0.5833726972130373
str,activity_context,TouchIndex,42,1,0,0.5220139494333043,0.5815170008718396
str,activity_context,TouchIndex,42,1,1,0.6112612612612612,0.6873873873873874
str,activity_context,TouchIndex,42,1,2,0.5689497716894978,0.554337899543379
str,activity_context,TouchIndex,42,2,0,0.568875326939843,0.577593722755013
str,activity_context,TouchIndex,42,2,1,0.5576576576576577,0.5297297297297296
str,activity_context,TouchIndex,42,2,2,0.5894977168949771,0.6004566210045663
str,activity_context,TouchIndex,42,3,0,0.4574978204010462,0.4707933740191804
str,activity_context,TouchIndex,42,3,1,0.4788578901482127,0.5209241499564081
str,activity_context,TouchIndex,42,3,2,0.4984018264840182,0.5164383561643835
str,activity_context,TouchIndex,42,4,0,0.3790322580645161,0.3557105492589363
str,activity_context,TouchIndex,42,4,1,0.493897122929381,0.5514385353095029
str,activity_context,TouchIndex,42,4,2,0.5737442922374429,0.6360730593607306
str,activity_context,TouchIndex,43,0,0,0.5193984306887532,0.49346120313862246
str,activity_context,TouchIndex,43,0,1,0.5091324200913242,0.4694063926940639
str,activity_context,TouchIndex,43,0,2,0.5115729806329712,0.49787435049598483
str,activity_context,TouchIndex,43,1,0,0.5355274629468179,0.513077593722755
str,activity_context,TouchIndex,43,1,1,0.5950450450450451,0.6572072072072072
str,activity_context,TouchIndex,43,1,2,0.5356164383561643,0.5529680365296804
str,activity_context,TouchIndex,43,2,0,0.6525719267654752,0.6255448997384482
str,activity_context,TouchIndex,43,2,1,0.6013513513513513,0.5459459459459459
str,activity_context,TouchIndex,43,2,2,0.5582191780821918,0.536986301369863
str,activity_context,TouchIndex,43,3,0,0.47624237140366177,0.4681778552746294
str,activity_context,TouchIndex,43,3,1,0.5111159546643418,0.5335658238884046
str,activity_context,TouchIndex,43,3,2,0.6248858447488584,0.645662100456621
str,activity_context,TouchIndex,43,4,0,0.4882301656495205,0.52615518744551
str,activity_context,TouchIndex,43,4,1,0.49498692240627723,0.48779424585876197
str,activity_context,TouchIndex,43,4,2,0.5993150684931507,0.6000000000000001
str,activity_context,TouchIndex,44,0,0,0.5085004359197908,0.5379250217959896
str,activity_context,TouchIndex,44,0,1,0.5778538812785388,0.6095890410958905
str,activity_context,TouchIndex,44,0,2,0.5458195559754369,0.5876239962210675
str,activity_context,TouchIndex,44,1,0,0.5677855274629469,0.5662598081952921
str,activity_context,TouchIndex,44,1,1,0.5081081081081081,0.5545045045045045
str,activity_context,TouchIndex,44,1,2,0.582648401826484,0.5356164383561643
str,activity_context,TouchIndex,44,2,0,0.6052746294681779,0.6621621621621622
str,activity_context,TouchIndex,44,2,1,0.6117117117117117,0.6635135135135135
str,activity_context,TouchIndex,44,2,2,0.5767123287671233,0.5602739726027397
str,activity_context,TouchIndex,44,3,0,0.6176983435047951,0.6647776809067132
str,activity_context,TouchIndex,44,3,1,0.4803836094158675,0.479947689625109
str,activity_context,TouchIndex,44,3,2,0.5513698630136986,0.5342465753424658
str,activity_context,TouchIndex,44,4,0,0.5527462946817785,0.5915431560592851
str,activity_context,TouchIndex,44,4,1,0.504359197907585,0.544463818657367
str,activity_context,TouchIndex,44,4,2,0.5091324200913242,0.49589041095890407
str,activity_context,TouchNose,42,0,0,0.5459895379250218,0.5959023539668701
str,activity_context,TouchNose,42,0,1,0.5257990867579908,0.5429223744292238
str,activity_context,TouchNose,42,0,2,0.4874822862541332,0.5578649031648559
str,activity_context,TouchNose,42,1,0,0.558413251961639,0.6281604184829991
str,activity_context,TouchNose,42,1,1,0.6382882882882883,0.7153153153153153
str,activity_context,TouchNose,42,1,2,0.6091324200913242,0.6452054794520549
str,activity_context,TouchNose,42,2,0,0.5220139494333043,0.6211857018308631
str,activity_context,TouchNose,42,2,1,0.6144144144144144,0.6815315315315316
str,activity_context,TouchNose,42,2,2,0.6267123287671232,0.6278538812785388
str,activity_context,TouchNose,42,3,0,0.5370531822144725,0.6517000871839581
str,activity_context,TouchNose,42,3,1,0.5298605056669573,0.5793374019180471
str,activity_context,TouchNose,42,3,2,0.5796803652968037,0.563013698630137
str,activity_context,TouchNose,42,4,0,0.558413251961639,0.572362685265911
str,activity_context,TouchNose,42,4,1,0.4616390584132519,0.5309503051438536
str,activity_context,TouchNose,42,4,2,0.5493150684931507,0.5881278538812785
str,activity_context,TouchNose,43,0,0,0.5985178727114211,0.6421098517872711
str,activity_context,TouchNose,43,0,1,0.5757990867579909,0.5716894977168949
str,activity_context,TouchNose,43,0,2,0.5975436939064714,0.5984884270193671
str,activity_context,TouchNose,43,1,0,0.5490409764603312,0.5758500435919791
str,activity_context,TouchNose,43,1,1,0.5608108108108107,0.6148648648648649
str,activity_context,TouchNose,43,1,2,0.6207762557077625,0.6013698630136985
str,activity_context,TouchNose,43,2,0,0.5017436791630341,0.5318221447253706
str,activity_context,TouchNose,43,2,1,0.5675675675675675,0.4977477477477477
str,activity_context,TouchNose,43,2,2,0.5052511415525114,0.49360730593607305
str,activity_context,TouchNose,43,3,0,0.5693112467306016,0.5448997384481256
str,activity_context,TouchNose,43,3,1,0.6187881429816913,0.6434176111595467
str,activity_context,TouchNose,43,3,2,0.454337899543379,0.4730593607305936
str,activity_context,TouchNose,43,4,0,0.5839145597210114,0.5553618134263296
str,activity_context,TouchNose,43,4,1,0.5100261551874455,0.5850043591979076
str,activity_context,TouchNose,43,4,2,0.6198630136986301,0.641552511415525
str,activity_context,TouchNose,44,0,0,0.6270706190061028,0.6281604184829992
str,activity_context,TouchNose,44,0,1,0.5748858447488585,0.5721461187214613
str,activity_context,TouchNose,44,0,2,0.6145488899385924,0.5980160604629193
str,activity_context,TouchNose,44,1,0,0.5392327811682651,0.5911072362685267
str,activity_context,TouchNose,44,1,1,0.5171171171171172,0.5761261261261261
str,activity_context,TouchNose,44,1,2,0.5757990867579909,0.6712328767123288
str,activity_context,TouchNose,44,2,0,0.5178727114210986,0.5021795989537925
str,activity_context,TouchNose,44,2,1,0.5373873873873873,0.4968468468468469
str,activity_context,TouchNose,44,2,2,0.5082191780821919,0.523744292237443
str,activity_context,TouchNose,44,3,0,0.5516564952048824,0.5597210113339146
str,activity_context,TouchNose,44,3,1,0.5568875326939843,0.638622493461203
str,activity_context,TouchNose,44,3,2,0.5082191780821919,0.4374429223744293
str,activity_context,TouchNose,44,4,0,0.6390584132519617,0.6229293809938972
str,activity_context,TouchNose,44,4,1,0.5058849171752398,0.5571054925893635
str,activity_context,TouchNose,44,4,2,0.6267123287671232,0.6840182648401827
str,structured_tokens,CrossArms,42,0,0,0.5730165649520489,0.6041848299912816
str,structured_tokens,CrossArms,42,0,1,0.6404109589041096,0.6744292237442924
str,structured_tokens,CrossArms,42,0,2,0.6353330184222957,0.6310817194142655
str,structured_tokens,CrossArms,42,1,0,0.5355274629468179,0.5806451612903225
str,structured_tokens,CrossArms,42,1,1,0.6450450450450451,0.6783783783783783
str,structured_tokens,CrossArms,42,1,2,0.6484018264840182,0.6931506849315069
str,structured_tokens,CrossArms,42,2,0,0.6754577157802965,0.6839581517000872
str,structured_tokens,CrossArms,42,2,1,0.554954954954955,0.622972972972973
str,structured_tokens,CrossArms,42,2,2,0.582648401826484,0.6273972602739726
str,structured_tokens,CrossArms,42,3,0,0.6390584132519617,0.6460331299040977
str,structured_tokens,CrossArms,42,3,1,0.6822144725370531,0.7175239755884918
str,structured_tokens,CrossArms,42,3,2,0.6561643835616437,0.7105022831050228
str,structured_tokens,CrossArms,42,4,0,0.6364428945074107,0.7005231037489102
str,structured_tokens,CrossArms,42,4,1,0.6214036617262424,0.6224934612031386
str,structured_tokens,CrossArms,42,4,2,0.6748858447488584,0.7808219178082191
str,structured_tokens,CrossArms,43,0,0,0.5636442894507411,0.6085440278988665
str,structured_tokens,CrossArms,43,0,1,0.613013698630137,0.669406392694064
str,structured_tokens,CrossArms,43,0,2,0.5975436939064714,0.651865847897969
str,structured_tokens,CrossArms,43,1,0,0.5407585004359198,0.5470793374019179
str,structured_tokens,CrossArms,43,1,1,0.640990990990991,0.7004504504504505
str,structured_tokens,CrossArms,43,1,2,0.602283105022831,0.6342465753424658
str,structured_tokens,CrossArms,43,2,0,0.6240191804707933,0.6351351351351351
str,structured_tokens,CrossArms,43,2,1,0.5945945945945945,0.6563063063063063
str,structured_tokens,CrossArms,43,2,2,0.5552511415525114,0.5712328767123288
str,structured_tokens,CrossArms,43,3,0,0.6026591107236268,0.628160418482999
str,structured_tokens,CrossArms,43,3,1,0.5647340889276373,0.6246730601569311
str,structured_tokens,CrossArms,43,3,2,0.6511415525114155,0.6748858447488584
str,structured_tokens,CrossArms,43,4,0,0.5823888404533566,0.6795989537925023
str,structured_tokens,CrossArms,43,4,1,0.5272449869224063,0.5937227550130776
str,structured_tokens,CrossArms,43,4,2,0.6394977168949771,0.6949771689497717
str,structured_tokens,CrossArms,44,0,0,0.5974280732345248,0.6530078465562336
str,structured_tokens,CrossArms,44,0,1,0.5710045662100456,0.6018264840182649
str,structured_tokens,CrossArms,44,0,2,0.5734529995276334,0.6051015588096362
str,structured_tokens,CrossArms,44,1,0,0.5178727114210986,0.5858761987794245
str,structured_tokens,CrossArms,44,1,1,0.5878378378378378,0.6427927927927928
str,structured_tokens,CrossArms,44,1,2,0.5121004566210046,0.6360730593607307
str,structured_tokens,CrossArms,44,2,0,0.5823888404533566,0.6464690496948562
str,structured_tokens,CrossArms,44,2,1,0.6049549549549549,0.5936936936936936
str,structured_tokens,CrossArms,44,2,2,0.6454337899543379,0.6442922374429223
str,structured_tokens,CrossArms,44,3,0,0.6510462074978204,0.7118570183086312
str,structured_tokens,CrossArms,44,3,1,0.5959023539668701,0.6704446381865737
str,structured_tokens,CrossArms,44,3,2,0.6335616438356164,0.7474885844748859
str,structured_tokens,CrossArms,44,4,0,0.6687009590235398,0.7720139494333044
str,structured_tokens,CrossArms,44,4,1,0.5475152571926766,0.6063644289450741
str,structured_tokens,CrossArms,44,4,2,0.6972602739726027,0.719634703196347
str,structured_tokens,DrinkGlas,42,0,0,0.6041848299912816,0.6264167393199651
str,structured_tokens,DrinkGlas,42,0,1,0.6198630136986301,0.6817351598173516
str,structured_tokens,DrinkGlas,42,0,2,0.6216343882853095,0.6471421823334909
str,structured_tokens,DrinkGlas,42,1,0,0.6270706190061028,0.64821272885789
str,structured_tokens,DrinkGlas,42,1,1,0.5738738738738738,0.640990990990991
str,structured_tokens,DrinkGlas,42,1,2,0.6041095890410959,0.5643835616438356
str,structured_tokens,DrinkGlas,42,2,0,0.5625544899738448,0.6181342632955535
str,structured_tokens,DrinkGlas,42,2,1,0.6117117117117117,0.6157657657657658
str,structured_tokens,DrinkGlas,42,2,2,0.6159817351598174,0.6342465753424658
str,structured_tokens,DrinkGlas,42,3,0,0.7035745422842197,0.7663469921534438
str,structured_tokens,DrinkGlas,42,3,1,0.5568875326939843,0.5492589363557105
str,structured_tokens,DrinkGlas,42,3,2,0.5141552511415526,0.5995433789954338
str,structured_tokens,DrinkGlas,42,4,0,0.6146469049694856,0.6229293809938972
str,structured_tokens,DrinkGlas,42,4,1,0.5959023539668701,0.6172624237140367
str,structured_tokens,DrinkGlas,42,4,2,0.6198630136986301,0.7666666666666666
str,structured_tokens,DrinkGlas,43,0,0,0.5152571926765475,0.48256320836965994
str,structured_tokens,DrinkGlas,43,0,1,0.6082191780821917,0.6013698630136985
str,structured_tokens,DrinkGlas,43,0,2,0.6147850732168163,0.6986301369863014
str,structured_tokens,DrinkGlas,43,1,0,0.6109415867480383,0.6102877070619005
str,structured_tokens,DrinkGlas,43,1,1,0.590990990990991,0.5810810810810811
str,structured_tokens,DrinkGlas,43,1,2,0.54337899543379,0.5812785388127854
str,structured_tokens,DrinkGlas,43,2,0,0.49193548387096775,0.5701830863121187
str,structured_tokens,DrinkGlas,43,2,1,0.6175675675675676,0.6450450450450451
str,structured_tokens,DrinkGlas,43,2,2,0.5219178082191781,0.5210045662100456
str,structured_tokens,DrinkGlas,43,3,0,0.6078901482127288,0.5889276373147341
str,structured_tokens,DrinkGlas,43,3,1,0.590671316477768,0.642109851787271
str,structured_tokens,DrinkGlas,43,3,2,0.532648401826484,0.5990867579908676
str,structured_tokens,DrinkGlas,43,4,0,0.5974280732345248,0.6647776809067131
str,structured_tokens,DrinkGlas,43,4,1,0.5662598081952921,0.5967741935483871
str,structured_tokens,DrinkGlas,43,4,2,0.6335616438356164,0.6465753424657534
str,structured_tokens,DrinkGlas,44,0,0,0.5989537925021796,0.5758500435919791
str,structured_tokens,DrinkGlas,44,0,1,0.5954337899543378,0.6219178082191781
str,structured_tokens,DrinkGlas,44,0,2,0.608171941426547,0.6145488899385925
str,structured_tokens,DrinkGlas,44,1,0,0.6224934612031385,0.6242371403661726
str,structured_tokens,DrinkGlas,44,1,1,0.54009009009009,0.6013513513513514
str,structured_tokens,DrinkGlas,44,1,2,0.580593607305936,0.5703196347031964
str,structured_tokens,DrinkGlas,44,2,0,0.5475152571926766,0.5963382737576286
str,structured_tokens,DrinkGlas,44,2,1,0.563963963963964,0.5621621621621622
str,structured_tokens,DrinkGlas,44,2,2,0.571917808219178,0.5762557077625571
str,structured_tokens,DrinkGlas,44,3,0,0.6292502179598953,0.6438535309503052
str,structured_tokens,DrinkGlas,44,3,1,0.5017436791630341,0.5457715780296425
str,structured_tokens,DrinkGlas,44,3,2,0.5630136986301371,0.5744292237442922
str,structured_tokens,DrinkGlas,44,4,0,0.6349171752397559,0.7027027027027026
str,structured_tokens,DrinkGlas,44,4,1,0.5959023539668701,0.6137750653879686
str,structured_tokens,DrinkGlas,44,4,2,0.5942922374429224,0.5726027397260274
str,structured_tokens,Entrainment,42,0,0,0.5797733217088056,0.5819529206625981
str,structured_tokens,Entrainment,42,0,1,0.5876712328767123,0.6063926940639269
str,structured_tokens,Entrainment,42,0,2,0.6223429381199811,0.6244685876239963
str,structured_tokens,Entrainment,42,1,0,0.5459895379250218,0.5871839581517001
str,structured_tokens,Entrainment,42,1,1,0.6108108108108108,0.6022522522522523
str,structured_tokens,Entrainment,42,1,2,0.5582191780821918,0.5808219178082192
str,structured_tokens,Entrainment,42,2,0,0.5860941586748039,0.6150828247602441
str,structured_tokens,Entrainment,42,2,1,0.6441441441441441,0.6792792792792793
str,structured_tokens,Entrainment,42,2,2,0.5710045662100456,0.5602739726027397
str,structured_tokens,Entrainment,42,3,0,0.5917611159546643,0.6155187445510026
str,structured_tokens,Entrainment,42,3,1,0.5106800348735833,0.5666957279860505
str,structured_tokens,Entrainment,42,3,2,0.5739726027397261,0.6054794520547946
str,structured_tokens,Entrainment,42,4,0,0.5324760244115083,0.5340017436791631
str,structured_tokens,Entrainment,42,4,1,0.514821272885789,0.5985178727114211
str,structured_tokens,Entrainment,42,4,2,0.49748858447488586,0.5269406392694064
str,structured_tokens,Entrainment,43,0,0,0.6172624237140366,0.5967741935483871
str,structured_tokens,Entrainment,43,0,1,0.5641552511415525,0.6095890410958904
str,structured_tokens,Entrainment,43,0,2,0.4844119036372225,0.5219650448748228
str,structured_tokens,Entrainment,43,1,0,0.5887096774193548,0.5915431560592851
str,structured_tokens,Entrainment,43,1,1,0.4806306306306306,0.5144144144144145
str,structured_tokens,Entrainment,43,1,2,0.5591324200913241,0.6041095890410959
str,structured_tokens,Entrainment,43,2,0,0.5091543156059285,0.5069747166521359
str,structured_tokens,Entrainment,43,2,1,0.4603603603603603,0.44819819819819817
str,structured_tokens,Entrainment,43,2,2,0.5376712328767124,0.5296803652968036
str,structured_tokens,Entrainment,43,3,0,0.6401482127288578,0.6346992153443767
str,structured_tokens,Entrainment,43,3,1,0.5163469921534437,0.5531822144725371
str,structured_tokens,Entrainment,43,3,2,0.5189497716894977,0.5936073059360731
str,structured_tokens,Entrainment,43,4,0,0.49193548387096775,0.4925893635571055
str,structured_tokens,Entrainment,43,4,1,0.5527462946817785,0.5082824760244116
str,structured_tokens,Entrainment,43,4,2,0.5415525114155251,0.5136986301369864
str,structured_tokens,Entrainment,44,0,0,0.5516564952048824,0.6129032258064515
str,structured_tokens,Entrainment,44,0,1,0.5689497716894978,0.5735159817351598
str,structured_tokens,Entrainment,44,0,2,0.5878601794992915,0.6291922531884742
str,structured_tokens,Entrainment,44,1,0,0.5377070619006102,0.5361813426329555
str,structured_tokens,Entrainment,44,1,1,0.5207207207207207,0.5337837837837838
str,structured_tokens,Entrainment,44,1,2,0.4200913242009132,0.46849315068493147
str,structured_tokens,Entrainment,44,2,0,0.4934612031386225,0.545335658238884
str,structured_tokens,Entrainment,44,2,1,0.5630630630630631,0.5891891891891892
str,structured_tokens,Entrainment,44,2,2,0.5111872146118721,0.5926940639269407
str,structured_tokens,Entrainment,44,3,0,0.5605928509154317,0.6072362685265912
str,structured_tokens,Entrainment,44,3,1,0.5730165649520489,0.6063644289450741
str,structured_tokens,Entrainment,44,3,2,0.5219178082191781,0.4872146118721461
str,structured_tokens,Entrainment,44,4,0,0.5324760244115083,0.5143853530950305
str,structured_tokens,Entrainment,44,4,1,0.5215780296425457,0.5501307759372275
str,structured_tokens,Entrainment,44,4,2,0.6073059360730593,0.6123287671232877
str,structured_tokens,HoldWeight,42,0,0,0.6405841325196164,0.6604184829991282
str,structured_tokens,HoldWeight,42,0,1,0.5954337899543378,0.6593607305936072
str,structured_tokens,HoldWeight,42,0,2,0.5906943788379783,0.6783183750590458
str,structured_tokens,HoldWeight,42,1,0,0.6015693112467306,0.6224934612031386
str,structured_tokens,HoldWeight,42,1,1,0.6382882882882883,0.695045045045045
str,structured_tokens,HoldWeight,42,1,2,0.5698630136986301,0.5625570776255708
str,structured_tokens,HoldWeight,42,2,0,0.6057105492589363,0.5396687009590235
str,structured_tokens,HoldWeight,42,2,1,0.6684684684684685,0.6842342342342342
str,structured_tokens,HoldWeight,42,2,2,0.6365296803652968,0.6680365296803653
str,structured_tokens,HoldWeight,42,3,0,0.6765475152571927,0.6944202266782912
str,structured_tokens,HoldWeight,42,3,1,0.5974280732345248,0.6224934612031386
str,structured_tokens,HoldWeight,42,3,2,0.6404109589041096,0.6858447488584475
str,structured_tokens,HoldWeight,42,4,0,0.5771578029642546,0.5575414123801221
str,structured_tokens,HoldWeight,42,4,1,0.6645597210113339,0.6630340017436791
str,structured_tokens,HoldWeight,42,4,2,0.6189497716894977,0.6410958904109588
str,structured_tokens,HoldWeight,43,0,0,0.6405841325196164,0.7136006974716652
str,structured_tokens,HoldWeight,43,0,1,0.5463470319634703,0.5543378995433791
str,structured_tokens,HoldWeight,43,0,2,0.5800661313179027,0.6098252243741143
str,structured_tokens,HoldWeight,43,1,0,0.6795989537925022,0.7345248474280732
str,structured_tokens,HoldWeight,43,1,1,0.6522522522522523,0.6036036036036037
str,structured_tokens,HoldWeight,43,1,2,0.5865296803652968,0.6621004566210046
str,structured_tokens,HoldWeight,43,2,0,0.5396687009590235,0.5919790758500435
str,structured_tokens,HoldWeight,43,2,1,0.6378378378378378,0.6869369369369369
str,structured_tokens,HoldWeight,43,2,2,0.5737442922374429,0.6136986301369863
str,structured_tokens,HoldWeight,43,3,0,0.6386224934612031,0.7183958151700087
str,structured_tokens,HoldWeight,43,3,1,0.5948125544899738,0.6242371403661726
str,structured_tokens,HoldWeight,43,3,2,0.6315068493150685,0.6470319634703195
str,structured_tokens,HoldWeight,43,4,0,0.6176983435047951,0.6778552746294683
str,structured_tokens,HoldWeight,43,4,1,0.5880557977332171,0.6285963382737576
str,structured_tokens,HoldWeight,43,4,2,0.5591324200913241,0.5757990867579909
str,structured_tokens,HoldWeight,44,0,0,0.5974280732345248,0.6625980819529207
str,structured_tokens,HoldWeight,44,0,1,0.64337899543379,0.64337899543379
str,structured_tokens,HoldWeight,44,0,2,0.528814359943316,0.5720358998582901
str,structured_tokens,HoldWeight,44,1,0,0.5880557977332171,0.6207497820401047
str,structured_tokens,HoldWeight,44,1,1,0.6216216216216216,0.6067567567567568
str,structured_tokens,HoldWeight,44,1,2,0.5678082191780822,0.5753424657534247
str,structured_tokens,HoldWeight,44,2,0,0.6015693112467306,0.5998256320836965
str,structured_tokens,HoldWeight,44,2,1,0.5977477477477477,0.6432432432432433
str,structured_tokens,HoldWeight,44,2,2,0.6002283105022831,0.6680365296803652
str,structured_tokens,HoldWeight,44,3,0,0.5272449869224063,0.5762859633827376
str,structured_tokens,HoldWeight,44,3,1,0.5677855274629469,0.5976460331299042
str,structured_tokens,HoldWeight,44,3,2,0.613013698630137,0.6671232876712329
str,structured_tokens,HoldWeight,44,4,0,0.6244551002615518,0.6582388840453357
str,structured_tokens,HoldWeight,44,4,1,0.6525719267654752,0.6072362685265911
str,structured_tokens,HoldWeight,44,4,2,0.582648401826484,0.56986301369863
str,structured_tokens,LiftHold,42,0,0,0.5823888404533566,0.5937227550130776
str,structured_tokens,LiftHold,42,0,1,0.582648401826484,0.6255707762557077
str,structured_tokens,LiftHold,42,0,2,0.608171941426547,0.7052432687765706
str,structured_tokens,LiftHold,42,1,0,0.5204882301656495,0.5684394071490846
str,structured_tokens,LiftHold,42,1,1,0.6216216216216216,0.6833333333333333
str,structured_tokens,LiftHold,42,1,2,0.6552511415525114,0.6374429223744293
str,structured_tokens,LiftHold,42,2,0,0.5693112467306016,0.5797733217088056
str,structured_tokens,LiftHold,42,2,1,0.6513513513513514,0.6702702702702703
str,structured_tokens,LiftHold,42,2,2,0.6267123287671232,0.6292237442922375
str,structured_tokens,LiftHold,42,3,0,0.6120313862249346,0.592414995640802
str,structured_tokens,LiftHold,42,3,1,0.5704010462074978,0.5623365300784655
str,structured_tokens,LiftHold,42,3,2,0.632648401826484,0.6383561643835617
str,structured_tokens,LiftHold,42,4,0,0.5204882301656495,0.5666957279860505
str,structured_tokens,LiftHold,42,4,1,0.5350915431560592,0.4777680906713165
str,structured_tokens,LiftHold,42,4,2,0.5552511415525114,0.6511415525114155
str,structured_tokens,LiftHold,43,0,0,0.6011333914559721,0.6451612903225806
str,structured_tokens,LiftHold,43,0,1,0.7198630136986301,0.7255707762557078
str,structured_tokens,LiftHold,43,0,2,0.584081247047709,0.7094945677846008
str,structured_tokens,LiftHold,43,1,0,0.6281604184829992,0.7131647776809067
str,structured_tokens,LiftHold,43,1,1,0.5815315315315315,0.6319819819819819
str,structured_tokens,LiftHold,43,1,2,0.6248858447488584,0.6876712328767124
str,structured_tokens,LiftHold,43,2,0,0.5621185701830863,0.6285963382737576
str,structured_tokens,LiftHold,43,2,1,0.7148648648648648,0.7576576576576576
str,structured_tokens,LiftHold,43,2,2,0.5257990867579908,0.6123287671232877
str,structured_tokens,LiftHold,43,3,0,0.5568875326939843,0.6259808195292066
str,structured_tokens,LiftHold,43,3,1,0.5298605056669573,0.544463818657367
str,structured_tokens,LiftHold,43,3,2,0.6472602739726028,0.6858447488584475
str,structured_tokens,LiftHold,43,4,0,0.5257192676547515,0.5536181342632955
str,structured_tokens,LiftHold,43,4,1,0.531386224934612,0.5889276373147341
str,structured_tokens,LiftHold,43,4,2,0.6100456621004566,0.5881278538812786
str,structured_tokens,LiftHold,44,0,0,0.5891455972101134,0.5959023539668702
str,structured_tokens,LiftHold,44,0,1,0.5984018264840183,0.6191780821917808
str,structured_tokens,LiftHold,44,0,2,0.5399149740198393,0.5550307038261691
str,structured_tokens,LiftHold,44,1,0,0.5948125544899738,0.6207497820401046
str,structured_tokens,LiftHold,44,1,1,0.6013513513513513,0.6545045045045046
str,structured_tokens,LiftHold,44,1,2,0.6394977168949771,0.6315068493150685
str,structured_tokens,LiftHold,44,2,0,0.5771578029642546,0.5588491717523975
str,structured_tokens,LiftHold,44,2,1,0.6103603603603603,0.6414414414414414
str,structured_tokens,LiftHold,44,2,2,0.6091324200913242,0.6442922374429224
str,structured_tokens,LiftHold,44,3,0,0.5704010462074978,0.6107236268526591
str,structured_tokens,LiftHold,44,3,1,0.5621185701830863,0.5945945945945946
str,structured_tokens,LiftHold,44,3,2,0.6061643835616438,0.6365296803652969
str,structured_tokens,LiftHold,44,4,0,0.5823888404533566,0.6469049694856146
str,structured_tokens,LiftHold,44,4,1,0.5673496076721883,0.5989537925021796
str,structured_tokens,LiftHold,44,4,2,0.5365296803652968,0.5315068493150685
str,structured_tokens,PointFinger,42,0,0,0.4649084568439407,0.4450741063644289
str,structured_tokens,PointFinger,42,0,1,0.6013698630136985,0.6278538812785387
str,structured_tokens,PointFinger,42,0,2,0.5632971185640057,0.5564478034955125
str,structured_tokens,PointFinger,42,1,0,0.48931996512641673,0.5017436791630341
str,structured_tokens,PointFinger,42,1,1,0.41306306306306306,0.4121621621621622
str,structured_tokens,PointFinger,42,1,2,0.5552511415525114,0.5538812785388129
str,structured_tokens,PointFinger,42,2,0,0.5433740191804708,0.5562336530078464
str,structured_tokens,PointFinger,42,2,1,0.5175675675675675,0.5256756756756755
str,structured_tokens,PointFinger,42,2,2,0.523972602739726,0.554337899543379
str,structured_tokens,PointFinger,42,3,0,0.6255448997384481,0.6172624237140366
str,structured_tokens,PointFinger,42,3,1,0.48147340889276374,0.49607672188317353
str,structured_tokens,PointFinger,42,3,2,0.4671232876712329,0.4305936073059361
str,structured_tokens,PointFinger,42,4,0,0.47994768962510903,0.5013077593722755
str,structured_tokens,PointFinger,42,4,1,0.5553618134263296,0.5945945945945946
str,structured_tokens,PointFinger,42,4,2,0.5513698630136986,0.6337899543378995
str,structured_tokens,PointFinger,43,0,0,0.6078901482127288,0.6346992153443767
str,structured_tokens,PointFinger,43,0,1,0.5856164383561644,0.630593607305936
str,structured_tokens,PointFinger,43,0,2,0.5566839867737364,0.5526688710439301
str,structured_tokens,PointFinger,43,1,0,0.5985178727114211,0.574106364428945
str,structured_tokens,PointFinger,43,1,1,0.4914414414414414,0.5207207207207207
str,structured_tokens,PointFinger,43,1,2,0.6454337899543379,0.6643835616438356
str,structured_tokens,PointFinger,43,2,0,0.5013077593722755,0.4829991281604185
str,structured_tokens,PointFinger,43,2,1,0.4837837837837838,0.5360360360360361
str,structured_tokens,PointFinger,43,2,2,0.5945205479452055,0.6269406392694065
str,structured_tokens,PointFinger,43,3,0,0.6469049694856146,0.7231909328683522
str,structured_tokens,PointFinger,43,3,1,0.485178727114211,0.49782040104620745
str,structured_tokens,PointFinger,43,3,2,0.5885844748858448,0.5753424657534247
str,structured_tokens,PointFinger,43,4,0,0.5845684394071491,0.594158674803836
str,structured_tokens,PointFinger,43,4,1,0.5876198779424586,0.6386224934612031
str,structured_tokens,PointFinger,43,4,2,0.5534246575342465,0.5424657534246575
str,structured_tokens,PointFinger,44,0,0,0.5189625108979947,0.5187445510026154
str,structured_tokens,PointFinger,44,0,1,0.5347031963470319,0.5210045662100456
str,structured_tokens,PointFinger,44,0,2,0.4600850259801606,0.49976381672177606
str,structured_tokens,PointFinger,44,1,0,0.474716652136007,0.4838709677419355
str,structured_tokens,PointFinger,44,1,1,0.5545045045045045,0.531081081081081
str,structured_tokens,PointFinger,44,1,2,0.5689497716894978,0.5885844748858448
str,structured_tokens,PointFinger,44,2,0,0.5662598081952921,0.5845684394071491
str,structured_tokens,PointFinger,44,2,1,0.5036036036036036,0.5495495495495496
str,structured_tokens,PointFinger,44,2,2,0.6219178082191781,0.5515981735159818
str,structured_tokens,PointFinger,44,3,0,0.51743679163034,0.4960767218831735
str,structured_tokens,PointFinger,44,3,1,0.47624237140366177,0.45030514385353093
str,structured_tokens,PointFinger,44,3,2,0.473972602739726,0.504566210045662
str,structured_tokens,PointFinger,44,4,0,0.4908456843940715,0.496512641673932
str,structured_tokens,PointFinger,44,4,1,0.6187881429816913,0.6163905841325196
str,structured_tokens,PointFinger,44,4,2,0.5111872146118721,0.4904109589041096
str,structured_tokens,Relaxed,42,0,0,0.48147340889276374,0.532258064516129
str,structured_tokens,Relaxed,42,0,1,0.5132420091324201,0.5365296803652968
str,structured_tokens,Relaxed,42,0,2,0.504723665564478,0.5139348134152102
str,structured_tokens,Relaxed,42,1,0,0.5959023539668701,0.6421098517872711
str,structured_tokens,Relaxed,42,1,1,0.4941441441441441,0.5148648648648648
str,structured_tokens,Relaxed,42,1,2,0.5159817351598174,0.5885844748858446
str,structured_tokens,Relaxed,42,2,0,0.5283347863993025,0.4742807323452485
str,structured_tokens,Relaxed,42,2,1,0.4905405405405405,0.5135135135135136
str,structured_tokens,Relaxed,42,2,2,0.46803652968036524,0.4821917808219178
str,structured_tokens,Relaxed,42,3,0,0.5917611159546643,0.5959023539668701
str,structured_tokens,Relaxed,42,3,1,0.5516564952048824,0.6015693112467305
str,structured_tokens,Relaxed,42,3,2,0.5591324200913241,0.5940639269406393
str,structured_tokens,Relaxed,42,4,0,0.51743679163034,0.5274629468177855
str,structured_tokens,Relaxed,42,4,1,0.5486050566695728,0.6111595466434177
str,structured_tokens,Relaxed,42,4,2,0.5817351598173516,0.6054794520547946
str,structured_tokens,Relaxed,43,0,0,0.4840889276373147,0.530514385353095
str,structured_tokens,Relaxed,43,0,1,0.4093607305936073,0.3958904109589042
str,structured_tokens,Relaxed,43,0,2,0.6043930089749646,0.6480869154463864
str,structured_tokens,Relaxed,43,1,0,0.5163469921534437,0.4568439407149084
str,structured_tokens,Relaxed,43,1,1,0.5144144144144144,0.5207207207207207
str,structured_tokens,Relaxed,43,1,2,0.4710045662100456,0.5013698630136987
str,structured_tokens,Relaxed,43,2,0,0.509590235396687,0.4873583260680035
str,structured_tokens,Relaxed,43,2,1,0.48963963963963963,0.5094594594594595
str,structured_tokens,Relaxed,43,2,2,0.5347031963470319,0.5424657534246575
str,structured_tokens,Relaxed,43,3,0,0.48931996512641673,0.501743679163034
str,structured_tokens,Relaxed,43,3,1,0.493897122929381,0.5300784655623365
str,structured_tokens,Relaxed,43,3,2,0.5406392694063926,0.5876712328767124
str,structured_tokens,Relaxed,43,4,0,0.5756320836965998,0.5152571926765475
str,structured_tokens,Relaxed,43,4,1,0.47580645161290325,0.46294681778552743
str,structured_tokens,Relaxed,43,4,2,0.5728310502283105,0.5904109589041096
str,structured_tokens,Relaxed,44,0,0,0.5730165649520489,0.5501307759372276
str,structured_tokens,Relaxed,44,0,1,0.49155251141552514,0.4401826484018265
str,structured_tokens,Relaxed,44,0,2,0.55266887104393,0.6136041568256968
str,structured_tokens,Relaxed,44,1,0,0.5865300784655623,0.6002615518744551
str,structured_tokens,Relaxed,44,1,1,0.5445945945945946,0.5135135135135136
str,structured_tokens,Relaxed,44,1,2,0.4894977168949771,0.5611872146118722
str,structured_tokens,Relaxed,44,2,0,0.5704010462074978,0.6107236268526591
str,structured_tokens,Relaxed,44,2,1,0.4914414414414414,0.48828828828828835
str,structured_tokens,Relaxed,44,2,2,0.5522831050228311,0.5657534246575343
str,structured_tokens,Relaxed,44,3,0,0.6307759372275501,0.6434176111595467
str,structured_tokens,Relaxed,44,3,1,0.6338273757628596,0.6813426329555362
str,structured_tokens,Relaxed,44,3,2,0.5894977168949771,0.5968036529680365
str,structured_tokens,Relaxed,44,4,0,0.5610287707061901,0.5854402789886661
str,structured_tokens,Relaxed,44,4,1,0.6011333914559721,0.5867480383609416
str,structured_tokens,Relaxed,44,4,2,0.5984018264840183,0.6278538812785388
str,structured_tokens,RelaxedTask,42,0,0,0.6187881429816913,0.6163905841325197
str,structured_tokens,RelaxedTask,42,0,1,0.5141552511415526,0.4990867579908676
str,structured_tokens,RelaxedTask,42,0,2,0.5255077940481814,0.5422768068020785
str,structured_tokens,RelaxedTask,42,1,0,0.5335658238884046,0.533129904097646
str,structured_tokens,RelaxedTask,42,1,1,0.5175675675675675,0.5783783783783785
str,structured_tokens,RelaxedTask,42,1,2,0.6287671232876713,0.6639269406392694
str,structured_tokens,RelaxedTask,42,2,0,0.43112467306015695,0.5108979947689625
str,structured_tokens,RelaxedTask,42,2,1,0.54009009009009,0.5986486486486486
str,structured_tokens,RelaxedTask,42,2,2,0.5876712328767123,0.6141552511415524
str,structured_tokens,RelaxedTask,42,3,0,0.5579773321708805,0.5727986050566696
str,structured_tokens,RelaxedTask,42,3,1,0.568875326939843,0.5858761987794245
str,structured_tokens,RelaxedTask,42,3,2,0.5317351598173516,0.5255707762557078
str,structured_tokens,RelaxedTask,42,4,0,0.4742807323452485,0.4777680906713164
str,structured_tokens,RelaxedTask,42,4,1,0.5448997384481256,0.5749782040104621
str,structured_tokens,RelaxedTask,42,4,2,0.5082191780821919,0.4922374429223744
str,structured_tokens,RelaxedTask,43,0,0,0.4461639058413252,0.4686137750653879
str,structured_tokens,RelaxedTask,43,0,1,0.523972602739726,0.5141552511415525
str,structured_tokens,RelaxedTask,43,0,2,0.48795465281058104,0.5177137458667926
str,structured_tokens,RelaxedTask,43,1,0,0.48147340889276374,0.4908456843940715
str,structured_tokens,RelaxedTask,43,1,1,0.4891891891891892,0.4774774774774775
str,structured_tokens,RelaxedTask,43,1,2,0.523972602739726,0.5178082191780822
str,structured_tokens,RelaxedTask,43,2,0,0.4971665213600697,0.5004359197907584
str,structured_tokens,RelaxedTask,43,2,1,0.5135135135135135,0.49324324324324326
str,structured_tokens,RelaxedTask,43,2,2,0.5073059360730594,0.4940639269406393
str,structured_tokens,RelaxedTask,43,3,0,0.5137314734088928,0.4847428073234525
str,structured_tokens,RelaxedTask,43,3,1,0.5111159546643418,0.5745422842197035
str,structured_tokens,RelaxedTask,43,3,2,0.40045662100456625,0.43652968036529677
str,structured_tokens,RelaxedTask,43,4,0,0.5257192676547515,0.529642545771578
str,structured_tokens,RelaxedTask,43,4,1,0.49498692240627723,0.513077593722755
str,structured_tokens,RelaxedTask,43,4,2,0.6219178082191781,0.6319634703196347
str,structured_tokens,RelaxedTask,44,0,0,0.6000435919790759,0.6560592850915431
str,structured_tokens,RelaxedTask,44,0,1,0.5004566210045662,0.4968036529680365
str,structured_tokens,RelaxedTask,44,0,2,0.6150212564950401,0.6117146905999055
str,structured_tokens,RelaxedTask,44,1,0,0.4638186573670445,0.35701830863121187
str,structured_tokens,RelaxedTask,44,1,1,0.5477477477477477,0.5324324324324324
str,structured_tokens,RelaxedTask,44,1,2,0.64337899543379,0.6073059360730594
str,structured_tokens,RelaxedTask,44,2,0,0.5969921534437663,0.5810810810810813
str,structured_tokens,RelaxedTask,44,2,1,0.5414414414414415,0.6216216216216217
str,structured_tokens,RelaxedTask,44,2,2,0.5856164383561644,0.593607305936073
str,structured_tokens,RelaxedTask,44,3,0,0.5512205754141237,0.6717523975588492
str,structured_tokens,RelaxedTask,44,3,1,0.6536617262423714,0.6469049694856145
str,structured_tokens,RelaxedTask,44,3,2,0.59337899543379,0.6173515981735159
str,structured_tokens,RelaxedTask,44,4,0,0.5782476024411508,0.5688753269398431
str,structured_tokens,RelaxedTask,44,4,1,0.5002179598953792,0.5466434176111595
str,structured_tokens,RelaxedTask,44,4,2,0.5484018264840183,0.6077625570776256
str,structured_tokens,StretchHold,42,0,0,0.49498692240627723,0.5108979947689625
str,structured_tokens,StretchHold,42,0,1,0.5591324200913241,0.6082191780821918
str,structured_tokens,StretchHold,42,0,2,0.60108644307983,0.6150212564950401
str,structured_tokens,StretchHold,42,1,0,0.5636442894507411,0.59590235396687
str,structured_tokens,StretchHold,42,1,1,0.5945945945945945,0.6774774774774774
str,structured_tokens,StretchHold,42,1,2,0.5404109589041096,0.4662100456621005
str,structured_tokens,StretchHold,42,2,0,0.5745422842197035,0.5954664341761116
str,structured_tokens,StretchHold,42,2,1,0.6211711711711712,0.6373873873873874
str,structured_tokens,StretchHold,42,2,2,0.5531963470319634,0.5474885844748859
str,structured_tokens,StretchHold,42,3,0,0.5756320836965998,0.5283347863993025
str,structured_tokens,StretchHold,42,3,1,0.493897122929381,0.49869224062772455
str,structured_tokens,StretchHold,42,3,2,0.5984018264840183,0.6105022831050227
str,structured_tokens,StretchHold,42,4,0,0.531386224934612,0.5802092414995641
str,structured_tokens,StretchHold,42,4,1,0.4788578901482127,0.478204010462075
str,structured_tokens,StretchHold,42,4,2,0.6052511415525115,0.6447488584474886
str,structured_tokens,StretchHold,43,0,0,0.47101133391455974,0.4699215344376635
str,structured_tokens,StretchHold,43,0,1,0.5659817351598173,0.6278538812785388
str,structured_tokens,StretchHold,43,0,2,0.6114785073216816,0.5564478034955125
str,structured_tokens,StretchHold,43,1,0,0.6447253705318221,0.6904969485614647
str,structured_tokens,StretchHold,43,1,1,0.5486486486486486,0.5824324324324325
str,structured_tokens,StretchHold,43,1,2,0.550228310502283,0.5990867579908675
str,structured_tokens,StretchHold,43,2,0,0.5564516129032258,0.6124673060156931
str,structured_tokens,StretchHold,43,2,1,0.5945945945945945,0.6265765765765766
str,structured_tokens,StretchHold,43,2,2,0.5404109589041096,0.5557077625570775
str,structured_tokens,StretchHold,43,3,0,0.5782476024411508,0.6264167393199651
str,structured_tokens,StretchHold,43,3,1,0.4840889276373147,0.5047951176983435
str,structured_tokens,StretchHold,43,3,2,0.5043378995433789,0.5041095890410958
str,structured_tokens,StretchHold,43,4,0,0.6026591107236268,0.6813426329555362
str,structured_tokens,StretchHold,43,4,1,0.5085004359197908,0.530514385353095
str,structured_tokens,StretchHold,43,4,2,0.613013698630137,0.6744292237442923
str,structured_tokens,StretchHold,44,0,0,0.4679598953792502,0.453792502179599
str,structured_tokens,StretchHold,44,0,1,0.5374429223744293,0.4831050228310502
str,structured_tokens,StretchHold,44,0,2,0.5699102503542749,0.5937647614548891
str,structured_tokens,StretchHold,44,1,0,0.5329119442022667,0.5396687009590235
str,structured_tokens,StretchHold,44,1,1,0.5585585585585585,0.5626126126126126
str,structured_tokens,StretchHold,44,1,2,0.4796803652968037,0.4876712328767123
str,structured_tokens,StretchHold,44,2,0,0.5745422842197035,0.5980819529206626
str,structured_tokens,StretchHold,44,2,1,0.5472972972972974,0.5752252252252252
str,structured_tokens,StretchHold,44,2,2,0.5228310502283104,0.5237442922374429
str,structured_tokens,StretchHold,44,3,0,0.541848299912816,0.5588491717523976
str,structured_tokens,StretchHold,44,3,1,0.531386224934612,0.5126416739319966
str,structured_tokens,StretchHold,44,3,2,0.48652968036529676,0.5799086757990868
str,structured_tokens,StretchHold,44,4,0,0.5895815170008718,0.5156931124673061
str,structured_tokens,StretchHold,44,4,1,0.49498692240627723,0.539232781168265
str,structured_tokens,StretchHold,44,4,2,0.6091324200913242,0.6657534246575342
str,structured_tokens,TouchIndex,42,0,0,0.5730165649520489,0.6137750653879687
str,structured_tokens,TouchIndex,42,0,1,0.5573059360730593,0.5406392694063927
str,structured_tokens,TouchIndex,42,0,2,0.5290505432215399,0.5422768068020783
str,structured_tokens,TouchIndex,42,1,0,0.4461639058413252,0.45771578029642546
str,structured_tokens,TouchIndex,42,1,1,0.5472972972972974,0.5653153153153153
str,structured_tokens,TouchIndex,42,1,2,0.4504566210045662,0.4109589041095891
str,structured_tokens,TouchIndex,42,2,0,0.536617262423714,0.577593722755013
str,structured_tokens,TouchIndex,42,2,1,0.6301801801801801,0.6608108108108108
str,structured_tokens,TouchIndex,42,2,2,0.43881278538812785,0.46803652968036524
str,structured_tokens,TouchIndex,42,3,0,0.4383173496076722,0.46992153443766344
str,structured_tokens,TouchIndex,42,3,1,0.47319093286835223,0.4389712292938099
str,structured_tokens,TouchIndex,42,3,2,0.5141552511415526,0.534703196347032
str,structured_tokens,TouchIndex,42,4,0,0.5189625108979947,0.5135135135135135
str,structured_tokens,TouchIndex,42,4,1,0.5568875326939843,0.5405405405405406
str,structured_tokens,TouchIndex,42,4,2,0.554337899543379,0.5894977168949771
str,structured_tokens,TouchIndex,43,0,0,0.509590235396687,0.5658238884045336
str,structured_tokens,TouchIndex,43,0,1,0.5004566210045662,0.580365296803653
str,structured_tokens,TouchIndex,43,0,2,0.5699102503542749,0.502598016060463
str,structured_tokens,TouchIndex,43,1,0,0.6266346992153444,0.6477768090671316
str,structured_tokens,TouchIndex,43,1,1,0.6117117117117117,0.6328828828828829
str,structured_tokens,TouchIndex,43,1,2,0.5474885844748858,0.5566210045662101
str,structured_tokens,TouchIndex,43,2,0,0.5959023539668701,0.6015693112467305
str,structured_tokens,TouchIndex,43,2,1,0.5936936936936936,0.5594594594594594
str,structured_tokens,TouchIndex,43,2,2,0.5454337899543379,0.5337899543378996
str,structured_tokens,TouchIndex,43,3,0,0.5178727114210986,0.537489102005231
str,structured_tokens,TouchIndex,43,3,1,0.547079337401918,0.5283347863993025
str,structured_tokens,TouchIndex,43,3,2,0.5847031963470319,0.6178082191780823
str,structured_tokens,TouchIndex,43,4,0,0.45967741935483875,0.465998256320837
str,structured_tokens,TouchIndex,43,4,1,0.49760244115082825,0.5265911072362686
str,structured_tokens,TouchIndex,43,4,2,0.5406392694063926,0.5388127853881278
str,structured_tokens,TouchIndex,44,0,0,0.5017436791630341,0.497384481255449
str,structured_tokens,TouchIndex,44,0,1,0.571917808219178,0.5388127853881278
str,structured_tokens,TouchIndex,44,0,2,0.5460557392536609,0.5984884270193671
str,structured_tokens,TouchIndex,44,1,0,0.558413251961639,0.5640802092414996
str,structured_tokens,TouchIndex,44,1,1,0.5040540540540541,0.5459459459459459
str,structured_tokens,TouchIndex,44,1,2,0.4984018264840182,0.4465753424657535
str,structured_tokens,TouchIndex,44,2,0,0.6510462074978204,0.6329555361813426
str,structured_tokens,TouchIndex,44,2,1,0.5540540540540541,0.5603603603603604
str,structured_tokens,TouchIndex,44,2,2,0.5484018264840183,0.5538812785388127
str,structured_tokens,TouchIndex,44,3,0,0.5797733217088056,0.6098517872711421
str,structured_tokens,TouchIndex,44,3,1,0.4383173496076722,0.4424585876198779
str,structured_tokens,TouchIndex,44,3,2,0.46803652968036524,0.4502283105022831
str,structured_tokens,TouchIndex,44,4,0,0.47994768962510903,0.5501307759372276
str,structured_tokens,TouchIndex,44,4,1,0.5111159546643418,0.5122057541412379
str,structured_tokens,TouchIndex,44,4,2,0.4876712328767123,0.5118721461187214
str,structured_tokens,TouchNose,42,0,0,0.5080645161290323,0.5553618134263295
str,structured_tokens,TouchNose,42,0,1,0.5728310502283105,0.6022831050228311
str,structured_tokens,TouchNose,42,0,2,0.4702409069437884,0.5063769485120453
str,structured_tokens,TouchNose,42,1,0,0.6094158674803836,0.6673931996512642
str,structured_tokens,TouchNose,42,1,1,0.5842342342342342,0.6418918918918919
str,structured_tokens,TouchNose,42,1,2,0.5945205479452055,0.5945205479452055
str,structured_tokens,TouchNose,42,2,0,0.5605928509154317,0.5762859633827375
str,structured_tokens,TouchNose,42,2,1,0.6445945945945946,0.6806306306306307
str,structured_tokens,TouchNose,42,2,2,0.6228310502283105,0.6461187214611872
str,structured_tokens,TouchNose,42,3,0,0.5111159546643418,0.56974716652136
str,structured_tokens,TouchNose,42,3,1,0.6427637314734089,0.6769834350479512
str,structured_tokens,TouchNose,42,3,2,0.5171232876712328,0.5981735159817352
str,structured_tokens,TouchNose,42,4,0,0.5054489973844812,0.5684394071490846
str,structured_tokens,TouchNose,42,4,1,0.5677855274629469,0.5518744551002616
str,structured_tokens,TouchNose,42,4,2,0.5924657534246576,0.608675799086758
str,structured_tokens,TouchNose,43,0,0,0.5231037489102005,0.5483870967741935
str,structured_tokens,TouchNose,43,0,1,0.5102739726027397,0.5557077625570777
str,structured_tokens,TouchNose,43,0,2,0.6046291922531885,0.5904581955597544
str,structured_tokens,TouchNose,43,1,0,0.49193548387096775,0.501743679163034
str,structured_tokens,TouchNose,43,1,1,0.5445945945945946,0.6355855855855855
str,structured_tokens,TouchNose,43,1,2,0.5984018264840183,0.6429223744292237
str,structured_tokens,TouchNose,43,2,0,0.43679163034001744,0.44943330427201394
str,structured_tokens,TouchNose,43,2,1,0.5540540540540541,0.5743243243243243
str,structured_tokens,TouchNose,43,2,2,0.5424657534246575,0.539269406392694
str,structured_tokens,TouchNose,43,3,0,0.6218395815170009,0.6364428945074107
str,structured_tokens,TouchNose,43,3,1,0.6292502179598953,0.6386224934612031
str,structured_tokens,TouchNose,43,3,2,0.5817351598173516,0.5876712328767123
str,structured_tokens,TouchNose,43,4,0,0.6172624237140366,0.6264167393199651
str,structured_tokens,TouchNose,43,4,1,0.5730165649520489,0.6434176111595467
str,structured_tokens,TouchNose,43,4,2,0.476027397260274,0.5260273972602739
str,structured_tokens,TouchNose,44,0,0,0.6333914559721011,0.6612903225806451
str,structured_tokens,TouchNose,44,0,1,0.5591324200913241,0.6050228310502284
str,structured_tokens,TouchNose,44,0,2,0.6218705715635333,0.6683986773736419
str,structured_tokens,TouchNose,44,1,0,0.5969921534437663,0.6098517872711421
str,structured_tokens,TouchNose,44,1,1,0.5779279279279279,0.6157657657657657
str,structured_tokens,TouchNose,44,1,2,0.5522831050228311,0.6009132420091324
str,structured_tokens,TouchNose,44,2,0,0.506974716652136,0.549694856146469
str,structured_tokens,TouchNose,44,2,1,0.42657657657657655,0.468018018018018
str,structured_tokens,TouchNose,44,2,2,0.5043378995433789,0.5269406392694064
str,structured_tokens,TouchNose,44,3,0,0.5220139494333043,0.5732345248474281
str,structured_tokens,TouchNose,44,3,1,0.6292502179598953,0.6830863121185702
str,structured_tokens,TouchNose,44,3,2,0.5102739726027397,0.5424657534246575
str,structured_tokens,TouchNose,44,4,0,0.606364428945074,0.6486486486486486
str,structured_tokens,TouchNose,44,4,1,0.47624237140366177,0.5152571926765475
str,structured_tokens,TouchNose,44,4,2,0.5269406392694064,0.5625570776255708
