model,kind,activity,outer,inner,direction_cos,probe_cos,principal_angle_mean_deg,probe_ba,probe_auroc
v8,activity_raw,CrossArms,0,0,0.913444284047717,0.540998241298009,42.508339859466254,0.5655332752106945,0.5597210113339145
v8,activity_raw,CrossArms,0,1,0.8719393306708076,0.40714240000888213,48.97813959480852,0.5601217656012176,0.5812785388127854
v8,activity_raw,CrossArms,0,2,0.9170222370928511,0.5641207574193841,41.281073231190135,0.5929774838608094,0.6350181073846638
v8,activity_raw,CrossArms,1,0,0.8818833257010757,0.5128568648609846,46.34461099519752,0.5466434176111595,0.543010752688172
v8,activity_raw,CrossArms,1,1,0.8594691246658419,0.3894167562585092,47.766311880080444,0.5232732732732733,0.5430930930930932
v8,activity_raw,CrossArms,1,2,0.8735610660275535,0.5029314365985422,45.89627360437376,0.6071537290715373,0.6573820395738205
v8,activity_raw,CrossArms,2,0,0.8589159902714563,0.5204853978912019,45.046743241930685,0.5896541702993315,0.6168265039232781
v8,activity_raw,CrossArms,2,1,0.892831164447676,0.4963671636996433,45.10516559871923,0.595945945945946,0.6178678678678678
v8,activity_raw,CrossArms,2,2,0.9073969534132234,0.5640377009786347,40.90873546659228,0.5875190258751903,0.6190258751902588
v8,activity_raw,CrossArms,3,0,0.9175696283755107,0.56314530790422,41.95005579879544,0.6170444638186573,0.6399302528334786
v8,activity_raw,CrossArms,3,1,0.913839722983405,0.5239165362452614,41.22699958883095,0.5870386515547806,0.6197326358616682
v8,activity_raw,CrossArms,3,2,0.9175799297161837,0.4734017907715176,42.21871072078676,0.6293759512937595,0.6490106544901065
v8,activity_raw,CrossArms,4,0,0.8988595312987276,0.4837901904106817,43.65657089845462,0.6022958442313282,0.6441441441441441
v8,activity_raw,CrossArms,4,1,0.9151591163600612,0.5479047947792037,41.705364928550885,0.5492589363557105,0.6072362685265911
v8,activity_raw,CrossArms,4,2,0.8670955787230006,0.5374598013016211,43.7905949596523,0.6237442922374429,0.6697108066971081
v8,activity_raw,DrinkGlas,0,0,0.8784490514015166,0.4585527283377133,45.59070662425527,0.5337837837837838,0.5451903516419646
v8,activity_raw,DrinkGlas,0,1,0.8641805285446573,0.4167392490318515,48.23603297517307,0.5248858447488584,0.5337899543378996
v8,activity_raw,DrinkGlas,0,2,0.8913085478127272,0.4646531635552564,45.17835093047727,0.5895134624468586,0.629664619744922
v8,activity_raw,DrinkGlas,1,0,0.866941144834948,0.45371898838087954,46.09517249900917,0.5677855274629469,0.5873292647486196
v8,activity_raw,DrinkGlas,1,1,0.8562180277873752,0.40608597599240487,47.065327894640745,0.5509009009009008,0.6043543543543543
v8,activity_raw,DrinkGlas,1,2,0.907727858274862,0.4391729082129199,44.92843735196592,0.5842465753424658,0.6238964992389651
v8,activity_raw,DrinkGlas,2,0,0.8744302293041359,0.3837614642850561,48.93353255467808,0.5866753850624818,0.605201976169718
v8,activity_raw,DrinkGlas,2,1,0.8392749519335503,0.42593421821937966,48.23465058639446,0.5923423423423424,0.6207207207207207
v8,activity_raw,DrinkGlas,2,2,0.875647869523284,0.39578462306607215,47.34102667487921,0.5398782343987824,0.5471841704718418
v8,activity_raw,DrinkGlas,3,0,0.7410970968471186,0.3844301589924798,55.3688701684246,0.6125399593141528,0.622638767800058
v8,activity_raw,DrinkGlas,3,1,0.8749650355879839,0.37589558506077847,48.351253210976864,0.5861668119732636,0.590671316477768
v8,activity_raw,DrinkGlas,3,2,0.8621443432754715,0.4365607986721044,45.703943763166684,0.5715372907153728,0.6293759512937595
v8,activity_raw,DrinkGlas,4,0,0.9011588352235014,0.4172828293980492,45.4990542614124,0.6530804998546934,0.6740773031095612
v8,activity_raw,DrinkGlas,4,1,0.9045261463594501,0.4577679326339285,43.97511366876417,0.5901627433885498,0.5940133682069165
v8,activity_raw,DrinkGlas,4,2,0.8599935182188597,0.3885963619235478,49.423877796496086,0.6116438356164383,0.6339421613394216
v8,activity_raw,Entrainment,0,0,0.8239629575936261,0.4331521855099106,48.98820401763562,0.5121331008427782,0.5629177564661435
v8,activity_raw,Entrainment,0,1,0.755738190815733,0.35600620187036486,52.166396309599186,0.5777777777777778,0.5960426179604262
v8,activity_raw,Entrainment,0,2,0.7913568167005371,0.36891975498302626,49.96072954296601,0.5083451424972445,0.5107857030388915
v8,activity_raw,Entrainment,1,0,0.8085845863392971,0.3757988145403277,49.45954758503511,0.5685120604475443,0.6065097355419936
v8,activity_raw,Entrainment,1,1,0.7594399406189867,0.46849661166035017,49.313491320785985,0.575975975975976,0.5824324324324324
v8,activity_raw,Entrainment,1,2,0.7640213256211,0.41562071190162186,50.06038294687511,0.5036529680365297,0.5342465753424658
v8,activity_raw,Entrainment,2,0,0.806627366829398,0.29897387661528957,52.02299117868101,0.5187445510026155,0.5512932287125835
v8,activity_raw,Entrainment,2,1,0.7772799389982142,0.36889518326625437,52.23602332688268,0.5555555555555555,0.5564564564564565
v8,activity_raw,Entrainment,2,2,0.8103466858699159,0.4086725501328911,49.074178764938715,0.5566210045662101,0.5458143074581431
v8,activity_raw,Entrainment,3,0,0.7025033631211132,0.3920667613612454,54.6241868684847,0.5273902935193259,0.5398140075559429
v8,activity_raw,Entrainment,3,1,0.8249971993376151,0.39743536940499713,47.95801008459286,0.5671316477768091,0.580209241499564
v8,activity_raw,Entrainment,3,2,0.8236404302708774,0.39264828328540247,47.483527318943175,0.49901065449010656,0.5360730593607306
v8,activity_raw,Entrainment,4,0,0.8184344013905441,0.4746136075028926,46.43727212507247,0.5228857890148213,0.5187445510026155
v8,activity_raw,Entrainment,4,1,0.7524022527177768,0.4481526620610799,50.40095594780444,0.493606509735542,0.4934612031386225
v8,activity_raw,Entrainment,4,2,0.8242308102056116,0.3721390108002682,48.713729121875204,0.598021308980213,0.60882800608828
v8,activity_raw,HoldWeight,0,0,0.9058648288179496,0.42724071492343924,43.05615701939206,0.5490409764603312,0.5775937227550131
v8,activity_raw,HoldWeight,0,1,0.9244802328467335,0.4802772164008302,41.204734934965494,0.5989345509893454,0.6095890410958904
v8,activity_raw,HoldWeight,0,2,0.9214570583868594,0.41446331690468635,42.34307090369927,0.5976224216658793,0.6060462919225319
v8,activity_raw,HoldWeight,1,0,0.9031109217335792,0.5046590824240345,41.64113654834699,0.524411508282476,0.51453065969195
v8,activity_raw,HoldWeight,1,1,0.8699224882683,0.44917593073523915,45.13295312014866,0.5656156156156156,0.6001501501501502
v8,activity_raw,HoldWeight,1,2,0.9313422877641075,0.5308672486203388,38.938573670178044,0.5490106544901066,0.5792998477929985
v8,activity_raw,HoldWeight,2,0,0.904816309129301,0.49599395703622357,42.36983250027276,0.5421389131066551,0.5422842197035745
v8,activity_raw,HoldWeight,2,1,0.8795366352053852,0.3788776034602644,46.13318510972274,0.618018018018018,0.6717717717717718
v8,activity_raw,HoldWeight,2,2,0.915068242971265,0.49822427665059965,41.80027489323375,0.591095890410959,0.6079147640791477
v8,activity_raw,HoldWeight,3,0,0.8878668127702202,0.41536476079913626,45.84153233594785,0.5870386515547806,0.6094158674803837
v8,activity_raw,HoldWeight,3,1,0.9376033769622645,0.4760816965225576,39.701770706625425,0.5530369078756175,0.6114501598372567
v8,activity_raw,HoldWeight,3,2,0.9226798588387636,0.44903481768019116,41.56680568944347,0.5675799086757991,0.5604261796042619
v8,activity_raw,HoldWeight,4,0,0.9150165158214933,0.4744819334401585,40.468919967858724,0.569165940133682,0.6278698052891601
v8,activity_raw,HoldWeight,4,1,0.9248150981606995,0.5074429838160874,40.64208336977955,0.5658965417029934,0.5977913397268236
v8,activity_raw,HoldWeight,4,2,0.852904263383121,0.4144370482106564,47.832986293545844,0.5626331811263318,0.5996955859969558
v8,activity_raw,LiftHold,0,0,0.8645049856270235,0.5016522001220706,45.963245350844325,0.5448997384481256,0.5751235106073816
v8,activity_raw,LiftHold,0,1,0.8748492619665714,0.48073624362892964,45.5883873012602,0.5944444444444444,0.6176560121765601
v8,activity_raw,LiftHold,0,2,0.8228073708102608,0.5062507534024814,46.85470422113742,0.5904581955597544,0.6221067548417573
v8,activity_raw,LiftHold,1,0,0.7307896959024874,0.5365178356626711,52.08581932043251,0.601424004649811,0.6386224934612031
v8,activity_raw,LiftHold,1,1,0.8012534188064586,0.4816971777732413,48.12559942651411,0.5045045045045046,0.5264264264264265
v8,activity_raw,LiftHold,1,2,0.864223258362966,0.5135166792395949,44.718497750927604,0.5953576864535769,0.5902587519025876
v8,activity_raw,LiftHold,2,0,0.8622217399936533,0.3949310151528477,49.259583376226566,0.5672769543737286,0.6050566695727985
v8,activity_raw,LiftHold,2,1,0.8391429822471417,0.3859041295476536,48.4788783815435,0.6495495495495496,0.7027027027027027
v8,activity_raw,LiftHold,2,2,0.8271422531630108,0.4687767004645889,48.51774968397937,0.5610350076103501,0.6098934550989344
v8,activity_raw,LiftHold,3,0,0.7942690680577191,0.38915674352600266,50.93130678558324,0.545045045045045,0.548241790177274
v8,activity_raw,LiftHold,3,1,0.8709334688301282,0.5425002649436436,44.226546670110736,0.5170008718395814,0.5589944783493171
v8,activity_raw,LiftHold,3,2,0.83368116723169,0.43168006417175725,48.70852362225058,0.6094368340943683,0.6135464231354643
v8,activity_raw,LiftHold,4,0,0.828938640545215,0.436732756250296,47.572606803624055,0.5201249636733508,0.563063063063063
v8,activity_raw,LiftHold,4,1,0.8230311113106278,0.4066643828949951,49.38994382115669,0.5471519907003778,0.5489683231618715
v8,activity_raw,LiftHold,4,2,0.8206877280048731,0.43659575706123777,47.659256368361106,0.5676560121765601,0.5914764079147641
v8,activity_raw,PointFinger,0,0,0.6449802519922829,0.3973710388399598,54.98854977263489,0.5767945364719559,0.6150828247602441
v8,activity_raw,PointFinger,0,1,0.6591389703518247,0.43937340827834825,55.411362257103534,0.5225266362252664,0.6066971080669711
v8,activity_raw,PointFinger,0,2,0.6860968177779605,0.3894936524493505,54.7980638762778,0.5860494410329081,0.5799086757990868
v8,activity_raw,PointFinger,1,0,0.4808582439536431,0.4712635802754206,58.04454489773747,0.5308776518453938,0.5603022377215926
v8,activity_raw,PointFinger,1,1,0.6078083943776529,0.44452985019820107,57.12861422794525,0.5668168168168168,0.6094594594594595
v8,activity_raw,PointFinger,1,2,0.6559183747309165,0.49204108206963115,53.39053598592115,0.5496194824961947,0.5767123287671233
v8,activity_raw,PointFinger,2,0,0.6778420146541575,0.3746948633387066,52.415869145673796,0.5277535600116244,0.559575704736995
v8,activity_raw,PointFinger,2,1,0.5635543785256536,0.45242403801628395,57.89022507849992,0.6048048048048048,0.6309309309309309
v8,activity_raw,PointFinger,2,2,0.6566362383115919,0.36927103193925015,52.95550194794324,0.580441400304414,0.5578386605783866
v8,activity_raw,PointFinger,3,0,0.5369074131160974,0.4565975975643654,58.38190529413079,0.5955390874745714,0.627288578901482
v8,activity_raw,PointFinger,3,1,0.7286640730579906,0.5364067050299334,47.83579826540288,0.5534001743679163,0.5682941005521651
v8,activity_raw,PointFinger,3,2,0.6356850318692351,0.4659783372249346,54.52108319623757,0.567275494672755,0.5888888888888889
v8,activity_raw,PointFinger,4,0,0.6140215992926672,0.3718854793335686,56.25834257006424,0.5823888404533566,0.5922696890438826
v8,activity_raw,PointFinger,4,1,0.6582723521223747,0.45657042515838114,54.27664270713703,0.5551438535309504,0.5916884626562046
v8,activity_raw,PointFinger,4,2,0.52778830912912,0.26216443002014844,60.69974267990952,0.5042617960426179,0.5538812785388127
v8,activity_raw,Relaxed,0,0,0.27294290559517714,0.3979053669716486,65.37942411080287,0.5847863993025283,0.5967741935483871
v8,activity_raw,Relaxed,0,1,0.44666197342978103,0.4151919917711408,60.273042773049504,0.5519786910197869,0.5144596651445967
v8,activity_raw,Relaxed,0,2,0.6649422049512257,0.3870700129526333,55.23065024098113,0.5379467800346402,0.5545583372697213
v8,activity_raw,Relaxed,1,0,0.5485211305151008,0.3618841130461084,61.357949366072546,0.512496367335077,0.5341470502760826
v8,activity_raw,Relaxed,1,1,0.6093058009588803,0.35272632042108143,58.62122833611718,0.5388888888888889,0.5393393393393392
v8,activity_raw,Relaxed,1,2,0.6880198977663878,0.48355074052200664,52.737500188443065,0.541095890410959,0.5380517503805174
v8,activity_raw,Relaxed,2,0,0.5332231337000299,0.3958495019019076,56.97363880043912,0.5260098808485905,0.523539668700959
v8,activity_raw,Relaxed,2,1,0.5004318842708383,0.3855099259502263,63.07761099621947,0.5057057057057057,0.49594594594594604
v8,activity_raw,Relaxed,2,2,0.6332809186956938,0.3675976173308737,55.87135558855977,0.5130898021308979,0.504261796042618
v8,activity_raw,Relaxed,3,0,0.6704351328705955,0.45290182561765024,55.27862670292198,0.5931415286253996,0.6099970938680616
v8,activity_raw,Relaxed,3,1,0.6744079005798579,0.4680345992729363,53.87086721561929,0.5266637605347283,0.520052310374891
v8,activity_raw,Relaxed,3,2,0.6678081258755965,0.4151042494170004,54.482024362527376,0.5633181126331812,0.5949771689497716
v8,activity_raw,Relaxed,4,0,0.5870881702481516,0.43422704603280304,55.88445946956746,0.525864574251671,0.526736413833188
v8,activity_raw,Relaxed,4,1,0.6232848176617891,0.4570445945124147,55.59078427515468,0.49273467015402495,0.477041557686719
v8,activity_raw,Relaxed,4,2,0.5444889828462427,0.33393815358671947,61.276791387041214,0.526103500761035,0.5319634703196346
v8,activity_raw,RelaxedTask,0,0,0.4336299794032751,0.43841191711142097,61.90376847671729,0.532258064516129,0.5834059866317931
v8,activity_raw,RelaxedTask,0,1,0.4235693532966221,0.47339398871893096,56.423484919302645,0.5754946727549468,0.5613394216133941
v8,activity_raw,RelaxedTask,0,2,0.5344944830650386,0.3823899063544323,60.9065083639242,0.5321996535978586,0.5487324830735317
v8,activity_raw,RelaxedTask,1,0,0.5677089981015454,0.4329897936231415,60.08560098456626,0.5218686428363847,0.5496948561464691
v8,activity_raw,RelaxedTask,1,1,0.6136287957901209,0.49285913279536425,57.7364513425675,0.5657657657657658,0.5743243243243243
v8,activity_raw,RelaxedTask,1,2,0.5833719269955088,0.48306055174809603,56.43585264443938,0.5669710806697107,0.5875190258751902
v8,activity_raw,RelaxedTask,2,0,0.46936518409948735,0.40044627364026236,61.04068777431429,0.515983725661145,0.5318221447253705
v8,activity_raw,RelaxedTask,2,1,0.49427370808109844,0.47311168565925193,62.5540084679483,0.5513513513513514,0.5042042042042042
v8,activity_raw,RelaxedTask,2,2,0.4844307992427654,0.40978623410585224,58.98875142141179,0.576179604261796,0.6056316590563166
v8,activity_raw,RelaxedTask,3,0,0.6263938095521644,0.35826537997714203,57.704887385227025,0.5510026155187445,0.5797733217088056
v8,activity_raw,RelaxedTask,3,1,0.615683603012433,0.4744635365035799,56.262825769584026,0.5606655042138913,0.5921243824469631
v8,activity_raw,RelaxedTask,3,2,0.5786073366436802,0.395936447629975,57.804877125373565,0.5159817351598174,0.5225266362252664
v8,activity_raw,RelaxedTask,4,0,0.6181444384181163,0.41452439747799186,58.80224789999215,0.5402499273467015,0.542429526300494
v8,activity_raw,RelaxedTask,4,1,0.49189473232078834,0.47220879051238174,58.12286590250117,0.47297297297297297,0.48227259517582094
v8,activity_raw,RelaxedTask,4,2,0.601180267715443,0.46161156413473925,56.18781706961835,0.5375190258751902,0.5503805175038051
v8,activity_raw,StretchHold,0,0,0.8876329324637174,0.38327777987723827,45.16136050360127,0.4925167102586457,0.47965707643127
v8,activity_raw,StretchHold,0,1,0.8844683049386665,0.3717913152938821,46.39970896174825,0.5662861491628615,0.5750380517503805
v8,activity_raw,StretchHold,0,2,0.8831565563949989,0.462044666837084,41.90521237366828,0.5804597701149425,0.5425917178397103
v8,activity_raw,StretchHold,1,0,0.860194012516447,0.41642239953124693,45.78166202661819,0.5386515547805871,0.573234524847428
v8,activity_raw,StretchHold,1,1,0.8186863016067472,0.4751113323987079,45.74735811471712,0.5415915915915915,0.5627627627627627
v8,activity_raw,StretchHold,1,2,0.8805404954797367,0.4548575312778902,43.76114149013304,0.5458143074581431,0.5952815829528157
v8,activity_raw,StretchHold,2,0,0.8951761106216856,0.4915443904110552,41.866216373289475,0.5669136878814297,0.556960185992444
v8,activity_raw,StretchHold,2,1,0.873909780640514,0.37817083863607187,45.26182821258133,0.5433933933933934,0.5133633633633634
v8,activity_raw,StretchHold,2,2,0.892842601136031,0.4385494296719973,43.24367845316113,0.5614155251141552,0.5598173515981735
v8,activity_raw,StretchHold,3,0,0.7372622653623002,0.43256260714210654,51.33470093631001,0.5560156931124672,0.5713455390874745
v8,activity_raw,StretchHold,3,1,0.8634253773230929,0.3084840191623255,48.66363578963403,0.5407585004359198,0.5210694565533275
v8,activity_raw,StretchHold,3,2,0.8843325808113265,0.35347632496644976,45.42905502560043,0.5264840182648403,0.5220700152207002
v8,activity_raw,StretchHold,4,0,0.8939213049683555,0.4931728501079932,40.676442341380714,0.501743679163034,0.498546934030805
v8,activity_raw,StretchHold,4,1,0.8940133440662811,0.4081294617363455,45.5567190991639,0.5121331008427782,0.4931705899447835
v8,activity_raw,StretchHold,4,2,0.8616717580893025,0.4104057422154277,46.213280506587594,0.5248097412480974,0.5442922374429224
v8,activity_raw,TouchIndex,0,0,0.8161733933815606,0.42190732639043427,48.31941003475316,0.5206335367625691,0.5501307759372275
v8,activity_raw,TouchIndex,0,1,0.7874735233066791,0.39671238498758427,49.92342035982386,0.5411719939117199,0.5401826484018265
v8,activity_raw,TouchIndex,0,2,0.7984198354234796,0.4699653031944908,47.03928040820524,0.5654227680680208,0.5249566997323256
v8,activity_raw,TouchIndex,1,0,0.6828467687635418,0.5566528580287715,51.132873943672635,0.5385062481836677,0.5550712002324906
v8,activity_raw,TouchIndex,1,1,0.7772489722417453,0.4862413331219693,48.5067775360658,0.5753753753753753,0.6061561561561561
v8,activity_raw,TouchIndex,1,2,0.8004501729996802,0.47640180551940825,47.23128518077972,0.5277016742770168,0.541095890410959
v8,activity_raw,TouchIndex,2,0,0.7629789752801196,0.546330833599178,48.6404571406016,0.5762859633827375,0.60752688172043
v8,activity_raw,TouchIndex,2,1,0.8172988349685186,0.5631942989365657,44.47665940819447,0.5824324324324325,0.6303303303303304
v8,activity_raw,TouchIndex,2,2,0.813584119548576,0.4504502870280093,46.422383277862615,0.5398782343987824,0.5684931506849314
v8,activity_raw,TouchIndex,3,0,0.6796007681778539,0.4878014483323317,54.9959382531901,0.569165940133682,0.5892182505085731
v8,activity_raw,TouchIndex,3,1,0.850465973369292,0.5680291081995272,43.20918818031515,0.49048241790177277,0.49709386806161
v8,activity_raw,TouchIndex,3,2,0.8011639083194966,0.41356811402139537,48.24383192555421,0.5823439878234399,0.5878234398782345
v8,activity_raw,TouchIndex,4,0,0.7887428144371326,0.510239633915648,47.35900012610199,0.48336239465271724,0.4513222900319674
v8,activity_raw,TouchIndex,4,1,0.797621449815876,0.5927086574465698,44.56451737840972,0.5646614356291776,0.5716361522813136
v8,activity_raw,TouchIndex,4,2,0.754282243336311,0.47213653005307465,50.44929360669281,0.5692541856925418,0.612937595129376
v8,activity_raw,TouchNose,0,0,0.5446796836329012,0.5071335959249431,59.5317639740614,0.5147486195873293,0.5600116245277537
v8,activity_raw,TouchNose,0,1,0.584346842236965,0.4710993114646979,61.0701916588748,0.5515981735159817,0.5837138508371386
v8,activity_raw,TouchNose,0,2,0.5783349755306039,0.4536662336243116,59.23186727162398,0.5836876082506691,0.6016375373956857
v8,activity_raw,TouchNose,1,0,0.5660277776431909,0.45561671268951814,60.697506948140926,0.5534001743679163,0.5954664341761116
v8,activity_raw,TouchNose,1,1,0.5040830913374966,0.4469165554072677,60.297291905502775,0.5755255255255255,0.6102102102102102
v8,activity_raw,TouchNose,1,2,0.5221307960028527,0.5118965406020629,59.352344490922675,0.580669710806697,0.5876712328767123
v8,activity_raw,TouchNose,2,0,0.5856288939829879,0.46194604351940205,59.2534663077685,0.5825341470502761,0.5640802092414996
v8,activity_raw,TouchNose,2,1,0.540861101763973,0.42609204011285245,62.667539872263745,0.5534534534534535,0.5421921921921923
v8,activity_raw,TouchNose,2,2,0.5805248237692352,0.44929688745553226,60.97065946390613,0.5401826484018265,0.5162861491628615
v8,activity_raw,TouchNose,3,0,0.3525040424420603,0.32253328297913725,64.49772733447855,0.588927637314734,0.5956117407730311
v8,activity_raw,TouchNose,3,1,0.5659764187418995,0.4517067833818745,61.82568266951724,0.58427782621331,0.6345539087474571
v8,activity_raw,TouchNose,3,2,0.6100447945543375,0.4691065627230359,60.27550234859267,0.5604261796042619,0.5467275494672755
v8,activity_raw,TouchNose,4,0,0.483508700669838,0.4806340776761583,60.80867910319466,0.5811537343795409,0.6038942167974426
v8,activity_raw,TouchNose,4,1,0.5353581256283052,0.4170642264219321,63.28921483902515,0.5523830281894798,0.5546352804417319
v8,activity_raw,TouchNose,4,2,0.40347326567890107,0.39452413742459924,62.72158131832324,0.5614155251141552,0.6106544901065449
v8,activity_context,CrossArms,0,0,0.9153965502498745,0.5473716429114444,42.13329653876173,0.5610287707061901,0.5605928509154315
v8,activity_context,CrossArms,0,1,0.8730142421189746,0.41116069924576193,48.795642050461204,0.5522831050228311,0.5777777777777776
v8,activity_context,CrossArms,0,2,0.9177390285767506,0.5782548333783547,40.709472929607855,0.5998267989293025,0.629507164226106
v8,activity_context,CrossArms,1,0,0.8832857105682095,0.5139907360647762,46.3933150826302,0.5435193257773903,0.5440278988666085
v8,activity_context,CrossArms,1,1,0.8588695788303808,0.39405015857995496,48.019929172141424,0.5322822822822822,0.5411411411411411
v8,activity_context,CrossArms,1,2,0.8746734174752562,0.5124007363087428,45.46710740645055,0.6015981735159818,0.652511415525114
v8,activity_context,CrossArms,2,0,0.8598355957775654,0.5189652026791792,45.13414354914927,0.6017872711421098,0.6222028480092997
v8,activity_context,CrossArms,2,1,0.8940883744302113,0.49955748580073506,45.02241036717611,0.607057057057057,0.6195195195195194
v8,activity_context,CrossArms,2,2,0.9070671471049911,0.5614489658007382,41.091211900100745,0.5953576864535769,0.6205479452054794
v8,activity_context,CrossArms,3,0,0.9173598560891495,0.5612536124353567,42.55417237586359,0.6206771287416449,0.6361522813135716
v8,activity_context,CrossArms,3,1,0.9136309270105287,0.518086917639331,41.52113233584488,0.5901627433885498,0.6259808195292066
v8,activity_context,CrossArms,3,2,0.9175937671552676,0.48434534359193565,41.81889912937213,0.6212328767123287,0.65220700152207
v8,activity_context,CrossArms,4,0,0.8992039760980264,0.4963996306713472,43.4456561355698,0.6234379540831154,0.6521360069747165
v8,activity_context,CrossArms,4,1,0.9156440174127392,0.5397818953721818,41.94889440464782,0.5622638767800058,0.6094158674803837
v8,activity_context,CrossArms,4,2,0.8683095854820906,0.5382444034277422,43.93039339835726,0.6292998477929984,0.6748858447488585
v8,activity_context,DrinkGlas,0,0,0.8794197411179254,0.46321807524997716,45.22664295662137,0.5337837837837838,0.5507120023249056
v8,activity_context,DrinkGlas,0,1,0.8647986691097488,0.41269635839591023,48.50919524089999,0.5271689497716895,0.5401826484018265
v8,activity_context,DrinkGlas,0,2,0.8916046369348697,0.4697535595757919,45.0279809280752,0.5780192095732956,0.6389544953550623
v8,activity_context,DrinkGlas,1,0,0.8699671212918025,0.464526429797981,45.76955227953806,0.5624091833769254,0.5823888404533566
v8,activity_context,DrinkGlas,1,1,0.8566232084351844,0.39851010554076133,47.28211908351535,0.5519519519519519,0.6145645645645645
v8,activity_context,DrinkGlas,1,2,0.9086458126104537,0.44402932033833736,44.74417131373153,0.5910958904109589,0.6310502283105023
v8,activity_context,DrinkGlas,2,0,0.8744428507077037,0.3738654666911725,49.11509884071817,0.5951758209822726,0.6091252542865445
v8,activity_context,DrinkGlas,2,1,0.839262698388659,0.42638397205459566,48.40466183599264,0.5843843843843844,0.6340840840840841
v8,activity_context,DrinkGlas,2,2,0.8768384153038478,0.4072207967491513,47.011105528640165,0.5499999999999999,0.5487062404870624
v8,activity_context,DrinkGlas,3,0,0.7422641774326567,0.3922168155914896,55.06740216997326,0.5995350188898576,0.6297587910491136
v8,activity_context,DrinkGlas,3,1,0.8751415410141762,0.3827610141192291,47.59831859595025,0.5754141238012206,0.583115373437954
v8,activity_context,DrinkGlas,3,2,0.8618258905057213,0.42111752803391717,46.07878870721114,0.576103500761035,0.6243531202435313
v8,activity_context,DrinkGlas,4,0,0.9023138712403022,0.408573788371909,45.683271638598924,0.6400755594303983,0.6759662888695145
v8,activity_context,DrinkGlas,4,1,0.9041797766165859,0.44512952206094086,44.48639836052567,0.5820255739610579,0.5874745713455392
v8,activity_context,DrinkGlas,4,2,0.85862953126203,0.37797357518770197,49.15384959769017,0.6106544901065449,0.630441400304414
v8,activity_context,Entrainment,0,0,0.8218134109459476,0.4206769933974296,49.16690265194546,0.510752688172043,0.5510026155187445
v8,activity_context,Entrainment,0,1,0.7597891121870076,0.3559526582223338,51.86009146402349,0.5745053272450532,0.6028919330289193
v8,activity_context,Entrainment,0,2,0.7928758375955693,0.353526812622439,50.608957385749896,0.5175562903479767,0.5088962368131003
v8,activity_context,Entrainment,1,0,0.8081390691442936,0.371312261571338,49.72830579396388,0.5600116245277537,0.6060738157512351
v8,activity_context,Entrainment,1,1,0.7570093391496392,0.4542171426518478,49.9206475831501,0.5815315315315316,0.5776276276276276
v8,activity_context,Entrainment,1,2,0.765273709554379,0.4178585175533226,49.853681859241696,0.5023592085235921,0.5322678843226788
v8,activity_context,Entrainment,2,0,0.8059494153015395,0.31031470036741127,52.05979997688576,0.5187445510026155,0.5446091252542865
v8,activity_context,Entrainment,2,1,0.7777578411764129,0.3700994858535975,52.050923907662224,0.5545045045045044,0.5593093093093092
v8,activity_context,Entrainment,2,2,0.8095844307822421,0.40550780685972476,49.459882500714606,0.5579147640791476,0.5459665144596652
v8,activity_context,Entrainment,3,0,0.7064027840098517,0.3819964948063923,54.370052405827266,0.5421389131066551,0.5387968613775065
v8,activity_context,Entrainment,3,1,0.8253998439716651,0.38139203686711826,48.28250516140486,0.5747602441150829,0.5810810810810811
v8,activity_context,Entrainment,3,2,0.8241411058052655,0.40411765779503156,47.32946338233583,0.5114155251141552,0.5464231354642314
v8,activity_context,Entrainment,4,0,0.8179722735606832,0.47879701670612895,46.309411734241536,0.5273902935193258,0.5271723336239464
v8,activity_context,Entrainment,4,1,0.7489323988376151,0.43940006374902957,50.84356787883636,0.482853821563499,0.49723917465852957
v8,activity_context,Entrainment,4,2,0.8224870498954414,0.36290885237330694,49.27318122049204,0.598021308980213,0.6165905631659058
v8,activity_context,HoldWeight,0,0,0.9081868107790133,0.43117551390722675,42.45280341389575,0.5499128160418483,0.567422260970648
v8,activity_context,HoldWeight,0,1,0.9260125538494398,0.5039065915338872,40.42124240678248,0.5953576864535769,0.6012176560121766
v8,activity_context,HoldWeight,0,2,0.9223592426115127,0.42273288263710623,42.057231873897784,0.605652653125492,0.6121870571563534
v8,activity_context,HoldWeight,1,0,0.9043871100655243,0.49417569286767976,41.86969772077329,0.5266637605347283,0.5212147631502471
v8,activity_context,HoldWeight,1,1,0.8721215015264505,0.4356313970566313,45.48873068610059,0.5767267267267268,0.5887387387387387
v8,activity_context,HoldWeight,1,2,0.9311227208973417,0.5125466855142319,39.54596458413978,0.552283105022831,0.5753424657534246
v8,activity_context,HoldWeight,2,0,0.9048382578344183,0.4898631929880479,42.63287375353961,0.5443911653589073,0.5485324033711131
v8,activity_context,HoldWeight,2,1,0.8818564480017115,0.3764127062831868,46.383942686510295,0.6036036036036035,0.6645645645645646
v8,activity_context,HoldWeight,2,2,0.9150979669744095,0.503497526448942,41.87482055102907,0.5832572298325723,0.6044140030441401
v8,activity_context,HoldWeight,3,0,0.8893454353152188,0.4312045312262948,45.19785146403952,0.5825341470502762,0.6133391455972101
v8,activity_context,HoldWeight,3,1,0.9379584086836614,0.46684027940346645,40.06428376107466,0.5530369078756175,0.6015693112467306
v8,activity_context,HoldWeight,3,2,0.9214241756864043,0.42493184776072435,42.06968379978027,0.5708523592085236,0.5622526636225267
v8,activity_context,HoldWeight,4,0,0.9164669659490416,0.4724348180937605,40.838161725599505,0.5722900319674513,0.6287416448706772
v8,activity_context,HoldWeight,4,1,0.9253062617377508,0.5048718921014582,40.98109517819613,0.562772449869224,0.6021505376344086
v8,activity_context,HoldWeight,4,2,0.8539583008431134,0.4349159993290549,47.35431636611172,0.5691780821917808,0.6106544901065449
v8,activity_context,LiftHold,0,0,0.8641659532898829,0.4902821708722525,45.884049838038315,0.5251380412670735,0.568294100552165
v8,activity_context,LiftHold,0,1,0.8758720658083053,0.4911320494540745,45.37577015937968,0.5866057838660579,0.6240487062404871
v8,activity_context,LiftHold,0,2,0.8252438372353156,0.5169550381398936,45.900180533602814,0.6042355534561487,0.6112423240434577
v8,activity_context,LiftHold,1,0,0.7305529953546421,0.5315814198332875,52.36160013243153,0.6090526009880849,0.6437082243533857
v8,activity_context,LiftHold,1,1,0.7996440180214237,0.4639562073881752,49.49418846702788,0.5145645645645646,0.5342342342342343
v8,activity_context,LiftHold,1,2,0.8645612428748332,0.4932627254741181,45.142301066763615,0.58455098934551,0.5899543378995434
v8,activity_context,LiftHold,2,0,0.864504641626233,0.3972749775049292,48.84690328513945,0.5587765184539378,0.6056378959604766
v8,activity_context,LiftHold,2,1,0.8409259822008992,0.38680781643262596,48.38700584577682,0.6884384384384384,0.6986486486486486
v8,activity_context,LiftHold,2,2,0.8280166771352682,0.4757468082602789,48.434842436326726,0.5688736681887366,0.6179604261796042
v8,activity_context,LiftHold,3,0,0.7950469812572756,0.39196922160445363,50.69444671715728,0.535164196454519,0.5521650682941006
v8,activity_context,LiftHold,3,1,0.8711387273604055,0.537692123855968,44.15544317673104,0.5268817204301075,0.560738157512351
v8,activity_context,LiftHold,3,2,0.8349997913026732,0.4228526543250735,48.744128734755456,0.5836377473363775,0.6124809741248097
v8,activity_context,LiftHold,4,0,0.8299984798036294,0.43710679877348746,47.335995566007625,0.5367625690206336,0.567131647776809
v8,activity_context,LiftHold,4,1,0.8247708686451253,0.3990773048981541,50.02128618476734,0.5587765184539378,0.554635280441732
v8,activity_context,LiftHold,4,2,0.8194384639265225,0.42950312562362025,47.645781686159914,0.5722222222222221,0.5850837138508371
v8,activity_context,PointFinger,0,0,0.6400908294495747,0.42155022763341565,54.59230602481008,0.5736704446381866,0.6168265039232781
v8,activity_context,PointFinger,0,1,0.6598070556014008,0.45419500021439485,55.286816468621474,0.541476407914764,0.6047184170471842
v8,activity_context,PointFinger,0,2,0.6886874429470534,0.4002065241179996,54.507631142318345,0.5803023145961266,0.5813257754684301
v8,activity_context,PointFinger,1,0,0.4835674335441426,0.47541043942916245,58.094457784012036,0.5385062481836674,0.5613193839000291
v8,activity_context,PointFinger,1,1,0.6037749212702042,0.43995905567295346,57.4613857073069,0.5623123123123124,0.6145645645645645
v8,activity_context,PointFinger,1,2,0.6581115253001402,0.5023743207222033,53.018198459265285,0.5754185692541857,0.5858447488584474
v8,activity_context,PointFinger,2,0,0.6763872531075186,0.3900417718829843,51.96522781512878,0.544754431851206,0.5698924731182795
v8,activity_context,PointFinger,2,1,0.5639333783244096,0.4667138270184442,57.61683707032235,0.5858858858858859,0.6258258258258258
v8,activity_context,PointFinger,2,2,0.6561978187593986,0.38074923012562545,52.702194039510566,0.5627853881278538,0.5418569254185693
v8,activity_context,PointFinger,3,0,0.5365933956877602,0.47107085041592467,58.08853875942218,0.6040395233943622,0.6220575414123801
v8,activity_context,PointFinger,3,1,0.72964920153664,0.5563059844302423,47.40885517524235,0.5573961057832025,0.5722173786689916
v8,activity_context,PointFinger,3,2,0.6320546169958887,0.4634400769826626,54.664052690951436,0.5862252663622526,0.5873668188736683
v8,activity_context,PointFinger,4,0,0.614806781790811,0.395997757698266,56.21597157463713,0.6025138041267074,0.5975007265329846
v8,activity_context,PointFinger,4,1,0.6583901206376434,0.46673504865219295,54.06740831949354,0.5613920371984887,0.5941586748038361
v8,activity_context,PointFinger,4,2,0.5349012187042774,0.2908721013837852,60.05986504009632,0.5186453576864536,0.5614916286149163
v8,activity_context,Relaxed,0,0,0.26645514178863383,0.41035843082774504,64.94683133382787,0.5780296425457715,0.5956117407730311
v8,activity_context,Relaxed,0,1,0.4448974764234715,0.4064498781732289,60.843471029849994,0.5408675799086757,0.5124809741248098
v8,activity_context,Relaxed,0,2,0.6650043015132955,0.38931947448015364,55.15434343683406,0.5494410329082035,0.5561328924578807
v8,activity_context,Relaxed,1,0,0.5439935473884842,0.36121855113796286,61.54260572363279,0.5034873583260681,0.52324905550712
v8,activity_context,Relaxed,1,1,0.6070101869549612,0.3427608504878899,58.97194429974874,0.5154654654654655,0.533033033033033
v8,activity_context,Relaxed,1,2,0.6871613294300337,0.4931496395588935,52.43847662682691,0.541095890410959,0.5272450532724505
v8,activity_context,Relaxed,2,0,0.5312886801604678,0.4091894437549117,56.80472044055236,0.5183812845103167,0.530514385353095
v8,activity_context,Relaxed,2,1,0.5023945798899008,0.38533039779700917,63.03010897383761,0.5022522522522522,0.49729729729729727
v8,activity_context,Relaxed,2,2,0.63270129426108,0.35490791788217796,56.26010839515258,0.5320395738203957,0.5074581430745814
v8,activity_context,Relaxed,3,0,0.6693451114457373,0.4590445894477658,55.32816390781723,0.5860215053763441,0.6024411508282476
v8,activity_context,Relaxed,3,1,0.6772083322133051,0.48757623885033397,53.407653383213486,0.5221592560302238,0.527608253414705
v8,activity_context,Relaxed,3,2,0.6629963793333841,0.40989009096164886,54.53835050616784,0.5587519025875191,0.5951293759512938
v8,activity_context,Relaxed,4,0,0.5867760426296934,0.4197932316829971,56.167675064348906,0.5317494914269107,0.5292066259808196
v8,activity_context,Relaxed,4,1,0.6219536359316353,0.4427932724658237,55.87085077927435,0.49585876198779416,0.4911362975879105
v8,activity_context,Relaxed,4,2,0.5470549436914782,0.3323155044123794,61.1644209037939,0.5293759512937595,0.5345509893455099
v8,activity_context,RelaxedTask,0,0,0.4326840938770533,0.4659857623829852,61.03912368314013,0.541267073525138,0.5815170008718397
v8,activity_context,RelaxedTask,0,1,0.4257616130194895,0.47210658731317795,56.60320727725385,0.5689497716894977,0.5570776255707762
v8,activity_context,RelaxedTask,0,2,0.5338985897700999,0.39422713750648153,60.822581874748344,0.5092898756101402,0.5477877499606361
v8,activity_context,RelaxedTask,1,0,0.5717702224727398,0.4518743990506638,59.52844883515625,0.556378959604766,0.5565242662016855
v8,activity_context,RelaxedTask,1,1,0.6029190355972261,0.4968635726617584,57.601586867805636,0.5692192192192193,0.571021021021021
v8,activity_context,RelaxedTask,1,2,0.5813333564620032,0.4896154575337458,55.70234162039746,0.5735159817351598,0.5968036529680365
v8,activity_context,RelaxedTask,2,0,0.4757077324772545,0.41340664684860956,60.53801825022395,0.495350188898576,0.519180470793374
v8,activity_context,RelaxedTask,2,1,0.49210548572036206,0.468121522811622,62.67299641019643,0.5435435435435435,0.509009009009009
v8,activity_context,RelaxedTask,2,2,0.4777269754637213,0.4046866013215444,59.04241398041859,0.565068493150685,0.5958904109589042
v8,activity_context,RelaxedTask,3,0,0.6251327261191426,0.36918037879729815,57.497434083717565,0.5464981110142401,0.577884335948852
v8,activity_context,RelaxedTask,3,1,0.6160595435925865,0.5019440464371635,55.17684951513425,0.5417756466143563,0.5922696890438827
v8,activity_context,RelaxedTask,3,2,0.5708507867322333,0.38345061932924424,58.87396062022497,0.5136986301369862,0.5100456621004565
v8,activity_context,RelaxedTask,4,0,0.6160442103857905,0.4174647219853682,58.32310766800312,0.5083551293228712,0.5274629468177855
v8,activity_context,RelaxedTask,4,1,0.48920951690623354,0.46695235849226513,58.33762234161695,0.4792211566405114,0.49302528334786394
v8,activity_context,RelaxedTask,4,2,0.6004321507483985,0.4784190481178122,55.75432508851379,0.5420852359208523,0.549923896499239
v8,activity_context,StretchHold,0,0,0.8891610446232894,0.3849246766804548,45.430107971434765,0.485759953501889,0.476169718105202
v8,activity_context,StretchHold,0,1,0.8827269927682072,0.3480393131315632,46.8623402749936,0.5528919330289194,0.5694063926940639
v8,activity_context,StretchHold,0,2,0.8825390419804144,0.4589367748695299,42.08519877541415,0.5609352857817667,0.5487324830735317
v8,activity_context,StretchHold,1,0,0.8599999102362955,0.4273519798546005,45.43554332845451,0.5324033711130486,0.5834059866317931
v8,activity_context,StretchHold,1,1,0.817773407479432,0.473986145535025,45.618396213565674,0.554954954954955,0.5663663663663664
v8,activity_context,StretchHold,1,2,0.8807030239526118,0.4482146525498777,43.72896126523675,0.5549467275494672,0.59117199391172
v8,activity_context,StretchHold,2,0,0.896355393018059,0.5029358923698294,41.28654861596609,0.5646614356291776,0.557832025573961
v8,activity_context,StretchHold,2,1,0.8748241151037464,0.3760423586399258,45.23417107964152,0.5244744744744745,0.5096096096096095
v8,activity_context,StretchHold,2,2,0.8922062792251841,0.43837795770274884,43.18746143304931,0.5627092846270928,0.5540334855403349
v8,activity_context,StretchHold,3,0,0.7364239532222356,0.427754238024296,51.45037976644377,0.5636442894507411,0.567131647776809
v8,activity_context,StretchHold,3,1,0.8642519191015394,0.3285393858446807,48.12837581167193,0.5452630049404242,0.5303690787561756
v8,activity_context,StretchHold,3,2,0.886020181580998,0.3914755896795598,44.3553192279367,0.5196347031963471,0.5257229832572298
v8,activity_context,StretchHold,4,0,0.8927829094701849,0.4782490774881488,41.32260244640844,0.501743679163034,0.49956408020924153
v8,activity_context,StretchHold,4,1,0.8935968349253047,0.41729672203127016,45.63756409589466,0.5,0.48968323161871546
v8,activity_context,StretchHold,4,2,0.8612547826859667,0.4146518340631407,46.591623214620526,0.5127092846270928,0.5345509893455099
v8,activity_context,TouchIndex,0,0,0.8140182831522786,0.4125315101875546,48.617732393656034,0.5183812845103167,0.543882592269689
v8,activity_context,TouchIndex,0,1,0.794372185382692,0.43548427719059246,48.70479806635434,0.5522831050228311,0.547640791476408
v8,activity_context,TouchIndex,0,2,0.800272254750575,0.4696475504554763,46.96942907188462,0.5780192095732956,0.5251141552511415
v8,activity_context,TouchIndex,1,0,0.6785258046718251,0.5483692866928016,51.65361222015363,0.5492589363557107,0.5594303981400756
v8,activity_context,TouchIndex,1,1,0.7759459870821757,0.4914057075245514,48.629309043182424,0.5809309309309308,0.6159159159159159
v8,activity_context,TouchIndex,1,2,0.8006902490301451,0.48936771672014695,47.18889477131155,0.5185692541856924,0.5439878234398783
v8,activity_context,TouchIndex,2,0,0.7616106837421547,0.5391923376868958,48.66604248096369,0.5601569311246731,0.6024411508282476
v8,activity_context,TouchIndex,2,1,0.8159439348189041,0.5613048352074489,44.775481279800715,0.5791291291291291,0.6156156156156155
v8,activity_context,TouchIndex,2,2,0.8126855512772276,0.4611426172845434,46.315615283844345,0.547716894977169,0.563165905631659
v8,activity_context,TouchIndex,3,0,0.6771255462801602,0.48609519557033387,55.11700353019856,0.569165940133682,0.5884917175239756
v8,activity_context,TouchIndex,3,1,0.8493402460334023,0.5558702874860205,43.82998850356116,0.48336239465271724,0.49128160418482986
v8,activity_context,TouchIndex,3,2,0.8011369920863155,0.40225039578134564,48.29128214561141,0.5813546423135465,0.5852359208523592
v8,activity_context,TouchIndex,4,0,0.7853121806208208,0.514505486629018,47.35479739209048,0.49048241790177277,0.4507410636442894
v8,activity_context,TouchIndex,4,1,0.7951741032490977,0.5816965679734862,45.10367683750978,0.5457715780296425,0.5727986050566695
v8,activity_context,TouchIndex,4,2,0.7528152480175103,0.4617465930261139,50.601819710988885,0.5604261796042618,0.6053272450532725
v8,activity_context,TouchNose,0,0,0.5466018248943895,0.5054393952135227,59.42400428454936,0.5170008718395814,0.5603022377215926
v8,activity_context,TouchNose,0,1,0.5869265708712168,0.47588073302132533,60.68239689373734,0.5460426179604262,0.5817351598173516
v8,activity_context,TouchNose,0,2,0.5806170377333322,0.4622649340782526,58.909641400485235,0.5699889781136829,0.6011651708392378
v8,activity_context,TouchNose,1,0,0.5688483748371296,0.45617085727691215,60.820588130730435,0.5395233943621041,0.591833769253124
v8,activity_context,TouchNose,1,1,0.5107758492582158,0.46789915963986095,60.05859886643907,0.5845345345345345,0.6204204204204204
v8,activity_context,TouchNose,1,2,0.5225559233522337,0.5155919928804527,59.07991178332647,0.576103500761035,0.5876712328767124
v8,activity_context,TouchNose,2,0,0.5853030844488988,0.4557141740926123,59.397462666468776,0.5811537343795409,0.579046788724208
v8,activity_context,TouchNose,2,1,0.5402847119273324,0.42092427411356487,62.536797860712944,0.568018018018018,0.5417417417417417
v8,activity_context,TouchNose,2,2,0.5844838827199005,0.45243214906952933,60.54789828634974,0.5222222222222223,0.5111111111111112
v8,activity_context,TouchNose,3,0,0.3535389884606718,0.34025370208612327,64.3842382865312,0.5889276373147341,0.6011333914559721
v8,activity_context,TouchNose,3,1,0.5657685756132425,0.4613495678903011,61.4969463309414,0.5834059866317931,0.6299040976460332
v8,activity_context,TouchNose,3,2,0.6093500541557839,0.47472913460112,60.02829794861344,0.5490106544901064,0.5438356164383562
v8,activity_context,TouchNose,4,0,0.478357991879748,0.47107531502451266,60.94840216084218,0.5721447253705317,0.6056378959604766
v8,activity_context,TouchNose,4,1,0.5375974485385276,0.41440388112193055,63.45171630787277,0.543010752688172,0.5441732054635281
v8,activity_context,TouchNose,4,2,0.4166713242059964,0.42061644324156716,61.99329317470471,0.5656773211567733,0.6171993911719938
str,activity_raw,CrossArms,0,0,0.9141135594970018,0.5492198692256715,44.046173978884326,0.5785382156349897,0.5582679453647196
str,activity_raw,CrossArms,0,1,0.8969434177249282,0.4002502243563941,46.75754059095352,0.5865296803652967,0.6165905631659057
str,activity_raw,CrossArms,0,2,0.9018527202183761,0.5415726491939614,43.2933824113189,0.5664462289403244,0.6000629822075264
str,activity_raw,CrossArms,1,0,0.9208598662449774,0.5611022884017239,42.211041183469334,0.5381429816913689,0.5591397849462365
str,activity_raw,CrossArms,1,1,0.8957200673073422,0.47359037633491274,44.50355966676242,0.5590090090090091,0.5717717717717719
str,activity_raw,CrossArms,1,2,0.8688510115445405,0.45206750857296385,48.65344642817286,0.5659817351598173,0.6249619482496195
str,activity_raw,CrossArms,2,0,0.8852065022344054,0.4607013685399805,46.3833236535353,0.5780296425457716,0.6307759372275501
str,activity_raw,CrossArms,2,1,0.903709944643933,0.5449343156001152,44.92998052102351,0.5936936936936937,0.6198198198198198
str,activity_raw,CrossArms,2,2,0.8999402011975012,0.4543135646902578,44.68343131667726,0.5875190258751902,0.587062404870624
str,activity_raw,CrossArms,3,0,0.923581471888952,0.5681520801938432,42.78324520611258,0.6206771287416448,0.6227840743969776
str,activity_raw,CrossArms,3,1,0.9092281677540589,0.5363311764529444,43.46963442951184,0.6144289450741064,0.6303400174367916
str,activity_raw,CrossArms,3,2,0.920721329876295,0.49073199331193673,41.98470044067407,0.623820395738204,0.6578386605783866
str,activity_raw,CrossArms,4,0,0.9149164966479381,0.48304404683570584,43.36853099215588,0.5875472246439989,0.6240918337692531
str,activity_raw,CrossArms,4,1,0.9250246422373299,0.5559916000916575,41.8196208827468,0.5972827666376053,0.6233653007846556
str,activity_raw,CrossArms,4,2,0.8598252048867552,0.5520050896598053,46.38401580543013,0.6241248097412481,0.6683409436834093
str,activity_raw,DrinkGlas,0,0,0.887266030496807,0.49293518634326977,44.030881492697624,0.5490409764603313,0.5701830863121186
str,activity_raw,DrinkGlas,0,1,0.8983315092245577,0.5152092074063561,43.248305195275805,0.5944444444444444,0.5831050228310503
str,activity_raw,DrinkGlas,0,2,0.9021311858542621,0.46117409400036347,44.642470379354386,0.5780192095732956,0.6079357581483231
str,activity_raw,DrinkGlas,1,0,0.8651503691706518,0.40002590205410077,46.92027997734905,0.536907875617553,0.5478058703865155
str,activity_raw,DrinkGlas,1,1,0.851800097860186,0.4305507250018839,49.41212744835537,0.5585585585585585,0.5834834834834836
str,activity_raw,DrinkGlas,1,2,0.9178889514856294,0.42350543098765636,43.714023057618455,0.6221461187214611,0.6012176560121766
str,activity_raw,DrinkGlas,2,0,0.8897830804554995,0.34215920134362277,47.76672883847523,0.5466434176111595,0.5905260098808486
str,activity_raw,DrinkGlas,2,1,0.8361390629829208,0.4528428476777915,48.119346044809745,0.5747747747747748,0.5819819819819819
str,activity_raw,DrinkGlas,2,2,0.8794607019358056,0.4302302769962917,45.338588816238875,0.5757990867579909,0.5757990867579909
str,activity_raw,DrinkGlas,3,0,0.7937632183965181,0.33372363192795146,51.57147635814108,0.5695292066259808,0.6431269979657076
str,activity_raw,DrinkGlas,3,1,0.8853091001958883,0.4766054968228522,44.97101770656934,0.5637895960476605,0.6145015983725661
str,activity_raw,DrinkGlas,3,2,0.8638846572383042,0.49537273366646994,44.56952529047122,0.5287671232876713,0.5675799086757991
str,activity_raw,DrinkGlas,4,0,0.9034505783629098,0.4709532355802494,42.88543415823836,0.6095611740773031,0.6463237430979366
str,activity_raw,DrinkGlas,4,1,0.8978428186597611,0.5180201174005192,42.494508848303056,0.5874019180470793,0.5879104911362975
str,activity_raw,DrinkGlas,4,2,0.8825044632202609,0.42709291772789326,45.880514595276296,0.5587519025875191,0.5471841704718418
str,activity_raw,Entrainment,0,0,0.795208528289389,0.40055575058658405,49.876314173134745,0.5263731473408894,0.551438535309503
str,activity_raw,Entrainment,0,1,0.733456504346476,0.38164660699602704,54.875393558439534,0.5232115677321157,0.5643835616438356
str,activity_raw,Entrainment,0,2,0.7753905403829982,0.2876019919482894,51.98911236863453,0.5437726342308298,0.5512517713745867
str,activity_raw,Entrainment,1,0,0.7944645454931919,0.38708050894390894,48.983023121848994,0.52324905550712,0.546207497820401
str,activity_raw,Entrainment,1,1,0.7398211746742684,0.3966149068010043,52.62542302111353,0.5591591591591591,0.5894894894894894
str,activity_raw,Entrainment,1,2,0.7607907685310153,0.44309169476142335,50.11554787074715,0.4664383561643835,0.465144596651446
str,activity_raw,Entrainment,2,0,0.7889730443392532,0.39629856566442,50.34196241644126,0.5731618715489682,0.6206044754431851
str,activity_raw,Entrainment,2,1,0.7246870414635825,0.4058249159739371,53.42489510229877,0.5453453453453453,0.5812312312312312
str,activity_raw,Entrainment,2,2,0.8061508571190547,0.3621217269245543,49.58819666300383,0.5395738203957382,0.5322678843226788
str,activity_raw,Entrainment,3,0,0.7334936716450626,0.3515155133113078,53.309457848432324,0.5743969776227841,0.6073815751235107
str,activity_raw,Entrainment,3,1,0.7906347665856953,0.33814179476910117,51.8033600967319,0.5372711421098518,0.542720139494333
str,activity_raw,Entrainment,3,2,0.7408310907342193,0.36895202268170807,53.658048433154015,0.5257990867579908,0.567123287671233
str,activity_raw,Entrainment,4,0,0.7673663177581462,0.43076224658561685,50.74648210266793,0.4968759081662307,0.4992734670154025
str,activity_raw,Entrainment,4,1,0.4935745871790783,0.35953328238032084,63.20670343014703,0.5573961057832025,0.588927637314734
str,activity_raw,Entrainment,4,2,0.7334268347796457,0.4042935826619652,52.66474994234301,0.5754946727549467,0.5861491628614917
str,activity_raw,HoldWeight,0,0,0.9012696740340109,0.46561221908106354,42.060030132718595,0.5561609997093868,0.5541993606509735
str,activity_raw,HoldWeight,0,1,0.9117368709080503,0.4771185607732895,43.55885053575714,0.5891933028919331,0.6121765601217656
str,activity_raw,HoldWeight,0,2,0.9183450486075838,0.5001920944221245,41.44711194013084,0.5677058730908519,0.5920327507479138
str,activity_raw,HoldWeight,1,0,0.9050295376470073,0.4702083988972013,42.09204700948557,0.5715634989828539,0.55521650682941
str,activity_raw,HoldWeight,1,1,0.8622408521949054,0.4870971249955233,45.39503523651661,0.5498498498498499,0.572972972972973
str,activity_raw,HoldWeight,1,2,0.937231622969473,0.5193967188814979,38.6904731359843,0.5417808219178082,0.5882800608828006
str,activity_raw,HoldWeight,2,0,0.9103011829333345,0.45685818839723474,42.572520690415175,0.5469340308049985,0.528480092996222
str,activity_raw,HoldWeight,2,1,0.8882645443480788,0.4505817523955112,45.471915162709145,0.6530030030030031,0.6675675675675676
str,activity_raw,HoldWeight,2,2,0.9267973532866991,0.5104162972231252,40.23908990333443,0.5578386605783866,0.6083713850837139
str,activity_raw,HoldWeight,3,0,0.8801032458450708,0.42807035836252777,46.286306939490686,0.5995350188898576,0.614501598372566
str,activity_raw,HoldWeight,3,1,0.9304568771369184,0.47567542968501864,40.32359200038141,0.536036036036036,0.5838419064225516
str,activity_raw,HoldWeight,3,2,0.8996558810227504,0.4852116537749557,43.233511536884,0.5535768645357687,0.5960426179604261
str,activity_raw,HoldWeight,4,0,0.9181009740292145,0.48864017449898833,41.47577163536003,0.5490409764603313,0.574106364428945
str,activity_raw,HoldWeight,4,1,0.9285301639443337,0.4872454320775316,41.95905938539319,0.5959023539668701,0.6312118570183086
str,activity_raw,HoldWeight,4,2,0.8287522890131586,0.4495004882800441,50.30453189844028,0.61103500761035,0.6167427701674277
str,activity_raw,LiftHold,0,0,0.8836965739141623,0.4715755313251749,44.83088824732484,0.5762859633827376,0.6181342632955537
str,activity_raw,LiftHold,0,1,0.8716455909520991,0.4648931360172385,46.55010200465153,0.5754946727549467,0.5777777777777778
str,activity_raw,LiftHold,0,2,0.8376084046501142,0.4412911644914503,48.75237814507294,0.6147850732168162,0.6354904739411117
str,activity_raw,LiftHold,1,0,0.7590280761150544,0.5640068455863678,50.116737956306224,0.5624091833769252,0.6015693112467305
str,activity_raw,LiftHold,1,1,0.835175170979476,0.6009529956514387,44.345556405747324,0.5157657657657656,0.5442942942942942
str,activity_raw,LiftHold,1,2,0.8703681869738256,0.4978999173039335,44.78355178108467,0.5636986301369863,0.6162861491628616
str,activity_raw,LiftHold,2,0,0.8839216342501511,0.43533814297995804,46.18772875444846,0.5704010462074979,0.6410927056088346
str,activity_raw,LiftHold,2,1,0.872196844365382,0.5099018604859727,44.431683400297416,0.6504504504504505,0.7247747747747747
str,activity_raw,LiftHold,2,2,0.8888587530415626,0.5352117211666118,42.59820498080871,0.6315829528158295,0.6777777777777777
str,activity_raw,LiftHold,3,0,0.8372489835455783,0.45650078579735115,47.68201861420818,0.5301511188607962,0.5448997384481256
str,activity_raw,LiftHold,3,1,0.8694247055357788,0.511933044074639,45.089940248026565,0.5440278988666086,0.5870386515547806
str,activity_raw,LiftHold,3,2,0.8367588894264576,0.473175250135012,48.12908013131774,0.613013698630137,0.6226788432267885
str,activity_raw,LiftHold,4,0,0.8669639166989993,0.4555562074416152,45.37053445501331,0.571781458878233,0.5839872130194711
str,activity_raw,LiftHold,4,1,0.8547319520496818,0.4654529590664816,48.129764850570446,0.5592850915431561,0.5710549258936356
str,activity_raw,LiftHold,4,2,0.8277705810551497,0.45837601992684474,48.33979395104897,0.5796803652968036,0.5954337899543379
str,activity_raw,PointFinger,0,0,0.5078800373189398,0.4684177444935643,55.537867498076764,0.5704010462074978,0.5850043591979076
str,activity_raw,PointFinger,0,1,0.5579697267586288,0.3827888866389145,58.44946446963139,0.5434550989345509,0.5736681887366818
str,activity_raw,PointFinger,0,2,0.5180873182545542,0.4471679342443268,60.67162834162518,0.5987246102975909,0.6126594237128011
str,activity_raw,PointFinger,1,0,0.3002388511675283,0.41110032381456385,63.37216488236157,0.5233943621040394,0.5100261551874455
str,activity_raw,PointFinger,1,1,0.5049281248417515,0.4511710001081696,62.284742310547166,0.5421921921921923,0.5758258258258259
str,activity_raw,PointFinger,1,2,0.5710585695128261,0.5276023260702042,52.830394501390614,0.526103500761035,0.5686453576864535
str,activity_raw,PointFinger,2,0,0.5792281984591691,0.5012755369714993,53.024330834018215,0.5655332752106945,0.588927637314734
str,activity_raw,PointFinger,2,1,0.3275122701592612,0.3985580822634381,63.53856728623153,0.5522522522522523,0.6001501501501502
str,activity_raw,PointFinger,2,2,0.5832928125815194,0.4219305395223354,55.12613482269899,0.5813546423135464,0.5797564687975647
str,activity_raw,PointFinger,3,0,0.19593151035661038,0.4247883176385369,61.50213000144426,0.6113048532403371,0.6426910781749492
str,activity_raw,PointFinger,3,1,0.6048315353696222,0.5159486232029552,53.46315308103617,0.5452630049404242,0.568294100552165
str,activity_raw,PointFinger,3,2,0.40968011291862827,0.4163895953490792,64.48228060663136,0.5349315068493151,0.5593607305936074
str,activity_raw,PointFinger,4,0,0.4710255094941023,0.3635907242353973,61.10822360261244,0.5641528625399593,0.5957570473699505
str,activity_raw,PointFinger,4,1,0.49350211330105054,0.4731696639082853,58.73922263770425,0.5577593722755013,0.574687590816623
str,activity_raw,PointFinger,4,2,0.28719154934561686,0.305168048395769,64.54285519040599,0.5130898021308979,0.5584474885844749
str,activity_raw,Relaxed,0,0,0.26087352659602303,0.39791053792698633,67.59517557281632,0.5506393490264458,0.5417029933158964
str,activity_raw,Relaxed,0,1,0.5099845197299738,0.33041218568635367,59.93250174643948,0.5060121765601218,0.5035007610350076
str,activity_raw,Relaxed,0,2,0.6534080661022115,0.40702599620698054,55.4811974871954,0.5528263265627461,0.5277908990710124
str,activity_raw,Relaxed,1,0,0.4758382274343034,0.2518736350815144,65.26000082994436,0.5478785236849752,0.5438825922696889
str,activity_raw,Relaxed,1,1,0.6173487193041284,0.33285159320380453,57.466814180168015,0.5421921921921922,0.5572072072072073
str,activity_raw,Relaxed,1,2,0.6313428217888349,0.42305907542114407,55.23127006512744,0.5466514459665144,0.5694063926940639
str,activity_raw,Relaxed,2,0,0.5486277285772048,0.3680246474053219,60.55532003115282,0.509009009009009,0.5338564370822435
str,activity_raw,Relaxed,2,1,0.46997996131820746,0.44358604381817607,60.92298036214239,0.5055555555555555,0.5105105105105106
str,activity_raw,Relaxed,2,2,0.6027510158035172,0.41549702306878655,56.6075015807585,0.5375190258751902,0.5452054794520548
str,activity_raw,Relaxed,3,0,0.6718549213082748,0.37476091362035063,57.42890409677756,0.525864574251671,0.553182214472537
str,activity_raw,Relaxed,3,1,0.6213142415995888,0.5060086243812614,54.23759627968228,0.5207788433594885,0.508137169427492
str,activity_raw,Relaxed,3,2,0.6832651832006357,0.40798536940809577,54.577011829810026,0.4859208523592085,0.4878234398782344
str,activity_raw,Relaxed,4,0,0.6111974818007287,0.34448392496706454,58.05875766900082,0.5345103167683812,0.52324905550712
str,activity_raw,Relaxed,4,1,0.5306278341152798,0.3981367873064282,60.31853439216307,0.494478349317059,0.5148212728857889
str,activity_raw,Relaxed,4,2,0.5416035661043509,0.390782146268216,59.827059328467925,0.5330289193302892,0.5208523592085236
str,activity_raw,RelaxedTask,0,0,0.30657466937196015,0.3701467449399996,63.51255785227421,0.5932868352223192,0.5943039814007556
str,activity_raw,RelaxedTask,0,1,0.4718187758589452,0.4413239060114751,56.895584332099176,0.5421613394216135,0.5727549467275496
str,activity_raw,RelaxedTask,0,2,0.5470407636205331,0.4292107418717111,59.372778297978314,0.5310974649661471,0.5235396000629823
str,activity_raw,RelaxedTask,1,0,0.509186272478429,0.40655969730102004,61.31089170327418,0.497965707643127,0.49346120313862246
str,activity_raw,RelaxedTask,1,1,0.6132905507537295,0.45412324438270685,56.50277654638469,0.5423423423423424,0.5633633633633633
str,activity_raw,RelaxedTask,1,2,0.5711574396507336,0.4458280861746272,60.51589720485979,0.5290715372907154,0.5404870624048707
str,activity_raw,RelaxedTask,2,0,0.4533474291480248,0.4250294083936537,60.024926526188004,0.5558703865155478,0.550857308921825
str,activity_raw,RelaxedTask,2,1,0.48212353515923245,0.4523733970738959,60.224643812977696,0.5157657657657657,0.5043543543543544
str,activity_raw,RelaxedTask,2,2,0.4859628606106015,0.3932044955434495,61.3546555579523,0.6248097412480974,0.6480974124809742
str,activity_raw,RelaxedTask,3,0,0.6343221471345913,0.4671022166528136,57.23478084769638,0.5419936065097355,0.554344667247893
str,activity_raw,RelaxedTask,3,1,0.5369630104983335,0.41662959395969307,59.39014034564026,0.5277535600116245,0.55231037489102
str,activity_raw,RelaxedTask,3,2,0.6084462242115825,0.45474674412319593,58.69621840501329,0.4748097412480974,0.5324200913242009
str,activity_raw,RelaxedTask,4,0,0.6128979086231537,0.4119615807976298,58.00406089531965,0.5268817204301075,0.539523394362104
str,activity_raw,RelaxedTask,4,1,0.39028040826313815,0.34807793671796283,65.22846295524903,0.49411508282476024,0.5084277826213309
str,activity_raw,RelaxedTask,4,2,0.5580909505825681,0.4250732075290928,59.95334354581229,0.5493150684931507,0.5549467275494672
str,activity_raw,StretchHold,0,0,0.8850933514182686,0.3643333433329846,44.18271481059902,0.5230310956117408,0.4732635861668119
str,activity_raw,StretchHold,0,1,0.877258874901746,0.34494181073493885,46.7808823235726,0.5235159817351597,0.5590563165905632
str,activity_raw,StretchHold,0,2,0.8753588936538634,0.418190289617942,44.25082449386465,0.5850259801606046,0.5780192095732956
str,activity_raw,StretchHold,1,0,0.8583012269355996,0.3393914766390792,46.378434081360446,0.529642545771578,0.5624818366753851
str,activity_raw,StretchHold,1,1,0.7999396010064324,0.43220863600419657,48.61584473102459,0.5893393393393394,0.5992492492492493
str,activity_raw,StretchHold,1,2,0.8922351294712024,0.46955771761489795,42.48782326545916,0.5585235920852359,0.58675799086758
str,activity_raw,StretchHold,2,0,0.8901749789256697,0.4910633193753116,42.308152175933,0.5390148212728858,0.5408311537343795
str,activity_raw,StretchHold,2,1,0.8743340145843758,0.4013044596403802,46.201500327737996,0.5268768768768769,0.5268768768768769
str,activity_raw,StretchHold,2,2,0.9054650250184221,0.4139829000220818,42.88070361057815,0.5548706240487062,0.541095890410959
str,activity_raw,StretchHold,3,0,0.6922066132442243,0.43067190008656475,55.27122132375426,0.5636442894507411,0.6034582970066842
str,activity_raw,StretchHold,3,1,0.8606322694519484,0.3471684918022337,46.73459996096936,0.5759226968904388,0.534292356873002
str,activity_raw,StretchHold,3,2,0.8766734278780527,0.3690178067425813,45.69995110190176,0.5434550989345509,0.5449010654490106
str,activity_raw,StretchHold,4,0,0.8830559542985505,0.40793101110909563,44.25615422337171,0.5350188898575995,0.529642545771578
str,activity_raw,StretchHold,4,1,0.9003685091842626,0.4250764709272741,44.99090861141819,0.48423423423423423,0.486050566695728
str,activity_raw,StretchHold,4,2,0.8416150261709836,0.42434889097812284,48.30732869661521,0.5365296803652968,0.5318112633181127
str,activity_raw,TouchIndex,0,0,0.8040559148868034,0.5045225231895207,46.32591111469865,0.48750363266492297,0.49883754722464396
str,activity_raw,TouchIndex,0,1,0.7503384925350106,0.4266651617442062,51.097384255951496,0.5774733637747337,0.5744292237442923
str,activity_raw,TouchIndex,0,2,0.7999014481710593,0.5316961026680135,45.27491804449297,0.5436151787120139,0.5580223586836719
str,activity_raw,TouchIndex,1,0,0.6018338295709129,0.4936591016412975,56.530968668767215,0.5525283347863993,0.5480964835803545
str,activity_raw,TouchIndex,1,1,0.7075372821439156,0.5078141141607206,50.39120153490644,0.5836336336336335,0.6360360360360361
str,activity_raw,TouchIndex,1,2,0.7699245473075668,0.4582994491474366,48.08772148568429,0.5614155251141554,0.5599695585996955
str,activity_raw,TouchIndex,2,0,0.7444353849992725,0.5025804276032838,49.403544716772764,0.6134117988956699,0.6320836965998256
str,activity_raw,TouchIndex,2,1,0.748187602175091,0.4817837430156827,49.38488693870667,0.5768768768768769,0.5884384384384383
str,activity_raw,TouchIndex,2,2,0.7951231418368421,0.4526013200866312,46.46464818182679,0.5859208523592085,0.5707762557077626
str,activity_raw,TouchIndex,3,0,0.49409392165377986,0.4364454119923379,60.65003277551853,0.5251380412670735,0.5306596919500145
str,activity_raw,TouchIndex,3,1,0.8139479899538422,0.5546570806305096,44.06584641600897,0.4878668991572217,0.513949433304272
str,activity_raw,TouchIndex,3,2,0.6490594540301191,0.3462303645229093,55.88466793625782,0.5451293759512937,0.5581430745814308
str,activity_raw,TouchIndex,4,0,0.770375132267238,0.44570653271106914,49.516339388820676,0.484597500726533,0.49491426910781744
str,activity_raw,TouchIndex,4,1,0.7734564985895995,0.5744303143505431,46.61340377038495,0.5327666376053473,0.5379250217959896
str,activity_raw,TouchIndex,4,2,0.7150038204450568,0.46285993841928913,52.33370072023668,0.567579908675799,0.5789954337899544
str,activity_raw,TouchNose,0,0,0.40490901201521057,0.42759413430394444,61.761425868013944,0.5972827666376054,0.6172624237140366
str,activity_raw,TouchNose,0,1,0.6379074882467801,0.5476140857660773,54.09898907354963,0.5454337899543379,0.5614916286149163
str,activity_raw,TouchNose,0,2,0.5983701773913326,0.44236155476785505,59.856712886584255,0.5653440403086128,0.5679420563690757
str,activity_raw,TouchNose,1,0,0.6027242899680865,0.4656938775363339,54.67270245675164,0.5435193257773904,0.5990990990990991
str,activity_raw,TouchNose,1,1,0.4974836561220483,0.5621467738789484,62.34965743839892,0.5564564564564565,0.6363363363363364
str,activity_raw,TouchNose,1,2,0.18058771208818025,0.5690198372085359,57.27639187160803,0.584931506849315,0.6394216133942161
str,activity_raw,TouchNose,2,0,0.5975136458626089,0.4284679840149347,58.27445816808945,0.5251380412670735,0.555797733217088
str,activity_raw,TouchNose,2,1,0.470737763823134,0.444790130549245,62.73538997261994,0.5677177177177178,0.5567567567567567
str,activity_raw,TouchNose,2,2,0.6000829706430653,0.5019900664346848,58.688186159111716,0.5388888888888889,0.5471841704718416
str,activity_raw,TouchNose,3,0,0.5109731908652805,0.50239279399405,53.624676094884094,0.5297878523684975,0.5823888404533566
str,activity_raw,TouchNose,3,1,0.610662081753963,0.4746624666357113,56.37536822391175,0.562772449869224,0.6262714327230455
str,activity_raw,TouchNose,3,2,0.5918425718951161,0.48910959118909536,58.898745286726864,0.5140791476407914,0.5007610350076104
str,activity_raw,TouchNose,4,0,0.5352028199992597,0.5390573539718085,52.330138246447305,0.5915431560592851,0.590671316477768
str,activity_raw,TouchNose,4,1,0.6193713917510258,0.4837247993229556,55.93587985230906,0.5041412380122058,0.559575704736995
str,activity_raw,TouchNose,4,2,0.5343303000559696,0.4255431831480011,55.74689766544874,0.5953576864535769,0.6397260273972603
str,activity_context,CrossArms,0,0,0.9154926110932396,0.5429670432806292,44.075599423712156,0.5754141238012206,0.5562336530078464
str,activity_context,CrossArms,0,1,0.8975200299470488,0.4205295196216583,45.82772484261206,0.5741248097412481,0.6097412480974125
str,activity_context,CrossArms,0,2,0.9026443506559849,0.5598100413342632,42.433060955420224,0.5629822075263737,0.593922216973705
str,activity_context,CrossArms,1,0,0.9219029385944408,0.5600625826479987,42.21880083742184,0.530514385353095,0.5531822144725371
str,activity_context,CrossArms,1,1,0.8968033279509807,0.47698314840256806,44.46495235713118,0.5567567567567567,0.5674174174174174
str,activity_context,CrossArms,1,2,0.871461125470952,0.45700453065231017,48.46455134103032,0.5748097412480974,0.6340943683409438
str,activity_context,CrossArms,2,0,0.8863141218324012,0.4850675076874471,45.97822318994341,0.5740337111304853,0.6364428945074107
str,activity_context,CrossArms,2,1,0.9048271597977922,0.5547738914275884,44.65585197796562,0.5969969969969969,0.6165165165165165
str,activity_context,CrossArms,2,2,0.9007147022580033,0.4682501734939283,44.43218427942752,0.5898021308980214,0.5863013698630137
str,activity_context,CrossArms,3,0,0.9241215898117164,0.5707626759734001,42.508925766152764,0.6184248764893926,0.6184248764893926
str,activity_context,CrossArms,3,1,0.9100039521837525,0.5383154889202708,43.3013294936665,0.601424004649811,0.6229293809938973
str,activity_context,CrossArms,3,2,0.9202779763566203,0.47683631586416086,42.72199707428912,0.6205479452054794,0.6642313546423135
str,activity_context,CrossArms,4,0,0.9154212338804361,0.4919320406948171,43.38123672564994,0.590671316477768,0.6242371403661726
str,activity_context,CrossArms,4,1,0.925165179372787,0.5451333242920314,42.40097686004187,0.5941586748038361,0.6224934612031386
str,activity_context,CrossArms,4,2,0.8604941942455747,0.5498814348764041,46.00595483024584,0.6342465753424658,0.6698630136986301
str,activity_context,DrinkGlas,0,0,0.8884107052227401,0.49502245711840526,43.89901731954852,0.5597936646323743,0.5748328974135425
str,activity_context,DrinkGlas,0,1,0.8993923384643304,0.5208635531786159,43.15164655268106,0.6114155251141553,0.5831050228310501
str,activity_context,DrinkGlas,0,2,0.9016945511827175,0.4452426035892894,45.17641904510058,0.5906156510785703,0.5999055266887104
str,activity_context,DrinkGlas,1,0,0.8672866808794273,0.4079571518460047,46.81172811988417,0.5629177564661436,0.554344667247893
str,activity_context,DrinkGlas,1,1,0.8520536369832841,0.4357499014177688,49.32683702326529,0.5596096096096096,0.583033033033033
str,activity_context,DrinkGlas,1,2,0.9177639725040271,0.4329257107606488,43.39660759169497,0.6100456621004566,0.6054794520547945
str,activity_context,DrinkGlas,2,0,0.8903601313884474,0.3742599613959613,46.496564354048786,0.5376344086021505,0.5913978494623656
str,activity_context,DrinkGlas,2,1,0.8359468420862964,0.435531610847704,48.647562182595365,0.5692192192192193,0.5854354354354355
str,activity_context,DrinkGlas,2,2,0.8800868459407689,0.43677097596743086,45.35947714363205,0.5689497716894978,0.569710806697108
str,activity_context,DrinkGlas,3,0,0.7953298113374976,0.3193340143027154,51.84665092411817,0.5695292066259808,0.6409473990119152
str,activity_context,DrinkGlas,3,1,0.8855381061455332,0.45831361835017037,45.67486336432371,0.5844231328102296,0.6134844521941296
str,activity_context,DrinkGlas,3,2,0.8633462409565176,0.49443167521385173,44.47552973833585,0.5264840182648401,0.5621004566210045
str,activity_context,DrinkGlas,4,0,0.9029463023192841,0.4587297503402889,43.24236234459327,0.6033129904097646,0.6506829410055216
str,activity_context,DrinkGlas,4,1,0.8971134972080437,0.5015034769039571,42.95458787178507,0.5766492298750363,0.5963382737576285
str,activity_context,DrinkGlas,4,2,0.8819165764454127,0.41863956202795144,46.38850549379469,0.5564687975646879,0.54337899543379
str,activity_context,Entrainment,0,0,0.7924286544246184,0.39786018656611605,49.8926590028747,0.5272449869224063,0.541848299912816
str,activity_context,Entrainment,0,1,0.7353033006621222,0.39247372585723994,54.47271235327829,0.5209284627092846,0.5779299847792999
str,activity_context,Entrainment,0,2,0.7776604778856769,0.3388476837412895,51.609337901753385,0.5563690757361046,0.5430640843961582
str,activity_context,Entrainment,1,0,0.7906870068789791,0.3926677085007691,49.5379195204158,0.5272449869224062,0.5395233943621041
str,activity_context,Entrainment,1,1,0.7410656824318804,0.3957789795181404,52.912385172501565,0.5536036036036035,0.5812312312312312
str,activity_context,Entrainment,1,2,0.7546432129190309,0.4334241420387678,50.73002771928261,0.469710806697108,0.45920852359208525
str,activity_context,Entrainment,2,0,0.7884168122905076,0.4007244073349916,50.19289721525745,0.5794100552165068,0.6277244986922407
str,activity_context,Entrainment,2,1,0.7217669587437344,0.4131017398592343,53.47256233137922,0.5632132132132132,0.5819819819819819
str,activity_context,Entrainment,2,2,0.802968789207016,0.3542712262159558,50.4231540844668,0.5170471841704718,0.5372907153729072
str,activity_context,Entrainment,3,0,0.727571265619549,0.3371173770661626,54.045066708180286,0.5686573670444638,0.602586457425167
str,activity_context,Entrainment,3,1,0.7890613967579737,0.33856838489268093,51.54864695847759,0.5525283347863993,0.5585585585585585
str,activity_context,Entrainment,3,2,0.737792244849646,0.38298568766531976,53.83452216417008,0.539193302891933,0.5683409436834095
str,activity_context,Entrainment,4,0,0.7609941265762041,0.43786520389811506,50.94834776565807,0.47035745422842196,0.490119151409474
str,activity_context,Entrainment,4,1,0.48911683754843355,0.36882400538119925,63.182854383980114,0.5619006102877071,0.5871839581517001
str,activity_context,Entrainment,4,2,0.731544816476269,0.3978376094009653,52.85016033555581,0.5689497716894977,0.5870624048706241
str,activity_context,HoldWeight,0,0,0.9046089643062025,0.4693101072435112,41.59386485112027,0.5516564952048822,0.561609997093868
str,activity_context,HoldWeight,0,1,0.9129751629319754,0.46230344343575325,43.64982826157536,0.604566210045662,0.6105022831050229
str,activity_context,HoldWeight,0,2,0.9187937596757779,0.47036527944405243,41.82696555015827,0.5711698945048025,0.5920327507479138
str,activity_context,HoldWeight,1,0,0.9049235729273994,0.4447966015538006,42.86529226026281,0.5850770124963675,0.563353676256902
str,activity_context,HoldWeight,1,1,0.8641262122879431,0.47367449970728936,45.58828393948979,0.5576576576576576,0.5650150150150149
str,activity_context,HoldWeight,1,2,0.9370547318828625,0.5203313327344171,38.57900056225942,0.541476407914764,0.5898021308980214
str,activity_context,HoldWeight,2,0,0.9114866784555699,0.45473300892884,42.52503809040421,0.5325486777099679,0.535454809648358
str,activity_context,HoldWeight,2,1,0.8862595247558732,0.40928923240894266,46.79182843693856,0.6530030030030031,0.6714714714714715
str,activity_context,HoldWeight,2,2,0.9266041419085725,0.4839687151346532,41.098465613969246,0.5712328767123288,0.6143074581430746
str,activity_context,HoldWeight,3,0,0.8813194548351111,0.44481363136521795,45.99282064905681,0.5964109270560883,0.613920371984888
str,activity_context,HoldWeight,3,1,0.9301518582409061,0.464040113190327,40.3041651084087,0.546788724208079,0.5969195001453066
str,activity_context,HoldWeight,3,2,0.9022460333901238,0.4910119949941218,42.810453934086205,0.5535768645357686,0.5878234398782344
str,activity_context,HoldWeight,4,0,0.9153037786800878,0.4217597362622001,43.341853793251474,0.555797733217088,0.5696018599244406
str,activity_context,HoldWeight,4,1,0.9281745999629474,0.4745712990165193,42.650622424638094,0.5981546062191223,0.6394943330427202
str,activity_context,HoldWeight,4,2,0.8280037660486751,0.4534306263585791,50.14163000952773,0.5933789954337899,0.6059360730593607
str,activity_context,LiftHold,0,0,0.8825925301114547,0.46201009867762216,45.48892792220552,0.5686573670444638,0.6163905841325196
str,activity_context,LiftHold,0,1,0.8715099768083366,0.46268893242577797,46.65828935912735,0.5722222222222223,0.5797564687975648
str,activity_context,LiftHold,0,2,0.8373766335603718,0.45236668646785166,48.26634841404716,0.6044717367343725,0.634545740828216
str,activity_context,LiftHold,1,0,0.7577999111631151,0.566733559797364,50.26334979393271,0.570909619296716,0.6028770706190062
str,activity_context,LiftHold,1,1,0.8343879877051561,0.6024508378061567,44.52089538915074,0.5268768768768769,0.5451951951951952
str,activity_context,LiftHold,1,2,0.8714744799678061,0.49191917312425104,45.095339939393156,0.5636986301369863,0.6124809741248097
str,activity_context,LiftHold,2,0,0.8853927271265872,0.4403768866050818,46.4322389357923,0.5610287707061901,0.6387678000581226
str,activity_context,LiftHold,2,1,0.8706578906283239,0.5011050838060866,44.713045317011215,0.6726726726726726,0.7243243243243244
str,activity_context,LiftHold,2,2,0.8887232745609339,0.5433887196919065,42.28981401737427,0.6250380517503805,0.6757990867579909
str,activity_context,LiftHold,3,0,0.8375182148063631,0.4808144080837291,46.873613954832074,0.5409038070328394,0.547951176983435
str,activity_context,LiftHold,3,1,0.8697423427853895,0.509398039899237,45.14696579331377,0.5233943621040396,0.5879104911362977
str,activity_context,LiftHold,3,2,0.8383193613098243,0.4751783720756307,48.07473125259393,0.6143074581430746,0.6208523592085236
str,activity_context,LiftHold,4,0,0.8673546852832027,0.4676104052250836,45.17966173060496,0.5641528625399593,0.5857308921825051
str,activity_context,LiftHold,4,1,0.8547842120550794,0.4778860425962052,47.885740399997694,0.5448997384481256,0.5678581807614065
str,activity_context,LiftHold,4,2,0.8272594155510663,0.45686245500732536,48.46138676140081,0.5773972602739726,0.5898021308980214
str,activity_context,PointFinger,0,0,0.5010532611663684,0.47034670181479943,55.44866247993254,0.5681487939552455,0.5928509154315605
str,activity_context,PointFinger,0,1,0.5539288195638791,0.38335279905953723,58.96559829993195,0.5356164383561643,0.5872146118721461
str,activity_context,PointFinger,0,2,0.5215548539784577,0.4576068394077115,60.531786298185104,0.5998267989293025,0.6151787120138562
str,activity_context,PointFinger,1,0,0.29765855573112815,0.4040782715796197,63.72007878038924,0.518889857599535,0.512786980528916
str,activity_context,PointFinger,1,1,0.506120924813261,0.4616134255141784,62.225341366366244,0.5354354354354354,0.5686186186186185
str,activity_context,PointFinger,1,2,0.5689181099240177,0.5084946186517504,53.59949601917634,0.526103500761035,0.5703196347031964
str,activity_context,PointFinger,2,0,0.575317403436558,0.49878246169764656,53.31609877255344,0.5646614356291776,0.5899447834931706
str,activity_context,PointFinger,2,1,0.33120744320037904,0.409200464605984,63.475554805662924,0.5423423423423425,0.6033033033033033
str,activity_context,PointFinger,2,2,0.5796772616705874,0.4193801446035403,55.54786663834206,0.5813546423135464,0.5745814307458142
str,activity_context,PointFinger,3,0,0.19515877175749508,0.41455824584829193,61.814506088598854,0.6073089218250508,0.6442894507410637
str,activity_context,PointFinger,3,1,0.6028309462369776,0.5216330792789895,53.367756054097526,0.5376344086021505,0.5623365300784655
str,activity_context,PointFinger,3,2,0.4032121553186793,0.4198763690113744,65.23599749168055,0.5280821917808219,0.5582952815829528
str,activity_context,PointFinger,4,0,0.4644254007274133,0.3661544718866174,61.40043939190588,0.5672769543737286,0.6076721883173496
str,activity_context,PointFinger,4,1,0.4878962743069789,0.46194944303378205,59.447701788309395,0.5586312118570184,0.5727986050566697
str,activity_context,PointFinger,4,2,0.27977310453902726,0.29214799700649957,64.82294077625204,0.5078386605783867,0.5634703196347033
str,activity_context,Relaxed,0,0,0.2576060905128782,0.4083114346301044,67.37968617651289,0.5475152571926766,0.5396687009590235
str,activity_context,Relaxed,0,1,0.5126255998685688,0.3360635763312298,59.6071519969794,0.5070015220700153,0.5015220700152208
str,activity_context,Relaxed,0,2,0.6531221381847646,0.40339697677834685,55.86054266637617,0.545898283734845,0.5366084081247048
str,activity_context,Relaxed,1,0,0.46823305639711277,0.24104317544067233,65.34189575200601,0.5433740191804709,0.537489102005231
str,activity_context,Relaxed,1,1,0.6180961297358645,0.3342949855706494,57.406617049113535,0.5545045045045045,0.5569069069069069
str,activity_context,Relaxed,1,2,0.6295014171586674,0.42222765098125997,55.588260322859306,0.547945205479452,0.5669710806697109
str,activity_context,Relaxed,2,0,0.5471933973259165,0.3742633143733671,60.02812233094231,0.5013804126707352,0.527317640220866
str,activity_context,Relaxed,2,1,0.4740303873248775,0.4326569481594472,61.451163366428034,0.4998498498498498,0.5115615615615615
str,activity_context,Relaxed,2,2,0.6010224154105355,0.4209632982313699,56.5244675037173,0.5293759512937596,0.5415525114155252
str,activity_context,Relaxed,3,0,0.6702097178116743,0.37395265832673674,57.310342743195164,0.5128596338273758,0.5460621912234815
str,activity_context,Relaxed,3,1,0.6205572603600241,0.5075385983829339,54.066262750691955,0.5207788433594885,0.512205754141238
str,activity_context,Relaxed,3,2,0.6825733110094538,0.41396213135568616,54.1632250774976,0.49048706240487067,0.4859969558599695
str,activity_context,Relaxed,4,0,0.6085732150019977,0.33701207436419245,57.80446409578923,0.5268817204301075,0.5292066259808196
str,activity_context,Relaxed,4,1,0.5300026665434983,0.36590067586017544,60.439901727777205,0.5106073815751234,0.5152571926765476
str,activity_context,Relaxed,4,2,0.5443181532600224,0.4046122425260174,59.41020427074903,0.5251902587519025,0.5245053272450533
str,activity_context,RelaxedTask,0,0,0.3109972612575731,0.3793624084544298,63.14125073218444,0.5910345829700668,0.5935774484161581
str,activity_context,RelaxedTask,0,1,0.4695474608607245,0.4388425811068481,57.27863665988186,0.5441400304414002,0.5652968036529681
str,activity_context,RelaxedTask,0,2,0.5472089979922725,0.4201161687667036,59.52168178708096,0.521886317115415,0.5361360415682569
str,activity_context,RelaxedTask,1,0,0.51160072857722,0.4039129921112761,61.40061801003987,0.4714472537053182,0.4902644580063935
str,activity_context,RelaxedTask,1,1,0.6130759676236852,0.4525105593005434,56.49163197087351,0.5367867867867867,0.5573573573573574
str,activity_context,RelaxedTask,1,2,0.5766507992743953,0.47059189526750633,59.85932870803832,0.5290715372907153,0.5462709284627093
str,activity_context,RelaxedTask,2,0,0.4571487588485515,0.43406259162367755,59.83710152964373,0.5688753269398431,0.5530369078756175
str,activity_context,RelaxedTask,2,1,0.4839610110582697,0.44879028518700553,60.39866575266302,0.509009009009009,0.4995495495495495
str,activity_context,RelaxedTask,2,2,0.48735411527894384,0.3891444924471109,61.34805369630059,0.6179604261796042,0.6380517503805175
str,activity_context,RelaxedTask,3,0,0.6336455065873329,0.4689356085118853,57.031087915819796,0.5510026155187445,0.5662598081952921
str,activity_context,RelaxedTask,3,1,0.5388349671677175,0.4344378817303098,59.225176511932595,0.5138767800058123,0.5498401627433885
str,activity_context,RelaxedTask,3,2,0.6080605391363827,0.46651506608613824,58.59364693807606,0.5028919330289193,0.5436834094368341
str,activity_context,RelaxedTask,4,0,0.6145393437281891,0.42504874002421145,57.88421289076944,0.5161290322580645,0.5281894798023831
str,activity_context,RelaxedTask,4,1,0.3968351685402396,0.3520649517625731,65.13936326418923,0.5088637024120896,0.510752688172043
str,activity_context,RelaxedTask,4,2,0.5579398335944272,0.4471783715079738,59.72029682337303,0.5493150684931507,0.5534246575342466
str,activity_context,StretchHold,0,0,0.8856415490473263,0.3636250979335633,43.88836016523845,0.5199070037779716,0.47689625108979944
str,activity_context,StretchHold,0,1,0.8781989615594512,0.3314408214743599,47.031527024694824,0.5277777777777778,0.5595129375951294
str,activity_context,StretchHold,0,2,0.8759490225402262,0.40226328458907545,44.256370206340954,0.5655014958274288,0.5830577861754055
str,activity_context,StretchHold,1,0,0.8595166287353864,0.3444759942575096,46.3176815696596,0.5098808485905261,0.5501307759372275
str,activity_context,StretchHold,1,1,0.8003641581445652,0.4357950980837596,48.72396190253691,0.5983483483483484,0.6006006006006006
str,activity_context,StretchHold,1,2,0.8925425969582919,0.46537707669721895,42.576483854312706,0.5519786910197869,0.5904109589041097
str,activity_context,StretchHold,2,0,0.8903718939767868,0.4753578898061235,42.56337649562283,0.5403952339436211,0.534582970066841
str,activity_context,StretchHold,2,1,0.8765449199801824,0.40311431944277876,46.01771342167356,0.5324324324324324,0.5303303303303304
str,activity_context,StretchHold,2,2,0.9049570986885356,0.3972136715906716,43.295719306185866,0.5636986301369863,0.5471841704718418
str,activity_context,StretchHold,3,0,0.693461484626307,0.4300903787395227,55.17610818094624,0.5582679453647196,0.5969195001453066
str,activity_context,StretchHold,3,1,0.8622153025591488,0.3471353864007082,47.1134538993527,0.5705463528044173,0.530804998546934
str,activity_context,StretchHold,3,2,0.8773025752288878,0.373323848775663,45.864282984865085,0.5535768645357686,0.5543378995433791
str,activity_context,StretchHold,4,0,0.8841779695746432,0.4224899662564745,43.913758769768585,0.5485324033711131,0.5242662016855565
str,activity_context,StretchHold,4,1,0.9007630850367233,0.4235607716250065,45.01139870701146,0.4819819819819819,0.4811101424004649
str,activity_context,StretchHold,4,2,0.8405931648293707,0.39660768113529504,49.5686926499888,0.5443683409436834,0.5357686453576864
str,activity_context,TouchIndex,0,0,0.8034218642221117,0.49435937603419705,46.63488961065165,0.49600406858471374,0.49912816041848296
str,activity_context,TouchIndex,0,1,0.7481282551178052,0.3990607898655629,51.65093006810133,0.5529680365296804,0.5642313546423136
str,activity_context,TouchIndex,0,2,0.7956490360242598,0.5003569704180211,46.34363622957771,0.5446386395843174,0.5562903479766965
str,activity_context,TouchIndex,1,0,0.5953338174564197,0.4660794553594287,57.52240281177525,0.5417756466143563,0.5536181342632955
str,activity_context,TouchIndex,1,1,0.7060410380828409,0.5115520587829148,50.2713889387951,0.5714714714714715,0.633033033033033
str,activity_context,TouchIndex,1,2,0.7686599559349584,0.42124515152298453,49.43433608202062,0.5624048706240488,0.5476407914764079
str,activity_context,TouchIndex,2,0,0.7473577820064771,0.4911013731379136,49.395565859226544,0.6089072943911653,0.6217669282185412
str,activity_context,TouchIndex,2,1,0.7486603641445393,0.4645317543841425,50.19619089931852,0.5902402402402402,0.5797297297297297
str,activity_context,TouchIndex,2,2,0.7918721385325114,0.4315460775031725,47.14591405534481,0.5748097412480974,0.5659056316590564
str,activity_context,TouchIndex,3,0,0.4976236311712864,0.44108024887744646,60.47805801406509,0.517146178436501,0.534582970066841
str,activity_context,TouchIndex,3,1,0.8118684321128414,0.538625456780415,44.95780407579142,0.490119151409474,0.5114792211566405
str,activity_context,TouchIndex,3,2,0.6477492430545505,0.33657713440263015,56.24491377454939,0.5582191780821918,0.5654490106544902
str,activity_context,TouchIndex,4,0,0.7678749802088967,0.4489945819930533,49.5767195530161,0.47333623946527165,0.4911362975879105
str,activity_context,TouchIndex,4,1,0.769997515119717,0.5669050871696653,46.50603633623099,0.4977477477477477,0.527898866608544
str,activity_context,TouchIndex,4,2,0.7157516568844609,0.455762786146338,52.417123739385,0.5607305936073059,0.5773211567732116
str,activity_context,TouchNose,0,0,0.4046362573367774,0.4019886477244895,62.54898153457115,0.5905260098808486,0.6220575414123801
str,activity_context,TouchNose,0,1,0.6380787579860999,0.5465114258862435,53.69274470803017,0.5588280060882801,0.5622526636225267
str,activity_context,TouchNose,0,2,0.5981298698185668,0.4435881451971627,59.65385646594471,0.5665249566997322,0.5847897968823808
str,activity_context,TouchNose,1,0,0.6038943846404894,0.47957236269953474,54.041186632685196,0.5488956698634119,0.5983725661145015
str,activity_context,TouchNose,1,1,0.4874320416425129,0.5494245600826586,62.5564696099585,0.5720720720720721,0.6354354354354355
str,activity_context,TouchNose,1,2,0.18569562404009976,0.5502890826036383,57.91957471491576,0.6019025875190258,0.6392694063926941
str,activity_context,TouchNose,2,0,0.5967476499996158,0.4305725474521792,57.87783412181691,0.5138767800058123,0.5517291485033421
str,activity_context,TouchNose,2,1,0.4712700426404034,0.4528324731841047,62.72574275070339,0.5731231231231231,0.5587087087087087
str,activity_context,TouchNose,2,2,0.5960350653986215,0.4906303897916308,59.30747449818651,0.5467275494672755,0.5484018264840183
str,activity_context,TouchNose,3,0,0.5098576183871453,0.49096132865450787,54.25811363642259,0.5526736413833189,0.585440278988666
str,activity_context,TouchNose,3,1,0.6100772189520095,0.4583452370345067,57.04900368572818,0.5685120604475443,0.6204591688462656
str,activity_context,TouchNose,3,2,0.5890974166528538,0.46753400834393943,59.31634259007234,0.5140791476407915,0.4911719939117199
str,activity_context,TouchNose,4,0,0.5364909661287894,0.5523124265697644,51.98953520495644,0.5937954083115373,0.5835512932287126
str,activity_context,TouchNose,4,1,0.6230691088708529,0.4933403754899904,55.66760380476994,0.4925167102586457,0.5576867189770415
str,activity_context,TouchNose,4,2,0.5405766978731,0.44510653338166517,54.989397240352716,0.5986301369863013,0.6378995433789955
str,structured_tokens,CrossArms,0,0,0.9625827966302216,0.26784943845861947,42.18245123089223,0.5780296425457716,0.6219122348154605
str,structured_tokens,CrossArms,0,1,0.9818273305905382,0.28352069915924855,38.93259837321427,0.6081430745814307,0.6485540334855404
str,structured_tokens,CrossArms,0,2,0.9706329055270613,0.3014456353662872,41.02304438099454,0.6021099039521335,0.6293497087072902
str,structured_tokens,CrossArms,1,0,0.9839991702493094,0.21477089098601582,38.52371475669328,0.5313862249346121,0.5712002324905551
str,structured_tokens,CrossArms,1,1,0.9807164088493049,0.2061332440703938,39.136008297968274,0.6246246246246246,0.6738738738738738
str,structured_tokens,CrossArms,1,2,0.971642703774548,0.1901950689788053,43.34073635769282,0.5875951293759513,0.654490106544901
str,structured_tokens,CrossArms,2,0,0.9735022394975301,0.15240402590662847,42.09827200848341,0.627288578901482,0.6551874455100262
str,structured_tokens,CrossArms,2,1,0.9532883888058142,0.30199129680925724,42.46615771648792,0.5848348348348348,0.6243243243243243
str,structured_tokens,CrossArms,2,2,0.977910403297569,0.21288703996393968,41.10632312182817,0.5944444444444444,0.6143074581430746
str,structured_tokens,CrossArms,3,0,0.9895625293662921,0.19392826690701534,41.119741341924104,0.6309212438244697,0.6620168555652426
str,structured_tokens,CrossArms,3,1,0.9739758093513613,0.16800137949685282,41.07769131237802,0.6142836384771869,0.6708805579773323
str,structured_tokens,CrossArms,3,2,0.9856830565262087,0.2893796123743597,40.172859201142465,0.6469558599695585,0.7109589041095891
str,structured_tokens,CrossArms,4,0,0.9830469383637105,0.3097592689847786,38.17350722212824,0.6291775646614356,0.7173786689915723
str,structured_tokens,CrossArms,4,1,0.9810225385853228,0.261305270393305,41.12594526263738,0.5653879686137752,0.6075268817204301
str,structured_tokens,CrossArms,4,2,0.9751354549148923,0.30078920009873006,41.17588723415884,0.6705479452054793,0.7318112633181126
str,structured_tokens,DrinkGlas,0,0,0.9798240904101897,0.15537434924401455,42.19062375948566,0.5727986050566697,0.561609997093868
str,structured_tokens,DrinkGlas,0,1,0.980772675025235,0.23158502380805043,37.922753325671636,0.6078386605783865,0.635007610350076
str,structured_tokens,DrinkGlas,0,2,0.9803702197228887,0.31430206539334776,37.938981855536355,0.6148638009762243,0.6534404030861282
str,structured_tokens,DrinkGlas,1,0,0.9727060333503045,0.12582032557059777,40.5810937607013,0.6201685556524266,0.6275791920953211
str,structured_tokens,DrinkGlas,1,1,0.9584182891158954,0.16830590468787177,41.507061486449544,0.5683183183183182,0.6078078078078079
str,structured_tokens,DrinkGlas,1,2,0.9844030923926048,0.26649040004487,38.95349522709804,0.576027397260274,0.5719939117199391
str,structured_tokens,DrinkGlas,2,0,0.9826767638003473,0.2786871926263663,39.273525872539814,0.5340017436791631,0.5948852077884336
str,structured_tokens,DrinkGlas,2,1,0.9584221440217582,0.20164713865961964,41.68502963829788,0.5977477477477477,0.6076576576576577
str,structured_tokens,DrinkGlas,2,2,0.9702372244280854,0.29488993347447084,38.11656025710076,0.5699391171993912,0.5771689497716895
str,structured_tokens,DrinkGlas,3,0,0.97183902449516,0.19943180934541252,40.715112271127026,0.6469049694856146,0.6663760534728277
str,structured_tokens,DrinkGlas,3,1,0.9772264877349135,0.2121007462533383,41.494649307623135,0.5497675094449288,0.579046788724208
str,structured_tokens,DrinkGlas,3,2,0.979235381107648,0.2647704770432015,41.61364910770795,0.536605783866058,0.591019786910198
str,structured_tokens,DrinkGlas,4,0,0.9832676028131133,0.2386210400137086,39.66838510591255,0.6156640511479221,0.6634699215344376
str,structured_tokens,DrinkGlas,4,1,0.98141602440776,0.215791136010971,40.53937270256189,0.5860215053763441,0.6092705608834642
str,structured_tokens,DrinkGlas,4,2,0.985285880667053,0.2608130218206472,38.56891640810243,0.6159056316590563,0.6619482496194825
str,structured_tokens,Entrainment,0,0,0.8384882777488732,0.2578644256718464,47.704514951477805,0.5828974135425748,0.5972101133391455
str,structured_tokens,Entrainment,0,1,0.8129584114778646,0.21862632341224378,49.279268013933674,0.5735920852359209,0.5964992389649924
str,structured_tokens,Entrainment,0,2,0.8311315021570949,0.194235942403975,49.853011619919734,0.564871673752165,0.5918752952290978
str,structured_tokens,Entrainment,1,0,0.8704013602645949,0.19913481171090458,46.73881529229806,0.5574687590816622,0.5716361522813136
str,structured_tokens,Entrainment,1,1,0.8363211131453899,0.2131607699654933,48.75785294353578,0.5373873873873873,0.5501501501501501
str,structured_tokens,Entrainment,1,2,0.8505397595097796,0.24891060150055444,47.807049608872006,0.5124809741248096,0.5511415525114155
str,structured_tokens,Entrainment,2,0,0.8563213827451631,0.05461393399251345,48.950276637116076,0.5295698924731183,0.555797733217088
str,structured_tokens,Entrainment,2,1,0.806440051812936,0.21249607963895242,51.17806692752009,0.5558558558558558,0.5722222222222222
str,structured_tokens,Entrainment,2,2,0.8638141631122332,0.27511438536910326,45.90030249064036,0.5399543378995434,0.560882800608828
str,structured_tokens,Entrainment,3,0,0.8141434298706753,0.25411011510891524,48.4647478720536,0.5975007265329846,0.6191514094739902
str,structured_tokens,Entrainment,3,1,0.8534714891962084,0.17659228381544712,46.08640263664207,0.5333478639930253,0.5754141238012206
str,structured_tokens,Entrainment,3,2,0.8642604490909178,0.21460769104169247,47.600116194949415,0.5382800608828006,0.5621004566210046
str,structured_tokens,Entrainment,4,0,0.7036677432068018,0.269357566922536,54.15126044362916,0.5189625108979948,0.513658820110433
str,structured_tokens,Entrainment,4,1,0.10592992675716022,0.2775850924903088,62.84466887498421,0.5297151990700377,0.55231037489102
str,structured_tokens,Entrainment,4,2,0.8501165716476187,0.25563187917935504,46.953870270673505,0.5487823439878233,0.5509893455098935
str,structured_tokens,HoldWeight,0,0,0.9742435152854315,0.26076576731884205,40.74058025939816,0.6261987794245859,0.6788724208079048
str,structured_tokens,HoldWeight,0,1,0.9808717279391559,0.24029307864929472,37.59943939352978,0.5950532724505327,0.6190258751902588
str,structured_tokens,HoldWeight,0,2,0.9732757132823912,0.17631333332939747,41.41773623829522,0.5665249566997325,0.6200598330971502
str,structured_tokens,HoldWeight,1,0,0.9829279422216652,0.16477079157120336,40.00033394087254,0.6230746875908166,0.6592560302237721
str,structured_tokens,HoldWeight,1,1,0.9407795082234365,0.245337151295475,41.74168131293305,0.6373873873873874,0.6351351351351351
str,structured_tokens,HoldWeight,1,2,0.9855953094101092,0.18977767961396622,38.75541961325822,0.5747336377473364,0.6000000000000001
str,structured_tokens,HoldWeight,2,0,0.9798840334309379,0.22053660468851616,38.19253471749006,0.5823161871548969,0.5771578029642545
str,structured_tokens,HoldWeight,2,1,0.9744113561432682,0.18764641580983082,39.615762614458596,0.6346846846846846,0.6714714714714715
str,structured_tokens,HoldWeight,2,2,0.9736462762236019,0.20201352667032915,39.122741581464126,0.6035007610350075,0.649923896499239
str,structured_tokens,HoldWeight,3,0,0.9432090097392928,0.2807026058436058,41.973375271247555,0.6141383318802675,0.6630340017436791
str,structured_tokens,HoldWeight,3,1,0.9783470899034862,0.1748076327559028,40.44420750750908,0.5866753850624818,0.6147922115664052
str,structured_tokens,HoldWeight,3,2,0.9830566052028599,0.28038016272622285,39.86125750810671,0.6283105022831049,0.6666666666666666
str,structured_tokens,HoldWeight,4,0,0.9819915919571676,0.14928594820295182,37.65008892650073,0.6064370822435339,0.6312118570183086
str,structured_tokens,HoldWeight,4,1,0.9838181849654446,0.3164975727192325,37.72373032884842,0.6350624818366754,0.6329555361813426
str,structured_tokens,HoldWeight,4,2,0.9411059463674901,0.26972694073576775,43.687049070841184,0.5869101978691019,0.5955859969558599
str,structured_tokens,LiftHold,0,0,0.9558166248400849,0.17700754043650363,44.56448363130924,0.5908892763731474,0.6115954664341762
str,structured_tokens,LiftHold,0,1,0.9683316495314414,0.19627259667197386,41.57268374420996,0.6336377473363776,0.656773211567732
str,structured_tokens,LiftHold,0,2,0.9186278050384212,0.20256534890569233,44.31125488771985,0.5773893874980317,0.656589513462447
str,structured_tokens,LiftHold,1,0,0.9344094909056727,0.2012101307333003,44.16529909244638,0.5811537343795409,0.6341179889566986
str,structured_tokens,LiftHold,1,1,0.9282733427446466,0.1845151172540596,44.656360684249,0.6015015015015015,0.6566066066066066
str,structured_tokens,LiftHold,1,2,0.9459791312453173,0.11857794768730329,44.496019938895515,0.6398782343987823,0.6522070015220701
str,structured_tokens,LiftHold,2,0,0.970494054034617,0.21345381976402678,41.37772705802527,0.5695292066259808,0.5890729439116535
str,structured_tokens,LiftHold,2,1,0.9392158334073931,0.1715368414256634,44.750951563437056,0.6588588588588588,0.6897897897897898
str,structured_tokens,LiftHold,2,2,0.9336459450104557,0.29346771590776227,42.1142699910695,0.5872146118721461,0.6286149162861491
str,structured_tokens,LiftHold,3,0,0.9332101067484841,0.10003839923576392,43.28773071060064,0.5797733217088056,0.6097064806742226
str,structured_tokens,LiftHold,3,1,0.9550168149998333,0.22350250557731643,44.17723003550554,0.5541267073525139,0.567131647776809
str,structured_tokens,LiftHold,3,2,0.9624567478870277,0.29810700781305255,42.356086213096006,0.6286910197869102,0.6535768645357687
str,structured_tokens,LiftHold,4,0,0.9627565746064393,0.12461595682647408,43.0321269535081,0.5428654460912525,0.5890729439116535
str,structured_tokens,LiftHold,4,1,0.9336530625403148,0.20045272298895805,44.68176473249207,0.5446091252542865,0.55521650682941
str,structured_tokens,LiftHold,4,2,0.9591270032233142,0.2499940090413539,42.78035289503395,0.567275494672755,0.5902587519025876
str,structured_tokens,PointFinger,0,0,0.4422961855141366,0.21960451016442895,54.56915757141542,0.5305870386515548,0.532839290903807
str,structured_tokens,PointFinger,0,1,0.4851038389534003,0.2558408626124284,52.59264345202329,0.5738964992389649,0.5931506849315068
str,structured_tokens,PointFinger,0,2,0.33048940004278116,0.15903875280578555,63.51573879471987,0.5266887104393009,0.5362934970870729
str,structured_tokens,PointFinger,1,0,0.03320818889388666,0.20040640737027499,57.15078841551182,0.5208514966579482,0.5199070037779715
str,structured_tokens,PointFinger,1,1,0.42009345140147825,0.2848586189859169,59.44560197769068,0.4863363363363363,0.487987987987988
str,structured_tokens,PointFinger,1,2,0.4741743992536134,0.317374239831923,51.12439760840499,0.5898782343987824,0.6022831050228311
str,structured_tokens,PointFinger,2,0,0.4660114245511033,0.33251498446846756,49.143981678377905,0.5369805289160128,0.541267073525138
str,structured_tokens,PointFinger,2,1,0.1380128237995408,0.18119955238657767,63.650222990407634,0.5016516516516516,0.5370870870870871
str,structured_tokens,PointFinger,2,2,0.49203544119198206,0.269443243863357,50.93809297661842,0.5801369863013699,0.5776255707762558
str,structured_tokens,PointFinger,3,0,-0.22372843181983515,0.20430474028333925,57.17313270350258,0.5966288869514675,0.612176692821854
str,structured_tokens,PointFinger,3,1,0.4981355212436889,0.24929830015462967,54.054663332112156,0.48096483580354543,0.4814007555943039
str,structured_tokens,PointFinger,3,2,0.11678507911494299,0.19449380096744615,67.28543504688791,0.5098934550989346,0.5035007610350076
str,structured_tokens,PointFinger,4,0,0.36768596259923975,0.2415083818340646,57.88297106691214,0.5184539378087765,0.5306596919500145
str,structured_tokens,PointFinger,4,1,0.3710898594623813,0.30456662723512506,56.12915410992005,0.5872566114501598,0.616535890729439
str,structured_tokens,PointFinger,4,2,0.2015385603659012,0.2855036123545136,57.91908950655708,0.5386605783866057,0.5555555555555555
str,structured_tokens,Relaxed,0,0,-0.03641920183636947,0.1939183696098281,60.2080524292399,0.5128596338273758,0.5376344086021505
str,structured_tokens,Relaxed,0,1,0.34235601097239804,0.0918549247888913,53.340946225302204,0.47138508371385085,0.45753424657534253
str,structured_tokens,Relaxed,0,2,0.4857949745553811,0.2789494009124085,60.61250033822613,0.5539285151944576,0.5918752952290979
str,structured_tokens,Relaxed,1,0,0.24178439406006563,0.15721065306885484,64.38260607360367,0.566259808195292,0.5664051147922115
str,structured_tokens,Relaxed,1,1,0.4611675313110112,0.13293985705413053,55.437693801199714,0.5177177177177176,0.5163663663663663
str,structured_tokens,Relaxed,1,2,0.3506994289297626,0.15754164270043217,56.866667446430725,0.49216133942161333,0.5503805175038051
str,structured_tokens,Relaxed,2,0,0.298573012343774,0.20562683524630077,53.904265061732154,0.5361086893344957,0.524120895088637
str,structured_tokens,Relaxed,2,1,0.3363894916738813,0.23321961443441686,56.679709808006706,0.4905405405405405,0.5037537537537538
str,structured_tokens,Relaxed,2,2,0.3788342614823458,0.3443670689969912,56.47005208884165,0.5183409436834094,0.53013698630137
str,structured_tokens,Relaxed,3,0,0.43504233026637157,0.17343315732810982,52.86906553877896,0.570619006102877,0.5803545480964836
str,structured_tokens,Relaxed,3,1,0.45178883047791285,0.1818292950021077,57.86973672240831,0.5597936646323743,0.6043301365882011
str,structured_tokens,Relaxed,3,2,0.4402493939469051,0.2542205228016314,54.382621016582476,0.563089802130898,0.5928462709284626
str,structured_tokens,Relaxed,4,0,0.4749743704033617,0.2777137545505893,53.113921015302154,0.5513658820110433,0.5427201394943331
str,structured_tokens,Relaxed,4,1,0.015349677400511524,0.33870253062231387,59.29292533225792,0.5418482999128161,0.5536181342632955
str,structured_tokens,Relaxed,4,2,0.3401668743128166,0.21561699279535468,56.88365900682233,0.5843226788432269,0.6079147640791477
str,structured_tokens,RelaxedTask,0,0,-0.1548550096413998,0.34185254042280766,59.342220919676386,0.5549985469340307,0.5803545480964836
str,structured_tokens,RelaxedTask,0,1,0.46501070348105056,0.2377340166837004,53.41925721223994,0.5128614916286149,0.5033485540334856
str,structured_tokens,RelaxedTask,0,2,0.4984539473911258,0.3047464560826493,52.049903611583055,0.5428279011179341,0.5572350810895922
str,structured_tokens,RelaxedTask,1,0,0.1334329598511622,0.1593009463414839,66.19040568601035,0.49295263004940426,0.46033129904097647
str,structured_tokens,RelaxedTask,1,1,0.5479370938590984,0.2320410931085345,52.81870056235996,0.5181681681681681,0.5294294294294294
str,structured_tokens,RelaxedTask,1,2,0.5561889220080809,0.22210831663308525,58.007578951567645,0.5987062404870623,0.5963470319634703
str,structured_tokens,RelaxedTask,2,0,0.40738354712052266,0.28723433053910435,52.414283950268306,0.5084277826213309,0.530804998546934
str,structured_tokens,RelaxedTask,2,1,0.4027307738370303,0.329595829642899,55.951064079597096,0.5316816816816816,0.5711711711711712
str,structured_tokens,RelaxedTask,2,2,0.486658428107721,0.2815343584077834,56.01855041137232,0.5601978691019787,0.5672754946727548
str,structured_tokens,RelaxedTask,3,0,0.5835340756013371,0.25373351215965123,54.92368594635065,0.540976460331299,0.5764312699796571
str,structured_tokens,RelaxedTask,3,1,0.34024316235308577,0.2697230978622321,59.30173683371638,0.577884335948852,0.6024411508282476
str,structured_tokens,RelaxedTask,3,2,0.5129133470367473,0.2959195706463068,52.39468066124054,0.5085235920852359,0.5264840182648401
str,structured_tokens,RelaxedTask,4,0,0.5779795927305257,0.3805349511641506,52.19586715446261,0.5260825341470503,0.5254286544609125
str,structured_tokens,RelaxedTask,4,1,-0.12193410523408482,0.2668038806539635,62.11618786272015,0.513368206916594,0.5448997384481254
str,structured_tokens,RelaxedTask,4,2,0.4756834541295794,0.33753701905639844,58.80054303846038,0.5595129375951294,0.5773211567732116
str,structured_tokens,StretchHold,0,0,0.9247745408652503,0.14956328324955676,45.85652751431274,0.47798605056669574,0.478204010462075
str,structured_tokens,StretchHold,0,1,0.9377244540234143,0.21637406228701828,41.89917558326907,0.5541856925418569,0.5730593607305937
str,structured_tokens,StretchHold,0,2,0.9206908087873137,0.2105207329845688,45.25015916268934,0.5941584002519288,0.5884112738151472
str,structured_tokens,StretchHold,1,0,0.9221508190575879,0.14431210308473155,43.088069135689054,0.5804272013949433,0.6086893344957861
str,structured_tokens,StretchHold,1,1,0.894647758781632,0.15790760987789698,46.00459438208503,0.5672672672672672,0.6075075075075076
str,structured_tokens,StretchHold,1,2,0.9258497675058596,0.15373296823645322,42.11017089987989,0.5234398782343987,0.5176560121765601
str,structured_tokens,StretchHold,2,0,0.9220664300153834,0.16503671788229096,45.61920962728368,0.5685120604475443,0.6020052310374892
str,structured_tokens,StretchHold,2,1,0.9295689499083527,0.2069175681439342,44.63022492100584,0.5876876876876876,0.6130630630630631
str,structured_tokens,StretchHold,2,2,0.9302787223569174,0.17610607387015434,41.2174810540911,0.5388127853881278,0.5423135464231355
str,structured_tokens,StretchHold,3,0,0.41248455802038236,0.18392858277596233,63.68764186790114,0.5652426620168555,0.5712002324905551
str,structured_tokens,StretchHold,3,1,0.9153761952140869,0.2574886290145074,42.7595578483187,0.5031240918337693,0.5053763440860215
str,structured_tokens,StretchHold,3,2,0.9048005641128838,0.22821157286384852,45.63002104484464,0.5297564687975647,0.5648401826484017
str,structured_tokens,StretchHold,4,0,0.927254590233157,0.29884918799411564,42.15342131318729,0.5745422842197035,0.5924149956408021
str,structured_tokens,StretchHold,4,1,0.943407202663391,0.18012350293153181,44.19498085634332,0.49411508282476024,0.5159837256611449
str,structured_tokens,StretchHold,4,2,0.8623258856108935,0.16238238454811313,48.67542024875777,0.6091324200913242,0.6616438356164384
str,structured_tokens,TouchIndex,0,0,0.8855756985053169,0.3302692237873919,41.444638750393224,0.5281168265039233,0.5589944783493171
str,structured_tokens,TouchIndex,0,1,0.8194301582595394,0.08805057464450361,48.99290989598239,0.5432267884322679,0.5532724505327246
str,structured_tokens,TouchIndex,0,2,0.867341831866254,0.29832771524661184,44.413009630287874,0.5483388442764919,0.5477877499606362
str,structured_tokens,TouchIndex,1,0,0.8089851056325734,0.1490105764969337,48.45311952492635,0.5437372856727696,0.5565242662016855
str,structured_tokens,TouchIndex,1,1,0.8163247554930709,0.23173644770750862,47.16960349914897,0.5543543543543544,0.5813813813813814
str,structured_tokens,TouchIndex,1,2,0.8847256122397424,0.25262457633142255,44.222890604783665,0.4987823439878234,0.4713850837138509
str,structured_tokens,TouchIndex,2,0,0.8723071203538258,0.2587467991698721,45.61543579416153,0.5945219412961348,0.6040395233943621
str,structured_tokens,TouchIndex,2,1,0.8521105948193172,0.22318000100035496,46.22373283349575,0.5926426426426427,0.5935435435435436
str,structured_tokens,TouchIndex,2,2,0.8708015513178277,0.288258503618319,44.15405826055579,0.510882800608828,0.5185692541856924
str,structured_tokens,TouchIndex,3,0,0.28335151558764515,0.17131125681608472,51.28779696748225,0.5119877942458588,0.5390874745713455
str,structured_tokens,TouchIndex,3,1,0.8436694221242043,0.25209390965002504,46.292711724919364,0.48619587329264746,0.46992153443766344
str,structured_tokens,TouchIndex,3,2,0.7004444944039556,0.14740380755502036,53.4533358381952,0.5222983257229833,0.5342465753424658
str,structured_tokens,TouchIndex,4,0,0.880088339850702,0.27684825477767866,45.11589816158422,0.48619587329264746,0.5098808485905261
str,structured_tokens,TouchIndex,4,1,0.8731475816972326,0.31010490686788533,44.29776396413676,0.5218686428363848,0.526445800639349
str,structured_tokens,TouchIndex,4,2,0.8539147842771475,0.24587210552639954,46.042922957063034,0.5275494672754947,0.5467275494672754
str,structured_tokens,TouchNose,0,0,-0.06982259567942856,0.25089670812568143,56.91778598855285,0.5548532403371113,0.588346410927056
str,structured_tokens,TouchNose,0,1,0.5722189744462964,0.18166090308750266,50.92994995324842,0.5474124809741248,0.5876712328767123
str,structured_tokens,TouchNose,0,2,0.4853957315590472,0.29220811247755707,56.6389828974369,0.5655802235868367,0.5884112738151472
str,structured_tokens,TouchNose,1,0,0.5278294116170805,0.20048011842115676,49.40398211192188,0.5661145015983725,0.59299622202848
str,structured_tokens,TouchNose,1,1,0.2696010763154054,0.1965377795399998,66.64363935675688,0.5689189189189189,0.631081081081081
str,structured_tokens,TouchNose,1,2,-0.31367513854362494,0.20771374272678336,57.130736036148,0.5817351598173516,0.6127853881278539
str,structured_tokens,TouchNose,2,0,0.4478358811141725,0.20097811686305567,56.39555310751538,0.501453065969195,0.5251380412670734
str,structured_tokens,TouchNose,2,1,-0.09687861681474359,0.24300308936556442,62.2881110316651,0.5417417417417417,0.5743243243243243
str,structured_tokens,TouchNose,2,2,0.5459652502892509,0.2279155787534064,58.68542402517443,0.556544901065449,0.5707762557077626
str,structured_tokens,TouchNose,3,0,0.4915103494765073,0.13275096910623999,51.0330679764736,0.5516564952048824,0.5931415286253996
str,structured_tokens,TouchNose,3,1,0.5200539676554283,0.2932019076165713,56.15668402175821,0.6337547224643999,0.6662307468759082
str,structured_tokens,TouchNose,3,2,0.5389331392155251,0.2273507508101106,52.41051735041411,0.5363774733637746,0.576103500761035
str,structured_tokens,TouchNose,4,0,0.4781519149842457,0.0831027399361764,51.2504613166814,0.5763586166811973,0.614501598372566
str,structured_tokens,TouchNose,4,1,0.5426995039552094,0.2301131213140347,53.250068088656604,0.5390148212728858,0.5701830863121186
str,structured_tokens,TouchNose,4,2,0.49926870655290784,0.21690259014082022,50.69479837299278,0.5318112633181126,0.5657534246575343
