model,stage,a_seed,a_outer,a_inner,b_seed,b_outer,b_inner,common_train_n,cka,pair_type
v8,activity_raw_flat,42,0,0,42,0,1,102,0.806436011416813,cross_split_same_seed
v8,activity_raw_flat,42,0,0,42,0,2,103,0.8322469381256654,cross_split_same_seed
v8,activity_raw_flat,42,0,0,42,1,0,104,0.7926309668451008,cross_split_same_seed
v8,activity_raw_flat,42,0,0,42,1,1,101,0.7759666477170555,cross_split_same_seed
v8,activity_raw_flat,42,0,0,42,1,2,107,0.7165163327373799,cross_split_same_seed
v8,activity_raw_flat,42,0,0,42,2,0,101,0.8473472276873131,cross_split_same_seed
v8,activity_raw_flat,42,0,0,42,2,1,103,0.7539151678229011,cross_split_same_seed
v8,activity_raw_flat,42,0,0,42,2,2,98,0.848963083104,cross_split_same_seed
v8,activity_raw_flat,42,0,0,42,3,0,95,0.8367341851739601,cross_split_same_seed
v8,activity_raw_flat,42,0,0,42,3,1,106,0.8044960590692392,cross_split_same_seed
v8,activity_raw_flat,42,0,0,42,3,2,103,0.8020083135373178,cross_split_same_seed
v8,activity_raw_flat,42,0,0,42,4,0,117,0.8108206490230129,cross_split_same_seed
v8,activity_raw_flat,42,0,0,42,4,1,93,0.7051017117520791,cross_split_same_seed
v8,activity_raw_flat,42,0,0,42,4,2,102,0.826703832774612,cross_split_same_seed
v8,activity_raw_flat,42,0,0,43,0,0,205,0.797729898311189,same_split_cross_seed
v8,activity_raw_flat,42,0,0,43,0,1,102,0.6501102545657229,cross_split_cross_seed
v8,activity_raw_flat,42,0,0,43,0,2,103,0.7132230969480496,cross_split_cross_seed
v8,activity_raw_flat,42,0,0,43,1,0,104,0.7460226846399586,cross_split_cross_seed
v8,activity_raw_flat,42,0,0,43,1,1,101,0.6811362833846156,cross_split_cross_seed
v8,activity_raw_flat,42,0,0,43,1,2,107,0.7184204621663657,cross_split_cross_seed
v8,activity_raw_flat,42,0,0,43,2,0,101,0.67722223264853,cross_split_cross_seed
v8,activity_raw_flat,42,0,0,43,2,1,103,0.7802263570936349,cross_split_cross_seed
v8,activity_raw_flat,42,0,0,43,2,2,98,0.7229104218935531,cross_split_cross_seed
v8,activity_raw_flat,42,0,0,43,3,0,95,0.7469759686478344,cross_split_cross_seed
v8,activity_raw_flat,42,0,0,43,3,1,106,0.7510217072867131,cross_split_cross_seed
v8,activity_raw_flat,42,0,0,43,3,2,103,0.7389524965792877,cross_split_cross_seed
v8,activity_raw_flat,42,0,0,43,4,0,117,0.7420782547330224,cross_split_cross_seed
v8,activity_raw_flat,42,0,0,43,4,1,93,0.6764760935804122,cross_split_cross_seed
v8,activity_raw_flat,42,0,0,43,4,2,102,0.7755201144074061,cross_split_cross_seed
v8,activity_raw_flat,42,0,0,44,0,0,205,0.7252565414945954,same_split_cross_seed
v8,activity_raw_flat,42,0,0,44,0,1,102,0.6988713550613077,cross_split_cross_seed
v8,activity_raw_flat,42,0,0,44,0,2,103,0.7234810281970115,cross_split_cross_seed
v8,activity_raw_flat,42,0,0,44,1,0,104,0.7446627230490763,cross_split_cross_seed
v8,activity_raw_flat,42,0,0,44,1,1,101,0.7045754375753459,cross_split_cross_seed
v8,activity_raw_flat,42,0,0,44,1,2,107,0.8005796280913772,cross_split_cross_seed
v8,activity_raw_flat,42,0,0,44,2,0,101,0.7799743405491083,cross_split_cross_seed
v8,activity_raw_flat,42,0,0,44,2,1,103,0.6692405850528372,cross_split_cross_seed
v8,activity_raw_flat,42,0,0,44,2,2,98,0.7437557782249664,cross_split_cross_seed
v8,activity_raw_flat,42,0,0,44,3,0,95,0.7267718642043054,cross_split_cross_seed
v8,activity_raw_flat,42,0,0,44,3,1,106,0.7399388551091142,cross_split_cross_seed
v8,activity_raw_flat,42,0,0,44,3,2,103,0.7383859526678652,cross_split_cross_seed
v8,activity_raw_flat,42,0,0,44,4,0,117,0.6581230098267559,cross_split_cross_seed
v8,activity_raw_flat,42,0,0,44,4,1,93,0.7045941446734848,cross_split_cross_seed
v8,activity_raw_flat,42,0,0,44,4,2,102,0.7726284064287292,cross_split_cross_seed
v8,activity_raw_flat,42,0,1,42,0,2,105,0.8519759586270065,cross_split_same_seed
v8,activity_raw_flat,42,0,1,42,1,0,105,0.7899188940194233,cross_split_same_seed
v8,activity_raw_flat,42,0,1,42,1,1,107,0.8329276309889367,cross_split_same_seed
v8,activity_raw_flat,42,0,1,42,1,2,98,0.7944262494633447,cross_split_same_seed
v8,activity_raw_flat,42,0,1,42,2,0,108,0.823110744634858,cross_split_same_seed
v8,activity_raw_flat,42,0,1,42,2,1,104,0.680431919027818,cross_split_same_seed
v8,activity_raw_flat,42,0,1,42,2,2,98,0.8618989776762859,cross_split_same_seed
v8,activity_raw_flat,42,0,1,42,3,0,100,0.8091609974733183,cross_split_same_seed
v8,activity_raw_flat,42,0,1,42,3,1,104,0.8055576133218232,cross_split_same_seed
v8,activity_raw_flat,42,0,1,42,3,2,110,0.7896291800931504,cross_split_same_seed
v8,activity_raw_flat,42,0,1,42,4,0,106,0.8040541256879038,cross_split_same_seed
v8,activity_raw_flat,42,0,1,42,4,1,100,0.7532658771389797,cross_split_same_seed
v8,activity_raw_flat,42,0,1,42,4,2,102,0.7991826754766813,cross_split_same_seed
v8,activity_raw_flat,42,0,1,43,0,0,102,0.7927084355448755,cross_split_cross_seed
v8,activity_raw_flat,42,0,1,43,0,1,207,0.709874329573772,same_split_cross_seed
v8,activity_raw_flat,42,0,1,43,0,2,105,0.7656293219298492,cross_split_cross_seed
v8,activity_raw_flat,42,0,1,43,1,0,105,0.7521216698646364,cross_split_cross_seed
v8,activity_raw_flat,42,0,1,43,1,1,107,0.7282881411954516,cross_split_cross_seed
v8,activity_raw_flat,42,0,1,43,1,2,98,0.8008290395341476,cross_split_cross_seed
v8,activity_raw_flat,42,0,1,43,2,0,108,0.7278699022832729,cross_split_cross_seed
v8,activity_raw_flat,42,0,1,43,2,1,104,0.7533839896972555,cross_split_cross_seed
v8,activity_raw_flat,42,0,1,43,2,2,98,0.7976870836870344,cross_split_cross_seed
v8,activity_raw_flat,42,0,1,43,3,0,100,0.7296021359487579,cross_split_cross_seed
v8,activity_raw_flat,42,0,1,43,3,1,104,0.7744154501058899,cross_split_cross_seed
v8,activity_raw_flat,42,0,1,43,3,2,110,0.7781010819510596,cross_split_cross_seed
v8,activity_raw_flat,42,0,1,43,4,0,106,0.7686744829474343,cross_split_cross_seed
v8,activity_raw_flat,42,0,1,43,4,1,100,0.7359760675091345,cross_split_cross_seed
v8,activity_raw_flat,42,0,1,43,4,2,102,0.7614484619074934,cross_split_cross_seed
v8,activity_raw_flat,42,0,1,44,0,0,102,0.8085214249152436,cross_split_cross_seed
v8,activity_raw_flat,42,0,1,44,0,1,207,0.7130269198448538,same_split_cross_seed
v8,activity_raw_flat,42,0,1,44,0,2,105,0.7540844720883467,cross_split_cross_seed
v8,activity_raw_flat,42,0,1,44,1,0,105,0.7543279738155472,cross_split_cross_seed
v8,activity_raw_flat,42,0,1,44,1,1,107,0.7178071760528328,cross_split_cross_seed
v8,activity_raw_flat,42,0,1,44,1,2,98,0.8425987575545073,cross_split_cross_seed
v8,activity_raw_flat,42,0,1,44,2,0,108,0.7923546849522457,cross_split_cross_seed
v8,activity_raw_flat,42,0,1,44,2,1,104,0.7655241750884942,cross_split_cross_seed
v8,activity_raw_flat,42,0,1,44,2,2,98,0.761582054903733,cross_split_cross_seed
v8,activity_raw_flat,42,0,1,44,3,0,100,0.7432696096376956,cross_split_cross_seed
v8,activity_raw_flat,42,0,1,44,3,1,104,0.7898680608472658,cross_split_cross_seed
v8,activity_raw_flat,42,0,1,44,3,2,110,0.7885653202101104,cross_split_cross_seed
v8,activity_raw_flat,42,0,1,44,4,0,106,0.7177400790161045,cross_split_cross_seed
v8,activity_raw_flat,42,0,1,44,4,1,100,0.7121121178531757,cross_split_cross_seed
v8,activity_raw_flat,42,0,1,44,4,2,102,0.765451531607116,cross_split_cross_seed
v8,activity_raw_flat,42,0,2,42,1,0,99,0.8679760175093174,cross_split_same_seed
v8,activity_raw_flat,42,0,2,42,1,1,102,0.8610542579197596,cross_split_same_seed
v8,activity_raw_flat,42,0,2,42,1,2,105,0.8245268189068038,cross_split_same_seed
v8,activity_raw_flat,42,0,2,42,2,0,109,0.8656576112556308,cross_split_same_seed
v8,activity_raw_flat,42,0,2,42,2,1,103,0.8169129501090601,cross_split_same_seed
v8,activity_raw_flat,42,0,2,42,2,2,104,0.9134285952742087,cross_split_same_seed
v8,activity_raw_flat,42,0,2,42,3,0,111,0.8554446273700453,cross_split_same_seed
v8,activity_raw_flat,42,0,2,42,3,1,98,0.8906685466621563,cross_split_same_seed
v8,activity_raw_flat,42,0,2,42,3,2,105,0.8851337695202313,cross_split_same_seed
v8,activity_raw_flat,42,0,2,42,4,0,99,0.9094519703795484,cross_split_same_seed
v8,activity_raw_flat,42,0,2,42,4,1,105,0.8457081202670456,cross_split_same_seed
v8,activity_raw_flat,42,0,2,42,4,2,108,0.915044032178347,cross_split_same_seed
v8,activity_raw_flat,42,0,2,43,0,0,103,0.8275015802098793,cross_split_cross_seed
v8,activity_raw_flat,42,0,2,43,0,1,105,0.7608278369051555,cross_split_cross_seed
v8,activity_raw_flat,42,0,2,43,0,2,208,0.7898313272379001,same_split_cross_seed
v8,activity_raw_flat,42,0,2,43,1,0,99,0.7890401348956674,cross_split_cross_seed
v8,activity_raw_flat,42,0,2,43,1,1,102,0.7423761449769957,cross_split_cross_seed
v8,activity_raw_flat,42,0,2,43,1,2,105,0.7756599353174283,cross_split_cross_seed
v8,activity_raw_flat,42,0,2,43,2,0,109,0.7569044092732804,cross_split_cross_seed
v8,activity_raw_flat,42,0,2,43,2,1,103,0.8089306076673924,cross_split_cross_seed
v8,activity_raw_flat,42,0,2,43,2,2,104,0.796277721878605,cross_split_cross_seed
v8,activity_raw_flat,42,0,2,43,3,0,111,0.7325618161972923,cross_split_cross_seed
v8,activity_raw_flat,42,0,2,43,3,1,98,0.8075462117915116,cross_split_cross_seed
v8,activity_raw_flat,42,0,2,43,3,2,105,0.7944130786564793,cross_split_cross_seed
v8,activity_raw_flat,42,0,2,43,4,0,99,0.8253040993202256,cross_split_cross_seed
v8,activity_raw_flat,42,0,2,43,4,1,105,0.7691608048481275,cross_split_cross_seed
v8,activity_raw_flat,42,0,2,43,4,2,108,0.8222697040446408,cross_split_cross_seed
v8,activity_raw_flat,42,0,2,44,0,0,103,0.8202765742944426,cross_split_cross_seed
v8,activity_raw_flat,42,0,2,44,0,1,105,0.7612832323191705,cross_split_cross_seed
v8,activity_raw_flat,42,0,2,44,0,2,208,0.7810388759678679,same_split_cross_seed
v8,activity_raw_flat,42,0,2,44,1,0,99,0.786535110168917,cross_split_cross_seed
v8,activity_raw_flat,42,0,2,44,1,1,102,0.7700853715992575,cross_split_cross_seed
v8,activity_raw_flat,42,0,2,44,1,2,105,0.8369181289452303,cross_split_cross_seed
v8,activity_raw_flat,42,0,2,44,2,0,109,0.829728734250732,cross_split_cross_seed
v8,activity_raw_flat,42,0,2,44,2,1,103,0.7916437700314541,cross_split_cross_seed
v8,activity_raw_flat,42,0,2,44,2,2,104,0.7980694537393166,cross_split_cross_seed
v8,activity_raw_flat,42,0,2,44,3,0,111,0.8140560040161571,cross_split_cross_seed
v8,activity_raw_flat,42,0,2,44,3,1,98,0.8328519973070768,cross_split_cross_seed
v8,activity_raw_flat,42,0,2,44,3,2,105,0.8115910330869607,cross_split_cross_seed
v8,activity_raw_flat,42,0,2,44,4,0,99,0.7766541063066428,cross_split_cross_seed
v8,activity_raw_flat,42,0,2,44,4,1,105,0.7829482036144355,cross_split_cross_seed
v8,activity_raw_flat,42,0,2,44,4,2,108,0.8460323477703338,cross_split_cross_seed
v8,activity_raw_flat,42,1,0,42,1,1,103,0.9004702444984053,cross_split_same_seed
v8,activity_raw_flat,42,1,0,42,1,2,104,0.9586406004623892,cross_split_same_seed
v8,activity_raw_flat,42,1,0,42,2,0,104,0.8486764138347298,cross_split_same_seed
v8,activity_raw_flat,42,1,0,42,2,1,101,0.7969646654573975,cross_split_same_seed
v8,activity_raw_flat,42,1,0,42,2,2,105,0.8778092209394395,cross_split_same_seed
v8,activity_raw_flat,42,1,0,42,3,0,104,0.7846635178424424,cross_split_same_seed
v8,activity_raw_flat,42,1,0,42,3,1,104,0.9409337747496977,cross_split_same_seed
v8,activity_raw_flat,42,1,0,42,3,2,102,0.9384426189051502,cross_split_same_seed
v8,activity_raw_flat,42,1,0,42,4,0,109,0.9380171751731055,cross_split_same_seed
v8,activity_raw_flat,42,1,0,42,4,1,101,0.9419243286619126,cross_split_same_seed
v8,activity_raw_flat,42,1,0,42,4,2,104,0.9172238834688113,cross_split_same_seed
v8,activity_raw_flat,42,1,0,43,0,0,104,0.8276269922823478,cross_split_cross_seed
v8,activity_raw_flat,42,1,0,43,0,1,105,0.7998113660882448,cross_split_cross_seed
v8,activity_raw_flat,42,1,0,43,0,2,99,0.8619602512022528,cross_split_cross_seed
v8,activity_raw_flat,42,1,0,43,1,0,207,0.7509655351414554,same_split_cross_seed
v8,activity_raw_flat,42,1,0,43,1,1,103,0.7674916336826687,cross_split_cross_seed
v8,activity_raw_flat,42,1,0,43,1,2,104,0.8746844117046367,cross_split_cross_seed
v8,activity_raw_flat,42,1,0,43,2,0,104,0.8821134524542388,cross_split_cross_seed
v8,activity_raw_flat,42,1,0,43,2,1,101,0.8339979445786283,cross_split_cross_seed
v8,activity_raw_flat,42,1,0,43,2,2,105,0.8240947071981305,cross_split_cross_seed
v8,activity_raw_flat,42,1,0,43,3,0,104,0.6837200218650351,cross_split_cross_seed
v8,activity_raw_flat,42,1,0,43,3,1,104,0.8966823424370495,cross_split_cross_seed
v8,activity_raw_flat,42,1,0,43,3,2,102,0.9012568122511793,cross_split_cross_seed
v8,activity_raw_flat,42,1,0,43,4,0,109,0.8639604558917898,cross_split_cross_seed
v8,activity_raw_flat,42,1,0,43,4,1,101,0.8151653149282625,cross_split_cross_seed
v8,activity_raw_flat,42,1,0,43,4,2,104,0.78787935353084,cross_split_cross_seed
v8,activity_raw_flat,42,1,0,44,0,0,104,0.8788586674498475,cross_split_cross_seed
v8,activity_raw_flat,42,1,0,44,0,1,105,0.8035588857976145,cross_split_cross_seed
v8,activity_raw_flat,42,1,0,44,0,2,99,0.8046038008063106,cross_split_cross_seed
v8,activity_raw_flat,42,1,0,44,1,0,207,0.8027784822903409,same_split_cross_seed
v8,activity_raw_flat,42,1,0,44,1,1,103,0.821776166086789,cross_split_cross_seed
v8,activity_raw_flat,42,1,0,44,1,2,104,0.81640573488576,cross_split_cross_seed
v8,activity_raw_flat,42,1,0,44,2,0,104,0.8216490459320923,cross_split_cross_seed
v8,activity_raw_flat,42,1,0,44,2,1,101,0.8977561932171028,cross_split_cross_seed
v8,activity_raw_flat,42,1,0,44,2,2,105,0.7002828891506007,cross_split_cross_seed
v8,activity_raw_flat,42,1,0,44,3,0,104,0.8173694654581272,cross_split_cross_seed
v8,activity_raw_flat,42,1,0,44,3,1,104,0.855571539492294,cross_split_cross_seed
v8,activity_raw_flat,42,1,0,44,3,2,102,0.8693297359730191,cross_split_cross_seed
v8,activity_raw_flat,42,1,0,44,4,0,109,0.9143123107835497,cross_split_cross_seed
v8,activity_raw_flat,42,1,0,44,4,1,101,0.7984984053258319,cross_split_cross_seed
v8,activity_raw_flat,42,1,0,44,4,2,104,0.8080683286126318,cross_split_cross_seed
v8,activity_raw_flat,42,1,1,42,1,2,105,0.8885481669539625,cross_split_same_seed
v8,activity_raw_flat,42,1,1,42,2,0,101,0.9194898899837637,cross_split_same_seed
v8,activity_raw_flat,42,1,1,42,2,1,107,0.7998795422632557,cross_split_same_seed
v8,activity_raw_flat,42,1,1,42,2,2,110,0.8912053746156884,cross_split_same_seed
v8,activity_raw_flat,42,1,1,42,3,0,97,0.8019292289001047,cross_split_same_seed
v8,activity_raw_flat,42,1,1,42,3,1,101,0.9019102516182811,cross_split_same_seed
v8,activity_raw_flat,42,1,1,42,3,2,106,0.8911313036020091,cross_split_same_seed
v8,activity_raw_flat,42,1,1,42,4,0,104,0.8929707348997861,cross_split_same_seed
v8,activity_raw_flat,42,1,1,42,4,1,109,0.9034798247235923,cross_split_same_seed
v8,activity_raw_flat,42,1,1,42,4,2,103,0.8748285993408629,cross_split_same_seed
v8,activity_raw_flat,42,1,1,43,0,0,101,0.7823484559059827,cross_split_cross_seed
v8,activity_raw_flat,42,1,1,43,0,1,107,0.8169676939583613,cross_split_cross_seed
v8,activity_raw_flat,42,1,1,43,0,2,102,0.839505084309322,cross_split_cross_seed
v8,activity_raw_flat,42,1,1,43,1,0,103,0.7994481685944878,cross_split_cross_seed
v8,activity_raw_flat,42,1,1,43,1,1,208,0.7511130205293993,same_split_cross_seed
v8,activity_raw_flat,42,1,1,43,1,2,105,0.8052504470583346,cross_split_cross_seed
v8,activity_raw_flat,42,1,1,43,2,0,101,0.8113745333564372,cross_split_cross_seed
v8,activity_raw_flat,42,1,1,43,2,1,107,0.8039139367832164,cross_split_cross_seed
v8,activity_raw_flat,42,1,1,43,2,2,110,0.8165730506956687,cross_split_cross_seed
v8,activity_raw_flat,42,1,1,43,3,0,97,0.6864064727409581,cross_split_cross_seed
v8,activity_raw_flat,42,1,1,43,3,1,101,0.8550427420708746,cross_split_cross_seed
v8,activity_raw_flat,42,1,1,43,3,2,106,0.8361466417009021,cross_split_cross_seed
v8,activity_raw_flat,42,1,1,43,4,0,104,0.8056673757323085,cross_split_cross_seed
v8,activity_raw_flat,42,1,1,43,4,1,109,0.7749832159639455,cross_split_cross_seed
v8,activity_raw_flat,42,1,1,43,4,2,103,0.7368517792620657,cross_split_cross_seed
v8,activity_raw_flat,42,1,1,44,0,0,101,0.835606020802023,cross_split_cross_seed
v8,activity_raw_flat,42,1,1,44,0,1,107,0.8057013268229609,cross_split_cross_seed
v8,activity_raw_flat,42,1,1,44,0,2,102,0.7687260610745309,cross_split_cross_seed
v8,activity_raw_flat,42,1,1,44,1,0,103,0.8005526222090766,cross_split_cross_seed
v8,activity_raw_flat,42,1,1,44,1,1,208,0.7766026151155281,same_split_cross_seed
v8,activity_raw_flat,42,1,1,44,1,2,105,0.8047239557913143,cross_split_cross_seed
v8,activity_raw_flat,42,1,1,44,2,0,101,0.8336170091172036,cross_split_cross_seed
v8,activity_raw_flat,42,1,1,44,2,1,107,0.8477757222508859,cross_split_cross_seed
v8,activity_raw_flat,42,1,1,44,2,2,110,0.7375566391440109,cross_split_cross_seed
v8,activity_raw_flat,42,1,1,44,3,0,97,0.7732555117677394,cross_split_cross_seed
v8,activity_raw_flat,42,1,1,44,3,1,101,0.8238069102660138,cross_split_cross_seed
v8,activity_raw_flat,42,1,1,44,3,2,106,0.8185713376681959,cross_split_cross_seed
v8,activity_raw_flat,42,1,1,44,4,0,104,0.83904799937086,cross_split_cross_seed
v8,activity_raw_flat,42,1,1,44,4,1,109,0.7808360471370552,cross_split_cross_seed
v8,activity_raw_flat,42,1,1,44,4,2,103,0.7778450797656615,cross_split_cross_seed
v8,activity_raw_flat,42,1,2,42,2,0,105,0.8241191858799897,cross_split_same_seed
v8,activity_raw_flat,42,1,2,42,2,1,94,0.800201285545852,cross_split_same_seed
v8,activity_raw_flat,42,1,2,42,2,2,109,0.840706526413782,cross_split_same_seed
v8,activity_raw_flat,42,1,2,42,3,0,105,0.7148657138224892,cross_split_same_seed
v8,activity_raw_flat,42,1,2,42,3,1,105,0.9025810022053995,cross_split_same_seed
v8,activity_raw_flat,42,1,2,42,3,2,116,0.9339747197067273,cross_split_same_seed
v8,activity_raw_flat,42,1,2,42,4,0,101,0.8954500753991098,cross_split_same_seed
v8,activity_raw_flat,42,1,2,42,4,1,114,0.9752120975643904,cross_split_same_seed
v8,activity_raw_flat,42,1,2,42,4,2,95,0.8890396099720627,cross_split_same_seed
v8,activity_raw_flat,42,1,2,43,0,0,107,0.7958191155605107,cross_split_cross_seed
v8,activity_raw_flat,42,1,2,43,0,1,98,0.841022443969875,cross_split_cross_seed
v8,activity_raw_flat,42,1,2,43,0,2,105,0.8698002860703175,cross_split_cross_seed
v8,activity_raw_flat,42,1,2,43,1,0,104,0.7463466580979179,cross_split_cross_seed
v8,activity_raw_flat,42,1,2,43,1,1,105,0.7779152403368286,cross_split_cross_seed
v8,activity_raw_flat,42,1,2,43,1,2,209,0.8456459098133452,same_split_cross_seed
v8,activity_raw_flat,42,1,2,43,2,0,105,0.9064647666685807,cross_split_cross_seed
v8,activity_raw_flat,42,1,2,43,2,1,94,0.8262291697108429,cross_split_cross_seed
v8,activity_raw_flat,42,1,2,43,2,2,109,0.8420180608180831,cross_split_cross_seed
v8,activity_raw_flat,42,1,2,43,3,0,105,0.6468811443708219,cross_split_cross_seed
v8,activity_raw_flat,42,1,2,43,3,1,105,0.9143742912875145,cross_split_cross_seed
v8,activity_raw_flat,42,1,2,43,3,2,116,0.873183767180099,cross_split_cross_seed
v8,activity_raw_flat,42,1,2,43,4,0,101,0.8369328651267341,cross_split_cross_seed
v8,activity_raw_flat,42,1,2,43,4,1,114,0.8065237041867548,cross_split_cross_seed
v8,activity_raw_flat,42,1,2,43,4,2,95,0.727526213173059,cross_split_cross_seed
v8,activity_raw_flat,42,1,2,44,0,0,107,0.8574760019015919,cross_split_cross_seed
v8,activity_raw_flat,42,1,2,44,0,1,98,0.7973637566987557,cross_split_cross_seed
v8,activity_raw_flat,42,1,2,44,0,2,105,0.7779358307423555,cross_split_cross_seed
v8,activity_raw_flat,42,1,2,44,1,0,104,0.7858520023220976,cross_split_cross_seed
v8,activity_raw_flat,42,1,2,44,1,1,105,0.8202659260532754,cross_split_cross_seed
v8,activity_raw_flat,42,1,2,44,1,2,209,0.7418100518794432,same_split_cross_seed
v8,activity_raw_flat,42,1,2,44,2,0,105,0.78795401781897,cross_split_cross_seed
v8,activity_raw_flat,42,1,2,44,2,1,94,0.9189593149739165,cross_split_cross_seed
v8,activity_raw_flat,42,1,2,44,2,2,109,0.6460793435738185,cross_split_cross_seed
v8,activity_raw_flat,42,1,2,44,3,0,105,0.7540292081582451,cross_split_cross_seed
v8,activity_raw_flat,42,1,2,44,3,1,105,0.8231111350368617,cross_split_cross_seed
v8,activity_raw_flat,42,1,2,44,3,2,116,0.816598122122794,cross_split_cross_seed
v8,activity_raw_flat,42,1,2,44,4,0,101,0.9292371385473748,cross_split_cross_seed
v8,activity_raw_flat,42,1,2,44,4,1,114,0.7679780717214544,cross_split_cross_seed
v8,activity_raw_flat,42,1,2,44,4,2,95,0.7358828177690007,cross_split_cross_seed
v8,activity_raw_flat,42,2,0,42,2,1,103,0.7993827731173977,cross_split_same_seed
v8,activity_raw_flat,42,2,0,42,2,2,104,0.9053796210643912,cross_split_same_seed
v8,activity_raw_flat,42,2,0,42,3,0,103,0.8384917403540859,cross_split_same_seed
v8,activity_raw_flat,42,2,0,42,3,1,107,0.8706501549847191,cross_split_same_seed
v8,activity_raw_flat,42,2,0,42,3,2,104,0.8707435299085304,cross_split_same_seed
v8,activity_raw_flat,42,2,0,42,4,0,105,0.8772293317009037,cross_split_same_seed
v8,activity_raw_flat,42,2,0,42,4,1,94,0.8338471689058241,cross_split_same_seed
v8,activity_raw_flat,42,2,0,42,4,2,101,0.8759817463382588,cross_split_same_seed
v8,activity_raw_flat,42,2,0,43,0,0,101,0.8387830022255459,cross_split_cross_seed
v8,activity_raw_flat,42,2,0,43,0,1,108,0.7245618685593076,cross_split_cross_seed
v8,activity_raw_flat,42,2,0,43,0,2,109,0.7677852116191883,cross_split_cross_seed
v8,activity_raw_flat,42,2,0,43,1,0,104,0.7579986657227153,cross_split_cross_seed
v8,activity_raw_flat,42,2,0,43,1,1,101,0.7510944168138294,cross_split_cross_seed
v8,activity_raw_flat,42,2,0,43,1,2,105,0.7821959801159387,cross_split_cross_seed
v8,activity_raw_flat,42,2,0,43,2,0,207,0.729614433223266,same_split_cross_seed
v8,activity_raw_flat,42,2,0,43,2,1,103,0.7878558698186825,cross_split_cross_seed
v8,activity_raw_flat,42,2,0,43,2,2,104,0.8079032373075965,cross_split_cross_seed
v8,activity_raw_flat,42,2,0,43,3,0,103,0.6993820069915767,cross_split_cross_seed
v8,activity_raw_flat,42,2,0,43,3,1,107,0.8266400913614458,cross_split_cross_seed
v8,activity_raw_flat,42,2,0,43,3,2,104,0.8216804899676522,cross_split_cross_seed
v8,activity_raw_flat,42,2,0,43,4,0,105,0.8108830445076619,cross_split_cross_seed
v8,activity_raw_flat,42,2,0,43,4,1,94,0.7808531377807304,cross_split_cross_seed
v8,activity_raw_flat,42,2,0,43,4,2,101,0.765355894189272,cross_split_cross_seed
v8,activity_raw_flat,42,2,0,44,0,0,101,0.8295529177932411,cross_split_cross_seed
v8,activity_raw_flat,42,2,0,44,0,1,108,0.739051763570691,cross_split_cross_seed
v8,activity_raw_flat,42,2,0,44,0,2,109,0.7588700839253631,cross_split_cross_seed
v8,activity_raw_flat,42,2,0,44,1,0,104,0.7620753146642606,cross_split_cross_seed
v8,activity_raw_flat,42,2,0,44,1,1,101,0.7556929218027165,cross_split_cross_seed
v8,activity_raw_flat,42,2,0,44,1,2,105,0.805737671972232,cross_split_cross_seed
v8,activity_raw_flat,42,2,0,44,2,0,207,0.8163321544035581,same_split_cross_seed
v8,activity_raw_flat,42,2,0,44,2,1,103,0.7718714524525786,cross_split_cross_seed
v8,activity_raw_flat,42,2,0,44,2,2,104,0.7572155174539352,cross_split_cross_seed
v8,activity_raw_flat,42,2,0,44,3,0,103,0.7626758552182771,cross_split_cross_seed
v8,activity_raw_flat,42,2,0,44,3,1,107,0.8230058568510137,cross_split_cross_seed
v8,activity_raw_flat,42,2,0,44,3,2,104,0.8074020113960257,cross_split_cross_seed
v8,activity_raw_flat,42,2,0,44,4,0,105,0.7707178066068152,cross_split_cross_seed
v8,activity_raw_flat,42,2,0,44,4,1,94,0.7714506704976813,cross_split_cross_seed
v8,activity_raw_flat,42,2,0,44,4,2,101,0.8189486326577345,cross_split_cross_seed
v8,activity_raw_flat,42,2,1,42,2,2,105,0.8613351881002905,cross_split_same_seed
v8,activity_raw_flat,42,2,1,42,3,0,108,0.7997154209555076,cross_split_same_seed
v8,activity_raw_flat,42,2,1,42,3,1,111,0.8996879834087793,cross_split_same_seed
v8,activity_raw_flat,42,2,1,42,3,2,101,0.9294001403990647,cross_split_same_seed
v8,activity_raw_flat,42,2,1,42,4,0,103,0.9224518749182676,cross_split_same_seed
v8,activity_raw_flat,42,2,1,42,4,1,103,0.8474644699096509,cross_split_same_seed
v8,activity_raw_flat,42,2,1,42,4,2,110,0.9101477544792876,cross_split_same_seed
v8,activity_raw_flat,42,2,1,43,0,0,103,0.7537965425387831,cross_split_cross_seed
v8,activity_raw_flat,42,2,1,43,0,1,104,0.5947899798711773,cross_split_cross_seed
v8,activity_raw_flat,42,2,1,43,0,2,103,0.6962658099760095,cross_split_cross_seed
v8,activity_raw_flat,42,2,1,43,1,0,101,0.6616095472193191,cross_split_cross_seed
v8,activity_raw_flat,42,2,1,43,1,1,107,0.578777216274893,cross_split_cross_seed
v8,activity_raw_flat,42,2,1,43,1,2,94,0.6659219699763946,cross_split_cross_seed
v8,activity_raw_flat,42,2,1,43,2,0,103,0.6619247049434117,cross_split_cross_seed
v8,activity_raw_flat,42,2,1,43,2,1,208,0.7213091400207643,same_split_cross_seed
v8,activity_raw_flat,42,2,1,43,2,2,105,0.6608584157940324,cross_split_cross_seed
v8,activity_raw_flat,42,2,1,43,3,0,108,0.6265604075495679,cross_split_cross_seed
v8,activity_raw_flat,42,2,1,43,3,1,111,0.7169956887591091,cross_split_cross_seed
v8,activity_raw_flat,42,2,1,43,3,2,101,0.6703373747311326,cross_split_cross_seed
v8,activity_raw_flat,42,2,1,43,4,0,103,0.7275031356443126,cross_split_cross_seed
v8,activity_raw_flat,42,2,1,43,4,1,103,0.6290578754029773,cross_split_cross_seed
v8,activity_raw_flat,42,2,1,43,4,2,110,0.7010380758418777,cross_split_cross_seed
v8,activity_raw_flat,42,2,1,44,0,0,103,0.7177490481453842,cross_split_cross_seed
v8,activity_raw_flat,42,2,1,44,0,1,104,0.6256321942669504,cross_split_cross_seed
v8,activity_raw_flat,42,2,1,44,0,2,103,0.6900434126721366,cross_split_cross_seed
v8,activity_raw_flat,42,2,1,44,1,0,101,0.6721036848859638,cross_split_cross_seed
v8,activity_raw_flat,42,2,1,44,1,1,107,0.6899917244518508,cross_split_cross_seed
v8,activity_raw_flat,42,2,1,44,1,2,94,0.7100339689187346,cross_split_cross_seed
v8,activity_raw_flat,42,2,1,44,2,0,103,0.7129757730914176,cross_split_cross_seed
v8,activity_raw_flat,42,2,1,44,2,1,208,0.6562723057905839,same_split_cross_seed
v8,activity_raw_flat,42,2,1,44,2,2,105,0.7034212119430733,cross_split_cross_seed
v8,activity_raw_flat,42,2,1,44,3,0,108,0.7284697149818121,cross_split_cross_seed
v8,activity_raw_flat,42,2,1,44,3,1,111,0.7645417520766236,cross_split_cross_seed
v8,activity_raw_flat,42,2,1,44,3,2,101,0.7003997107742953,cross_split_cross_seed
v8,activity_raw_flat,42,2,1,44,4,0,103,0.7162774495425995,cross_split_cross_seed
v8,activity_raw_flat,42,2,1,44,4,1,103,0.7257639376292949,cross_split_cross_seed
v8,activity_raw_flat,42,2,1,44,4,2,110,0.7590474748606102,cross_split_cross_seed
v8,activity_raw_flat,42,2,2,42,3,0,103,0.8919455480124417,cross_split_same_seed
v8,activity_raw_flat,42,2,2,42,3,1,102,0.9240482156847672,cross_split_same_seed
v8,activity_raw_flat,42,2,2,42,3,2,101,0.9153955818106815,cross_split_same_seed
v8,activity_raw_flat,42,2,2,42,4,0,106,0.9240323027719236,cross_split_same_seed
v8,activity_raw_flat,42,2,2,42,4,1,103,0.8433803851698376,cross_split_same_seed
v8,activity_raw_flat,42,2,2,42,4,2,115,0.9294178105252572,cross_split_same_seed
v8,activity_raw_flat,42,2,2,43,0,0,98,0.8607962572624538,cross_split_cross_seed
v8,activity_raw_flat,42,2,2,43,0,1,98,0.7802514169563497,cross_split_cross_seed
v8,activity_raw_flat,42,2,2,43,0,2,104,0.8089380316174984,cross_split_cross_seed
v8,activity_raw_flat,42,2,2,43,1,0,105,0.808838961484993,cross_split_cross_seed
v8,activity_raw_flat,42,2,2,43,1,1,110,0.7542669657801145,cross_split_cross_seed
v8,activity_raw_flat,42,2,2,43,1,2,109,0.7971876335164408,cross_split_cross_seed
v8,activity_raw_flat,42,2,2,43,2,0,104,0.8141411437392377,cross_split_cross_seed
v8,activity_raw_flat,42,2,2,43,2,1,105,0.8205686098606847,cross_split_cross_seed
v8,activity_raw_flat,42,2,2,43,2,2,209,0.7807684420726645,same_split_cross_seed
v8,activity_raw_flat,42,2,2,43,3,0,103,0.7453617743672057,cross_split_cross_seed
v8,activity_raw_flat,42,2,2,43,3,1,102,0.8458290720336257,cross_split_cross_seed
v8,activity_raw_flat,42,2,2,43,3,2,101,0.841878724484524,cross_split_cross_seed
v8,activity_raw_flat,42,2,2,43,4,0,106,0.8305262216067143,cross_split_cross_seed
v8,activity_raw_flat,42,2,2,43,4,1,103,0.7623474900212135,cross_split_cross_seed
v8,activity_raw_flat,42,2,2,43,4,2,115,0.8136401338623136,cross_split_cross_seed
v8,activity_raw_flat,42,2,2,44,0,0,98,0.8715966213197538,cross_split_cross_seed
v8,activity_raw_flat,42,2,2,44,0,1,98,0.811590529457967,cross_split_cross_seed
v8,activity_raw_flat,42,2,2,44,0,2,104,0.8046224761035133,cross_split_cross_seed
v8,activity_raw_flat,42,2,2,44,1,0,105,0.8288855854534573,cross_split_cross_seed
v8,activity_raw_flat,42,2,2,44,1,1,110,0.8168279916832912,cross_split_cross_seed
v8,activity_raw_flat,42,2,2,44,1,2,109,0.8440946774022781,cross_split_cross_seed
v8,activity_raw_flat,42,2,2,44,2,0,104,0.8632331327474146,cross_split_cross_seed
v8,activity_raw_flat,42,2,2,44,2,1,105,0.8130123217273032,cross_split_cross_seed
v8,activity_raw_flat,42,2,2,44,2,2,209,0.7550721355025248,same_split_cross_seed
v8,activity_raw_flat,42,2,2,44,3,0,103,0.8322079256167574,cross_split_cross_seed
v8,activity_raw_flat,42,2,2,44,3,1,102,0.8702109793834487,cross_split_cross_seed
v8,activity_raw_flat,42,2,2,44,3,2,101,0.8575629910546104,cross_split_cross_seed
v8,activity_raw_flat,42,2,2,44,4,0,106,0.7981875556069584,cross_split_cross_seed
v8,activity_raw_flat,42,2,2,44,4,1,103,0.8075762205059619,cross_split_cross_seed
v8,activity_raw_flat,42,2,2,44,4,2,115,0.8546583367105531,cross_split_cross_seed
v8,activity_raw_flat,42,3,0,42,3,1,103,0.8448200200854853,cross_split_same_seed
v8,activity_raw_flat,42,3,0,42,3,2,105,0.7863796129072395,cross_split_same_seed
v8,activity_raw_flat,42,3,0,42,4,0,97,0.848763973479075,cross_split_same_seed
v8,activity_raw_flat,42,3,0,42,4,1,112,0.7857677109384665,cross_split_same_seed
v8,activity_raw_flat,42,3,0,42,4,2,113,0.8189788719347478,cross_split_same_seed
v8,activity_raw_flat,42,3,0,43,0,0,95,0.803131302525185,cross_split_cross_seed
v8,activity_raw_flat,42,3,0,43,0,1,100,0.6906675877149487,cross_split_cross_seed
v8,activity_raw_flat,42,3,0,43,0,2,111,0.7474194848708177,cross_split_cross_seed
v8,activity_raw_flat,42,3,0,43,1,0,104,0.7838402539981378,cross_split_cross_seed
v8,activity_raw_flat,42,3,0,43,1,1,97,0.6901447894186189,cross_split_cross_seed
v8,activity_raw_flat,42,3,0,43,1,2,105,0.7092647986781605,cross_split_cross_seed
v8,activity_raw_flat,42,3,0,43,2,0,103,0.6865192424167147,cross_split_cross_seed
v8,activity_raw_flat,42,3,0,43,2,1,108,0.7775491866323457,cross_split_cross_seed
v8,activity_raw_flat,42,3,0,43,2,2,103,0.7124069353180844,cross_split_cross_seed
v8,activity_raw_flat,42,3,0,43,3,0,208,0.705110717911506,same_split_cross_seed
v8,activity_raw_flat,42,3,0,43,3,1,103,0.7410655223660031,cross_split_cross_seed
v8,activity_raw_flat,42,3,0,43,3,2,105,0.7274149409910183,cross_split_cross_seed
v8,activity_raw_flat,42,3,0,43,4,0,97,0.7583059890975627,cross_split_cross_seed
v8,activity_raw_flat,42,3,0,43,4,1,112,0.7075950340141511,cross_split_cross_seed
v8,activity_raw_flat,42,3,0,43,4,2,113,0.7668732030876841,cross_split_cross_seed
v8,activity_raw_flat,42,3,0,44,0,0,95,0.7995909710286712,cross_split_cross_seed
v8,activity_raw_flat,42,3,0,44,0,1,100,0.7447805705892064,cross_split_cross_seed
v8,activity_raw_flat,42,3,0,44,0,2,111,0.7974984334157048,cross_split_cross_seed
v8,activity_raw_flat,42,3,0,44,1,0,104,0.7815739213453786,cross_split_cross_seed
v8,activity_raw_flat,42,3,0,44,1,1,97,0.7435416082600458,cross_split_cross_seed
v8,activity_raw_flat,42,3,0,44,1,2,105,0.7984741393727921,cross_split_cross_seed
v8,activity_raw_flat,42,3,0,44,2,0,103,0.809767726465564,cross_split_cross_seed
v8,activity_raw_flat,42,3,0,44,2,1,108,0.7424530720667559,cross_split_cross_seed
v8,activity_raw_flat,42,3,0,44,2,2,103,0.819610791170552,cross_split_cross_seed
v8,activity_raw_flat,42,3,0,44,3,0,208,0.7595449773882824,same_split_cross_seed
v8,activity_raw_flat,42,3,0,44,3,1,103,0.7983610789874397,cross_split_cross_seed
v8,activity_raw_flat,42,3,0,44,3,2,105,0.7931251035207088,cross_split_cross_seed
v8,activity_raw_flat,42,3,0,44,4,0,97,0.7024584281795274,cross_split_cross_seed
v8,activity_raw_flat,42,3,0,44,4,1,112,0.7574191850842706,cross_split_cross_seed
v8,activity_raw_flat,42,3,0,44,4,2,113,0.8249325897193088,cross_split_cross_seed
v8,activity_raw_flat,42,3,1,42,3,2,105,0.9461227806204173,cross_split_same_seed
v8,activity_raw_flat,42,3,1,42,4,0,105,0.9536339196171293,cross_split_same_seed
v8,activity_raw_flat,42,3,1,42,4,1,106,0.9369157528699464,cross_split_same_seed
v8,activity_raw_flat,42,3,1,42,4,2,99,0.9536633611265748,cross_split_same_seed
v8,activity_raw_flat,42,3,1,43,0,0,106,0.8122633484070966,cross_split_cross_seed
v8,activity_raw_flat,42,3,1,43,0,1,104,0.7926764140767969,cross_split_cross_seed
v8,activity_raw_flat,42,3,1,43,0,2,98,0.8405828941067427,cross_split_cross_seed
v8,activity_raw_flat,42,3,1,43,1,0,104,0.770764365706875,cross_split_cross_seed
v8,activity_raw_flat,42,3,1,43,1,1,101,0.7599572698257236,cross_split_cross_seed
v8,activity_raw_flat,42,3,1,43,1,2,105,0.7970988578035427,cross_split_cross_seed
v8,activity_raw_flat,42,3,1,43,2,0,107,0.8328136540978566,cross_split_cross_seed
v8,activity_raw_flat,42,3,1,43,2,1,111,0.8220149277966179,cross_split_cross_seed
v8,activity_raw_flat,42,3,1,43,2,2,102,0.8211579562769203,cross_split_cross_seed
v8,activity_raw_flat,42,3,1,43,3,0,103,0.7110844100218906,cross_split_cross_seed
v8,activity_raw_flat,42,3,1,43,3,1,208,0.8409399104834454,same_split_cross_seed
v8,activity_raw_flat,42,3,1,43,3,2,105,0.8349987477896548,cross_split_cross_seed
v8,activity_raw_flat,42,3,1,43,4,0,105,0.8212481840791372,cross_split_cross_seed
v8,activity_raw_flat,42,3,1,43,4,1,106,0.8049972358423919,cross_split_cross_seed
v8,activity_raw_flat,42,3,1,43,4,2,99,0.7870091379705657,cross_split_cross_seed
v8,activity_raw_flat,42,3,1,44,0,0,106,0.82424821099218,cross_split_cross_seed
v8,activity_raw_flat,42,3,1,44,0,1,104,0.7932973424778303,cross_split_cross_seed
v8,activity_raw_flat,42,3,1,44,0,2,98,0.7948055528489124,cross_split_cross_seed
v8,activity_raw_flat,42,3,1,44,1,0,104,0.7784487183608673,cross_split_cross_seed
v8,activity_raw_flat,42,3,1,44,1,1,101,0.8012003401490331,cross_split_cross_seed
v8,activity_raw_flat,42,3,1,44,1,2,105,0.8064585623122659,cross_split_cross_seed
v8,activity_raw_flat,42,3,1,44,2,0,107,0.8244503911720487,cross_split_cross_seed
v8,activity_raw_flat,42,3,1,44,2,1,111,0.8253427088777957,cross_split_cross_seed
v8,activity_raw_flat,42,3,1,44,2,2,102,0.7584800088846299,cross_split_cross_seed
v8,activity_raw_flat,42,3,1,44,3,0,103,0.7946603572712949,cross_split_cross_seed
v8,activity_raw_flat,42,3,1,44,3,1,208,0.8512900117808649,same_split_cross_seed
v8,activity_raw_flat,42,3,1,44,3,2,105,0.817966261312463,cross_split_cross_seed
v8,activity_raw_flat,42,3,1,44,4,0,105,0.8216930026336418,cross_split_cross_seed
v8,activity_raw_flat,42,3,1,44,4,1,106,0.8322200172326538,cross_split_cross_seed
v8,activity_raw_flat,42,3,1,44,4,2,99,0.8194588222563253,cross_split_cross_seed
v8,activity_raw_flat,42,3,2,42,4,0,96,0.9454653756286133,cross_split_same_seed
v8,activity_raw_flat,42,3,2,42,4,1,108,0.9397849382143026,cross_split_same_seed
v8,activity_raw_flat,42,3,2,42,4,2,108,0.9745980959087353,cross_split_same_seed
v8,activity_raw_flat,42,3,2,43,0,0,103,0.8177242408199662,cross_split_cross_seed
v8,activity_raw_flat,42,3,2,43,0,1,110,0.7616661026171634,cross_split_cross_seed
v8,activity_raw_flat,42,3,2,43,0,2,105,0.8181093456235408,cross_split_cross_seed
v8,activity_raw_flat,42,3,2,43,1,0,102,0.7610500779501456,cross_split_cross_seed
v8,activity_raw_flat,42,3,2,43,1,1,106,0.7087952993721627,cross_split_cross_seed
v8,activity_raw_flat,42,3,2,43,1,2,116,0.805107590954356,cross_split_cross_seed
v8,activity_raw_flat,42,3,2,43,2,0,104,0.834676443649444,cross_split_cross_seed
v8,activity_raw_flat,42,3,2,43,2,1,101,0.8408410131697523,cross_split_cross_seed
v8,activity_raw_flat,42,3,2,43,2,2,101,0.8602645391529059,cross_split_cross_seed
v8,activity_raw_flat,42,3,2,43,3,0,105,0.659211343044604,cross_split_cross_seed
v8,activity_raw_flat,42,3,2,43,3,1,105,0.8876966943849028,cross_split_cross_seed
v8,activity_raw_flat,42,3,2,43,3,2,210,0.8278685890433514,same_split_cross_seed
v8,activity_raw_flat,42,3,2,43,4,0,96,0.8560646185221765,cross_split_cross_seed
v8,activity_raw_flat,42,3,2,43,4,1,108,0.7628816658382378,cross_split_cross_seed
v8,activity_raw_flat,42,3,2,43,4,2,108,0.7963473301230396,cross_split_cross_seed
v8,activity_raw_flat,42,3,2,44,0,0,103,0.8448745078550807,cross_split_cross_seed
v8,activity_raw_flat,42,3,2,44,0,1,110,0.7673004585542432,cross_split_cross_seed
v8,activity_raw_flat,42,3,2,44,0,2,105,0.7483382743972142,cross_split_cross_seed
v8,activity_raw_flat,42,3,2,44,1,0,102,0.7901596944784781,cross_split_cross_seed
v8,activity_raw_flat,42,3,2,44,1,1,106,0.7861922552132391,cross_split_cross_seed
v8,activity_raw_flat,42,3,2,44,1,2,116,0.7887392804278955,cross_split_cross_seed
v8,activity_raw_flat,42,3,2,44,2,0,104,0.8119671417606624,cross_split_cross_seed
v8,activity_raw_flat,42,3,2,44,2,1,101,0.8476852690030896,cross_split_cross_seed
v8,activity_raw_flat,42,3,2,44,2,2,101,0.7136703410432039,cross_split_cross_seed
v8,activity_raw_flat,42,3,2,44,3,0,105,0.7975341667614678,cross_split_cross_seed
v8,activity_raw_flat,42,3,2,44,3,1,105,0.8554508983215017,cross_split_cross_seed
v8,activity_raw_flat,42,3,2,44,3,2,210,0.7896734370693835,same_split_cross_seed
v8,activity_raw_flat,42,3,2,44,4,0,96,0.878239696053856,cross_split_cross_seed
v8,activity_raw_flat,42,3,2,44,4,1,108,0.781125405885187,cross_split_cross_seed
v8,activity_raw_flat,42,3,2,44,4,2,108,0.8111255057818562,cross_split_cross_seed
v8,activity_raw_flat,42,4,0,42,4,1,103,0.9079865384182979,cross_split_same_seed
v8,activity_raw_flat,42,4,0,42,4,2,105,0.9473071475647873,cross_split_same_seed
v8,activity_raw_flat,42,4,0,43,0,0,117,0.8206658603687561,cross_split_cross_seed
v8,activity_raw_flat,42,4,0,43,0,1,106,0.7559664925060231,cross_split_cross_seed
v8,activity_raw_flat,42,4,0,43,0,2,99,0.8454666546471157,cross_split_cross_seed
v8,activity_raw_flat,42,4,0,43,1,0,109,0.7728282481768818,cross_split_cross_seed
v8,activity_raw_flat,42,4,0,43,1,1,104,0.7284396993646599,cross_split_cross_seed
v8,activity_raw_flat,42,4,0,43,1,2,101,0.8011783290003055,cross_split_cross_seed
v8,activity_raw_flat,42,4,0,43,2,0,105,0.8193622157752882,cross_split_cross_seed
v8,activity_raw_flat,42,4,0,43,2,1,103,0.81674096296862,cross_split_cross_seed
v8,activity_raw_flat,42,4,0,43,2,2,106,0.8041097190701872,cross_split_cross_seed
v8,activity_raw_flat,42,4,0,43,3,0,97,0.7143869770690356,cross_split_cross_seed
v8,activity_raw_flat,42,4,0,43,3,1,105,0.8311258318793906,cross_split_cross_seed
v8,activity_raw_flat,42,4,0,43,3,2,96,0.8334419198285682,cross_split_cross_seed
v8,activity_raw_flat,42,4,0,43,4,0,208,0.8316938879688767,same_split_cross_seed
v8,activity_raw_flat,42,4,0,43,4,1,103,0.778902671324759,cross_split_cross_seed
v8,activity_raw_flat,42,4,0,43,4,2,105,0.7907474984708476,cross_split_cross_seed
v8,activity_raw_flat,42,4,0,44,0,0,117,0.8507570848278396,cross_split_cross_seed
v8,activity_raw_flat,42,4,0,44,0,1,106,0.797462265032473,cross_split_cross_seed
v8,activity_raw_flat,42,4,0,44,0,2,99,0.824448229856151,cross_split_cross_seed
v8,activity_raw_flat,42,4,0,44,1,0,109,0.8104345695942107,cross_split_cross_seed
v8,activity_raw_flat,42,4,0,44,1,1,104,0.7882296579866095,cross_split_cross_seed
v8,activity_raw_flat,42,4,0,44,1,2,101,0.8477717355960505,cross_split_cross_seed
v8,activity_raw_flat,42,4,0,44,2,0,105,0.8452078730168506,cross_split_cross_seed
v8,activity_raw_flat,42,4,0,44,2,1,103,0.8387771517846555,cross_split_cross_seed
v8,activity_raw_flat,42,4,0,44,2,2,106,0.768140948435601,cross_split_cross_seed
v8,activity_raw_flat,42,4,0,44,3,0,97,0.8476861593446999,cross_split_cross_seed
v8,activity_raw_flat,42,4,0,44,3,1,105,0.8678567077613126,cross_split_cross_seed
v8,activity_raw_flat,42,4,0,44,3,2,96,0.831473129074761,cross_split_cross_seed
v8,activity_raw_flat,42,4,0,44,4,0,208,0.8211829992918633,same_split_cross_seed
v8,activity_raw_flat,42,4,0,44,4,1,103,0.826161983212691,cross_split_cross_seed
v8,activity_raw_flat,42,4,0,44,4,2,105,0.8400182374103313,cross_split_cross_seed
v8,activity_raw_flat,42,4,1,42,4,2,105,0.9058354718597954,cross_split_same_seed
v8,activity_raw_flat,42,4,1,43,0,0,93,0.7303393446942219,cross_split_cross_seed
v8,activity_raw_flat,42,4,1,43,0,1,100,0.7739726402152848,cross_split_cross_seed
v8,activity_raw_flat,42,4,1,43,0,2,105,0.8277310312810895,cross_split_cross_seed
v8,activity_raw_flat,42,4,1,43,1,0,101,0.7367745670931406,cross_split_cross_seed
v8,activity_raw_flat,42,4,1,43,1,1,109,0.7095252062041193,cross_split_cross_seed
v8,activity_raw_flat,42,4,1,43,1,2,114,0.8209048845011777,cross_split_cross_seed
v8,activity_raw_flat,42,4,1,43,2,0,94,0.8856159510043775,cross_split_cross_seed
v8,activity_raw_flat,42,4,1,43,2,1,103,0.7945071762294903,cross_split_cross_seed
v8,activity_raw_flat,42,4,1,43,2,2,103,0.7934290771669065,cross_split_cross_seed
v8,activity_raw_flat,42,4,1,43,3,0,112,0.6499171820274121,cross_split_cross_seed
v8,activity_raw_flat,42,4,1,43,3,1,106,0.8880606127867022,cross_split_cross_seed
v8,activity_raw_flat,42,4,1,43,3,2,108,0.8376707484864239,cross_split_cross_seed
v8,activity_raw_flat,42,4,1,43,4,0,103,0.802512478960451,cross_split_cross_seed
v8,activity_raw_flat,42,4,1,43,4,1,208,0.7706648232656617,same_split_cross_seed
v8,activity_raw_flat,42,4,1,43,4,2,105,0.7480314179293578,cross_split_cross_seed
v8,activity_raw_flat,42,4,1,44,0,0,93,0.7990215242234376,cross_split_cross_seed
v8,activity_raw_flat,42,4,1,44,0,1,100,0.7780180245164918,cross_split_cross_seed
v8,activity_raw_flat,42,4,1,44,0,2,105,0.7666176500479698,cross_split_cross_seed
v8,activity_raw_flat,42,4,1,44,1,0,101,0.7815634498314563,cross_split_cross_seed
v8,activity_raw_flat,42,4,1,44,1,1,109,0.8021447174047687,cross_split_cross_seed
v8,activity_raw_flat,42,4,1,44,1,2,114,0.7660418507484734,cross_split_cross_seed
v8,activity_raw_flat,42,4,1,44,2,0,94,0.800643851811867,cross_split_cross_seed
v8,activity_raw_flat,42,4,1,44,2,1,103,0.8821715480995764,cross_split_cross_seed
v8,activity_raw_flat,42,4,1,44,2,2,103,0.6711782028834825,cross_split_cross_seed
v8,activity_raw_flat,42,4,1,44,3,0,112,0.7704740714936613,cross_split_cross_seed
v8,activity_raw_flat,42,4,1,44,3,1,106,0.8376979857740727,cross_split_cross_seed
v8,activity_raw_flat,42,4,1,44,3,2,108,0.8048131570406424,cross_split_cross_seed
v8,activity_raw_flat,42,4,1,44,4,0,103,0.886077455075765,cross_split_cross_seed
v8,activity_raw_flat,42,4,1,44,4,1,208,0.7485770005889941,same_split_cross_seed
v8,activity_raw_flat,42,4,1,44,4,2,105,0.7735879985372034,cross_split_cross_seed
v8,activity_raw_flat,42,4,2,43,0,0,102,0.81942464977361,cross_split_cross_seed
v8,activity_raw_flat,42,4,2,43,0,1,102,0.7688366628647927,cross_split_cross_seed
v8,activity_raw_flat,42,4,2,43,0,2,108,0.83843375473728,cross_split_cross_seed
v8,activity_raw_flat,42,4,2,43,1,0,104,0.7568791217703862,cross_split_cross_seed
v8,activity_raw_flat,42,4,2,43,1,1,103,0.7062207999306758,cross_split_cross_seed
v8,activity_raw_flat,42,4,2,43,1,2,95,0.7702695700971827,cross_split_cross_seed
v8,activity_raw_flat,42,4,2,43,2,0,101,0.8037077534941947,cross_split_cross_seed
v8,activity_raw_flat,42,4,2,43,2,1,110,0.8322808834606802,cross_split_cross_seed
v8,activity_raw_flat,42,4,2,43,2,2,115,0.8344370485262393,cross_split_cross_seed
v8,activity_raw_flat,42,4,2,43,3,0,113,0.6989155958120159,cross_split_cross_seed
v8,activity_raw_flat,42,4,2,43,3,1,99,0.8565222894367639,cross_split_cross_seed
v8,activity_raw_flat,42,4,2,43,3,2,108,0.851932835516902,cross_split_cross_seed
v8,activity_raw_flat,42,4,2,43,4,0,105,0.8406178141583504,cross_split_cross_seed
v8,activity_raw_flat,42,4,2,43,4,1,105,0.7561028246080619,cross_split_cross_seed
v8,activity_raw_flat,42,4,2,43,4,2,210,0.7886222566375897,same_split_cross_seed
v8,activity_raw_flat,42,4,2,44,0,0,102,0.8312614221911245,cross_split_cross_seed
v8,activity_raw_flat,42,4,2,44,0,1,102,0.7722085654746326,cross_split_cross_seed
v8,activity_raw_flat,42,4,2,44,0,2,108,0.8002724320240435,cross_split_cross_seed
v8,activity_raw_flat,42,4,2,44,1,0,104,0.7721470127650496,cross_split_cross_seed
v8,activity_raw_flat,42,4,2,44,1,1,103,0.7935265591595312,cross_split_cross_seed
v8,activity_raw_flat,42,4,2,44,1,2,95,0.7835218858702115,cross_split_cross_seed
v8,activity_raw_flat,42,4,2,44,2,0,101,0.8086471168544564,cross_split_cross_seed
v8,activity_raw_flat,42,4,2,44,2,1,110,0.826529397976529,cross_split_cross_seed
v8,activity_raw_flat,42,4,2,44,2,2,115,0.7234916802632368,cross_split_cross_seed
v8,activity_raw_flat,42,4,2,44,3,0,113,0.8111171353969306,cross_split_cross_seed
v8,activity_raw_flat,42,4,2,44,3,1,99,0.8455912297176968,cross_split_cross_seed
v8,activity_raw_flat,42,4,2,44,3,2,108,0.8264986129079706,cross_split_cross_seed
v8,activity_raw_flat,42,4,2,44,4,0,105,0.8279006805344664,cross_split_cross_seed
v8,activity_raw_flat,42,4,2,44,4,1,105,0.7728426852851249,cross_split_cross_seed
v8,activity_raw_flat,42,4,2,44,4,2,210,0.8082096638175983,same_split_cross_seed
v8,activity_raw_flat,43,0,0,43,0,1,102,0.7847064555109624,cross_split_same_seed
v8,activity_raw_flat,43,0,0,43,0,2,103,0.8459355775458048,cross_split_same_seed
v8,activity_raw_flat,43,0,0,43,1,0,104,0.8258345417000348,cross_split_same_seed
v8,activity_raw_flat,43,0,0,43,1,1,101,0.79155244469327,cross_split_same_seed
v8,activity_raw_flat,43,0,0,43,1,2,107,0.8036624172367896,cross_split_same_seed
v8,activity_raw_flat,43,0,0,43,2,0,101,0.8095308060454642,cross_split_same_seed
v8,activity_raw_flat,43,0,0,43,2,1,103,0.9014086700851798,cross_split_same_seed
v8,activity_raw_flat,43,0,0,43,2,2,98,0.8585862810568479,cross_split_same_seed
v8,activity_raw_flat,43,0,0,43,3,0,95,0.8015811216316308,cross_split_same_seed
v8,activity_raw_flat,43,0,0,43,3,1,106,0.868341771144333,cross_split_same_seed
v8,activity_raw_flat,43,0,0,43,3,2,103,0.852462062535401,cross_split_same_seed
v8,activity_raw_flat,43,0,0,43,4,0,117,0.8936942927655954,cross_split_same_seed
v8,activity_raw_flat,43,0,0,43,4,1,93,0.7902262589540159,cross_split_same_seed
v8,activity_raw_flat,43,0,0,43,4,2,102,0.8871497730748692,cross_split_same_seed
v8,activity_raw_flat,43,0,0,44,0,0,205,0.7900002507961765,same_split_cross_seed
v8,activity_raw_flat,43,0,0,44,0,1,102,0.7741945588927526,cross_split_cross_seed
v8,activity_raw_flat,43,0,0,44,0,2,103,0.7831919408862035,cross_split_cross_seed
v8,activity_raw_flat,43,0,0,44,1,0,104,0.794909107698332,cross_split_cross_seed
v8,activity_raw_flat,43,0,0,44,1,1,101,0.7759938267699045,cross_split_cross_seed
v8,activity_raw_flat,43,0,0,44,1,2,107,0.8077969461009042,cross_split_cross_seed
v8,activity_raw_flat,43,0,0,44,2,0,101,0.8335890597310754,cross_split_cross_seed
v8,activity_raw_flat,43,0,0,44,2,1,103,0.7583498746629226,cross_split_cross_seed
v8,activity_raw_flat,43,0,0,44,2,2,98,0.7853448502725693,cross_split_cross_seed
v8,activity_raw_flat,43,0,0,44,3,0,95,0.7668495206481201,cross_split_cross_seed
v8,activity_raw_flat,43,0,0,44,3,1,106,0.8122399883264417,cross_split_cross_seed
v8,activity_raw_flat,43,0,0,44,3,2,103,0.7896200716433478,cross_split_cross_seed
v8,activity_raw_flat,43,0,0,44,4,0,117,0.7435377278838855,cross_split_cross_seed
v8,activity_raw_flat,43,0,0,44,4,1,93,0.75694436014599,cross_split_cross_seed
v8,activity_raw_flat,43,0,0,44,4,2,102,0.8078568869128249,cross_split_cross_seed
v8,activity_raw_flat,43,0,1,43,0,2,105,0.9093894828888631,cross_split_same_seed
v8,activity_raw_flat,43,0,1,43,1,0,105,0.809586332996627,cross_split_same_seed
v8,activity_raw_flat,43,0,1,43,1,1,107,0.8763604497939501,cross_split_same_seed
v8,activity_raw_flat,43,0,1,43,1,2,98,0.8918218827433183,cross_split_same_seed
v8,activity_raw_flat,43,0,1,43,2,0,108,0.8829420624692236,cross_split_same_seed
v8,activity_raw_flat,43,0,1,43,2,1,104,0.7840304443329447,cross_split_same_seed
v8,activity_raw_flat,43,0,1,43,2,2,98,0.8904411435727668,cross_split_same_seed
v8,activity_raw_flat,43,0,1,43,3,0,100,0.6537144741659019,cross_split_same_seed
v8,activity_raw_flat,43,0,1,43,3,1,104,0.8762419165025909,cross_split_same_seed
v8,activity_raw_flat,43,0,1,43,3,2,110,0.8902913032802524,cross_split_same_seed
v8,activity_raw_flat,43,0,1,43,4,0,106,0.8372449550202721,cross_split_same_seed
v8,activity_raw_flat,43,0,1,43,4,1,100,0.863356052567829,cross_split_same_seed
v8,activity_raw_flat,43,0,1,43,4,2,102,0.7840807181165981,cross_split_same_seed
v8,activity_raw_flat,43,0,1,44,0,0,102,0.8331519761989868,cross_split_cross_seed
v8,activity_raw_flat,43,0,1,44,0,1,207,0.8108038059213459,same_split_cross_seed
v8,activity_raw_flat,43,0,1,44,0,2,105,0.7862645885235023,cross_split_cross_seed
v8,activity_raw_flat,43,0,1,44,1,0,105,0.7733771710593121,cross_split_cross_seed
v8,activity_raw_flat,43,0,1,44,1,1,107,0.7875180110508639,cross_split_cross_seed
v8,activity_raw_flat,43,0,1,44,1,2,98,0.7937888686123732,cross_split_cross_seed
v8,activity_raw_flat,43,0,1,44,2,0,108,0.8000711420821236,cross_split_cross_seed
v8,activity_raw_flat,43,0,1,44,2,1,104,0.8597824921807015,cross_split_cross_seed
v8,activity_raw_flat,43,0,1,44,2,2,98,0.7084749264192728,cross_split_cross_seed
v8,activity_raw_flat,43,0,1,44,3,0,100,0.7408152902284573,cross_split_cross_seed
v8,activity_raw_flat,43,0,1,44,3,1,104,0.8148342255156978,cross_split_cross_seed
v8,activity_raw_flat,43,0,1,44,3,2,110,0.8238385444212557,cross_split_cross_seed
v8,activity_raw_flat,43,0,1,44,4,0,106,0.8693535226033245,cross_split_cross_seed
v8,activity_raw_flat,43,0,1,44,4,1,100,0.7376336169478473,cross_split_cross_seed
v8,activity_raw_flat,43,0,1,44,4,2,102,0.7523417939220589,cross_split_cross_seed
v8,activity_raw_flat,43,0,2,43,1,0,99,0.8248447500016349,cross_split_same_seed
v8,activity_raw_flat,43,0,2,43,1,1,102,0.9007032345811918,cross_split_same_seed
v8,activity_raw_flat,43,0,2,43,1,2,105,0.8662388512289183,cross_split_same_seed
v8,activity_raw_flat,43,0,2,43,2,0,109,0.9148501149917285,cross_split_same_seed
v8,activity_raw_flat,43,0,2,43,2,1,103,0.8672097480536465,cross_split_same_seed
v8,activity_raw_flat,43,0,2,43,2,2,104,0.9049627965173804,cross_split_same_seed
v8,activity_raw_flat,43,0,2,43,3,0,111,0.6854799093771917,cross_split_same_seed
v8,activity_raw_flat,43,0,2,43,3,1,98,0.9273251905872023,cross_split_same_seed
v8,activity_raw_flat,43,0,2,43,3,2,105,0.9080309482481231,cross_split_same_seed
v8,activity_raw_flat,43,0,2,43,4,0,99,0.9146965308024503,cross_split_same_seed
v8,activity_raw_flat,43,0,2,43,4,1,105,0.9046917922817299,cross_split_same_seed
v8,activity_raw_flat,43,0,2,43,4,2,108,0.8511857320392596,cross_split_same_seed
v8,activity_raw_flat,43,0,2,44,0,0,103,0.8597908876443516,cross_split_cross_seed
v8,activity_raw_flat,43,0,2,44,0,1,105,0.8317014184360446,cross_split_cross_seed
v8,activity_raw_flat,43,0,2,44,0,2,208,0.787210757923949,same_split_cross_seed
v8,activity_raw_flat,43,0,2,44,1,0,99,0.7978282694169564,cross_split_cross_seed
v8,activity_raw_flat,43,0,2,44,1,1,102,0.8482555316904189,cross_split_cross_seed
v8,activity_raw_flat,43,0,2,44,1,2,105,0.8151010976802121,cross_split_cross_seed
v8,activity_raw_flat,43,0,2,44,2,0,109,0.8320659162215832,cross_split_cross_seed
v8,activity_raw_flat,43,0,2,44,2,1,103,0.9023769523149926,cross_split_cross_seed
v8,activity_raw_flat,43,0,2,44,2,2,104,0.7261856903380359,cross_split_cross_seed
v8,activity_raw_flat,43,0,2,44,3,0,111,0.7869527552091157,cross_split_cross_seed
v8,activity_raw_flat,43,0,2,44,3,1,98,0.8459393664072958,cross_split_cross_seed
v8,activity_raw_flat,43,0,2,44,3,2,105,0.8336170134510178,cross_split_cross_seed
v8,activity_raw_flat,43,0,2,44,4,0,99,0.8820744718869865,cross_split_cross_seed
v8,activity_raw_flat,43,0,2,44,4,1,105,0.7942779309622281,cross_split_cross_seed
v8,activity_raw_flat,43,0,2,44,4,2,108,0.7961008872709447,cross_split_cross_seed
v8,activity_raw_flat,43,1,0,43,1,1,103,0.8254619797931961,cross_split_same_seed
v8,activity_raw_flat,43,1,0,43,1,2,104,0.8342189309570669,cross_split_same_seed
v8,activity_raw_flat,43,1,0,43,2,0,104,0.7833308798698709,cross_split_same_seed
v8,activity_raw_flat,43,1,0,43,2,1,101,0.7964405055527242,cross_split_same_seed
v8,activity_raw_flat,43,1,0,43,2,2,105,0.8010555273338313,cross_split_same_seed
v8,activity_raw_flat,43,1,0,43,3,0,104,0.7600722554273986,cross_split_same_seed
v8,activity_raw_flat,43,1,0,43,3,1,104,0.8151624889614527,cross_split_same_seed
v8,activity_raw_flat,43,1,0,43,3,2,102,0.8613679737726637,cross_split_same_seed
v8,activity_raw_flat,43,1,0,43,4,0,109,0.8265282728097634,cross_split_same_seed
v8,activity_raw_flat,43,1,0,43,4,1,101,0.8055555870594325,cross_split_same_seed
v8,activity_raw_flat,43,1,0,43,4,2,104,0.8040791578984626,cross_split_same_seed
v8,activity_raw_flat,43,1,0,44,0,0,104,0.828152641463667,cross_split_cross_seed
v8,activity_raw_flat,43,1,0,44,0,1,105,0.7928406719380267,cross_split_cross_seed
v8,activity_raw_flat,43,1,0,44,0,2,99,0.8347739230647078,cross_split_cross_seed
v8,activity_raw_flat,43,1,0,44,1,0,207,0.796848953935416,same_split_cross_seed
v8,activity_raw_flat,43,1,0,44,1,1,103,0.7930529978535609,cross_split_cross_seed
v8,activity_raw_flat,43,1,0,44,1,2,104,0.8280289135974829,cross_split_cross_seed
v8,activity_raw_flat,43,1,0,44,2,0,104,0.8314968829948619,cross_split_cross_seed
v8,activity_raw_flat,43,1,0,44,2,1,101,0.7816800978053537,cross_split_cross_seed
v8,activity_raw_flat,43,1,0,44,2,2,105,0.8055890017580535,cross_split_cross_seed
v8,activity_raw_flat,43,1,0,44,3,0,104,0.8053319916952457,cross_split_cross_seed
v8,activity_raw_flat,43,1,0,44,3,1,104,0.8296907497033504,cross_split_cross_seed
v8,activity_raw_flat,43,1,0,44,3,2,102,0.8693988517010922,cross_split_cross_seed
v8,activity_raw_flat,43,1,0,44,4,0,109,0.7743628686049246,cross_split_cross_seed
v8,activity_raw_flat,43,1,0,44,4,1,101,0.7923029376064002,cross_split_cross_seed
v8,activity_raw_flat,43,1,0,44,4,2,104,0.8295042568080551,cross_split_cross_seed
v8,activity_raw_flat,43,1,1,43,1,2,105,0.8574848480166691,cross_split_same_seed
v8,activity_raw_flat,43,1,1,43,2,0,101,0.8274216579851797,cross_split_same_seed
v8,activity_raw_flat,43,1,1,43,2,1,107,0.7745487843565132,cross_split_same_seed
v8,activity_raw_flat,43,1,1,43,2,2,110,0.8356212260745737,cross_split_same_seed
v8,activity_raw_flat,43,1,1,43,3,0,97,0.6635782172280039,cross_split_same_seed
v8,activity_raw_flat,43,1,1,43,3,1,101,0.8447506448373305,cross_split_same_seed
v8,activity_raw_flat,43,1,1,43,3,2,106,0.841624751043404,cross_split_same_seed
v8,activity_raw_flat,43,1,1,43,4,0,104,0.8040494624170877,cross_split_same_seed
v8,activity_raw_flat,43,1,1,43,4,1,109,0.8249451888034742,cross_split_same_seed
v8,activity_raw_flat,43,1,1,43,4,2,103,0.7278697300391153,cross_split_same_seed
v8,activity_raw_flat,43,1,1,44,0,0,101,0.7998043466513034,cross_split_cross_seed
v8,activity_raw_flat,43,1,1,44,0,1,107,0.7972462196928325,cross_split_cross_seed
v8,activity_raw_flat,43,1,1,44,0,2,102,0.7658355597344902,cross_split_cross_seed
v8,activity_raw_flat,43,1,1,44,1,0,103,0.7662882904804265,cross_split_cross_seed
v8,activity_raw_flat,43,1,1,44,1,1,208,0.7587710869267342,same_split_cross_seed
v8,activity_raw_flat,43,1,1,44,1,2,105,0.7477037206629663,cross_split_cross_seed
v8,activity_raw_flat,43,1,1,44,2,0,101,0.7960077950034784,cross_split_cross_seed
v8,activity_raw_flat,43,1,1,44,2,1,107,0.8240680028046616,cross_split_cross_seed
v8,activity_raw_flat,43,1,1,44,2,2,110,0.6868124475254006,cross_split_cross_seed
v8,activity_raw_flat,43,1,1,44,3,0,97,0.7115173817344089,cross_split_cross_seed
v8,activity_raw_flat,43,1,1,44,3,1,101,0.783355676086605,cross_split_cross_seed
v8,activity_raw_flat,43,1,1,44,3,2,106,0.7924826281761548,cross_split_cross_seed
v8,activity_raw_flat,43,1,1,44,4,0,104,0.7850609134450037,cross_split_cross_seed
v8,activity_raw_flat,43,1,1,44,4,1,109,0.7061412522727076,cross_split_cross_seed
v8,activity_raw_flat,43,1,1,44,4,2,103,0.714679875133142,cross_split_cross_seed
v8,activity_raw_flat,43,1,2,43,2,0,105,0.8746533456009637,cross_split_same_seed
v8,activity_raw_flat,43,1,2,43,2,1,94,0.8145871731089772,cross_split_same_seed
v8,activity_raw_flat,43,1,2,43,2,2,109,0.8729046902564122,cross_split_same_seed
v8,activity_raw_flat,43,1,2,43,3,0,105,0.6991941095675447,cross_split_same_seed
v8,activity_raw_flat,43,1,2,43,3,1,105,0.8835836670492191,cross_split_same_seed
v8,activity_raw_flat,43,1,2,43,3,2,116,0.8932264514788613,cross_split_same_seed
v8,activity_raw_flat,43,1,2,43,4,0,101,0.8458983312630222,cross_split_same_seed
v8,activity_raw_flat,43,1,2,43,4,1,114,0.8603485892665779,cross_split_same_seed
v8,activity_raw_flat,43,1,2,43,4,2,95,0.7775065174489226,cross_split_same_seed
v8,activity_raw_flat,43,1,2,44,0,0,107,0.8546006407860596,cross_split_cross_seed
v8,activity_raw_flat,43,1,2,44,0,1,98,0.8156865343990665,cross_split_cross_seed
v8,activity_raw_flat,43,1,2,44,0,2,105,0.8101058551348438,cross_split_cross_seed
v8,activity_raw_flat,43,1,2,44,1,0,104,0.8357044940251844,cross_split_cross_seed
v8,activity_raw_flat,43,1,2,44,1,1,105,0.7630218426963474,cross_split_cross_seed
v8,activity_raw_flat,43,1,2,44,1,2,209,0.7698919327050854,same_split_cross_seed
v8,activity_raw_flat,43,1,2,44,2,0,105,0.814816510349902,cross_split_cross_seed
v8,activity_raw_flat,43,1,2,44,2,1,94,0.8931549554609047,cross_split_cross_seed
v8,activity_raw_flat,43,1,2,44,2,2,109,0.6972059152879925,cross_split_cross_seed
v8,activity_raw_flat,43,1,2,44,3,0,105,0.7548465649802062,cross_split_cross_seed
v8,activity_raw_flat,43,1,2,44,3,1,105,0.816512832749302,cross_split_cross_seed
v8,activity_raw_flat,43,1,2,44,3,2,116,0.8476520323154058,cross_split_cross_seed
v8,activity_raw_flat,43,1,2,44,4,0,101,0.87549468886088,cross_split_cross_seed
v8,activity_raw_flat,43,1,2,44,4,1,114,0.7736880987328807,cross_split_cross_seed
v8,activity_raw_flat,43,1,2,44,4,2,95,0.7643345470581682,cross_split_cross_seed
v8,activity_raw_flat,43,2,0,43,2,1,103,0.8154218775561254,cross_split_same_seed
v8,activity_raw_flat,43,2,0,43,2,2,104,0.8591396030264132,cross_split_same_seed
v8,activity_raw_flat,43,2,0,43,3,0,103,0.6424913085898638,cross_split_same_seed
v8,activity_raw_flat,43,2,0,43,3,1,107,0.9561307988515092,cross_split_same_seed
v8,activity_raw_flat,43,2,0,43,3,2,104,0.8932995880276072,cross_split_same_seed
v8,activity_raw_flat,43,2,0,43,4,0,105,0.880823822201762,cross_split_same_seed
v8,activity_raw_flat,43,2,0,43,4,1,94,0.8276384345669703,cross_split_same_seed
v8,activity_raw_flat,43,2,0,43,4,2,101,0.7681154078179546,cross_split_same_seed
v8,activity_raw_flat,43,2,0,44,0,0,101,0.8508446917382851,cross_split_cross_seed
v8,activity_raw_flat,43,2,0,44,0,1,108,0.8425141770021258,cross_split_cross_seed
v8,activity_raw_flat,43,2,0,44,0,2,109,0.7902325198984096,cross_split_cross_seed
v8,activity_raw_flat,43,2,0,44,1,0,104,0.8065480387442785,cross_split_cross_seed
v8,activity_raw_flat,43,2,0,44,1,1,101,0.8381447497613828,cross_split_cross_seed
v8,activity_raw_flat,43,2,0,44,1,2,105,0.7629037394305834,cross_split_cross_seed
v8,activity_raw_flat,43,2,0,44,2,0,207,0.7747532699680207,same_split_cross_seed
v8,activity_raw_flat,43,2,0,44,2,1,103,0.8986330618720572,cross_split_cross_seed
v8,activity_raw_flat,43,2,0,44,2,2,104,0.6796613979512883,cross_split_cross_seed
v8,activity_raw_flat,43,2,0,44,3,0,103,0.7335263027758845,cross_split_cross_seed
v8,activity_raw_flat,43,2,0,44,3,1,107,0.8486020116912464,cross_split_cross_seed
v8,activity_raw_flat,43,2,0,44,3,2,104,0.8430945966084068,cross_split_cross_seed
v8,activity_raw_flat,43,2,0,44,4,0,105,0.9240332292798394,cross_split_cross_seed
v8,activity_raw_flat,43,2,0,44,4,1,94,0.7690872951299846,cross_split_cross_seed
v8,activity_raw_flat,43,2,0,44,4,2,101,0.7635470373380641,cross_split_cross_seed
v8,activity_raw_flat,43,2,1,43,2,2,105,0.8699146100260302,cross_split_same_seed
v8,activity_raw_flat,43,2,1,43,3,0,108,0.766097107720059,cross_split_same_seed
v8,activity_raw_flat,43,2,1,43,3,1,111,0.8901816095615729,cross_split_same_seed
v8,activity_raw_flat,43,2,1,43,3,2,101,0.8538029886870397,cross_split_same_seed
v8,activity_raw_flat,43,2,1,43,4,0,103,0.9172531134438453,cross_split_same_seed
v8,activity_raw_flat,43,2,1,43,4,1,103,0.818159237575037,cross_split_same_seed
v8,activity_raw_flat,43,2,1,43,4,2,110,0.889369006893237,cross_split_same_seed
v8,activity_raw_flat,43,2,1,44,0,0,103,0.7920071086289363,cross_split_cross_seed
v8,activity_raw_flat,43,2,1,44,0,1,104,0.7361492681436547,cross_split_cross_seed
v8,activity_raw_flat,43,2,1,44,0,2,103,0.7844072619018763,cross_split_cross_seed
v8,activity_raw_flat,43,2,1,44,1,0,101,0.7539454745957002,cross_split_cross_seed
v8,activity_raw_flat,43,2,1,44,1,1,107,0.7615870059625324,cross_split_cross_seed
v8,activity_raw_flat,43,2,1,44,1,2,94,0.7953059775440731,cross_split_cross_seed
v8,activity_raw_flat,43,2,1,44,2,0,103,0.7995958682720907,cross_split_cross_seed
v8,activity_raw_flat,43,2,1,44,2,1,208,0.7717283588462068,same_split_cross_seed
v8,activity_raw_flat,43,2,1,44,2,2,105,0.7340163758084082,cross_split_cross_seed
v8,activity_raw_flat,43,2,1,44,3,0,108,0.7518583070256037,cross_split_cross_seed
v8,activity_raw_flat,43,2,1,44,3,1,111,0.7934938936649774,cross_split_cross_seed
v8,activity_raw_flat,43,2,1,44,3,2,101,0.7930759593603667,cross_split_cross_seed
v8,activity_raw_flat,43,2,1,44,4,0,103,0.752252093013852,cross_split_cross_seed
v8,activity_raw_flat,43,2,1,44,4,1,103,0.760966169397936,cross_split_cross_seed
v8,activity_raw_flat,43,2,1,44,4,2,110,0.7694550869277953,cross_split_cross_seed
v8,activity_raw_flat,43,2,2,43,3,0,103,0.6983205538321523,cross_split_same_seed
v8,activity_raw_flat,43,2,2,43,3,1,102,0.9146609277266853,cross_split_same_seed
v8,activity_raw_flat,43,2,2,43,3,2,101,0.9439844912623089,cross_split_same_seed
v8,activity_raw_flat,43,2,2,43,4,0,106,0.9052210956241409,cross_split_same_seed
v8,activity_raw_flat,43,2,2,43,4,1,103,0.8760794576520907,cross_split_same_seed
v8,activity_raw_flat,43,2,2,43,4,2,115,0.8802683114989164,cross_split_same_seed
v8,activity_raw_flat,43,2,2,44,0,0,98,0.8361398535675071,cross_split_cross_seed
v8,activity_raw_flat,43,2,2,44,0,1,98,0.8233356475961487,cross_split_cross_seed
v8,activity_raw_flat,43,2,2,44,0,2,104,0.7722052493552217,cross_split_cross_seed
v8,activity_raw_flat,43,2,2,44,1,0,105,0.7733344307057923,cross_split_cross_seed
v8,activity_raw_flat,43,2,2,44,1,1,110,0.7712079722731059,cross_split_cross_seed
v8,activity_raw_flat,43,2,2,44,1,2,109,0.7878137843176755,cross_split_cross_seed
v8,activity_raw_flat,43,2,2,44,2,0,104,0.8308633117487316,cross_split_cross_seed
v8,activity_raw_flat,43,2,2,44,2,1,105,0.8361934772295906,cross_split_cross_seed
v8,activity_raw_flat,43,2,2,44,2,2,209,0.6547884894276169,same_split_cross_seed
v8,activity_raw_flat,43,2,2,44,3,0,103,0.7727326047898391,cross_split_cross_seed
v8,activity_raw_flat,43,2,2,44,3,1,102,0.8341122300789998,cross_split_cross_seed
v8,activity_raw_flat,43,2,2,44,3,2,101,0.8386191139040775,cross_split_cross_seed
v8,activity_raw_flat,43,2,2,44,4,0,106,0.8236952257577652,cross_split_cross_seed
v8,activity_raw_flat,43,2,2,44,4,1,103,0.7736525019975633,cross_split_cross_seed
v8,activity_raw_flat,43,2,2,44,4,2,115,0.7731978162826214,cross_split_cross_seed
v8,activity_raw_flat,43,3,0,43,3,1,103,0.7163027894339801,cross_split_same_seed
v8,activity_raw_flat,43,3,0,43,3,2,105,0.687220845538781,cross_split_same_seed
v8,activity_raw_flat,43,3,0,43,4,0,97,0.7866022514505815,cross_split_same_seed
v8,activity_raw_flat,43,3,0,43,4,1,112,0.6702062174521733,cross_split_same_seed
v8,activity_raw_flat,43,3,0,43,4,2,113,0.8060277982435976,cross_split_same_seed
v8,activity_raw_flat,43,3,0,44,0,0,95,0.7078141125110095,cross_split_cross_seed
v8,activity_raw_flat,43,3,0,44,0,1,100,0.6748909756523792,cross_split_cross_seed
v8,activity_raw_flat,43,3,0,44,0,2,111,0.7227875725331813,cross_split_cross_seed
v8,activity_raw_flat,43,3,0,44,1,0,104,0.7111375691907945,cross_split_cross_seed
v8,activity_raw_flat,43,3,0,44,1,1,97,0.6586557419435887,cross_split_cross_seed
v8,activity_raw_flat,43,3,0,44,1,2,105,0.726040609505233,cross_split_cross_seed
v8,activity_raw_flat,43,3,0,44,2,0,103,0.7209694630786132,cross_split_cross_seed
v8,activity_raw_flat,43,3,0,44,2,1,108,0.6457621063246975,cross_split_cross_seed
v8,activity_raw_flat,43,3,0,44,2,2,103,0.7417891972185138,cross_split_cross_seed
v8,activity_raw_flat,43,3,0,44,3,0,208,0.6309046683698382,same_split_cross_seed
v8,activity_raw_flat,43,3,0,44,3,1,103,0.7164524339697658,cross_split_cross_seed
v8,activity_raw_flat,43,3,0,44,3,2,105,0.7034578988782928,cross_split_cross_seed
v8,activity_raw_flat,43,3,0,44,4,0,97,0.6596840467453022,cross_split_cross_seed
v8,activity_raw_flat,43,3,0,44,4,1,112,0.6747345425299872,cross_split_cross_seed
v8,activity_raw_flat,43,3,0,44,4,2,113,0.7430004509249704,cross_split_cross_seed
v8,activity_raw_flat,43,3,1,43,3,2,105,0.9265878585673625,cross_split_same_seed
v8,activity_raw_flat,43,3,1,43,4,0,105,0.9202098261065196,cross_split_same_seed
v8,activity_raw_flat,43,3,1,43,4,1,106,0.8652425480196992,cross_split_same_seed
v8,activity_raw_flat,43,3,1,43,4,2,99,0.8453070223148085,cross_split_same_seed
v8,activity_raw_flat,43,3,1,44,0,0,106,0.8376019435310741,cross_split_cross_seed
v8,activity_raw_flat,43,3,1,44,0,1,104,0.8224144806591085,cross_split_cross_seed
v8,activity_raw_flat,43,3,1,44,0,2,98,0.7882041273188231,cross_split_cross_seed
v8,activity_raw_flat,43,3,1,44,1,0,104,0.7762763739819222,cross_split_cross_seed
v8,activity_raw_flat,43,3,1,44,1,1,101,0.8362257907802433,cross_split_cross_seed
v8,activity_raw_flat,43,3,1,44,1,2,105,0.7867121553513968,cross_split_cross_seed
v8,activity_raw_flat,43,3,1,44,2,0,107,0.8313994067639081,cross_split_cross_seed
v8,activity_raw_flat,43,3,1,44,2,1,111,0.8641571758194607,cross_split_cross_seed
v8,activity_raw_flat,43,3,1,44,2,2,102,0.7282121778688605,cross_split_cross_seed
v8,activity_raw_flat,43,3,1,44,3,0,103,0.7394918096727171,cross_split_cross_seed
v8,activity_raw_flat,43,3,1,44,3,1,208,0.8231738723109009,same_split_cross_seed
v8,activity_raw_flat,43,3,1,44,3,2,105,0.8471867243840087,cross_split_cross_seed
v8,activity_raw_flat,43,3,1,44,4,0,105,0.8766151219844426,cross_split_cross_seed
v8,activity_raw_flat,43,3,1,44,4,1,106,0.7789729041027582,cross_split_cross_seed
v8,activity_raw_flat,43,3,1,44,4,2,99,0.7802973674893745,cross_split_cross_seed
v8,activity_raw_flat,43,3,2,43,4,0,96,0.9187263926810437,cross_split_same_seed
v8,activity_raw_flat,43,3,2,43,4,1,108,0.8943599069411668,cross_split_same_seed
v8,activity_raw_flat,43,3,2,43,4,2,108,0.8359073828483828,cross_split_same_seed
v8,activity_raw_flat,43,3,2,44,0,0,103,0.8631028327339039,cross_split_cross_seed
v8,activity_raw_flat,43,3,2,44,0,1,110,0.8170579081257147,cross_split_cross_seed
v8,activity_raw_flat,43,3,2,44,0,2,105,0.7833248928508473,cross_split_cross_seed
v8,activity_raw_flat,43,3,2,44,1,0,102,0.8505327152515673,cross_split_cross_seed
v8,activity_raw_flat,43,3,2,44,1,1,106,0.8063990120050405,cross_split_cross_seed
v8,activity_raw_flat,43,3,2,44,1,2,116,0.8094353483465422,cross_split_cross_seed
v8,activity_raw_flat,43,3,2,44,2,0,104,0.8396984114288474,cross_split_cross_seed
v8,activity_raw_flat,43,3,2,44,2,1,101,0.8718828722292304,cross_split_cross_seed
v8,activity_raw_flat,43,3,2,44,2,2,101,0.71700845044072,cross_split_cross_seed
v8,activity_raw_flat,43,3,2,44,3,0,105,0.7943151566262697,cross_split_cross_seed
v8,activity_raw_flat,43,3,2,44,3,1,105,0.8488055395560321,cross_split_cross_seed
v8,activity_raw_flat,43,3,2,44,3,2,210,0.8376764651188158,same_split_cross_seed
v8,activity_raw_flat,43,3,2,44,4,0,96,0.8769566288886192,cross_split_cross_seed
v8,activity_raw_flat,43,3,2,44,4,1,108,0.7891607314045049,cross_split_cross_seed
v8,activity_raw_flat,43,3,2,44,4,2,108,0.7944457489010345,cross_split_cross_seed
v8,activity_raw_flat,43,4,0,43,4,1,103,0.855087557638481,cross_split_same_seed
v8,activity_raw_flat,43,4,0,43,4,2,105,0.9020274978332701,cross_split_same_seed
v8,activity_raw_flat,43,4,0,44,0,0,117,0.8194291219980291,cross_split_cross_seed
v8,activity_raw_flat,43,4,0,44,0,1,106,0.8129461189475183,cross_split_cross_seed
v8,activity_raw_flat,43,4,0,44,0,2,99,0.8144550222862252,cross_split_cross_seed
v8,activity_raw_flat,43,4,0,44,1,0,109,0.8056114105696276,cross_split_cross_seed
v8,activity_raw_flat,43,4,0,44,1,1,104,0.7757943338742456,cross_split_cross_seed
v8,activity_raw_flat,43,4,0,44,1,2,101,0.8306931630159118,cross_split_cross_seed
v8,activity_raw_flat,43,4,0,44,2,0,105,0.8474772668969472,cross_split_cross_seed
v8,activity_raw_flat,43,4,0,44,2,1,103,0.8294983674077474,cross_split_cross_seed
v8,activity_raw_flat,43,4,0,44,2,2,106,0.7411331254728808,cross_split_cross_seed
v8,activity_raw_flat,43,4,0,44,3,0,97,0.8196915938516144,cross_split_cross_seed
v8,activity_raw_flat,43,4,0,44,3,1,105,0.8414640423988563,cross_split_cross_seed
v8,activity_raw_flat,43,4,0,44,3,2,96,0.8432494498200945,cross_split_cross_seed
v8,activity_raw_flat,43,4,0,44,4,0,208,0.8070689684986164,same_split_cross_seed
v8,activity_raw_flat,43,4,0,44,4,1,103,0.7955785215946067,cross_split_cross_seed
v8,activity_raw_flat,43,4,0,44,4,2,105,0.8021120998585234,cross_split_cross_seed
v8,activity_raw_flat,43,4,1,43,4,2,105,0.7963099571466841,cross_split_same_seed
v8,activity_raw_flat,43,4,1,44,0,0,93,0.7732809909314357,cross_split_cross_seed
v8,activity_raw_flat,43,4,1,44,0,1,100,0.7792782491411072,cross_split_cross_seed
v8,activity_raw_flat,43,4,1,44,0,2,105,0.7850390359934006,cross_split_cross_seed
v8,activity_raw_flat,43,4,1,44,1,0,101,0.7749615536517769,cross_split_cross_seed
v8,activity_raw_flat,43,4,1,44,1,1,109,0.7641076683829805,cross_split_cross_seed
v8,activity_raw_flat,43,4,1,44,1,2,114,0.7886605834171152,cross_split_cross_seed
v8,activity_raw_flat,43,4,1,44,2,0,94,0.8170767960689335,cross_split_cross_seed
v8,activity_raw_flat,43,4,1,44,2,1,103,0.8271904704400811,cross_split_cross_seed
v8,activity_raw_flat,43,4,1,44,2,2,103,0.7029917749386821,cross_split_cross_seed
v8,activity_raw_flat,43,4,1,44,3,0,112,0.7394752433726928,cross_split_cross_seed
v8,activity_raw_flat,43,4,1,44,3,1,106,0.7982485806331879,cross_split_cross_seed
v8,activity_raw_flat,43,4,1,44,3,2,108,0.8064839574010549,cross_split_cross_seed
v8,activity_raw_flat,43,4,1,44,4,0,103,0.7906219940095939,cross_split_cross_seed
v8,activity_raw_flat,43,4,1,44,4,1,208,0.7616129609781828,same_split_cross_seed
v8,activity_raw_flat,43,4,1,44,4,2,105,0.7286156401774674,cross_split_cross_seed
v8,activity_raw_flat,43,4,2,44,0,0,102,0.7715374553406813,cross_split_cross_seed
v8,activity_raw_flat,43,4,2,44,0,1,102,0.7426065858707465,cross_split_cross_seed
v8,activity_raw_flat,43,4,2,44,0,2,108,0.7858782737368637,cross_split_cross_seed
v8,activity_raw_flat,43,4,2,44,1,0,104,0.7608120119792577,cross_split_cross_seed
v8,activity_raw_flat,43,4,2,44,1,1,103,0.7185217142730941,cross_split_cross_seed
v8,activity_raw_flat,43,4,2,44,1,2,95,0.774595635535975,cross_split_cross_seed
v8,activity_raw_flat,43,4,2,44,2,0,101,0.7893339822195561,cross_split_cross_seed
v8,activity_raw_flat,43,4,2,44,2,1,110,0.7386361602282371,cross_split_cross_seed
v8,activity_raw_flat,43,4,2,44,2,2,115,0.7462329207039878,cross_split_cross_seed
v8,activity_raw_flat,43,4,2,44,3,0,113,0.7634418586290233,cross_split_cross_seed
v8,activity_raw_flat,43,4,2,44,3,1,99,0.8029599463729454,cross_split_cross_seed
v8,activity_raw_flat,43,4,2,44,3,2,108,0.777135106143053,cross_split_cross_seed
v8,activity_raw_flat,43,4,2,44,4,0,105,0.7330599312685823,cross_split_cross_seed
v8,activity_raw_flat,43,4,2,44,4,1,105,0.7397506707601548,cross_split_cross_seed
v8,activity_raw_flat,43,4,2,44,4,2,210,0.7466973442187471,same_split_cross_seed
v8,activity_raw_flat,44,0,0,44,0,1,102,0.9011716134309808,cross_split_same_seed
v8,activity_raw_flat,44,0,0,44,0,2,103,0.8667849311691173,cross_split_same_seed
v8,activity_raw_flat,44,0,0,44,1,0,104,0.8993022751890472,cross_split_same_seed
v8,activity_raw_flat,44,0,0,44,1,1,101,0.8960709933581471,cross_split_same_seed
v8,activity_raw_flat,44,0,0,44,1,2,107,0.8683613766247885,cross_split_same_seed
v8,activity_raw_flat,44,0,0,44,2,0,101,0.892021852056851,cross_split_same_seed
v8,activity_raw_flat,44,0,0,44,2,1,103,0.9046778798104158,cross_split_same_seed
v8,activity_raw_flat,44,0,0,44,2,2,98,0.8097343237548343,cross_split_same_seed
v8,activity_raw_flat,44,0,0,44,3,0,95,0.8584931530984861,cross_split_same_seed
v8,activity_raw_flat,44,0,0,44,3,1,106,0.9210129102946755,cross_split_same_seed
v8,activity_raw_flat,44,0,0,44,3,2,103,0.9092444058328961,cross_split_same_seed
v8,activity_raw_flat,44,0,0,44,4,0,117,0.9008275608999564,cross_split_same_seed
v8,activity_raw_flat,44,0,0,44,4,1,93,0.8098832287189143,cross_split_same_seed
v8,activity_raw_flat,44,0,0,44,4,2,102,0.8850854511944026,cross_split_same_seed
v8,activity_raw_flat,44,0,1,44,0,2,105,0.8230708504747295,cross_split_same_seed
v8,activity_raw_flat,44,0,1,44,1,0,105,0.8808663856107117,cross_split_same_seed
v8,activity_raw_flat,44,0,1,44,1,1,107,0.8753547784244028,cross_split_same_seed
v8,activity_raw_flat,44,0,1,44,1,2,98,0.8282192035697278,cross_split_same_seed
v8,activity_raw_flat,44,0,1,44,2,0,108,0.8355593866713494,cross_split_same_seed
v8,activity_raw_flat,44,0,1,44,2,1,104,0.8912533709403467,cross_split_same_seed
v8,activity_raw_flat,44,0,1,44,2,2,98,0.7656539199811098,cross_split_same_seed
v8,activity_raw_flat,44,0,1,44,3,0,100,0.808317903400415,cross_split_same_seed
v8,activity_raw_flat,44,0,1,44,3,1,104,0.8822128315100316,cross_split_same_seed
v8,activity_raw_flat,44,0,1,44,3,2,110,0.8782484336773841,cross_split_same_seed
v8,activity_raw_flat,44,0,1,44,4,0,106,0.8948793218494933,cross_split_same_seed
v8,activity_raw_flat,44,0,1,44,4,1,100,0.7744782621778543,cross_split_same_seed
v8,activity_raw_flat,44,0,1,44,4,2,102,0.8243747958058499,cross_split_same_seed
v8,activity_raw_flat,44,0,2,44,1,0,99,0.895885071308762,cross_split_same_seed
v8,activity_raw_flat,44,0,2,44,1,1,102,0.8329555604141919,cross_split_same_seed
v8,activity_raw_flat,44,0,2,44,1,2,105,0.8737201032845373,cross_split_same_seed
v8,activity_raw_flat,44,0,2,44,2,0,109,0.8869817067073584,cross_split_same_seed
v8,activity_raw_flat,44,0,2,44,2,1,103,0.8575252171779447,cross_split_same_seed
v8,activity_raw_flat,44,0,2,44,2,2,104,0.8531777095983719,cross_split_same_seed
v8,activity_raw_flat,44,0,2,44,3,0,111,0.896917844240012,cross_split_same_seed
v8,activity_raw_flat,44,0,2,44,3,1,98,0.8900461174099129,cross_split_same_seed
v8,activity_raw_flat,44,0,2,44,3,2,105,0.8899896501634922,cross_split_same_seed
v8,activity_raw_flat,44,0,2,44,4,0,99,0.846557094177491,cross_split_same_seed
v8,activity_raw_flat,44,0,2,44,4,1,105,0.8645748174803523,cross_split_same_seed
v8,activity_raw_flat,44,0,2,44,4,2,108,0.8946721208225614,cross_split_same_seed
v8,activity_raw_flat,44,1,0,44,1,1,103,0.8654051795761364,cross_split_same_seed
v8,activity_raw_flat,44,1,0,44,1,2,104,0.8712065956812092,cross_split_same_seed
v8,activity_raw_flat,44,1,0,44,2,0,104,0.8665211364866459,cross_split_same_seed
v8,activity_raw_flat,44,1,0,44,2,1,101,0.8571656261175248,cross_split_same_seed
v8,activity_raw_flat,44,1,0,44,2,2,105,0.8206388274152606,cross_split_same_seed
v8,activity_raw_flat,44,1,0,44,3,0,104,0.8877921443808502,cross_split_same_seed
v8,activity_raw_flat,44,1,0,44,3,1,104,0.8923147256973248,cross_split_same_seed
v8,activity_raw_flat,44,1,0,44,3,2,102,0.9273552987740967,cross_split_same_seed
v8,activity_raw_flat,44,1,0,44,4,0,109,0.8723100981647652,cross_split_same_seed
v8,activity_raw_flat,44,1,0,44,4,1,101,0.846447292426747,cross_split_same_seed
v8,activity_raw_flat,44,1,0,44,4,2,104,0.8752034287577444,cross_split_same_seed
v8,activity_raw_flat,44,1,1,44,1,2,105,0.7988478300882326,cross_split_same_seed
v8,activity_raw_flat,44,1,1,44,2,0,101,0.8463314398769387,cross_split_same_seed
v8,activity_raw_flat,44,1,1,44,2,1,107,0.9185080483016405,cross_split_same_seed
v8,activity_raw_flat,44,1,1,44,2,2,110,0.7488557961181909,cross_split_same_seed
v8,activity_raw_flat,44,1,1,44,3,0,97,0.8071447132197052,cross_split_same_seed
v8,activity_raw_flat,44,1,1,44,3,1,101,0.8792128740390125,cross_split_same_seed
v8,activity_raw_flat,44,1,1,44,3,2,106,0.8579867242557085,cross_split_same_seed
v8,activity_raw_flat,44,1,1,44,4,0,104,0.9081373791037132,cross_split_same_seed
v8,activity_raw_flat,44,1,1,44,4,1,109,0.8210683811011601,cross_split_same_seed
v8,activity_raw_flat,44,1,1,44,4,2,103,0.809120537851242,cross_split_same_seed
v8,activity_raw_flat,44,1,2,44,2,0,105,0.8778252217870002,cross_split_same_seed
v8,activity_raw_flat,44,1,2,44,2,1,94,0.8360841190633239,cross_split_same_seed
v8,activity_raw_flat,44,1,2,44,2,2,109,0.8432009541410517,cross_split_same_seed
v8,activity_raw_flat,44,1,2,44,3,0,105,0.8786085816360073,cross_split_same_seed
v8,activity_raw_flat,44,1,2,44,3,1,105,0.8738499225547505,cross_split_same_seed
v8,activity_raw_flat,44,1,2,44,3,2,116,0.8758480563641396,cross_split_same_seed
v8,activity_raw_flat,44,1,2,44,4,0,101,0.8112998466261194,cross_split_same_seed
v8,activity_raw_flat,44,1,2,44,4,1,114,0.8968628588052,cross_split_same_seed
v8,activity_raw_flat,44,1,2,44,4,2,95,0.8547432560021371,cross_split_same_seed
v8,activity_raw_flat,44,2,0,44,2,1,103,0.8546280904683548,cross_split_same_seed
v8,activity_raw_flat,44,2,0,44,2,2,104,0.8673286776305571,cross_split_same_seed
v8,activity_raw_flat,44,2,0,44,3,0,103,0.8593570284020573,cross_split_same_seed
v8,activity_raw_flat,44,2,0,44,3,1,107,0.9087227321402771,cross_split_same_seed
v8,activity_raw_flat,44,2,0,44,3,2,104,0.9028227744027805,cross_split_same_seed
v8,activity_raw_flat,44,2,0,44,4,0,105,0.8448576229638164,cross_split_same_seed
v8,activity_raw_flat,44,2,0,44,4,1,94,0.8689891702080165,cross_split_same_seed
v8,activity_raw_flat,44,2,0,44,4,2,101,0.8951451580917674,cross_split_same_seed
v8,activity_raw_flat,44,2,1,44,2,2,105,0.7143437121031277,cross_split_same_seed
v8,activity_raw_flat,44,2,1,44,3,0,108,0.8338493148403119,cross_split_same_seed
v8,activity_raw_flat,44,2,1,44,3,1,111,0.9002178615176772,cross_split_same_seed
v8,activity_raw_flat,44,2,1,44,3,2,101,0.8883431335450609,cross_split_same_seed
v8,activity_raw_flat,44,2,1,44,4,0,103,0.9573067046429834,cross_split_same_seed
v8,activity_raw_flat,44,2,1,44,4,1,103,0.8270263731175036,cross_split_same_seed
v8,activity_raw_flat,44,2,1,44,4,2,110,0.8027197135551192,cross_split_same_seed
v8,activity_raw_flat,44,2,2,44,3,0,103,0.8526555244459366,cross_split_same_seed
v8,activity_raw_flat,44,2,2,44,3,1,102,0.8438281685241554,cross_split_same_seed
v8,activity_raw_flat,44,2,2,44,3,2,101,0.8177865598044789,cross_split_same_seed
v8,activity_raw_flat,44,2,2,44,4,0,106,0.6890995234944247,cross_split_same_seed
v8,activity_raw_flat,44,2,2,44,4,1,103,0.8062964556121732,cross_split_same_seed
v8,activity_raw_flat,44,2,2,44,4,2,115,0.8597578706285619,cross_split_same_seed
v8,activity_raw_flat,44,3,0,44,3,1,103,0.8944065100690717,cross_split_same_seed
v8,activity_raw_flat,44,3,0,44,3,2,105,0.8889575739085062,cross_split_same_seed
v8,activity_raw_flat,44,3,0,44,4,0,97,0.8424783835774484,cross_split_same_seed
v8,activity_raw_flat,44,3,0,44,4,1,112,0.8786023583042942,cross_split_same_seed
v8,activity_raw_flat,44,3,0,44,4,2,113,0.8767791871052627,cross_split_same_seed
v8,activity_raw_flat,44,3,1,44,3,2,105,0.9081476796009843,cross_split_same_seed
v8,activity_raw_flat,44,3,1,44,4,0,105,0.8914614933170897,cross_split_same_seed
v8,activity_raw_flat,44,3,1,44,4,1,106,0.8889249528986121,cross_split_same_seed
v8,activity_raw_flat,44,3,1,44,4,2,99,0.9105604713498006,cross_split_same_seed
v8,activity_raw_flat,44,3,2,44,4,0,96,0.8983411449548313,cross_split_same_seed
v8,activity_raw_flat,44,3,2,44,4,1,108,0.863596572227365,cross_split_same_seed
v8,activity_raw_flat,44,3,2,44,4,2,108,0.8822249376721665,cross_split_same_seed
v8,activity_raw_flat,44,4,0,44,4,1,103,0.8200811186421272,cross_split_same_seed
v8,activity_raw_flat,44,4,0,44,4,2,105,0.803625174664927,cross_split_same_seed
v8,activity_raw_flat,44,4,1,44,4,2,105,0.8341346803791898,cross_split_same_seed
v8,activity_context_flat,42,0,0,42,0,1,102,0.8075206176457922,cross_split_same_seed
v8,activity_context_flat,42,0,0,42,0,2,103,0.8319048753125021,cross_split_same_seed
v8,activity_context_flat,42,0,0,42,1,0,104,0.79286983209559,cross_split_same_seed
v8,activity_context_flat,42,0,0,42,1,1,101,0.7686058932304447,cross_split_same_seed
v8,activity_context_flat,42,0,0,42,1,2,107,0.7127053056181752,cross_split_same_seed
v8,activity_context_flat,42,0,0,42,2,0,101,0.8454738321768607,cross_split_same_seed
v8,activity_context_flat,42,0,0,42,2,1,103,0.7515887500459383,cross_split_same_seed
v8,activity_context_flat,42,0,0,42,2,2,98,0.8493286772151417,cross_split_same_seed
v8,activity_context_flat,42,0,0,42,3,0,95,0.8392766314569011,cross_split_same_seed
v8,activity_context_flat,42,0,0,42,3,1,106,0.800950589430174,cross_split_same_seed
v8,activity_context_flat,42,0,0,42,3,2,103,0.7965021860438959,cross_split_same_seed
v8,activity_context_flat,42,0,0,42,4,0,117,0.8116756422914861,cross_split_same_seed
v8,activity_context_flat,42,0,0,42,4,1,93,0.7008151555021177,cross_split_same_seed
v8,activity_context_flat,42,0,0,42,4,2,102,0.824994134439497,cross_split_same_seed
v8,activity_context_flat,42,0,0,43,0,0,205,0.7968277897467699,same_split_cross_seed
v8,activity_context_flat,42,0,0,43,0,1,102,0.6516038862586871,cross_split_cross_seed
v8,activity_context_flat,42,0,0,43,0,2,103,0.7084105230864716,cross_split_cross_seed
v8,activity_context_flat,42,0,0,43,1,0,104,0.749229341408339,cross_split_cross_seed
v8,activity_context_flat,42,0,0,43,1,1,101,0.6814479644324413,cross_split_cross_seed
v8,activity_context_flat,42,0,0,43,1,2,107,0.7181288697735818,cross_split_cross_seed
v8,activity_context_flat,42,0,0,43,2,0,101,0.6781345935146179,cross_split_cross_seed
v8,activity_context_flat,42,0,0,43,2,1,103,0.7798487156014524,cross_split_cross_seed
v8,activity_context_flat,42,0,0,43,2,2,98,0.7230794540516525,cross_split_cross_seed
v8,activity_context_flat,42,0,0,43,3,0,95,0.7526846109513187,cross_split_cross_seed
v8,activity_context_flat,42,0,0,43,3,1,106,0.7506442816853149,cross_split_cross_seed
v8,activity_context_flat,42,0,0,43,3,2,103,0.7343586963813632,cross_split_cross_seed
v8,activity_context_flat,42,0,0,43,4,0,117,0.7426409376662401,cross_split_cross_seed
v8,activity_context_flat,42,0,0,43,4,1,93,0.6755431821777048,cross_split_cross_seed
v8,activity_context_flat,42,0,0,43,4,2,102,0.77750287435334,cross_split_cross_seed
v8,activity_context_flat,42,0,0,44,0,0,205,0.7204998616597168,same_split_cross_seed
v8,activity_context_flat,42,0,0,44,0,1,102,0.6972384692107759,cross_split_cross_seed
v8,activity_context_flat,42,0,0,44,0,2,103,0.7217378112038917,cross_split_cross_seed
v8,activity_context_flat,42,0,0,44,1,0,104,0.7446360611161018,cross_split_cross_seed
v8,activity_context_flat,42,0,0,44,1,1,101,0.699097296516001,cross_split_cross_seed
v8,activity_context_flat,42,0,0,44,1,2,107,0.8016422493435978,cross_split_cross_seed
v8,activity_context_flat,42,0,0,44,2,0,101,0.7797390360360817,cross_split_cross_seed
v8,activity_context_flat,42,0,0,44,2,1,103,0.6625538873473226,cross_split_cross_seed
v8,activity_context_flat,42,0,0,44,2,2,98,0.7447288573525133,cross_split_cross_seed
v8,activity_context_flat,42,0,0,44,3,0,95,0.727546442251064,cross_split_cross_seed
v8,activity_context_flat,42,0,0,44,3,1,106,0.7362954030125327,cross_split_cross_seed
v8,activity_context_flat,42,0,0,44,3,2,103,0.7371234881976808,cross_split_cross_seed
v8,activity_context_flat,42,0,0,44,4,0,117,0.6531513877481484,cross_split_cross_seed
v8,activity_context_flat,42,0,0,44,4,1,93,0.7041600258339413,cross_split_cross_seed
v8,activity_context_flat,42,0,0,44,4,2,102,0.7719775007739065,cross_split_cross_seed
v8,activity_context_flat,42,0,1,42,0,2,105,0.8522842223666665,cross_split_same_seed
v8,activity_context_flat,42,0,1,42,1,0,105,0.7884121821245385,cross_split_same_seed
v8,activity_context_flat,42,0,1,42,1,1,107,0.8298397140808047,cross_split_same_seed
v8,activity_context_flat,42,0,1,42,1,2,98,0.7904500160708571,cross_split_same_seed
v8,activity_context_flat,42,0,1,42,2,0,108,0.8223063590106233,cross_split_same_seed
v8,activity_context_flat,42,0,1,42,2,1,104,0.6814013178258834,cross_split_same_seed
v8,activity_context_flat,42,0,1,42,2,2,98,0.8612495548878748,cross_split_same_seed
v8,activity_context_flat,42,0,1,42,3,0,100,0.8132445036999811,cross_split_same_seed
v8,activity_context_flat,42,0,1,42,3,1,104,0.8008226556131246,cross_split_same_seed
v8,activity_context_flat,42,0,1,42,3,2,110,0.7871927113086507,cross_split_same_seed
v8,activity_context_flat,42,0,1,42,4,0,106,0.8056316148191518,cross_split_same_seed
v8,activity_context_flat,42,0,1,42,4,1,100,0.7540855357398855,cross_split_same_seed
v8,activity_context_flat,42,0,1,42,4,2,102,0.8001105845654191,cross_split_same_seed
v8,activity_context_flat,42,0,1,43,0,0,102,0.7923769712599432,cross_split_cross_seed
v8,activity_context_flat,42,0,1,43,0,1,207,0.707811528182523,same_split_cross_seed
v8,activity_context_flat,42,0,1,43,0,2,105,0.7594510364155846,cross_split_cross_seed
v8,activity_context_flat,42,0,1,43,1,0,105,0.754611780373585,cross_split_cross_seed
v8,activity_context_flat,42,0,1,43,1,1,107,0.7277837234122646,cross_split_cross_seed
v8,activity_context_flat,42,0,1,43,1,2,98,0.7969973426525077,cross_split_cross_seed
v8,activity_context_flat,42,0,1,43,2,0,108,0.7206718167756319,cross_split_cross_seed
v8,activity_context_flat,42,0,1,43,2,1,104,0.750336971101997,cross_split_cross_seed
v8,activity_context_flat,42,0,1,43,2,2,98,0.7941503957782964,cross_split_cross_seed
v8,activity_context_flat,42,0,1,43,3,0,100,0.7285904213233185,cross_split_cross_seed
v8,activity_context_flat,42,0,1,43,3,1,104,0.7657251657137499,cross_split_cross_seed
v8,activity_context_flat,42,0,1,43,3,2,110,0.7741435550792762,cross_split_cross_seed
v8,activity_context_flat,42,0,1,43,4,0,106,0.7684339641905344,cross_split_cross_seed
v8,activity_context_flat,42,0,1,43,4,1,100,0.7371469579320739,cross_split_cross_seed
v8,activity_context_flat,42,0,1,43,4,2,102,0.7587453405535289,cross_split_cross_seed
v8,activity_context_flat,42,0,1,44,0,0,102,0.8082291163091175,cross_split_cross_seed
v8,activity_context_flat,42,0,1,44,0,1,207,0.7091917998992374,same_split_cross_seed
v8,activity_context_flat,42,0,1,44,0,2,105,0.7512931013011487,cross_split_cross_seed
v8,activity_context_flat,42,0,1,44,1,0,105,0.752984634975025,cross_split_cross_seed
v8,activity_context_flat,42,0,1,44,1,1,107,0.7166522302496964,cross_split_cross_seed
v8,activity_context_flat,42,0,1,44,1,2,98,0.8434839141095394,cross_split_cross_seed
v8,activity_context_flat,42,0,1,44,2,0,108,0.7896018674632778,cross_split_cross_seed
v8,activity_context_flat,42,0,1,44,2,1,104,0.7582956751087278,cross_split_cross_seed
v8,activity_context_flat,42,0,1,44,2,2,98,0.7597065228233009,cross_split_cross_seed
v8,activity_context_flat,42,0,1,44,3,0,100,0.7436768360657351,cross_split_cross_seed
v8,activity_context_flat,42,0,1,44,3,1,104,0.7859712244506317,cross_split_cross_seed
v8,activity_context_flat,42,0,1,44,3,2,110,0.7873318341104976,cross_split_cross_seed
v8,activity_context_flat,42,0,1,44,4,0,106,0.7152744839774359,cross_split_cross_seed
v8,activity_context_flat,42,0,1,44,4,1,100,0.7139537310180183,cross_split_cross_seed
v8,activity_context_flat,42,0,1,44,4,2,102,0.7640646582071674,cross_split_cross_seed
v8,activity_context_flat,42,0,2,42,1,0,99,0.8730453046349848,cross_split_same_seed
v8,activity_context_flat,42,0,2,42,1,1,102,0.8616142151898462,cross_split_same_seed
v8,activity_context_flat,42,0,2,42,1,2,105,0.826750918921429,cross_split_same_seed
v8,activity_context_flat,42,0,2,42,2,0,109,0.8645330366986838,cross_split_same_seed
v8,activity_context_flat,42,0,2,42,2,1,103,0.8114275698823299,cross_split_same_seed
v8,activity_context_flat,42,0,2,42,2,2,104,0.9121956556758597,cross_split_same_seed
v8,activity_context_flat,42,0,2,42,3,0,111,0.8563665071062013,cross_split_same_seed
v8,activity_context_flat,42,0,2,42,3,1,98,0.8901969506966416,cross_split_same_seed
v8,activity_context_flat,42,0,2,42,3,2,105,0.8849330005588232,cross_split_same_seed
v8,activity_context_flat,42,0,2,42,4,0,99,0.9085793380775838,cross_split_same_seed
v8,activity_context_flat,42,0,2,42,4,1,105,0.8473997201938495,cross_split_same_seed
v8,activity_context_flat,42,0,2,42,4,2,108,0.9172327358964423,cross_split_same_seed
v8,activity_context_flat,42,0,2,43,0,0,103,0.8235585923094122,cross_split_cross_seed
v8,activity_context_flat,42,0,2,43,0,1,105,0.7546862554856928,cross_split_cross_seed
v8,activity_context_flat,42,0,2,43,0,2,208,0.7850270609934321,same_split_cross_seed
v8,activity_context_flat,42,0,2,43,1,0,99,0.7876097722078618,cross_split_cross_seed
v8,activity_context_flat,42,0,2,43,1,1,102,0.7396718472060695,cross_split_cross_seed
v8,activity_context_flat,42,0,2,43,1,2,105,0.7755126488031762,cross_split_cross_seed
v8,activity_context_flat,42,0,2,43,2,0,109,0.7480408836460973,cross_split_cross_seed
v8,activity_context_flat,42,0,2,43,2,1,103,0.803890298530158,cross_split_cross_seed
v8,activity_context_flat,42,0,2,43,2,2,104,0.7930756185223904,cross_split_cross_seed
v8,activity_context_flat,42,0,2,43,3,0,111,0.7296529829068512,cross_split_cross_seed
v8,activity_context_flat,42,0,2,43,3,1,98,0.8015179181870373,cross_split_cross_seed
v8,activity_context_flat,42,0,2,43,3,2,105,0.7875026422556358,cross_split_cross_seed
v8,activity_context_flat,42,0,2,43,4,0,99,0.8220149775456066,cross_split_cross_seed
v8,activity_context_flat,42,0,2,43,4,1,105,0.768511796768402,cross_split_cross_seed
v8,activity_context_flat,42,0,2,43,4,2,108,0.8172762131954474,cross_split_cross_seed
v8,activity_context_flat,42,0,2,44,0,0,103,0.8168180850682987,cross_split_cross_seed
v8,activity_context_flat,42,0,2,44,0,1,105,0.7573459342984957,cross_split_cross_seed
v8,activity_context_flat,42,0,2,44,0,2,208,0.7788600584253881,same_split_cross_seed
v8,activity_context_flat,42,0,2,44,1,0,99,0.7861076905248169,cross_split_cross_seed
v8,activity_context_flat,42,0,2,44,1,1,102,0.7660887728165887,cross_split_cross_seed
v8,activity_context_flat,42,0,2,44,1,2,105,0.8365332115036466,cross_split_cross_seed
v8,activity_context_flat,42,0,2,44,2,0,109,0.8244916633994265,cross_split_cross_seed
v8,activity_context_flat,42,0,2,44,2,1,103,0.7853452499244156,cross_split_cross_seed
v8,activity_context_flat,42,0,2,44,2,2,104,0.7938785687893386,cross_split_cross_seed
v8,activity_context_flat,42,0,2,44,3,0,111,0.811780571874851,cross_split_cross_seed
v8,activity_context_flat,42,0,2,44,3,1,98,0.8272832933905939,cross_split_cross_seed
v8,activity_context_flat,42,0,2,44,3,2,105,0.8074342302374835,cross_split_cross_seed
v8,activity_context_flat,42,0,2,44,4,0,99,0.7715373983193933,cross_split_cross_seed
v8,activity_context_flat,42,0,2,44,4,1,105,0.7813703123544938,cross_split_cross_seed
v8,activity_context_flat,42,0,2,44,4,2,108,0.8426365879836769,cross_split_cross_seed
v8,activity_context_flat,42,1,0,42,1,1,103,0.8976329846347147,cross_split_same_seed
v8,activity_context_flat,42,1,0,42,1,2,104,0.9554730008992859,cross_split_same_seed
v8,activity_context_flat,42,1,0,42,2,0,104,0.8480775585517043,cross_split_same_seed
v8,activity_context_flat,42,1,0,42,2,1,101,0.8036132582859693,cross_split_same_seed
v8,activity_context_flat,42,1,0,42,2,2,105,0.8789663597237752,cross_split_same_seed
v8,activity_context_flat,42,1,0,42,3,0,104,0.7879645092213025,cross_split_same_seed
v8,activity_context_flat,42,1,0,42,3,1,104,0.9408322331226732,cross_split_same_seed
v8,activity_context_flat,42,1,0,42,3,2,102,0.9375865056574378,cross_split_same_seed
v8,activity_context_flat,42,1,0,42,4,0,109,0.9404819844207035,cross_split_same_seed
v8,activity_context_flat,42,1,0,42,4,1,101,0.9384792252695917,cross_split_same_seed
v8,activity_context_flat,42,1,0,42,4,2,104,0.9176135071554749,cross_split_same_seed
v8,activity_context_flat,42,1,0,43,0,0,104,0.8298447180100444,cross_split_cross_seed
v8,activity_context_flat,42,1,0,43,0,1,105,0.7936634754963716,cross_split_cross_seed
v8,activity_context_flat,42,1,0,43,0,2,99,0.8567266880900162,cross_split_cross_seed
v8,activity_context_flat,42,1,0,43,1,0,207,0.7487060795169976,same_split_cross_seed
v8,activity_context_flat,42,1,0,43,1,1,103,0.7668946781398266,cross_split_cross_seed
v8,activity_context_flat,42,1,0,43,1,2,104,0.8708237443273358,cross_split_cross_seed
v8,activity_context_flat,42,1,0,43,2,0,104,0.8746538546182283,cross_split_cross_seed
v8,activity_context_flat,42,1,0,43,2,1,101,0.833799122127573,cross_split_cross_seed
v8,activity_context_flat,42,1,0,43,2,2,105,0.8163275714579498,cross_split_cross_seed
v8,activity_context_flat,42,1,0,43,3,0,104,0.6870942828721907,cross_split_cross_seed
v8,activity_context_flat,42,1,0,43,3,1,104,0.8865459256673477,cross_split_cross_seed
v8,activity_context_flat,42,1,0,43,3,2,102,0.8967908491540661,cross_split_cross_seed
v8,activity_context_flat,42,1,0,43,4,0,109,0.8608824700576472,cross_split_cross_seed
v8,activity_context_flat,42,1,0,43,4,1,101,0.8123997598550042,cross_split_cross_seed
v8,activity_context_flat,42,1,0,43,4,2,104,0.7861252863318514,cross_split_cross_seed
v8,activity_context_flat,42,1,0,44,0,0,104,0.8800921667092944,cross_split_cross_seed
v8,activity_context_flat,42,1,0,44,0,1,105,0.7986377876136707,cross_split_cross_seed
v8,activity_context_flat,42,1,0,44,0,2,99,0.8040412886043552,cross_split_cross_seed
v8,activity_context_flat,42,1,0,44,1,0,207,0.8019415858063674,same_split_cross_seed
v8,activity_context_flat,42,1,0,44,1,1,103,0.8181989016334695,cross_split_cross_seed
v8,activity_context_flat,42,1,0,44,1,2,104,0.8175808776167108,cross_split_cross_seed
v8,activity_context_flat,42,1,0,44,2,0,104,0.818011109875495,cross_split_cross_seed
v8,activity_context_flat,42,1,0,44,2,1,101,0.8897787163629451,cross_split_cross_seed
v8,activity_context_flat,42,1,0,44,2,2,105,0.6996691668390607,cross_split_cross_seed
v8,activity_context_flat,42,1,0,44,3,0,104,0.8176975540231691,cross_split_cross_seed
v8,activity_context_flat,42,1,0,44,3,1,104,0.8492136390972047,cross_split_cross_seed
v8,activity_context_flat,42,1,0,44,3,2,102,0.8687735451943848,cross_split_cross_seed
v8,activity_context_flat,42,1,0,44,4,0,109,0.9066287036776111,cross_split_cross_seed
v8,activity_context_flat,42,1,0,44,4,1,101,0.7953567691729269,cross_split_cross_seed
v8,activity_context_flat,42,1,0,44,4,2,104,0.8079474372191257,cross_split_cross_seed
v8,activity_context_flat,42,1,1,42,1,2,105,0.8862555002734022,cross_split_same_seed
v8,activity_context_flat,42,1,1,42,2,0,101,0.9153081905704237,cross_split_same_seed
v8,activity_context_flat,42,1,1,42,2,1,107,0.7993125043568063,cross_split_same_seed
v8,activity_context_flat,42,1,1,42,2,2,110,0.886189160859678,cross_split_same_seed
v8,activity_context_flat,42,1,1,42,3,0,97,0.7997849595771881,cross_split_same_seed
v8,activity_context_flat,42,1,1,42,3,1,101,0.8971086055301913,cross_split_same_seed
v8,activity_context_flat,42,1,1,42,3,2,106,0.8845240987885509,cross_split_same_seed
v8,activity_context_flat,42,1,1,42,4,0,104,0.8936350979806919,cross_split_same_seed
v8,activity_context_flat,42,1,1,42,4,1,109,0.897586330712036,cross_split_same_seed
v8,activity_context_flat,42,1,1,42,4,2,103,0.8724521524308764,cross_split_same_seed
v8,activity_context_flat,42,1,1,43,0,0,101,0.7784031230138866,cross_split_cross_seed
v8,activity_context_flat,42,1,1,43,0,1,107,0.8174549925606694,cross_split_cross_seed
v8,activity_context_flat,42,1,1,43,0,2,102,0.8367934819576146,cross_split_cross_seed
v8,activity_context_flat,42,1,1,43,1,0,103,0.7959872220661177,cross_split_cross_seed
v8,activity_context_flat,42,1,1,43,1,1,208,0.7479728855677207,same_split_cross_seed
v8,activity_context_flat,42,1,1,43,1,2,105,0.8025312162643995,cross_split_cross_seed
v8,activity_context_flat,42,1,1,43,2,0,101,0.7971164190531164,cross_split_cross_seed
v8,activity_context_flat,42,1,1,43,2,1,107,0.7967328168048601,cross_split_cross_seed
v8,activity_context_flat,42,1,1,43,2,2,110,0.8070536778409267,cross_split_cross_seed
v8,activity_context_flat,42,1,1,43,3,0,97,0.6808678034050345,cross_split_cross_seed
v8,activity_context_flat,42,1,1,43,3,1,101,0.841255345460993,cross_split_cross_seed
v8,activity_context_flat,42,1,1,43,3,2,106,0.8287405731782916,cross_split_cross_seed
v8,activity_context_flat,42,1,1,43,4,0,104,0.7973727989153115,cross_split_cross_seed
v8,activity_context_flat,42,1,1,43,4,1,109,0.7692727766885582,cross_split_cross_seed
v8,activity_context_flat,42,1,1,43,4,2,103,0.7297602623317276,cross_split_cross_seed
v8,activity_context_flat,42,1,1,44,0,0,101,0.8337985495554856,cross_split_cross_seed
v8,activity_context_flat,42,1,1,44,0,1,107,0.8022002437511472,cross_split_cross_seed
v8,activity_context_flat,42,1,1,44,0,2,102,0.7656614361036809,cross_split_cross_seed
v8,activity_context_flat,42,1,1,44,1,0,103,0.7986406096549632,cross_split_cross_seed
v8,activity_context_flat,42,1,1,44,1,1,208,0.7683963635455944,same_split_cross_seed
v8,activity_context_flat,42,1,1,44,1,2,105,0.7990681467776133,cross_split_cross_seed
v8,activity_context_flat,42,1,1,44,2,0,101,0.8278145557097877,cross_split_cross_seed
v8,activity_context_flat,42,1,1,44,2,1,107,0.8392582577375836,cross_split_cross_seed
v8,activity_context_flat,42,1,1,44,2,2,110,0.7300376830892504,cross_split_cross_seed
v8,activity_context_flat,42,1,1,44,3,0,97,0.7694181833831125,cross_split_cross_seed
v8,activity_context_flat,42,1,1,44,3,1,101,0.8165745183020455,cross_split_cross_seed
v8,activity_context_flat,42,1,1,44,3,2,106,0.8120064304878722,cross_split_cross_seed
v8,activity_context_flat,42,1,1,44,4,0,104,0.8283738694551609,cross_split_cross_seed
v8,activity_context_flat,42,1,1,44,4,1,109,0.7743767132883467,cross_split_cross_seed
v8,activity_context_flat,42,1,1,44,4,2,103,0.7730469595910768,cross_split_cross_seed
v8,activity_context_flat,42,1,2,42,2,0,105,0.8252595446156505,cross_split_same_seed
v8,activity_context_flat,42,1,2,42,2,1,94,0.810739680720328,cross_split_same_seed
v8,activity_context_flat,42,1,2,42,2,2,109,0.8416113042300822,cross_split_same_seed
v8,activity_context_flat,42,1,2,42,3,0,105,0.716971272667398,cross_split_same_seed
v8,activity_context_flat,42,1,2,42,3,1,105,0.9035556575206675,cross_split_same_seed
v8,activity_context_flat,42,1,2,42,3,2,116,0.9355918038745996,cross_split_same_seed
v8,activity_context_flat,42,1,2,42,4,0,101,0.8961875107756244,cross_split_same_seed
v8,activity_context_flat,42,1,2,42,4,1,114,0.974784844852239,cross_split_same_seed
v8,activity_context_flat,42,1,2,42,4,2,95,0.8909860412436851,cross_split_same_seed
v8,activity_context_flat,42,1,2,43,0,0,107,0.7952550322545663,cross_split_cross_seed
v8,activity_context_flat,42,1,2,43,0,1,98,0.8401240228687447,cross_split_cross_seed
v8,activity_context_flat,42,1,2,43,0,2,105,0.869648690871215,cross_split_cross_seed
v8,activity_context_flat,42,1,2,43,1,0,104,0.7453385922575977,cross_split_cross_seed
v8,activity_context_flat,42,1,2,43,1,1,105,0.7809416956990358,cross_split_cross_seed
v8,activity_context_flat,42,1,2,43,1,2,209,0.842593471940563,same_split_cross_seed
v8,activity_context_flat,42,1,2,43,2,0,105,0.9047594006390106,cross_split_cross_seed
v8,activity_context_flat,42,1,2,43,2,1,94,0.8265466879904304,cross_split_cross_seed
v8,activity_context_flat,42,1,2,43,2,2,109,0.8405638074701366,cross_split_cross_seed
v8,activity_context_flat,42,1,2,43,3,0,105,0.650448229678025,cross_split_cross_seed
v8,activity_context_flat,42,1,2,43,3,1,105,0.9143774198494132,cross_split_cross_seed
v8,activity_context_flat,42,1,2,43,3,2,116,0.8728412075344771,cross_split_cross_seed
v8,activity_context_flat,42,1,2,43,4,0,101,0.8340467594408977,cross_split_cross_seed
v8,activity_context_flat,42,1,2,43,4,1,114,0.803698464895775,cross_split_cross_seed
v8,activity_context_flat,42,1,2,43,4,2,95,0.7255532194729025,cross_split_cross_seed
v8,activity_context_flat,42,1,2,44,0,0,107,0.8579294128429678,cross_split_cross_seed
v8,activity_context_flat,42,1,2,44,0,1,98,0.8043329780461147,cross_split_cross_seed
v8,activity_context_flat,42,1,2,44,0,2,105,0.7769458017889069,cross_split_cross_seed
v8,activity_context_flat,42,1,2,44,1,0,104,0.7853927062820537,cross_split_cross_seed
v8,activity_context_flat,42,1,2,44,1,1,105,0.8222888760582518,cross_split_cross_seed
v8,activity_context_flat,42,1,2,44,1,2,209,0.7439182175429528,same_split_cross_seed
v8,activity_context_flat,42,1,2,44,2,0,105,0.7902267633967,cross_split_cross_seed
v8,activity_context_flat,42,1,2,44,2,1,94,0.9167859438804008,cross_split_cross_seed
v8,activity_context_flat,42,1,2,44,2,2,109,0.6427388701898883,cross_split_cross_seed
v8,activity_context_flat,42,1,2,44,3,0,105,0.7563618313770148,cross_split_cross_seed
v8,activity_context_flat,42,1,2,44,3,1,105,0.8228706554173625,cross_split_cross_seed
v8,activity_context_flat,42,1,2,44,3,2,116,0.8175668622150831,cross_split_cross_seed
v8,activity_context_flat,42,1,2,44,4,0,101,0.926604267740461,cross_split_cross_seed
v8,activity_context_flat,42,1,2,44,4,1,114,0.7606582948442242,cross_split_cross_seed
v8,activity_context_flat,42,1,2,44,4,2,95,0.7329468775272817,cross_split_cross_seed
v8,activity_context_flat,42,2,0,42,2,1,103,0.7872213491544686,cross_split_same_seed
v8,activity_context_flat,42,2,0,42,2,2,104,0.9038638808541547,cross_split_same_seed
v8,activity_context_flat,42,2,0,42,3,0,103,0.8372269346150307,cross_split_same_seed
v8,activity_context_flat,42,2,0,42,3,1,107,0.8658040923664071,cross_split_same_seed
v8,activity_context_flat,42,2,0,42,3,2,104,0.8625911093404642,cross_split_same_seed
v8,activity_context_flat,42,2,0,42,4,0,105,0.8739290839774789,cross_split_same_seed
v8,activity_context_flat,42,2,0,42,4,1,94,0.8318340049946127,cross_split_same_seed
v8,activity_context_flat,42,2,0,42,4,2,101,0.8701064038732974,cross_split_same_seed
v8,activity_context_flat,42,2,0,43,0,0,101,0.8321983500892552,cross_split_cross_seed
v8,activity_context_flat,42,2,0,43,0,1,108,0.7202277228411436,cross_split_cross_seed
v8,activity_context_flat,42,2,0,43,0,2,109,0.7602798798884152,cross_split_cross_seed
v8,activity_context_flat,42,2,0,43,1,0,104,0.7578678396978827,cross_split_cross_seed
v8,activity_context_flat,42,2,0,43,1,1,101,0.7516718452934157,cross_split_cross_seed
v8,activity_context_flat,42,2,0,43,1,2,105,0.7826134417014993,cross_split_cross_seed
v8,activity_context_flat,42,2,0,43,2,0,207,0.723439753526891,same_split_cross_seed
v8,activity_context_flat,42,2,0,43,2,1,103,0.7803175889021553,cross_split_cross_seed
v8,activity_context_flat,42,2,0,43,2,2,104,0.8035280464895874,cross_split_cross_seed
v8,activity_context_flat,42,2,0,43,3,0,103,0.6993245067918032,cross_split_cross_seed
v8,activity_context_flat,42,2,0,43,3,1,107,0.8178185028040728,cross_split_cross_seed
v8,activity_context_flat,42,2,0,43,3,2,104,0.8135556022602277,cross_split_cross_seed
v8,activity_context_flat,42,2,0,43,4,0,105,0.8026876858210551,cross_split_cross_seed
v8,activity_context_flat,42,2,0,43,4,1,94,0.7780642595825885,cross_split_cross_seed
v8,activity_context_flat,42,2,0,43,4,2,101,0.7563685376771406,cross_split_cross_seed
v8,activity_context_flat,42,2,0,44,0,0,101,0.8259072326937672,cross_split_cross_seed
v8,activity_context_flat,42,2,0,44,0,1,108,0.7350221912055731,cross_split_cross_seed
v8,activity_context_flat,42,2,0,44,0,2,109,0.7564743195305415,cross_split_cross_seed
v8,activity_context_flat,42,2,0,44,1,0,104,0.760017943672807,cross_split_cross_seed
v8,activity_context_flat,42,2,0,44,1,1,101,0.7511547722457418,cross_split_cross_seed
v8,activity_context_flat,42,2,0,44,1,2,105,0.8078154310260551,cross_split_cross_seed
v8,activity_context_flat,42,2,0,44,2,0,207,0.8147162743926906,same_split_cross_seed
v8,activity_context_flat,42,2,0,44,2,1,103,0.7637876386648721,cross_split_cross_seed
v8,activity_context_flat,42,2,0,44,2,2,104,0.7534259949427403,cross_split_cross_seed
v8,activity_context_flat,42,2,0,44,3,0,103,0.7625035761863617,cross_split_cross_seed
v8,activity_context_flat,42,2,0,44,3,1,107,0.8196202030533921,cross_split_cross_seed
v8,activity_context_flat,42,2,0,44,3,2,104,0.8036835150139642,cross_split_cross_seed
v8,activity_context_flat,42,2,0,44,4,0,105,0.7628370306112254,cross_split_cross_seed
v8,activity_context_flat,42,2,0,44,4,1,94,0.770485252763399,cross_split_cross_seed
v8,activity_context_flat,42,2,0,44,4,2,101,0.8136352201492895,cross_split_cross_seed
v8,activity_context_flat,42,2,1,42,2,2,105,0.8583849494819863,cross_split_same_seed
v8,activity_context_flat,42,2,1,42,3,0,108,0.7888605515353507,cross_split_same_seed
v8,activity_context_flat,42,2,1,42,3,1,111,0.8966336767149824,cross_split_same_seed
v8,activity_context_flat,42,2,1,42,3,2,101,0.9312347382145421,cross_split_same_seed
v8,activity_context_flat,42,2,1,42,4,0,103,0.9206060274387885,cross_split_same_seed
v8,activity_context_flat,42,2,1,42,4,1,103,0.8542850206089131,cross_split_same_seed
v8,activity_context_flat,42,2,1,42,4,2,110,0.906219362574619,cross_split_same_seed
v8,activity_context_flat,42,2,1,43,0,0,103,0.7541349269966702,cross_split_cross_seed
v8,activity_context_flat,42,2,1,43,0,1,104,0.5892665187671109,cross_split_cross_seed
v8,activity_context_flat,42,2,1,43,0,2,103,0.6878129925039401,cross_split_cross_seed
v8,activity_context_flat,42,2,1,43,1,0,101,0.6552596024401434,cross_split_cross_seed
v8,activity_context_flat,42,2,1,43,1,1,107,0.578306729923709,cross_split_cross_seed
v8,activity_context_flat,42,2,1,43,1,2,94,0.670774562271819,cross_split_cross_seed
v8,activity_context_flat,42,2,1,43,2,0,103,0.652322405179875,cross_split_cross_seed
v8,activity_context_flat,42,2,1,43,2,1,208,0.7139436780487538,same_split_cross_seed
v8,activity_context_flat,42,2,1,43,2,2,105,0.6557040990798216,cross_split_cross_seed
v8,activity_context_flat,42,2,1,43,3,0,108,0.6210260968523366,cross_split_cross_seed
v8,activity_context_flat,42,2,1,43,3,1,111,0.7014798054862824,cross_split_cross_seed
v8,activity_context_flat,42,2,1,43,3,2,101,0.6596274293095176,cross_split_cross_seed
v8,activity_context_flat,42,2,1,43,4,0,103,0.7126130156963641,cross_split_cross_seed
v8,activity_context_flat,42,2,1,43,4,1,103,0.6218239892311884,cross_split_cross_seed
v8,activity_context_flat,42,2,1,43,4,2,110,0.6919798662090161,cross_split_cross_seed
v8,activity_context_flat,42,2,1,44,0,0,103,0.7162785010841287,cross_split_cross_seed
v8,activity_context_flat,42,2,1,44,0,1,104,0.6211035070035641,cross_split_cross_seed
v8,activity_context_flat,42,2,1,44,0,2,103,0.6867294954063143,cross_split_cross_seed
v8,activity_context_flat,42,2,1,44,1,0,101,0.6689855595722973,cross_split_cross_seed
v8,activity_context_flat,42,2,1,44,1,1,107,0.6838290824096142,cross_split_cross_seed
v8,activity_context_flat,42,2,1,44,1,2,94,0.7128614736985107,cross_split_cross_seed
v8,activity_context_flat,42,2,1,44,2,0,103,0.7039000945098316,cross_split_cross_seed
v8,activity_context_flat,42,2,1,44,2,1,208,0.6488506896734431,same_split_cross_seed
v8,activity_context_flat,42,2,1,44,2,2,105,0.6992234369367604,cross_split_cross_seed
v8,activity_context_flat,42,2,1,44,3,0,108,0.7233879814711902,cross_split_cross_seed
v8,activity_context_flat,42,2,1,44,3,1,111,0.7483283542795274,cross_split_cross_seed
v8,activity_context_flat,42,2,1,44,3,2,101,0.6941906603926061,cross_split_cross_seed
v8,activity_context_flat,42,2,1,44,4,0,103,0.7051663272756181,cross_split_cross_seed
v8,activity_context_flat,42,2,1,44,4,1,103,0.7209851624462973,cross_split_cross_seed
v8,activity_context_flat,42,2,1,44,4,2,110,0.7472082068751444,cross_split_cross_seed
v8,activity_context_flat,42,2,2,42,3,0,103,0.8899258846013873,cross_split_same_seed
v8,activity_context_flat,42,2,2,42,3,1,102,0.9218829161914255,cross_split_same_seed
v8,activity_context_flat,42,2,2,42,3,2,101,0.9146887416170235,cross_split_same_seed
v8,activity_context_flat,42,2,2,42,4,0,106,0.9231910650655644,cross_split_same_seed
v8,activity_context_flat,42,2,2,42,4,1,103,0.8412347640436472,cross_split_same_seed
v8,activity_context_flat,42,2,2,42,4,2,115,0.9297464902620651,cross_split_same_seed
v8,activity_context_flat,42,2,2,43,0,0,98,0.8598518051917462,cross_split_cross_seed
v8,activity_context_flat,42,2,2,43,0,1,98,0.7831090955190745,cross_split_cross_seed
v8,activity_context_flat,42,2,2,43,0,2,104,0.8064444156269384,cross_split_cross_seed
v8,activity_context_flat,42,2,2,43,1,0,105,0.8063354811068851,cross_split_cross_seed
v8,activity_context_flat,42,2,2,43,1,1,110,0.7512913051306688,cross_split_cross_seed
v8,activity_context_flat,42,2,2,43,1,2,109,0.7940103386537704,cross_split_cross_seed
v8,activity_context_flat,42,2,2,43,2,0,104,0.807835611148168,cross_split_cross_seed
v8,activity_context_flat,42,2,2,43,2,1,105,0.8213944106689994,cross_split_cross_seed
v8,activity_context_flat,42,2,2,43,2,2,209,0.7780044221031167,same_split_cross_seed
v8,activity_context_flat,42,2,2,43,3,0,103,0.7445227683909577,cross_split_cross_seed
v8,activity_context_flat,42,2,2,43,3,1,102,0.838091399351508,cross_split_cross_seed
v8,activity_context_flat,42,2,2,43,3,2,101,0.8366252072473768,cross_split_cross_seed
v8,activity_context_flat,42,2,2,43,4,0,106,0.8266946779203067,cross_split_cross_seed
v8,activity_context_flat,42,2,2,43,4,1,103,0.7607477076505826,cross_split_cross_seed
v8,activity_context_flat,42,2,2,43,4,2,115,0.8121791483061136,cross_split_cross_seed
v8,activity_context_flat,42,2,2,44,0,0,98,0.8691745972619316,cross_split_cross_seed
v8,activity_context_flat,42,2,2,44,0,1,98,0.8096826574335304,cross_split_cross_seed
v8,activity_context_flat,42,2,2,44,0,2,104,0.8050437508287088,cross_split_cross_seed
v8,activity_context_flat,42,2,2,44,1,0,105,0.8274063643421655,cross_split_cross_seed
v8,activity_context_flat,42,2,2,44,1,1,110,0.8126174159121403,cross_split_cross_seed
v8,activity_context_flat,42,2,2,44,1,2,109,0.8440523782923617,cross_split_cross_seed
v8,activity_context_flat,42,2,2,44,2,0,104,0.8607738208531268,cross_split_cross_seed
v8,activity_context_flat,42,2,2,44,2,1,105,0.8093977757961561,cross_split_cross_seed
v8,activity_context_flat,42,2,2,44,2,2,209,0.7531868101572667,same_split_cross_seed
v8,activity_context_flat,42,2,2,44,3,0,103,0.8339211934395728,cross_split_cross_seed
v8,activity_context_flat,42,2,2,44,3,1,102,0.8669727519461048,cross_split_cross_seed
v8,activity_context_flat,42,2,2,44,3,2,101,0.853818487160402,cross_split_cross_seed
v8,activity_context_flat,42,2,2,44,4,0,106,0.7935123846862374,cross_split_cross_seed
v8,activity_context_flat,42,2,2,44,4,1,103,0.8066304858054762,cross_split_cross_seed
v8,activity_context_flat,42,2,2,44,4,2,115,0.8514757813278853,cross_split_cross_seed
v8,activity_context_flat,42,3,0,42,3,1,103,0.8452449580505883,cross_split_same_seed
v8,activity_context_flat,42,3,0,42,3,2,105,0.7842722560467017,cross_split_same_seed
v8,activity_context_flat,42,3,0,42,4,0,97,0.8465230023760235,cross_split_same_seed
v8,activity_context_flat,42,3,0,42,4,1,112,0.7860769712056234,cross_split_same_seed
v8,activity_context_flat,42,3,0,42,4,2,113,0.8224920842786373,cross_split_same_seed
v8,activity_context_flat,42,3,0,43,0,0,95,0.8009572714031986,cross_split_cross_seed
v8,activity_context_flat,42,3,0,43,0,1,100,0.688115452919404,cross_split_cross_seed
v8,activity_context_flat,42,3,0,43,0,2,111,0.743171110362704,cross_split_cross_seed
v8,activity_context_flat,42,3,0,43,1,0,104,0.7859442619465311,cross_split_cross_seed
v8,activity_context_flat,42,3,0,43,1,1,97,0.6894583686262538,cross_split_cross_seed
v8,activity_context_flat,42,3,0,43,1,2,105,0.7130894977751789,cross_split_cross_seed
v8,activity_context_flat,42,3,0,43,2,0,103,0.6779109134575241,cross_split_cross_seed
v8,activity_context_flat,42,3,0,43,2,1,108,0.774437715687148,cross_split_cross_seed
v8,activity_context_flat,42,3,0,43,2,2,103,0.7114949939352953,cross_split_cross_seed
v8,activity_context_flat,42,3,0,43,3,0,208,0.7108603322999556,same_split_cross_seed
v8,activity_context_flat,42,3,0,43,3,1,103,0.7312895734210848,cross_split_cross_seed
v8,activity_context_flat,42,3,0,43,3,2,105,0.7231556800818757,cross_split_cross_seed
v8,activity_context_flat,42,3,0,43,4,0,97,0.7559079558760426,cross_split_cross_seed
v8,activity_context_flat,42,3,0,43,4,1,112,0.7101311375912915,cross_split_cross_seed
v8,activity_context_flat,42,3,0,43,4,2,113,0.7720305394351497,cross_split_cross_seed
v8,activity_context_flat,42,3,0,44,0,0,95,0.7963796764799164,cross_split_cross_seed
v8,activity_context_flat,42,3,0,44,0,1,100,0.740863292404753,cross_split_cross_seed
v8,activity_context_flat,42,3,0,44,0,2,111,0.79922190540601,cross_split_cross_seed
v8,activity_context_flat,42,3,0,44,1,0,104,0.7801115935564212,cross_split_cross_seed
v8,activity_context_flat,42,3,0,44,1,1,97,0.7374427371062915,cross_split_cross_seed
v8,activity_context_flat,42,3,0,44,1,2,105,0.8020301189265739,cross_split_cross_seed
v8,activity_context_flat,42,3,0,44,2,0,103,0.8081341937110053,cross_split_cross_seed
v8,activity_context_flat,42,3,0,44,2,1,108,0.735919021264262,cross_split_cross_seed
v8,activity_context_flat,42,3,0,44,2,2,103,0.8206962809797538,cross_split_cross_seed
v8,activity_context_flat,42,3,0,44,3,0,208,0.7620152568913895,same_split_cross_seed
v8,activity_context_flat,42,3,0,44,3,1,103,0.7944141042294679,cross_split_cross_seed
v8,activity_context_flat,42,3,0,44,3,2,105,0.7925911765516435,cross_split_cross_seed
v8,activity_context_flat,42,3,0,44,4,0,97,0.700006866420677,cross_split_cross_seed
v8,activity_context_flat,42,3,0,44,4,1,112,0.7612387305772355,cross_split_cross_seed
v8,activity_context_flat,42,3,0,44,4,2,113,0.8268086111301761,cross_split_cross_seed
v8,activity_context_flat,42,3,1,42,3,2,105,0.9435992704132998,cross_split_same_seed
v8,activity_context_flat,42,3,1,42,4,0,105,0.9524370551488531,cross_split_same_seed
v8,activity_context_flat,42,3,1,42,4,1,106,0.9360063110437387,cross_split_same_seed
v8,activity_context_flat,42,3,1,42,4,2,99,0.9518682384823777,cross_split_same_seed
v8,activity_context_flat,42,3,1,43,0,0,106,0.8088578754461058,cross_split_cross_seed
v8,activity_context_flat,42,3,1,43,0,1,104,0.7838609433799637,cross_split_cross_seed
v8,activity_context_flat,42,3,1,43,0,2,98,0.8321767217288063,cross_split_cross_seed
v8,activity_context_flat,42,3,1,43,1,0,104,0.757351209283791,cross_split_cross_seed
v8,activity_context_flat,42,3,1,43,1,1,101,0.7515064977774245,cross_split_cross_seed
v8,activity_context_flat,42,3,1,43,1,2,105,0.7905672940777225,cross_split_cross_seed
v8,activity_context_flat,42,3,1,43,2,0,107,0.82060993368148,cross_split_cross_seed
v8,activity_context_flat,42,3,1,43,2,1,111,0.8162976147976213,cross_split_cross_seed
v8,activity_context_flat,42,3,1,43,2,2,102,0.8079095457253279,cross_split_cross_seed
v8,activity_context_flat,42,3,1,43,3,0,103,0.7088887409062745,cross_split_cross_seed
v8,activity_context_flat,42,3,1,43,3,1,208,0.8277355304524268,same_split_cross_seed
v8,activity_context_flat,42,3,1,43,3,2,105,0.8235898656250874,cross_split_cross_seed
v8,activity_context_flat,42,3,1,43,4,0,105,0.8123221179836235,cross_split_cross_seed
v8,activity_context_flat,42,3,1,43,4,1,106,0.7976130330735094,cross_split_cross_seed
v8,activity_context_flat,42,3,1,43,4,2,99,0.7811702514422492,cross_split_cross_seed
v8,activity_context_flat,42,3,1,44,0,0,106,0.8206483121967025,cross_split_cross_seed
v8,activity_context_flat,42,3,1,44,0,1,104,0.7886309431681212,cross_split_cross_seed
v8,activity_context_flat,42,3,1,44,0,2,98,0.7913127606609943,cross_split_cross_seed
v8,activity_context_flat,42,3,1,44,1,0,104,0.7721401172768417,cross_split_cross_seed
v8,activity_context_flat,42,3,1,44,1,1,101,0.7943495467605928,cross_split_cross_seed
v8,activity_context_flat,42,3,1,44,1,2,105,0.8026714000682867,cross_split_cross_seed
v8,activity_context_flat,42,3,1,44,2,0,107,0.8188928862449065,cross_split_cross_seed
v8,activity_context_flat,42,3,1,44,2,1,111,0.8149866104984637,cross_split_cross_seed
v8,activity_context_flat,42,3,1,44,2,2,102,0.7538215081909371,cross_split_cross_seed
v8,activity_context_flat,42,3,1,44,3,0,103,0.7914193657549455,cross_split_cross_seed
v8,activity_context_flat,42,3,1,44,3,1,208,0.8426760924452396,same_split_cross_seed
v8,activity_context_flat,42,3,1,44,3,2,105,0.8111530578718094,cross_split_cross_seed
v8,activity_context_flat,42,3,1,44,4,0,105,0.8121693227798622,cross_split_cross_seed
v8,activity_context_flat,42,3,1,44,4,1,106,0.8276608785273033,cross_split_cross_seed
v8,activity_context_flat,42,3,1,44,4,2,99,0.8129326842665193,cross_split_cross_seed
v8,activity_context_flat,42,3,2,42,4,0,96,0.9458941813599525,cross_split_same_seed
v8,activity_context_flat,42,3,2,42,4,1,108,0.9404359065057404,cross_split_same_seed
v8,activity_context_flat,42,3,2,42,4,2,108,0.9730251014398427,cross_split_same_seed
v8,activity_context_flat,42,3,2,43,0,0,103,0.8193201183021147,cross_split_cross_seed
v8,activity_context_flat,42,3,2,43,0,1,110,0.7612500133339705,cross_split_cross_seed
v8,activity_context_flat,42,3,2,43,0,2,105,0.8118398285247551,cross_split_cross_seed
v8,activity_context_flat,42,3,2,43,1,0,102,0.7591029013224488,cross_split_cross_seed
v8,activity_context_flat,42,3,2,43,1,1,106,0.7101335541788035,cross_split_cross_seed
v8,activity_context_flat,42,3,2,43,1,2,116,0.8066026355693651,cross_split_cross_seed
v8,activity_context_flat,42,3,2,43,2,0,104,0.8273804494319644,cross_split_cross_seed
v8,activity_context_flat,42,3,2,43,2,1,101,0.837305205727635,cross_split_cross_seed
v8,activity_context_flat,42,3,2,43,2,2,101,0.8566375289056775,cross_split_cross_seed
v8,activity_context_flat,42,3,2,43,3,0,105,0.6587742066058438,cross_split_cross_seed
v8,activity_context_flat,42,3,2,43,3,1,105,0.8826203304216881,cross_split_cross_seed
v8,activity_context_flat,42,3,2,43,3,2,210,0.8240173782979882,same_split_cross_seed
v8,activity_context_flat,42,3,2,43,4,0,96,0.8512072272150728,cross_split_cross_seed
v8,activity_context_flat,42,3,2,43,4,1,108,0.7601855681887869,cross_split_cross_seed
v8,activity_context_flat,42,3,2,43,4,2,108,0.7930453204212636,cross_split_cross_seed
v8,activity_context_flat,42,3,2,44,0,0,103,0.8478608190630433,cross_split_cross_seed
v8,activity_context_flat,42,3,2,44,0,1,110,0.7671320475127259,cross_split_cross_seed
v8,activity_context_flat,42,3,2,44,0,2,105,0.744870625046171,cross_split_cross_seed
v8,activity_context_flat,42,3,2,44,1,0,102,0.7890809900536836,cross_split_cross_seed
v8,activity_context_flat,42,3,2,44,1,1,106,0.7842016562701891,cross_split_cross_seed
v8,activity_context_flat,42,3,2,44,1,2,116,0.7886765042550523,cross_split_cross_seed
v8,activity_context_flat,42,3,2,44,2,0,104,0.808393721613981,cross_split_cross_seed
v8,activity_context_flat,42,3,2,44,2,1,101,0.8409931576111446,cross_split_cross_seed
v8,activity_context_flat,42,3,2,44,2,2,101,0.7116014283185667,cross_split_cross_seed
v8,activity_context_flat,42,3,2,44,3,0,105,0.7969449280245026,cross_split_cross_seed
v8,activity_context_flat,42,3,2,44,3,1,105,0.8511964394345384,cross_split_cross_seed
v8,activity_context_flat,42,3,2,44,3,2,210,0.7865622417292765,same_split_cross_seed
v8,activity_context_flat,42,3,2,44,4,0,96,0.8713909384102135,cross_split_cross_seed
v8,activity_context_flat,42,3,2,44,4,1,108,0.779451095906137,cross_split_cross_seed
v8,activity_context_flat,42,3,2,44,4,2,108,0.805410055340324,cross_split_cross_seed
v8,activity_context_flat,42,4,0,42,4,1,103,0.9071371637543219,cross_split_same_seed
v8,activity_context_flat,42,4,0,42,4,2,105,0.9468053291887119,cross_split_same_seed
v8,activity_context_flat,42,4,0,43,0,0,117,0.8201441837660511,cross_split_cross_seed
v8,activity_context_flat,42,4,0,43,0,1,106,0.753285133047942,cross_split_cross_seed
v8,activity_context_flat,42,4,0,43,0,2,99,0.8405902844019962,cross_split_cross_seed
v8,activity_context_flat,42,4,0,43,1,0,109,0.7689466744252818,cross_split_cross_seed
v8,activity_context_flat,42,4,0,43,1,1,104,0.7306289244044873,cross_split_cross_seed
v8,activity_context_flat,42,4,0,43,1,2,101,0.8002533174623715,cross_split_cross_seed
v8,activity_context_flat,42,4,0,43,2,0,105,0.8094325874220035,cross_split_cross_seed
v8,activity_context_flat,42,4,0,43,2,1,103,0.8123819837662658,cross_split_cross_seed
v8,activity_context_flat,42,4,0,43,2,2,106,0.7977837091115365,cross_split_cross_seed
v8,activity_context_flat,42,4,0,43,3,0,97,0.7126997188766879,cross_split_cross_seed
v8,activity_context_flat,42,4,0,43,3,1,105,0.8214220691306553,cross_split_cross_seed
v8,activity_context_flat,42,4,0,43,3,2,96,0.8243677415020308,cross_split_cross_seed
v8,activity_context_flat,42,4,0,43,4,0,208,0.8268837356428475,same_split_cross_seed
v8,activity_context_flat,42,4,0,43,4,1,103,0.7743335842001315,cross_split_cross_seed
v8,activity_context_flat,42,4,0,43,4,2,105,0.7875889959360884,cross_split_cross_seed
v8,activity_context_flat,42,4,0,44,0,0,117,0.8494257517207173,cross_split_cross_seed
v8,activity_context_flat,42,4,0,44,0,1,106,0.7935383139968937,cross_split_cross_seed
v8,activity_context_flat,42,4,0,44,0,2,99,0.8220460057213217,cross_split_cross_seed
v8,activity_context_flat,42,4,0,44,1,0,109,0.8079211608441,cross_split_cross_seed
v8,activity_context_flat,42,4,0,44,1,1,104,0.7817955140720733,cross_split_cross_seed
v8,activity_context_flat,42,4,0,44,1,2,101,0.8455032219067812,cross_split_cross_seed
v8,activity_context_flat,42,4,0,44,2,0,105,0.8373061681641166,cross_split_cross_seed
v8,activity_context_flat,42,4,0,44,2,1,103,0.8303390379318206,cross_split_cross_seed
v8,activity_context_flat,42,4,0,44,2,2,106,0.7614168213009284,cross_split_cross_seed
v8,activity_context_flat,42,4,0,44,3,0,97,0.8421620975262336,cross_split_cross_seed
v8,activity_context_flat,42,4,0,44,3,1,105,0.8593646016998994,cross_split_cross_seed
v8,activity_context_flat,42,4,0,44,3,2,96,0.825566991582344,cross_split_cross_seed
v8,activity_context_flat,42,4,0,44,4,0,208,0.813992596888073,same_split_cross_seed
v8,activity_context_flat,42,4,0,44,4,1,103,0.8217907167972605,cross_split_cross_seed
v8,activity_context_flat,42,4,0,44,4,2,105,0.8337869049609773,cross_split_cross_seed
v8,activity_context_flat,42,4,1,42,4,2,105,0.9055485405311495,cross_split_same_seed
v8,activity_context_flat,42,4,1,43,0,0,93,0.7279469558051042,cross_split_cross_seed
v8,activity_context_flat,42,4,1,43,0,1,100,0.7695542773618776,cross_split_cross_seed
v8,activity_context_flat,42,4,1,43,0,2,105,0.8203493954426244,cross_split_cross_seed
v8,activity_context_flat,42,4,1,43,1,0,101,0.7322406878813144,cross_split_cross_seed
v8,activity_context_flat,42,4,1,43,1,1,109,0.7000730807369872,cross_split_cross_seed
v8,activity_context_flat,42,4,1,43,1,2,114,0.8158525289988553,cross_split_cross_seed
v8,activity_context_flat,42,4,1,43,2,0,94,0.8755476928660374,cross_split_cross_seed
v8,activity_context_flat,42,4,1,43,2,1,103,0.7920056946802323,cross_split_cross_seed
v8,activity_context_flat,42,4,1,43,2,2,103,0.7850575281091617,cross_split_cross_seed
v8,activity_context_flat,42,4,1,43,3,0,112,0.6451772013217963,cross_split_cross_seed
v8,activity_context_flat,42,4,1,43,3,1,106,0.8772444325558201,cross_split_cross_seed
v8,activity_context_flat,42,4,1,43,3,2,108,0.8302470814312154,cross_split_cross_seed
v8,activity_context_flat,42,4,1,43,4,0,103,0.7962480459779443,cross_split_cross_seed
v8,activity_context_flat,42,4,1,43,4,1,208,0.7670952975543552,same_split_cross_seed
v8,activity_context_flat,42,4,1,43,4,2,105,0.7440809331931536,cross_split_cross_seed
v8,activity_context_flat,42,4,1,44,0,0,93,0.7955459576713743,cross_split_cross_seed
v8,activity_context_flat,42,4,1,44,0,1,100,0.77760970554632,cross_split_cross_seed
v8,activity_context_flat,42,4,1,44,0,2,105,0.7626148737981242,cross_split_cross_seed
v8,activity_context_flat,42,4,1,44,1,0,101,0.7780532142139699,cross_split_cross_seed
v8,activity_context_flat,42,4,1,44,1,1,109,0.7927290049557014,cross_split_cross_seed
v8,activity_context_flat,42,4,1,44,1,2,114,0.7615799575585089,cross_split_cross_seed
v8,activity_context_flat,42,4,1,44,2,0,94,0.7980155336731682,cross_split_cross_seed
v8,activity_context_flat,42,4,1,44,2,1,103,0.8723350687538971,cross_split_cross_seed
v8,activity_context_flat,42,4,1,44,2,2,103,0.6649528909024216,cross_split_cross_seed
v8,activity_context_flat,42,4,1,44,3,0,112,0.7660607242790123,cross_split_cross_seed
v8,activity_context_flat,42,4,1,44,3,1,106,0.829687286308081,cross_split_cross_seed
v8,activity_context_flat,42,4,1,44,3,2,108,0.8010539714742,cross_split_cross_seed
v8,activity_context_flat,42,4,1,44,4,0,103,0.8796409050585888,cross_split_cross_seed
v8,activity_context_flat,42,4,1,44,4,1,208,0.7435438574706957,same_split_cross_seed
v8,activity_context_flat,42,4,1,44,4,2,105,0.7680628679535488,cross_split_cross_seed
v8,activity_context_flat,42,4,2,43,0,0,102,0.8179719002634777,cross_split_cross_seed
v8,activity_context_flat,42,4,2,43,0,1,102,0.7680145449005791,cross_split_cross_seed
v8,activity_context_flat,42,4,2,43,0,2,108,0.8321421055020256,cross_split_cross_seed
v8,activity_context_flat,42,4,2,43,1,0,104,0.7551208803178808,cross_split_cross_seed
v8,activity_context_flat,42,4,2,43,1,1,103,0.7024152535014937,cross_split_cross_seed
v8,activity_context_flat,42,4,2,43,1,2,95,0.7667943037229165,cross_split_cross_seed
v8,activity_context_flat,42,4,2,43,2,0,101,0.7975022186618634,cross_split_cross_seed
v8,activity_context_flat,42,4,2,43,2,1,110,0.830372050639736,cross_split_cross_seed
v8,activity_context_flat,42,4,2,43,2,2,115,0.8297220332531741,cross_split_cross_seed
v8,activity_context_flat,42,4,2,43,3,0,113,0.6979960536853268,cross_split_cross_seed
v8,activity_context_flat,42,4,2,43,3,1,99,0.8486176919242425,cross_split_cross_seed
v8,activity_context_flat,42,4,2,43,3,2,108,0.8469103194286103,cross_split_cross_seed
v8,activity_context_flat,42,4,2,43,4,0,105,0.8374833179217981,cross_split_cross_seed
v8,activity_context_flat,42,4,2,43,4,1,105,0.7543972624029701,cross_split_cross_seed
v8,activity_context_flat,42,4,2,43,4,2,210,0.7847911031508419,same_split_cross_seed
v8,activity_context_flat,42,4,2,44,0,0,102,0.829285801547524,cross_split_cross_seed
v8,activity_context_flat,42,4,2,44,0,1,102,0.7721243285222765,cross_split_cross_seed
v8,activity_context_flat,42,4,2,44,0,2,108,0.7990075982956348,cross_split_cross_seed
v8,activity_context_flat,42,4,2,44,1,0,104,0.7701496459844112,cross_split_cross_seed
v8,activity_context_flat,42,4,2,44,1,1,103,0.7913220323131341,cross_split_cross_seed
v8,activity_context_flat,42,4,2,44,1,2,95,0.7808786529748474,cross_split_cross_seed
v8,activity_context_flat,42,4,2,44,2,0,101,0.8054927188784662,cross_split_cross_seed
v8,activity_context_flat,42,4,2,44,2,1,110,0.8187693104847236,cross_split_cross_seed
v8,activity_context_flat,42,4,2,44,2,2,115,0.7205888672412528,cross_split_cross_seed
v8,activity_context_flat,42,4,2,44,3,0,113,0.8110000991586916,cross_split_cross_seed
v8,activity_context_flat,42,4,2,44,3,1,99,0.8401873603158281,cross_split_cross_seed
v8,activity_context_flat,42,4,2,44,3,2,108,0.8227449881091152,cross_split_cross_seed
v8,activity_context_flat,42,4,2,44,4,0,105,0.8206466498033994,cross_split_cross_seed
v8,activity_context_flat,42,4,2,44,4,1,105,0.7702608222172564,cross_split_cross_seed
v8,activity_context_flat,42,4,2,44,4,2,210,0.8046028163321702,same_split_cross_seed
v8,activity_context_flat,43,0,0,43,0,1,102,0.7863352647628181,cross_split_same_seed
v8,activity_context_flat,43,0,0,43,0,2,103,0.8503733649740262,cross_split_same_seed
v8,activity_context_flat,43,0,0,43,1,0,104,0.8256392750125912,cross_split_same_seed
v8,activity_context_flat,43,0,0,43,1,1,101,0.7960049806951228,cross_split_same_seed
v8,activity_context_flat,43,0,0,43,1,2,107,0.8039011712671876,cross_split_same_seed
v8,activity_context_flat,43,0,0,43,2,0,101,0.8153720564111164,cross_split_same_seed
v8,activity_context_flat,43,0,0,43,2,1,103,0.9038640173192066,cross_split_same_seed
v8,activity_context_flat,43,0,0,43,2,2,98,0.86039592264763,cross_split_same_seed
v8,activity_context_flat,43,0,0,43,3,0,95,0.8016206139930498,cross_split_same_seed
v8,activity_context_flat,43,0,0,43,3,1,106,0.8719740291840594,cross_split_same_seed
v8,activity_context_flat,43,0,0,43,3,2,103,0.8521043982334437,cross_split_same_seed
v8,activity_context_flat,43,0,0,43,4,0,117,0.8959281751789441,cross_split_same_seed
v8,activity_context_flat,43,0,0,43,4,1,93,0.7908267587258837,cross_split_same_seed
v8,activity_context_flat,43,0,0,43,4,2,102,0.888481397994888,cross_split_same_seed
v8,activity_context_flat,43,0,0,44,0,0,205,0.7892709257249261,same_split_cross_seed
v8,activity_context_flat,43,0,0,44,0,1,102,0.7734042409936942,cross_split_cross_seed
v8,activity_context_flat,43,0,0,44,0,2,103,0.7805681129659303,cross_split_cross_seed
v8,activity_context_flat,43,0,0,44,1,0,104,0.7945892890527579,cross_split_cross_seed
v8,activity_context_flat,43,0,0,44,1,1,101,0.7778015645821791,cross_split_cross_seed
v8,activity_context_flat,43,0,0,44,1,2,107,0.806053004203407,cross_split_cross_seed
v8,activity_context_flat,43,0,0,44,2,0,101,0.8320272467072697,cross_split_cross_seed
v8,activity_context_flat,43,0,0,44,2,1,103,0.7588358276769215,cross_split_cross_seed
v8,activity_context_flat,43,0,0,44,2,2,98,0.7801876742400713,cross_split_cross_seed
v8,activity_context_flat,43,0,0,44,3,0,95,0.7663260776390057,cross_split_cross_seed
v8,activity_context_flat,43,0,0,44,3,1,106,0.8105610785732996,cross_split_cross_seed
v8,activity_context_flat,43,0,0,44,3,2,103,0.7886602528706451,cross_split_cross_seed
v8,activity_context_flat,43,0,0,44,4,0,117,0.7432084740181923,cross_split_cross_seed
v8,activity_context_flat,43,0,0,44,4,1,93,0.7543610048270973,cross_split_cross_seed
v8,activity_context_flat,43,0,0,44,4,2,102,0.8060316787535702,cross_split_cross_seed
v8,activity_context_flat,43,0,1,43,0,2,105,0.9085503238489055,cross_split_same_seed
v8,activity_context_flat,43,0,1,43,1,0,105,0.8109183154442753,cross_split_same_seed
v8,activity_context_flat,43,0,1,43,1,1,107,0.8783109972441139,cross_split_same_seed
v8,activity_context_flat,43,0,1,43,1,2,98,0.8933625180453161,cross_split_same_seed
v8,activity_context_flat,43,0,1,43,2,0,108,0.8842889093337694,cross_split_same_seed
v8,activity_context_flat,43,0,1,43,2,1,104,0.784442135827245,cross_split_same_seed
v8,activity_context_flat,43,0,1,43,2,2,98,0.8903793572717592,cross_split_same_seed
v8,activity_context_flat,43,0,1,43,3,0,100,0.6572407521618205,cross_split_same_seed
v8,activity_context_flat,43,0,1,43,3,1,104,0.8760356330964083,cross_split_same_seed
v8,activity_context_flat,43,0,1,43,3,2,110,0.8943066088589289,cross_split_same_seed
v8,activity_context_flat,43,0,1,43,4,0,106,0.8384341229712118,cross_split_same_seed
v8,activity_context_flat,43,0,1,43,4,1,100,0.8659491434067254,cross_split_same_seed
v8,activity_context_flat,43,0,1,43,4,2,102,0.7861595084549474,cross_split_same_seed
v8,activity_context_flat,43,0,1,44,0,0,102,0.8383595620271383,cross_split_cross_seed
v8,activity_context_flat,43,0,1,44,0,1,207,0.8150588385421781,same_split_cross_seed
v8,activity_context_flat,43,0,1,44,0,2,105,0.7821331304076563,cross_split_cross_seed
v8,activity_context_flat,43,0,1,44,1,0,105,0.7766152395797908,cross_split_cross_seed
v8,activity_context_flat,43,0,1,44,1,1,107,0.7888751358228159,cross_split_cross_seed
v8,activity_context_flat,43,0,1,44,1,2,98,0.7946152145152788,cross_split_cross_seed
v8,activity_context_flat,43,0,1,44,2,0,108,0.8023395694263051,cross_split_cross_seed
v8,activity_context_flat,43,0,1,44,2,1,104,0.8571993829331118,cross_split_cross_seed
v8,activity_context_flat,43,0,1,44,2,2,98,0.7062749074132353,cross_split_cross_seed
v8,activity_context_flat,43,0,1,44,3,0,100,0.7425289353740174,cross_split_cross_seed
v8,activity_context_flat,43,0,1,44,3,1,104,0.8158018662816767,cross_split_cross_seed
v8,activity_context_flat,43,0,1,44,3,2,110,0.8246097572577197,cross_split_cross_seed
v8,activity_context_flat,43,0,1,44,4,0,106,0.8702061453245725,cross_split_cross_seed
v8,activity_context_flat,43,0,1,44,4,1,100,0.734446386479128,cross_split_cross_seed
v8,activity_context_flat,43,0,1,44,4,2,102,0.7522225431386301,cross_split_cross_seed
v8,activity_context_flat,43,0,2,43,1,0,99,0.8250041941808605,cross_split_same_seed
v8,activity_context_flat,43,0,2,43,1,1,102,0.901077517852136,cross_split_same_seed
v8,activity_context_flat,43,0,2,43,1,2,105,0.8668975187360372,cross_split_same_seed
v8,activity_context_flat,43,0,2,43,2,0,109,0.9167283472844338,cross_split_same_seed
v8,activity_context_flat,43,0,2,43,2,1,103,0.8711912622634711,cross_split_same_seed
v8,activity_context_flat,43,0,2,43,2,2,104,0.9096945223160247,cross_split_same_seed
v8,activity_context_flat,43,0,2,43,3,0,111,0.6872352964260426,cross_split_same_seed
v8,activity_context_flat,43,0,2,43,3,1,98,0.9283566361276906,cross_split_same_seed
v8,activity_context_flat,43,0,2,43,3,2,105,0.9110967912056163,cross_split_same_seed
v8,activity_context_flat,43,0,2,43,4,0,99,0.9184594124779883,cross_split_same_seed
v8,activity_context_flat,43,0,2,43,4,1,105,0.9062855034117977,cross_split_same_seed
v8,activity_context_flat,43,0,2,43,4,2,108,0.8553640751270567,cross_split_same_seed
v8,activity_context_flat,43,0,2,44,0,0,103,0.8615314424524946,cross_split_cross_seed
v8,activity_context_flat,43,0,2,44,0,1,105,0.8302861396935497,cross_split_cross_seed
v8,activity_context_flat,43,0,2,44,0,2,208,0.7823096610863365,same_split_cross_seed
v8,activity_context_flat,43,0,2,44,1,0,99,0.7969844542242058,cross_split_cross_seed
v8,activity_context_flat,43,0,2,44,1,1,102,0.8473282527410488,cross_split_cross_seed
v8,activity_context_flat,43,0,2,44,1,2,105,0.8109713396190313,cross_split_cross_seed
v8,activity_context_flat,43,0,2,44,2,0,109,0.829839057023085,cross_split_cross_seed
v8,activity_context_flat,43,0,2,44,2,1,103,0.8981625555171171,cross_split_cross_seed
v8,activity_context_flat,43,0,2,44,2,2,104,0.7196364241393995,cross_split_cross_seed
v8,activity_context_flat,43,0,2,44,3,0,111,0.7854317593196514,cross_split_cross_seed
v8,activity_context_flat,43,0,2,44,3,1,98,0.8422414437305137,cross_split_cross_seed
v8,activity_context_flat,43,0,2,44,3,2,105,0.8309249295514235,cross_split_cross_seed
v8,activity_context_flat,43,0,2,44,4,0,99,0.8791560333281536,cross_split_cross_seed
v8,activity_context_flat,43,0,2,44,4,1,105,0.7880542386155426,cross_split_cross_seed
v8,activity_context_flat,43,0,2,44,4,2,108,0.79414374407996,cross_split_cross_seed
v8,activity_context_flat,43,1,0,43,1,1,103,0.8251717365342425,cross_split_same_seed
v8,activity_context_flat,43,1,0,43,1,2,104,0.8352830357789608,cross_split_same_seed
v8,activity_context_flat,43,1,0,43,2,0,104,0.7797097776709525,cross_split_same_seed
v8,activity_context_flat,43,1,0,43,2,1,101,0.795323435930679,cross_split_same_seed
v8,activity_context_flat,43,1,0,43,2,2,105,0.8012084800115525,cross_split_same_seed
v8,activity_context_flat,43,1,0,43,3,0,104,0.7627076792538221,cross_split_same_seed
v8,activity_context_flat,43,1,0,43,3,1,104,0.8107743756647928,cross_split_same_seed
v8,activity_context_flat,43,1,0,43,3,2,102,0.8591267017277029,cross_split_same_seed
v8,activity_context_flat,43,1,0,43,4,0,109,0.8251732260415143,cross_split_same_seed
v8,activity_context_flat,43,1,0,43,4,1,101,0.8053801341527157,cross_split_same_seed
v8,activity_context_flat,43,1,0,43,4,2,104,0.8048893397702923,cross_split_same_seed
v8,activity_context_flat,43,1,0,44,0,0,104,0.8289321650371132,cross_split_cross_seed
v8,activity_context_flat,43,1,0,44,0,1,105,0.7915337128044264,cross_split_cross_seed
v8,activity_context_flat,43,1,0,44,0,2,99,0.8357492503147527,cross_split_cross_seed
v8,activity_context_flat,43,1,0,44,1,0,207,0.797560164924406,same_split_cross_seed
v8,activity_context_flat,43,1,0,44,1,1,103,0.7912227543295042,cross_split_cross_seed
v8,activity_context_flat,43,1,0,44,1,2,104,0.827080802890489,cross_split_cross_seed
v8,activity_context_flat,43,1,0,44,2,0,104,0.8318720878146197,cross_split_cross_seed
v8,activity_context_flat,43,1,0,44,2,1,101,0.7792907188906372,cross_split_cross_seed
v8,activity_context_flat,43,1,0,44,2,2,105,0.8057153352539825,cross_split_cross_seed
v8,activity_context_flat,43,1,0,44,3,0,104,0.8061956698375096,cross_split_cross_seed
v8,activity_context_flat,43,1,0,44,3,1,104,0.8273263561525022,cross_split_cross_seed
v8,activity_context_flat,43,1,0,44,3,2,102,0.8699228392980793,cross_split_cross_seed
v8,activity_context_flat,43,1,0,44,4,0,109,0.7740826802334156,cross_split_cross_seed
v8,activity_context_flat,43,1,0,44,4,1,101,0.7918874457496957,cross_split_cross_seed
v8,activity_context_flat,43,1,0,44,4,2,104,0.8289967228384377,cross_split_cross_seed
v8,activity_context_flat,43,1,1,43,1,2,105,0.8626297541866665,cross_split_same_seed
v8,activity_context_flat,43,1,1,43,2,0,101,0.8303592757199766,cross_split_same_seed
v8,activity_context_flat,43,1,1,43,2,1,107,0.7782981287911125,cross_split_same_seed
v8,activity_context_flat,43,1,1,43,2,2,110,0.8401544622185464,cross_split_same_seed
v8,activity_context_flat,43,1,1,43,3,0,97,0.6636239668230499,cross_split_same_seed
v8,activity_context_flat,43,1,1,43,3,1,101,0.8456453418262692,cross_split_same_seed
v8,activity_context_flat,43,1,1,43,3,2,106,0.8463614885220038,cross_split_same_seed
v8,activity_context_flat,43,1,1,43,4,0,104,0.8119809838710409,cross_split_same_seed
v8,activity_context_flat,43,1,1,43,4,1,109,0.8264604426603286,cross_split_same_seed
v8,activity_context_flat,43,1,1,43,4,2,103,0.7305806185520126,cross_split_same_seed
v8,activity_context_flat,43,1,1,44,0,0,101,0.8028091061778363,cross_split_cross_seed
v8,activity_context_flat,43,1,1,44,0,1,107,0.7978798001138713,cross_split_cross_seed
v8,activity_context_flat,43,1,1,44,0,2,102,0.7628540922010731,cross_split_cross_seed
v8,activity_context_flat,43,1,1,44,1,0,103,0.7688429525776955,cross_split_cross_seed
v8,activity_context_flat,43,1,1,44,1,1,208,0.7598453222039092,same_split_cross_seed
v8,activity_context_flat,43,1,1,44,1,2,105,0.7489933817336435,cross_split_cross_seed
v8,activity_context_flat,43,1,1,44,2,0,101,0.7970906670100264,cross_split_cross_seed
v8,activity_context_flat,43,1,1,44,2,1,107,0.8256875183379958,cross_split_cross_seed
v8,activity_context_flat,43,1,1,44,2,2,110,0.6815933904201984,cross_split_cross_seed
v8,activity_context_flat,43,1,1,44,3,0,97,0.712016563509243,cross_split_cross_seed
v8,activity_context_flat,43,1,1,44,3,1,101,0.7839177196923766,cross_split_cross_seed
v8,activity_context_flat,43,1,1,44,3,2,106,0.7916017913970924,cross_split_cross_seed
v8,activity_context_flat,43,1,1,44,4,0,104,0.7861509548007685,cross_split_cross_seed
v8,activity_context_flat,43,1,1,44,4,1,109,0.7025532434744839,cross_split_cross_seed
v8,activity_context_flat,43,1,1,44,4,2,103,0.7135734189688931,cross_split_cross_seed
v8,activity_context_flat,43,1,2,43,2,0,105,0.8751051792072921,cross_split_same_seed
v8,activity_context_flat,43,1,2,43,2,1,94,0.8153362714516653,cross_split_same_seed
v8,activity_context_flat,43,1,2,43,2,2,109,0.8737719335561419,cross_split_same_seed
v8,activity_context_flat,43,1,2,43,3,0,105,0.7014205814641669,cross_split_same_seed
v8,activity_context_flat,43,1,2,43,3,1,105,0.882538037492646,cross_split_same_seed
v8,activity_context_flat,43,1,2,43,3,2,116,0.8965184278273725,cross_split_same_seed
v8,activity_context_flat,43,1,2,43,4,0,101,0.8467650298292535,cross_split_same_seed
v8,activity_context_flat,43,1,2,43,4,1,114,0.8627483020726305,cross_split_same_seed
v8,activity_context_flat,43,1,2,43,4,2,95,0.7751957428055273,cross_split_same_seed
v8,activity_context_flat,43,1,2,44,0,0,107,0.8591040802576898,cross_split_cross_seed
v8,activity_context_flat,43,1,2,44,0,1,98,0.8204660157520134,cross_split_cross_seed
v8,activity_context_flat,43,1,2,44,0,2,105,0.8086858680069059,cross_split_cross_seed
v8,activity_context_flat,43,1,2,44,1,0,104,0.8373452727259495,cross_split_cross_seed
v8,activity_context_flat,43,1,2,44,1,1,105,0.7669977733913175,cross_split_cross_seed
v8,activity_context_flat,43,1,2,44,1,2,209,0.773958241330156,same_split_cross_seed
v8,activity_context_flat,43,1,2,44,2,0,105,0.8189247879210473,cross_split_cross_seed
v8,activity_context_flat,43,1,2,44,2,1,94,0.8939274127751858,cross_split_cross_seed
v8,activity_context_flat,43,1,2,44,2,2,109,0.6959294701753147,cross_split_cross_seed
v8,activity_context_flat,43,1,2,44,3,0,105,0.7581238290340238,cross_split_cross_seed
v8,activity_context_flat,43,1,2,44,3,1,105,0.8162820516649061,cross_split_cross_seed
v8,activity_context_flat,43,1,2,44,3,2,116,0.8504896059314294,cross_split_cross_seed
v8,activity_context_flat,43,1,2,44,4,0,101,0.8756828169664448,cross_split_cross_seed
v8,activity_context_flat,43,1,2,44,4,1,114,0.7742417534934011,cross_split_cross_seed
v8,activity_context_flat,43,1,2,44,4,2,95,0.7620195686113094,cross_split_cross_seed
v8,activity_context_flat,43,2,0,43,2,1,103,0.8223324594427235,cross_split_same_seed
v8,activity_context_flat,43,2,0,43,2,2,104,0.864097442248786,cross_split_same_seed
v8,activity_context_flat,43,2,0,43,3,0,103,0.6443128525862394,cross_split_same_seed
v8,activity_context_flat,43,2,0,43,3,1,107,0.9578567855098424,cross_split_same_seed
v8,activity_context_flat,43,2,0,43,3,2,104,0.8979962090769434,cross_split_same_seed
v8,activity_context_flat,43,2,0,43,4,0,105,0.8861620362907773,cross_split_same_seed
v8,activity_context_flat,43,2,0,43,4,1,94,0.8291258578826973,cross_split_same_seed
v8,activity_context_flat,43,2,0,43,4,2,101,0.7710551961146748,cross_split_same_seed
v8,activity_context_flat,43,2,0,44,0,0,101,0.8542116551230488,cross_split_cross_seed
v8,activity_context_flat,43,2,0,44,0,1,108,0.8453048850995006,cross_split_cross_seed
v8,activity_context_flat,43,2,0,44,0,2,109,0.7884044714580761,cross_split_cross_seed
v8,activity_context_flat,43,2,0,44,1,0,104,0.8033138647044061,cross_split_cross_seed
v8,activity_context_flat,43,2,0,44,1,1,101,0.8373416687090974,cross_split_cross_seed
v8,activity_context_flat,43,2,0,44,1,2,105,0.7610979120338193,cross_split_cross_seed
v8,activity_context_flat,43,2,0,44,2,0,207,0.7756234340110555,same_split_cross_seed
v8,activity_context_flat,43,2,0,44,2,1,103,0.8989612385162947,cross_split_cross_seed
v8,activity_context_flat,43,2,0,44,2,2,104,0.6745029665874978,cross_split_cross_seed
v8,activity_context_flat,43,2,0,44,3,0,103,0.732914199539037,cross_split_cross_seed
v8,activity_context_flat,43,2,0,44,3,1,107,0.8485161135122717,cross_split_cross_seed
v8,activity_context_flat,43,2,0,44,3,2,104,0.842506241784119,cross_split_cross_seed
v8,activity_context_flat,43,2,0,44,4,0,105,0.922602550921113,cross_split_cross_seed
v8,activity_context_flat,43,2,0,44,4,1,94,0.7683604599635087,cross_split_cross_seed
v8,activity_context_flat,43,2,0,44,4,2,101,0.7659377770324834,cross_split_cross_seed
v8,activity_context_flat,43,2,1,43,2,2,105,0.8677225334919958,cross_split_same_seed
v8,activity_context_flat,43,2,1,43,3,0,108,0.7655369988694917,cross_split_same_seed
v8,activity_context_flat,43,2,1,43,3,1,111,0.8932718599573484,cross_split_same_seed
v8,activity_context_flat,43,2,1,43,3,2,101,0.8532958772050245,cross_split_same_seed
v8,activity_context_flat,43,2,1,43,4,0,103,0.9191019158752256,cross_split_same_seed
v8,activity_context_flat,43,2,1,43,4,1,103,0.8202729860088993,cross_split_same_seed
v8,activity_context_flat,43,2,1,43,4,2,110,0.8918958412897875,cross_split_same_seed
v8,activity_context_flat,43,2,1,44,0,0,103,0.7956497620673237,cross_split_cross_seed
v8,activity_context_flat,43,2,1,44,0,1,104,0.7377688160320812,cross_split_cross_seed
v8,activity_context_flat,43,2,1,44,0,2,103,0.7853357143042506,cross_split_cross_seed
v8,activity_context_flat,43,2,1,44,1,0,101,0.7561875320590505,cross_split_cross_seed
v8,activity_context_flat,43,2,1,44,1,1,107,0.7631206173679435,cross_split_cross_seed
v8,activity_context_flat,43,2,1,44,1,2,94,0.7969953559965528,cross_split_cross_seed
v8,activity_context_flat,43,2,1,44,2,0,103,0.7978314419334226,cross_split_cross_seed
v8,activity_context_flat,43,2,1,44,2,1,208,0.7736674944337051,same_split_cross_seed
v8,activity_context_flat,43,2,1,44,2,2,105,0.7336761394776508,cross_split_cross_seed
v8,activity_context_flat,43,2,1,44,3,0,108,0.7536487253971009,cross_split_cross_seed
v8,activity_context_flat,43,2,1,44,3,1,111,0.7946540388880088,cross_split_cross_seed
v8,activity_context_flat,43,2,1,44,3,2,101,0.7928311107647753,cross_split_cross_seed
v8,activity_context_flat,43,2,1,44,4,0,103,0.7552296258482372,cross_split_cross_seed
v8,activity_context_flat,43,2,1,44,4,1,103,0.7601214836031213,cross_split_cross_seed
v8,activity_context_flat,43,2,1,44,4,2,110,0.7702186714859999,cross_split_cross_seed
v8,activity_context_flat,43,2,2,43,3,0,103,0.694576193975529,cross_split_same_seed
v8,activity_context_flat,43,2,2,43,3,1,102,0.9182462843141791,cross_split_same_seed
v8,activity_context_flat,43,2,2,43,3,2,101,0.9443487169690751,cross_split_same_seed
v8,activity_context_flat,43,2,2,43,4,0,106,0.9073811715679408,cross_split_same_seed
v8,activity_context_flat,43,2,2,43,4,1,103,0.8773674112850205,cross_split_same_seed
v8,activity_context_flat,43,2,2,43,4,2,115,0.8774706020092379,cross_split_same_seed
v8,activity_context_flat,43,2,2,44,0,0,98,0.838396076255151,cross_split_cross_seed
v8,activity_context_flat,43,2,2,44,0,1,98,0.8253602786075407,cross_split_cross_seed
v8,activity_context_flat,43,2,2,44,0,2,104,0.7679605318959561,cross_split_cross_seed
v8,activity_context_flat,43,2,2,44,1,0,105,0.7735342951603542,cross_split_cross_seed
v8,activity_context_flat,43,2,2,44,1,1,110,0.7742138283895895,cross_split_cross_seed
v8,activity_context_flat,43,2,2,44,1,2,109,0.7891954679150038,cross_split_cross_seed
v8,activity_context_flat,43,2,2,44,2,0,104,0.8313740110217214,cross_split_cross_seed
v8,activity_context_flat,43,2,2,44,2,1,105,0.8362325701939415,cross_split_cross_seed
v8,activity_context_flat,43,2,2,44,2,2,209,0.6513290797653639,same_split_cross_seed
v8,activity_context_flat,43,2,2,44,3,0,103,0.7724956192438275,cross_split_cross_seed
v8,activity_context_flat,43,2,2,44,3,1,102,0.8322963179632703,cross_split_cross_seed
v8,activity_context_flat,43,2,2,44,3,2,101,0.8374968362042059,cross_split_cross_seed
v8,activity_context_flat,43,2,2,44,4,0,106,0.8221626476954781,cross_split_cross_seed
v8,activity_context_flat,43,2,2,44,4,1,103,0.7686880066469438,cross_split_cross_seed
v8,activity_context_flat,43,2,2,44,4,2,115,0.7725613399514608,cross_split_cross_seed
v8,activity_context_flat,43,3,0,43,3,1,103,0.7143923146232908,cross_split_same_seed
v8,activity_context_flat,43,3,0,43,3,2,105,0.6850547692304346,cross_split_same_seed
v8,activity_context_flat,43,3,0,43,4,0,97,0.7861706771952541,cross_split_same_seed
v8,activity_context_flat,43,3,0,43,4,1,112,0.6705678948740036,cross_split_same_seed
v8,activity_context_flat,43,3,0,43,4,2,113,0.8064861420575177,cross_split_same_seed
v8,activity_context_flat,43,3,0,44,0,0,95,0.7101780793620373,cross_split_cross_seed
v8,activity_context_flat,43,3,0,44,0,1,100,0.6768377429232063,cross_split_cross_seed
v8,activity_context_flat,43,3,0,44,0,2,111,0.7254096949311594,cross_split_cross_seed
v8,activity_context_flat,43,3,0,44,1,0,104,0.713411720745021,cross_split_cross_seed
v8,activity_context_flat,43,3,0,44,1,1,97,0.6594808462256709,cross_split_cross_seed
v8,activity_context_flat,43,3,0,44,1,2,105,0.7267297541014817,cross_split_cross_seed
v8,activity_context_flat,43,3,0,44,2,0,103,0.7224499479875229,cross_split_cross_seed
v8,activity_context_flat,43,3,0,44,2,1,108,0.6457371605262044,cross_split_cross_seed
v8,activity_context_flat,43,3,0,44,2,2,103,0.7399579025870223,cross_split_cross_seed
v8,activity_context_flat,43,3,0,44,3,0,208,0.6315100768223983,same_split_cross_seed
v8,activity_context_flat,43,3,0,44,3,1,103,0.7162852278054814,cross_split_cross_seed
v8,activity_context_flat,43,3,0,44,3,2,105,0.7059462435600743,cross_split_cross_seed
v8,activity_context_flat,43,3,0,44,4,0,97,0.6640177615037655,cross_split_cross_seed
v8,activity_context_flat,43,3,0,44,4,1,112,0.6714082121898596,cross_split_cross_seed
v8,activity_context_flat,43,3,0,44,4,2,113,0.7445303212750702,cross_split_cross_seed
v8,activity_context_flat,43,3,1,43,3,2,105,0.9274102681150611,cross_split_same_seed
v8,activity_context_flat,43,3,1,43,4,0,105,0.922365860865564,cross_split_same_seed
v8,activity_context_flat,43,3,1,43,4,1,106,0.8650370797250981,cross_split_same_seed
v8,activity_context_flat,43,3,1,43,4,2,99,0.8467140629984228,cross_split_same_seed
v8,activity_context_flat,43,3,1,44,0,0,106,0.8394958425018008,cross_split_cross_seed
v8,activity_context_flat,43,3,1,44,0,1,104,0.8235020569482984,cross_split_cross_seed
v8,activity_context_flat,43,3,1,44,0,2,98,0.7857950511377905,cross_split_cross_seed
v8,activity_context_flat,43,3,1,44,1,0,104,0.7743371506702911,cross_split_cross_seed
v8,activity_context_flat,43,3,1,44,1,1,101,0.8344135362465621,cross_split_cross_seed
v8,activity_context_flat,43,3,1,44,1,2,105,0.7846928168157002,cross_split_cross_seed
v8,activity_context_flat,43,3,1,44,2,0,107,0.8298030321252499,cross_split_cross_seed
v8,activity_context_flat,43,3,1,44,2,1,111,0.8623646829422066,cross_split_cross_seed
v8,activity_context_flat,43,3,1,44,2,2,102,0.723038390513185,cross_split_cross_seed
v8,activity_context_flat,43,3,1,44,3,0,103,0.7372431649281579,cross_split_cross_seed
v8,activity_context_flat,43,3,1,44,3,1,208,0.8205589578141007,same_split_cross_seed
v8,activity_context_flat,43,3,1,44,3,2,105,0.845937914606766,cross_split_cross_seed
v8,activity_context_flat,43,3,1,44,4,0,105,0.8740794341309486,cross_split_cross_seed
v8,activity_context_flat,43,3,1,44,4,1,106,0.7762130736167392,cross_split_cross_seed
v8,activity_context_flat,43,3,1,44,4,2,99,0.7798292518523842,cross_split_cross_seed
v8,activity_context_flat,43,3,2,43,4,0,96,0.9173303855720145,cross_split_same_seed
v8,activity_context_flat,43,3,2,43,4,1,108,0.894346659308801,cross_split_same_seed
v8,activity_context_flat,43,3,2,43,4,2,108,0.8353115778694967,cross_split_same_seed
v8,activity_context_flat,43,3,2,44,0,0,103,0.8654804122227069,cross_split_cross_seed
v8,activity_context_flat,43,3,2,44,0,1,110,0.8188472603945287,cross_split_cross_seed
v8,activity_context_flat,43,3,2,44,0,2,105,0.777286043443507,cross_split_cross_seed
v8,activity_context_flat,43,3,2,44,1,0,102,0.849377017847923,cross_split_cross_seed
v8,activity_context_flat,43,3,2,44,1,1,106,0.8082965052437768,cross_split_cross_seed
v8,activity_context_flat,43,3,2,44,1,2,116,0.8074543034460683,cross_split_cross_seed
v8,activity_context_flat,43,3,2,44,2,0,104,0.8377326674117,cross_split_cross_seed
v8,activity_context_flat,43,3,2,44,2,1,101,0.8715145755143261,cross_split_cross_seed
v8,activity_context_flat,43,3,2,44,2,2,101,0.7126479542660419,cross_split_cross_seed
v8,activity_context_flat,43,3,2,44,3,0,105,0.792090001615444,cross_split_cross_seed
v8,activity_context_flat,43,3,2,44,3,1,105,0.8461988139528824,cross_split_cross_seed
v8,activity_context_flat,43,3,2,44,3,2,210,0.8378748496131775,same_split_cross_seed
v8,activity_context_flat,43,3,2,44,4,0,96,0.8772078016007274,cross_split_cross_seed
v8,activity_context_flat,43,3,2,44,4,1,108,0.7862299521328844,cross_split_cross_seed
v8,activity_context_flat,43,3,2,44,4,2,108,0.7926338736914603,cross_split_cross_seed
v8,activity_context_flat,43,4,0,43,4,1,103,0.8564570381216521,cross_split_same_seed
v8,activity_context_flat,43,4,0,43,4,2,105,0.9039273629086316,cross_split_same_seed
v8,activity_context_flat,43,4,0,44,0,0,117,0.8218010488870109,cross_split_cross_seed
v8,activity_context_flat,43,4,0,44,0,1,106,0.8136277057567435,cross_split_cross_seed
v8,activity_context_flat,43,4,0,44,0,2,99,0.8149424247345469,cross_split_cross_seed
v8,activity_context_flat,43,4,0,44,1,0,109,0.8054398222803628,cross_split_cross_seed
v8,activity_context_flat,43,4,0,44,1,1,104,0.779095683916783,cross_split_cross_seed
v8,activity_context_flat,43,4,0,44,1,2,101,0.8286210928750414,cross_split_cross_seed
v8,activity_context_flat,43,4,0,44,2,0,105,0.8448735274755851,cross_split_cross_seed
v8,activity_context_flat,43,4,0,44,2,1,103,0.8316924842678768,cross_split_cross_seed
v8,activity_context_flat,43,4,0,44,2,2,106,0.7378791109269185,cross_split_cross_seed
v8,activity_context_flat,43,4,0,44,3,0,97,0.8174636727711015,cross_split_cross_seed
v8,activity_context_flat,43,4,0,44,3,1,105,0.8408431758024587,cross_split_cross_seed
v8,activity_context_flat,43,4,0,44,3,2,96,0.8444714047409165,cross_split_cross_seed
v8,activity_context_flat,43,4,0,44,4,0,208,0.8082095050540808,same_split_cross_seed
v8,activity_context_flat,43,4,0,44,4,1,103,0.7938123235864069,cross_split_cross_seed
v8,activity_context_flat,43,4,0,44,4,2,105,0.8028237232457966,cross_split_cross_seed
v8,activity_context_flat,43,4,1,43,4,2,105,0.7998054078975971,cross_split_same_seed
v8,activity_context_flat,43,4,1,44,0,0,93,0.7774315996454763,cross_split_cross_seed
v8,activity_context_flat,43,4,1,44,0,1,100,0.7814268702023499,cross_split_cross_seed
v8,activity_context_flat,43,4,1,44,0,2,105,0.7840714112830525,cross_split_cross_seed
v8,activity_context_flat,43,4,1,44,1,0,101,0.775120660472848,cross_split_cross_seed
v8,activity_context_flat,43,4,1,44,1,1,109,0.7658816456872187,cross_split_cross_seed
v8,activity_context_flat,43,4,1,44,1,2,114,0.7895063218869283,cross_split_cross_seed
v8,activity_context_flat,43,4,1,44,2,0,94,0.818546266307018,cross_split_cross_seed
v8,activity_context_flat,43,4,1,44,2,1,103,0.8272817848898246,cross_split_cross_seed
v8,activity_context_flat,43,4,1,44,2,2,103,0.6994315144198072,cross_split_cross_seed
v8,activity_context_flat,43,4,1,44,3,0,112,0.738949091575608,cross_split_cross_seed
v8,activity_context_flat,43,4,1,44,3,1,106,0.7966613686840089,cross_split_cross_seed
v8,activity_context_flat,43,4,1,44,3,2,108,0.8072314261179948,cross_split_cross_seed
v8,activity_context_flat,43,4,1,44,4,0,103,0.7943012698496693,cross_split_cross_seed
v8,activity_context_flat,43,4,1,44,4,1,208,0.7611464800335848,same_split_cross_seed
v8,activity_context_flat,43,4,1,44,4,2,105,0.7280138823234722,cross_split_cross_seed
v8,activity_context_flat,43,4,2,44,0,0,102,0.7736324734754969,cross_split_cross_seed
v8,activity_context_flat,43,4,2,44,0,1,102,0.7452917254128301,cross_split_cross_seed
v8,activity_context_flat,43,4,2,44,0,2,108,0.7864351049353551,cross_split_cross_seed
v8,activity_context_flat,43,4,2,44,1,0,104,0.7630809081648942,cross_split_cross_seed
v8,activity_context_flat,43,4,2,44,1,1,103,0.722780926168763,cross_split_cross_seed
v8,activity_context_flat,43,4,2,44,1,2,95,0.7750442963309263,cross_split_cross_seed
v8,activity_context_flat,43,4,2,44,2,0,101,0.7893467734233481,cross_split_cross_seed
v8,activity_context_flat,43,4,2,44,2,1,110,0.7395132579868932,cross_split_cross_seed
v8,activity_context_flat,43,4,2,44,2,2,115,0.7455318321002739,cross_split_cross_seed
v8,activity_context_flat,43,4,2,44,3,0,113,0.7678828510151575,cross_split_cross_seed
v8,activity_context_flat,43,4,2,44,3,1,99,0.8041647364310905,cross_split_cross_seed
v8,activity_context_flat,43,4,2,44,3,2,108,0.7797605550376686,cross_split_cross_seed
v8,activity_context_flat,43,4,2,44,4,0,105,0.7350282881009031,cross_split_cross_seed
v8,activity_context_flat,43,4,2,44,4,1,105,0.7396880083943508,cross_split_cross_seed
v8,activity_context_flat,43,4,2,44,4,2,210,0.7478495933815067,same_split_cross_seed
v8,activity_context_flat,44,0,0,44,0,1,102,0.9026202695937959,cross_split_same_seed
v8,activity_context_flat,44,0,0,44,0,2,103,0.8667438237310906,cross_split_same_seed
v8,activity_context_flat,44,0,0,44,1,0,104,0.9018554630528971,cross_split_same_seed
v8,activity_context_flat,44,0,0,44,1,1,101,0.8976777576176544,cross_split_same_seed
v8,activity_context_flat,44,0,0,44,1,2,107,0.8679529288428002,cross_split_same_seed
v8,activity_context_flat,44,0,0,44,2,0,101,0.8912983460702641,cross_split_same_seed
v8,activity_context_flat,44,0,0,44,2,1,103,0.9061581535504101,cross_split_same_seed
v8,activity_context_flat,44,0,0,44,2,2,98,0.8070635543820096,cross_split_same_seed
v8,activity_context_flat,44,0,0,44,3,0,95,0.8614115690621929,cross_split_same_seed
v8,activity_context_flat,44,0,0,44,3,1,106,0.9229920661742537,cross_split_same_seed
v8,activity_context_flat,44,0,0,44,3,2,103,0.9114712743085046,cross_split_same_seed
v8,activity_context_flat,44,0,0,44,4,0,117,0.9029997823249322,cross_split_same_seed
v8,activity_context_flat,44,0,0,44,4,1,93,0.8108682547688914,cross_split_same_seed
v8,activity_context_flat,44,0,0,44,4,2,102,0.8857912431354206,cross_split_same_seed
v8,activity_context_flat,44,0,1,44,0,2,105,0.825488881603608,cross_split_same_seed
v8,activity_context_flat,44,0,1,44,1,0,105,0.8844043517086244,cross_split_same_seed
v8,activity_context_flat,44,0,1,44,1,1,107,0.8762809744227461,cross_split_same_seed
v8,activity_context_flat,44,0,1,44,1,2,98,0.8287501412214824,cross_split_same_seed
v8,activity_context_flat,44,0,1,44,2,0,108,0.8360483103014766,cross_split_same_seed
v8,activity_context_flat,44,0,1,44,2,1,104,0.892163222237085,cross_split_same_seed
v8,activity_context_flat,44,0,1,44,2,2,98,0.7640464167150733,cross_split_same_seed
v8,activity_context_flat,44,0,1,44,3,0,100,0.8132301497134563,cross_split_same_seed
v8,activity_context_flat,44,0,1,44,3,1,104,0.8857079316663358,cross_split_same_seed
v8,activity_context_flat,44,0,1,44,3,2,110,0.8810903062873209,cross_split_same_seed
v8,activity_context_flat,44,0,1,44,4,0,106,0.8976035269745716,cross_split_same_seed
v8,activity_context_flat,44,0,1,44,4,1,100,0.7768639414779968,cross_split_same_seed
v8,activity_context_flat,44,0,1,44,4,2,102,0.824176627378747,cross_split_same_seed
v8,activity_context_flat,44,0,2,44,1,0,99,0.8965445279623362,cross_split_same_seed
v8,activity_context_flat,44,0,2,44,1,1,102,0.8328262280872193,cross_split_same_seed
v8,activity_context_flat,44,0,2,44,1,2,105,0.8732031487627058,cross_split_same_seed
v8,activity_context_flat,44,0,2,44,2,0,109,0.8869398991611904,cross_split_same_seed
v8,activity_context_flat,44,0,2,44,2,1,103,0.8552264609297467,cross_split_same_seed
v8,activity_context_flat,44,0,2,44,2,2,104,0.85192004527931,cross_split_same_seed
v8,activity_context_flat,44,0,2,44,3,0,111,0.8984988691950552,cross_split_same_seed
v8,activity_context_flat,44,0,2,44,3,1,98,0.8897336341455484,cross_split_same_seed
v8,activity_context_flat,44,0,2,44,3,2,105,0.88993788113445,cross_split_same_seed
v8,activity_context_flat,44,0,2,44,4,0,99,0.8468404313487479,cross_split_same_seed
v8,activity_context_flat,44,0,2,44,4,1,105,0.8648505237466698,cross_split_same_seed
v8,activity_context_flat,44,0,2,44,4,2,108,0.8950055727419237,cross_split_same_seed
v8,activity_context_flat,44,1,0,44,1,1,103,0.8685365587158594,cross_split_same_seed
v8,activity_context_flat,44,1,0,44,1,2,104,0.870403397391789,cross_split_same_seed
v8,activity_context_flat,44,1,0,44,2,0,104,0.8669938448242814,cross_split_same_seed
v8,activity_context_flat,44,1,0,44,2,1,101,0.8589322630979127,cross_split_same_seed
v8,activity_context_flat,44,1,0,44,2,2,105,0.820301531559317,cross_split_same_seed
v8,activity_context_flat,44,1,0,44,3,0,104,0.8902176695454108,cross_split_same_seed
v8,activity_context_flat,44,1,0,44,3,1,104,0.8945693986031136,cross_split_same_seed
v8,activity_context_flat,44,1,0,44,3,2,102,0.929576777461068,cross_split_same_seed
v8,activity_context_flat,44,1,0,44,4,0,109,0.8754393410658319,cross_split_same_seed
v8,activity_context_flat,44,1,0,44,4,1,101,0.8472564990038974,cross_split_same_seed
v8,activity_context_flat,44,1,0,44,4,2,104,0.876278072930603,cross_split_same_seed
v8,activity_context_flat,44,1,1,44,1,2,105,0.7987622355258819,cross_split_same_seed
v8,activity_context_flat,44,1,1,44,2,0,101,0.8462725568748407,cross_split_same_seed
v8,activity_context_flat,44,1,1,44,2,1,107,0.9202865098728159,cross_split_same_seed
v8,activity_context_flat,44,1,1,44,2,2,110,0.7475074281614452,cross_split_same_seed
v8,activity_context_flat,44,1,1,44,3,0,97,0.8078322520946759,cross_split_same_seed
v8,activity_context_flat,44,1,1,44,3,1,101,0.8811275650794864,cross_split_same_seed
v8,activity_context_flat,44,1,1,44,3,2,106,0.860866328827524,cross_split_same_seed
v8,activity_context_flat,44,1,1,44,4,0,104,0.909322592893577,cross_split_same_seed
v8,activity_context_flat,44,1,1,44,4,1,109,0.82044067268968,cross_split_same_seed
v8,activity_context_flat,44,1,1,44,4,2,103,0.8084483545930214,cross_split_same_seed
v8,activity_context_flat,44,1,2,44,2,0,105,0.878555372060191,cross_split_same_seed
v8,activity_context_flat,44,1,2,44,2,1,94,0.837312843868339,cross_split_same_seed
v8,activity_context_flat,44,1,2,44,2,2,109,0.8435413669484242,cross_split_same_seed
v8,activity_context_flat,44,1,2,44,3,0,105,0.8795948276149795,cross_split_same_seed
v8,activity_context_flat,44,1,2,44,3,1,105,0.87390030884065,cross_split_same_seed
v8,activity_context_flat,44,1,2,44,3,2,116,0.8751292350216328,cross_split_same_seed
v8,activity_context_flat,44,1,2,44,4,0,101,0.8117582785727189,cross_split_same_seed
v8,activity_context_flat,44,1,2,44,4,1,114,0.896304298008795,cross_split_same_seed
v8,activity_context_flat,44,1,2,44,4,2,95,0.8541161000677485,cross_split_same_seed
v8,activity_context_flat,44,2,0,44,2,1,103,0.8539909774877162,cross_split_same_seed
v8,activity_context_flat,44,2,0,44,2,2,104,0.8661545564552845,cross_split_same_seed
v8,activity_context_flat,44,2,0,44,3,0,103,0.8605436573618065,cross_split_same_seed
v8,activity_context_flat,44,2,0,44,3,1,107,0.909035027791179,cross_split_same_seed
v8,activity_context_flat,44,2,0,44,3,2,104,0.9017921875332454,cross_split_same_seed
v8,activity_context_flat,44,2,0,44,4,0,105,0.84422408809284,cross_split_same_seed
v8,activity_context_flat,44,2,0,44,4,1,94,0.8690634956790404,cross_split_same_seed
v8,activity_context_flat,44,2,0,44,4,2,101,0.8958311529688219,cross_split_same_seed
v8,activity_context_flat,44,2,1,44,2,2,105,0.7109603065427964,cross_split_same_seed
v8,activity_context_flat,44,2,1,44,3,0,108,0.834375739095441,cross_split_same_seed
v8,activity_context_flat,44,2,1,44,3,1,111,0.8992325674047055,cross_split_same_seed
v8,activity_context_flat,44,2,1,44,3,2,101,0.8897456352700152,cross_split_same_seed
v8,activity_context_flat,44,2,1,44,4,0,103,0.9567913417560878,cross_split_same_seed
v8,activity_context_flat,44,2,1,44,4,1,103,0.8236135046192528,cross_split_same_seed
v8,activity_context_flat,44,2,1,44,4,2,110,0.7993133242756129,cross_split_same_seed
v8,activity_context_flat,44,2,2,44,3,0,103,0.8538635918547166,cross_split_same_seed
v8,activity_context_flat,44,2,2,44,3,1,102,0.8439589538227129,cross_split_same_seed
v8,activity_context_flat,44,2,2,44,3,2,101,0.8169144690425518,cross_split_same_seed
v8,activity_context_flat,44,2,2,44,4,0,106,0.687890925508894,cross_split_same_seed
v8,activity_context_flat,44,2,2,44,4,1,103,0.8063402007071384,cross_split_same_seed
v8,activity_context_flat,44,2,2,44,4,2,115,0.8586583888601363,cross_split_same_seed
v8,activity_context_flat,44,3,0,44,3,1,103,0.8972356160251028,cross_split_same_seed
v8,activity_context_flat,44,3,0,44,3,2,105,0.8911340631539004,cross_split_same_seed
v8,activity_context_flat,44,3,0,44,4,0,97,0.8438484362879635,cross_split_same_seed
v8,activity_context_flat,44,3,0,44,4,1,112,0.8777506212700789,cross_split_same_seed
v8,activity_context_flat,44,3,0,44,4,2,113,0.8787820790249502,cross_split_same_seed
v8,activity_context_flat,44,3,1,44,3,2,105,0.9086831715298065,cross_split_same_seed
v8,activity_context_flat,44,3,1,44,4,0,105,0.8920289689923819,cross_split_same_seed
v8,activity_context_flat,44,3,1,44,4,1,106,0.8890936111783364,cross_split_same_seed
v8,activity_context_flat,44,3,1,44,4,2,99,0.910929601178765,cross_split_same_seed
v8,activity_context_flat,44,3,2,44,4,0,96,0.9004617011430736,cross_split_same_seed
v8,activity_context_flat,44,3,2,44,4,1,108,0.8629075929826932,cross_split_same_seed
v8,activity_context_flat,44,3,2,44,4,2,108,0.8814452609481015,cross_split_same_seed
v8,activity_context_flat,44,4,0,44,4,1,103,0.8192830821900512,cross_split_same_seed
v8,activity_context_flat,44,4,0,44,4,2,105,0.8034419226823377,cross_split_same_seed
v8,activity_context_flat,44,4,1,44,4,2,105,0.8344131847887271,cross_split_same_seed
v8,subject_embedding,42,0,0,42,0,1,102,0.6226592202745259,cross_split_same_seed
v8,subject_embedding,42,0,0,42,0,2,103,0.5279049600622605,cross_split_same_seed
v8,subject_embedding,42,0,0,42,1,0,104,0.45799829373404927,cross_split_same_seed
v8,subject_embedding,42,0,0,42,1,1,101,0.442433748721986,cross_split_same_seed
v8,subject_embedding,42,0,0,42,1,2,107,0.21772316566901243,cross_split_same_seed
v8,subject_embedding,42,0,0,42,2,0,101,0.5458991538205986,cross_split_same_seed
v8,subject_embedding,42,0,0,42,2,1,103,0.28474526531489447,cross_split_same_seed
v8,subject_embedding,42,0,0,42,2,2,98,0.4929050936330425,cross_split_same_seed
v8,subject_embedding,42,0,0,42,3,0,95,0.6478564852811854,cross_split_same_seed
v8,subject_embedding,42,0,0,42,3,1,106,0.4033286661005132,cross_split_same_seed
v8,subject_embedding,42,0,0,42,3,2,103,0.27402945256454747,cross_split_same_seed
v8,subject_embedding,42,0,0,42,4,0,117,0.41540142167853256,cross_split_same_seed
v8,subject_embedding,42,0,0,42,4,1,93,0.24903443388652258,cross_split_same_seed
v8,subject_embedding,42,0,0,42,4,2,102,0.4188477918482666,cross_split_same_seed
v8,subject_embedding,42,0,0,43,0,0,205,0.5758930057015351,same_split_cross_seed
v8,subject_embedding,42,0,0,43,0,1,102,0.4527633784937127,cross_split_cross_seed
v8,subject_embedding,42,0,0,43,0,2,103,0.26940511582911164,cross_split_cross_seed
v8,subject_embedding,42,0,0,43,1,0,104,0.6036767690369376,cross_split_cross_seed
v8,subject_embedding,42,0,0,43,1,1,101,0.28809160537965883,cross_split_cross_seed
v8,subject_embedding,42,0,0,43,1,2,107,0.5734973246675333,cross_split_cross_seed
v8,subject_embedding,42,0,0,43,2,0,101,0.1730343645866153,cross_split_cross_seed
v8,subject_embedding,42,0,0,43,2,1,103,0.4051542361235538,cross_split_cross_seed
v8,subject_embedding,42,0,0,43,2,2,98,0.4588360314091835,cross_split_cross_seed
v8,subject_embedding,42,0,0,43,3,0,95,0.6445939449671415,cross_split_cross_seed
v8,subject_embedding,42,0,0,43,3,1,106,0.26648100627319826,cross_split_cross_seed
v8,subject_embedding,42,0,0,43,3,2,103,0.4233872426143215,cross_split_cross_seed
v8,subject_embedding,42,0,0,43,4,0,117,0.4793711296173494,cross_split_cross_seed
v8,subject_embedding,42,0,0,43,4,1,93,0.40121126528906015,cross_split_cross_seed
v8,subject_embedding,42,0,0,43,4,2,102,0.5898173606159044,cross_split_cross_seed
v8,subject_embedding,42,0,0,44,0,0,205,0.5228329071167962,same_split_cross_seed
v8,subject_embedding,42,0,0,44,0,1,102,0.39816657003297884,cross_split_cross_seed
v8,subject_embedding,42,0,0,44,0,2,103,0.48895334502404725,cross_split_cross_seed
v8,subject_embedding,42,0,0,44,1,0,104,0.5173024265603152,cross_split_cross_seed
v8,subject_embedding,42,0,0,44,1,1,101,0.29548840953699296,cross_split_cross_seed
v8,subject_embedding,42,0,0,44,1,2,107,0.7089085439253153,cross_split_cross_seed
v8,subject_embedding,42,0,0,44,2,0,101,0.49587307692452676,cross_split_cross_seed
v8,subject_embedding,42,0,0,44,2,1,103,0.18467778325522385,cross_split_cross_seed
v8,subject_embedding,42,0,0,44,2,2,98,0.6612307259655817,cross_split_cross_seed
v8,subject_embedding,42,0,0,44,3,0,95,0.4990706017146425,cross_split_cross_seed
v8,subject_embedding,42,0,0,44,3,1,106,0.43680913081120726,cross_split_cross_seed
v8,subject_embedding,42,0,0,44,3,2,103,0.4848113239267951,cross_split_cross_seed
v8,subject_embedding,42,0,0,44,4,0,117,0.20714307003808952,cross_split_cross_seed
v8,subject_embedding,42,0,0,44,4,1,93,0.4561965811248326,cross_split_cross_seed
v8,subject_embedding,42,0,0,44,4,2,102,0.5238199250628659,cross_split_cross_seed
v8,subject_embedding,42,0,1,42,0,2,105,0.465569762757111,cross_split_same_seed
v8,subject_embedding,42,0,1,42,1,0,105,0.33210975123707054,cross_split_same_seed
v8,subject_embedding,42,0,1,42,1,1,107,0.28405502794157717,cross_split_same_seed
v8,subject_embedding,42,0,1,42,1,2,98,0.21615558925906186,cross_split_same_seed
v8,subject_embedding,42,0,1,42,2,0,108,0.45962570949345105,cross_split_same_seed
v8,subject_embedding,42,0,1,42,2,1,104,0.33953159181906234,cross_split_same_seed
v8,subject_embedding,42,0,1,42,2,2,98,0.4807572113069608,cross_split_same_seed
v8,subject_embedding,42,0,1,42,3,0,100,0.6085291052007532,cross_split_same_seed
v8,subject_embedding,42,0,1,42,3,1,104,0.4001942999629025,cross_split_same_seed
v8,subject_embedding,42,0,1,42,3,2,110,0.2796170092528967,cross_split_same_seed
v8,subject_embedding,42,0,1,42,4,0,106,0.3698716507074695,cross_split_same_seed
v8,subject_embedding,42,0,1,42,4,1,100,0.2611809791910804,cross_split_same_seed
v8,subject_embedding,42,0,1,42,4,2,102,0.3533282343147926,cross_split_same_seed
v8,subject_embedding,42,0,1,43,0,0,102,0.6794197488834275,cross_split_cross_seed
v8,subject_embedding,42,0,1,43,0,1,207,0.4888443043414359,same_split_cross_seed
v8,subject_embedding,42,0,1,43,0,2,105,0.3123773434622664,cross_split_cross_seed
v8,subject_embedding,42,0,1,43,1,0,105,0.5532613103789494,cross_split_cross_seed
v8,subject_embedding,42,0,1,43,1,1,107,0.2744179332729085,cross_split_cross_seed
v8,subject_embedding,42,0,1,43,1,2,98,0.5970702565418836,cross_split_cross_seed
v8,subject_embedding,42,0,1,43,2,0,108,0.1265329775333667,cross_split_cross_seed
v8,subject_embedding,42,0,1,43,2,1,104,0.40224612849299685,cross_split_cross_seed
v8,subject_embedding,42,0,1,43,2,2,98,0.46428055745862906,cross_split_cross_seed
v8,subject_embedding,42,0,1,43,3,0,100,0.6438095914109067,cross_split_cross_seed
v8,subject_embedding,42,0,1,43,3,1,104,0.22140296237934373,cross_split_cross_seed
v8,subject_embedding,42,0,1,43,3,2,110,0.43900147180435045,cross_split_cross_seed
v8,subject_embedding,42,0,1,43,4,0,106,0.4409000352457938,cross_split_cross_seed
v8,subject_embedding,42,0,1,43,4,1,100,0.49759989162173207,cross_split_cross_seed
v8,subject_embedding,42,0,1,43,4,2,102,0.55119237472077,cross_split_cross_seed
v8,subject_embedding,42,0,1,44,0,0,102,0.5403058192734689,cross_split_cross_seed
v8,subject_embedding,42,0,1,44,0,1,207,0.37532389826437795,same_split_cross_seed
v8,subject_embedding,42,0,1,44,0,2,105,0.5140370449555637,cross_split_cross_seed
v8,subject_embedding,42,0,1,44,1,0,105,0.46878619874842364,cross_split_cross_seed
v8,subject_embedding,42,0,1,44,1,1,107,0.16371825769913922,cross_split_cross_seed
v8,subject_embedding,42,0,1,44,1,2,98,0.7513000430750049,cross_split_cross_seed
v8,subject_embedding,42,0,1,44,2,0,108,0.6415847869450614,cross_split_cross_seed
v8,subject_embedding,42,0,1,44,2,1,104,0.3123048642125323,cross_split_cross_seed
v8,subject_embedding,42,0,1,44,2,2,98,0.6825116246603868,cross_split_cross_seed
v8,subject_embedding,42,0,1,44,3,0,100,0.4349276169900606,cross_split_cross_seed
v8,subject_embedding,42,0,1,44,3,1,104,0.37662636615557127,cross_split_cross_seed
v8,subject_embedding,42,0,1,44,3,2,110,0.5437748280245026,cross_split_cross_seed
v8,subject_embedding,42,0,1,44,4,0,106,0.2195382562096379,cross_split_cross_seed
v8,subject_embedding,42,0,1,44,4,1,100,0.3434574475561978,cross_split_cross_seed
v8,subject_embedding,42,0,1,44,4,2,102,0.5371705125481703,cross_split_cross_seed
v8,subject_embedding,42,0,2,42,1,0,99,0.6842051630772996,cross_split_same_seed
v8,subject_embedding,42,0,2,42,1,1,102,0.683458843310962,cross_split_same_seed
v8,subject_embedding,42,0,2,42,1,2,105,0.4510238961637367,cross_split_same_seed
v8,subject_embedding,42,0,2,42,2,0,109,0.6374722943390468,cross_split_same_seed
v8,subject_embedding,42,0,2,42,2,1,103,0.5592149085603396,cross_split_same_seed
v8,subject_embedding,42,0,2,42,2,2,104,0.6552116537584611,cross_split_same_seed
v8,subject_embedding,42,0,2,42,3,0,111,0.6982975782247185,cross_split_same_seed
v8,subject_embedding,42,0,2,42,3,1,98,0.6900089850607475,cross_split_same_seed
v8,subject_embedding,42,0,2,42,3,2,105,0.7561303999288868,cross_split_same_seed
v8,subject_embedding,42,0,2,42,4,0,99,0.6691096719061077,cross_split_same_seed
v8,subject_embedding,42,0,2,42,4,1,105,0.526156431299602,cross_split_same_seed
v8,subject_embedding,42,0,2,42,4,2,108,0.7906923153483144,cross_split_same_seed
v8,subject_embedding,42,0,2,43,0,0,103,0.3990403238679647,cross_split_cross_seed
v8,subject_embedding,42,0,2,43,0,1,105,0.2572933783715708,cross_split_cross_seed
v8,subject_embedding,42,0,2,43,0,2,208,0.46436829251070993,same_split_cross_seed
v8,subject_embedding,42,0,2,43,1,0,99,0.3543456409184153,cross_split_cross_seed
v8,subject_embedding,42,0,2,43,1,1,102,0.20739670659464168,cross_split_cross_seed
v8,subject_embedding,42,0,2,43,1,2,105,0.3277585168193414,cross_split_cross_seed
v8,subject_embedding,42,0,2,43,2,0,109,0.22932065179841568,cross_split_cross_seed
v8,subject_embedding,42,0,2,43,2,1,103,0.54257420452241,cross_split_cross_seed
v8,subject_embedding,42,0,2,43,2,2,104,0.5424220567075144,cross_split_cross_seed
v8,subject_embedding,42,0,2,43,3,0,111,0.5725448538564482,cross_split_cross_seed
v8,subject_embedding,42,0,2,43,3,1,98,0.3321984065912978,cross_split_cross_seed
v8,subject_embedding,42,0,2,43,3,2,105,0.4762505185099348,cross_split_cross_seed
v8,subject_embedding,42,0,2,43,4,0,99,0.5519912173716056,cross_split_cross_seed
v8,subject_embedding,42,0,2,43,4,1,105,0.35659623182101335,cross_split_cross_seed
v8,subject_embedding,42,0,2,43,4,2,108,0.532311549719319,cross_split_cross_seed
v8,subject_embedding,42,0,2,44,0,0,103,0.4986521711508871,cross_split_cross_seed
v8,subject_embedding,42,0,2,44,0,1,105,0.3416750311491991,cross_split_cross_seed
v8,subject_embedding,42,0,2,44,0,2,208,0.5911317971390702,same_split_cross_seed
v8,subject_embedding,42,0,2,44,1,0,99,0.5395028107530007,cross_split_cross_seed
v8,subject_embedding,42,0,2,44,1,1,102,0.37629710117970494,cross_split_cross_seed
v8,subject_embedding,42,0,2,44,1,2,105,0.4613308468332962,cross_split_cross_seed
v8,subject_embedding,42,0,2,44,2,0,109,0.3985106517191999,cross_split_cross_seed
v8,subject_embedding,42,0,2,44,2,1,103,0.42727573622801934,cross_split_cross_seed
v8,subject_embedding,42,0,2,44,2,2,104,0.4662004258690783,cross_split_cross_seed
v8,subject_embedding,42,0,2,44,3,0,111,0.6685298035723658,cross_split_cross_seed
v8,subject_embedding,42,0,2,44,3,1,98,0.5611976815400052,cross_split_cross_seed
v8,subject_embedding,42,0,2,44,3,2,105,0.5578583263336399,cross_split_cross_seed
v8,subject_embedding,42,0,2,44,4,0,99,0.4023838993780431,cross_split_cross_seed
v8,subject_embedding,42,0,2,44,4,1,105,0.49318916609473606,cross_split_cross_seed
v8,subject_embedding,42,0,2,44,4,2,108,0.5809940250238446,cross_split_cross_seed
v8,subject_embedding,42,1,0,42,1,1,103,0.793059526234074,cross_split_same_seed
v8,subject_embedding,42,1,0,42,1,2,104,0.6252345163188223,cross_split_same_seed
v8,subject_embedding,42,1,0,42,2,0,104,0.6627832698976545,cross_split_same_seed
v8,subject_embedding,42,1,0,42,2,1,101,0.7660702896988735,cross_split_same_seed
v8,subject_embedding,42,1,0,42,2,2,105,0.7979119630043102,cross_split_same_seed
v8,subject_embedding,42,1,0,42,3,0,104,0.6990010607751141,cross_split_same_seed
v8,subject_embedding,42,1,0,42,3,1,104,0.9005411484843072,cross_split_same_seed
v8,subject_embedding,42,1,0,42,3,2,102,0.8659890496178776,cross_split_same_seed
v8,subject_embedding,42,1,0,42,4,0,109,0.9140976342893578,cross_split_same_seed
v8,subject_embedding,42,1,0,42,4,1,101,0.6839638658348474,cross_split_same_seed
v8,subject_embedding,42,1,0,42,4,2,104,0.8493005233444056,cross_split_same_seed
v8,subject_embedding,42,1,0,43,0,0,104,0.3119377590450395,cross_split_cross_seed
v8,subject_embedding,42,1,0,43,0,1,105,0.19215396175238086,cross_split_cross_seed
v8,subject_embedding,42,1,0,43,0,2,99,0.5458044146818792,cross_split_cross_seed
v8,subject_embedding,42,1,0,43,1,0,207,0.22056240273132588,same_split_cross_seed
v8,subject_embedding,42,1,0,43,1,1,103,0.20270940578065522,cross_split_cross_seed
v8,subject_embedding,42,1,0,43,1,2,104,0.24805757070354276,cross_split_cross_seed
v8,subject_embedding,42,1,0,43,2,0,104,0.38776306866014487,cross_split_cross_seed
v8,subject_embedding,42,1,0,43,2,1,101,0.7044049570973205,cross_split_cross_seed
v8,subject_embedding,42,1,0,43,2,2,105,0.5563969791092009,cross_split_cross_seed
v8,subject_embedding,42,1,0,43,3,0,104,0.4311970515833895,cross_split_cross_seed
v8,subject_embedding,42,1,0,43,3,1,104,0.43995942407759037,cross_split_cross_seed
v8,subject_embedding,42,1,0,43,3,2,102,0.5092144156409645,cross_split_cross_seed
v8,subject_embedding,42,1,0,43,4,0,109,0.7017666842373085,cross_split_cross_seed
v8,subject_embedding,42,1,0,43,4,1,101,0.3273141349686297,cross_split_cross_seed
v8,subject_embedding,42,1,0,43,4,2,104,0.4993120585820937,cross_split_cross_seed
v8,subject_embedding,42,1,0,44,0,0,104,0.47391965222434335,cross_split_cross_seed
v8,subject_embedding,42,1,0,44,0,1,105,0.3663892578681241,cross_split_cross_seed
v8,subject_embedding,42,1,0,44,0,2,99,0.6182777314359614,cross_split_cross_seed
v8,subject_embedding,42,1,0,44,1,0,207,0.6022447388434945,same_split_cross_seed
v8,subject_embedding,42,1,0,44,1,1,103,0.48677089940853374,cross_split_cross_seed
v8,subject_embedding,42,1,0,44,1,2,104,0.44565169691871237,cross_split_cross_seed
v8,subject_embedding,42,1,0,44,2,0,104,0.494574324460668,cross_split_cross_seed
v8,subject_embedding,42,1,0,44,2,1,101,0.537959385630422,cross_split_cross_seed
v8,subject_embedding,42,1,0,44,2,2,105,0.3426285909272613,cross_split_cross_seed
v8,subject_embedding,42,1,0,44,3,0,104,0.7850635257964599,cross_split_cross_seed
v8,subject_embedding,42,1,0,44,3,1,104,0.7310185190998343,cross_split_cross_seed
v8,subject_embedding,42,1,0,44,3,2,102,0.583540280428786,cross_split_cross_seed
v8,subject_embedding,42,1,0,44,4,0,109,0.6100963664639759,cross_split_cross_seed
v8,subject_embedding,42,1,0,44,4,1,101,0.5836625795886308,cross_split_cross_seed
v8,subject_embedding,42,1,0,44,4,2,104,0.6019477365068531,cross_split_cross_seed
v8,subject_embedding,42,1,1,42,1,2,105,0.37735301875218624,cross_split_same_seed
v8,subject_embedding,42,1,1,42,2,0,101,0.7667566099023463,cross_split_same_seed
v8,subject_embedding,42,1,1,42,2,1,107,0.6974160823805805,cross_split_same_seed
v8,subject_embedding,42,1,1,42,2,2,110,0.7765757675863129,cross_split_same_seed
v8,subject_embedding,42,1,1,42,3,0,97,0.6798008596031436,cross_split_same_seed
v8,subject_embedding,42,1,1,42,3,1,101,0.8219828242348444,cross_split_same_seed
v8,subject_embedding,42,1,1,42,3,2,106,0.7201586187406311,cross_split_same_seed
v8,subject_embedding,42,1,1,42,4,0,104,0.8176052014270154,cross_split_same_seed
v8,subject_embedding,42,1,1,42,4,1,109,0.5864725285757347,cross_split_same_seed
v8,subject_embedding,42,1,1,42,4,2,103,0.82058560002792,cross_split_same_seed
v8,subject_embedding,42,1,1,43,0,0,101,0.2897282641939646,cross_split_cross_seed
v8,subject_embedding,42,1,1,43,0,1,107,0.2683904471941137,cross_split_cross_seed
v8,subject_embedding,42,1,1,43,0,2,102,0.5701504071483933,cross_split_cross_seed
v8,subject_embedding,42,1,1,43,1,0,103,0.3100484255163004,cross_split_cross_seed
v8,subject_embedding,42,1,1,43,1,1,208,0.1842750555367618,same_split_cross_seed
v8,subject_embedding,42,1,1,43,1,2,105,0.22960528576929365,cross_split_cross_seed
v8,subject_embedding,42,1,1,43,2,0,101,0.28071592994732486,cross_split_cross_seed
v8,subject_embedding,42,1,1,43,2,1,107,0.7122975834638872,cross_split_cross_seed
v8,subject_embedding,42,1,1,43,2,2,110,0.5325462256162216,cross_split_cross_seed
v8,subject_embedding,42,1,1,43,3,0,97,0.4486098613805386,cross_split_cross_seed
v8,subject_embedding,42,1,1,43,3,1,101,0.43071738059669357,cross_split_cross_seed
v8,subject_embedding,42,1,1,43,3,2,106,0.4543865592562154,cross_split_cross_seed
v8,subject_embedding,42,1,1,43,4,0,104,0.6715414526178276,cross_split_cross_seed
v8,subject_embedding,42,1,1,43,4,1,109,0.2962820800470288,cross_split_cross_seed
v8,subject_embedding,42,1,1,43,4,2,103,0.49515988255716514,cross_split_cross_seed
v8,subject_embedding,42,1,1,44,0,0,101,0.43571989647912596,cross_split_cross_seed
v8,subject_embedding,42,1,1,44,0,1,107,0.3491657101553298,cross_split_cross_seed
v8,subject_embedding,42,1,1,44,0,2,102,0.5210372473011482,cross_split_cross_seed
v8,subject_embedding,42,1,1,44,1,0,103,0.49057454277047163,cross_split_cross_seed
v8,subject_embedding,42,1,1,44,1,1,208,0.46967966774124725,same_split_cross_seed
v8,subject_embedding,42,1,1,44,1,2,105,0.3306974829820445,cross_split_cross_seed
v8,subject_embedding,42,1,1,44,2,0,101,0.39535233103245926,cross_split_cross_seed
v8,subject_embedding,42,1,1,44,2,1,107,0.4869989566454616,cross_split_cross_seed
v8,subject_embedding,42,1,1,44,2,2,110,0.34008327775859626,cross_split_cross_seed
v8,subject_embedding,42,1,1,44,3,0,97,0.6707721516003617,cross_split_cross_seed
v8,subject_embedding,42,1,1,44,3,1,101,0.685122657263367,cross_split_cross_seed
v8,subject_embedding,42,1,1,44,3,2,106,0.5252123999924134,cross_split_cross_seed
v8,subject_embedding,42,1,1,44,4,0,104,0.49947666416757186,cross_split_cross_seed
v8,subject_embedding,42,1,1,44,4,1,109,0.5303092854799317,cross_split_cross_seed
v8,subject_embedding,42,1,1,44,4,2,103,0.49775555238136693,cross_split_cross_seed
v8,subject_embedding,42,1,2,42,2,0,105,0.38399781791641646,cross_split_same_seed
v8,subject_embedding,42,1,2,42,2,1,94,0.38172626009605204,cross_split_same_seed
v8,subject_embedding,42,1,2,42,2,2,109,0.35496381018974466,cross_split_same_seed
v8,subject_embedding,42,1,2,42,3,0,105,0.254465525756512,cross_split_same_seed
v8,subject_embedding,42,1,2,42,3,1,105,0.6180497250241387,cross_split_same_seed
v8,subject_embedding,42,1,2,42,3,2,116,0.7064926485722445,cross_split_same_seed
v8,subject_embedding,42,1,2,42,4,0,101,0.47688817824021207,cross_split_same_seed
v8,subject_embedding,42,1,2,42,4,1,114,0.9283526653052177,cross_split_same_seed
v8,subject_embedding,42,1,2,42,4,2,95,0.5839230805394933,cross_split_same_seed
v8,subject_embedding,42,1,2,43,0,0,107,0.15734139179798684,cross_split_cross_seed
v8,subject_embedding,42,1,2,43,0,1,98,0.24499231164607016,cross_split_cross_seed
v8,subject_embedding,42,1,2,43,0,2,105,0.6846286428319747,cross_split_cross_seed
v8,subject_embedding,42,1,2,43,1,0,104,0.1249796332538793,cross_split_cross_seed
v8,subject_embedding,42,1,2,43,1,1,105,0.32250515091941084,cross_split_cross_seed
v8,subject_embedding,42,1,2,43,1,2,209,0.17757399028409035,same_split_cross_seed
v8,subject_embedding,42,1,2,43,2,0,105,0.9093403687843882,cross_split_cross_seed
v8,subject_embedding,42,1,2,43,2,1,94,0.5411623805104295,cross_split_cross_seed
v8,subject_embedding,42,1,2,43,2,2,109,0.7452601703138603,cross_split_cross_seed
v8,subject_embedding,42,1,2,43,3,0,105,0.20856905539178805,cross_split_cross_seed
v8,subject_embedding,42,1,2,43,3,1,105,0.9331037430287763,cross_split_cross_seed
v8,subject_embedding,42,1,2,43,3,2,116,0.4731979641548714,cross_split_cross_seed
v8,subject_embedding,42,1,2,43,4,0,101,0.5478177732381804,cross_split_cross_seed
v8,subject_embedding,42,1,2,43,4,1,114,0.3294564084019427,cross_split_cross_seed
v8,subject_embedding,42,1,2,43,4,2,95,0.3225302581198528,cross_split_cross_seed
v8,subject_embedding,42,1,2,44,0,0,107,0.34340695783080794,cross_split_cross_seed
v8,subject_embedding,42,1,2,44,0,1,98,0.3395166427470324,cross_split_cross_seed
v8,subject_embedding,42,1,2,44,0,2,105,0.2649469794616185,cross_split_cross_seed
v8,subject_embedding,42,1,2,44,1,0,104,0.4827658080434983,cross_split_cross_seed
v8,subject_embedding,42,1,2,44,1,1,105,0.7891030430042164,cross_split_cross_seed
v8,subject_embedding,42,1,2,44,1,2,209,0.19182905582626203,same_split_cross_seed
v8,subject_embedding,42,1,2,44,2,0,105,0.24726408783442005,cross_split_cross_seed
v8,subject_embedding,42,1,2,44,2,1,94,0.8901238311355164,cross_split_cross_seed
v8,subject_embedding,42,1,2,44,2,2,109,0.1409822380743609,cross_split_cross_seed
v8,subject_embedding,42,1,2,44,3,0,105,0.38579446257805566,cross_split_cross_seed
v8,subject_embedding,42,1,2,44,3,1,105,0.49694968604975326,cross_split_cross_seed
v8,subject_embedding,42,1,2,44,3,2,116,0.4194735607901599,cross_split_cross_seed
v8,subject_embedding,42,1,2,44,4,0,101,0.9293337559441347,cross_split_cross_seed
v8,subject_embedding,42,1,2,44,4,1,114,0.2860442249369891,cross_split_cross_seed
v8,subject_embedding,42,1,2,44,4,2,95,0.3051321999854489,cross_split_cross_seed
v8,subject_embedding,42,2,0,42,2,1,103,0.47442830589955554,cross_split_same_seed
v8,subject_embedding,42,2,0,42,2,2,104,0.6923133386343958,cross_split_same_seed
v8,subject_embedding,42,2,0,42,3,0,103,0.7106872803067807,cross_split_same_seed
v8,subject_embedding,42,2,0,42,3,1,107,0.6854582317702587,cross_split_same_seed
v8,subject_embedding,42,2,0,42,3,2,104,0.5729587358593526,cross_split_same_seed
v8,subject_embedding,42,2,0,42,4,0,105,0.6410528989159204,cross_split_same_seed
v8,subject_embedding,42,2,0,42,4,1,94,0.5766625382067698,cross_split_same_seed
v8,subject_embedding,42,2,0,42,4,2,101,0.6051762473299686,cross_split_same_seed
v8,subject_embedding,42,2,0,43,0,0,101,0.38626118527259007,cross_split_cross_seed
v8,subject_embedding,42,2,0,43,0,1,108,0.383270029614249,cross_split_cross_seed
v8,subject_embedding,42,2,0,43,0,2,109,0.42030434285494694,cross_split_cross_seed
v8,subject_embedding,42,2,0,43,1,0,104,0.5980265290315736,cross_split_cross_seed
v8,subject_embedding,42,2,0,43,1,1,101,0.31534797532851855,cross_split_cross_seed
v8,subject_embedding,42,2,0,43,1,2,105,0.3855919836819187,cross_split_cross_seed
v8,subject_embedding,42,2,0,43,2,0,207,0.2594116895595044,same_split_cross_seed
v8,subject_embedding,42,2,0,43,2,1,103,0.5444370638236401,cross_split_cross_seed
v8,subject_embedding,42,2,0,43,2,2,104,0.48280852835597154,cross_split_cross_seed
v8,subject_embedding,42,2,0,43,3,0,103,0.6446344182190515,cross_split_cross_seed
v8,subject_embedding,42,2,0,43,3,1,107,0.35302870120327756,cross_split_cross_seed
v8,subject_embedding,42,2,0,43,3,2,104,0.505793669807186,cross_split_cross_seed
v8,subject_embedding,42,2,0,43,4,0,105,0.6091256522714777,cross_split_cross_seed
v8,subject_embedding,42,2,0,43,4,1,94,0.37262448322934355,cross_split_cross_seed
v8,subject_embedding,42,2,0,43,4,2,101,0.46910157311310113,cross_split_cross_seed
v8,subject_embedding,42,2,0,44,0,0,101,0.4900604454690139,cross_split_cross_seed
v8,subject_embedding,42,2,0,44,0,1,108,0.35752478210568717,cross_split_cross_seed
v8,subject_embedding,42,2,0,44,0,2,109,0.6232279166746991,cross_split_cross_seed
v8,subject_embedding,42,2,0,44,1,0,104,0.6589685434614531,cross_split_cross_seed
v8,subject_embedding,42,2,0,44,1,1,101,0.40327095778203337,cross_split_cross_seed
v8,subject_embedding,42,2,0,44,1,2,105,0.628983932820861,cross_split_cross_seed
v8,subject_embedding,42,2,0,44,2,0,207,0.5130460571879297,same_split_cross_seed
v8,subject_embedding,42,2,0,44,2,1,103,0.3605006631658216,cross_split_cross_seed
v8,subject_embedding,42,2,0,44,2,2,104,0.5659314036438913,cross_split_cross_seed
v8,subject_embedding,42,2,0,44,3,0,103,0.5942000312030151,cross_split_cross_seed
v8,subject_embedding,42,2,0,44,3,1,107,0.5961493043637286,cross_split_cross_seed
v8,subject_embedding,42,2,0,44,3,2,104,0.6499071556934493,cross_split_cross_seed
v8,subject_embedding,42,2,0,44,4,0,105,0.3840378022829574,cross_split_cross_seed
v8,subject_embedding,42,2,0,44,4,1,94,0.610347055343507,cross_split_cross_seed
v8,subject_embedding,42,2,0,44,4,2,101,0.6296524359507976,cross_split_cross_seed
v8,subject_embedding,42,2,1,42,2,2,105,0.756961838952945,cross_split_same_seed
v8,subject_embedding,42,2,1,42,3,0,108,0.5533978422760761,cross_split_same_seed
v8,subject_embedding,42,2,1,42,3,1,111,0.8523603276403677,cross_split_same_seed
v8,subject_embedding,42,2,1,42,3,2,101,0.9102195108309972,cross_split_same_seed
v8,subject_embedding,42,2,1,42,4,0,103,0.9032925870810123,cross_split_same_seed
v8,subject_embedding,42,2,1,42,4,1,103,0.4931793410705869,cross_split_same_seed
v8,subject_embedding,42,2,1,42,4,2,110,0.8668366736439712,cross_split_same_seed
v8,subject_embedding,42,2,1,43,0,0,103,0.1632827263310666,cross_split_cross_seed
v8,subject_embedding,42,2,1,43,0,1,104,0.18072614747432653,cross_split_cross_seed
v8,subject_embedding,42,2,1,43,0,2,103,0.3232733971468385,cross_split_cross_seed
v8,subject_embedding,42,2,1,43,1,0,101,0.19475468236314253,cross_split_cross_seed
v8,subject_embedding,42,2,1,43,1,1,107,0.14877928670433713,cross_split_cross_seed
v8,subject_embedding,42,2,1,43,1,2,94,0.17845136718516144,cross_split_cross_seed
v8,subject_embedding,42,2,1,43,2,0,103,0.13252630306596916,cross_split_cross_seed
v8,subject_embedding,42,2,1,43,2,1,208,0.6594495401808455,same_split_cross_seed
v8,subject_embedding,42,2,1,43,2,2,105,0.4632777303537467,cross_split_cross_seed
v8,subject_embedding,42,2,1,43,3,0,108,0.3285001439632898,cross_split_cross_seed
v8,subject_embedding,42,2,1,43,3,1,111,0.1675820746193174,cross_split_cross_seed
v8,subject_embedding,42,2,1,43,3,2,101,0.4264029653328013,cross_split_cross_seed
v8,subject_embedding,42,2,1,43,4,0,103,0.6450412674128916,cross_split_cross_seed
v8,subject_embedding,42,2,1,43,4,1,103,0.2674706907036141,cross_split_cross_seed
v8,subject_embedding,42,2,1,43,4,2,110,0.4338611589081818,cross_split_cross_seed
v8,subject_embedding,42,2,1,44,0,0,103,0.2905229335630053,cross_split_cross_seed
v8,subject_embedding,42,2,1,44,0,1,104,0.34009197901102667,cross_split_cross_seed
v8,subject_embedding,42,2,1,44,0,2,103,0.4468762263350465,cross_split_cross_seed
v8,subject_embedding,42,2,1,44,1,0,101,0.4343035152227557,cross_split_cross_seed
v8,subject_embedding,42,2,1,44,1,1,107,0.2855447944358812,cross_split_cross_seed
v8,subject_embedding,42,2,1,44,1,2,94,0.2646293224885165,cross_split_cross_seed
v8,subject_embedding,42,2,1,44,2,0,103,0.26717895899609045,cross_split_cross_seed
v8,subject_embedding,42,2,1,44,2,1,208,0.347135086210364,same_split_cross_seed
v8,subject_embedding,42,2,1,44,2,2,105,0.290692560549492,cross_split_cross_seed
v8,subject_embedding,42,2,1,44,3,0,108,0.6303500056054342,cross_split_cross_seed
v8,subject_embedding,42,2,1,44,3,1,111,0.5466116942470322,cross_split_cross_seed
v8,subject_embedding,42,2,1,44,3,2,101,0.49956240541941244,cross_split_cross_seed
v8,subject_embedding,42,2,1,44,4,0,103,0.32169916950104616,cross_split_cross_seed
v8,subject_embedding,42,2,1,44,4,1,103,0.47660874924732743,cross_split_cross_seed
v8,subject_embedding,42,2,1,44,4,2,110,0.46190044924092566,cross_split_cross_seed
v8,subject_embedding,42,2,2,42,3,0,103,0.789820123227284,cross_split_same_seed
v8,subject_embedding,42,2,2,42,3,1,102,0.8461222185509818,cross_split_same_seed
v8,subject_embedding,42,2,2,42,3,2,101,0.7641202423289202,cross_split_same_seed
v8,subject_embedding,42,2,2,42,4,0,106,0.8590516400602319,cross_split_same_seed
v8,subject_embedding,42,2,2,42,4,1,103,0.49592362484765834,cross_split_same_seed
v8,subject_embedding,42,2,2,42,4,2,115,0.8223957435994184,cross_split_same_seed
v8,subject_embedding,42,2,2,43,0,0,98,0.3734735885757666,cross_split_cross_seed
v8,subject_embedding,42,2,2,43,0,1,98,0.34543432701344823,cross_split_cross_seed
v8,subject_embedding,42,2,2,43,0,2,104,0.40681962932437615,cross_split_cross_seed
v8,subject_embedding,42,2,2,43,1,0,105,0.35580589845393984,cross_split_cross_seed
v8,subject_embedding,42,2,2,43,1,1,110,0.17160528594434413,cross_split_cross_seed
v8,subject_embedding,42,2,2,43,1,2,109,0.27454548990570055,cross_split_cross_seed
v8,subject_embedding,42,2,2,43,2,0,104,0.31265186564083775,cross_split_cross_seed
v8,subject_embedding,42,2,2,43,2,1,105,0.6662529716895117,cross_split_cross_seed
v8,subject_embedding,42,2,2,43,2,2,209,0.4579297575827703,same_split_cross_seed
v8,subject_embedding,42,2,2,43,3,0,103,0.5368767440048469,cross_split_cross_seed
v8,subject_embedding,42,2,2,43,3,1,102,0.320438676658416,cross_split_cross_seed
v8,subject_embedding,42,2,2,43,3,2,101,0.49975080711709374,cross_split_cross_seed
v8,subject_embedding,42,2,2,43,4,0,106,0.6612487931359526,cross_split_cross_seed
v8,subject_embedding,42,2,2,43,4,1,103,0.307051811237266,cross_split_cross_seed
v8,subject_embedding,42,2,2,43,4,2,115,0.4923790334957418,cross_split_cross_seed
v8,subject_embedding,42,2,2,44,0,0,98,0.5555184187956381,cross_split_cross_seed
v8,subject_embedding,42,2,2,44,0,1,98,0.5049620201651067,cross_split_cross_seed
v8,subject_embedding,42,2,2,44,0,2,104,0.6577853147348279,cross_split_cross_seed
v8,subject_embedding,42,2,2,44,1,0,105,0.6466912218286198,cross_split_cross_seed
v8,subject_embedding,42,2,2,44,1,1,110,0.4059968774825769,cross_split_cross_seed
v8,subject_embedding,42,2,2,44,1,2,109,0.4316910629577824,cross_split_cross_seed
v8,subject_embedding,42,2,2,44,2,0,104,0.5305133962258324,cross_split_cross_seed
v8,subject_embedding,42,2,2,44,2,1,105,0.4288283203994592,cross_split_cross_seed
v8,subject_embedding,42,2,2,44,2,2,209,0.4188551382677404,same_split_cross_seed
v8,subject_embedding,42,2,2,44,3,0,103,0.7599845215302167,cross_split_cross_seed
v8,subject_embedding,42,2,2,44,3,1,102,0.7460430789845217,cross_split_cross_seed
v8,subject_embedding,42,2,2,44,3,2,101,0.6446309178467932,cross_split_cross_seed
v8,subject_embedding,42,2,2,44,4,0,106,0.40024221953350175,cross_split_cross_seed
v8,subject_embedding,42,2,2,44,4,1,103,0.5723902158654246,cross_split_cross_seed
v8,subject_embedding,42,2,2,44,4,2,115,0.648926176400844,cross_split_cross_seed
v8,subject_embedding,42,3,0,42,3,1,103,0.7268882410922027,cross_split_same_seed
v8,subject_embedding,42,3,0,42,3,2,105,0.5578899884242834,cross_split_same_seed
v8,subject_embedding,42,3,0,42,4,0,97,0.742181514417029,cross_split_same_seed
v8,subject_embedding,42,3,0,42,4,1,112,0.40959896750954256,cross_split_same_seed
v8,subject_embedding,42,3,0,42,4,2,113,0.6872929120190674,cross_split_same_seed
v8,subject_embedding,42,3,0,43,0,0,95,0.5410733793210407,cross_split_cross_seed
v8,subject_embedding,42,3,0,43,0,1,100,0.37242814888804837,cross_split_cross_seed
v8,subject_embedding,42,3,0,43,0,2,111,0.3774536179608147,cross_split_cross_seed
v8,subject_embedding,42,3,0,43,1,0,104,0.49762377851795947,cross_split_cross_seed
v8,subject_embedding,42,3,0,43,1,1,97,0.3177990292317923,cross_split_cross_seed
v8,subject_embedding,42,3,0,43,1,2,105,0.4284086124293357,cross_split_cross_seed
v8,subject_embedding,42,3,0,43,2,0,103,0.14883758008566983,cross_split_cross_seed
v8,subject_embedding,42,3,0,43,2,1,108,0.5975501134695544,cross_split_cross_seed
v8,subject_embedding,42,3,0,43,2,2,103,0.4512253503129441,cross_split_cross_seed
v8,subject_embedding,42,3,0,43,3,0,208,0.6899154479692021,same_split_cross_seed
v8,subject_embedding,42,3,0,43,3,1,103,0.19478175948387605,cross_split_cross_seed
v8,subject_embedding,42,3,0,43,3,2,105,0.4961530859052886,cross_split_cross_seed
v8,subject_embedding,42,3,0,43,4,0,97,0.6247621697751663,cross_split_cross_seed
v8,subject_embedding,42,3,0,43,4,1,112,0.34489173993706473,cross_split_cross_seed
v8,subject_embedding,42,3,0,43,4,2,113,0.6276643272572031,cross_split_cross_seed
v8,subject_embedding,42,3,0,44,0,0,95,0.5682002071809651,cross_split_cross_seed
v8,subject_embedding,42,3,0,44,0,1,100,0.35518975280367443,cross_split_cross_seed
v8,subject_embedding,42,3,0,44,0,2,111,0.698492839625625,cross_split_cross_seed
v8,subject_embedding,42,3,0,44,1,0,104,0.5890069396848542,cross_split_cross_seed
v8,subject_embedding,42,3,0,44,1,1,97,0.3153099503726521,cross_split_cross_seed
v8,subject_embedding,42,3,0,44,1,2,105,0.6492911276179044,cross_split_cross_seed
v8,subject_embedding,42,3,0,44,2,0,103,0.579763502764323,cross_split_cross_seed
v8,subject_embedding,42,3,0,44,2,1,108,0.3549335003597291,cross_split_cross_seed
v8,subject_embedding,42,3,0,44,2,2,103,0.5835040545097054,cross_split_cross_seed
v8,subject_embedding,42,3,0,44,3,0,208,0.6947236613936265,same_split_cross_seed
v8,subject_embedding,42,3,0,44,3,1,103,0.6157512368192896,cross_split_cross_seed
v8,subject_embedding,42,3,0,44,3,2,105,0.6355607363426463,cross_split_cross_seed
v8,subject_embedding,42,3,0,44,4,0,97,0.2771877950010725,cross_split_cross_seed
v8,subject_embedding,42,3,0,44,4,1,112,0.5841442759350995,cross_split_cross_seed
v8,subject_embedding,42,3,0,44,4,2,113,0.7103657214678321,cross_split_cross_seed
v8,subject_embedding,42,3,1,42,3,2,105,0.9136003676627478,cross_split_same_seed
v8,subject_embedding,42,3,1,42,4,0,105,0.8966172801345811,cross_split_same_seed
v8,subject_embedding,42,3,1,42,4,1,106,0.7592924327600227,cross_split_same_seed
v8,subject_embedding,42,3,1,42,4,2,99,0.9265373633367028,cross_split_same_seed
v8,subject_embedding,42,3,1,43,0,0,106,0.31492307119610635,cross_split_cross_seed
v8,subject_embedding,42,3,1,43,0,1,104,0.2689294179819263,cross_split_cross_seed
v8,subject_embedding,42,3,1,43,0,2,98,0.5649312989103398,cross_split_cross_seed
v8,subject_embedding,42,3,1,43,1,0,104,0.2563759143818541,cross_split_cross_seed
v8,subject_embedding,42,3,1,43,1,1,101,0.2340994512446807,cross_split_cross_seed
v8,subject_embedding,42,3,1,43,1,2,105,0.24869298741465265,cross_split_cross_seed
v8,subject_embedding,42,3,1,43,2,0,107,0.4471126342921034,cross_split_cross_seed
v8,subject_embedding,42,3,1,43,2,1,111,0.7270618626001015,cross_split_cross_seed
v8,subject_embedding,42,3,1,43,2,2,102,0.6600571560184256,cross_split_cross_seed
v8,subject_embedding,42,3,1,43,3,0,103,0.5011341100840574,cross_split_cross_seed
v8,subject_embedding,42,3,1,43,3,1,208,0.45864904531247197,same_split_cross_seed
v8,subject_embedding,42,3,1,43,3,2,105,0.42373154677721797,cross_split_cross_seed
v8,subject_embedding,42,3,1,43,4,0,105,0.7003354542671262,cross_split_cross_seed
v8,subject_embedding,42,3,1,43,4,1,106,0.39997885370946307,cross_split_cross_seed
v8,subject_embedding,42,3,1,43,4,2,99,0.4730805615102872,cross_split_cross_seed
v8,subject_embedding,42,3,1,44,0,0,106,0.5044353680906637,cross_split_cross_seed
v8,subject_embedding,42,3,1,44,0,1,104,0.4524235736780152,cross_split_cross_seed
v8,subject_embedding,42,3,1,44,0,2,98,0.5637230945948081,cross_split_cross_seed
v8,subject_embedding,42,3,1,44,1,0,104,0.6052680777681393,cross_split_cross_seed
v8,subject_embedding,42,3,1,44,1,1,101,0.5663223001650637,cross_split_cross_seed
v8,subject_embedding,42,3,1,44,1,2,105,0.4074348957247868,cross_split_cross_seed
v8,subject_embedding,42,3,1,44,2,0,107,0.49118922862672454,cross_split_cross_seed
v8,subject_embedding,42,3,1,44,2,1,111,0.5869602503337705,cross_split_cross_seed
v8,subject_embedding,42,3,1,44,2,2,102,0.36869619602432463,cross_split_cross_seed
v8,subject_embedding,42,3,1,44,3,0,103,0.7348306274563852,cross_split_cross_seed
v8,subject_embedding,42,3,1,44,3,1,208,0.7348434680927368,same_split_cross_seed
v8,subject_embedding,42,3,1,44,3,2,105,0.5011866891587977,cross_split_cross_seed
v8,subject_embedding,42,3,1,44,4,0,105,0.5763934631715045,cross_split_cross_seed
v8,subject_embedding,42,3,1,44,4,1,106,0.6132705632331997,cross_split_cross_seed
v8,subject_embedding,42,3,1,44,4,2,99,0.6115165603047249,cross_split_cross_seed
v8,subject_embedding,42,3,2,42,4,0,96,0.8619712117775745,cross_split_same_seed
v8,subject_embedding,42,3,2,42,4,1,108,0.7142418529085661,cross_split_same_seed
v8,subject_embedding,42,3,2,42,4,2,108,0.9446081188835893,cross_split_same_seed
v8,subject_embedding,42,3,2,43,0,0,103,0.21510395219006484,cross_split_cross_seed
v8,subject_embedding,42,3,2,43,0,1,110,0.19088682434941429,cross_split_cross_seed
v8,subject_embedding,42,3,2,43,0,2,105,0.46570810856756883,cross_split_cross_seed
v8,subject_embedding,42,3,2,43,1,0,102,0.19111829328918395,cross_split_cross_seed
v8,subject_embedding,42,3,2,43,1,1,106,0.14457676355800586,cross_split_cross_seed
v8,subject_embedding,42,3,2,43,1,2,116,0.20530076606124875,cross_split_cross_seed
v8,subject_embedding,42,3,2,43,2,0,104,0.4382661513192425,cross_split_cross_seed
v8,subject_embedding,42,3,2,43,2,1,101,0.7256140105637806,cross_split_cross_seed
v8,subject_embedding,42,3,2,43,2,2,101,0.7190783772463569,cross_split_cross_seed
v8,subject_embedding,42,3,2,43,3,0,105,0.32510090994345614,cross_split_cross_seed
v8,subject_embedding,42,3,2,43,3,1,105,0.6016540104375098,cross_split_cross_seed
v8,subject_embedding,42,3,2,43,3,2,210,0.48922111555996206,same_split_cross_seed
v8,subject_embedding,42,3,2,43,4,0,96,0.6804583259899127,cross_split_cross_seed
v8,subject_embedding,42,3,2,43,4,1,108,0.3158167062280106,cross_split_cross_seed
v8,subject_embedding,42,3,2,43,4,2,108,0.47410782335934015,cross_split_cross_seed
v8,subject_embedding,42,3,2,44,0,0,103,0.45610150219765194,cross_split_cross_seed
v8,subject_embedding,42,3,2,44,0,1,110,0.3682476869392974,cross_split_cross_seed
v8,subject_embedding,42,3,2,44,0,2,105,0.5319696036460425,cross_split_cross_seed
v8,subject_embedding,42,3,2,44,1,0,102,0.6128113148489355,cross_split_cross_seed
v8,subject_embedding,42,3,2,44,1,1,106,0.5154356467311069,cross_split_cross_seed
v8,subject_embedding,42,3,2,44,1,2,116,0.34895969571901203,cross_split_cross_seed
v8,subject_embedding,42,3,2,44,2,0,104,0.5037548520807229,cross_split_cross_seed
v8,subject_embedding,42,3,2,44,2,1,101,0.6126931982889473,cross_split_cross_seed
v8,subject_embedding,42,3,2,44,2,2,101,0.33073339369266463,cross_split_cross_seed
v8,subject_embedding,42,3,2,44,3,0,105,0.684054038791245,cross_split_cross_seed
v8,subject_embedding,42,3,2,44,3,1,105,0.7117426530272102,cross_split_cross_seed
v8,subject_embedding,42,3,2,44,3,2,210,0.522716353394147,same_split_cross_seed
v8,subject_embedding,42,3,2,44,4,0,96,0.712791074378476,cross_split_cross_seed
v8,subject_embedding,42,3,2,44,4,1,108,0.5170450426641938,cross_split_cross_seed
v8,subject_embedding,42,3,2,44,4,2,108,0.5585742637125061,cross_split_cross_seed
v8,subject_embedding,42,4,0,42,4,1,103,0.5658342211147177,cross_split_same_seed
v8,subject_embedding,42,4,0,42,4,2,105,0.8685351274183616,cross_split_same_seed
v8,subject_embedding,42,4,0,43,0,0,117,0.2831993582541882,cross_split_cross_seed
v8,subject_embedding,42,4,0,43,0,1,106,0.1906711502940577,cross_split_cross_seed
v8,subject_embedding,42,4,0,43,0,2,99,0.4554873948858494,cross_split_cross_seed
v8,subject_embedding,42,4,0,43,1,0,109,0.25389806529629255,cross_split_cross_seed
v8,subject_embedding,42,4,0,43,1,1,104,0.21548779753294292,cross_split_cross_seed
v8,subject_embedding,42,4,0,43,1,2,101,0.22100023227328466,cross_split_cross_seed
v8,subject_embedding,42,4,0,43,2,0,105,0.2794576532024622,cross_split_cross_seed
v8,subject_embedding,42,4,0,43,2,1,103,0.7538189975538279,cross_split_cross_seed
v8,subject_embedding,42,4,0,43,2,2,106,0.5096983376210109,cross_split_cross_seed
v8,subject_embedding,42,4,0,43,3,0,97,0.5054809539146322,cross_split_cross_seed
v8,subject_embedding,42,4,0,43,3,1,105,0.28700999948942474,cross_split_cross_seed
v8,subject_embedding,42,4,0,43,3,2,96,0.44490308155078084,cross_split_cross_seed
v8,subject_embedding,42,4,0,43,4,0,208,0.7157787861261671,same_split_cross_seed
v8,subject_embedding,42,4,0,43,4,1,103,0.2922666862186277,cross_split_cross_seed
v8,subject_embedding,42,4,0,43,4,2,105,0.4512858706287734,cross_split_cross_seed
v8,subject_embedding,42,4,0,44,0,0,117,0.45517676724585304,cross_split_cross_seed
v8,subject_embedding,42,4,0,44,0,1,106,0.42502127885085494,cross_split_cross_seed
v8,subject_embedding,42,4,0,44,0,2,99,0.6068552184094058,cross_split_cross_seed
v8,subject_embedding,42,4,0,44,1,0,109,0.5724982225119402,cross_split_cross_seed
v8,subject_embedding,42,4,0,44,1,1,104,0.4172402881015398,cross_split_cross_seed
v8,subject_embedding,42,4,0,44,1,2,101,0.40125602734943433,cross_split_cross_seed
v8,subject_embedding,42,4,0,44,2,0,105,0.4302950585009833,cross_split_cross_seed
v8,subject_embedding,42,4,0,44,2,1,103,0.47600400306980584,cross_split_cross_seed
v8,subject_embedding,42,4,0,44,2,2,106,0.33347075181812436,cross_split_cross_seed
v8,subject_embedding,42,4,0,44,3,0,97,0.7934572503028036,cross_split_cross_seed
v8,subject_embedding,42,4,0,44,3,1,105,0.7044637817637724,cross_split_cross_seed
v8,subject_embedding,42,4,0,44,3,2,96,0.5347429045330828,cross_split_cross_seed
v8,subject_embedding,42,4,0,44,4,0,208,0.45980865257355896,same_split_cross_seed
v8,subject_embedding,42,4,0,44,4,1,103,0.5856714377139486,cross_split_cross_seed
v8,subject_embedding,42,4,0,44,4,2,105,0.5504241131784999,cross_split_cross_seed
v8,subject_embedding,42,4,1,42,4,2,105,0.7094881744146964,cross_split_same_seed
v8,subject_embedding,42,4,1,43,0,0,93,0.15987400283004727,cross_split_cross_seed
v8,subject_embedding,42,4,1,43,0,1,100,0.25182309201646985,cross_split_cross_seed
v8,subject_embedding,42,4,1,43,0,2,105,0.6456423960548827,cross_split_cross_seed
v8,subject_embedding,42,4,1,43,1,0,101,0.18721777894191874,cross_split_cross_seed
v8,subject_embedding,42,4,1,43,1,1,109,0.20045093719121965,cross_split_cross_seed
v8,subject_embedding,42,4,1,43,1,2,114,0.1588536817723441,cross_split_cross_seed
v8,subject_embedding,42,4,1,43,2,0,94,0.8202914807823197,cross_split_cross_seed
v8,subject_embedding,42,4,1,43,2,1,103,0.6006114017948089,cross_split_cross_seed
v8,subject_embedding,42,4,1,43,2,2,103,0.7080887958062333,cross_split_cross_seed
v8,subject_embedding,42,4,1,43,3,0,112,0.2831805914768606,cross_split_cross_seed
v8,subject_embedding,42,4,1,43,3,1,106,0.8009430172403328,cross_split_cross_seed
v8,subject_embedding,42,4,1,43,3,2,108,0.444812316787468,cross_split_cross_seed
v8,subject_embedding,42,4,1,43,4,0,103,0.5457512004609282,cross_split_cross_seed
v8,subject_embedding,42,4,1,43,4,1,208,0.3528943485498009,same_split_cross_seed
v8,subject_embedding,42,4,1,43,4,2,105,0.41223308044295126,cross_split_cross_seed
v8,subject_embedding,42,4,1,44,0,0,93,0.31975254356496813,cross_split_cross_seed
v8,subject_embedding,42,4,1,44,0,1,100,0.33997042300817576,cross_split_cross_seed
v8,subject_embedding,42,4,1,44,0,2,105,0.37533638635542205,cross_split_cross_seed
v8,subject_embedding,42,4,1,44,1,0,101,0.4747977410669501,cross_split_cross_seed
v8,subject_embedding,42,4,1,44,1,1,109,0.7344464168970292,cross_split_cross_seed
v8,subject_embedding,42,4,1,44,1,2,114,0.2559133505324913,cross_split_cross_seed
v8,subject_embedding,42,4,1,44,2,0,94,0.3812257756473206,cross_split_cross_seed
v8,subject_embedding,42,4,1,44,2,1,103,0.8803023051941847,cross_split_cross_seed
v8,subject_embedding,42,4,1,44,2,2,103,0.18059858173479565,cross_split_cross_seed
v8,subject_embedding,42,4,1,44,3,0,112,0.46550040360927775,cross_split_cross_seed
v8,subject_embedding,42,4,1,44,3,1,106,0.6073074985268404,cross_split_cross_seed
v8,subject_embedding,42,4,1,44,3,2,108,0.4560748245167031,cross_split_cross_seed
v8,subject_embedding,42,4,1,44,4,0,103,0.879230561864737,cross_split_cross_seed
v8,subject_embedding,42,4,1,44,4,1,208,0.35684794453858254,same_split_cross_seed
v8,subject_embedding,42,4,1,44,4,2,105,0.44356989889763215,cross_split_cross_seed
v8,subject_embedding,42,4,2,43,0,0,102,0.2818887099683865,cross_split_cross_seed
v8,subject_embedding,42,4,2,43,0,1,102,0.293552720417645,cross_split_cross_seed
v8,subject_embedding,42,4,2,43,0,2,108,0.5484373637190966,cross_split_cross_seed
v8,subject_embedding,42,4,2,43,1,0,104,0.3298921050131229,cross_split_cross_seed
v8,subject_embedding,42,4,2,43,1,1,103,0.17117238827529077,cross_split_cross_seed
v8,subject_embedding,42,4,2,43,1,2,95,0.2454320169893177,cross_split_cross_seed
v8,subject_embedding,42,4,2,43,2,0,101,0.38517652257865403,cross_split_cross_seed
v8,subject_embedding,42,4,2,43,2,1,110,0.747718597985074,cross_split_cross_seed
v8,subject_embedding,42,4,2,43,2,2,115,0.6031891619785842,cross_split_cross_seed
v8,subject_embedding,42,4,2,43,3,0,113,0.4474074085962466,cross_split_cross_seed
v8,subject_embedding,42,4,2,43,3,1,99,0.41403452426723714,cross_split_cross_seed
v8,subject_embedding,42,4,2,43,3,2,108,0.5523074544847287,cross_split_cross_seed
v8,subject_embedding,42,4,2,43,4,0,105,0.668865902077157,cross_split_cross_seed
v8,subject_embedding,42,4,2,43,4,1,105,0.331338770516396,cross_split_cross_seed
v8,subject_embedding,42,4,2,43,4,2,210,0.5225884541154162,same_split_cross_seed
v8,subject_embedding,42,4,2,44,0,0,102,0.4329021483255359,cross_split_cross_seed
v8,subject_embedding,42,4,2,44,0,1,102,0.41499455007770175,cross_split_cross_seed
v8,subject_embedding,42,4,2,44,0,2,108,0.6248731537064939,cross_split_cross_seed
v8,subject_embedding,42,4,2,44,1,0,104,0.6507425208782124,cross_split_cross_seed
v8,subject_embedding,42,4,2,44,1,1,103,0.5103390015370098,cross_split_cross_seed
v8,subject_embedding,42,4,2,44,1,2,95,0.31287991749521316,cross_split_cross_seed
v8,subject_embedding,42,4,2,44,2,0,101,0.39504569245216653,cross_split_cross_seed
v8,subject_embedding,42,4,2,44,2,1,110,0.5329680359836649,cross_split_cross_seed
v8,subject_embedding,42,4,2,44,2,2,115,0.256912339308746,cross_split_cross_seed
v8,subject_embedding,42,4,2,44,3,0,113,0.7338058024924173,cross_split_cross_seed
v8,subject_embedding,42,4,2,44,3,1,99,0.673389330558675,cross_split_cross_seed
v8,subject_embedding,42,4,2,44,3,2,108,0.5831289900512345,cross_split_cross_seed
v8,subject_embedding,42,4,2,44,4,0,105,0.5862073139193185,cross_split_cross_seed
v8,subject_embedding,42,4,2,44,4,1,105,0.4924041146276914,cross_split_cross_seed
v8,subject_embedding,42,4,2,44,4,2,210,0.567690941902298,same_split_cross_seed
v8,subject_embedding,43,0,0,43,0,1,102,0.537069160830753,cross_split_same_seed
v8,subject_embedding,43,0,0,43,0,2,103,0.24210170671807985,cross_split_same_seed
v8,subject_embedding,43,0,0,43,1,0,104,0.576410444098029,cross_split_same_seed
v8,subject_embedding,43,0,0,43,1,1,101,0.2773327528416214,cross_split_same_seed
v8,subject_embedding,43,0,0,43,1,2,107,0.6243913800488972,cross_split_same_seed
v8,subject_embedding,43,0,0,43,2,0,101,0.1519772323048332,cross_split_same_seed
v8,subject_embedding,43,0,0,43,2,1,103,0.30073099226486244,cross_split_same_seed
v8,subject_embedding,43,0,0,43,2,2,98,0.4198089247628136,cross_split_same_seed
v8,subject_embedding,43,0,0,43,3,0,95,0.6786884882020762,cross_split_same_seed
v8,subject_embedding,43,0,0,43,3,1,106,0.20676130186968514,cross_split_same_seed
v8,subject_embedding,43,0,0,43,3,2,103,0.414695184304319,cross_split_same_seed
v8,subject_embedding,43,0,0,43,4,0,117,0.47129562661153396,cross_split_same_seed
v8,subject_embedding,43,0,0,43,4,1,93,0.4389162042458666,cross_split_same_seed
v8,subject_embedding,43,0,0,43,4,2,102,0.6064360342816382,cross_split_same_seed
v8,subject_embedding,43,0,0,44,0,0,205,0.5414476233609633,same_split_cross_seed
v8,subject_embedding,43,0,0,44,0,1,102,0.3413442224140216,cross_split_cross_seed
v8,subject_embedding,43,0,0,44,0,2,103,0.4887229535087873,cross_split_cross_seed
v8,subject_embedding,43,0,0,44,1,0,104,0.4268741252733393,cross_split_cross_seed
v8,subject_embedding,43,0,0,44,1,1,101,0.22447668898262654,cross_split_cross_seed
v8,subject_embedding,43,0,0,44,1,2,107,0.6867182451483139,cross_split_cross_seed
v8,subject_embedding,43,0,0,44,2,0,101,0.5365256879611043,cross_split_cross_seed
v8,subject_embedding,43,0,0,44,2,1,103,0.164573107098112,cross_split_cross_seed
v8,subject_embedding,43,0,0,44,2,2,98,0.7196194098934755,cross_split_cross_seed
v8,subject_embedding,43,0,0,44,3,0,95,0.4044515530128254,cross_split_cross_seed
v8,subject_embedding,43,0,0,44,3,1,106,0.38156684805865093,cross_split_cross_seed
v8,subject_embedding,43,0,0,44,3,2,103,0.47607183133826975,cross_split_cross_seed
v8,subject_embedding,43,0,0,44,4,0,117,0.18589198257431197,cross_split_cross_seed
v8,subject_embedding,43,0,0,44,4,1,93,0.4905666094989459,cross_split_cross_seed
v8,subject_embedding,43,0,0,44,4,2,102,0.49762910106202,cross_split_cross_seed
v8,subject_embedding,43,0,1,43,0,2,105,0.3543221939287825,cross_split_same_seed
v8,subject_embedding,43,0,1,43,1,0,105,0.4936677245008866,cross_split_same_seed
v8,subject_embedding,43,0,1,43,1,1,107,0.4159264070185271,cross_split_same_seed
v8,subject_embedding,43,0,1,43,1,2,98,0.5328273304195456,cross_split_same_seed
v8,subject_embedding,43,0,1,43,2,0,108,0.2962322254829799,cross_split_same_seed
v8,subject_embedding,43,0,1,43,2,1,104,0.30066918096897816,cross_split_same_seed
v8,subject_embedding,43,0,1,43,2,2,98,0.4747824041583114,cross_split_same_seed
v8,subject_embedding,43,0,1,43,3,0,100,0.41957170904141766,cross_split_same_seed
v8,subject_embedding,43,0,1,43,3,1,104,0.30930242523802964,cross_split_same_seed
v8,subject_embedding,43,0,1,43,3,2,110,0.43097134894172395,cross_split_same_seed
v8,subject_embedding,43,0,1,43,4,0,106,0.29323179057236526,cross_split_same_seed
v8,subject_embedding,43,0,1,43,4,1,100,0.5624059505187161,cross_split_same_seed
v8,subject_embedding,43,0,1,43,4,2,102,0.42333359785791763,cross_split_same_seed
v8,subject_embedding,43,0,1,44,0,0,102,0.46571316825307046,cross_split_cross_seed
v8,subject_embedding,43,0,1,44,0,1,207,0.3381804945292353,same_split_cross_seed
v8,subject_embedding,43,0,1,44,0,2,105,0.3124259102074304,cross_split_cross_seed
v8,subject_embedding,43,0,1,44,1,0,105,0.3303223028873156,cross_split_cross_seed
v8,subject_embedding,43,0,1,44,1,1,107,0.2889786867329098,cross_split_cross_seed
v8,subject_embedding,43,0,1,44,1,2,98,0.5113037852906092,cross_split_cross_seed
v8,subject_embedding,43,0,1,44,2,0,108,0.44622787732593927,cross_split_cross_seed
v8,subject_embedding,43,0,1,44,2,1,104,0.3579498547216533,cross_split_cross_seed
v8,subject_embedding,43,0,1,44,2,2,98,0.5537898748729243,cross_split_cross_seed
v8,subject_embedding,43,0,1,44,3,0,100,0.25197206736984606,cross_split_cross_seed
v8,subject_embedding,43,0,1,44,3,1,104,0.27691219656241034,cross_split_cross_seed
v8,subject_embedding,43,0,1,44,3,2,110,0.454167002675037,cross_split_cross_seed
v8,subject_embedding,43,0,1,44,4,0,106,0.25698210814225564,cross_split_cross_seed
v8,subject_embedding,43,0,1,44,4,1,100,0.22817535837208194,cross_split_cross_seed
v8,subject_embedding,43,0,1,44,4,2,102,0.3827089051250811,cross_split_cross_seed
v8,subject_embedding,43,0,2,43,1,0,99,0.19919346210325256,cross_split_same_seed
v8,subject_embedding,43,0,2,43,1,1,102,0.31134211983060184,cross_split_same_seed
v8,subject_embedding,43,0,2,43,1,2,105,0.24102597023145056,cross_split_same_seed
v8,subject_embedding,43,0,2,43,2,0,109,0.7030632855559379,cross_split_same_seed
v8,subject_embedding,43,0,2,43,2,1,103,0.6400184853890114,cross_split_same_seed
v8,subject_embedding,43,0,2,43,2,2,104,0.7018866080158379,cross_split_same_seed
v8,subject_embedding,43,0,2,43,3,0,111,0.27231931784899727,cross_split_same_seed
v8,subject_embedding,43,0,2,43,3,1,98,0.7033637285610148,cross_split_same_seed
v8,subject_embedding,43,0,2,43,3,2,105,0.5971813390111308,cross_split_same_seed
v8,subject_embedding,43,0,2,43,4,0,99,0.634992017112247,cross_split_same_seed
v8,subject_embedding,43,0,2,43,4,1,105,0.5881721718687517,cross_split_same_seed
v8,subject_embedding,43,0,2,43,4,2,108,0.45278730948708,cross_split_same_seed
v8,subject_embedding,43,0,2,44,0,0,103,0.46223402448405065,cross_split_cross_seed
v8,subject_embedding,43,0,2,44,0,1,105,0.3546086525181105,cross_split_cross_seed
v8,subject_embedding,43,0,2,44,0,2,208,0.4260280090710589,same_split_cross_seed
v8,subject_embedding,43,0,2,44,1,0,99,0.3663038908610013,cross_split_cross_seed
v8,subject_embedding,43,0,2,44,1,1,102,0.7330893124234111,cross_split_cross_seed
v8,subject_embedding,43,0,2,44,1,2,105,0.21849022533734835,cross_split_cross_seed
v8,subject_embedding,43,0,2,44,2,0,109,0.283770089991986,cross_split_cross_seed
v8,subject_embedding,43,0,2,44,2,1,103,0.7388796895549913,cross_split_cross_seed
v8,subject_embedding,43,0,2,44,2,2,104,0.1941590898296651,cross_split_cross_seed
v8,subject_embedding,43,0,2,44,3,0,111,0.4122214647024067,cross_split_cross_seed
v8,subject_embedding,43,0,2,44,3,1,98,0.5367089046303781,cross_split_cross_seed
v8,subject_embedding,43,0,2,44,3,2,105,0.4910997573838889,cross_split_cross_seed
v8,subject_embedding,43,0,2,44,4,0,99,0.7017305081575149,cross_split_cross_seed
v8,subject_embedding,43,0,2,44,4,1,105,0.31959463707448216,cross_split_cross_seed
v8,subject_embedding,43,0,2,44,4,2,108,0.3131692790737922,cross_split_cross_seed
v8,subject_embedding,43,1,0,43,1,1,103,0.4064314051183009,cross_split_same_seed
v8,subject_embedding,43,1,0,43,1,2,104,0.6726540260500566,cross_split_same_seed
v8,subject_embedding,43,1,0,43,2,0,104,0.10323194730759558,cross_split_same_seed
v8,subject_embedding,43,1,0,43,2,1,101,0.24098044440485306,cross_split_same_seed
v8,subject_embedding,43,1,0,43,2,2,105,0.23955773500766972,cross_split_same_seed
v8,subject_embedding,43,1,0,43,3,0,104,0.6245808543302512,cross_split_same_seed
v8,subject_embedding,43,1,0,43,3,1,104,0.1263584780941557,cross_split_same_seed
v8,subject_embedding,43,1,0,43,3,2,102,0.3403604174318316,cross_split_same_seed
v8,subject_embedding,43,1,0,43,4,0,109,0.31782530780810087,cross_split_same_seed
v8,subject_embedding,43,1,0,43,4,1,101,0.382201499006356,cross_split_same_seed
v8,subject_embedding,43,1,0,43,4,2,104,0.5266097998793213,cross_split_same_seed
v8,subject_embedding,43,1,0,44,0,0,104,0.4293691092466969,cross_split_cross_seed
v8,subject_embedding,43,1,0,44,0,1,105,0.2808902536460711,cross_split_cross_seed
v8,subject_embedding,43,1,0,44,0,2,99,0.40167458351419044,cross_split_cross_seed
v8,subject_embedding,43,1,0,44,1,0,207,0.4171648479166685,same_split_cross_seed
v8,subject_embedding,43,1,0,44,1,1,103,0.10726782084490498,cross_split_cross_seed
v8,subject_embedding,43,1,0,44,1,2,104,0.7061113113343424,cross_split_cross_seed
v8,subject_embedding,43,1,0,44,2,0,104,0.5633356420742341,cross_split_cross_seed
v8,subject_embedding,43,1,0,44,2,1,101,0.1127732857766553,cross_split_cross_seed
v8,subject_embedding,43,1,0,44,2,2,105,0.7496456026468004,cross_split_cross_seed
v8,subject_embedding,43,1,0,44,3,0,104,0.3019183489293725,cross_split_cross_seed
v8,subject_embedding,43,1,0,44,3,1,104,0.33146283114253444,cross_split_cross_seed
v8,subject_embedding,43,1,0,44,3,2,102,0.42382690424206876,cross_split_cross_seed
v8,subject_embedding,43,1,0,44,4,0,109,0.1174422957790974,cross_split_cross_seed
v8,subject_embedding,43,1,0,44,4,1,101,0.4712026137963324,cross_split_cross_seed
v8,subject_embedding,43,1,0,44,4,2,104,0.5912767290405252,cross_split_cross_seed
v8,subject_embedding,43,1,1,43,1,2,105,0.43061301076257175,cross_split_same_seed
v8,subject_embedding,43,1,1,43,2,0,101,0.3100658704877115,cross_split_same_seed
v8,subject_embedding,43,1,1,43,2,1,107,0.2518429585212299,cross_split_same_seed
v8,subject_embedding,43,1,1,43,2,2,110,0.3828397470719995,cross_split_same_seed
v8,subject_embedding,43,1,1,43,3,0,97,0.328301941047243,cross_split_same_seed
v8,subject_embedding,43,1,1,43,3,1,101,0.317142480696222,cross_split_same_seed
v8,subject_embedding,43,1,1,43,3,2,106,0.23176641258842856,cross_split_same_seed
v8,subject_embedding,43,1,1,43,4,0,104,0.2311313460913181,cross_split_same_seed
v8,subject_embedding,43,1,1,43,4,1,109,0.510211077400571,cross_split_same_seed
v8,subject_embedding,43,1,1,43,4,2,103,0.253503592619571,cross_split_same_seed
v8,subject_embedding,43,1,1,44,0,0,101,0.3198746182397897,cross_split_cross_seed
v8,subject_embedding,43,1,1,44,0,1,107,0.22508102423377127,cross_split_cross_seed
v8,subject_embedding,43,1,1,44,0,2,102,0.24437312370405684,cross_split_cross_seed
v8,subject_embedding,43,1,1,44,1,0,103,0.22399161699523934,cross_split_cross_seed
v8,subject_embedding,43,1,1,44,1,1,208,0.26367857896932817,same_split_cross_seed
v8,subject_embedding,43,1,1,44,1,2,105,0.2985557345936399,cross_split_cross_seed
v8,subject_embedding,43,1,1,44,2,0,101,0.23005561532671917,cross_split_cross_seed
v8,subject_embedding,43,1,1,44,2,1,107,0.2679376755521889,cross_split_cross_seed
v8,subject_embedding,43,1,1,44,2,2,110,0.24379001881278375,cross_split_cross_seed
v8,subject_embedding,43,1,1,44,3,0,97,0.20748356648502714,cross_split_cross_seed
v8,subject_embedding,43,1,1,44,3,1,101,0.2412869474211752,cross_split_cross_seed
v8,subject_embedding,43,1,1,44,3,2,106,0.2626780987720689,cross_split_cross_seed
v8,subject_embedding,43,1,1,44,4,0,104,0.20666458103487906,cross_split_cross_seed
v8,subject_embedding,43,1,1,44,4,1,109,0.19228210247108904,cross_split_cross_seed
v8,subject_embedding,43,1,1,44,4,2,103,0.21299521414039488,cross_split_cross_seed
v8,subject_embedding,43,1,2,43,2,0,105,0.20801057657132524,cross_split_same_seed
v8,subject_embedding,43,1,2,43,2,1,94,0.30106749497541535,cross_split_same_seed
v8,subject_embedding,43,1,2,43,2,2,109,0.3544673921785723,cross_split_same_seed
v8,subject_embedding,43,1,2,43,3,0,105,0.5704962412877971,cross_split_same_seed
v8,subject_embedding,43,1,2,43,3,1,105,0.20257795753344268,cross_split_same_seed
v8,subject_embedding,43,1,2,43,3,2,116,0.37859768164267843,cross_split_same_seed
v8,subject_embedding,43,1,2,43,4,0,101,0.32608384861518935,cross_split_same_seed
v8,subject_embedding,43,1,2,43,4,1,114,0.49042258169890474,cross_split_same_seed
v8,subject_embedding,43,1,2,43,4,2,95,0.532458672762668,cross_split_same_seed
v8,subject_embedding,43,1,2,44,0,0,107,0.5096093919490743,cross_split_cross_seed
v8,subject_embedding,43,1,2,44,0,1,98,0.3476354854337897,cross_split_cross_seed
v8,subject_embedding,43,1,2,44,0,2,105,0.4327098128335446,cross_split_cross_seed
v8,subject_embedding,43,1,2,44,1,0,104,0.40581363070198867,cross_split_cross_seed
v8,subject_embedding,43,1,2,44,1,1,105,0.239358752192932,cross_split_cross_seed
v8,subject_embedding,43,1,2,44,1,2,209,0.6650091982556039,same_split_cross_seed
v8,subject_embedding,43,1,2,44,2,0,105,0.46209640179714884,cross_split_cross_seed
v8,subject_embedding,43,1,2,44,2,1,94,0.25863349807378877,cross_split_cross_seed
v8,subject_embedding,43,1,2,44,2,2,109,0.6673381868967078,cross_split_cross_seed
v8,subject_embedding,43,1,2,44,3,0,105,0.394724944141788,cross_split_cross_seed
v8,subject_embedding,43,1,2,44,3,1,105,0.3038368213257571,cross_split_cross_seed
v8,subject_embedding,43,1,2,44,3,2,116,0.4610842990664184,cross_split_cross_seed
v8,subject_embedding,43,1,2,44,4,0,101,0.18331820786808278,cross_split_cross_seed
v8,subject_embedding,43,1,2,44,4,1,114,0.4308063164533222,cross_split_cross_seed
v8,subject_embedding,43,1,2,44,4,2,95,0.4548689214983794,cross_split_cross_seed
v8,subject_embedding,43,2,0,43,2,1,103,0.3572091727786793,cross_split_same_seed
v8,subject_embedding,43,2,0,43,2,2,104,0.7163369461863305,cross_split_same_seed
v8,subject_embedding,43,2,0,43,3,0,103,0.10520951286956884,cross_split_same_seed
v8,subject_embedding,43,2,0,43,3,1,107,0.954220242303822,cross_split_same_seed
v8,subject_embedding,43,2,0,43,3,2,104,0.5189221711517272,cross_split_same_seed
v8,subject_embedding,43,2,0,43,4,0,105,0.4307563410061499,cross_split_same_seed
v8,subject_embedding,43,2,0,43,4,1,94,0.43477236094680555,cross_split_same_seed
v8,subject_embedding,43,2,0,43,4,2,101,0.2543546989091504,cross_split_same_seed
v8,subject_embedding,43,2,0,44,0,0,101,0.392708773931302,cross_split_cross_seed
v8,subject_embedding,43,2,0,44,0,1,108,0.30630638924083137,cross_split_cross_seed
v8,subject_embedding,43,2,0,44,0,2,109,0.23011704165253088,cross_split_cross_seed
v8,subject_embedding,43,2,0,44,1,0,104,0.36845117003543304,cross_split_cross_seed
v8,subject_embedding,43,2,0,44,1,1,101,0.8254591926270822,cross_split_cross_seed
v8,subject_embedding,43,2,0,44,1,2,105,0.15718157785362494,cross_split_cross_seed
v8,subject_embedding,43,2,0,44,2,0,207,0.20096854978897424,same_split_cross_seed
v8,subject_embedding,43,2,0,44,2,1,103,0.7880233581801981,cross_split_cross_seed
v8,subject_embedding,43,2,0,44,2,2,104,0.12854563629509894,cross_split_cross_seed
v8,subject_embedding,43,2,0,44,3,0,103,0.22854442800953634,cross_split_cross_seed
v8,subject_embedding,43,2,0,44,3,1,107,0.45218907341131537,cross_split_cross_seed
v8,subject_embedding,43,2,0,44,3,2,104,0.41405505744180593,cross_split_cross_seed
v8,subject_embedding,43,2,0,44,4,0,105,0.8701208720414247,cross_split_cross_seed
v8,subject_embedding,43,2,0,44,4,1,94,0.2618314541477984,cross_split_cross_seed
v8,subject_embedding,43,2,0,44,4,2,101,0.2367133200604087,cross_split_cross_seed
v8,subject_embedding,43,2,1,43,2,2,105,0.6843884697777558,cross_split_same_seed
v8,subject_embedding,43,2,1,43,3,0,108,0.42129717555680085,cross_split_same_seed
v8,subject_embedding,43,2,1,43,3,1,111,0.413445238523684,cross_split_same_seed
v8,subject_embedding,43,2,1,43,3,2,101,0.6412258491743953,cross_split_same_seed
v8,subject_embedding,43,2,1,43,4,0,103,0.8549805332072692,cross_split_same_seed
v8,subject_embedding,43,2,1,43,4,1,103,0.4224561161685311,cross_split_same_seed
v8,subject_embedding,43,2,1,43,4,2,110,0.6297366292719545,cross_split_same_seed
v8,subject_embedding,43,2,1,44,0,0,103,0.4419796449775113,cross_split_cross_seed
v8,subject_embedding,43,2,1,44,0,1,104,0.34491503763858256,cross_split_cross_seed
v8,subject_embedding,43,2,1,44,0,2,103,0.5759849936293815,cross_split_cross_seed
v8,subject_embedding,43,2,1,44,1,0,101,0.5168914999590981,cross_split_cross_seed
v8,subject_embedding,43,2,1,44,1,1,107,0.5585638521697259,cross_split_cross_seed
v8,subject_embedding,43,2,1,44,1,2,94,0.3710596524872371,cross_split_cross_seed
v8,subject_embedding,43,2,1,44,2,0,103,0.38034090902337114,cross_split_cross_seed
v8,subject_embedding,43,2,1,44,2,1,208,0.5632151264378744,same_split_cross_seed
v8,subject_embedding,43,2,1,44,2,2,105,0.3587832604983641,cross_split_cross_seed
v8,subject_embedding,43,2,1,44,3,0,108,0.6552666718856723,cross_split_cross_seed
v8,subject_embedding,43,2,1,44,3,1,111,0.5845725218567575,cross_split_cross_seed
v8,subject_embedding,43,2,1,44,3,2,101,0.6562832554355527,cross_split_cross_seed
v8,subject_embedding,43,2,1,44,4,0,103,0.4720151158190247,cross_split_cross_seed
v8,subject_embedding,43,2,1,44,4,1,103,0.5530955422345385,cross_split_cross_seed
v8,subject_embedding,43,2,1,44,4,2,110,0.4946475387458819,cross_split_cross_seed
v8,subject_embedding,43,2,2,43,3,0,103,0.36204508083998016,cross_split_same_seed
v8,subject_embedding,43,2,2,43,3,1,102,0.733906794757917,cross_split_same_seed
v8,subject_embedding,43,2,2,43,3,2,101,0.7465313483403309,cross_split_same_seed
v8,subject_embedding,43,2,2,43,4,0,106,0.6523445583509794,cross_split_same_seed
v8,subject_embedding,43,2,2,43,4,1,103,0.5736085870410834,cross_split_same_seed
v8,subject_embedding,43,2,2,43,4,2,115,0.5857958131857737,cross_split_same_seed
v8,subject_embedding,43,2,2,44,0,0,98,0.5612062612590444,cross_split_cross_seed
v8,subject_embedding,43,2,2,44,0,1,98,0.5562548992082086,cross_split_cross_seed
v8,subject_embedding,43,2,2,44,0,2,104,0.4300434839561513,cross_split_cross_seed
v8,subject_embedding,43,2,2,44,1,0,105,0.4504253574474653,cross_split_cross_seed
v8,subject_embedding,43,2,2,44,1,1,110,0.6312812207409324,cross_split_cross_seed
v8,subject_embedding,43,2,2,44,1,2,109,0.3945797561412637,cross_split_cross_seed
v8,subject_embedding,43,2,2,44,2,0,104,0.4389522167775667,cross_split_cross_seed
v8,subject_embedding,43,2,2,44,2,1,105,0.6938224653292729,cross_split_cross_seed
v8,subject_embedding,43,2,2,44,2,2,209,0.33393828240498163,same_split_cross_seed
v8,subject_embedding,43,2,2,44,3,0,103,0.5061223486278787,cross_split_cross_seed
v8,subject_embedding,43,2,2,44,3,1,102,0.6001125260820612,cross_split_cross_seed
v8,subject_embedding,43,2,2,44,3,2,101,0.6529273159020759,cross_split_cross_seed
v8,subject_embedding,43,2,2,44,4,0,106,0.7004174911041314,cross_split_cross_seed
v8,subject_embedding,43,2,2,44,4,1,103,0.4134648483054905,cross_split_cross_seed
v8,subject_embedding,43,2,2,44,4,2,115,0.4451714686380043,cross_split_cross_seed
v8,subject_embedding,43,3,0,43,3,1,103,0.15083736921675303,cross_split_same_seed
v8,subject_embedding,43,3,0,43,3,2,105,0.3681390147814178,cross_split_same_seed
v8,subject_embedding,43,3,0,43,4,0,97,0.521729477151467,cross_split_same_seed
v8,subject_embedding,43,3,0,43,4,1,112,0.37224453927511586,cross_split_same_seed
v8,subject_embedding,43,3,0,43,4,2,113,0.6824619842578202,cross_split_same_seed
v8,subject_embedding,43,3,0,44,0,0,95,0.5245573719401988,cross_split_cross_seed
v8,subject_embedding,43,3,0,44,0,1,100,0.3220159343844078,cross_split_cross_seed
v8,subject_embedding,43,3,0,44,0,2,111,0.6039584175092079,cross_split_cross_seed
v8,subject_embedding,43,3,0,44,1,0,104,0.5108131732191902,cross_split_cross_seed
v8,subject_embedding,43,3,0,44,1,1,97,0.18640865235024573,cross_split_cross_seed
v8,subject_embedding,43,3,0,44,1,2,105,0.7445781595797533,cross_split_cross_seed
v8,subject_embedding,43,3,0,44,2,0,103,0.5543779295247571,cross_split_cross_seed
v8,subject_embedding,43,3,0,44,2,1,108,0.23022443399531475,cross_split_cross_seed
v8,subject_embedding,43,3,0,44,2,2,103,0.7422666673735742,cross_split_cross_seed
v8,subject_embedding,43,3,0,44,3,0,208,0.5199957216610629,same_split_cross_seed
v8,subject_embedding,43,3,0,44,3,1,103,0.5218813689114677,cross_split_cross_seed
v8,subject_embedding,43,3,0,44,3,2,105,0.47855567456921333,cross_split_cross_seed
v8,subject_embedding,43,3,0,44,4,0,97,0.19180069072659386,cross_split_cross_seed
v8,subject_embedding,43,3,0,44,4,1,112,0.538022224026637,cross_split_cross_seed
v8,subject_embedding,43,3,0,44,4,2,113,0.685569324472188,cross_split_cross_seed
v8,subject_embedding,43,3,1,43,3,2,105,0.4730718581342255,cross_split_same_seed
v8,subject_embedding,43,3,1,43,4,0,105,0.4454702420526239,cross_split_same_seed
v8,subject_embedding,43,3,1,43,4,1,106,0.4268870777642275,cross_split_same_seed
v8,subject_embedding,43,3,1,43,4,2,99,0.26397392410156695,cross_split_same_seed
v8,subject_embedding,43,3,1,44,0,0,106,0.4108191812435175,cross_split_cross_seed
v8,subject_embedding,43,3,1,44,0,1,104,0.3064286321562016,cross_split_cross_seed
v8,subject_embedding,43,3,1,44,0,2,98,0.29350147037207225,cross_split_cross_seed
v8,subject_embedding,43,3,1,44,1,0,104,0.3732930726217837,cross_split_cross_seed
v8,subject_embedding,43,3,1,44,1,1,101,0.802644218255265,cross_split_cross_seed
v8,subject_embedding,43,3,1,44,1,2,105,0.252237091238874,cross_split_cross_seed
v8,subject_embedding,43,3,1,44,2,0,107,0.25093952515519236,cross_split_cross_seed
v8,subject_embedding,43,3,1,44,2,1,111,0.7421570041041425,cross_split_cross_seed
v8,subject_embedding,43,3,1,44,2,2,102,0.13290332741808597,cross_split_cross_seed
v8,subject_embedding,43,3,1,44,3,0,103,0.26033751041122055,cross_split_cross_seed
v8,subject_embedding,43,3,1,44,3,1,208,0.424461594742437,same_split_cross_seed
v8,subject_embedding,43,3,1,44,3,2,105,0.4393250642046386,cross_split_cross_seed
v8,subject_embedding,43,3,1,44,4,0,105,0.8146468054010646,cross_split_cross_seed
v8,subject_embedding,43,3,1,44,4,1,106,0.3233515059345662,cross_split_cross_seed
v8,subject_embedding,43,3,1,44,4,2,99,0.2282864947065653,cross_split_cross_seed
v8,subject_embedding,43,3,2,43,4,0,96,0.6045542184214866,cross_split_same_seed
v8,subject_embedding,43,3,2,43,4,1,108,0.5790209009059083,cross_split_same_seed
v8,subject_embedding,43,3,2,43,4,2,108,0.5943871122236858,cross_split_same_seed
v8,subject_embedding,43,3,2,44,0,0,103,0.5906946070709492,cross_split_cross_seed
v8,subject_embedding,43,3,2,44,0,1,110,0.3731698231017511,cross_split_cross_seed
v8,subject_embedding,43,3,2,44,0,2,105,0.40924565266350416,cross_split_cross_seed
v8,subject_embedding,43,3,2,44,1,0,102,0.4267658434974582,cross_split_cross_seed
v8,subject_embedding,43,3,2,44,1,1,106,0.41911356232318925,cross_split_cross_seed
v8,subject_embedding,43,3,2,44,1,2,116,0.3803507266418367,cross_split_cross_seed
v8,subject_embedding,43,3,2,44,2,0,104,0.4448251463945005,cross_split_cross_seed
v8,subject_embedding,43,3,2,44,2,1,101,0.4956904194898221,cross_split_cross_seed
v8,subject_embedding,43,3,2,44,2,2,101,0.3276229061211999,cross_split_cross_seed
v8,subject_embedding,43,3,2,44,3,0,105,0.4726522672780453,cross_split_cross_seed
v8,subject_embedding,43,3,2,44,3,1,105,0.42379979258134726,cross_split_cross_seed
v8,subject_embedding,43,3,2,44,3,2,210,0.7086075388674372,same_split_cross_seed
v8,subject_embedding,43,3,2,44,4,0,96,0.41746899538543963,cross_split_cross_seed
v8,subject_embedding,43,3,2,44,4,1,108,0.42070256882470897,cross_split_cross_seed
v8,subject_embedding,43,3,2,44,4,2,108,0.4301403199431947,cross_split_cross_seed
v8,subject_embedding,43,4,0,43,4,1,103,0.38434735744278725,cross_split_same_seed
v8,subject_embedding,43,4,0,43,4,2,105,0.6457670431664295,cross_split_same_seed
v8,subject_embedding,43,4,0,44,0,0,117,0.5331964515107885,cross_split_cross_seed
v8,subject_embedding,43,4,0,44,0,1,106,0.40379228350104657,cross_split_cross_seed
v8,subject_embedding,43,4,0,44,0,2,99,0.5811761403773005,cross_split_cross_seed
v8,subject_embedding,43,4,0,44,1,0,109,0.5623220907710549,cross_split_cross_seed
v8,subject_embedding,43,4,0,44,1,1,104,0.4821330846388957,cross_split_cross_seed
v8,subject_embedding,43,4,0,44,1,2,101,0.440570171982976,cross_split_cross_seed
v8,subject_embedding,43,4,0,44,2,0,105,0.49623152246097146,cross_split_cross_seed
v8,subject_embedding,43,4,0,44,2,1,103,0.553077394863988,cross_split_cross_seed
v8,subject_embedding,43,4,0,44,2,2,106,0.3364862783358461,cross_split_cross_seed
v8,subject_embedding,43,4,0,44,3,0,97,0.696632791934751,cross_split_cross_seed
v8,subject_embedding,43,4,0,44,3,1,105,0.6605999938613483,cross_split_cross_seed
v8,subject_embedding,43,4,0,44,3,2,96,0.6235876547283274,cross_split_cross_seed
v8,subject_embedding,43,4,0,44,4,0,208,0.5248365445168583,same_split_cross_seed
v8,subject_embedding,43,4,0,44,4,1,103,0.5454583788921485,cross_split_cross_seed
v8,subject_embedding,43,4,0,44,4,2,105,0.5016852648710235,cross_split_cross_seed
v8,subject_embedding,43,4,1,43,4,2,105,0.43486074011882686,cross_split_same_seed
v8,subject_embedding,43,4,1,44,0,0,93,0.5339346281519147,cross_split_cross_seed
v8,subject_embedding,43,4,1,44,0,1,100,0.37330604571978104,cross_split_cross_seed
v8,subject_embedding,43,4,1,44,0,2,105,0.3621971550224445,cross_split_cross_seed
v8,subject_embedding,43,4,1,44,1,0,101,0.29674057001835563,cross_split_cross_seed
v8,subject_embedding,43,4,1,44,1,1,109,0.4086452495688763,cross_split_cross_seed
v8,subject_embedding,43,4,1,44,1,2,114,0.4011980846814644,cross_split_cross_seed
v8,subject_embedding,43,4,1,44,2,0,94,0.39486890971304855,cross_split_cross_seed
v8,subject_embedding,43,4,1,44,2,1,103,0.4648872957234414,cross_split_cross_seed
v8,subject_embedding,43,4,1,44,2,2,103,0.30237650413915196,cross_split_cross_seed
v8,subject_embedding,43,4,1,44,3,0,112,0.31527286897985957,cross_split_cross_seed
v8,subject_embedding,43,4,1,44,3,1,106,0.3906130296188015,cross_split_cross_seed
v8,subject_embedding,43,4,1,44,3,2,108,0.5558766613214015,cross_split_cross_seed
v8,subject_embedding,43,4,1,44,4,0,103,0.36592033686502556,cross_split_cross_seed
v8,subject_embedding,43,4,1,44,4,1,208,0.3278318861718711,same_split_cross_seed
v8,subject_embedding,43,4,1,44,4,2,105,0.34892722338995025,cross_split_cross_seed
v8,subject_embedding,43,4,2,44,0,0,102,0.5482332926802387,cross_split_cross_seed
v8,subject_embedding,43,4,2,44,0,1,102,0.38181252575409597,cross_split_cross_seed
v8,subject_embedding,43,4,2,44,0,2,108,0.5226941080376982,cross_split_cross_seed
v8,subject_embedding,43,4,2,44,1,0,104,0.6140034759037173,cross_split_cross_seed
v8,subject_embedding,43,4,2,44,1,1,103,0.33192688810510484,cross_split_cross_seed
v8,subject_embedding,43,4,2,44,1,2,95,0.6433405626761789,cross_split_cross_seed
v8,subject_embedding,43,4,2,44,2,0,101,0.6008644496035813,cross_split_cross_seed
v8,subject_embedding,43,4,2,44,2,1,110,0.3454626037003212,cross_split_cross_seed
v8,subject_embedding,43,4,2,44,2,2,115,0.5591000756352442,cross_split_cross_seed
v8,subject_embedding,43,4,2,44,3,0,113,0.5724739011240945,cross_split_cross_seed
v8,subject_embedding,43,4,2,44,3,1,99,0.48380468737331783,cross_split_cross_seed
v8,subject_embedding,43,4,2,44,3,2,108,0.5567565440211582,cross_split_cross_seed
v8,subject_embedding,43,4,2,44,4,0,105,0.3171252565019609,cross_split_cross_seed
v8,subject_embedding,43,4,2,44,4,1,105,0.5205098980350873,cross_split_cross_seed
v8,subject_embedding,43,4,2,44,4,2,210,0.6013434614082939,same_split_cross_seed
v8,subject_embedding,44,0,0,44,0,1,102,0.574748044701049,cross_split_same_seed
v8,subject_embedding,44,0,0,44,0,2,103,0.5784551895835174,cross_split_same_seed
v8,subject_embedding,44,0,0,44,1,0,104,0.5654217174787164,cross_split_same_seed
v8,subject_embedding,44,0,0,44,1,1,101,0.4779638651012181,cross_split_same_seed
v8,subject_embedding,44,0,0,44,1,2,107,0.6321593873998888,cross_split_same_seed
v8,subject_embedding,44,0,0,44,2,0,101,0.5369463304277018,cross_split_same_seed
v8,subject_embedding,44,0,0,44,2,1,103,0.4705072160867376,cross_split_same_seed
v8,subject_embedding,44,0,0,44,2,2,98,0.5522122135024482,cross_split_same_seed
v8,subject_embedding,44,0,0,44,3,0,95,0.5787630461122648,cross_split_same_seed
v8,subject_embedding,44,0,0,44,3,1,106,0.6600473396321754,cross_split_same_seed
v8,subject_embedding,44,0,0,44,3,2,103,0.7032889288175386,cross_split_same_seed
v8,subject_embedding,44,0,0,44,4,0,117,0.43077305069505584,cross_split_same_seed
v8,subject_embedding,44,0,0,44,4,1,93,0.5140976616842301,cross_split_same_seed
v8,subject_embedding,44,0,0,44,4,2,102,0.6296443469172388,cross_split_same_seed
v8,subject_embedding,44,0,1,44,0,2,105,0.36721342039498395,cross_split_same_seed
v8,subject_embedding,44,0,1,44,1,0,105,0.6383518174630393,cross_split_same_seed
v8,subject_embedding,44,0,1,44,1,1,107,0.37594570586795,cross_split_same_seed
v8,subject_embedding,44,0,1,44,1,2,98,0.41851752237329315,cross_split_same_seed
v8,subject_embedding,44,0,1,44,2,0,108,0.44821974806505105,cross_split_same_seed
v8,subject_embedding,44,0,1,44,2,1,104,0.44511162945573435,cross_split_same_seed
v8,subject_embedding,44,0,1,44,2,2,98,0.397790749447393,cross_split_same_seed
v8,subject_embedding,44,0,1,44,3,0,100,0.3888845982352743,cross_split_same_seed
v8,subject_embedding,44,0,1,44,3,1,104,0.5932590345582993,cross_split_same_seed
v8,subject_embedding,44,0,1,44,3,2,110,0.4484914917350336,cross_split_same_seed
v8,subject_embedding,44,0,1,44,4,0,106,0.46000233652673,cross_split_same_seed
v8,subject_embedding,44,0,1,44,4,1,100,0.3262230279416576,cross_split_same_seed
v8,subject_embedding,44,0,1,44,4,2,102,0.5347073523863685,cross_split_same_seed
v8,subject_embedding,44,0,2,44,1,0,99,0.7076056494879591,cross_split_same_seed
v8,subject_embedding,44,0,2,44,1,1,102,0.4293792494460066,cross_split_same_seed
v8,subject_embedding,44,0,2,44,1,2,105,0.642720810251745,cross_split_same_seed
v8,subject_embedding,44,0,2,44,2,0,109,0.5607101739479665,cross_split_same_seed
v8,subject_embedding,44,0,2,44,2,1,103,0.4687523651998044,cross_split_same_seed
v8,subject_embedding,44,0,2,44,2,2,104,0.5335935530932492,cross_split_same_seed
v8,subject_embedding,44,0,2,44,3,0,111,0.7696282251244966,cross_split_same_seed
v8,subject_embedding,44,0,2,44,3,1,98,0.6408100675287487,cross_split_same_seed
v8,subject_embedding,44,0,2,44,3,2,105,0.6410875537993559,cross_split_same_seed
v8,subject_embedding,44,0,2,44,4,0,99,0.4068535804572848,cross_split_same_seed
v8,subject_embedding,44,0,2,44,4,1,105,0.7215060808475982,cross_split_same_seed
v8,subject_embedding,44,0,2,44,4,2,108,0.7086250650840484,cross_split_same_seed
v8,subject_embedding,44,1,0,44,1,1,103,0.36631644454494905,cross_split_same_seed
v8,subject_embedding,44,1,0,44,1,2,104,0.6634468602122033,cross_split_same_seed
v8,subject_embedding,44,1,0,44,2,0,104,0.679929344257898,cross_split_same_seed
v8,subject_embedding,44,1,0,44,2,1,101,0.4732105794942972,cross_split_same_seed
v8,subject_embedding,44,1,0,44,2,2,105,0.6039750812402808,cross_split_same_seed
v8,subject_embedding,44,1,0,44,3,0,104,0.7021606257795338,cross_split_same_seed
v8,subject_embedding,44,1,0,44,3,1,104,0.7391680624230353,cross_split_same_seed
v8,subject_embedding,44,1,0,44,3,2,102,0.5668712509067525,cross_split_same_seed
v8,subject_embedding,44,1,0,44,4,0,109,0.49869141026595654,cross_split_same_seed
v8,subject_embedding,44,1,0,44,4,1,101,0.6607690963873906,cross_split_same_seed
v8,subject_embedding,44,1,0,44,4,2,104,0.7819093389276806,cross_split_same_seed
v8,subject_embedding,44,1,1,44,1,2,105,0.22311882562545185,cross_split_same_seed
v8,subject_embedding,44,1,1,44,2,0,101,0.29406196592287825,cross_split_same_seed
v8,subject_embedding,44,1,1,44,2,1,107,0.8670845466051633,cross_split_same_seed
v8,subject_embedding,44,1,1,44,2,2,110,0.20698689835151618,cross_split_same_seed
v8,subject_embedding,44,1,1,44,3,0,97,0.37966277776965485,cross_split_same_seed
v8,subject_embedding,44,1,1,44,3,1,101,0.5553144148414744,cross_split_same_seed
v8,subject_embedding,44,1,1,44,3,2,106,0.41255098098155324,cross_split_same_seed
v8,subject_embedding,44,1,1,44,4,0,104,0.8638362735390365,cross_split_same_seed
v8,subject_embedding,44,1,1,44,4,1,109,0.4223330161070656,cross_split_same_seed
v8,subject_embedding,44,1,1,44,4,2,103,0.29555011789261754,cross_split_same_seed
v8,subject_embedding,44,1,2,44,2,0,105,0.7326975789106686,cross_split_same_seed
v8,subject_embedding,44,1,2,44,2,1,94,0.2874635376415346,cross_split_same_seed
v8,subject_embedding,44,1,2,44,2,2,109,0.9029238294038762,cross_split_same_seed
v8,subject_embedding,44,1,2,44,3,0,105,0.5933857433589346,cross_split_same_seed
v8,subject_embedding,44,1,2,44,3,1,105,0.4790422328049717,cross_split_same_seed
v8,subject_embedding,44,1,2,44,3,2,116,0.5476464841560916,cross_split_same_seed
v8,subject_embedding,44,1,2,44,4,0,101,0.2559607005774851,cross_split_same_seed
v8,subject_embedding,44,1,2,44,4,1,114,0.6270479327248518,cross_split_same_seed
v8,subject_embedding,44,1,2,44,4,2,95,0.6734468847537702,cross_split_same_seed
v8,subject_embedding,44,2,0,44,2,1,103,0.3398384418799877,cross_split_same_seed
v8,subject_embedding,44,2,0,44,2,2,104,0.7401957450058957,cross_split_same_seed
v8,subject_embedding,44,2,0,44,3,0,103,0.5100632225666399,cross_split_same_seed
v8,subject_embedding,44,2,0,44,3,1,107,0.544641743347134,cross_split_same_seed
v8,subject_embedding,44,2,0,44,3,2,104,0.601889141081873,cross_split_same_seed
v8,subject_embedding,44,2,0,44,4,0,105,0.36593955745203854,cross_split_same_seed
v8,subject_embedding,44,2,0,44,4,1,94,0.6344660149540002,cross_split_same_seed
v8,subject_embedding,44,2,0,44,4,2,101,0.7183091364734671,cross_split_same_seed
v8,subject_embedding,44,2,1,44,2,2,105,0.1891708703462586,cross_split_same_seed
v8,subject_embedding,44,2,1,44,3,0,108,0.4985669794622828,cross_split_same_seed
v8,subject_embedding,44,2,1,44,3,1,111,0.5966334832998081,cross_split_same_seed
v8,subject_embedding,44,2,1,44,3,2,101,0.5565360206422345,cross_split_same_seed
v8,subject_embedding,44,2,1,44,4,0,103,0.9349915792018515,cross_split_same_seed
v8,subject_embedding,44,2,1,44,4,1,103,0.4702544967235012,cross_split_same_seed
v8,subject_embedding,44,2,1,44,4,2,110,0.3412667948066827,cross_split_same_seed
v8,subject_embedding,44,2,2,44,3,0,103,0.5058023705896282,cross_split_same_seed
v8,subject_embedding,44,2,2,44,3,1,102,0.4818670877136128,cross_split_same_seed
v8,subject_embedding,44,2,2,44,3,2,101,0.467507990548844,cross_split_same_seed
v8,subject_embedding,44,2,2,44,4,0,106,0.12799445690122177,cross_split_same_seed
v8,subject_embedding,44,2,2,44,4,1,103,0.5009344014837874,cross_split_same_seed
v8,subject_embedding,44,2,2,44,4,2,115,0.638125602625876,cross_split_same_seed
v8,subject_embedding,44,3,0,44,3,1,103,0.7400755167313745,cross_split_same_seed
v8,subject_embedding,44,3,0,44,3,2,105,0.6480336340188038,cross_split_same_seed
v8,subject_embedding,44,3,0,44,4,0,97,0.4622607283126128,cross_split_same_seed
v8,subject_embedding,44,3,0,44,4,1,112,0.7020928139999503,cross_split_same_seed
v8,subject_embedding,44,3,0,44,4,2,113,0.736208086392215,cross_split_same_seed
v8,subject_embedding,44,3,1,44,3,2,105,0.5982485351841941,cross_split_same_seed
v8,subject_embedding,44,3,1,44,4,0,105,0.5720442025504597,cross_split_same_seed
v8,subject_embedding,44,3,1,44,4,1,106,0.7389372060151388,cross_split_same_seed
v8,subject_embedding,44,3,1,44,4,2,99,0.7447728189071391,cross_split_same_seed
v8,subject_embedding,44,3,2,44,4,0,96,0.4506549555556972,cross_split_same_seed
v8,subject_embedding,44,3,2,44,4,1,108,0.596322908305686,cross_split_same_seed
v8,subject_embedding,44,3,2,44,4,2,108,0.6002460539987218,cross_split_same_seed
v8,subject_embedding,44,4,0,44,4,1,103,0.3663224621530703,cross_split_same_seed
v8,subject_embedding,44,4,0,44,4,2,105,0.3229880369058863,cross_split_same_seed
v8,subject_embedding,44,4,1,44,4,2,105,0.7303795021600133,cross_split_same_seed
str,activity_raw_flat,42,0,0,42,0,1,102,0.7699042824303011,cross_split_same_seed
str,activity_raw_flat,42,0,0,42,0,2,103,0.8324848410328527,cross_split_same_seed
str,activity_raw_flat,42,0,0,42,1,0,104,0.9147015384242214,cross_split_same_seed
str,activity_raw_flat,42,0,0,42,1,1,101,0.8605555616086494,cross_split_same_seed
str,activity_raw_flat,42,0,0,42,1,2,107,0.8966545533955463,cross_split_same_seed
str,activity_raw_flat,42,0,0,42,2,0,101,0.8080826316864431,cross_split_same_seed
str,activity_raw_flat,42,0,0,42,2,1,103,0.8604299347772297,cross_split_same_seed
str,activity_raw_flat,42,0,0,42,2,2,98,0.9124679691330861,cross_split_same_seed
str,activity_raw_flat,42,0,0,42,3,0,95,0.8583993723670145,cross_split_same_seed
str,activity_raw_flat,42,0,0,42,3,1,106,0.8494806325755851,cross_split_same_seed
str,activity_raw_flat,42,0,0,42,3,2,103,0.7692171726388017,cross_split_same_seed
str,activity_raw_flat,42,0,0,42,4,0,117,0.8548885003607001,cross_split_same_seed
str,activity_raw_flat,42,0,0,42,4,1,93,0.816189425712403,cross_split_same_seed
str,activity_raw_flat,42,0,0,42,4,2,102,0.8251393177706949,cross_split_same_seed
str,activity_raw_flat,42,0,0,43,0,0,205,0.8405983599698864,same_split_cross_seed
str,activity_raw_flat,42,0,0,43,0,1,102,0.7571042093384808,cross_split_cross_seed
str,activity_raw_flat,42,0,0,43,0,2,103,0.8258707673446734,cross_split_cross_seed
str,activity_raw_flat,42,0,0,43,1,0,104,0.8627202873564305,cross_split_cross_seed
str,activity_raw_flat,42,0,0,43,1,1,101,0.7830457264784239,cross_split_cross_seed
str,activity_raw_flat,42,0,0,43,1,2,107,0.8434991006936112,cross_split_cross_seed
str,activity_raw_flat,42,0,0,43,2,0,101,0.7870181744847605,cross_split_cross_seed
str,activity_raw_flat,42,0,0,43,2,1,103,0.7422886687089684,cross_split_cross_seed
str,activity_raw_flat,42,0,0,43,2,2,98,0.8154710087747518,cross_split_cross_seed
str,activity_raw_flat,42,0,0,43,3,0,95,0.786595252072998,cross_split_cross_seed
str,activity_raw_flat,42,0,0,43,3,1,106,0.8140536748468234,cross_split_cross_seed
str,activity_raw_flat,42,0,0,43,3,2,103,0.8157716311761658,cross_split_cross_seed
str,activity_raw_flat,42,0,0,43,4,0,117,0.7677960808003806,cross_split_cross_seed
str,activity_raw_flat,42,0,0,43,4,1,93,0.7739954629767132,cross_split_cross_seed
str,activity_raw_flat,42,0,0,43,4,2,102,0.8105507440953224,cross_split_cross_seed
str,activity_raw_flat,42,0,0,44,0,0,205,0.8463562389195095,same_split_cross_seed
str,activity_raw_flat,42,0,0,44,0,1,102,0.7771737584562235,cross_split_cross_seed
str,activity_raw_flat,42,0,0,44,0,2,103,0.8198337054954624,cross_split_cross_seed
str,activity_raw_flat,42,0,0,44,1,0,104,0.7954343620441068,cross_split_cross_seed
str,activity_raw_flat,42,0,0,44,1,1,101,0.8004488081217239,cross_split_cross_seed
str,activity_raw_flat,42,0,0,44,1,2,107,0.8686633756587037,cross_split_cross_seed
str,activity_raw_flat,42,0,0,44,2,0,101,0.8238635226900722,cross_split_cross_seed
str,activity_raw_flat,42,0,0,44,2,1,103,0.8102925485716193,cross_split_cross_seed
str,activity_raw_flat,42,0,0,44,2,2,98,0.8242278082248647,cross_split_cross_seed
str,activity_raw_flat,42,0,0,44,3,0,95,0.7537362401679245,cross_split_cross_seed
str,activity_raw_flat,42,0,0,44,3,1,106,0.8291553476420538,cross_split_cross_seed
str,activity_raw_flat,42,0,0,44,3,2,103,0.8387812160723181,cross_split_cross_seed
str,activity_raw_flat,42,0,0,44,4,0,117,0.8065891789308726,cross_split_cross_seed
str,activity_raw_flat,42,0,0,44,4,1,93,0.7590072844978784,cross_split_cross_seed
str,activity_raw_flat,42,0,0,44,4,2,102,0.7767767102116081,cross_split_cross_seed
str,activity_raw_flat,42,0,1,42,0,2,105,0.8378753156538824,cross_split_same_seed
str,activity_raw_flat,42,0,1,42,1,0,105,0.7829309710400635,cross_split_same_seed
str,activity_raw_flat,42,0,1,42,1,1,107,0.7844866397629974,cross_split_same_seed
str,activity_raw_flat,42,0,1,42,1,2,98,0.7792242646431939,cross_split_same_seed
str,activity_raw_flat,42,0,1,42,2,0,108,0.7775313606795496,cross_split_same_seed
str,activity_raw_flat,42,0,1,42,2,1,104,0.7544089601301122,cross_split_same_seed
str,activity_raw_flat,42,0,1,42,2,2,98,0.8086319230369969,cross_split_same_seed
str,activity_raw_flat,42,0,1,42,3,0,100,0.8124258392730159,cross_split_same_seed
str,activity_raw_flat,42,0,1,42,3,1,104,0.7601542174929719,cross_split_same_seed
str,activity_raw_flat,42,0,1,42,3,2,110,0.7848703483220133,cross_split_same_seed
str,activity_raw_flat,42,0,1,42,4,0,106,0.8187603292072848,cross_split_same_seed
str,activity_raw_flat,42,0,1,42,4,1,100,0.8180748428056627,cross_split_same_seed
str,activity_raw_flat,42,0,1,42,4,2,102,0.7911777938287318,cross_split_same_seed
str,activity_raw_flat,42,0,1,43,0,0,102,0.7365109598304265,cross_split_cross_seed
str,activity_raw_flat,42,0,1,43,0,1,207,0.7247368589230253,same_split_cross_seed
str,activity_raw_flat,42,0,1,43,0,2,105,0.7530371346548806,cross_split_cross_seed
str,activity_raw_flat,42,0,1,43,1,0,105,0.7639733235435735,cross_split_cross_seed
str,activity_raw_flat,42,0,1,43,1,1,107,0.7138004183392432,cross_split_cross_seed
str,activity_raw_flat,42,0,1,43,1,2,98,0.7726781632829386,cross_split_cross_seed
str,activity_raw_flat,42,0,1,43,2,0,108,0.7480768965296951,cross_split_cross_seed
str,activity_raw_flat,42,0,1,43,2,1,104,0.7184433481458725,cross_split_cross_seed
str,activity_raw_flat,42,0,1,43,2,2,98,0.7796407555398883,cross_split_cross_seed
str,activity_raw_flat,42,0,1,43,3,0,100,0.7531161900604143,cross_split_cross_seed
str,activity_raw_flat,42,0,1,43,3,1,104,0.755229954388954,cross_split_cross_seed
str,activity_raw_flat,42,0,1,43,3,2,110,0.7331640774961604,cross_split_cross_seed
str,activity_raw_flat,42,0,1,43,4,0,106,0.7358795737951795,cross_split_cross_seed
str,activity_raw_flat,42,0,1,43,4,1,100,0.7726531515409293,cross_split_cross_seed
str,activity_raw_flat,42,0,1,43,4,2,102,0.741037368212689,cross_split_cross_seed
str,activity_raw_flat,42,0,1,44,0,0,102,0.7709746744762477,cross_split_cross_seed
str,activity_raw_flat,42,0,1,44,0,1,207,0.70067648509819,same_split_cross_seed
str,activity_raw_flat,42,0,1,44,0,2,105,0.7405492063454627,cross_split_cross_seed
str,activity_raw_flat,42,0,1,44,1,0,105,0.7764035491555185,cross_split_cross_seed
str,activity_raw_flat,42,0,1,44,1,1,107,0.7534445164639308,cross_split_cross_seed
str,activity_raw_flat,42,0,1,44,1,2,98,0.8085966966299202,cross_split_cross_seed
str,activity_raw_flat,42,0,1,44,2,0,108,0.7330613428617199,cross_split_cross_seed
str,activity_raw_flat,42,0,1,44,2,1,104,0.7287336765375105,cross_split_cross_seed
str,activity_raw_flat,42,0,1,44,2,2,98,0.7839581448105499,cross_split_cross_seed
str,activity_raw_flat,42,0,1,44,3,0,100,0.7881281105605605,cross_split_cross_seed
str,activity_raw_flat,42,0,1,44,3,1,104,0.7817202457588478,cross_split_cross_seed
str,activity_raw_flat,42,0,1,44,3,2,110,0.7829948697988454,cross_split_cross_seed
str,activity_raw_flat,42,0,1,44,4,0,106,0.7676588805537571,cross_split_cross_seed
str,activity_raw_flat,42,0,1,44,4,1,100,0.753331357627454,cross_split_cross_seed
str,activity_raw_flat,42,0,1,44,4,2,102,0.7498403814106884,cross_split_cross_seed
str,activity_raw_flat,42,0,2,42,1,0,99,0.8584745746679885,cross_split_same_seed
str,activity_raw_flat,42,0,2,42,1,1,102,0.8514462951380891,cross_split_same_seed
str,activity_raw_flat,42,0,2,42,1,2,105,0.8207543356350406,cross_split_same_seed
str,activity_raw_flat,42,0,2,42,2,0,109,0.7733119382721512,cross_split_same_seed
str,activity_raw_flat,42,0,2,42,2,1,103,0.8243898782822063,cross_split_same_seed
str,activity_raw_flat,42,0,2,42,2,2,104,0.890102209315741,cross_split_same_seed
str,activity_raw_flat,42,0,2,42,3,0,111,0.8753565469942751,cross_split_same_seed
str,activity_raw_flat,42,0,2,42,3,1,98,0.8045633369945269,cross_split_same_seed
str,activity_raw_flat,42,0,2,42,3,2,105,0.82650876342982,cross_split_same_seed
str,activity_raw_flat,42,0,2,42,4,0,99,0.8680232301382546,cross_split_same_seed
str,activity_raw_flat,42,0,2,42,4,1,105,0.8438905826136728,cross_split_same_seed
str,activity_raw_flat,42,0,2,42,4,2,108,0.835687602756758,cross_split_same_seed
str,activity_raw_flat,42,0,2,43,0,0,103,0.7824271247612365,cross_split_cross_seed
str,activity_raw_flat,42,0,2,43,0,1,105,0.7512763767512021,cross_split_cross_seed
str,activity_raw_flat,42,0,2,43,0,2,208,0.7493321506636118,same_split_cross_seed
str,activity_raw_flat,42,0,2,43,1,0,99,0.8097301632392438,cross_split_cross_seed
str,activity_raw_flat,42,0,2,43,1,1,102,0.7489460620692792,cross_split_cross_seed
str,activity_raw_flat,42,0,2,43,1,2,105,0.7842767138875619,cross_split_cross_seed
str,activity_raw_flat,42,0,2,43,2,0,109,0.7637427150038584,cross_split_cross_seed
str,activity_raw_flat,42,0,2,43,2,1,103,0.7345964193900272,cross_split_cross_seed
str,activity_raw_flat,42,0,2,43,2,2,104,0.772091432369413,cross_split_cross_seed
str,activity_raw_flat,42,0,2,43,3,0,111,0.7889847521978214,cross_split_cross_seed
str,activity_raw_flat,42,0,2,43,3,1,98,0.7844520387149755,cross_split_cross_seed
str,activity_raw_flat,42,0,2,43,3,2,105,0.7371481755799505,cross_split_cross_seed
str,activity_raw_flat,42,0,2,43,4,0,99,0.7681226622810028,cross_split_cross_seed
str,activity_raw_flat,42,0,2,43,4,1,105,0.7688662933361557,cross_split_cross_seed
str,activity_raw_flat,42,0,2,43,4,2,108,0.8090937456064471,cross_split_cross_seed
str,activity_raw_flat,42,0,2,44,0,0,103,0.7855692678910903,cross_split_cross_seed
str,activity_raw_flat,42,0,2,44,0,1,105,0.7619514280084086,cross_split_cross_seed
str,activity_raw_flat,42,0,2,44,0,2,208,0.7302266866599645,same_split_cross_seed
str,activity_raw_flat,42,0,2,44,1,0,99,0.7708703646616589,cross_split_cross_seed
str,activity_raw_flat,42,0,2,44,1,1,102,0.8082329010367817,cross_split_cross_seed
str,activity_raw_flat,42,0,2,44,1,2,105,0.8187303397542693,cross_split_cross_seed
str,activity_raw_flat,42,0,2,44,2,0,109,0.7615996943602006,cross_split_cross_seed
str,activity_raw_flat,42,0,2,44,2,1,103,0.771138461330236,cross_split_cross_seed
str,activity_raw_flat,42,0,2,44,2,2,104,0.7914557360941562,cross_split_cross_seed
str,activity_raw_flat,42,0,2,44,3,0,111,0.7801103667993385,cross_split_cross_seed
str,activity_raw_flat,42,0,2,44,3,1,98,0.8084946207461401,cross_split_cross_seed
str,activity_raw_flat,42,0,2,44,3,2,105,0.7918182932914359,cross_split_cross_seed
str,activity_raw_flat,42,0,2,44,4,0,99,0.7836539552080434,cross_split_cross_seed
str,activity_raw_flat,42,0,2,44,4,1,105,0.776756226170448,cross_split_cross_seed
str,activity_raw_flat,42,0,2,44,4,2,108,0.7746125193851618,cross_split_cross_seed
str,activity_raw_flat,42,1,0,42,1,1,103,0.895720146073544,cross_split_same_seed
str,activity_raw_flat,42,1,0,42,1,2,104,0.9350680113404801,cross_split_same_seed
str,activity_raw_flat,42,1,0,42,2,0,104,0.8260363620399335,cross_split_same_seed
str,activity_raw_flat,42,1,0,42,2,1,101,0.8162353961941291,cross_split_same_seed
str,activity_raw_flat,42,1,0,42,2,2,105,0.8958859044135512,cross_split_same_seed
str,activity_raw_flat,42,1,0,42,3,0,104,0.8720371876487868,cross_split_same_seed
str,activity_raw_flat,42,1,0,42,3,1,104,0.9201017805969056,cross_split_same_seed
str,activity_raw_flat,42,1,0,42,3,2,102,0.740868379919633,cross_split_same_seed
str,activity_raw_flat,42,1,0,42,4,0,109,0.8757129908104603,cross_split_same_seed
str,activity_raw_flat,42,1,0,42,4,1,101,0.8696413799434856,cross_split_same_seed
str,activity_raw_flat,42,1,0,42,4,2,104,0.7885533702352864,cross_split_same_seed
str,activity_raw_flat,42,1,0,43,0,0,104,0.8802791965672738,cross_split_cross_seed
str,activity_raw_flat,42,1,0,43,0,1,105,0.8018903735759886,cross_split_cross_seed
str,activity_raw_flat,42,1,0,43,0,2,99,0.8541273733603636,cross_split_cross_seed
str,activity_raw_flat,42,1,0,43,1,0,207,0.8782016916695774,same_split_cross_seed
str,activity_raw_flat,42,1,0,43,1,1,103,0.8034049920521581,cross_split_cross_seed
str,activity_raw_flat,42,1,0,43,1,2,104,0.89779652070118,cross_split_cross_seed
str,activity_raw_flat,42,1,0,43,2,0,104,0.7862502135935854,cross_split_cross_seed
str,activity_raw_flat,42,1,0,43,2,1,101,0.6946776401359601,cross_split_cross_seed
str,activity_raw_flat,42,1,0,43,2,2,105,0.8183224577413312,cross_split_cross_seed
str,activity_raw_flat,42,1,0,43,3,0,104,0.7615534791973494,cross_split_cross_seed
str,activity_raw_flat,42,1,0,43,3,1,104,0.8389376107588012,cross_split_cross_seed
str,activity_raw_flat,42,1,0,43,3,2,102,0.9033883241919956,cross_split_cross_seed
str,activity_raw_flat,42,1,0,43,4,0,109,0.8126158930929235,cross_split_cross_seed
str,activity_raw_flat,42,1,0,43,4,1,101,0.821017140794916,cross_split_cross_seed
str,activity_raw_flat,42,1,0,43,4,2,104,0.8383450470050319,cross_split_cross_seed
str,activity_raw_flat,42,1,0,44,0,0,104,0.8946451091906856,cross_split_cross_seed
str,activity_raw_flat,42,1,0,44,0,1,105,0.808234256246937,cross_split_cross_seed
str,activity_raw_flat,42,1,0,44,0,2,99,0.8764571237234988,cross_split_cross_seed
str,activity_raw_flat,42,1,0,44,1,0,207,0.7524621944085095,same_split_cross_seed
str,activity_raw_flat,42,1,0,44,1,1,103,0.795290258134963,cross_split_cross_seed
str,activity_raw_flat,42,1,0,44,1,2,104,0.8793798645678635,cross_split_cross_seed
str,activity_raw_flat,42,1,0,44,2,0,104,0.9026838264558028,cross_split_cross_seed
str,activity_raw_flat,42,1,0,44,2,1,101,0.8870865225136229,cross_split_cross_seed
str,activity_raw_flat,42,1,0,44,2,2,105,0.8941273730012023,cross_split_cross_seed
str,activity_raw_flat,42,1,0,44,3,0,104,0.7507434500183917,cross_split_cross_seed
str,activity_raw_flat,42,1,0,44,3,1,104,0.8737868136911058,cross_split_cross_seed
str,activity_raw_flat,42,1,0,44,3,2,102,0.8986360760773154,cross_split_cross_seed
str,activity_raw_flat,42,1,0,44,4,0,109,0.8881954598632517,cross_split_cross_seed
str,activity_raw_flat,42,1,0,44,4,1,101,0.8085439443303224,cross_split_cross_seed
str,activity_raw_flat,42,1,0,44,4,2,104,0.779611541812845,cross_split_cross_seed
str,activity_raw_flat,42,1,1,42,1,2,105,0.8517342805341266,cross_split_same_seed
str,activity_raw_flat,42,1,1,42,2,0,101,0.8482104208578746,cross_split_same_seed
str,activity_raw_flat,42,1,1,42,2,1,107,0.8578879522462234,cross_split_same_seed
str,activity_raw_flat,42,1,1,42,2,2,110,0.905311411485746,cross_split_same_seed
str,activity_raw_flat,42,1,1,42,3,0,97,0.8650297826844785,cross_split_same_seed
str,activity_raw_flat,42,1,1,42,3,1,101,0.8880208442033246,cross_split_same_seed
str,activity_raw_flat,42,1,1,42,3,2,106,0.776930362254524,cross_split_same_seed
str,activity_raw_flat,42,1,1,42,4,0,104,0.8532156275037149,cross_split_same_seed
str,activity_raw_flat,42,1,1,42,4,1,109,0.8172803979290216,cross_split_same_seed
str,activity_raw_flat,42,1,1,42,4,2,103,0.8039026851567602,cross_split_same_seed
str,activity_raw_flat,42,1,1,43,0,0,101,0.8135831200987651,cross_split_cross_seed
str,activity_raw_flat,42,1,1,43,0,1,107,0.7949373690067438,cross_split_cross_seed
str,activity_raw_flat,42,1,1,43,0,2,102,0.8242629974335814,cross_split_cross_seed
str,activity_raw_flat,42,1,1,43,1,0,103,0.8258075169471877,cross_split_cross_seed
str,activity_raw_flat,42,1,1,43,1,1,208,0.7416524797874463,same_split_cross_seed
str,activity_raw_flat,42,1,1,43,1,2,105,0.8090940285264676,cross_split_cross_seed
str,activity_raw_flat,42,1,1,43,2,0,101,0.7900478474320781,cross_split_cross_seed
str,activity_raw_flat,42,1,1,43,2,1,107,0.7310283549809434,cross_split_cross_seed
str,activity_raw_flat,42,1,1,43,2,2,110,0.7867638753488366,cross_split_cross_seed
str,activity_raw_flat,42,1,1,43,3,0,97,0.7740456669150211,cross_split_cross_seed
str,activity_raw_flat,42,1,1,43,3,1,101,0.8227043853301752,cross_split_cross_seed
str,activity_raw_flat,42,1,1,43,3,2,106,0.7936842396739606,cross_split_cross_seed
str,activity_raw_flat,42,1,1,43,4,0,104,0.7776900849605282,cross_split_cross_seed
str,activity_raw_flat,42,1,1,43,4,1,109,0.7614317026050285,cross_split_cross_seed
str,activity_raw_flat,42,1,1,43,4,2,103,0.7798866357091218,cross_split_cross_seed
str,activity_raw_flat,42,1,1,44,0,0,101,0.8323067037180326,cross_split_cross_seed
str,activity_raw_flat,42,1,1,44,0,1,107,0.7856404087806883,cross_split_cross_seed
str,activity_raw_flat,42,1,1,44,0,2,102,0.8227672724601901,cross_split_cross_seed
str,activity_raw_flat,42,1,1,44,1,0,103,0.7717835601074988,cross_split_cross_seed
str,activity_raw_flat,42,1,1,44,1,1,208,0.7442966520241944,same_split_cross_seed
str,activity_raw_flat,42,1,1,44,1,2,105,0.8349306567564583,cross_split_cross_seed
str,activity_raw_flat,42,1,1,44,2,0,101,0.8240038059041332,cross_split_cross_seed
str,activity_raw_flat,42,1,1,44,2,1,107,0.8198436452933237,cross_split_cross_seed
str,activity_raw_flat,42,1,1,44,2,2,110,0.8480964101406864,cross_split_cross_seed
str,activity_raw_flat,42,1,1,44,3,0,97,0.7414956996180027,cross_split_cross_seed
str,activity_raw_flat,42,1,1,44,3,1,101,0.8364902729496206,cross_split_cross_seed
str,activity_raw_flat,42,1,1,44,3,2,106,0.8139093172211396,cross_split_cross_seed
str,activity_raw_flat,42,1,1,44,4,0,104,0.8246478847143002,cross_split_cross_seed
str,activity_raw_flat,42,1,1,44,4,1,109,0.7834842147233593,cross_split_cross_seed
str,activity_raw_flat,42,1,1,44,4,2,103,0.7612690343413981,cross_split_cross_seed
str,activity_raw_flat,42,1,2,42,2,0,105,0.8156031349848889,cross_split_same_seed
str,activity_raw_flat,42,1,2,42,2,1,94,0.7915042981778314,cross_split_same_seed
str,activity_raw_flat,42,1,2,42,2,2,109,0.8759010493154074,cross_split_same_seed
str,activity_raw_flat,42,1,2,42,3,0,105,0.8195851315604011,cross_split_same_seed
str,activity_raw_flat,42,1,2,42,3,1,105,0.9300638405355334,cross_split_same_seed
str,activity_raw_flat,42,1,2,42,3,2,116,0.7053139894672686,cross_split_same_seed
str,activity_raw_flat,42,1,2,42,4,0,101,0.8753556689619725,cross_split_same_seed
str,activity_raw_flat,42,1,2,42,4,1,114,0.8458987406623362,cross_split_same_seed
str,activity_raw_flat,42,1,2,42,4,2,95,0.7532078834884738,cross_split_same_seed
str,activity_raw_flat,42,1,2,43,0,0,107,0.841229959725161,cross_split_cross_seed
str,activity_raw_flat,42,1,2,43,0,1,98,0.8304561668500834,cross_split_cross_seed
str,activity_raw_flat,42,1,2,43,0,2,105,0.8654736236568926,cross_split_cross_seed
str,activity_raw_flat,42,1,2,43,1,0,104,0.8802069335304594,cross_split_cross_seed
str,activity_raw_flat,42,1,2,43,1,1,105,0.8429902269468075,cross_split_cross_seed
str,activity_raw_flat,42,1,2,43,1,2,209,0.9156101796225694,same_split_cross_seed
str,activity_raw_flat,42,1,2,43,2,0,105,0.8074033596363122,cross_split_cross_seed
str,activity_raw_flat,42,1,2,43,2,1,94,0.7090206087747564,cross_split_cross_seed
str,activity_raw_flat,42,1,2,43,2,2,109,0.8421118742119169,cross_split_cross_seed
str,activity_raw_flat,42,1,2,43,3,0,105,0.765698169538696,cross_split_cross_seed
str,activity_raw_flat,42,1,2,43,3,1,105,0.8733595245026319,cross_split_cross_seed
str,activity_raw_flat,42,1,2,43,3,2,116,0.8842397371508749,cross_split_cross_seed
str,activity_raw_flat,42,1,2,43,4,0,101,0.82168604150224,cross_split_cross_seed
str,activity_raw_flat,42,1,2,43,4,1,114,0.8322805645289251,cross_split_cross_seed
str,activity_raw_flat,42,1,2,43,4,2,95,0.8072077617506861,cross_split_cross_seed
str,activity_raw_flat,42,1,2,44,0,0,107,0.8827065873155697,cross_split_cross_seed
str,activity_raw_flat,42,1,2,44,0,1,98,0.8013768960951914,cross_split_cross_seed
str,activity_raw_flat,42,1,2,44,0,2,105,0.8550556168521406,cross_split_cross_seed
str,activity_raw_flat,42,1,2,44,1,0,104,0.7484875690867624,cross_split_cross_seed
str,activity_raw_flat,42,1,2,44,1,1,105,0.7551849906500651,cross_split_cross_seed
str,activity_raw_flat,42,1,2,44,1,2,209,0.8748378899219227,same_split_cross_seed
str,activity_raw_flat,42,1,2,44,2,0,105,0.8962017711406302,cross_split_cross_seed
str,activity_raw_flat,42,1,2,44,2,1,94,0.9044930776401247,cross_split_cross_seed
str,activity_raw_flat,42,1,2,44,2,2,109,0.8629171681843735,cross_split_cross_seed
str,activity_raw_flat,42,1,2,44,3,0,105,0.7103115471306686,cross_split_cross_seed
str,activity_raw_flat,42,1,2,44,3,1,105,0.8613885245354754,cross_split_cross_seed
str,activity_raw_flat,42,1,2,44,3,2,116,0.8606452564985262,cross_split_cross_seed
str,activity_raw_flat,42,1,2,44,4,0,101,0.866874543933415,cross_split_cross_seed
str,activity_raw_flat,42,1,2,44,4,1,114,0.7800472184357108,cross_split_cross_seed
str,activity_raw_flat,42,1,2,44,4,2,95,0.7241573119531668,cross_split_cross_seed
str,activity_raw_flat,42,2,0,42,2,1,103,0.7544713772104978,cross_split_same_seed
str,activity_raw_flat,42,2,0,42,2,2,104,0.8445196946075583,cross_split_same_seed
str,activity_raw_flat,42,2,0,42,3,0,103,0.7651418054853931,cross_split_same_seed
str,activity_raw_flat,42,2,0,42,3,1,107,0.8089579798773182,cross_split_same_seed
str,activity_raw_flat,42,2,0,42,3,2,104,0.7116065998590466,cross_split_same_seed
str,activity_raw_flat,42,2,0,42,4,0,105,0.8282133283303972,cross_split_same_seed
str,activity_raw_flat,42,2,0,42,4,1,94,0.7811416253152551,cross_split_same_seed
str,activity_raw_flat,42,2,0,42,4,2,101,0.7401850867146388,cross_split_same_seed
str,activity_raw_flat,42,2,0,43,0,0,101,0.8103380136276835,cross_split_cross_seed
str,activity_raw_flat,42,2,0,43,0,1,108,0.7539225421184114,cross_split_cross_seed
str,activity_raw_flat,42,2,0,43,0,2,109,0.739535049693804,cross_split_cross_seed
str,activity_raw_flat,42,2,0,43,1,0,104,0.7767564965723422,cross_split_cross_seed
str,activity_raw_flat,42,2,0,43,1,1,101,0.759193055122028,cross_split_cross_seed
str,activity_raw_flat,42,2,0,43,1,2,105,0.8063491744131884,cross_split_cross_seed
str,activity_raw_flat,42,2,0,43,2,0,207,0.7589635144799074,same_split_cross_seed
str,activity_raw_flat,42,2,0,43,2,1,103,0.7090536330842268,cross_split_cross_seed
str,activity_raw_flat,42,2,0,43,2,2,104,0.8171805225045102,cross_split_cross_seed
str,activity_raw_flat,42,2,0,43,3,0,103,0.7140947410526644,cross_split_cross_seed
str,activity_raw_flat,42,2,0,43,3,1,107,0.8024118652007963,cross_split_cross_seed
str,activity_raw_flat,42,2,0,43,3,2,104,0.8129077878060899,cross_split_cross_seed
str,activity_raw_flat,42,2,0,43,4,0,105,0.7775852559701663,cross_split_cross_seed
str,activity_raw_flat,42,2,0,43,4,1,94,0.7984730939337599,cross_split_cross_seed
str,activity_raw_flat,42,2,0,43,4,2,101,0.7608346047559373,cross_split_cross_seed
str,activity_raw_flat,42,2,0,44,0,0,101,0.7915735843434905,cross_split_cross_seed
str,activity_raw_flat,42,2,0,44,0,1,108,0.7130159386593246,cross_split_cross_seed
str,activity_raw_flat,42,2,0,44,0,2,109,0.7023187094241321,cross_split_cross_seed
str,activity_raw_flat,42,2,0,44,1,0,104,0.7166430533799408,cross_split_cross_seed
str,activity_raw_flat,42,2,0,44,1,1,101,0.700995859625041,cross_split_cross_seed
str,activity_raw_flat,42,2,0,44,1,2,105,0.7866005060822188,cross_split_cross_seed
str,activity_raw_flat,42,2,0,44,2,0,207,0.7448731606423317,same_split_cross_seed
str,activity_raw_flat,42,2,0,44,2,1,103,0.7295874423941152,cross_split_cross_seed
str,activity_raw_flat,42,2,0,44,2,2,104,0.7820305929343566,cross_split_cross_seed
str,activity_raw_flat,42,2,0,44,3,0,103,0.6866919912408331,cross_split_cross_seed
str,activity_raw_flat,42,2,0,44,3,1,107,0.7725621388265559,cross_split_cross_seed
str,activity_raw_flat,42,2,0,44,3,2,104,0.7879180147065025,cross_split_cross_seed
str,activity_raw_flat,42,2,0,44,4,0,105,0.775236414632323,cross_split_cross_seed
str,activity_raw_flat,42,2,0,44,4,1,94,0.7380208057897762,cross_split_cross_seed
str,activity_raw_flat,42,2,0,44,4,2,101,0.7146058965803689,cross_split_cross_seed
str,activity_raw_flat,42,2,1,42,2,2,105,0.9244004980290569,cross_split_same_seed
str,activity_raw_flat,42,2,1,42,3,0,108,0.8954118507914504,cross_split_same_seed
str,activity_raw_flat,42,2,1,42,3,1,111,0.7975432764718773,cross_split_same_seed
str,activity_raw_flat,42,2,1,42,3,2,101,0.8539230398399212,cross_split_same_seed
str,activity_raw_flat,42,2,1,42,4,0,103,0.8483591922804892,cross_split_same_seed
str,activity_raw_flat,42,2,1,42,4,1,103,0.8007907255529744,cross_split_same_seed
str,activity_raw_flat,42,2,1,42,4,2,110,0.877251963711909,cross_split_same_seed
str,activity_raw_flat,42,2,1,43,0,0,103,0.7883677957819587,cross_split_cross_seed
str,activity_raw_flat,42,2,1,43,0,1,104,0.7165698155708573,cross_split_cross_seed
str,activity_raw_flat,42,2,1,43,0,2,103,0.7523733787423885,cross_split_cross_seed
str,activity_raw_flat,42,2,1,43,1,0,101,0.7402728813915758,cross_split_cross_seed
str,activity_raw_flat,42,2,1,43,1,1,107,0.7135645087764927,cross_split_cross_seed
str,activity_raw_flat,42,2,1,43,1,2,94,0.7497411131231364,cross_split_cross_seed
str,activity_raw_flat,42,2,1,43,2,0,103,0.734782305427619,cross_split_cross_seed
str,activity_raw_flat,42,2,1,43,2,1,208,0.6671732195886146,same_split_cross_seed
str,activity_raw_flat,42,2,1,43,2,2,105,0.7300217920702919,cross_split_cross_seed
str,activity_raw_flat,42,2,1,43,3,0,108,0.7778854014574851,cross_split_cross_seed
str,activity_raw_flat,42,2,1,43,3,1,111,0.7390543820569488,cross_split_cross_seed
str,activity_raw_flat,42,2,1,43,3,2,101,0.7047916698865989,cross_split_cross_seed
str,activity_raw_flat,42,2,1,43,4,0,103,0.7182266360729153,cross_split_cross_seed
str,activity_raw_flat,42,2,1,43,4,1,103,0.6924069799331455,cross_split_cross_seed
str,activity_raw_flat,42,2,1,43,4,2,110,0.7610522166621164,cross_split_cross_seed
str,activity_raw_flat,42,2,1,44,0,0,103,0.7752772312086957,cross_split_cross_seed
str,activity_raw_flat,42,2,1,44,0,1,104,0.723337843565181,cross_split_cross_seed
str,activity_raw_flat,42,2,1,44,0,2,103,0.7309625684419442,cross_split_cross_seed
str,activity_raw_flat,42,2,1,44,1,0,101,0.7705133295844336,cross_split_cross_seed
str,activity_raw_flat,42,2,1,44,1,1,107,0.7867996451744592,cross_split_cross_seed
str,activity_raw_flat,42,2,1,44,1,2,94,0.8278883570763413,cross_split_cross_seed
str,activity_raw_flat,42,2,1,44,2,0,103,0.7254104663902375,cross_split_cross_seed
str,activity_raw_flat,42,2,1,44,2,1,208,0.6963116489934562,same_split_cross_seed
str,activity_raw_flat,42,2,1,44,2,2,105,0.7815416526973195,cross_split_cross_seed
str,activity_raw_flat,42,2,1,44,3,0,108,0.7736145337755311,cross_split_cross_seed
str,activity_raw_flat,42,2,1,44,3,1,111,0.803167580101543,cross_split_cross_seed
str,activity_raw_flat,42,2,1,44,3,2,101,0.7765110339822131,cross_split_cross_seed
str,activity_raw_flat,42,2,1,44,4,0,103,0.7395254493388583,cross_split_cross_seed
str,activity_raw_flat,42,2,1,44,4,1,103,0.7489721554403755,cross_split_cross_seed
str,activity_raw_flat,42,2,1,44,4,2,110,0.7893574141563164,cross_split_cross_seed
str,activity_raw_flat,42,2,2,42,3,0,103,0.9162624205928822,cross_split_same_seed
str,activity_raw_flat,42,2,2,42,3,1,102,0.8721474810908324,cross_split_same_seed
str,activity_raw_flat,42,2,2,42,3,2,101,0.8489384758402043,cross_split_same_seed
str,activity_raw_flat,42,2,2,42,4,0,106,0.8897526255461725,cross_split_same_seed
str,activity_raw_flat,42,2,2,42,4,1,103,0.8621240496595417,cross_split_same_seed
str,activity_raw_flat,42,2,2,42,4,2,115,0.882672288927036,cross_split_same_seed
str,activity_raw_flat,42,2,2,43,0,0,98,0.8406324057837543,cross_split_cross_seed
str,activity_raw_flat,42,2,2,43,0,1,98,0.79002942640689,cross_split_cross_seed
str,activity_raw_flat,42,2,2,43,0,2,104,0.7955826852153108,cross_split_cross_seed
str,activity_raw_flat,42,2,2,43,1,0,105,0.8310425216038648,cross_split_cross_seed
str,activity_raw_flat,42,2,2,43,1,1,110,0.7617434869004437,cross_split_cross_seed
str,activity_raw_flat,42,2,2,43,1,2,109,0.8187854321512645,cross_split_cross_seed
str,activity_raw_flat,42,2,2,43,2,0,104,0.8127189707929142,cross_split_cross_seed
str,activity_raw_flat,42,2,2,43,2,1,105,0.7446080533032243,cross_split_cross_seed
str,activity_raw_flat,42,2,2,43,2,2,209,0.7747267658011904,same_split_cross_seed
str,activity_raw_flat,42,2,2,43,3,0,103,0.8024856801882354,cross_split_cross_seed
str,activity_raw_flat,42,2,2,43,3,1,102,0.8444765130883649,cross_split_cross_seed
str,activity_raw_flat,42,2,2,43,3,2,101,0.8154427441441868,cross_split_cross_seed
str,activity_raw_flat,42,2,2,43,4,0,106,0.7945210293312425,cross_split_cross_seed
str,activity_raw_flat,42,2,2,43,4,1,103,0.7767050496102155,cross_split_cross_seed
str,activity_raw_flat,42,2,2,43,4,2,115,0.8395110519481974,cross_split_cross_seed
str,activity_raw_flat,42,2,2,44,0,0,98,0.8562522623068767,cross_split_cross_seed
str,activity_raw_flat,42,2,2,44,0,1,98,0.8098054822064369,cross_split_cross_seed
str,activity_raw_flat,42,2,2,44,0,2,104,0.7919880214975527,cross_split_cross_seed
str,activity_raw_flat,42,2,2,44,1,0,105,0.8022147346105155,cross_split_cross_seed
str,activity_raw_flat,42,2,2,44,1,1,110,0.8352737387315986,cross_split_cross_seed
str,activity_raw_flat,42,2,2,44,1,2,109,0.8616896900434646,cross_split_cross_seed
str,activity_raw_flat,42,2,2,44,2,0,104,0.8408549663334361,cross_split_cross_seed
str,activity_raw_flat,42,2,2,44,2,1,105,0.8110947677225923,cross_split_cross_seed
str,activity_raw_flat,42,2,2,44,2,2,209,0.8167417282852657,same_split_cross_seed
str,activity_raw_flat,42,2,2,44,3,0,103,0.8018357723422554,cross_split_cross_seed
str,activity_raw_flat,42,2,2,44,3,1,102,0.874915820568914,cross_split_cross_seed
str,activity_raw_flat,42,2,2,44,3,2,101,0.8523548795865123,cross_split_cross_seed
str,activity_raw_flat,42,2,2,44,4,0,106,0.8212241397140917,cross_split_cross_seed
str,activity_raw_flat,42,2,2,44,4,1,103,0.8144848414995297,cross_split_cross_seed
str,activity_raw_flat,42,2,2,44,4,2,115,0.8223782076212854,cross_split_cross_seed
str,activity_raw_flat,42,3,0,42,3,1,103,0.7950249173685153,cross_split_same_seed
str,activity_raw_flat,42,3,0,42,3,2,105,0.8859306585179688,cross_split_same_seed
str,activity_raw_flat,42,3,0,42,4,0,97,0.888296631605815,cross_split_same_seed
str,activity_raw_flat,42,3,0,42,4,1,112,0.8542455994496243,cross_split_same_seed
str,activity_raw_flat,42,3,0,42,4,2,113,0.882216445099372,cross_split_same_seed
str,activity_raw_flat,42,3,0,43,0,0,95,0.8025032010794614,cross_split_cross_seed
str,activity_raw_flat,42,3,0,43,0,1,100,0.7516487913871076,cross_split_cross_seed
str,activity_raw_flat,42,3,0,43,0,2,111,0.7979850478292771,cross_split_cross_seed
str,activity_raw_flat,42,3,0,43,1,0,104,0.8301715066956146,cross_split_cross_seed
str,activity_raw_flat,42,3,0,43,1,1,97,0.749019529592423,cross_split_cross_seed
str,activity_raw_flat,42,3,0,43,1,2,105,0.7671959386602485,cross_split_cross_seed
str,activity_raw_flat,42,3,0,43,2,0,103,0.7522012780251665,cross_split_cross_seed
str,activity_raw_flat,42,3,0,43,2,1,108,0.7287940045484995,cross_split_cross_seed
str,activity_raw_flat,42,3,0,43,2,2,103,0.7645910441437102,cross_split_cross_seed
str,activity_raw_flat,42,3,0,43,3,0,208,0.7705787873273923,same_split_cross_seed
str,activity_raw_flat,42,3,0,43,3,1,103,0.7618807319350593,cross_split_cross_seed
str,activity_raw_flat,42,3,0,43,3,2,105,0.7525452418730523,cross_split_cross_seed
str,activity_raw_flat,42,3,0,43,4,0,97,0.7736952474785728,cross_split_cross_seed
str,activity_raw_flat,42,3,0,43,4,1,112,0.7620447775340417,cross_split_cross_seed
str,activity_raw_flat,42,3,0,43,4,2,113,0.786103135743541,cross_split_cross_seed
str,activity_raw_flat,42,3,0,44,0,0,95,0.8290242585370443,cross_split_cross_seed
str,activity_raw_flat,42,3,0,44,0,1,100,0.7955628596172704,cross_split_cross_seed
str,activity_raw_flat,42,3,0,44,0,2,111,0.7881430186081019,cross_split_cross_seed
str,activity_raw_flat,42,3,0,44,1,0,104,0.8205734223100509,cross_split_cross_seed
str,activity_raw_flat,42,3,0,44,1,1,97,0.8442267902584688,cross_split_cross_seed
str,activity_raw_flat,42,3,0,44,1,2,105,0.8390332487494948,cross_split_cross_seed
str,activity_raw_flat,42,3,0,44,2,0,103,0.770098654392275,cross_split_cross_seed
str,activity_raw_flat,42,3,0,44,2,1,108,0.7888899342292248,cross_split_cross_seed
str,activity_raw_flat,42,3,0,44,2,2,103,0.8161259346205174,cross_split_cross_seed
str,activity_raw_flat,42,3,0,44,3,0,208,0.7929111817852156,same_split_cross_seed
str,activity_raw_flat,42,3,0,44,3,1,103,0.8360310495644758,cross_split_cross_seed
str,activity_raw_flat,42,3,0,44,3,2,105,0.8337597497159749,cross_split_cross_seed
str,activity_raw_flat,42,3,0,44,4,0,97,0.8268475017418258,cross_split_cross_seed
str,activity_raw_flat,42,3,0,44,4,1,112,0.7838553356943323,cross_split_cross_seed
str,activity_raw_flat,42,3,0,44,4,2,113,0.8324587641191115,cross_split_cross_seed
str,activity_raw_flat,42,3,1,42,3,2,105,0.6599993330771349,cross_split_same_seed
str,activity_raw_flat,42,3,1,42,4,0,105,0.8173552900144276,cross_split_same_seed
str,activity_raw_flat,42,3,1,42,4,1,106,0.8451330642370569,cross_split_same_seed
str,activity_raw_flat,42,3,1,42,4,2,99,0.7022431645594316,cross_split_same_seed
str,activity_raw_flat,42,3,1,43,0,0,106,0.8027463412418107,cross_split_cross_seed
str,activity_raw_flat,42,3,1,43,0,1,104,0.8494014738812649,cross_split_cross_seed
str,activity_raw_flat,42,3,1,43,0,2,98,0.8422565973120014,cross_split_cross_seed
str,activity_raw_flat,42,3,1,43,1,0,104,0.8295233994815834,cross_split_cross_seed
str,activity_raw_flat,42,3,1,43,1,1,101,0.8192796958862198,cross_split_cross_seed
str,activity_raw_flat,42,3,1,43,1,2,105,0.895244062048603,cross_split_cross_seed
str,activity_raw_flat,42,3,1,43,2,0,107,0.7622887258644281,cross_split_cross_seed
str,activity_raw_flat,42,3,1,43,2,1,111,0.6512176906030006,cross_split_cross_seed
str,activity_raw_flat,42,3,1,43,2,2,102,0.8220327156723279,cross_split_cross_seed
str,activity_raw_flat,42,3,1,43,3,0,103,0.7209924553614413,cross_split_cross_seed
str,activity_raw_flat,42,3,1,43,3,1,208,0.8495227094838358,same_split_cross_seed
str,activity_raw_flat,42,3,1,43,3,2,105,0.8711098689772507,cross_split_cross_seed
str,activity_raw_flat,42,3,1,43,4,0,105,0.7704791629877177,cross_split_cross_seed
str,activity_raw_flat,42,3,1,43,4,1,106,0.8280816501693379,cross_split_cross_seed
str,activity_raw_flat,42,3,1,43,4,2,99,0.8114916829405003,cross_split_cross_seed
str,activity_raw_flat,42,3,1,44,0,0,106,0.8332977872182793,cross_split_cross_seed
str,activity_raw_flat,42,3,1,44,0,1,104,0.8069173154259024,cross_split_cross_seed
str,activity_raw_flat,42,3,1,44,0,2,98,0.8756594353454353,cross_split_cross_seed
str,activity_raw_flat,42,3,1,44,1,0,104,0.6889189552450365,cross_split_cross_seed
str,activity_raw_flat,42,3,1,44,1,1,101,0.7415879370325951,cross_split_cross_seed
str,activity_raw_flat,42,3,1,44,1,2,105,0.838803190801224,cross_split_cross_seed
str,activity_raw_flat,42,3,1,44,2,0,107,0.91616817480404,cross_split_cross_seed
str,activity_raw_flat,42,3,1,44,2,1,111,0.8817752208097823,cross_split_cross_seed
str,activity_raw_flat,42,3,1,44,2,2,102,0.9141878774625778,cross_split_cross_seed
str,activity_raw_flat,42,3,1,44,3,0,103,0.6799434122138731,cross_split_cross_seed
str,activity_raw_flat,42,3,1,44,3,1,208,0.850451132688319,same_split_cross_seed
str,activity_raw_flat,42,3,1,44,3,2,105,0.820899072179962,cross_split_cross_seed
str,activity_raw_flat,42,3,1,44,4,0,105,0.8236906977218265,cross_split_cross_seed
str,activity_raw_flat,42,3,1,44,4,1,106,0.8104367987031925,cross_split_cross_seed
str,activity_raw_flat,42,3,1,44,4,2,99,0.7183265053936658,cross_split_cross_seed
str,activity_raw_flat,42,3,2,42,4,0,96,0.8297315771442622,cross_split_same_seed
str,activity_raw_flat,42,3,2,42,4,1,108,0.8322766817118329,cross_split_same_seed
str,activity_raw_flat,42,3,2,42,4,2,108,0.8776238761788304,cross_split_same_seed
str,activity_raw_flat,42,3,2,43,0,0,103,0.7233952997461185,cross_split_cross_seed
str,activity_raw_flat,42,3,2,43,0,1,110,0.7141245263974803,cross_split_cross_seed
str,activity_raw_flat,42,3,2,43,0,2,105,0.7357273328591507,cross_split_cross_seed
str,activity_raw_flat,42,3,2,43,1,0,102,0.75946580675106,cross_split_cross_seed
str,activity_raw_flat,42,3,2,43,1,1,106,0.6918688883131999,cross_split_cross_seed
str,activity_raw_flat,42,3,2,43,1,2,116,0.6827363491264254,cross_split_cross_seed
str,activity_raw_flat,42,3,2,43,2,0,104,0.7301807610670502,cross_split_cross_seed
str,activity_raw_flat,42,3,2,43,2,1,101,0.7253925497094366,cross_split_cross_seed
str,activity_raw_flat,42,3,2,43,2,2,101,0.7274823720825278,cross_split_cross_seed
str,activity_raw_flat,42,3,2,43,3,0,105,0.7810286965631956,cross_split_cross_seed
str,activity_raw_flat,42,3,2,43,3,1,105,0.7178608328043671,cross_split_cross_seed
str,activity_raw_flat,42,3,2,43,3,2,210,0.650606167644897,same_split_cross_seed
str,activity_raw_flat,42,3,2,43,4,0,96,0.7489683950906689,cross_split_cross_seed
str,activity_raw_flat,42,3,2,43,4,1,108,0.7428215778315863,cross_split_cross_seed
str,activity_raw_flat,42,3,2,43,4,2,108,0.7527548162290868,cross_split_cross_seed
str,activity_raw_flat,42,3,2,44,0,0,103,0.7370367427791735,cross_split_cross_seed
str,activity_raw_flat,42,3,2,44,0,1,110,0.7454700613433807,cross_split_cross_seed
str,activity_raw_flat,42,3,2,44,0,2,105,0.7004081094316824,cross_split_cross_seed
str,activity_raw_flat,42,3,2,44,1,0,102,0.8236645692232429,cross_split_cross_seed
str,activity_raw_flat,42,3,2,44,1,1,106,0.8110759827961368,cross_split_cross_seed
str,activity_raw_flat,42,3,2,44,1,2,116,0.7817432360008544,cross_split_cross_seed
str,activity_raw_flat,42,3,2,44,2,0,104,0.6984299592605354,cross_split_cross_seed
str,activity_raw_flat,42,3,2,44,2,1,101,0.7034967118697442,cross_split_cross_seed
str,activity_raw_flat,42,3,2,44,2,2,101,0.7255871430487387,cross_split_cross_seed
str,activity_raw_flat,42,3,2,44,3,0,105,0.8380316296378967,cross_split_cross_seed
str,activity_raw_flat,42,3,2,44,3,1,105,0.7809529364992527,cross_split_cross_seed
str,activity_raw_flat,42,3,2,44,3,2,210,0.7357719367842099,same_split_cross_seed
str,activity_raw_flat,42,3,2,44,4,0,96,0.7655356395356933,cross_split_cross_seed
str,activity_raw_flat,42,3,2,44,4,1,108,0.7905109562312128,cross_split_cross_seed
str,activity_raw_flat,42,3,2,44,4,2,108,0.8155688687914951,cross_split_cross_seed
str,activity_raw_flat,42,4,0,42,4,1,103,0.862443211031468,cross_split_same_seed
str,activity_raw_flat,42,4,0,42,4,2,105,0.8592196876526041,cross_split_same_seed
str,activity_raw_flat,42,4,0,43,0,0,117,0.8315850489931104,cross_split_cross_seed
str,activity_raw_flat,42,4,0,43,0,1,106,0.7938280022498427,cross_split_cross_seed
str,activity_raw_flat,42,4,0,43,0,2,99,0.8322163961326086,cross_split_cross_seed
str,activity_raw_flat,42,4,0,43,1,0,109,0.8467686516785854,cross_split_cross_seed
str,activity_raw_flat,42,4,0,43,1,1,104,0.7859812558912003,cross_split_cross_seed
str,activity_raw_flat,42,4,0,43,1,2,101,0.8558376003305834,cross_split_cross_seed
str,activity_raw_flat,42,4,0,43,2,0,105,0.8434401014595835,cross_split_cross_seed
str,activity_raw_flat,42,4,0,43,2,1,103,0.7334033533635614,cross_split_cross_seed
str,activity_raw_flat,42,4,0,43,2,2,106,0.8233974995615029,cross_split_cross_seed
str,activity_raw_flat,42,4,0,43,3,0,97,0.7913204805813558,cross_split_cross_seed
str,activity_raw_flat,42,4,0,43,3,1,105,0.8103978901773573,cross_split_cross_seed
str,activity_raw_flat,42,4,0,43,3,2,96,0.8228487747369289,cross_split_cross_seed
str,activity_raw_flat,42,4,0,43,4,0,208,0.8158578461192253,same_split_cross_seed
str,activity_raw_flat,42,4,0,43,4,1,103,0.8232691921259652,cross_split_cross_seed
str,activity_raw_flat,42,4,0,43,4,2,105,0.841203477251349,cross_split_cross_seed
str,activity_raw_flat,42,4,0,44,0,0,117,0.8273711564814635,cross_split_cross_seed
str,activity_raw_flat,42,4,0,44,0,1,106,0.7736543293409195,cross_split_cross_seed
str,activity_raw_flat,42,4,0,44,0,2,99,0.8108160580988719,cross_split_cross_seed
str,activity_raw_flat,42,4,0,44,1,0,109,0.7614620345155636,cross_split_cross_seed
str,activity_raw_flat,42,4,0,44,1,1,104,0.7841143535467997,cross_split_cross_seed
str,activity_raw_flat,42,4,0,44,1,2,101,0.871979793581893,cross_split_cross_seed
str,activity_raw_flat,42,4,0,44,2,0,105,0.8358423846097779,cross_split_cross_seed
str,activity_raw_flat,42,4,0,44,2,1,103,0.8109968841514765,cross_split_cross_seed
str,activity_raw_flat,42,4,0,44,2,2,106,0.8231264357336906,cross_split_cross_seed
str,activity_raw_flat,42,4,0,44,3,0,97,0.8103169000272977,cross_split_cross_seed
str,activity_raw_flat,42,4,0,44,3,1,105,0.8386629665287848,cross_split_cross_seed
str,activity_raw_flat,42,4,0,44,3,2,96,0.8284127123909819,cross_split_cross_seed
str,activity_raw_flat,42,4,0,44,4,0,208,0.7965773554089866,same_split_cross_seed
str,activity_raw_flat,42,4,0,44,4,1,103,0.802931862435681,cross_split_cross_seed
str,activity_raw_flat,42,4,0,44,4,2,105,0.7975480330947093,cross_split_cross_seed
str,activity_raw_flat,42,4,1,42,4,2,105,0.8164070345099426,cross_split_same_seed
str,activity_raw_flat,42,4,1,43,0,0,93,0.7666630727399232,cross_split_cross_seed
str,activity_raw_flat,42,4,1,43,0,1,100,0.7586648855463369,cross_split_cross_seed
str,activity_raw_flat,42,4,1,43,0,2,105,0.8005086113557868,cross_split_cross_seed
str,activity_raw_flat,42,4,1,43,1,0,101,0.8470120737993786,cross_split_cross_seed
str,activity_raw_flat,42,4,1,43,1,1,109,0.7520750902053029,cross_split_cross_seed
str,activity_raw_flat,42,4,1,43,1,2,114,0.8211893046903975,cross_split_cross_seed
str,activity_raw_flat,42,4,1,43,2,0,94,0.7937427994122227,cross_split_cross_seed
str,activity_raw_flat,42,4,1,43,2,1,103,0.7062656979978154,cross_split_cross_seed
str,activity_raw_flat,42,4,1,43,2,2,103,0.7856208341315897,cross_split_cross_seed
str,activity_raw_flat,42,4,1,43,3,0,112,0.765808781927108,cross_split_cross_seed
str,activity_raw_flat,42,4,1,43,3,1,106,0.8122857767854307,cross_split_cross_seed
str,activity_raw_flat,42,4,1,43,3,2,108,0.8076272223643043,cross_split_cross_seed
str,activity_raw_flat,42,4,1,43,4,0,103,0.7584213894236721,cross_split_cross_seed
str,activity_raw_flat,42,4,1,43,4,1,208,0.8037750601638568,same_split_cross_seed
str,activity_raw_flat,42,4,1,43,4,2,105,0.7946329317803988,cross_split_cross_seed
str,activity_raw_flat,42,4,1,44,0,0,93,0.7973198977074283,cross_split_cross_seed
str,activity_raw_flat,42,4,1,44,0,1,100,0.7628116963088775,cross_split_cross_seed
str,activity_raw_flat,42,4,1,44,0,2,105,0.8020166879676004,cross_split_cross_seed
str,activity_raw_flat,42,4,1,44,1,0,101,0.8054511975834364,cross_split_cross_seed
str,activity_raw_flat,42,4,1,44,1,1,109,0.8178934694231882,cross_split_cross_seed
str,activity_raw_flat,42,4,1,44,1,2,114,0.8478054576522693,cross_split_cross_seed
str,activity_raw_flat,42,4,1,44,2,0,94,0.8106170205347957,cross_split_cross_seed
str,activity_raw_flat,42,4,1,44,2,1,103,0.8140119475132125,cross_split_cross_seed
str,activity_raw_flat,42,4,1,44,2,2,103,0.8306841534558956,cross_split_cross_seed
str,activity_raw_flat,42,4,1,44,3,0,112,0.7896089554071742,cross_split_cross_seed
str,activity_raw_flat,42,4,1,44,3,1,106,0.8465938174401405,cross_split_cross_seed
str,activity_raw_flat,42,4,1,44,3,2,108,0.8433309209355094,cross_split_cross_seed
str,activity_raw_flat,42,4,1,44,4,0,103,0.805379757019283,cross_split_cross_seed
str,activity_raw_flat,42,4,1,44,4,1,208,0.8076503742542741,same_split_cross_seed
str,activity_raw_flat,42,4,1,44,4,2,105,0.7848934851997581,cross_split_cross_seed
str,activity_raw_flat,42,4,2,43,0,0,102,0.7689074543482708,cross_split_cross_seed
str,activity_raw_flat,42,4,2,43,0,1,102,0.7121571635389168,cross_split_cross_seed
str,activity_raw_flat,42,4,2,43,0,2,108,0.7419795147821284,cross_split_cross_seed
str,activity_raw_flat,42,4,2,43,1,0,104,0.7642854556952573,cross_split_cross_seed
str,activity_raw_flat,42,4,2,43,1,1,103,0.683877646023742,cross_split_cross_seed
str,activity_raw_flat,42,4,2,43,1,2,95,0.7168248949148767,cross_split_cross_seed
str,activity_raw_flat,42,4,2,43,2,0,101,0.7557032224588428,cross_split_cross_seed
str,activity_raw_flat,42,4,2,43,2,1,110,0.7158110032276217,cross_split_cross_seed
str,activity_raw_flat,42,4,2,43,2,2,115,0.71636124028244,cross_split_cross_seed
str,activity_raw_flat,42,4,2,43,3,0,113,0.784297666406104,cross_split_cross_seed
str,activity_raw_flat,42,4,2,43,3,1,99,0.7265579202139668,cross_split_cross_seed
str,activity_raw_flat,42,4,2,43,3,2,108,0.697689724903859,cross_split_cross_seed
str,activity_raw_flat,42,4,2,43,4,0,105,0.7434248778981027,cross_split_cross_seed
str,activity_raw_flat,42,4,2,43,4,1,105,0.7143689339449908,cross_split_cross_seed
str,activity_raw_flat,42,4,2,43,4,2,210,0.7355006236451239,same_split_cross_seed
str,activity_raw_flat,42,4,2,44,0,0,102,0.7710416803985886,cross_split_cross_seed
str,activity_raw_flat,42,4,2,44,0,1,102,0.7276028547689651,cross_split_cross_seed
str,activity_raw_flat,42,4,2,44,0,2,108,0.7220905902526844,cross_split_cross_seed
str,activity_raw_flat,42,4,2,44,1,0,104,0.7971931316856916,cross_split_cross_seed
str,activity_raw_flat,42,4,2,44,1,1,103,0.7992707118144656,cross_split_cross_seed
str,activity_raw_flat,42,4,2,44,1,2,95,0.8052671683140256,cross_split_cross_seed
str,activity_raw_flat,42,4,2,44,2,0,101,0.7073010447074107,cross_split_cross_seed
str,activity_raw_flat,42,4,2,44,2,1,110,0.7147496081881233,cross_split_cross_seed
str,activity_raw_flat,42,4,2,44,2,2,115,0.7274131051392085,cross_split_cross_seed
str,activity_raw_flat,42,4,2,44,3,0,113,0.8227695622068237,cross_split_cross_seed
str,activity_raw_flat,42,4,2,44,3,1,99,0.8003557633783349,cross_split_cross_seed
str,activity_raw_flat,42,4,2,44,3,2,108,0.7700578123733636,cross_split_cross_seed
str,activity_raw_flat,42,4,2,44,4,0,105,0.7373160248238936,cross_split_cross_seed
str,activity_raw_flat,42,4,2,44,4,1,105,0.7872792272615913,cross_split_cross_seed
str,activity_raw_flat,42,4,2,44,4,2,210,0.7842616331688259,same_split_cross_seed
str,activity_raw_flat,43,0,0,43,0,1,102,0.828768594908933,cross_split_same_seed
str,activity_raw_flat,43,0,0,43,0,2,103,0.8798296019139094,cross_split_same_seed
str,activity_raw_flat,43,0,0,43,1,0,104,0.9097260830822048,cross_split_same_seed
str,activity_raw_flat,43,0,0,43,1,1,101,0.854869086097375,cross_split_same_seed
str,activity_raw_flat,43,0,0,43,1,2,107,0.8846121539362485,cross_split_same_seed
str,activity_raw_flat,43,0,0,43,2,0,101,0.8796681000236257,cross_split_same_seed
str,activity_raw_flat,43,0,0,43,2,1,103,0.8015114406651354,cross_split_same_seed
str,activity_raw_flat,43,0,0,43,2,2,98,0.9161319030699155,cross_split_same_seed
str,activity_raw_flat,43,0,0,43,3,0,95,0.8127177882718478,cross_split_same_seed
str,activity_raw_flat,43,0,0,43,3,1,106,0.9006734926289585,cross_split_same_seed
str,activity_raw_flat,43,0,0,43,3,2,103,0.8819227178947676,cross_split_same_seed
str,activity_raw_flat,43,0,0,43,4,0,117,0.8914573699484842,cross_split_same_seed
str,activity_raw_flat,43,0,0,43,4,1,93,0.8277618542560067,cross_split_same_seed
str,activity_raw_flat,43,0,0,43,4,2,102,0.9073414159108484,cross_split_same_seed
str,activity_raw_flat,43,0,0,44,0,0,205,0.8115862597851302,same_split_cross_seed
str,activity_raw_flat,43,0,0,44,0,1,102,0.7667911403987263,cross_split_cross_seed
str,activity_raw_flat,43,0,0,44,0,2,103,0.8048371934848556,cross_split_cross_seed
str,activity_raw_flat,43,0,0,44,1,0,104,0.7740627642526731,cross_split_cross_seed
str,activity_raw_flat,43,0,0,44,1,1,101,0.7569309403877537,cross_split_cross_seed
str,activity_raw_flat,43,0,0,44,1,2,107,0.8245296893899647,cross_split_cross_seed
str,activity_raw_flat,43,0,0,44,2,0,101,0.8321767597635819,cross_split_cross_seed
str,activity_raw_flat,43,0,0,44,2,1,103,0.8033177110699811,cross_split_cross_seed
str,activity_raw_flat,43,0,0,44,2,2,98,0.8048775107344952,cross_split_cross_seed
str,activity_raw_flat,43,0,0,44,3,0,95,0.7023610510050066,cross_split_cross_seed
str,activity_raw_flat,43,0,0,44,3,1,106,0.805227352874157,cross_split_cross_seed
str,activity_raw_flat,43,0,0,44,3,2,103,0.8112263977272617,cross_split_cross_seed
str,activity_raw_flat,43,0,0,44,4,0,117,0.7978618062759579,cross_split_cross_seed
str,activity_raw_flat,43,0,0,44,4,1,93,0.7262816813232285,cross_split_cross_seed
str,activity_raw_flat,43,0,0,44,4,2,102,0.759040075567707,cross_split_cross_seed
str,activity_raw_flat,43,0,1,43,0,2,105,0.923789308733833,cross_split_same_seed
str,activity_raw_flat,43,0,1,43,1,0,105,0.8400922557750807,cross_split_same_seed
str,activity_raw_flat,43,0,1,43,1,1,107,0.8918292943273042,cross_split_same_seed
str,activity_raw_flat,43,0,1,43,1,2,98,0.8944930377488813,cross_split_same_seed
str,activity_raw_flat,43,0,1,43,2,0,108,0.8107978011438124,cross_split_same_seed
str,activity_raw_flat,43,0,1,43,2,1,104,0.7341331707262629,cross_split_same_seed
str,activity_raw_flat,43,0,1,43,2,2,98,0.8913520464014505,cross_split_same_seed
str,activity_raw_flat,43,0,1,43,3,0,100,0.727625964144622,cross_split_same_seed
str,activity_raw_flat,43,0,1,43,3,1,104,0.8818157252825796,cross_split_same_seed
str,activity_raw_flat,43,0,1,43,3,2,110,0.9223153711285709,cross_split_same_seed
str,activity_raw_flat,43,0,1,43,4,0,106,0.8443293569150045,cross_split_same_seed
str,activity_raw_flat,43,0,1,43,4,1,100,0.8786298455886549,cross_split_same_seed
str,activity_raw_flat,43,0,1,43,4,2,102,0.8597368283770207,cross_split_same_seed
str,activity_raw_flat,43,0,1,44,0,0,102,0.853820483610133,cross_split_cross_seed
str,activity_raw_flat,43,0,1,44,0,1,207,0.8073729273490734,same_split_cross_seed
str,activity_raw_flat,43,0,1,44,0,2,105,0.8728374802170077,cross_split_cross_seed
str,activity_raw_flat,43,0,1,44,1,0,105,0.7620746388230191,cross_split_cross_seed
str,activity_raw_flat,43,0,1,44,1,1,107,0.7315927974667469,cross_split_cross_seed
str,activity_raw_flat,43,0,1,44,1,2,98,0.8415790519721901,cross_split_cross_seed
str,activity_raw_flat,43,0,1,44,2,0,108,0.8883526666356695,cross_split_cross_seed
str,activity_raw_flat,43,0,1,44,2,1,104,0.8595815200271844,cross_split_cross_seed
str,activity_raw_flat,43,0,1,44,2,2,98,0.8798525482017856,cross_split_cross_seed
str,activity_raw_flat,43,0,1,44,3,0,100,0.7047294967025886,cross_split_cross_seed
str,activity_raw_flat,43,0,1,44,3,1,104,0.843620949297794,cross_split_cross_seed
str,activity_raw_flat,43,0,1,44,3,2,110,0.8446141524829278,cross_split_cross_seed
str,activity_raw_flat,43,0,1,44,4,0,106,0.8806715440419783,cross_split_cross_seed
str,activity_raw_flat,43,0,1,44,4,1,100,0.756356299394389,cross_split_cross_seed
str,activity_raw_flat,43,0,1,44,4,2,102,0.7587525179903388,cross_split_cross_seed
str,activity_raw_flat,43,0,2,43,1,0,99,0.8989437157605665,cross_split_same_seed
str,activity_raw_flat,43,0,2,43,1,1,102,0.9316614729821926,cross_split_same_seed
str,activity_raw_flat,43,0,2,43,1,2,105,0.9360521285670924,cross_split_same_seed
str,activity_raw_flat,43,0,2,43,2,0,109,0.8340477071339776,cross_split_same_seed
str,activity_raw_flat,43,0,2,43,2,1,103,0.7260051455187008,cross_split_same_seed
str,activity_raw_flat,43,0,2,43,2,2,104,0.9003354121956137,cross_split_same_seed
str,activity_raw_flat,43,0,2,43,3,0,111,0.7567911437594513,cross_split_same_seed
str,activity_raw_flat,43,0,2,43,3,1,98,0.8973638237596271,cross_split_same_seed
str,activity_raw_flat,43,0,2,43,3,2,105,0.928193502882678,cross_split_same_seed
str,activity_raw_flat,43,0,2,43,4,0,99,0.8720674728170148,cross_split_same_seed
str,activity_raw_flat,43,0,2,43,4,1,105,0.8987718417236777,cross_split_same_seed
str,activity_raw_flat,43,0,2,43,4,2,108,0.8808087334001994,cross_split_same_seed
str,activity_raw_flat,43,0,2,44,0,0,103,0.882413929735105,cross_split_cross_seed
str,activity_raw_flat,43,0,2,44,0,1,105,0.8210464753659567,cross_split_cross_seed
str,activity_raw_flat,43,0,2,44,0,2,208,0.8785360669392871,same_split_cross_seed
str,activity_raw_flat,43,0,2,44,1,0,99,0.768878407186062,cross_split_cross_seed
str,activity_raw_flat,43,0,2,44,1,1,102,0.7745614651809691,cross_split_cross_seed
str,activity_raw_flat,43,0,2,44,1,2,105,0.867718932131036,cross_split_cross_seed
str,activity_raw_flat,43,0,2,44,2,0,109,0.9021903403048015,cross_split_cross_seed
str,activity_raw_flat,43,0,2,44,2,1,103,0.9017202027586914,cross_split_cross_seed
str,activity_raw_flat,43,0,2,44,2,2,104,0.8613603188826827,cross_split_cross_seed
str,activity_raw_flat,43,0,2,44,3,0,111,0.7293574114483019,cross_split_cross_seed
str,activity_raw_flat,43,0,2,44,3,1,98,0.850408248186,cross_split_cross_seed
str,activity_raw_flat,43,0,2,44,3,2,105,0.8574743060000447,cross_split_cross_seed
str,activity_raw_flat,43,0,2,44,4,0,99,0.8989203973964652,cross_split_cross_seed
str,activity_raw_flat,43,0,2,44,4,1,105,0.7871639835653024,cross_split_cross_seed
str,activity_raw_flat,43,0,2,44,4,2,108,0.7678456964850342,cross_split_cross_seed
str,activity_raw_flat,43,1,0,43,1,1,103,0.8853707771143536,cross_split_same_seed
str,activity_raw_flat,43,1,0,43,1,2,104,0.9063874236794037,cross_split_same_seed
str,activity_raw_flat,43,1,0,43,2,0,104,0.8287375247154004,cross_split_same_seed
str,activity_raw_flat,43,1,0,43,2,1,101,0.7446423568648036,cross_split_same_seed
str,activity_raw_flat,43,1,0,43,2,2,105,0.8586587320909959,cross_split_same_seed
str,activity_raw_flat,43,1,0,43,3,0,104,0.7908127921385499,cross_split_same_seed
str,activity_raw_flat,43,1,0,43,3,1,104,0.8587496378737699,cross_split_same_seed
str,activity_raw_flat,43,1,0,43,3,2,102,0.9054055153836593,cross_split_same_seed
str,activity_raw_flat,43,1,0,43,4,0,109,0.8710378676774644,cross_split_same_seed
str,activity_raw_flat,43,1,0,43,4,1,101,0.8473816858643878,cross_split_same_seed
str,activity_raw_flat,43,1,0,43,4,2,104,0.8553682192456545,cross_split_same_seed
str,activity_raw_flat,43,1,0,44,0,0,104,0.8928826797882708,cross_split_cross_seed
str,activity_raw_flat,43,1,0,44,0,1,105,0.824180004526991,cross_split_cross_seed
str,activity_raw_flat,43,1,0,44,0,2,99,0.8652506230821164,cross_split_cross_seed
str,activity_raw_flat,43,1,0,44,1,0,207,0.7689358302201957,same_split_cross_seed
str,activity_raw_flat,43,1,0,44,1,1,103,0.8222224245782223,cross_split_cross_seed
str,activity_raw_flat,43,1,0,44,1,2,104,0.8773484438670105,cross_split_cross_seed
str,activity_raw_flat,43,1,0,44,2,0,104,0.8818514341888072,cross_split_cross_seed
str,activity_raw_flat,43,1,0,44,2,1,101,0.8756707502755018,cross_split_cross_seed
str,activity_raw_flat,43,1,0,44,2,2,105,0.879502815564592,cross_split_cross_seed
str,activity_raw_flat,43,1,0,44,3,0,104,0.7651848418386034,cross_split_cross_seed
str,activity_raw_flat,43,1,0,44,3,1,104,0.8662061615853354,cross_split_cross_seed
str,activity_raw_flat,43,1,0,44,3,2,102,0.9015910697324508,cross_split_cross_seed
str,activity_raw_flat,43,1,0,44,4,0,109,0.880956451274991,cross_split_cross_seed
str,activity_raw_flat,43,1,0,44,4,1,101,0.8080430147084136,cross_split_cross_seed
str,activity_raw_flat,43,1,0,44,4,2,104,0.7972222637534677,cross_split_cross_seed
str,activity_raw_flat,43,1,1,43,1,2,105,0.9097065954667667,cross_split_same_seed
str,activity_raw_flat,43,1,1,43,2,0,101,0.8383164051660965,cross_split_same_seed
str,activity_raw_flat,43,1,1,43,2,1,107,0.7287492878167349,cross_split_same_seed
str,activity_raw_flat,43,1,1,43,2,2,110,0.86686839225652,cross_split_same_seed
str,activity_raw_flat,43,1,1,43,3,0,97,0.7350076601840316,cross_split_same_seed
str,activity_raw_flat,43,1,1,43,3,1,101,0.8653771638607967,cross_split_same_seed
str,activity_raw_flat,43,1,1,43,3,2,106,0.8789925363047761,cross_split_same_seed
str,activity_raw_flat,43,1,1,43,4,0,104,0.8260020447934769,cross_split_same_seed
str,activity_raw_flat,43,1,1,43,4,1,109,0.8560457193799796,cross_split_same_seed
str,activity_raw_flat,43,1,1,43,4,2,103,0.7979630071440551,cross_split_same_seed
str,activity_raw_flat,43,1,1,44,0,0,101,0.8419716093967025,cross_split_cross_seed
str,activity_raw_flat,43,1,1,44,0,1,107,0.8020608680715552,cross_split_cross_seed
str,activity_raw_flat,43,1,1,44,0,2,102,0.857848992399539,cross_split_cross_seed
str,activity_raw_flat,43,1,1,44,1,0,103,0.7535256009997738,cross_split_cross_seed
str,activity_raw_flat,43,1,1,44,1,1,208,0.7074510337469022,same_split_cross_seed
str,activity_raw_flat,43,1,1,44,1,2,105,0.8235964457789653,cross_split_cross_seed
str,activity_raw_flat,43,1,1,44,2,0,101,0.8649213582614141,cross_split_cross_seed
str,activity_raw_flat,43,1,1,44,2,1,107,0.8549889316789033,cross_split_cross_seed
str,activity_raw_flat,43,1,1,44,2,2,110,0.8280773866202036,cross_split_cross_seed
str,activity_raw_flat,43,1,1,44,3,0,97,0.6999734745154128,cross_split_cross_seed
str,activity_raw_flat,43,1,1,44,3,1,101,0.8226635804526783,cross_split_cross_seed
str,activity_raw_flat,43,1,1,44,3,2,106,0.8210678601583572,cross_split_cross_seed
str,activity_raw_flat,43,1,1,44,4,0,104,0.8429674712976655,cross_split_cross_seed
str,activity_raw_flat,43,1,1,44,4,1,109,0.7244890389433,cross_split_cross_seed
str,activity_raw_flat,43,1,1,44,4,2,103,0.7156784121737301,cross_split_cross_seed
str,activity_raw_flat,43,1,2,43,2,0,105,0.852280892922247,cross_split_same_seed
str,activity_raw_flat,43,1,2,43,2,1,94,0.7261808462362459,cross_split_same_seed
str,activity_raw_flat,43,1,2,43,2,2,109,0.9065514865508696,cross_split_same_seed
str,activity_raw_flat,43,1,2,43,3,0,105,0.7609330298860398,cross_split_same_seed
str,activity_raw_flat,43,1,2,43,3,1,105,0.9277613346057888,cross_split_same_seed
str,activity_raw_flat,43,1,2,43,3,2,116,0.9414810146449616,cross_split_same_seed
str,activity_raw_flat,43,1,2,43,4,0,101,0.8710614835398015,cross_split_same_seed
str,activity_raw_flat,43,1,2,43,4,1,114,0.9008027888705419,cross_split_same_seed
str,activity_raw_flat,43,1,2,43,4,2,95,0.8572197085112161,cross_split_same_seed
str,activity_raw_flat,43,1,2,44,0,0,107,0.8841651454345834,cross_split_cross_seed
str,activity_raw_flat,43,1,2,44,0,1,98,0.8098119572948199,cross_split_cross_seed
str,activity_raw_flat,43,1,2,44,0,2,105,0.8709001771262858,cross_split_cross_seed
str,activity_raw_flat,43,1,2,44,1,0,104,0.7420669270212543,cross_split_cross_seed
str,activity_raw_flat,43,1,2,44,1,1,105,0.7351918046446267,cross_split_cross_seed
str,activity_raw_flat,43,1,2,44,1,2,209,0.8567570159456991,same_split_cross_seed
str,activity_raw_flat,43,1,2,44,2,0,105,0.9116348548589018,cross_split_cross_seed
str,activity_raw_flat,43,1,2,44,2,1,94,0.9156415546893266,cross_split_cross_seed
str,activity_raw_flat,43,1,2,44,2,2,109,0.868259090276342,cross_split_cross_seed
str,activity_raw_flat,43,1,2,44,3,0,105,0.6870430660280039,cross_split_cross_seed
str,activity_raw_flat,43,1,2,44,3,1,105,0.8528785448910009,cross_split_cross_seed
str,activity_raw_flat,43,1,2,44,3,2,116,0.8621833046057062,cross_split_cross_seed
str,activity_raw_flat,43,1,2,44,4,0,101,0.8792946203914116,cross_split_cross_seed
str,activity_raw_flat,43,1,2,44,4,1,114,0.7875418999646357,cross_split_cross_seed
str,activity_raw_flat,43,1,2,44,4,2,95,0.7278689528669939,cross_split_cross_seed
str,activity_raw_flat,43,2,0,43,2,1,103,0.7752758677504019,cross_split_same_seed
str,activity_raw_flat,43,2,0,43,2,2,104,0.8767949436279252,cross_split_same_seed
str,activity_raw_flat,43,2,0,43,3,0,103,0.7945936004377531,cross_split_same_seed
str,activity_raw_flat,43,2,0,43,3,1,107,0.8718149323359018,cross_split_same_seed
str,activity_raw_flat,43,2,0,43,3,2,104,0.8230867070394453,cross_split_same_seed
str,activity_raw_flat,43,2,0,43,4,0,105,0.8627830131491299,cross_split_same_seed
str,activity_raw_flat,43,2,0,43,4,1,94,0.8577875322082036,cross_split_same_seed
str,activity_raw_flat,43,2,0,43,4,2,101,0.8402903328755903,cross_split_same_seed
str,activity_raw_flat,43,2,0,44,0,0,101,0.7790336425742066,cross_split_cross_seed
str,activity_raw_flat,43,2,0,44,0,1,108,0.7385444386628808,cross_split_cross_seed
str,activity_raw_flat,43,2,0,44,0,2,109,0.7427102147587338,cross_split_cross_seed
str,activity_raw_flat,43,2,0,44,1,0,104,0.7244535158915586,cross_split_cross_seed
str,activity_raw_flat,43,2,0,44,1,1,101,0.733594235966803,cross_split_cross_seed
str,activity_raw_flat,43,2,0,44,1,2,105,0.7979858714719741,cross_split_cross_seed
str,activity_raw_flat,43,2,0,44,2,0,207,0.7545661478767257,same_split_cross_seed
str,activity_raw_flat,43,2,0,44,2,1,103,0.7470257659535757,cross_split_cross_seed
str,activity_raw_flat,43,2,0,44,2,2,104,0.7810420045124119,cross_split_cross_seed
str,activity_raw_flat,43,2,0,44,3,0,103,0.7009532100559589,cross_split_cross_seed
str,activity_raw_flat,43,2,0,44,3,1,107,0.7841603206989417,cross_split_cross_seed
str,activity_raw_flat,43,2,0,44,3,2,104,0.7669127196065164,cross_split_cross_seed
str,activity_raw_flat,43,2,0,44,4,0,105,0.7875490621501917,cross_split_cross_seed
str,activity_raw_flat,43,2,0,44,4,1,94,0.7579960793512546,cross_split_cross_seed
str,activity_raw_flat,43,2,0,44,4,2,101,0.7437349539636521,cross_split_cross_seed
str,activity_raw_flat,43,2,1,43,2,2,105,0.7950387863375301,cross_split_same_seed
str,activity_raw_flat,43,2,1,43,3,0,108,0.7955905733629897,cross_split_same_seed
str,activity_raw_flat,43,2,1,43,3,1,111,0.7775164706450831,cross_split_same_seed
str,activity_raw_flat,43,2,1,43,3,2,101,0.6715457218052948,cross_split_same_seed
str,activity_raw_flat,43,2,1,43,4,0,103,0.7839467048335491,cross_split_same_seed
str,activity_raw_flat,43,2,1,43,4,1,103,0.7045429749151182,cross_split_same_seed
str,activity_raw_flat,43,2,1,43,4,2,110,0.8189013093122307,cross_split_same_seed
str,activity_raw_flat,43,2,1,44,0,0,103,0.6835620870968184,cross_split_cross_seed
str,activity_raw_flat,43,2,1,44,0,1,104,0.6510843065284073,cross_split_cross_seed
str,activity_raw_flat,43,2,1,44,0,2,103,0.6696372444789379,cross_split_cross_seed
str,activity_raw_flat,43,2,1,44,1,0,101,0.7149236021517404,cross_split_cross_seed
str,activity_raw_flat,43,2,1,44,1,1,107,0.6953552771753374,cross_split_cross_seed
str,activity_raw_flat,43,2,1,44,1,2,94,0.7446375425064616,cross_split_cross_seed
str,activity_raw_flat,43,2,1,44,2,0,103,0.6628299199856342,cross_split_cross_seed
str,activity_raw_flat,43,2,1,44,2,1,208,0.604763204926127,same_split_cross_seed
str,activity_raw_flat,43,2,1,44,2,2,105,0.6665075758980776,cross_split_cross_seed
str,activity_raw_flat,43,2,1,44,3,0,108,0.681165971085929,cross_split_cross_seed
str,activity_raw_flat,43,2,1,44,3,1,111,0.6826921404078115,cross_split_cross_seed
str,activity_raw_flat,43,2,1,44,3,2,101,0.6939090101543127,cross_split_cross_seed
str,activity_raw_flat,43,2,1,44,4,0,103,0.658466941346808,cross_split_cross_seed
str,activity_raw_flat,43,2,1,44,4,1,103,0.6757781775312898,cross_split_cross_seed
str,activity_raw_flat,43,2,1,44,4,2,110,0.6797148548647873,cross_split_cross_seed
str,activity_raw_flat,43,2,2,43,3,0,103,0.7767600487479326,cross_split_same_seed
str,activity_raw_flat,43,2,2,43,3,1,102,0.9362088101490176,cross_split_same_seed
str,activity_raw_flat,43,2,2,43,3,2,101,0.9216673554714205,cross_split_same_seed
str,activity_raw_flat,43,2,2,43,4,0,106,0.9115996613219375,cross_split_same_seed
str,activity_raw_flat,43,2,2,43,4,1,103,0.8734574532292356,cross_split_same_seed
str,activity_raw_flat,43,2,2,43,4,2,115,0.9139699338677301,cross_split_same_seed
str,activity_raw_flat,43,2,2,44,0,0,98,0.8415190647331771,cross_split_cross_seed
str,activity_raw_flat,43,2,2,44,0,1,98,0.803313252934594,cross_split_cross_seed
str,activity_raw_flat,43,2,2,44,0,2,104,0.8006406001863502,cross_split_cross_seed
str,activity_raw_flat,43,2,2,44,1,0,105,0.7434710179003801,cross_split_cross_seed
str,activity_raw_flat,43,2,2,44,1,1,110,0.7366928067677776,cross_split_cross_seed
str,activity_raw_flat,43,2,2,44,1,2,109,0.8318025607025002,cross_split_cross_seed
str,activity_raw_flat,43,2,2,44,2,0,104,0.8526353428490897,cross_split_cross_seed
str,activity_raw_flat,43,2,2,44,2,1,105,0.8224954606786523,cross_split_cross_seed
str,activity_raw_flat,43,2,2,44,2,2,209,0.7927669429499701,same_split_cross_seed
str,activity_raw_flat,43,2,2,44,3,0,103,0.7036873904714421,cross_split_cross_seed
str,activity_raw_flat,43,2,2,44,3,1,102,0.8368940695724892,cross_split_cross_seed
str,activity_raw_flat,43,2,2,44,3,2,101,0.8428488227467421,cross_split_cross_seed
str,activity_raw_flat,43,2,2,44,4,0,106,0.8325709485031916,cross_split_cross_seed
str,activity_raw_flat,43,2,2,44,4,1,103,0.7688196379548686,cross_split_cross_seed
str,activity_raw_flat,43,2,2,44,4,2,115,0.7486503978519714,cross_split_cross_seed
str,activity_raw_flat,43,3,0,43,3,1,103,0.7935015290800088,cross_split_same_seed
str,activity_raw_flat,43,3,0,43,3,2,105,0.7148819415224273,cross_split_same_seed
str,activity_raw_flat,43,3,0,43,4,0,97,0.8224464843368052,cross_split_same_seed
str,activity_raw_flat,43,3,0,43,4,1,112,0.7455302433790477,cross_split_same_seed
str,activity_raw_flat,43,3,0,43,4,2,113,0.8286930233955703,cross_split_same_seed
str,activity_raw_flat,43,3,0,44,0,0,95,0.7441588553508504,cross_split_cross_seed
str,activity_raw_flat,43,3,0,44,0,1,100,0.7385784319363478,cross_split_cross_seed
str,activity_raw_flat,43,3,0,44,0,2,111,0.7165102312202715,cross_split_cross_seed
str,activity_raw_flat,43,3,0,44,1,0,104,0.7515339589967881,cross_split_cross_seed
str,activity_raw_flat,43,3,0,44,1,1,97,0.7774020796468599,cross_split_cross_seed
str,activity_raw_flat,43,3,0,44,1,2,105,0.7751619120429901,cross_split_cross_seed
str,activity_raw_flat,43,3,0,44,2,0,103,0.7086064318274921,cross_split_cross_seed
str,activity_raw_flat,43,3,0,44,2,1,108,0.7015537041862927,cross_split_cross_seed
str,activity_raw_flat,43,3,0,44,2,2,103,0.74032673419029,cross_split_cross_seed
str,activity_raw_flat,43,3,0,44,3,0,208,0.6788368006474655,same_split_cross_seed
str,activity_raw_flat,43,3,0,44,3,1,103,0.7774382490668753,cross_split_cross_seed
str,activity_raw_flat,43,3,0,44,3,2,105,0.7507881343602105,cross_split_cross_seed
str,activity_raw_flat,43,3,0,44,4,0,97,0.7469958820141452,cross_split_cross_seed
str,activity_raw_flat,43,3,0,44,4,1,112,0.7244747000050875,cross_split_cross_seed
str,activity_raw_flat,43,3,0,44,4,2,113,0.7548091954969443,cross_split_cross_seed
str,activity_raw_flat,43,3,1,43,3,2,105,0.908806130998616,cross_split_same_seed
str,activity_raw_flat,43,3,1,43,4,0,105,0.8902440486446669,cross_split_same_seed
str,activity_raw_flat,43,3,1,43,4,1,106,0.8857319373164813,cross_split_same_seed
str,activity_raw_flat,43,3,1,43,4,2,99,0.916861399783413,cross_split_same_seed
str,activity_raw_flat,43,3,1,44,0,0,106,0.8048745126698171,cross_split_cross_seed
str,activity_raw_flat,43,3,1,44,0,1,104,0.7741842263315175,cross_split_cross_seed
str,activity_raw_flat,43,3,1,44,0,2,98,0.8308754723206971,cross_split_cross_seed
str,activity_raw_flat,43,3,1,44,1,0,104,0.7083147628197722,cross_split_cross_seed
str,activity_raw_flat,43,3,1,44,1,1,101,0.7504853620152111,cross_split_cross_seed
str,activity_raw_flat,43,3,1,44,1,2,105,0.8301355537829512,cross_split_cross_seed
str,activity_raw_flat,43,3,1,44,2,0,107,0.8684181471217622,cross_split_cross_seed
str,activity_raw_flat,43,3,1,44,2,1,111,0.8043149900970302,cross_split_cross_seed
str,activity_raw_flat,43,3,1,44,2,2,102,0.8629162162026726,cross_split_cross_seed
str,activity_raw_flat,43,3,1,44,3,0,103,0.6920857523994516,cross_split_cross_seed
str,activity_raw_flat,43,3,1,44,3,1,208,0.8059486153466705,same_split_cross_seed
str,activity_raw_flat,43,3,1,44,3,2,105,0.8312947691669513,cross_split_cross_seed
str,activity_raw_flat,43,3,1,44,4,0,105,0.807331593403906,cross_split_cross_seed
str,activity_raw_flat,43,3,1,44,4,1,106,0.7900986891158485,cross_split_cross_seed
str,activity_raw_flat,43,3,1,44,4,2,99,0.7419957020107393,cross_split_cross_seed
str,activity_raw_flat,43,3,2,43,4,0,96,0.8818824265188493,cross_split_same_seed
str,activity_raw_flat,43,3,2,43,4,1,108,0.8927494145814913,cross_split_same_seed
str,activity_raw_flat,43,3,2,43,4,2,108,0.864636534531862,cross_split_same_seed
str,activity_raw_flat,43,3,2,44,0,0,103,0.8793055274557301,cross_split_cross_seed
str,activity_raw_flat,43,3,2,44,0,1,110,0.811332698554517,cross_split_cross_seed
str,activity_raw_flat,43,3,2,44,0,2,105,0.8674357966098662,cross_split_cross_seed
str,activity_raw_flat,43,3,2,44,1,0,102,0.7702837865238406,cross_split_cross_seed
str,activity_raw_flat,43,3,2,44,1,1,106,0.73759825615005,cross_split_cross_seed
str,activity_raw_flat,43,3,2,44,1,2,116,0.8530943024334009,cross_split_cross_seed
str,activity_raw_flat,43,3,2,44,2,0,104,0.9215403724795614,cross_split_cross_seed
str,activity_raw_flat,43,3,2,44,2,1,101,0.8862923711544476,cross_split_cross_seed
str,activity_raw_flat,43,3,2,44,2,2,101,0.9012887739538302,cross_split_cross_seed
str,activity_raw_flat,43,3,2,44,3,0,105,0.6910322949816914,cross_split_cross_seed
str,activity_raw_flat,43,3,2,44,3,1,105,0.8557972678481827,cross_split_cross_seed
str,activity_raw_flat,43,3,2,44,3,2,210,0.8552923319656177,same_split_cross_seed
str,activity_raw_flat,43,3,2,44,4,0,96,0.8968685644655816,cross_split_cross_seed
str,activity_raw_flat,43,3,2,44,4,1,108,0.7824030581938152,cross_split_cross_seed
str,activity_raw_flat,43,3,2,44,4,2,108,0.7429979652771009,cross_split_cross_seed
str,activity_raw_flat,43,4,0,43,4,1,103,0.8379464929282866,cross_split_same_seed
str,activity_raw_flat,43,4,0,43,4,2,105,0.9185300392779789,cross_split_same_seed
str,activity_raw_flat,43,4,0,44,0,0,117,0.7888690666610594,cross_split_cross_seed
str,activity_raw_flat,43,4,0,44,0,1,106,0.7492940045023007,cross_split_cross_seed
str,activity_raw_flat,43,4,0,44,0,2,99,0.7928123084329284,cross_split_cross_seed
str,activity_raw_flat,43,4,0,44,1,0,109,0.7376514907708958,cross_split_cross_seed
str,activity_raw_flat,43,4,0,44,1,1,104,0.7094293294234613,cross_split_cross_seed
str,activity_raw_flat,43,4,0,44,1,2,101,0.8313022977379403,cross_split_cross_seed
str,activity_raw_flat,43,4,0,44,2,0,105,0.8330858403045803,cross_split_cross_seed
str,activity_raw_flat,43,4,0,44,2,1,103,0.7758003203814443,cross_split_cross_seed
str,activity_raw_flat,43,4,0,44,2,2,106,0.8052144863946489,cross_split_cross_seed
str,activity_raw_flat,43,4,0,44,3,0,97,0.73602773166552,cross_split_cross_seed
str,activity_raw_flat,43,4,0,44,3,1,105,0.8036364173613549,cross_split_cross_seed
str,activity_raw_flat,43,4,0,44,3,2,96,0.8150275526584833,cross_split_cross_seed
str,activity_raw_flat,43,4,0,44,4,0,208,0.7755048961437598,same_split_cross_seed
str,activity_raw_flat,43,4,0,44,4,1,103,0.74622022542633,cross_split_cross_seed
str,activity_raw_flat,43,4,0,44,4,2,105,0.7477137529418219,cross_split_cross_seed
str,activity_raw_flat,43,4,1,43,4,2,105,0.8271099255064855,cross_split_same_seed
str,activity_raw_flat,43,4,1,44,0,0,93,0.812674713641779,cross_split_cross_seed
str,activity_raw_flat,43,4,1,44,0,1,100,0.7720704089970606,cross_split_cross_seed
str,activity_raw_flat,43,4,1,44,0,2,105,0.8191984494582001,cross_split_cross_seed
str,activity_raw_flat,43,4,1,44,1,0,101,0.7688965466569726,cross_split_cross_seed
str,activity_raw_flat,43,4,1,44,1,1,109,0.7595509447823185,cross_split_cross_seed
str,activity_raw_flat,43,4,1,44,1,2,114,0.8451765551710715,cross_split_cross_seed
str,activity_raw_flat,43,4,1,44,2,0,94,0.8503655247792601,cross_split_cross_seed
str,activity_raw_flat,43,4,1,44,2,1,103,0.8373909232600847,cross_split_cross_seed
str,activity_raw_flat,43,4,1,44,2,2,103,0.816983489925507,cross_split_cross_seed
str,activity_raw_flat,43,4,1,44,3,0,112,0.7383711203869916,cross_split_cross_seed
str,activity_raw_flat,43,4,1,44,3,1,106,0.8174865375233472,cross_split_cross_seed
str,activity_raw_flat,43,4,1,44,3,2,108,0.8219174755295902,cross_split_cross_seed
str,activity_raw_flat,43,4,1,44,4,0,103,0.83654323101508,cross_split_cross_seed
str,activity_raw_flat,43,4,1,44,4,1,208,0.7784026820608996,same_split_cross_seed
str,activity_raw_flat,43,4,1,44,4,2,105,0.7438002458360137,cross_split_cross_seed
str,activity_raw_flat,43,4,2,44,0,0,102,0.8106505594758003,cross_split_cross_seed
str,activity_raw_flat,43,4,2,44,0,1,102,0.771426178140179,cross_split_cross_seed
str,activity_raw_flat,43,4,2,44,0,2,108,0.8106338265154496,cross_split_cross_seed
str,activity_raw_flat,43,4,2,44,1,0,104,0.7466227722928023,cross_split_cross_seed
str,activity_raw_flat,43,4,2,44,1,1,103,0.7257816628476745,cross_split_cross_seed
str,activity_raw_flat,43,4,2,44,1,2,95,0.8096406952488924,cross_split_cross_seed
str,activity_raw_flat,43,4,2,44,2,0,101,0.8137997947163503,cross_split_cross_seed
str,activity_raw_flat,43,4,2,44,2,1,110,0.7928085563692513,cross_split_cross_seed
str,activity_raw_flat,43,4,2,44,2,2,115,0.8227551045596566,cross_split_cross_seed
str,activity_raw_flat,43,4,2,44,3,0,113,0.7230715199374549,cross_split_cross_seed
str,activity_raw_flat,43,4,2,44,3,1,99,0.8328583715312888,cross_split_cross_seed
str,activity_raw_flat,43,4,2,44,3,2,108,0.8148772291624404,cross_split_cross_seed
str,activity_raw_flat,43,4,2,44,4,0,105,0.810351062711905,cross_split_cross_seed
str,activity_raw_flat,43,4,2,44,4,1,105,0.7656418984746146,cross_split_cross_seed
str,activity_raw_flat,43,4,2,44,4,2,210,0.724748229517761,same_split_cross_seed
str,activity_raw_flat,44,0,0,44,0,1,102,0.895954998493598,cross_split_same_seed
str,activity_raw_flat,44,0,0,44,0,2,103,0.9161107263324493,cross_split_same_seed
str,activity_raw_flat,44,0,0,44,1,0,104,0.8471669251454977,cross_split_same_seed
str,activity_raw_flat,44,0,0,44,1,1,101,0.836934745372658,cross_split_same_seed
str,activity_raw_flat,44,0,0,44,1,2,107,0.9153323210043056,cross_split_same_seed
str,activity_raw_flat,44,0,0,44,2,0,101,0.9178245783928886,cross_split_same_seed
str,activity_raw_flat,44,0,0,44,2,1,103,0.9140732496691092,cross_split_same_seed
str,activity_raw_flat,44,0,0,44,2,2,98,0.9138363302459075,cross_split_same_seed
str,activity_raw_flat,44,0,0,44,3,0,95,0.7810544607392075,cross_split_same_seed
str,activity_raw_flat,44,0,0,44,3,1,106,0.9178972844511945,cross_split_same_seed
str,activity_raw_flat,44,0,0,44,3,2,103,0.9205062709728126,cross_split_same_seed
str,activity_raw_flat,44,0,0,44,4,0,117,0.9367785815861991,cross_split_same_seed
str,activity_raw_flat,44,0,0,44,4,1,93,0.8073470814041606,cross_split_same_seed
str,activity_raw_flat,44,0,0,44,4,2,102,0.8415932367434247,cross_split_same_seed
str,activity_raw_flat,44,0,1,44,0,2,105,0.8700294514801303,cross_split_same_seed
str,activity_raw_flat,44,0,1,44,1,0,105,0.8364574317063794,cross_split_same_seed
str,activity_raw_flat,44,0,1,44,1,1,107,0.8270882920625263,cross_split_same_seed
str,activity_raw_flat,44,0,1,44,1,2,98,0.8751834767912688,cross_split_same_seed
str,activity_raw_flat,44,0,1,44,2,0,108,0.8746134911181724,cross_split_same_seed
str,activity_raw_flat,44,0,1,44,2,1,104,0.8661759036197964,cross_split_same_seed
str,activity_raw_flat,44,0,1,44,2,2,98,0.8992190899602087,cross_split_same_seed
str,activity_raw_flat,44,0,1,44,3,0,100,0.7809251640252161,cross_split_same_seed
str,activity_raw_flat,44,0,1,44,3,1,104,0.8960396907053183,cross_split_same_seed
str,activity_raw_flat,44,0,1,44,3,2,110,0.8874757920572113,cross_split_same_seed
str,activity_raw_flat,44,0,1,44,4,0,106,0.914472248355223,cross_split_same_seed
str,activity_raw_flat,44,0,1,44,4,1,100,0.782800168914147,cross_split_same_seed
str,activity_raw_flat,44,0,1,44,4,2,102,0.8228799461824202,cross_split_same_seed
str,activity_raw_flat,44,0,2,44,1,0,99,0.7919033474879792,cross_split_same_seed
str,activity_raw_flat,44,0,2,44,1,1,102,0.819988970796792,cross_split_same_seed
str,activity_raw_flat,44,0,2,44,1,2,105,0.8919801087327275,cross_split_same_seed
str,activity_raw_flat,44,0,2,44,2,0,109,0.9658518215419499,cross_split_same_seed
str,activity_raw_flat,44,0,2,44,2,1,103,0.9698686883097781,cross_split_same_seed
str,activity_raw_flat,44,0,2,44,2,2,104,0.9577506558738684,cross_split_same_seed
str,activity_raw_flat,44,0,2,44,3,0,111,0.7614482125147038,cross_split_same_seed
str,activity_raw_flat,44,0,2,44,3,1,98,0.9135457675862068,cross_split_same_seed
str,activity_raw_flat,44,0,2,44,3,2,105,0.8947157329621104,cross_split_same_seed
str,activity_raw_flat,44,0,2,44,4,0,99,0.9453865937110841,cross_split_same_seed
str,activity_raw_flat,44,0,2,44,4,1,105,0.8456273316758792,cross_split_same_seed
str,activity_raw_flat,44,0,2,44,4,2,108,0.7967659942478961,cross_split_same_seed
str,activity_raw_flat,44,1,0,44,1,1,103,0.8676389151655257,cross_split_same_seed
str,activity_raw_flat,44,1,0,44,1,2,104,0.8533389800874842,cross_split_same_seed
str,activity_raw_flat,44,1,0,44,2,0,104,0.7810653398272402,cross_split_same_seed
str,activity_raw_flat,44,1,0,44,2,1,101,0.7664677730161503,cross_split_same_seed
str,activity_raw_flat,44,1,0,44,2,2,105,0.8248574266766302,cross_split_same_seed
str,activity_raw_flat,44,1,0,44,3,0,104,0.8673310013888151,cross_split_same_seed
str,activity_raw_flat,44,1,0,44,3,1,104,0.84871666826703,cross_split_same_seed
str,activity_raw_flat,44,1,0,44,3,2,102,0.8823608858845723,cross_split_same_seed
str,activity_raw_flat,44,1,0,44,4,0,109,0.8278695759892865,cross_split_same_seed
str,activity_raw_flat,44,1,0,44,4,1,101,0.8472323373463282,cross_split_same_seed
str,activity_raw_flat,44,1,0,44,4,2,104,0.8649265332857075,cross_split_same_seed
str,activity_raw_flat,44,1,1,44,1,2,105,0.8772904613022156,cross_split_same_seed
str,activity_raw_flat,44,1,1,44,2,0,101,0.8026734380614934,cross_split_same_seed
str,activity_raw_flat,44,1,1,44,2,1,107,0.8133988080784654,cross_split_same_seed
str,activity_raw_flat,44,1,1,44,2,2,110,0.8516407046175698,cross_split_same_seed
str,activity_raw_flat,44,1,1,44,3,0,97,0.8573858180252155,cross_split_same_seed
str,activity_raw_flat,44,1,1,44,3,1,101,0.8692039350562548,cross_split_same_seed
str,activity_raw_flat,44,1,1,44,3,2,106,0.8536719522751142,cross_split_same_seed
str,activity_raw_flat,44,1,1,44,4,0,104,0.8264352943291626,cross_split_same_seed
str,activity_raw_flat,44,1,1,44,4,1,109,0.8597148986592967,cross_split_same_seed
str,activity_raw_flat,44,1,1,44,4,2,103,0.8287651578996826,cross_split_same_seed
str,activity_raw_flat,44,1,2,44,2,0,105,0.8918492650256495,cross_split_same_seed
str,activity_raw_flat,44,1,2,44,2,1,94,0.9108985056025087,cross_split_same_seed
str,activity_raw_flat,44,1,2,44,2,2,109,0.8985806669327118,cross_split_same_seed
str,activity_raw_flat,44,1,2,44,3,0,105,0.8455450823367993,cross_split_same_seed
str,activity_raw_flat,44,1,2,44,3,1,105,0.9088214204636007,cross_split_same_seed
str,activity_raw_flat,44,1,2,44,3,2,116,0.9119843857177559,cross_split_same_seed
str,activity_raw_flat,44,1,2,44,4,0,101,0.9113450036150553,cross_split_same_seed
str,activity_raw_flat,44,1,2,44,4,1,114,0.8930336713844695,cross_split_same_seed
str,activity_raw_flat,44,1,2,44,4,2,95,0.8483277687929475,cross_split_same_seed
str,activity_raw_flat,44,2,0,44,2,1,103,0.9558960626330205,cross_split_same_seed
str,activity_raw_flat,44,2,0,44,2,2,104,0.9688328961109417,cross_split_same_seed
str,activity_raw_flat,44,2,0,44,3,0,103,0.7464487782660449,cross_split_same_seed
str,activity_raw_flat,44,2,0,44,3,1,107,0.926983533956646,cross_split_same_seed
str,activity_raw_flat,44,2,0,44,3,2,104,0.9158380895971233,cross_split_same_seed
str,activity_raw_flat,44,2,0,44,4,0,105,0.9536439298640663,cross_split_same_seed
str,activity_raw_flat,44,2,0,44,4,1,94,0.8657926347786663,cross_split_same_seed
str,activity_raw_flat,44,2,0,44,4,2,101,0.8044032826025079,cross_split_same_seed
str,activity_raw_flat,44,2,1,44,2,2,105,0.9559047963375783,cross_split_same_seed
str,activity_raw_flat,44,2,1,44,3,0,108,0.7527346543281176,cross_split_same_seed
str,activity_raw_flat,44,2,1,44,3,1,111,0.9122072527692384,cross_split_same_seed
str,activity_raw_flat,44,2,1,44,3,2,101,0.902258365895184,cross_split_same_seed
str,activity_raw_flat,44,2,1,44,4,0,103,0.920760644374361,cross_split_same_seed
str,activity_raw_flat,44,2,1,44,4,1,103,0.8350088078271134,cross_split_same_seed
str,activity_raw_flat,44,2,1,44,4,2,110,0.7810410983816978,cross_split_same_seed
str,activity_raw_flat,44,2,2,44,3,0,103,0.8055696440353747,cross_split_same_seed
str,activity_raw_flat,44,2,2,44,3,1,102,0.9443111428384423,cross_split_same_seed
str,activity_raw_flat,44,2,2,44,3,2,101,0.9260271119300094,cross_split_same_seed
str,activity_raw_flat,44,2,2,44,4,0,106,0.9440459597496896,cross_split_same_seed
str,activity_raw_flat,44,2,2,44,4,1,103,0.8688712673612939,cross_split_same_seed
str,activity_raw_flat,44,2,2,44,4,2,115,0.8178671432949114,cross_split_same_seed
str,activity_raw_flat,44,3,0,44,3,1,103,0.8336258401076404,cross_split_same_seed
str,activity_raw_flat,44,3,0,44,3,2,105,0.8374825603726825,cross_split_same_seed
str,activity_raw_flat,44,3,0,44,4,0,97,0.8092023079020649,cross_split_same_seed
str,activity_raw_flat,44,3,0,44,4,1,112,0.8467165631921197,cross_split_same_seed
str,activity_raw_flat,44,3,0,44,4,2,113,0.8616061754526465,cross_split_same_seed
str,activity_raw_flat,44,3,1,44,3,2,105,0.9235343668450465,cross_split_same_seed
str,activity_raw_flat,44,3,1,44,4,0,105,0.923248102938307,cross_split_same_seed
str,activity_raw_flat,44,3,1,44,4,1,106,0.8953422596940531,cross_split_same_seed
str,activity_raw_flat,44,3,1,44,4,2,99,0.8978165387812062,cross_split_same_seed
str,activity_raw_flat,44,3,2,44,4,0,96,0.9390991766355242,cross_split_same_seed
str,activity_raw_flat,44,3,2,44,4,1,108,0.8784356522663119,cross_split_same_seed
str,activity_raw_flat,44,3,2,44,4,2,108,0.8573784677919296,cross_split_same_seed
str,activity_raw_flat,44,4,0,44,4,1,103,0.8598110015759648,cross_split_same_seed
str,activity_raw_flat,44,4,0,44,4,2,105,0.8362498982877585,cross_split_same_seed
str,activity_raw_flat,44,4,1,44,4,2,105,0.8563601195468933,cross_split_same_seed
str,activity_context_flat,42,0,0,42,0,1,102,0.7752809917794251,cross_split_same_seed
str,activity_context_flat,42,0,0,42,0,2,103,0.8354034449209583,cross_split_same_seed
str,activity_context_flat,42,0,0,42,1,0,104,0.9145907525712337,cross_split_same_seed
str,activity_context_flat,42,0,0,42,1,1,101,0.8599292486877994,cross_split_same_seed
str,activity_context_flat,42,0,0,42,1,2,107,0.8946931262268827,cross_split_same_seed
str,activity_context_flat,42,0,0,42,2,0,101,0.8096174639664696,cross_split_same_seed
str,activity_context_flat,42,0,0,42,2,1,103,0.8610815851470932,cross_split_same_seed
str,activity_context_flat,42,0,0,42,2,2,98,0.9127514446802029,cross_split_same_seed
str,activity_context_flat,42,0,0,42,3,0,95,0.8584175121158601,cross_split_same_seed
str,activity_context_flat,42,0,0,42,3,1,106,0.8519452074002936,cross_split_same_seed
str,activity_context_flat,42,0,0,42,3,2,103,0.7716466564351455,cross_split_same_seed
str,activity_context_flat,42,0,0,42,4,0,117,0.8526452399226653,cross_split_same_seed
str,activity_context_flat,42,0,0,42,4,1,93,0.8166672820634151,cross_split_same_seed
str,activity_context_flat,42,0,0,42,4,2,102,0.8275498572833806,cross_split_same_seed
str,activity_context_flat,42,0,0,43,0,0,205,0.8394707641473953,same_split_cross_seed
str,activity_context_flat,42,0,0,43,0,1,102,0.760169449132709,cross_split_cross_seed
str,activity_context_flat,42,0,0,43,0,2,103,0.823170562752544,cross_split_cross_seed
str,activity_context_flat,42,0,0,43,1,0,104,0.8586670137879079,cross_split_cross_seed
str,activity_context_flat,42,0,0,43,1,1,101,0.7849810025790733,cross_split_cross_seed
str,activity_context_flat,42,0,0,43,1,2,107,0.8411186423603436,cross_split_cross_seed
str,activity_context_flat,42,0,0,43,2,0,101,0.7873314526664688,cross_split_cross_seed
str,activity_context_flat,42,0,0,43,2,1,103,0.7516783114718725,cross_split_cross_seed
str,activity_context_flat,42,0,0,43,2,2,98,0.8167620572846633,cross_split_cross_seed
str,activity_context_flat,42,0,0,43,3,0,95,0.789766103432451,cross_split_cross_seed
str,activity_context_flat,42,0,0,43,3,1,106,0.8163226058904717,cross_split_cross_seed
str,activity_context_flat,42,0,0,43,3,2,103,0.8113373783251956,cross_split_cross_seed
str,activity_context_flat,42,0,0,43,4,0,117,0.7677714258182678,cross_split_cross_seed
str,activity_context_flat,42,0,0,43,4,1,93,0.7756055792268175,cross_split_cross_seed
str,activity_context_flat,42,0,0,43,4,2,102,0.8097966486421373,cross_split_cross_seed
str,activity_context_flat,42,0,0,44,0,0,205,0.8425467562844059,same_split_cross_seed
str,activity_context_flat,42,0,0,44,0,1,102,0.7756631549571024,cross_split_cross_seed
str,activity_context_flat,42,0,0,44,0,2,103,0.8169652481991909,cross_split_cross_seed
str,activity_context_flat,42,0,0,44,1,0,104,0.7944066305164168,cross_split_cross_seed
str,activity_context_flat,42,0,0,44,1,1,101,0.8001506330415347,cross_split_cross_seed
str,activity_context_flat,42,0,0,44,1,2,107,0.8660521315498698,cross_split_cross_seed
str,activity_context_flat,42,0,0,44,2,0,101,0.8244987213245225,cross_split_cross_seed
str,activity_context_flat,42,0,0,44,2,1,103,0.8064282260927211,cross_split_cross_seed
str,activity_context_flat,42,0,0,44,2,2,98,0.8258905650829358,cross_split_cross_seed
str,activity_context_flat,42,0,0,44,3,0,95,0.7551439439377877,cross_split_cross_seed
str,activity_context_flat,42,0,0,44,3,1,106,0.8290614393863833,cross_split_cross_seed
str,activity_context_flat,42,0,0,44,3,2,103,0.8388252811146625,cross_split_cross_seed
str,activity_context_flat,42,0,0,44,4,0,117,0.8022553788728084,cross_split_cross_seed
str,activity_context_flat,42,0,0,44,4,1,93,0.7583799526881919,cross_split_cross_seed
str,activity_context_flat,42,0,0,44,4,2,102,0.7757620674969851,cross_split_cross_seed
str,activity_context_flat,42,0,1,42,0,2,105,0.8408015512725923,cross_split_same_seed
str,activity_context_flat,42,0,1,42,1,0,105,0.7834927103990148,cross_split_same_seed
str,activity_context_flat,42,0,1,42,1,1,107,0.7909846061157288,cross_split_same_seed
str,activity_context_flat,42,0,1,42,1,2,98,0.7802165502627066,cross_split_same_seed
str,activity_context_flat,42,0,1,42,2,0,108,0.7843202917137841,cross_split_same_seed
str,activity_context_flat,42,0,1,42,2,1,104,0.760321429756406,cross_split_same_seed
str,activity_context_flat,42,0,1,42,2,2,98,0.8132647503217121,cross_split_same_seed
str,activity_context_flat,42,0,1,42,3,0,100,0.8179641285385786,cross_split_same_seed
str,activity_context_flat,42,0,1,42,3,1,104,0.7625332905205257,cross_split_same_seed
str,activity_context_flat,42,0,1,42,3,2,110,0.7905990456805928,cross_split_same_seed
str,activity_context_flat,42,0,1,42,4,0,106,0.8217894145934354,cross_split_same_seed
str,activity_context_flat,42,0,1,42,4,1,100,0.8199351948779373,cross_split_same_seed
str,activity_context_flat,42,0,1,42,4,2,102,0.79388640252332,cross_split_same_seed
str,activity_context_flat,42,0,1,43,0,0,102,0.7389880511543734,cross_split_cross_seed
str,activity_context_flat,42,0,1,43,0,1,207,0.7225440767313409,same_split_cross_seed
str,activity_context_flat,42,0,1,43,0,2,105,0.7488548045308632,cross_split_cross_seed
str,activity_context_flat,42,0,1,43,1,0,105,0.7637587159193568,cross_split_cross_seed
str,activity_context_flat,42,0,1,43,1,1,107,0.7118337803941605,cross_split_cross_seed
str,activity_context_flat,42,0,1,43,1,2,98,0.768938120076435,cross_split_cross_seed
str,activity_context_flat,42,0,1,43,2,0,108,0.7473264298711619,cross_split_cross_seed
str,activity_context_flat,42,0,1,43,2,1,104,0.7177626476437248,cross_split_cross_seed
str,activity_context_flat,42,0,1,43,2,2,98,0.7797803843210698,cross_split_cross_seed
str,activity_context_flat,42,0,1,43,3,0,100,0.7543130819856054,cross_split_cross_seed
str,activity_context_flat,42,0,1,43,3,1,104,0.7513171249030665,cross_split_cross_seed
str,activity_context_flat,42,0,1,43,3,2,110,0.7276114044227275,cross_split_cross_seed
str,activity_context_flat,42,0,1,43,4,0,106,0.7349177378396995,cross_split_cross_seed
str,activity_context_flat,42,0,1,43,4,1,100,0.7704506219259437,cross_split_cross_seed
str,activity_context_flat,42,0,1,43,4,2,102,0.7397763133038409,cross_split_cross_seed
str,activity_context_flat,42,0,1,44,0,0,102,0.7734290191182446,cross_split_cross_seed
str,activity_context_flat,42,0,1,44,0,1,207,0.7023270971074613,same_split_cross_seed
str,activity_context_flat,42,0,1,44,0,2,105,0.7395487715987461,cross_split_cross_seed
str,activity_context_flat,42,0,1,44,1,0,105,0.7773756112887652,cross_split_cross_seed
str,activity_context_flat,42,0,1,44,1,1,107,0.7580340946960281,cross_split_cross_seed
str,activity_context_flat,42,0,1,44,1,2,98,0.809256874748004,cross_split_cross_seed
str,activity_context_flat,42,0,1,44,2,0,108,0.7325805728668545,cross_split_cross_seed
str,activity_context_flat,42,0,1,44,2,1,104,0.7255071075612161,cross_split_cross_seed
str,activity_context_flat,42,0,1,44,2,2,98,0.7857544781133305,cross_split_cross_seed
str,activity_context_flat,42,0,1,44,3,0,100,0.7902094428223683,cross_split_cross_seed
str,activity_context_flat,42,0,1,44,3,1,104,0.7824607334161686,cross_split_cross_seed
str,activity_context_flat,42,0,1,44,3,2,110,0.7827902545134896,cross_split_cross_seed
str,activity_context_flat,42,0,1,44,4,0,106,0.768354452744309,cross_split_cross_seed
str,activity_context_flat,42,0,1,44,4,1,100,0.7523946274059472,cross_split_cross_seed
str,activity_context_flat,42,0,1,44,4,2,102,0.7498211794428583,cross_split_cross_seed
str,activity_context_flat,42,0,2,42,1,0,99,0.8602632536798082,cross_split_same_seed
str,activity_context_flat,42,0,2,42,1,1,102,0.8532468810351379,cross_split_same_seed
str,activity_context_flat,42,0,2,42,1,2,105,0.8243129932400906,cross_split_same_seed
str,activity_context_flat,42,0,2,42,2,0,109,0.7768744571097445,cross_split_same_seed
str,activity_context_flat,42,0,2,42,2,1,103,0.8236876280954327,cross_split_same_seed
str,activity_context_flat,42,0,2,42,2,2,104,0.889672034977475,cross_split_same_seed
str,activity_context_flat,42,0,2,42,3,0,111,0.8766265868505129,cross_split_same_seed
str,activity_context_flat,42,0,2,42,3,1,98,0.8068756234057398,cross_split_same_seed
str,activity_context_flat,42,0,2,42,3,2,105,0.8264152147039479,cross_split_same_seed
str,activity_context_flat,42,0,2,42,4,0,99,0.8713910350248154,cross_split_same_seed
str,activity_context_flat,42,0,2,42,4,1,105,0.8447217449235608,cross_split_same_seed
str,activity_context_flat,42,0,2,42,4,2,108,0.8359958339750683,cross_split_same_seed
str,activity_context_flat,42,0,2,43,0,0,103,0.7832541147871492,cross_split_cross_seed
str,activity_context_flat,42,0,2,43,0,1,105,0.745177475599789,cross_split_cross_seed
str,activity_context_flat,42,0,2,43,0,2,208,0.7468790116709133,same_split_cross_seed
str,activity_context_flat,42,0,2,43,1,0,99,0.8074628818474477,cross_split_cross_seed
str,activity_context_flat,42,0,2,43,1,1,102,0.746813216200884,cross_split_cross_seed
str,activity_context_flat,42,0,2,43,1,2,105,0.78369617485927,cross_split_cross_seed
str,activity_context_flat,42,0,2,43,2,0,109,0.7656489994612539,cross_split_cross_seed
str,activity_context_flat,42,0,2,43,2,1,103,0.7393196165123613,cross_split_cross_seed
str,activity_context_flat,42,0,2,43,2,2,104,0.7727718104163436,cross_split_cross_seed
str,activity_context_flat,42,0,2,43,3,0,111,0.7889418582301706,cross_split_cross_seed
str,activity_context_flat,42,0,2,43,3,1,98,0.7836740046233646,cross_split_cross_seed
str,activity_context_flat,42,0,2,43,3,2,105,0.7290927854727927,cross_split_cross_seed
str,activity_context_flat,42,0,2,43,4,0,99,0.7693802441439856,cross_split_cross_seed
str,activity_context_flat,42,0,2,43,4,1,105,0.7674518870944189,cross_split_cross_seed
str,activity_context_flat,42,0,2,43,4,2,108,0.808236262125472,cross_split_cross_seed
str,activity_context_flat,42,0,2,44,0,0,103,0.7834481499875059,cross_split_cross_seed
str,activity_context_flat,42,0,2,44,0,1,105,0.7597358235013242,cross_split_cross_seed
str,activity_context_flat,42,0,2,44,0,2,208,0.7276073830822966,same_split_cross_seed
str,activity_context_flat,42,0,2,44,1,0,99,0.7735500535941708,cross_split_cross_seed
str,activity_context_flat,42,0,2,44,1,1,102,0.8085439634547861,cross_split_cross_seed
str,activity_context_flat,42,0,2,44,1,2,105,0.8189288149927206,cross_split_cross_seed
str,activity_context_flat,42,0,2,44,2,0,109,0.7580411005269753,cross_split_cross_seed
str,activity_context_flat,42,0,2,44,2,1,103,0.7656582821950569,cross_split_cross_seed
str,activity_context_flat,42,0,2,44,2,2,104,0.7877258436460737,cross_split_cross_seed
str,activity_context_flat,42,0,2,44,3,0,111,0.7803140611408225,cross_split_cross_seed
str,activity_context_flat,42,0,2,44,3,1,98,0.8056725787345662,cross_split_cross_seed
str,activity_context_flat,42,0,2,44,3,2,105,0.7901529560664888,cross_split_cross_seed
str,activity_context_flat,42,0,2,44,4,0,99,0.780467124140274,cross_split_cross_seed
str,activity_context_flat,42,0,2,44,4,1,105,0.7737905502083706,cross_split_cross_seed
str,activity_context_flat,42,0,2,44,4,2,108,0.7738667587199446,cross_split_cross_seed
str,activity_context_flat,42,1,0,42,1,1,103,0.8938847704688185,cross_split_same_seed
str,activity_context_flat,42,1,0,42,1,2,104,0.9326964784293363,cross_split_same_seed
str,activity_context_flat,42,1,0,42,2,0,104,0.8268586743565822,cross_split_same_seed
str,activity_context_flat,42,1,0,42,2,1,101,0.8153275194463718,cross_split_same_seed
str,activity_context_flat,42,1,0,42,2,2,105,0.8946415286449771,cross_split_same_seed
str,activity_context_flat,42,1,0,42,3,0,104,0.8730585713936825,cross_split_same_seed
str,activity_context_flat,42,1,0,42,3,1,104,0.9172187427075185,cross_split_same_seed
str,activity_context_flat,42,1,0,42,3,2,102,0.7445103646081211,cross_split_same_seed
str,activity_context_flat,42,1,0,42,4,0,109,0.873625811756118,cross_split_same_seed
str,activity_context_flat,42,1,0,42,4,1,101,0.8667500003852422,cross_split_same_seed
str,activity_context_flat,42,1,0,42,4,2,104,0.7892081144481492,cross_split_same_seed
str,activity_context_flat,42,1,0,43,0,0,104,0.8803142664794666,cross_split_cross_seed
str,activity_context_flat,42,1,0,43,0,1,105,0.7957856992174331,cross_split_cross_seed
str,activity_context_flat,42,1,0,43,0,2,99,0.848891219212101,cross_split_cross_seed
str,activity_context_flat,42,1,0,43,1,0,207,0.8750537709799726,same_split_cross_seed
str,activity_context_flat,42,1,0,43,1,1,103,0.8001839332167491,cross_split_cross_seed
str,activity_context_flat,42,1,0,43,1,2,104,0.8962016602899217,cross_split_cross_seed
str,activity_context_flat,42,1,0,43,2,0,104,0.7885091124570109,cross_split_cross_seed
str,activity_context_flat,42,1,0,43,2,1,101,0.7036966044675578,cross_split_cross_seed
str,activity_context_flat,42,1,0,43,2,2,105,0.8133292158083202,cross_split_cross_seed
str,activity_context_flat,42,1,0,43,3,0,104,0.7639624837541672,cross_split_cross_seed
str,activity_context_flat,42,1,0,43,3,1,104,0.8316233224410374,cross_split_cross_seed
str,activity_context_flat,42,1,0,43,3,2,102,0.8948206673824607,cross_split_cross_seed
str,activity_context_flat,42,1,0,43,4,0,109,0.8102653810263428,cross_split_cross_seed
str,activity_context_flat,42,1,0,43,4,1,101,0.8184745712262076,cross_split_cross_seed
str,activity_context_flat,42,1,0,43,4,2,104,0.8339972997938598,cross_split_cross_seed
str,activity_context_flat,42,1,0,44,0,0,104,0.8925436014592477,cross_split_cross_seed
str,activity_context_flat,42,1,0,44,0,1,105,0.8007071258133556,cross_split_cross_seed
str,activity_context_flat,42,1,0,44,0,2,99,0.8690505062444115,cross_split_cross_seed
str,activity_context_flat,42,1,0,44,1,0,207,0.7523557064803124,same_split_cross_seed
str,activity_context_flat,42,1,0,44,1,1,103,0.7976008505401627,cross_split_cross_seed
str,activity_context_flat,42,1,0,44,1,2,104,0.8774225033520059,cross_split_cross_seed
str,activity_context_flat,42,1,0,44,2,0,104,0.8950047915967645,cross_split_cross_seed
str,activity_context_flat,42,1,0,44,2,1,101,0.880316143091554,cross_split_cross_seed
str,activity_context_flat,42,1,0,44,2,2,105,0.889149462528618,cross_split_cross_seed
str,activity_context_flat,42,1,0,44,3,0,104,0.753891987816355,cross_split_cross_seed
str,activity_context_flat,42,1,0,44,3,1,104,0.8674896034253704,cross_split_cross_seed
str,activity_context_flat,42,1,0,44,3,2,102,0.8961912362712527,cross_split_cross_seed
str,activity_context_flat,42,1,0,44,4,0,109,0.8822746551739085,cross_split_cross_seed
str,activity_context_flat,42,1,0,44,4,1,101,0.8037877132833583,cross_split_cross_seed
str,activity_context_flat,42,1,0,44,4,2,104,0.7772813670638015,cross_split_cross_seed
str,activity_context_flat,42,1,1,42,1,2,105,0.8486401751723057,cross_split_same_seed
str,activity_context_flat,42,1,1,42,2,0,101,0.8498807058058492,cross_split_same_seed
str,activity_context_flat,42,1,1,42,2,1,107,0.8541838367131674,cross_split_same_seed
str,activity_context_flat,42,1,1,42,2,2,110,0.9015093793326858,cross_split_same_seed
str,activity_context_flat,42,1,1,42,3,0,97,0.8618579284757896,cross_split_same_seed
str,activity_context_flat,42,1,1,42,3,1,101,0.8889299837747469,cross_split_same_seed
str,activity_context_flat,42,1,1,42,3,2,106,0.7727131435006933,cross_split_same_seed
str,activity_context_flat,42,1,1,42,4,0,104,0.8504483544980144,cross_split_same_seed
str,activity_context_flat,42,1,1,42,4,1,109,0.8130551470855102,cross_split_same_seed
str,activity_context_flat,42,1,1,42,4,2,103,0.8022338774274236,cross_split_same_seed
str,activity_context_flat,42,1,1,43,0,0,101,0.8125198117600134,cross_split_cross_seed
str,activity_context_flat,42,1,1,43,0,1,107,0.7940952149339295,cross_split_cross_seed
str,activity_context_flat,42,1,1,43,0,2,102,0.8218761745828459,cross_split_cross_seed
str,activity_context_flat,42,1,1,43,1,0,103,0.8176425102438408,cross_split_cross_seed
str,activity_context_flat,42,1,1,43,1,1,208,0.7378535728181821,same_split_cross_seed
str,activity_context_flat,42,1,1,43,1,2,105,0.8049158974090562,cross_split_cross_seed
str,activity_context_flat,42,1,1,43,2,0,101,0.7873288536258779,cross_split_cross_seed
str,activity_context_flat,42,1,1,43,2,1,107,0.7311243880587974,cross_split_cross_seed
str,activity_context_flat,42,1,1,43,2,2,110,0.7776249268811136,cross_split_cross_seed
str,activity_context_flat,42,1,1,43,3,0,97,0.7691223089668558,cross_split_cross_seed
str,activity_context_flat,42,1,1,43,3,1,101,0.8155285057562417,cross_split_cross_seed
str,activity_context_flat,42,1,1,43,3,2,106,0.7829633987706233,cross_split_cross_seed
str,activity_context_flat,42,1,1,43,4,0,104,0.7718376249432821,cross_split_cross_seed
str,activity_context_flat,42,1,1,43,4,1,109,0.7581562787540977,cross_split_cross_seed
str,activity_context_flat,42,1,1,43,4,2,103,0.7736090907256907,cross_split_cross_seed
str,activity_context_flat,42,1,1,44,0,0,101,0.8302050940848147,cross_split_cross_seed
str,activity_context_flat,42,1,1,44,0,1,107,0.7820858782352108,cross_split_cross_seed
str,activity_context_flat,42,1,1,44,0,2,102,0.82024320538557,cross_split_cross_seed
str,activity_context_flat,42,1,1,44,1,0,103,0.7708702981204822,cross_split_cross_seed
str,activity_context_flat,42,1,1,44,1,1,208,0.7441718781384461,same_split_cross_seed
str,activity_context_flat,42,1,1,44,1,2,105,0.8315447623934116,cross_split_cross_seed
str,activity_context_flat,42,1,1,44,2,0,101,0.8168248975747926,cross_split_cross_seed
str,activity_context_flat,42,1,1,44,2,1,107,0.8127491663609768,cross_split_cross_seed
str,activity_context_flat,42,1,1,44,2,2,110,0.8422204076053565,cross_split_cross_seed
str,activity_context_flat,42,1,1,44,3,0,97,0.7414708916651636,cross_split_cross_seed
str,activity_context_flat,42,1,1,44,3,1,101,0.8322208345509002,cross_split_cross_seed
str,activity_context_flat,42,1,1,44,3,2,106,0.8082278355987057,cross_split_cross_seed
str,activity_context_flat,42,1,1,44,4,0,104,0.8195051418020113,cross_split_cross_seed
str,activity_context_flat,42,1,1,44,4,1,109,0.777755248044791,cross_split_cross_seed
str,activity_context_flat,42,1,1,44,4,2,103,0.7577427856273226,cross_split_cross_seed
str,activity_context_flat,42,1,2,42,2,0,105,0.8199547156940773,cross_split_same_seed
str,activity_context_flat,42,1,2,42,2,1,94,0.7905992448405812,cross_split_same_seed
str,activity_context_flat,42,1,2,42,2,2,109,0.8728870505484364,cross_split_same_seed
str,activity_context_flat,42,1,2,42,3,0,105,0.8196576821541588,cross_split_same_seed
str,activity_context_flat,42,1,2,42,3,1,105,0.9281574760994963,cross_split_same_seed
str,activity_context_flat,42,1,2,42,3,2,116,0.7099523505681615,cross_split_same_seed
str,activity_context_flat,42,1,2,42,4,0,101,0.8717769710501216,cross_split_same_seed
str,activity_context_flat,42,1,2,42,4,1,114,0.8434839365182645,cross_split_same_seed
str,activity_context_flat,42,1,2,42,4,2,95,0.7555520998681398,cross_split_same_seed
str,activity_context_flat,42,1,2,43,0,0,107,0.8406282062513472,cross_split_cross_seed
str,activity_context_flat,42,1,2,43,0,1,98,0.8244106738136278,cross_split_cross_seed
str,activity_context_flat,42,1,2,43,0,2,105,0.8598471447319804,cross_split_cross_seed
str,activity_context_flat,42,1,2,43,1,0,104,0.8777092798816908,cross_split_cross_seed
str,activity_context_flat,42,1,2,43,1,1,105,0.8404853357632746,cross_split_cross_seed
str,activity_context_flat,42,1,2,43,1,2,209,0.9091434267864151,same_split_cross_seed
str,activity_context_flat,42,1,2,43,2,0,105,0.8106722192060432,cross_split_cross_seed
str,activity_context_flat,42,1,2,43,2,1,94,0.7114842070760261,cross_split_cross_seed
str,activity_context_flat,42,1,2,43,2,2,109,0.8398287659469407,cross_split_cross_seed
str,activity_context_flat,42,1,2,43,3,0,105,0.7694730668381191,cross_split_cross_seed
str,activity_context_flat,42,1,2,43,3,1,105,0.8731771561578342,cross_split_cross_seed
str,activity_context_flat,42,1,2,43,3,2,116,0.8770174929211937,cross_split_cross_seed
str,activity_context_flat,42,1,2,43,4,0,101,0.8196490615584693,cross_split_cross_seed
str,activity_context_flat,42,1,2,43,4,1,114,0.8285525668450235,cross_split_cross_seed
str,activity_context_flat,42,1,2,43,4,2,95,0.8046170856565643,cross_split_cross_seed
str,activity_context_flat,42,1,2,44,0,0,107,0.8775916840511189,cross_split_cross_seed
str,activity_context_flat,42,1,2,44,0,1,98,0.7991238477256931,cross_split_cross_seed
str,activity_context_flat,42,1,2,44,0,2,105,0.8497271750298274,cross_split_cross_seed
str,activity_context_flat,42,1,2,44,1,0,104,0.7481371868645255,cross_split_cross_seed
str,activity_context_flat,42,1,2,44,1,1,105,0.7560669269099517,cross_split_cross_seed
str,activity_context_flat,42,1,2,44,1,2,209,0.8703643461149287,same_split_cross_seed
str,activity_context_flat,42,1,2,44,2,0,105,0.8919485315509368,cross_split_cross_seed
str,activity_context_flat,42,1,2,44,2,1,94,0.8994289006977808,cross_split_cross_seed
str,activity_context_flat,42,1,2,44,2,2,109,0.8610045806234329,cross_split_cross_seed
str,activity_context_flat,42,1,2,44,3,0,105,0.7125699278408008,cross_split_cross_seed
str,activity_context_flat,42,1,2,44,3,1,105,0.859859625269629,cross_split_cross_seed
str,activity_context_flat,42,1,2,44,3,2,116,0.8586200887301088,cross_split_cross_seed
str,activity_context_flat,42,1,2,44,4,0,101,0.861385252042355,cross_split_cross_seed
str,activity_context_flat,42,1,2,44,4,1,114,0.7737313982563999,cross_split_cross_seed
str,activity_context_flat,42,1,2,44,4,2,95,0.7187372422592956,cross_split_cross_seed
str,activity_context_flat,42,2,0,42,2,1,103,0.7628975997157695,cross_split_same_seed
str,activity_context_flat,42,2,0,42,2,2,104,0.8470230278520575,cross_split_same_seed
str,activity_context_flat,42,2,0,42,3,0,103,0.7714697490179091,cross_split_same_seed
str,activity_context_flat,42,2,0,42,3,1,107,0.8100718490601575,cross_split_same_seed
str,activity_context_flat,42,2,0,42,3,2,104,0.719113022982538,cross_split_same_seed
str,activity_context_flat,42,2,0,42,4,0,105,0.8301093901135268,cross_split_same_seed
str,activity_context_flat,42,2,0,42,4,1,94,0.7859053708308347,cross_split_same_seed
str,activity_context_flat,42,2,0,42,4,2,101,0.744333033941905,cross_split_same_seed
str,activity_context_flat,42,2,0,43,0,0,101,0.8111433769846665,cross_split_cross_seed
str,activity_context_flat,42,2,0,43,0,1,108,0.7544552535673748,cross_split_cross_seed
str,activity_context_flat,42,2,0,43,0,2,109,0.7359753211328237,cross_split_cross_seed
str,activity_context_flat,42,2,0,43,1,0,104,0.7752657558154473,cross_split_cross_seed
str,activity_context_flat,42,2,0,43,1,1,101,0.7585384768306894,cross_split_cross_seed
str,activity_context_flat,42,2,0,43,1,2,105,0.8075218814551497,cross_split_cross_seed
str,activity_context_flat,42,2,0,43,2,0,207,0.7615202999803501,same_split_cross_seed
str,activity_context_flat,42,2,0,43,2,1,103,0.7113787928694658,cross_split_cross_seed
str,activity_context_flat,42,2,0,43,2,2,104,0.8155024635078323,cross_split_cross_seed
str,activity_context_flat,42,2,0,43,3,0,103,0.7157137234478193,cross_split_cross_seed
str,activity_context_flat,42,2,0,43,3,1,107,0.7999070381554516,cross_split_cross_seed
str,activity_context_flat,42,2,0,43,3,2,104,0.8079717026283149,cross_split_cross_seed
str,activity_context_flat,42,2,0,43,4,0,105,0.7752656087373674,cross_split_cross_seed
str,activity_context_flat,42,2,0,43,4,1,94,0.8002643572327052,cross_split_cross_seed
str,activity_context_flat,42,2,0,43,4,2,101,0.7560219665780309,cross_split_cross_seed
str,activity_context_flat,42,2,0,44,0,0,101,0.7910534065171356,cross_split_cross_seed
str,activity_context_flat,42,2,0,44,0,1,108,0.7133138169648182,cross_split_cross_seed
str,activity_context_flat,42,2,0,44,0,2,109,0.6994276641312985,cross_split_cross_seed
str,activity_context_flat,42,2,0,44,1,0,104,0.7170884746414764,cross_split_cross_seed
str,activity_context_flat,42,2,0,44,1,1,101,0.7052701379220556,cross_split_cross_seed
str,activity_context_flat,42,2,0,44,1,2,105,0.7903765627359156,cross_split_cross_seed
str,activity_context_flat,42,2,0,44,2,0,207,0.7433248914753362,same_split_cross_seed
str,activity_context_flat,42,2,0,44,2,1,103,0.7270275138323052,cross_split_cross_seed
str,activity_context_flat,42,2,0,44,2,2,104,0.7810215431124935,cross_split_cross_seed
str,activity_context_flat,42,2,0,44,3,0,103,0.6908291406979535,cross_split_cross_seed
str,activity_context_flat,42,2,0,44,3,1,107,0.7710067165086897,cross_split_cross_seed
str,activity_context_flat,42,2,0,44,3,2,104,0.7887264233546193,cross_split_cross_seed
str,activity_context_flat,42,2,0,44,4,0,105,0.7741687046985577,cross_split_cross_seed
str,activity_context_flat,42,2,0,44,4,1,94,0.7386042531371225,cross_split_cross_seed
str,activity_context_flat,42,2,0,44,4,2,101,0.712831296397379,cross_split_cross_seed
str,activity_context_flat,42,2,1,42,2,2,105,0.9231312880609126,cross_split_same_seed
str,activity_context_flat,42,2,1,42,3,0,108,0.8950897376281469,cross_split_same_seed
str,activity_context_flat,42,2,1,42,3,1,111,0.7937474377582162,cross_split_same_seed
str,activity_context_flat,42,2,1,42,3,2,101,0.8537641804674839,cross_split_same_seed
str,activity_context_flat,42,2,1,42,4,0,103,0.8500174358448428,cross_split_same_seed
str,activity_context_flat,42,2,1,42,4,1,103,0.8046151299522457,cross_split_same_seed
str,activity_context_flat,42,2,1,42,4,2,110,0.8757779895327625,cross_split_same_seed
str,activity_context_flat,42,2,1,43,0,0,103,0.7892377256426821,cross_split_cross_seed
str,activity_context_flat,42,2,1,43,0,1,104,0.7165230353115873,cross_split_cross_seed
str,activity_context_flat,42,2,1,43,0,2,103,0.7491384028836249,cross_split_cross_seed
str,activity_context_flat,42,2,1,43,1,0,101,0.7376300512671252,cross_split_cross_seed
str,activity_context_flat,42,2,1,43,1,1,107,0.7142753561520647,cross_split_cross_seed
str,activity_context_flat,42,2,1,43,1,2,94,0.7479948495664804,cross_split_cross_seed
str,activity_context_flat,42,2,1,43,2,0,103,0.7402602530847315,cross_split_cross_seed
str,activity_context_flat,42,2,1,43,2,1,208,0.6775751003200752,same_split_cross_seed
str,activity_context_flat,42,2,1,43,2,2,105,0.7310446890187094,cross_split_cross_seed
str,activity_context_flat,42,2,1,43,3,0,108,0.7800833136760574,cross_split_cross_seed
str,activity_context_flat,42,2,1,43,3,1,111,0.7379205287778424,cross_split_cross_seed
str,activity_context_flat,42,2,1,43,3,2,101,0.6995532680202914,cross_split_cross_seed
str,activity_context_flat,42,2,1,43,4,0,103,0.7175163997357584,cross_split_cross_seed
str,activity_context_flat,42,2,1,43,4,1,103,0.694289557880665,cross_split_cross_seed
str,activity_context_flat,42,2,1,43,4,2,110,0.7620226031145398,cross_split_cross_seed
str,activity_context_flat,42,2,1,44,0,0,103,0.7721399067275201,cross_split_cross_seed
str,activity_context_flat,42,2,1,44,0,1,104,0.721329774006752,cross_split_cross_seed
str,activity_context_flat,42,2,1,44,0,2,103,0.7273141793261888,cross_split_cross_seed
str,activity_context_flat,42,2,1,44,1,0,101,0.774346780115112,cross_split_cross_seed
str,activity_context_flat,42,2,1,44,1,1,107,0.7900033304734976,cross_split_cross_seed
str,activity_context_flat,42,2,1,44,1,2,94,0.8273640914088575,cross_split_cross_seed
str,activity_context_flat,42,2,1,44,2,0,103,0.7248297205433253,cross_split_cross_seed
str,activity_context_flat,42,2,1,44,2,1,208,0.6914052336850958,same_split_cross_seed
str,activity_context_flat,42,2,1,44,2,2,105,0.7765425964441757,cross_split_cross_seed
str,activity_context_flat,42,2,1,44,3,0,108,0.7776479747256307,cross_split_cross_seed
str,activity_context_flat,42,2,1,44,3,1,111,0.7991114562820457,cross_split_cross_seed
str,activity_context_flat,42,2,1,44,3,2,101,0.7752474606538605,cross_split_cross_seed
str,activity_context_flat,42,2,1,44,4,0,103,0.7356307710622692,cross_split_cross_seed
str,activity_context_flat,42,2,1,44,4,1,103,0.7501802541651046,cross_split_cross_seed
str,activity_context_flat,42,2,1,44,4,2,110,0.7875702545099078,cross_split_cross_seed
str,activity_context_flat,42,2,2,42,3,0,103,0.9158065267955637,cross_split_same_seed
str,activity_context_flat,42,2,2,42,3,1,102,0.8720142788312245,cross_split_same_seed
str,activity_context_flat,42,2,2,42,3,2,101,0.8517247861859802,cross_split_same_seed
str,activity_context_flat,42,2,2,42,4,0,106,0.8904808434660768,cross_split_same_seed
str,activity_context_flat,42,2,2,42,4,1,103,0.8617243227171165,cross_split_same_seed
str,activity_context_flat,42,2,2,42,4,2,115,0.8843675227742422,cross_split_same_seed
str,activity_context_flat,42,2,2,43,0,0,98,0.8391217335417874,cross_split_cross_seed
str,activity_context_flat,42,2,2,43,0,1,98,0.7900855769294926,cross_split_cross_seed
str,activity_context_flat,42,2,2,43,0,2,104,0.7904995998185276,cross_split_cross_seed
str,activity_context_flat,42,2,2,43,1,0,105,0.8267139502311389,cross_split_cross_seed
str,activity_context_flat,42,2,2,43,1,1,110,0.7551854649453512,cross_split_cross_seed
str,activity_context_flat,42,2,2,43,1,2,109,0.8144275066938441,cross_split_cross_seed
str,activity_context_flat,42,2,2,43,2,0,104,0.8106871375660657,cross_split_cross_seed
str,activity_context_flat,42,2,2,43,2,1,105,0.7498259360300165,cross_split_cross_seed
str,activity_context_flat,42,2,2,43,2,2,209,0.7710814478007816,same_split_cross_seed
str,activity_context_flat,42,2,2,43,3,0,103,0.8024395968190107,cross_split_cross_seed
str,activity_context_flat,42,2,2,43,3,1,102,0.8379269349857241,cross_split_cross_seed
str,activity_context_flat,42,2,2,43,3,2,101,0.8073149431858121,cross_split_cross_seed
str,activity_context_flat,42,2,2,43,4,0,106,0.7891458976083233,cross_split_cross_seed
str,activity_context_flat,42,2,2,43,4,1,103,0.7744983088580524,cross_split_cross_seed
str,activity_context_flat,42,2,2,43,4,2,115,0.8364725611162024,cross_split_cross_seed
str,activity_context_flat,42,2,2,44,0,0,98,0.8525920346982809,cross_split_cross_seed
str,activity_context_flat,42,2,2,44,0,1,98,0.8071141726815114,cross_split_cross_seed
str,activity_context_flat,42,2,2,44,0,2,104,0.7862695142000355,cross_split_cross_seed
str,activity_context_flat,42,2,2,44,1,0,105,0.8024592124734021,cross_split_cross_seed
str,activity_context_flat,42,2,2,44,1,1,110,0.8351238477304597,cross_split_cross_seed
str,activity_context_flat,42,2,2,44,1,2,109,0.8588208495510871,cross_split_cross_seed
str,activity_context_flat,42,2,2,44,2,0,104,0.8372582059627784,cross_split_cross_seed
str,activity_context_flat,42,2,2,44,2,1,105,0.8058243968306192,cross_split_cross_seed
str,activity_context_flat,42,2,2,44,2,2,209,0.8127333570781301,same_split_cross_seed
str,activity_context_flat,42,2,2,44,3,0,103,0.8031911649558315,cross_split_cross_seed
str,activity_context_flat,42,2,2,44,3,1,102,0.8716672949744436,cross_split_cross_seed
str,activity_context_flat,42,2,2,44,3,2,101,0.8482035123066415,cross_split_cross_seed
str,activity_context_flat,42,2,2,44,4,0,106,0.8165113216375767,cross_split_cross_seed
str,activity_context_flat,42,2,2,44,4,1,103,0.8127071599530712,cross_split_cross_seed
str,activity_context_flat,42,2,2,44,4,2,115,0.8189623088488586,cross_split_cross_seed
str,activity_context_flat,42,3,0,42,3,1,103,0.7983614085783453,cross_split_same_seed
str,activity_context_flat,42,3,0,42,3,2,105,0.8864968592428562,cross_split_same_seed
str,activity_context_flat,42,3,0,42,4,0,97,0.8912796061598454,cross_split_same_seed
str,activity_context_flat,42,3,0,42,4,1,112,0.8575683985738892,cross_split_same_seed
str,activity_context_flat,42,3,0,42,4,2,113,0.8840160687914598,cross_split_same_seed
str,activity_context_flat,42,3,0,43,0,0,95,0.8013815520183689,cross_split_cross_seed
str,activity_context_flat,42,3,0,43,0,1,100,0.7490183078079323,cross_split_cross_seed
str,activity_context_flat,42,3,0,43,0,2,111,0.7943901984071084,cross_split_cross_seed
str,activity_context_flat,42,3,0,43,1,0,104,0.8273146983762052,cross_split_cross_seed
str,activity_context_flat,42,3,0,43,1,1,97,0.7487178116060038,cross_split_cross_seed
str,activity_context_flat,42,3,0,43,1,2,105,0.7665571747823444,cross_split_cross_seed
str,activity_context_flat,42,3,0,43,2,0,103,0.7537954701375646,cross_split_cross_seed
str,activity_context_flat,42,3,0,43,2,1,108,0.7358028187140171,cross_split_cross_seed
str,activity_context_flat,42,3,0,43,2,2,103,0.7637187987139461,cross_split_cross_seed
str,activity_context_flat,42,3,0,43,3,0,208,0.7717598656995607,same_split_cross_seed
str,activity_context_flat,42,3,0,43,3,1,103,0.7577047479160454,cross_split_cross_seed
str,activity_context_flat,42,3,0,43,3,2,105,0.7466435346217373,cross_split_cross_seed
str,activity_context_flat,42,3,0,43,4,0,97,0.7704894061390193,cross_split_cross_seed
str,activity_context_flat,42,3,0,43,4,1,112,0.760980291771144,cross_split_cross_seed
str,activity_context_flat,42,3,0,43,4,2,113,0.7857589027505318,cross_split_cross_seed
str,activity_context_flat,42,3,0,44,0,0,95,0.8257343472767269,cross_split_cross_seed
str,activity_context_flat,42,3,0,44,0,1,100,0.7908899406056402,cross_split_cross_seed
str,activity_context_flat,42,3,0,44,0,2,111,0.7842333116749117,cross_split_cross_seed
str,activity_context_flat,42,3,0,44,1,0,104,0.8204613328927856,cross_split_cross_seed
str,activity_context_flat,42,3,0,44,1,1,97,0.8462693949574647,cross_split_cross_seed
str,activity_context_flat,42,3,0,44,1,2,105,0.8376195633275307,cross_split_cross_seed
str,activity_context_flat,42,3,0,44,2,0,103,0.7679520234385517,cross_split_cross_seed
str,activity_context_flat,42,3,0,44,2,1,108,0.783559156575575,cross_split_cross_seed
str,activity_context_flat,42,3,0,44,2,2,103,0.8138001640636133,cross_split_cross_seed
str,activity_context_flat,42,3,0,44,3,0,208,0.7950768266527495,same_split_cross_seed
str,activity_context_flat,42,3,0,44,3,1,103,0.8345482879563387,cross_split_cross_seed
str,activity_context_flat,42,3,0,44,3,2,105,0.8310800233763559,cross_split_cross_seed
str,activity_context_flat,42,3,0,44,4,0,97,0.8232146194856848,cross_split_cross_seed
str,activity_context_flat,42,3,0,44,4,1,112,0.7828116723966037,cross_split_cross_seed
str,activity_context_flat,42,3,0,44,4,2,113,0.8302220006018234,cross_split_cross_seed
str,activity_context_flat,42,3,1,42,3,2,105,0.6635219119391677,cross_split_same_seed
str,activity_context_flat,42,3,1,42,4,0,105,0.8178214549944783,cross_split_same_seed
str,activity_context_flat,42,3,1,42,4,1,106,0.8413557084937962,cross_split_same_seed
str,activity_context_flat,42,3,1,42,4,2,99,0.7053079293559851,cross_split_same_seed
str,activity_context_flat,42,3,1,43,0,0,106,0.8045500228244996,cross_split_cross_seed
str,activity_context_flat,42,3,1,43,0,1,104,0.8407241360727493,cross_split_cross_seed
str,activity_context_flat,42,3,1,43,0,2,98,0.8373298930716527,cross_split_cross_seed
str,activity_context_flat,42,3,1,43,1,0,104,0.8226928148133629,cross_split_cross_seed
str,activity_context_flat,42,3,1,43,1,1,101,0.8130191535816449,cross_split_cross_seed
str,activity_context_flat,42,3,1,43,1,2,105,0.8916176103930707,cross_split_cross_seed
str,activity_context_flat,42,3,1,43,2,0,107,0.7653211014374128,cross_split_cross_seed
str,activity_context_flat,42,3,1,43,2,1,111,0.656895566440755,cross_split_cross_seed
str,activity_context_flat,42,3,1,43,2,2,102,0.8175362845914621,cross_split_cross_seed
str,activity_context_flat,42,3,1,43,3,0,103,0.7218602114344366,cross_split_cross_seed
str,activity_context_flat,42,3,1,43,3,1,208,0.8459812316716571,same_split_cross_seed
str,activity_context_flat,42,3,1,43,3,2,105,0.8584752192844207,cross_split_cross_seed
str,activity_context_flat,42,3,1,43,4,0,105,0.7673466084271044,cross_split_cross_seed
str,activity_context_flat,42,3,1,43,4,1,106,0.8249510813428355,cross_split_cross_seed
str,activity_context_flat,42,3,1,43,4,2,99,0.8091288848224021,cross_split_cross_seed
str,activity_context_flat,42,3,1,44,0,0,106,0.8318257741475993,cross_split_cross_seed
str,activity_context_flat,42,3,1,44,0,1,104,0.805041625410878,cross_split_cross_seed
str,activity_context_flat,42,3,1,44,0,2,98,0.865616286343198,cross_split_cross_seed
str,activity_context_flat,42,3,1,44,1,0,104,0.6878136182908905,cross_split_cross_seed
str,activity_context_flat,42,3,1,44,1,1,101,0.7436520669674962,cross_split_cross_seed
str,activity_context_flat,42,3,1,44,1,2,105,0.8334767698258015,cross_split_cross_seed
str,activity_context_flat,42,3,1,44,2,0,107,0.9097120943394794,cross_split_cross_seed
str,activity_context_flat,42,3,1,44,2,1,111,0.873218436907009,cross_split_cross_seed
str,activity_context_flat,42,3,1,44,2,2,102,0.9076506389270991,cross_split_cross_seed
str,activity_context_flat,42,3,1,44,3,0,103,0.6816191602343042,cross_split_cross_seed
str,activity_context_flat,42,3,1,44,3,1,208,0.8449408622936005,same_split_cross_seed
str,activity_context_flat,42,3,1,44,3,2,105,0.815569414861753,cross_split_cross_seed
str,activity_context_flat,42,3,1,44,4,0,105,0.8141219516978726,cross_split_cross_seed
str,activity_context_flat,42,3,1,44,4,1,106,0.8035778561658055,cross_split_cross_seed
str,activity_context_flat,42,3,1,44,4,2,99,0.715890419000175,cross_split_cross_seed
str,activity_context_flat,42,3,2,42,4,0,96,0.8326928125079748,cross_split_same_seed
str,activity_context_flat,42,3,2,42,4,1,108,0.84080043928784,cross_split_same_seed
str,activity_context_flat,42,3,2,42,4,2,108,0.8792405162176161,cross_split_same_seed
str,activity_context_flat,42,3,2,43,0,0,103,0.7230001658632743,cross_split_cross_seed
str,activity_context_flat,42,3,2,43,0,1,110,0.7141365102972725,cross_split_cross_seed
str,activity_context_flat,42,3,2,43,0,2,105,0.7324577589335987,cross_split_cross_seed
str,activity_context_flat,42,3,2,43,1,0,102,0.760293463227173,cross_split_cross_seed
str,activity_context_flat,42,3,2,43,1,1,106,0.6916512805409614,cross_split_cross_seed
str,activity_context_flat,42,3,2,43,1,2,116,0.682812488365371,cross_split_cross_seed
str,activity_context_flat,42,3,2,43,2,0,104,0.7336736240445206,cross_split_cross_seed
str,activity_context_flat,42,3,2,43,2,1,101,0.7286671623149255,cross_split_cross_seed
str,activity_context_flat,42,3,2,43,2,2,101,0.7279947961531444,cross_split_cross_seed
str,activity_context_flat,42,3,2,43,3,0,105,0.7810760997702892,cross_split_cross_seed
str,activity_context_flat,42,3,2,43,3,1,105,0.7202430853506996,cross_split_cross_seed
str,activity_context_flat,42,3,2,43,3,2,210,0.6475030967282078,same_split_cross_seed
str,activity_context_flat,42,3,2,43,4,0,96,0.7490276303726024,cross_split_cross_seed
str,activity_context_flat,42,3,2,43,4,1,108,0.7409294004499611,cross_split_cross_seed
str,activity_context_flat,42,3,2,43,4,2,108,0.7536867170602443,cross_split_cross_seed
str,activity_context_flat,42,3,2,44,0,0,103,0.7359078979692577,cross_split_cross_seed
str,activity_context_flat,42,3,2,44,0,1,110,0.7449423421604704,cross_split_cross_seed
str,activity_context_flat,42,3,2,44,0,2,105,0.6989525189489714,cross_split_cross_seed
str,activity_context_flat,42,3,2,44,1,0,102,0.8249034853931166,cross_split_cross_seed
str,activity_context_flat,42,3,2,44,1,1,106,0.8128393479394226,cross_split_cross_seed
str,activity_context_flat,42,3,2,44,1,2,116,0.7827206965969559,cross_split_cross_seed
str,activity_context_flat,42,3,2,44,2,0,104,0.699001114767503,cross_split_cross_seed
str,activity_context_flat,42,3,2,44,2,1,101,0.698955645391445,cross_split_cross_seed
str,activity_context_flat,42,3,2,44,2,2,101,0.725413044159936,cross_split_cross_seed
str,activity_context_flat,42,3,2,44,3,0,105,0.8386970776902644,cross_split_cross_seed
str,activity_context_flat,42,3,2,44,3,1,105,0.7831350305845758,cross_split_cross_seed
str,activity_context_flat,42,3,2,44,3,2,210,0.7336462629180011,same_split_cross_seed
str,activity_context_flat,42,3,2,44,4,0,96,0.7638169457314806,cross_split_cross_seed
str,activity_context_flat,42,3,2,44,4,1,108,0.7895718130425852,cross_split_cross_seed
str,activity_context_flat,42,3,2,44,4,2,108,0.8144609243415737,cross_split_cross_seed
str,activity_context_flat,42,4,0,42,4,1,103,0.8629145202976881,cross_split_same_seed
str,activity_context_flat,42,4,0,42,4,2,105,0.8631765732588694,cross_split_same_seed
str,activity_context_flat,42,4,0,43,0,0,117,0.8337629140945529,cross_split_cross_seed
str,activity_context_flat,42,4,0,43,0,1,106,0.7916297646413087,cross_split_cross_seed
str,activity_context_flat,42,4,0,43,0,2,99,0.8301015888169428,cross_split_cross_seed
str,activity_context_flat,42,4,0,43,1,0,109,0.8476886732510251,cross_split_cross_seed
str,activity_context_flat,42,4,0,43,1,1,104,0.7900563059112565,cross_split_cross_seed
str,activity_context_flat,42,4,0,43,1,2,101,0.854193643216746,cross_split_cross_seed
str,activity_context_flat,42,4,0,43,2,0,105,0.846249154101489,cross_split_cross_seed
str,activity_context_flat,42,4,0,43,2,1,103,0.7405855248675303,cross_split_cross_seed
str,activity_context_flat,42,4,0,43,2,2,106,0.8239942253342746,cross_split_cross_seed
str,activity_context_flat,42,4,0,43,3,0,97,0.7953573461913945,cross_split_cross_seed
str,activity_context_flat,42,4,0,43,3,1,105,0.8112750259117919,cross_split_cross_seed
str,activity_context_flat,42,4,0,43,3,2,96,0.8162113101536091,cross_split_cross_seed
str,activity_context_flat,42,4,0,43,4,0,208,0.8155360331908141,same_split_cross_seed
str,activity_context_flat,42,4,0,43,4,1,103,0.8231724889308314,cross_split_cross_seed
str,activity_context_flat,42,4,0,43,4,2,105,0.8396801441805011,cross_split_cross_seed
str,activity_context_flat,42,4,0,44,0,0,117,0.8224443511747814,cross_split_cross_seed
str,activity_context_flat,42,4,0,44,0,1,106,0.7719936223613297,cross_split_cross_seed
str,activity_context_flat,42,4,0,44,0,2,99,0.8049247879814257,cross_split_cross_seed
str,activity_context_flat,42,4,0,44,1,0,109,0.7627772859597501,cross_split_cross_seed
str,activity_context_flat,42,4,0,44,1,1,104,0.7874048487303369,cross_split_cross_seed
str,activity_context_flat,42,4,0,44,1,2,101,0.870994364583098,cross_split_cross_seed
str,activity_context_flat,42,4,0,44,2,0,105,0.8328131397945183,cross_split_cross_seed
str,activity_context_flat,42,4,0,44,2,1,103,0.8079084220556012,cross_split_cross_seed
str,activity_context_flat,42,4,0,44,2,2,106,0.8222127128702195,cross_split_cross_seed
str,activity_context_flat,42,4,0,44,3,0,97,0.8109009493039036,cross_split_cross_seed
str,activity_context_flat,42,4,0,44,3,1,105,0.8381343095024393,cross_split_cross_seed
str,activity_context_flat,42,4,0,44,3,2,96,0.8251394185478871,cross_split_cross_seed
str,activity_context_flat,42,4,0,44,4,0,208,0.7920470649471001,same_split_cross_seed
str,activity_context_flat,42,4,0,44,4,1,103,0.8014301862655415,cross_split_cross_seed
str,activity_context_flat,42,4,0,44,4,2,105,0.7973054176844449,cross_split_cross_seed
str,activity_context_flat,42,4,1,42,4,2,105,0.8186439088611385,cross_split_same_seed
str,activity_context_flat,42,4,1,43,0,0,93,0.7658488182465234,cross_split_cross_seed
str,activity_context_flat,42,4,1,43,0,1,100,0.7534190177346769,cross_split_cross_seed
str,activity_context_flat,42,4,1,43,0,2,105,0.7946501845509453,cross_split_cross_seed
str,activity_context_flat,42,4,1,43,1,0,101,0.8432435310431907,cross_split_cross_seed
str,activity_context_flat,42,4,1,43,1,1,109,0.7454060738430223,cross_split_cross_seed
str,activity_context_flat,42,4,1,43,1,2,114,0.8142570099495894,cross_split_cross_seed
str,activity_context_flat,42,4,1,43,2,0,94,0.796484828718795,cross_split_cross_seed
str,activity_context_flat,42,4,1,43,2,1,103,0.7142788267931284,cross_split_cross_seed
str,activity_context_flat,42,4,1,43,2,2,103,0.7826330001612072,cross_split_cross_seed
str,activity_context_flat,42,4,1,43,3,0,112,0.7687978513879804,cross_split_cross_seed
str,activity_context_flat,42,4,1,43,3,1,106,0.8126447224734427,cross_split_cross_seed
str,activity_context_flat,42,4,1,43,3,2,108,0.7964744934526072,cross_split_cross_seed
str,activity_context_flat,42,4,1,43,4,0,103,0.7588009517419546,cross_split_cross_seed
str,activity_context_flat,42,4,1,43,4,1,208,0.8015514816036168,same_split_cross_seed
str,activity_context_flat,42,4,1,43,4,2,105,0.791653661237237,cross_split_cross_seed
str,activity_context_flat,42,4,1,44,0,0,93,0.7920990622134665,cross_split_cross_seed
str,activity_context_flat,42,4,1,44,0,1,100,0.760504895858229,cross_split_cross_seed
str,activity_context_flat,42,4,1,44,0,2,105,0.7948472130872196,cross_split_cross_seed
str,activity_context_flat,42,4,1,44,1,0,101,0.8081597502846205,cross_split_cross_seed
str,activity_context_flat,42,4,1,44,1,1,109,0.8195568404306961,cross_split_cross_seed
str,activity_context_flat,42,4,1,44,1,2,114,0.8448826113542456,cross_split_cross_seed
str,activity_context_flat,42,4,1,44,2,0,94,0.804454541790987,cross_split_cross_seed
str,activity_context_flat,42,4,1,44,2,1,103,0.8061554970504383,cross_split_cross_seed
str,activity_context_flat,42,4,1,44,2,2,103,0.8261401954276831,cross_split_cross_seed
str,activity_context_flat,42,4,1,44,3,0,112,0.7919506821807176,cross_split_cross_seed
str,activity_context_flat,42,4,1,44,3,1,106,0.8460405526536209,cross_split_cross_seed
str,activity_context_flat,42,4,1,44,3,2,108,0.8396005375552943,cross_split_cross_seed
str,activity_context_flat,42,4,1,44,4,0,103,0.8032601695519779,cross_split_cross_seed
str,activity_context_flat,42,4,1,44,4,1,208,0.8060641974141203,same_split_cross_seed
str,activity_context_flat,42,4,1,44,4,2,105,0.7824682424977162,cross_split_cross_seed
str,activity_context_flat,42,4,2,43,0,0,102,0.7666856189597554,cross_split_cross_seed
str,activity_context_flat,42,4,2,43,0,1,102,0.7121223392961834,cross_split_cross_seed
str,activity_context_flat,42,4,2,43,0,2,108,0.7383894321665282,cross_split_cross_seed
str,activity_context_flat,42,4,2,43,1,0,104,0.7650722511364401,cross_split_cross_seed
str,activity_context_flat,42,4,2,43,1,1,103,0.6819294826496978,cross_split_cross_seed
str,activity_context_flat,42,4,2,43,1,2,95,0.7151531735243181,cross_split_cross_seed
str,activity_context_flat,42,4,2,43,2,0,101,0.7572656500407887,cross_split_cross_seed
str,activity_context_flat,42,4,2,43,2,1,110,0.719261478508484,cross_split_cross_seed
str,activity_context_flat,42,4,2,43,2,2,115,0.7166600409217847,cross_split_cross_seed
str,activity_context_flat,42,4,2,43,3,0,113,0.7844614586207914,cross_split_cross_seed
str,activity_context_flat,42,4,2,43,3,1,99,0.7229252699351368,cross_split_cross_seed
str,activity_context_flat,42,4,2,43,3,2,108,0.693897897274343,cross_split_cross_seed
str,activity_context_flat,42,4,2,43,4,0,105,0.7413143767901528,cross_split_cross_seed
str,activity_context_flat,42,4,2,43,4,1,105,0.7130715545173296,cross_split_cross_seed
str,activity_context_flat,42,4,2,43,4,2,210,0.7329645167714838,same_split_cross_seed
str,activity_context_flat,42,4,2,44,0,0,102,0.7692503706313807,cross_split_cross_seed
str,activity_context_flat,42,4,2,44,0,1,102,0.7271844094310351,cross_split_cross_seed
str,activity_context_flat,42,4,2,44,0,2,108,0.7192871485456626,cross_split_cross_seed
str,activity_context_flat,42,4,2,44,1,0,104,0.7987963827973726,cross_split_cross_seed
str,activity_context_flat,42,4,2,44,1,1,103,0.8010954136489744,cross_split_cross_seed
str,activity_context_flat,42,4,2,44,1,2,95,0.8030159583131824,cross_split_cross_seed
str,activity_context_flat,42,4,2,44,2,0,101,0.7075503604312441,cross_split_cross_seed
str,activity_context_flat,42,4,2,44,2,1,110,0.7121553503853072,cross_split_cross_seed
str,activity_context_flat,42,4,2,44,2,2,115,0.7266097113573526,cross_split_cross_seed
str,activity_context_flat,42,4,2,44,3,0,113,0.8237176497223183,cross_split_cross_seed
str,activity_context_flat,42,4,2,44,3,1,99,0.7990048586992037,cross_split_cross_seed
str,activity_context_flat,42,4,2,44,3,2,108,0.7688932675534206,cross_split_cross_seed
str,activity_context_flat,42,4,2,44,4,0,105,0.7358128341170981,cross_split_cross_seed
str,activity_context_flat,42,4,2,44,4,1,105,0.7860424086795584,cross_split_cross_seed
str,activity_context_flat,42,4,2,44,4,2,210,0.7824430079181517,same_split_cross_seed
str,activity_context_flat,43,0,0,43,0,1,102,0.8339702644079879,cross_split_same_seed
str,activity_context_flat,43,0,0,43,0,2,103,0.8827079560234553,cross_split_same_seed
str,activity_context_flat,43,0,0,43,1,0,104,0.911409939596401,cross_split_same_seed
str,activity_context_flat,43,0,0,43,1,1,101,0.8614171419569774,cross_split_same_seed
str,activity_context_flat,43,0,0,43,1,2,107,0.8882200192344283,cross_split_same_seed
str,activity_context_flat,43,0,0,43,2,0,101,0.885182079512571,cross_split_same_seed
str,activity_context_flat,43,0,0,43,2,1,103,0.8031907663797899,cross_split_same_seed
str,activity_context_flat,43,0,0,43,2,2,98,0.9187719279571462,cross_split_same_seed
str,activity_context_flat,43,0,0,43,3,0,95,0.8129818828029336,cross_split_same_seed
str,activity_context_flat,43,0,0,43,3,1,106,0.9026966189688354,cross_split_same_seed
str,activity_context_flat,43,0,0,43,3,2,103,0.8800771700531609,cross_split_same_seed
str,activity_context_flat,43,0,0,43,4,0,117,0.8939355688468128,cross_split_same_seed
str,activity_context_flat,43,0,0,43,4,1,93,0.8271791979644288,cross_split_same_seed
str,activity_context_flat,43,0,0,43,4,2,102,0.9088876669502715,cross_split_same_seed
str,activity_context_flat,43,0,0,44,0,0,205,0.8136782431075943,same_split_cross_seed
str,activity_context_flat,43,0,0,44,0,1,102,0.7670214071510137,cross_split_cross_seed
str,activity_context_flat,43,0,0,44,0,2,103,0.8071910939966385,cross_split_cross_seed
str,activity_context_flat,43,0,0,44,1,0,104,0.7719881391506699,cross_split_cross_seed
str,activity_context_flat,43,0,0,44,1,1,101,0.7564611672407348,cross_split_cross_seed
str,activity_context_flat,43,0,0,44,1,2,107,0.8260422588166226,cross_split_cross_seed
str,activity_context_flat,43,0,0,44,2,0,101,0.8373727615012694,cross_split_cross_seed
str,activity_context_flat,43,0,0,44,2,1,103,0.8059494288821104,cross_split_cross_seed
str,activity_context_flat,43,0,0,44,2,2,98,0.8070075549163082,cross_split_cross_seed
str,activity_context_flat,43,0,0,44,3,0,95,0.7023080785049013,cross_split_cross_seed
str,activity_context_flat,43,0,0,44,3,1,106,0.8066424437883668,cross_split_cross_seed
str,activity_context_flat,43,0,0,44,3,2,103,0.8111782790621335,cross_split_cross_seed
str,activity_context_flat,43,0,0,44,4,0,117,0.7982855234127879,cross_split_cross_seed
str,activity_context_flat,43,0,0,44,4,1,93,0.7236367323063513,cross_split_cross_seed
str,activity_context_flat,43,0,0,44,4,2,102,0.757617296663723,cross_split_cross_seed
str,activity_context_flat,43,0,1,43,0,2,105,0.925766965909967,cross_split_same_seed
str,activity_context_flat,43,0,1,43,1,0,105,0.8414170820639586,cross_split_same_seed
str,activity_context_flat,43,0,1,43,1,1,107,0.8935669778105754,cross_split_same_seed
str,activity_context_flat,43,0,1,43,1,2,98,0.8954511593022401,cross_split_same_seed
str,activity_context_flat,43,0,1,43,2,0,108,0.8149168801938761,cross_split_same_seed
str,activity_context_flat,43,0,1,43,2,1,104,0.7355943997970256,cross_split_same_seed
str,activity_context_flat,43,0,1,43,2,2,98,0.893096548432625,cross_split_same_seed
str,activity_context_flat,43,0,1,43,3,0,100,0.7304923695308108,cross_split_same_seed
str,activity_context_flat,43,0,1,43,3,1,104,0.8808825082325664,cross_split_same_seed
str,activity_context_flat,43,0,1,43,3,2,110,0.9232924467824046,cross_split_same_seed
str,activity_context_flat,43,0,1,43,4,0,106,0.8469174982207999,cross_split_same_seed
str,activity_context_flat,43,0,1,43,4,1,100,0.8827310736890385,cross_split_same_seed
str,activity_context_flat,43,0,1,43,4,2,102,0.8610189689467036,cross_split_same_seed
str,activity_context_flat,43,0,1,44,0,0,102,0.8581320770602434,cross_split_cross_seed
str,activity_context_flat,43,0,1,44,0,1,207,0.8094395904337993,same_split_cross_seed
str,activity_context_flat,43,0,1,44,0,2,105,0.8704824965650855,cross_split_cross_seed
str,activity_context_flat,43,0,1,44,1,0,105,0.7625631047707062,cross_split_cross_seed
str,activity_context_flat,43,0,1,44,1,1,107,0.7327214022773798,cross_split_cross_seed
str,activity_context_flat,43,0,1,44,1,2,98,0.84200863193914,cross_split_cross_seed
str,activity_context_flat,43,0,1,44,2,0,108,0.8898411186970044,cross_split_cross_seed
str,activity_context_flat,43,0,1,44,2,1,104,0.8584361662264889,cross_split_cross_seed
str,activity_context_flat,43,0,1,44,2,2,98,0.8816535520267995,cross_split_cross_seed
str,activity_context_flat,43,0,1,44,3,0,100,0.7048155564557849,cross_split_cross_seed
str,activity_context_flat,43,0,1,44,3,1,104,0.8437825439872159,cross_split_cross_seed
str,activity_context_flat,43,0,1,44,3,2,110,0.8462153738333492,cross_split_cross_seed
str,activity_context_flat,43,0,1,44,4,0,106,0.8825134702263323,cross_split_cross_seed
str,activity_context_flat,43,0,1,44,4,1,100,0.7521877478109409,cross_split_cross_seed
str,activity_context_flat,43,0,1,44,4,2,102,0.7602701290262297,cross_split_cross_seed
str,activity_context_flat,43,0,2,43,1,0,99,0.8975650737666705,cross_split_same_seed
str,activity_context_flat,43,0,2,43,1,1,102,0.932299185777543,cross_split_same_seed
str,activity_context_flat,43,0,2,43,1,2,105,0.9377237746671441,cross_split_same_seed
str,activity_context_flat,43,0,2,43,2,0,109,0.8396933590862683,cross_split_same_seed
str,activity_context_flat,43,0,2,43,2,1,103,0.7288037304757844,cross_split_same_seed
str,activity_context_flat,43,0,2,43,2,2,104,0.9042418446360733,cross_split_same_seed
str,activity_context_flat,43,0,2,43,3,0,111,0.7590904390412742,cross_split_same_seed
str,activity_context_flat,43,0,2,43,3,1,98,0.8992522589337594,cross_split_same_seed
str,activity_context_flat,43,0,2,43,3,2,105,0.9287734028159803,cross_split_same_seed
str,activity_context_flat,43,0,2,43,4,0,99,0.8752699937164666,cross_split_same_seed
str,activity_context_flat,43,0,2,43,4,1,105,0.9019328482696486,cross_split_same_seed
str,activity_context_flat,43,0,2,43,4,2,108,0.8841256351071537,cross_split_same_seed
str,activity_context_flat,43,0,2,44,0,0,103,0.8838818677228366,cross_split_cross_seed
str,activity_context_flat,43,0,2,44,0,1,105,0.8183730466131623,cross_split_cross_seed
str,activity_context_flat,43,0,2,44,0,2,208,0.8766967911570446,same_split_cross_seed
str,activity_context_flat,43,0,2,44,1,0,99,0.7662705152390922,cross_split_cross_seed
str,activity_context_flat,43,0,2,44,1,1,102,0.7720561893600086,cross_split_cross_seed
str,activity_context_flat,43,0,2,44,1,2,105,0.8666214612595932,cross_split_cross_seed
str,activity_context_flat,43,0,2,44,2,0,109,0.9020436809310985,cross_split_cross_seed
str,activity_context_flat,43,0,2,44,2,1,103,0.8986160129765096,cross_split_cross_seed
str,activity_context_flat,43,0,2,44,2,2,104,0.859641041738126,cross_split_cross_seed
str,activity_context_flat,43,0,2,44,3,0,111,0.7276619706842268,cross_split_cross_seed
str,activity_context_flat,43,0,2,44,3,1,98,0.8483117815195155,cross_split_cross_seed
str,activity_context_flat,43,0,2,44,3,2,105,0.8563626729528462,cross_split_cross_seed
str,activity_context_flat,43,0,2,44,4,0,99,0.8983218843415293,cross_split_cross_seed
str,activity_context_flat,43,0,2,44,4,1,105,0.7810786735260098,cross_split_cross_seed
str,activity_context_flat,43,0,2,44,4,2,108,0.7667963056738742,cross_split_cross_seed
str,activity_context_flat,43,1,0,43,1,1,103,0.8864170525708609,cross_split_same_seed
str,activity_context_flat,43,1,0,43,1,2,104,0.9064394041246076,cross_split_same_seed
str,activity_context_flat,43,1,0,43,2,0,104,0.8329497034334463,cross_split_same_seed
str,activity_context_flat,43,1,0,43,2,1,101,0.7467263287368991,cross_split_same_seed
str,activity_context_flat,43,1,0,43,2,2,105,0.8583874835976231,cross_split_same_seed
str,activity_context_flat,43,1,0,43,3,0,104,0.7914804624913613,cross_split_same_seed
str,activity_context_flat,43,1,0,43,3,1,104,0.8582136139732847,cross_split_same_seed
str,activity_context_flat,43,1,0,43,3,2,102,0.902380180166736,cross_split_same_seed
str,activity_context_flat,43,1,0,43,4,0,109,0.872877722369792,cross_split_same_seed
str,activity_context_flat,43,1,0,43,4,1,101,0.8464032256723102,cross_split_same_seed
str,activity_context_flat,43,1,0,43,4,2,104,0.8564395485700936,cross_split_same_seed
str,activity_context_flat,43,1,0,44,0,0,104,0.8919561435078822,cross_split_cross_seed
str,activity_context_flat,43,1,0,44,0,1,105,0.8188386422630219,cross_split_cross_seed
str,activity_context_flat,43,1,0,44,0,2,99,0.8642545173770045,cross_split_cross_seed
str,activity_context_flat,43,1,0,44,1,0,207,0.76523496129511,same_split_cross_seed
str,activity_context_flat,43,1,0,44,1,1,103,0.8185403819381688,cross_split_cross_seed
str,activity_context_flat,43,1,0,44,1,2,104,0.8758571409644906,cross_split_cross_seed
str,activity_context_flat,43,1,0,44,2,0,104,0.8826610598684875,cross_split_cross_seed
str,activity_context_flat,43,1,0,44,2,1,101,0.8740581020589236,cross_split_cross_seed
str,activity_context_flat,43,1,0,44,2,2,105,0.879157148126122,cross_split_cross_seed
str,activity_context_flat,43,1,0,44,3,0,104,0.7627132143849455,cross_split_cross_seed
str,activity_context_flat,43,1,0,44,3,1,104,0.8630758638492587,cross_split_cross_seed
str,activity_context_flat,43,1,0,44,3,2,102,0.9016908626012314,cross_split_cross_seed
str,activity_context_flat,43,1,0,44,4,0,109,0.8804515727080109,cross_split_cross_seed
str,activity_context_flat,43,1,0,44,4,1,101,0.8033551189568255,cross_split_cross_seed
str,activity_context_flat,43,1,0,44,4,2,104,0.7965092389861734,cross_split_cross_seed
str,activity_context_flat,43,1,1,43,1,2,105,0.9135520406729322,cross_split_same_seed
str,activity_context_flat,43,1,1,43,2,0,101,0.8440385164261875,cross_split_same_seed
str,activity_context_flat,43,1,1,43,2,1,107,0.727880785558884,cross_split_same_seed
str,activity_context_flat,43,1,1,43,2,2,110,0.8692435092549258,cross_split_same_seed
str,activity_context_flat,43,1,1,43,3,0,97,0.7364159125103881,cross_split_same_seed
str,activity_context_flat,43,1,1,43,3,1,101,0.8653984115322358,cross_split_same_seed
str,activity_context_flat,43,1,1,43,3,2,106,0.8816589037302062,cross_split_same_seed
str,activity_context_flat,43,1,1,43,4,0,104,0.8336352625588642,cross_split_same_seed
str,activity_context_flat,43,1,1,43,4,1,109,0.8594056473498496,cross_split_same_seed
str,activity_context_flat,43,1,1,43,4,2,103,0.8023670201979582,cross_split_same_seed
str,activity_context_flat,43,1,1,44,0,0,101,0.8446266735780255,cross_split_cross_seed
str,activity_context_flat,43,1,1,44,0,1,107,0.7979682915596145,cross_split_cross_seed
str,activity_context_flat,43,1,1,44,0,2,102,0.856949583324565,cross_split_cross_seed
str,activity_context_flat,43,1,1,44,1,0,103,0.7520074071372391,cross_split_cross_seed
str,activity_context_flat,43,1,1,44,1,1,208,0.705807957519708,same_split_cross_seed
str,activity_context_flat,43,1,1,44,1,2,105,0.8255059025907889,cross_split_cross_seed
str,activity_context_flat,43,1,1,44,2,0,101,0.8667485582646606,cross_split_cross_seed
str,activity_context_flat,43,1,1,44,2,1,107,0.855758917844804,cross_split_cross_seed
str,activity_context_flat,43,1,1,44,2,2,110,0.8295218380883991,cross_split_cross_seed
str,activity_context_flat,43,1,1,44,3,0,97,0.6998770114833721,cross_split_cross_seed
str,activity_context_flat,43,1,1,44,3,1,101,0.8220099694326741,cross_split_cross_seed
str,activity_context_flat,43,1,1,44,3,2,106,0.8209312583567042,cross_split_cross_seed
str,activity_context_flat,43,1,1,44,4,0,104,0.8439544939520377,cross_split_cross_seed
str,activity_context_flat,43,1,1,44,4,1,109,0.7176016294838501,cross_split_cross_seed
str,activity_context_flat,43,1,1,44,4,2,103,0.7152159384085192,cross_split_cross_seed
str,activity_context_flat,43,1,2,43,2,0,105,0.8568316448527827,cross_split_same_seed
str,activity_context_flat,43,1,2,43,2,1,94,0.727173341334596,cross_split_same_seed
str,activity_context_flat,43,1,2,43,2,2,109,0.9097218775656377,cross_split_same_seed
str,activity_context_flat,43,1,2,43,3,0,105,0.762800356656386,cross_split_same_seed
str,activity_context_flat,43,1,2,43,3,1,105,0.9280515636521998,cross_split_same_seed
str,activity_context_flat,43,1,2,43,3,2,116,0.9417456202044358,cross_split_same_seed
str,activity_context_flat,43,1,2,43,4,0,101,0.876343920379094,cross_split_same_seed
str,activity_context_flat,43,1,2,43,4,1,114,0.9001291814710576,cross_split_same_seed
str,activity_context_flat,43,1,2,43,4,2,95,0.8599626220783889,cross_split_same_seed
str,activity_context_flat,43,1,2,44,0,0,107,0.8864984535296043,cross_split_cross_seed
str,activity_context_flat,43,1,2,44,0,1,98,0.8081591141797106,cross_split_cross_seed
str,activity_context_flat,43,1,2,44,0,2,105,0.8726930746637929,cross_split_cross_seed
str,activity_context_flat,43,1,2,44,1,0,104,0.7414874458664859,cross_split_cross_seed
str,activity_context_flat,43,1,2,44,1,1,105,0.7335090862371627,cross_split_cross_seed
str,activity_context_flat,43,1,2,44,1,2,209,0.858426891055831,same_split_cross_seed
str,activity_context_flat,43,1,2,44,2,0,105,0.9131905690435648,cross_split_cross_seed
str,activity_context_flat,43,1,2,44,2,1,94,0.9161085852360807,cross_split_cross_seed
str,activity_context_flat,43,1,2,44,2,2,109,0.8703579081819369,cross_split_cross_seed
str,activity_context_flat,43,1,2,44,3,0,105,0.6872620285832616,cross_split_cross_seed
str,activity_context_flat,43,1,2,44,3,1,105,0.8522305027119045,cross_split_cross_seed
str,activity_context_flat,43,1,2,44,3,2,116,0.8635172396815696,cross_split_cross_seed
str,activity_context_flat,43,1,2,44,4,0,101,0.8793537648030345,cross_split_cross_seed
str,activity_context_flat,43,1,2,44,4,1,114,0.7821557954904619,cross_split_cross_seed
str,activity_context_flat,43,1,2,44,4,2,95,0.727220939893961,cross_split_cross_seed
str,activity_context_flat,43,2,0,43,2,1,103,0.7779133650306138,cross_split_same_seed
str,activity_context_flat,43,2,0,43,2,2,104,0.8798639869919719,cross_split_same_seed
str,activity_context_flat,43,2,0,43,3,0,103,0.7974598865006087,cross_split_same_seed
str,activity_context_flat,43,2,0,43,3,1,107,0.8757800336023973,cross_split_same_seed
str,activity_context_flat,43,2,0,43,3,2,104,0.8257352572350517,cross_split_same_seed
str,activity_context_flat,43,2,0,43,4,0,105,0.8692034175179362,cross_split_same_seed
str,activity_context_flat,43,2,0,43,4,1,94,0.8584553092196733,cross_split_same_seed
str,activity_context_flat,43,2,0,43,4,2,101,0.8439887474491184,cross_split_same_seed
str,activity_context_flat,43,2,0,44,0,0,101,0.7801300577516902,cross_split_cross_seed
str,activity_context_flat,43,2,0,44,0,1,108,0.7408605035795701,cross_split_cross_seed
str,activity_context_flat,43,2,0,44,0,2,109,0.7467379078697911,cross_split_cross_seed
str,activity_context_flat,43,2,0,44,1,0,104,0.7253387100591251,cross_split_cross_seed
str,activity_context_flat,43,2,0,44,1,1,101,0.7380189312578797,cross_split_cross_seed
str,activity_context_flat,43,2,0,44,1,2,105,0.8006173562599094,cross_split_cross_seed
str,activity_context_flat,43,2,0,44,2,0,207,0.7592244175825048,same_split_cross_seed
str,activity_context_flat,43,2,0,44,2,1,103,0.7521986220125778,cross_split_cross_seed
str,activity_context_flat,43,2,0,44,2,2,104,0.7836606336656068,cross_split_cross_seed
str,activity_context_flat,43,2,0,44,3,0,103,0.7015213076353158,cross_split_cross_seed
str,activity_context_flat,43,2,0,44,3,1,107,0.784982984476682,cross_split_cross_seed
str,activity_context_flat,43,2,0,44,3,2,104,0.7704446295765671,cross_split_cross_seed
str,activity_context_flat,43,2,0,44,4,0,105,0.7900398571269853,cross_split_cross_seed
str,activity_context_flat,43,2,0,44,4,1,94,0.7571689728346114,cross_split_cross_seed
str,activity_context_flat,43,2,0,44,4,2,101,0.7447569609828174,cross_split_cross_seed
str,activity_context_flat,43,2,1,43,2,2,105,0.7905145229950329,cross_split_same_seed
str,activity_context_flat,43,2,1,43,3,0,108,0.7976922578625125,cross_split_same_seed
str,activity_context_flat,43,2,1,43,3,1,111,0.7814781011241759,cross_split_same_seed
str,activity_context_flat,43,2,1,43,3,2,101,0.6679697944794626,cross_split_same_seed
str,activity_context_flat,43,2,1,43,4,0,103,0.7866822804375831,cross_split_same_seed
str,activity_context_flat,43,2,1,43,4,1,103,0.7073191128509513,cross_split_same_seed
str,activity_context_flat,43,2,1,43,4,2,110,0.8191913460788826,cross_split_same_seed
str,activity_context_flat,43,2,1,44,0,0,103,0.6882041057088377,cross_split_cross_seed
str,activity_context_flat,43,2,1,44,0,1,104,0.6504289189506944,cross_split_cross_seed
str,activity_context_flat,43,2,1,44,0,2,103,0.676121238202678,cross_split_cross_seed
str,activity_context_flat,43,2,1,44,1,0,101,0.717592201719314,cross_split_cross_seed
str,activity_context_flat,43,2,1,44,1,1,107,0.6996803835951877,cross_split_cross_seed
str,activity_context_flat,43,2,1,44,1,2,94,0.7465866431949578,cross_split_cross_seed
str,activity_context_flat,43,2,1,44,2,0,103,0.6686428174907679,cross_split_cross_seed
str,activity_context_flat,43,2,1,44,2,1,208,0.6102338514089551,same_split_cross_seed
str,activity_context_flat,43,2,1,44,2,2,105,0.6706535372488279,cross_split_cross_seed
str,activity_context_flat,43,2,1,44,3,0,108,0.6860775686777251,cross_split_cross_seed
str,activity_context_flat,43,2,1,44,3,1,111,0.6874882420265985,cross_split_cross_seed
str,activity_context_flat,43,2,1,44,3,2,101,0.6956846154673935,cross_split_cross_seed
str,activity_context_flat,43,2,1,44,4,0,103,0.6633147060563607,cross_split_cross_seed
str,activity_context_flat,43,2,1,44,4,1,103,0.677995350738796,cross_split_cross_seed
str,activity_context_flat,43,2,1,44,4,2,110,0.6804974217152432,cross_split_cross_seed
str,activity_context_flat,43,2,2,43,3,0,103,0.7760148867619515,cross_split_same_seed
str,activity_context_flat,43,2,2,43,3,1,102,0.9387053943682305,cross_split_same_seed
str,activity_context_flat,43,2,2,43,3,2,101,0.92163040315985,cross_split_same_seed
str,activity_context_flat,43,2,2,43,4,0,106,0.9146720782729176,cross_split_same_seed
str,activity_context_flat,43,2,2,43,4,1,103,0.8740167250008519,cross_split_same_seed
str,activity_context_flat,43,2,2,43,4,2,115,0.9144429456531313,cross_split_same_seed
str,activity_context_flat,43,2,2,44,0,0,98,0.8424454926348134,cross_split_cross_seed
str,activity_context_flat,43,2,2,44,0,1,98,0.8034917272737684,cross_split_cross_seed
str,activity_context_flat,43,2,2,44,0,2,104,0.8038392245887537,cross_split_cross_seed
str,activity_context_flat,43,2,2,44,1,0,105,0.7406480591459548,cross_split_cross_seed
str,activity_context_flat,43,2,2,44,1,1,110,0.73541925413704,cross_split_cross_seed
str,activity_context_flat,43,2,2,44,1,2,109,0.8337273483384928,cross_split_cross_seed
str,activity_context_flat,43,2,2,44,2,0,104,0.8532547859229732,cross_split_cross_seed
str,activity_context_flat,43,2,2,44,2,1,105,0.8234681989713558,cross_split_cross_seed
str,activity_context_flat,43,2,2,44,2,2,209,0.7944753618652881,same_split_cross_seed
str,activity_context_flat,43,2,2,44,3,0,103,0.7032908538226715,cross_split_cross_seed
str,activity_context_flat,43,2,2,44,3,1,102,0.836354950414571,cross_split_cross_seed
str,activity_context_flat,43,2,2,44,3,2,101,0.8429506268066845,cross_split_cross_seed
str,activity_context_flat,43,2,2,44,4,0,106,0.8328293415483428,cross_split_cross_seed
str,activity_context_flat,43,2,2,44,4,1,103,0.7637472309402555,cross_split_cross_seed
str,activity_context_flat,43,2,2,44,4,2,115,0.7490714699087013,cross_split_cross_seed
str,activity_context_flat,43,3,0,43,3,1,103,0.7941020858875167,cross_split_same_seed
str,activity_context_flat,43,3,0,43,3,2,105,0.7115082961128625,cross_split_same_seed
str,activity_context_flat,43,3,0,43,4,0,97,0.821052704901317,cross_split_same_seed
str,activity_context_flat,43,3,0,43,4,1,112,0.7445133214570866,cross_split_same_seed
str,activity_context_flat,43,3,0,43,4,2,113,0.8298959048547229,cross_split_same_seed
str,activity_context_flat,43,3,0,44,0,0,95,0.7469859778520647,cross_split_cross_seed
str,activity_context_flat,43,3,0,44,0,1,100,0.7387832884585198,cross_split_cross_seed
str,activity_context_flat,43,3,0,44,0,2,111,0.7186555456852554,cross_split_cross_seed
str,activity_context_flat,43,3,0,44,1,0,104,0.7525311706098878,cross_split_cross_seed
str,activity_context_flat,43,3,0,44,1,1,97,0.7784625462945531,cross_split_cross_seed
str,activity_context_flat,43,3,0,44,1,2,105,0.7760058924135715,cross_split_cross_seed
str,activity_context_flat,43,3,0,44,2,0,103,0.7105417649204371,cross_split_cross_seed
str,activity_context_flat,43,3,0,44,2,1,108,0.7025297172084469,cross_split_cross_seed
str,activity_context_flat,43,3,0,44,2,2,103,0.7404417156717181,cross_split_cross_seed
str,activity_context_flat,43,3,0,44,3,0,208,0.6799442575664902,same_split_cross_seed
str,activity_context_flat,43,3,0,44,3,1,103,0.7783194593996264,cross_split_cross_seed
str,activity_context_flat,43,3,0,44,3,2,105,0.7523883138453338,cross_split_cross_seed
str,activity_context_flat,43,3,0,44,4,0,97,0.7493794999211377,cross_split_cross_seed
str,activity_context_flat,43,3,0,44,4,1,112,0.7216265604863471,cross_split_cross_seed
str,activity_context_flat,43,3,0,44,4,2,113,0.7547144111633431,cross_split_cross_seed
str,activity_context_flat,43,3,1,43,3,2,105,0.9053746651251198,cross_split_same_seed
str,activity_context_flat,43,3,1,43,4,0,105,0.8937502050361658,cross_split_same_seed
str,activity_context_flat,43,3,1,43,4,1,106,0.8854613596092061,cross_split_same_seed
str,activity_context_flat,43,3,1,43,4,2,99,0.9184459456312356,cross_split_same_seed
str,activity_context_flat,43,3,1,44,0,0,106,0.8067165982601671,cross_split_cross_seed
str,activity_context_flat,43,3,1,44,0,1,104,0.7728315444846757,cross_split_cross_seed
str,activity_context_flat,43,3,1,44,0,2,98,0.8299351370172224,cross_split_cross_seed
str,activity_context_flat,43,3,1,44,1,0,104,0.7061053871296352,cross_split_cross_seed
str,activity_context_flat,43,3,1,44,1,1,101,0.748136484311202,cross_split_cross_seed
str,activity_context_flat,43,3,1,44,1,2,105,0.8293936938164573,cross_split_cross_seed
str,activity_context_flat,43,3,1,44,2,0,107,0.8683373044575968,cross_split_cross_seed
str,activity_context_flat,43,3,1,44,2,1,111,0.802954457420808,cross_split_cross_seed
str,activity_context_flat,43,3,1,44,2,2,102,0.8628993067112894,cross_split_cross_seed
str,activity_context_flat,43,3,1,44,3,0,103,0.6911221763691405,cross_split_cross_seed
str,activity_context_flat,43,3,1,44,3,1,208,0.805059438029516,same_split_cross_seed
str,activity_context_flat,43,3,1,44,3,2,105,0.8309593887172073,cross_split_cross_seed
str,activity_context_flat,43,3,1,44,4,0,105,0.806808711405464,cross_split_cross_seed
str,activity_context_flat,43,3,1,44,4,1,106,0.7875259703405297,cross_split_cross_seed
str,activity_context_flat,43,3,1,44,4,2,99,0.7413339239845294,cross_split_cross_seed
str,activity_context_flat,43,3,2,43,4,0,96,0.8815602824475104,cross_split_same_seed
str,activity_context_flat,43,3,2,43,4,1,108,0.8935372730493782,cross_split_same_seed
str,activity_context_flat,43,3,2,43,4,2,108,0.8632903486247241,cross_split_same_seed
str,activity_context_flat,43,3,2,44,0,0,103,0.8808950893868867,cross_split_cross_seed
str,activity_context_flat,43,3,2,44,0,1,110,0.808002035716268,cross_split_cross_seed
str,activity_context_flat,43,3,2,44,0,2,105,0.8621040078619515,cross_split_cross_seed
str,activity_context_flat,43,3,2,44,1,0,102,0.7674239737360135,cross_split_cross_seed
str,activity_context_flat,43,3,2,44,1,1,106,0.7352333606264756,cross_split_cross_seed
str,activity_context_flat,43,3,2,44,1,2,116,0.8512189511298232,cross_split_cross_seed
str,activity_context_flat,43,3,2,44,2,0,104,0.9191220068366112,cross_split_cross_seed
str,activity_context_flat,43,3,2,44,2,1,101,0.8809410670400089,cross_split_cross_seed
str,activity_context_flat,43,3,2,44,2,2,101,0.8974696781989757,cross_split_cross_seed
str,activity_context_flat,43,3,2,44,3,0,105,0.6884424135109839,cross_split_cross_seed
str,activity_context_flat,43,3,2,44,3,1,105,0.850992553521896,cross_split_cross_seed
str,activity_context_flat,43,3,2,44,3,2,210,0.8539971804521451,same_split_cross_seed
str,activity_context_flat,43,3,2,44,4,0,96,0.8953051516046705,cross_split_cross_seed
str,activity_context_flat,43,3,2,44,4,1,108,0.7746353576224543,cross_split_cross_seed
str,activity_context_flat,43,3,2,44,4,2,108,0.7426736338204224,cross_split_cross_seed
str,activity_context_flat,43,4,0,43,4,1,103,0.8386800802513596,cross_split_same_seed
str,activity_context_flat,43,4,0,43,4,2,105,0.9206779407357351,cross_split_same_seed
str,activity_context_flat,43,4,0,44,0,0,117,0.7905826577166184,cross_split_cross_seed
str,activity_context_flat,43,4,0,44,0,1,106,0.7475343772718249,cross_split_cross_seed
str,activity_context_flat,43,4,0,44,0,2,99,0.7972608893404153,cross_split_cross_seed
str,activity_context_flat,43,4,0,44,1,0,109,0.7346436240003884,cross_split_cross_seed
str,activity_context_flat,43,4,0,44,1,1,104,0.7086643633462161,cross_split_cross_seed
str,activity_context_flat,43,4,0,44,1,2,101,0.8319259921110365,cross_split_cross_seed
str,activity_context_flat,43,4,0,44,2,0,105,0.8346842407899853,cross_split_cross_seed
str,activity_context_flat,43,4,0,44,2,1,103,0.7787854284871252,cross_split_cross_seed
str,activity_context_flat,43,4,0,44,2,2,106,0.8073537001511634,cross_split_cross_seed
str,activity_context_flat,43,4,0,44,3,0,97,0.7337120961388491,cross_split_cross_seed
str,activity_context_flat,43,4,0,44,3,1,105,0.8037619722072078,cross_split_cross_seed
str,activity_context_flat,43,4,0,44,3,2,96,0.815800599900093,cross_split_cross_seed
str,activity_context_flat,43,4,0,44,4,0,208,0.7760302018753249,same_split_cross_seed
str,activity_context_flat,43,4,0,44,4,1,103,0.7434220991816344,cross_split_cross_seed
str,activity_context_flat,43,4,0,44,4,2,105,0.7480054253127314,cross_split_cross_seed
str,activity_context_flat,43,4,1,43,4,2,105,0.8291332974394064,cross_split_same_seed
str,activity_context_flat,43,4,1,44,0,0,93,0.8162828509159813,cross_split_cross_seed
str,activity_context_flat,43,4,1,44,0,1,100,0.7716897619807248,cross_split_cross_seed
str,activity_context_flat,43,4,1,44,0,2,105,0.8207466945061407,cross_split_cross_seed
str,activity_context_flat,43,4,1,44,1,0,101,0.7660125490052752,cross_split_cross_seed
str,activity_context_flat,43,4,1,44,1,1,109,0.7582231948715328,cross_split_cross_seed
str,activity_context_flat,43,4,1,44,1,2,114,0.8462468105180574,cross_split_cross_seed
str,activity_context_flat,43,4,1,44,2,0,94,0.8515599568754733,cross_split_cross_seed
str,activity_context_flat,43,4,1,44,2,1,103,0.83745063205105,cross_split_cross_seed
str,activity_context_flat,43,4,1,44,2,2,103,0.8180066334662504,cross_split_cross_seed
str,activity_context_flat,43,4,1,44,3,0,112,0.73854056730225,cross_split_cross_seed
str,activity_context_flat,43,4,1,44,3,1,106,0.8156430559884892,cross_split_cross_seed
str,activity_context_flat,43,4,1,44,3,2,108,0.8215473460186699,cross_split_cross_seed
str,activity_context_flat,43,4,1,44,4,0,103,0.8396224067680794,cross_split_cross_seed
str,activity_context_flat,43,4,1,44,4,1,208,0.775151191029749,same_split_cross_seed
str,activity_context_flat,43,4,1,44,4,2,105,0.7423932299469694,cross_split_cross_seed
str,activity_context_flat,43,4,2,44,0,0,102,0.8119721841887279,cross_split_cross_seed
str,activity_context_flat,43,4,2,44,0,1,102,0.7719407019046791,cross_split_cross_seed
str,activity_context_flat,43,4,2,44,0,2,108,0.8129655330689168,cross_split_cross_seed
str,activity_context_flat,43,4,2,44,1,0,104,0.7461822463391297,cross_split_cross_seed
str,activity_context_flat,43,4,2,44,1,1,103,0.7269349487109509,cross_split_cross_seed
str,activity_context_flat,43,4,2,44,1,2,95,0.8114788897659756,cross_split_cross_seed
str,activity_context_flat,43,4,2,44,2,0,101,0.8133289419394174,cross_split_cross_seed
str,activity_context_flat,43,4,2,44,2,1,110,0.7930986609953513,cross_split_cross_seed
str,activity_context_flat,43,4,2,44,2,2,115,0.8227550769095555,cross_split_cross_seed
str,activity_context_flat,43,4,2,44,3,0,113,0.7255519586001761,cross_split_cross_seed
str,activity_context_flat,43,4,2,44,3,1,99,0.8335961748730296,cross_split_cross_seed
str,activity_context_flat,43,4,2,44,3,2,108,0.8175220838309615,cross_split_cross_seed
str,activity_context_flat,43,4,2,44,4,0,105,0.8097896179715773,cross_split_cross_seed
str,activity_context_flat,43,4,2,44,4,1,105,0.762996010739206,cross_split_cross_seed
str,activity_context_flat,43,4,2,44,4,2,210,0.7250000039512856,same_split_cross_seed
str,activity_context_flat,44,0,0,44,0,1,102,0.8964277444162632,cross_split_same_seed
str,activity_context_flat,44,0,0,44,0,2,103,0.9185382642919293,cross_split_same_seed
str,activity_context_flat,44,0,0,44,1,0,104,0.8479166484069719,cross_split_same_seed
str,activity_context_flat,44,0,0,44,1,1,101,0.8361584347117855,cross_split_same_seed
str,activity_context_flat,44,0,0,44,1,2,107,0.9159910964346044,cross_split_same_seed
str,activity_context_flat,44,0,0,44,2,0,101,0.9198388385097155,cross_split_same_seed
str,activity_context_flat,44,0,0,44,2,1,103,0.9153355933975058,cross_split_same_seed
str,activity_context_flat,44,0,0,44,2,2,98,0.9157056964088292,cross_split_same_seed
str,activity_context_flat,44,0,0,44,3,0,95,0.781473327759437,cross_split_same_seed
str,activity_context_flat,44,0,0,44,3,1,106,0.9194736957881162,cross_split_same_seed
str,activity_context_flat,44,0,0,44,3,2,103,0.9224947025783918,cross_split_same_seed
str,activity_context_flat,44,0,0,44,4,0,117,0.9365842053747978,cross_split_same_seed
str,activity_context_flat,44,0,0,44,4,1,93,0.8066212269096514,cross_split_same_seed
str,activity_context_flat,44,0,0,44,4,2,102,0.8406259278250914,cross_split_same_seed
str,activity_context_flat,44,0,1,44,0,2,105,0.8713752775763307,cross_split_same_seed
str,activity_context_flat,44,0,1,44,1,0,105,0.8385403608655159,cross_split_same_seed
str,activity_context_flat,44,0,1,44,1,1,107,0.8273936517963374,cross_split_same_seed
str,activity_context_flat,44,0,1,44,1,2,98,0.8743078301395867,cross_split_same_seed
str,activity_context_flat,44,0,1,44,2,0,108,0.8769073442073944,cross_split_same_seed
str,activity_context_flat,44,0,1,44,2,1,104,0.8653955571987781,cross_split_same_seed
str,activity_context_flat,44,0,1,44,2,2,98,0.9000202151579455,cross_split_same_seed
str,activity_context_flat,44,0,1,44,3,0,100,0.7811150653877845,cross_split_same_seed
str,activity_context_flat,44,0,1,44,3,1,104,0.8982711910921868,cross_split_same_seed
str,activity_context_flat,44,0,1,44,3,2,110,0.8885843158785377,cross_split_same_seed
str,activity_context_flat,44,0,1,44,4,0,106,0.914114774878634,cross_split_same_seed
str,activity_context_flat,44,0,1,44,4,1,100,0.784460544444013,cross_split_same_seed
str,activity_context_flat,44,0,1,44,4,2,102,0.8214492898214308,cross_split_same_seed
str,activity_context_flat,44,0,2,44,1,0,99,0.7949781959006962,cross_split_same_seed
str,activity_context_flat,44,0,2,44,1,1,102,0.8196376696757939,cross_split_same_seed
str,activity_context_flat,44,0,2,44,1,2,105,0.8929671103571016,cross_split_same_seed
str,activity_context_flat,44,0,2,44,2,0,109,0.965696013490107,cross_split_same_seed
str,activity_context_flat,44,0,2,44,2,1,103,0.9698244857434734,cross_split_same_seed
str,activity_context_flat,44,0,2,44,2,2,104,0.9596015569756546,cross_split_same_seed
str,activity_context_flat,44,0,2,44,3,0,111,0.7626641792041065,cross_split_same_seed
str,activity_context_flat,44,0,2,44,3,1,98,0.913465672601343,cross_split_same_seed
str,activity_context_flat,44,0,2,44,3,2,105,0.8971265558181081,cross_split_same_seed
str,activity_context_flat,44,0,2,44,4,0,99,0.9464982882843281,cross_split_same_seed
str,activity_context_flat,44,0,2,44,4,1,105,0.8416904675966844,cross_split_same_seed
str,activity_context_flat,44,0,2,44,4,2,108,0.795718338626895,cross_split_same_seed
str,activity_context_flat,44,1,0,44,1,1,103,0.8681711636852227,cross_split_same_seed
str,activity_context_flat,44,1,0,44,1,2,104,0.8532079788530961,cross_split_same_seed
str,activity_context_flat,44,1,0,44,2,0,104,0.7833940800391405,cross_split_same_seed
str,activity_context_flat,44,1,0,44,2,1,101,0.7681346760841813,cross_split_same_seed
str,activity_context_flat,44,1,0,44,2,2,105,0.8259888840720911,cross_split_same_seed
str,activity_context_flat,44,1,0,44,3,0,104,0.8683048193723751,cross_split_same_seed
str,activity_context_flat,44,1,0,44,3,1,104,0.8513086203334927,cross_split_same_seed
str,activity_context_flat,44,1,0,44,3,2,102,0.8837310141109894,cross_split_same_seed
str,activity_context_flat,44,1,0,44,4,0,109,0.8307659948970367,cross_split_same_seed
str,activity_context_flat,44,1,0,44,4,1,101,0.8480214391233594,cross_split_same_seed
str,activity_context_flat,44,1,0,44,4,2,104,0.8650017120663124,cross_split_same_seed
str,activity_context_flat,44,1,1,44,1,2,105,0.8776681343028077,cross_split_same_seed
str,activity_context_flat,44,1,1,44,2,0,101,0.8030795175187604,cross_split_same_seed
str,activity_context_flat,44,1,1,44,2,1,107,0.8116243948343274,cross_split_same_seed
str,activity_context_flat,44,1,1,44,2,2,110,0.850559030651426,cross_split_same_seed
str,activity_context_flat,44,1,1,44,3,0,97,0.8579123496040303,cross_split_same_seed
str,activity_context_flat,44,1,1,44,3,1,101,0.8698135285445368,cross_split_same_seed
str,activity_context_flat,44,1,1,44,3,2,106,0.8555869840110137,cross_split_same_seed
str,activity_context_flat,44,1,1,44,4,0,104,0.8276931816303559,cross_split_same_seed
str,activity_context_flat,44,1,1,44,4,1,109,0.8599638299926444,cross_split_same_seed
str,activity_context_flat,44,1,1,44,4,2,103,0.8292500153794635,cross_split_same_seed
str,activity_context_flat,44,1,2,44,2,0,105,0.892125761178214,cross_split_same_seed
str,activity_context_flat,44,1,2,44,2,1,94,0.9125659849436161,cross_split_same_seed
str,activity_context_flat,44,1,2,44,2,2,109,0.9006196089530265,cross_split_same_seed
str,activity_context_flat,44,1,2,44,3,0,105,0.8464942383192513,cross_split_same_seed
str,activity_context_flat,44,1,2,44,3,1,105,0.9091930506318913,cross_split_same_seed
str,activity_context_flat,44,1,2,44,3,2,116,0.9129375130174617,cross_split_same_seed
str,activity_context_flat,44,1,2,44,4,0,101,0.9103785864007972,cross_split_same_seed
str,activity_context_flat,44,1,2,44,4,1,114,0.8912414696003045,cross_split_same_seed
str,activity_context_flat,44,1,2,44,4,2,95,0.8465697480428916,cross_split_same_seed
str,activity_context_flat,44,2,0,44,2,1,103,0.9556091385349965,cross_split_same_seed
str,activity_context_flat,44,2,0,44,2,2,104,0.9689354145868069,cross_split_same_seed
str,activity_context_flat,44,2,0,44,3,0,103,0.7463773452954179,cross_split_same_seed
str,activity_context_flat,44,2,0,44,3,1,107,0.9275559856701522,cross_split_same_seed
str,activity_context_flat,44,2,0,44,3,2,104,0.9176250061916363,cross_split_same_seed
str,activity_context_flat,44,2,0,44,4,0,105,0.9538663919437096,cross_split_same_seed
str,activity_context_flat,44,2,0,44,4,1,94,0.8631035201014945,cross_split_same_seed
str,activity_context_flat,44,2,0,44,4,2,101,0.8050223605331354,cross_split_same_seed
str,activity_context_flat,44,2,1,44,2,2,105,0.9573693860108053,cross_split_same_seed
str,activity_context_flat,44,2,1,44,3,0,108,0.7540121157350499,cross_split_same_seed
str,activity_context_flat,44,2,1,44,3,1,111,0.9116960721237893,cross_split_same_seed
str,activity_context_flat,44,2,1,44,3,2,101,0.9039478169167786,cross_split_same_seed
str,activity_context_flat,44,2,1,44,4,0,103,0.92024258069691,cross_split_same_seed
str,activity_context_flat,44,2,1,44,4,1,103,0.8296174475971999,cross_split_same_seed
str,activity_context_flat,44,2,1,44,4,2,110,0.778448595779176,cross_split_same_seed
str,activity_context_flat,44,2,2,44,3,0,103,0.8064730736459478,cross_split_same_seed
str,activity_context_flat,44,2,2,44,3,1,102,0.9436461455088595,cross_split_same_seed
str,activity_context_flat,44,2,2,44,3,2,101,0.9267374124819033,cross_split_same_seed
str,activity_context_flat,44,2,2,44,4,0,106,0.9446244680219695,cross_split_same_seed
str,activity_context_flat,44,2,2,44,4,1,103,0.865626680401703,cross_split_same_seed
str,activity_context_flat,44,2,2,44,4,2,115,0.816432941665259,cross_split_same_seed
str,activity_context_flat,44,3,0,44,3,1,103,0.8355387186634491,cross_split_same_seed
str,activity_context_flat,44,3,0,44,3,2,105,0.8381095774865496,cross_split_same_seed
str,activity_context_flat,44,3,0,44,4,0,97,0.8098010262189553,cross_split_same_seed
str,activity_context_flat,44,3,0,44,4,1,112,0.8477407258749228,cross_split_same_seed
str,activity_context_flat,44,3,0,44,4,2,113,0.862996365329364,cross_split_same_seed
str,activity_context_flat,44,3,1,44,3,2,105,0.9242896497793928,cross_split_same_seed
str,activity_context_flat,44,3,1,44,4,0,105,0.923252915207852,cross_split_same_seed
str,activity_context_flat,44,3,1,44,4,1,106,0.8941870541752902,cross_split_same_seed
str,activity_context_flat,44,3,1,44,4,2,99,0.8987490398705565,cross_split_same_seed
str,activity_context_flat,44,3,2,44,4,0,96,0.9410492502221006,cross_split_same_seed
str,activity_context_flat,44,3,2,44,4,1,108,0.8754252197887755,cross_split_same_seed
str,activity_context_flat,44,3,2,44,4,2,108,0.8566083451507129,cross_split_same_seed
str,activity_context_flat,44,4,0,44,4,1,103,0.858489896949897,cross_split_same_seed
str,activity_context_flat,44,4,0,44,4,2,105,0.8348431127867125,cross_split_same_seed
str,activity_context_flat,44,4,1,44,4,2,105,0.8557305053029294,cross_split_same_seed
str,subject_embedding,42,0,0,42,0,1,102,0.6825909841202411,cross_split_same_seed
str,subject_embedding,42,0,0,42,0,2,103,0.655046785912395,cross_split_same_seed
str,subject_embedding,42,0,0,42,1,0,104,0.7531119619833784,cross_split_same_seed
str,subject_embedding,42,0,0,42,1,1,101,0.7457367161126913,cross_split_same_seed
str,subject_embedding,42,0,0,42,1,2,107,0.6895939882922079,cross_split_same_seed
str,subject_embedding,42,0,0,42,2,0,101,0.57053201445637,cross_split_same_seed
str,subject_embedding,42,0,0,42,2,1,103,0.5558452543704545,cross_split_same_seed
str,subject_embedding,42,0,0,42,2,2,98,0.7389646641969223,cross_split_same_seed
str,subject_embedding,42,0,0,42,3,0,95,0.6674737142648071,cross_split_same_seed
str,subject_embedding,42,0,0,42,3,1,106,0.6592015171065637,cross_split_same_seed
str,subject_embedding,42,0,0,42,3,2,103,0.5399358490899079,cross_split_same_seed
str,subject_embedding,42,0,0,42,4,0,117,0.6254424104754779,cross_split_same_seed
str,subject_embedding,42,0,0,42,4,1,93,0.5831713052677865,cross_split_same_seed
str,subject_embedding,42,0,0,42,4,2,102,0.656919951498802,cross_split_same_seed
str,subject_embedding,42,0,0,43,0,0,205,0.672062256086395,same_split_cross_seed
str,subject_embedding,42,0,0,43,0,1,102,0.44696312716537684,cross_split_cross_seed
str,subject_embedding,42,0,0,43,0,2,103,0.6104869627584246,cross_split_cross_seed
str,subject_embedding,42,0,0,43,1,0,104,0.4218849379326793,cross_split_cross_seed
str,subject_embedding,42,0,0,43,1,1,101,0.35120453500602367,cross_split_cross_seed
str,subject_embedding,42,0,0,43,1,2,107,0.5624424930273101,cross_split_cross_seed
str,subject_embedding,42,0,0,43,2,0,101,0.44517032960413094,cross_split_cross_seed
str,subject_embedding,42,0,0,43,2,1,103,0.4140404318309991,cross_split_cross_seed
str,subject_embedding,42,0,0,43,2,2,98,0.5772596560359933,cross_split_cross_seed
str,subject_embedding,42,0,0,43,3,0,95,0.5933737853011448,cross_split_cross_seed
str,subject_embedding,42,0,0,43,3,1,106,0.5841517818360565,cross_split_cross_seed
str,subject_embedding,42,0,0,43,3,2,103,0.6613439464776584,cross_split_cross_seed
str,subject_embedding,42,0,0,43,4,0,117,0.47289962791383133,cross_split_cross_seed
str,subject_embedding,42,0,0,43,4,1,93,0.4787143909528736,cross_split_cross_seed
str,subject_embedding,42,0,0,43,4,2,102,0.6468871638912506,cross_split_cross_seed
str,subject_embedding,42,0,0,44,0,0,205,0.5976186757417199,same_split_cross_seed
str,subject_embedding,42,0,0,44,0,1,102,0.451056737956709,cross_split_cross_seed
str,subject_embedding,42,0,0,44,0,2,103,0.6601664100600804,cross_split_cross_seed
str,subject_embedding,42,0,0,44,1,0,104,0.48678226900129007,cross_split_cross_seed
str,subject_embedding,42,0,0,44,1,1,101,0.4972883347875808,cross_split_cross_seed
str,subject_embedding,42,0,0,44,1,2,107,0.5170843152896889,cross_split_cross_seed
str,subject_embedding,42,0,0,44,2,0,101,0.6171538765155797,cross_split_cross_seed
str,subject_embedding,42,0,0,44,2,1,103,0.5203551560532215,cross_split_cross_seed
str,subject_embedding,42,0,0,44,2,2,98,0.6653137787419374,cross_split_cross_seed
str,subject_embedding,42,0,0,44,3,0,95,0.4640116487556902,cross_split_cross_seed
str,subject_embedding,42,0,0,44,3,1,106,0.623542006037478,cross_split_cross_seed
str,subject_embedding,42,0,0,44,3,2,103,0.7118215426369734,cross_split_cross_seed
str,subject_embedding,42,0,0,44,4,0,117,0.5737963339801941,cross_split_cross_seed
str,subject_embedding,42,0,0,44,4,1,93,0.4456031345948287,cross_split_cross_seed
str,subject_embedding,42,0,0,44,4,2,102,0.516555913960785,cross_split_cross_seed
str,subject_embedding,42,0,1,42,0,2,105,0.6729311919591754,cross_split_same_seed
str,subject_embedding,42,0,1,42,1,0,105,0.48391549046430105,cross_split_same_seed
str,subject_embedding,42,0,1,42,1,1,107,0.6235416328669681,cross_split_same_seed
str,subject_embedding,42,0,1,42,1,2,98,0.6163069992851745,cross_split_same_seed
str,subject_embedding,42,0,1,42,2,0,108,0.6548334711589273,cross_split_same_seed
str,subject_embedding,42,0,1,42,2,1,104,0.5913558987369743,cross_split_same_seed
str,subject_embedding,42,0,1,42,2,2,98,0.609937628167326,cross_split_same_seed
str,subject_embedding,42,0,1,42,3,0,100,0.5474565915008184,cross_split_same_seed
str,subject_embedding,42,0,1,42,3,1,104,0.5992393073778974,cross_split_same_seed
str,subject_embedding,42,0,1,42,3,2,110,0.5304665052956143,cross_split_same_seed
str,subject_embedding,42,0,1,42,4,0,106,0.5353871070663089,cross_split_same_seed
str,subject_embedding,42,0,1,42,4,1,100,0.5419780113768489,cross_split_same_seed
str,subject_embedding,42,0,1,42,4,2,102,0.5337271035481017,cross_split_same_seed
str,subject_embedding,42,0,1,43,0,0,102,0.5847751466095976,cross_split_cross_seed
str,subject_embedding,42,0,1,43,0,1,207,0.3673699397560052,same_split_cross_seed
str,subject_embedding,42,0,1,43,0,2,105,0.4517502763689076,cross_split_cross_seed
str,subject_embedding,42,0,1,43,1,0,105,0.33453120077066084,cross_split_cross_seed
str,subject_embedding,42,0,1,43,1,1,107,0.31705202095606194,cross_split_cross_seed
str,subject_embedding,42,0,1,43,1,2,98,0.44886074592441383,cross_split_cross_seed
str,subject_embedding,42,0,1,43,2,0,108,0.503088763108679,cross_split_cross_seed
str,subject_embedding,42,0,1,43,2,1,104,0.5301316047281992,cross_split_cross_seed
str,subject_embedding,42,0,1,43,2,2,98,0.6042246814420688,cross_split_cross_seed
str,subject_embedding,42,0,1,43,3,0,100,0.5274825241472264,cross_split_cross_seed
str,subject_embedding,42,0,1,43,3,1,104,0.5591226980065409,cross_split_cross_seed
str,subject_embedding,42,0,1,43,3,2,110,0.510501600194079,cross_split_cross_seed
str,subject_embedding,42,0,1,43,4,0,106,0.511066653425146,cross_split_cross_seed
str,subject_embedding,42,0,1,43,4,1,100,0.5113325767609697,cross_split_cross_seed
str,subject_embedding,42,0,1,43,4,2,102,0.5029216180404487,cross_split_cross_seed
str,subject_embedding,42,0,1,44,0,0,102,0.6012437121599601,cross_split_cross_seed
str,subject_embedding,42,0,1,44,0,1,207,0.4224753956368337,same_split_cross_seed
str,subject_embedding,42,0,1,44,0,2,105,0.46025121881627057,cross_split_cross_seed
str,subject_embedding,42,0,1,44,1,0,105,0.5916716367157981,cross_split_cross_seed
str,subject_embedding,42,0,1,44,1,1,107,0.5124350344701485,cross_split_cross_seed
str,subject_embedding,42,0,1,44,1,2,98,0.5899066944415873,cross_split_cross_seed
str,subject_embedding,42,0,1,44,2,0,108,0.5368494518447913,cross_split_cross_seed
str,subject_embedding,42,0,1,44,2,1,104,0.45061821875690217,cross_split_cross_seed
str,subject_embedding,42,0,1,44,2,2,98,0.6254688846245171,cross_split_cross_seed
str,subject_embedding,42,0,1,44,3,0,100,0.5935859304197584,cross_split_cross_seed
str,subject_embedding,42,0,1,44,3,1,104,0.566961322328141,cross_split_cross_seed
str,subject_embedding,42,0,1,44,3,2,110,0.6132278690999735,cross_split_cross_seed
str,subject_embedding,42,0,1,44,4,0,106,0.537658072386957,cross_split_cross_seed
str,subject_embedding,42,0,1,44,4,1,100,0.4323997734311586,cross_split_cross_seed
str,subject_embedding,42,0,1,44,4,2,102,0.5266458540072614,cross_split_cross_seed
str,subject_embedding,42,0,2,42,1,0,99,0.5071990681029122,cross_split_same_seed
str,subject_embedding,42,0,2,42,1,1,102,0.5618085714103206,cross_split_same_seed
str,subject_embedding,42,0,2,42,1,2,105,0.6572384452757938,cross_split_same_seed
str,subject_embedding,42,0,2,42,2,0,109,0.5346285192553755,cross_split_same_seed
str,subject_embedding,42,0,2,42,2,1,103,0.47601874536143907,cross_split_same_seed
str,subject_embedding,42,0,2,42,2,2,104,0.5450897918932197,cross_split_same_seed
str,subject_embedding,42,0,2,42,3,0,111,0.4821643320709581,cross_split_same_seed
str,subject_embedding,42,0,2,42,3,1,98,0.5182378819862958,cross_split_same_seed
str,subject_embedding,42,0,2,42,3,2,105,0.42958482689282923,cross_split_same_seed
str,subject_embedding,42,0,2,42,4,0,99,0.4899279266125314,cross_split_same_seed
str,subject_embedding,42,0,2,42,4,1,105,0.5220563036918278,cross_split_same_seed
str,subject_embedding,42,0,2,42,4,2,108,0.5555746641828737,cross_split_same_seed
str,subject_embedding,42,0,2,43,0,0,103,0.5817184408395737,cross_split_cross_seed
str,subject_embedding,42,0,2,43,0,1,105,0.33155178937134616,cross_split_cross_seed
str,subject_embedding,42,0,2,43,0,2,208,0.4633422638797814,same_split_cross_seed
str,subject_embedding,42,0,2,43,1,0,99,0.30135744239699613,cross_split_cross_seed
str,subject_embedding,42,0,2,43,1,1,102,0.3029327517379395,cross_split_cross_seed
str,subject_embedding,42,0,2,43,1,2,105,0.46394000280418907,cross_split_cross_seed
str,subject_embedding,42,0,2,43,2,0,109,0.46834037433213566,cross_split_cross_seed
str,subject_embedding,42,0,2,43,2,1,103,0.5152689520857622,cross_split_cross_seed
str,subject_embedding,42,0,2,43,2,2,104,0.5604033450640596,cross_split_cross_seed
str,subject_embedding,42,0,2,43,3,0,111,0.4744791852665211,cross_split_cross_seed
str,subject_embedding,42,0,2,43,3,1,98,0.5604858307120368,cross_split_cross_seed
str,subject_embedding,42,0,2,43,3,2,105,0.45568205267220474,cross_split_cross_seed
str,subject_embedding,42,0,2,43,4,0,99,0.47841991083784746,cross_split_cross_seed
str,subject_embedding,42,0,2,43,4,1,105,0.41539752468565383,cross_split_cross_seed
str,subject_embedding,42,0,2,43,4,2,108,0.5830140992755244,cross_split_cross_seed
str,subject_embedding,42,0,2,44,0,0,103,0.5304015219375435,cross_split_cross_seed
str,subject_embedding,42,0,2,44,0,1,105,0.4049661094944742,cross_split_cross_seed
str,subject_embedding,42,0,2,44,0,2,208,0.4723311150553306,same_split_cross_seed
str,subject_embedding,42,0,2,44,1,0,99,0.50537583388372,cross_split_cross_seed
str,subject_embedding,42,0,2,44,1,1,102,0.5123665085202985,cross_split_cross_seed
str,subject_embedding,42,0,2,44,1,2,105,0.5396984601279929,cross_split_cross_seed
str,subject_embedding,42,0,2,44,2,0,109,0.4978851188515956,cross_split_cross_seed
str,subject_embedding,42,0,2,44,2,1,103,0.5167061433773511,cross_split_cross_seed
str,subject_embedding,42,0,2,44,2,2,104,0.5325039629943285,cross_split_cross_seed
str,subject_embedding,42,0,2,44,3,0,111,0.5005632737951936,cross_split_cross_seed
str,subject_embedding,42,0,2,44,3,1,98,0.47472850845049247,cross_split_cross_seed
str,subject_embedding,42,0,2,44,3,2,105,0.554627137042476,cross_split_cross_seed
str,subject_embedding,42,0,2,44,4,0,99,0.4912422321392887,cross_split_cross_seed
str,subject_embedding,42,0,2,44,4,1,105,0.42421384753567853,cross_split_cross_seed
str,subject_embedding,42,0,2,44,4,2,108,0.54560588029012,cross_split_cross_seed
str,subject_embedding,42,1,0,42,1,1,103,0.7636192215004005,cross_split_same_seed
str,subject_embedding,42,1,0,42,1,2,104,0.4943844366415878,cross_split_same_seed
str,subject_embedding,42,1,0,42,2,0,104,0.4829260823552892,cross_split_same_seed
str,subject_embedding,42,1,0,42,2,1,101,0.6937499462949804,cross_split_same_seed
str,subject_embedding,42,1,0,42,2,2,105,0.8223443953578932,cross_split_same_seed
str,subject_embedding,42,1,0,42,3,0,104,0.8236708123243439,cross_split_same_seed
str,subject_embedding,42,1,0,42,3,1,104,0.7662939267451276,cross_split_same_seed
str,subject_embedding,42,1,0,42,3,2,102,0.6873307017404903,cross_split_same_seed
str,subject_embedding,42,1,0,42,4,0,109,0.7886824249017423,cross_split_same_seed
str,subject_embedding,42,1,0,42,4,1,101,0.7562629270844002,cross_split_same_seed
str,subject_embedding,42,1,0,42,4,2,104,0.7104092110394407,cross_split_same_seed
str,subject_embedding,42,1,0,43,0,0,104,0.6502954848336824,cross_split_cross_seed
str,subject_embedding,42,1,0,43,0,1,105,0.23451694605366283,cross_split_cross_seed
str,subject_embedding,42,1,0,43,0,2,99,0.49170203511891974,cross_split_cross_seed
str,subject_embedding,42,1,0,43,1,0,207,0.26473763780202075,same_split_cross_seed
str,subject_embedding,42,1,0,43,1,1,103,0.19348359272946775,cross_split_cross_seed
str,subject_embedding,42,1,0,43,1,2,104,0.3117928006172532,cross_split_cross_seed
str,subject_embedding,42,1,0,43,2,0,104,0.4220028339145245,cross_split_cross_seed
str,subject_embedding,42,1,0,43,2,1,101,0.45518116569022554,cross_split_cross_seed
str,subject_embedding,42,1,0,43,2,2,105,0.4827966675782618,cross_split_cross_seed
str,subject_embedding,42,1,0,43,3,0,104,0.6181856917630638,cross_split_cross_seed
str,subject_embedding,42,1,0,43,3,1,104,0.5194371275034649,cross_split_cross_seed
str,subject_embedding,42,1,0,43,3,2,102,0.5810349599963641,cross_split_cross_seed
str,subject_embedding,42,1,0,43,4,0,109,0.5282162845477664,cross_split_cross_seed
str,subject_embedding,42,1,0,43,4,1,101,0.3124410456213628,cross_split_cross_seed
str,subject_embedding,42,1,0,43,4,2,104,0.5749395827757956,cross_split_cross_seed
str,subject_embedding,42,1,0,44,0,0,104,0.5138290594586455,cross_split_cross_seed
str,subject_embedding,42,1,0,44,0,1,105,0.33913662971873615,cross_split_cross_seed
str,subject_embedding,42,1,0,44,0,2,99,0.6006374936974835,cross_split_cross_seed
str,subject_embedding,42,1,0,44,1,0,207,0.4194828495733032,same_split_cross_seed
str,subject_embedding,42,1,0,44,1,1,103,0.6069137669403103,cross_split_cross_seed
str,subject_embedding,42,1,0,44,1,2,104,0.5769243351914385,cross_split_cross_seed
str,subject_embedding,42,1,0,44,2,0,104,0.622284388772701,cross_split_cross_seed
str,subject_embedding,42,1,0,44,2,1,101,0.49726340226713245,cross_split_cross_seed
str,subject_embedding,42,1,0,44,2,2,105,0.7089001006867205,cross_split_cross_seed
str,subject_embedding,42,1,0,44,3,0,104,0.4863269370215318,cross_split_cross_seed
str,subject_embedding,42,1,0,44,3,1,104,0.7212971086287754,cross_split_cross_seed
str,subject_embedding,42,1,0,44,3,2,102,0.6276028561026501,cross_split_cross_seed
str,subject_embedding,42,1,0,44,4,0,109,0.5696730616898508,cross_split_cross_seed
str,subject_embedding,42,1,0,44,4,1,101,0.6265286714602324,cross_split_cross_seed
str,subject_embedding,42,1,0,44,4,2,104,0.5452162426532176,cross_split_cross_seed
str,subject_embedding,42,1,1,42,1,2,105,0.49169636931983796,cross_split_same_seed
str,subject_embedding,42,1,1,42,2,0,101,0.6022245944772405,cross_split_same_seed
str,subject_embedding,42,1,1,42,2,1,107,0.6656965151233193,cross_split_same_seed
str,subject_embedding,42,1,1,42,2,2,110,0.7788810532624314,cross_split_same_seed
str,subject_embedding,42,1,1,42,3,0,97,0.673445949971407,cross_split_same_seed
str,subject_embedding,42,1,1,42,3,1,101,0.762900233225412,cross_split_same_seed
str,subject_embedding,42,1,1,42,3,2,106,0.5728230932300632,cross_split_same_seed
str,subject_embedding,42,1,1,42,4,0,104,0.702539464603752,cross_split_same_seed
str,subject_embedding,42,1,1,42,4,1,109,0.6627188147370322,cross_split_same_seed
str,subject_embedding,42,1,1,42,4,2,103,0.6733072865079357,cross_split_same_seed
str,subject_embedding,42,1,1,43,0,0,101,0.6411021811309999,cross_split_cross_seed
str,subject_embedding,42,1,1,43,0,1,107,0.3571645389111543,cross_split_cross_seed
str,subject_embedding,42,1,1,43,0,2,102,0.5694203021257347,cross_split_cross_seed
str,subject_embedding,42,1,1,43,1,0,103,0.30035784107402697,cross_split_cross_seed
str,subject_embedding,42,1,1,43,1,1,208,0.21268420008774486,same_split_cross_seed
str,subject_embedding,42,1,1,43,1,2,105,0.33500254673891494,cross_split_cross_seed
str,subject_embedding,42,1,1,43,2,0,101,0.43753958286807776,cross_split_cross_seed
str,subject_embedding,42,1,1,43,2,1,107,0.5035143223370375,cross_split_cross_seed
str,subject_embedding,42,1,1,43,2,2,110,0.5009081235603225,cross_split_cross_seed
str,subject_embedding,42,1,1,43,3,0,97,0.551986119290895,cross_split_cross_seed
str,subject_embedding,42,1,1,43,3,1,101,0.5969073209385688,cross_split_cross_seed
str,subject_embedding,42,1,1,43,3,2,106,0.47931147815894676,cross_split_cross_seed
str,subject_embedding,42,1,1,43,4,0,104,0.5626091548056806,cross_split_cross_seed
str,subject_embedding,42,1,1,43,4,1,109,0.3001902056667008,cross_split_cross_seed
str,subject_embedding,42,1,1,43,4,2,103,0.586134685109272,cross_split_cross_seed
str,subject_embedding,42,1,1,44,0,0,101,0.4926045988986056,cross_split_cross_seed
str,subject_embedding,42,1,1,44,0,1,107,0.373114485874011,cross_split_cross_seed
str,subject_embedding,42,1,1,44,0,2,102,0.6090330017116528,cross_split_cross_seed
str,subject_embedding,42,1,1,44,1,0,103,0.4150947714520223,cross_split_cross_seed
str,subject_embedding,42,1,1,44,1,1,208,0.5661084577974695,same_split_cross_seed
str,subject_embedding,42,1,1,44,1,2,105,0.472560524114469,cross_split_cross_seed
str,subject_embedding,42,1,1,44,2,0,101,0.6276486176496933,cross_split_cross_seed
str,subject_embedding,42,1,1,44,2,1,107,0.5243216618974316,cross_split_cross_seed
str,subject_embedding,42,1,1,44,2,2,110,0.6949517929013009,cross_split_cross_seed
str,subject_embedding,42,1,1,44,3,0,97,0.4572811171320384,cross_split_cross_seed
str,subject_embedding,42,1,1,44,3,1,101,0.7153476620238358,cross_split_cross_seed
str,subject_embedding,42,1,1,44,3,2,106,0.5440985847503624,cross_split_cross_seed
str,subject_embedding,42,1,1,44,4,0,104,0.5345668424730993,cross_split_cross_seed
str,subject_embedding,42,1,1,44,4,1,109,0.5734896736421943,cross_split_cross_seed
str,subject_embedding,42,1,1,44,4,2,103,0.48438486338348424,cross_split_cross_seed
str,subject_embedding,42,1,2,42,2,0,105,0.44516884810206625,cross_split_same_seed
str,subject_embedding,42,1,2,42,2,1,94,0.32302216432535386,cross_split_same_seed
str,subject_embedding,42,1,2,42,2,2,109,0.39308439318963934,cross_split_same_seed
str,subject_embedding,42,1,2,42,3,0,105,0.33359988748909647,cross_split_same_seed
str,subject_embedding,42,1,2,42,3,1,105,0.5501605681463471,cross_split_same_seed
str,subject_embedding,42,1,2,42,3,2,116,0.3268299263340232,cross_split_same_seed
str,subject_embedding,42,1,2,42,4,0,101,0.43231444305967226,cross_split_same_seed
str,subject_embedding,42,1,2,42,4,1,114,0.38189178999701545,cross_split_same_seed
str,subject_embedding,42,1,2,42,4,2,95,0.4067176113456521,cross_split_same_seed
str,subject_embedding,42,1,2,43,0,0,107,0.6111690798647165,cross_split_cross_seed
str,subject_embedding,42,1,2,43,0,1,98,0.49785861431739026,cross_split_cross_seed
str,subject_embedding,42,1,2,43,0,2,105,0.5837151261521111,cross_split_cross_seed
str,subject_embedding,42,1,2,43,1,0,104,0.4207735555932876,cross_split_cross_seed
str,subject_embedding,42,1,2,43,1,1,105,0.4013412627929643,cross_split_cross_seed
str,subject_embedding,42,1,2,43,1,2,209,0.661465589096249,same_split_cross_seed
str,subject_embedding,42,1,2,43,2,0,105,0.45385231505430074,cross_split_cross_seed
str,subject_embedding,42,1,2,43,2,1,94,0.31778356786251,cross_split_cross_seed
str,subject_embedding,42,1,2,43,2,2,109,0.5926084523875662,cross_split_cross_seed
str,subject_embedding,42,1,2,43,3,0,105,0.3317259290545974,cross_split_cross_seed
str,subject_embedding,42,1,2,43,3,1,105,0.6553402255437353,cross_split_cross_seed
str,subject_embedding,42,1,2,43,3,2,116,0.7084781417824106,cross_split_cross_seed
str,subject_embedding,42,1,2,43,4,0,101,0.46916028593469505,cross_split_cross_seed
str,subject_embedding,42,1,2,43,4,1,114,0.41627086787031087,cross_split_cross_seed
str,subject_embedding,42,1,2,43,4,2,95,0.5684942142769772,cross_split_cross_seed
str,subject_embedding,42,1,2,44,0,0,107,0.514002533783799,cross_split_cross_seed
str,subject_embedding,42,1,2,44,0,1,98,0.4097894411656798,cross_split_cross_seed
str,subject_embedding,42,1,2,44,0,2,105,0.512021109133109,cross_split_cross_seed
str,subject_embedding,42,1,2,44,1,0,104,0.5192684788914727,cross_split_cross_seed
str,subject_embedding,42,1,2,44,1,1,105,0.30339696549872935,cross_split_cross_seed
str,subject_embedding,42,1,2,44,1,2,209,0.4177240506766125,same_split_cross_seed
str,subject_embedding,42,1,2,44,2,0,105,0.5927982292524575,cross_split_cross_seed
str,subject_embedding,42,1,2,44,2,1,94,0.6216305293493515,cross_split_cross_seed
str,subject_embedding,42,1,2,44,2,2,109,0.509594662177252,cross_split_cross_seed
str,subject_embedding,42,1,2,44,3,0,105,0.3265346632277295,cross_split_cross_seed
str,subject_embedding,42,1,2,44,3,1,105,0.5139020090691909,cross_split_cross_seed
str,subject_embedding,42,1,2,44,3,2,116,0.6644586964609542,cross_split_cross_seed
str,subject_embedding,42,1,2,44,4,0,101,0.5996018338606699,cross_split_cross_seed
str,subject_embedding,42,1,2,44,4,1,114,0.4186874486195898,cross_split_cross_seed
str,subject_embedding,42,1,2,44,4,2,95,0.38457717658927426,cross_split_cross_seed
str,subject_embedding,42,2,0,42,2,1,103,0.5866676864118794,cross_split_same_seed
str,subject_embedding,42,2,0,42,2,2,104,0.49876926582755027,cross_split_same_seed
str,subject_embedding,42,2,0,42,3,0,103,0.506474501300326,cross_split_same_seed
str,subject_embedding,42,2,0,42,3,1,107,0.48557019128221424,cross_split_same_seed
str,subject_embedding,42,2,0,42,3,2,104,0.5131997098155376,cross_split_same_seed
str,subject_embedding,42,2,0,42,4,0,105,0.5606842007376471,cross_split_same_seed
str,subject_embedding,42,2,0,42,4,1,94,0.6379731194837399,cross_split_same_seed
str,subject_embedding,42,2,0,42,4,2,101,0.47125297191169235,cross_split_same_seed
str,subject_embedding,42,2,0,43,0,0,101,0.5360515707246098,cross_split_cross_seed
str,subject_embedding,42,2,0,43,0,1,108,0.28817183162858256,cross_split_cross_seed
str,subject_embedding,42,2,0,43,0,2,109,0.3483356825068159,cross_split_cross_seed
str,subject_embedding,42,2,0,43,1,0,104,0.3743135182652262,cross_split_cross_seed
str,subject_embedding,42,2,0,43,1,1,101,0.36845450769621707,cross_split_cross_seed
str,subject_embedding,42,2,0,43,1,2,105,0.3023935509536257,cross_split_cross_seed
str,subject_embedding,42,2,0,43,2,0,207,0.533889280415936,same_split_cross_seed
str,subject_embedding,42,2,0,43,2,1,103,0.5425156695337287,cross_split_cross_seed
str,subject_embedding,42,2,0,43,2,2,104,0.5127187051247449,cross_split_cross_seed
str,subject_embedding,42,2,0,43,3,0,103,0.5237805108738992,cross_split_cross_seed
str,subject_embedding,42,2,0,43,3,1,107,0.46730973731433106,cross_split_cross_seed
str,subject_embedding,42,2,0,43,3,2,104,0.45883812312137817,cross_split_cross_seed
str,subject_embedding,42,2,0,43,4,0,105,0.530852680973448,cross_split_cross_seed
str,subject_embedding,42,2,0,43,4,1,94,0.44458443065826164,cross_split_cross_seed
str,subject_embedding,42,2,0,43,4,2,101,0.4017798691209325,cross_split_cross_seed
str,subject_embedding,42,2,0,44,0,0,101,0.5070559967319347,cross_split_cross_seed
str,subject_embedding,42,2,0,44,0,1,108,0.31906245989253446,cross_split_cross_seed
str,subject_embedding,42,2,0,44,0,2,109,0.3516928303188216,cross_split_cross_seed
str,subject_embedding,42,2,0,44,1,0,104,0.6504185399615098,cross_split_cross_seed
str,subject_embedding,42,2,0,44,1,1,101,0.5066026654344264,cross_split_cross_seed
str,subject_embedding,42,2,0,44,1,2,105,0.6051483389732698,cross_split_cross_seed
str,subject_embedding,42,2,0,44,2,0,207,0.4279629978641467,same_split_cross_seed
str,subject_embedding,42,2,0,44,2,1,103,0.2986036024351,cross_split_cross_seed
str,subject_embedding,42,2,0,44,2,2,104,0.45331829417611036,cross_split_cross_seed
str,subject_embedding,42,2,0,44,3,0,103,0.6071923029391082,cross_split_cross_seed
str,subject_embedding,42,2,0,44,3,1,107,0.4808280526686744,cross_split_cross_seed
str,subject_embedding,42,2,0,44,3,2,104,0.598473011323011,cross_split_cross_seed
str,subject_embedding,42,2,0,44,4,0,105,0.4733671622156832,cross_split_cross_seed
str,subject_embedding,42,2,0,44,4,1,94,0.5671141123173584,cross_split_cross_seed
str,subject_embedding,42,2,0,44,4,2,101,0.5107213675351462,cross_split_cross_seed
str,subject_embedding,42,2,1,42,2,2,105,0.7703448238178756,cross_split_same_seed
str,subject_embedding,42,2,1,42,3,0,108,0.7983198353321025,cross_split_same_seed
str,subject_embedding,42,2,1,42,3,1,111,0.5621459096049665,cross_split_same_seed
str,subject_embedding,42,2,1,42,3,2,101,0.7939889532661861,cross_split_same_seed
str,subject_embedding,42,2,1,42,4,0,103,0.8397507737664823,cross_split_same_seed
str,subject_embedding,42,2,1,42,4,1,103,0.7928684921200442,cross_split_same_seed
str,subject_embedding,42,2,1,42,4,2,110,0.7717977096346594,cross_split_same_seed
str,subject_embedding,42,2,1,43,0,0,103,0.47470493273453035,cross_split_cross_seed
str,subject_embedding,42,2,1,43,0,1,104,0.2320268775129623,cross_split_cross_seed
str,subject_embedding,42,2,1,43,0,2,103,0.3606431073388958,cross_split_cross_seed
str,subject_embedding,42,2,1,43,1,0,101,0.3077397729886837,cross_split_cross_seed
str,subject_embedding,42,2,1,43,1,1,107,0.2869013661676724,cross_split_cross_seed
str,subject_embedding,42,2,1,43,1,2,94,0.287319171093474,cross_split_cross_seed
str,subject_embedding,42,2,1,43,2,0,103,0.4119632149660048,cross_split_cross_seed
str,subject_embedding,42,2,1,43,2,1,208,0.6277833773279284,same_split_cross_seed
str,subject_embedding,42,2,1,43,2,2,105,0.4192404295211948,cross_split_cross_seed
str,subject_embedding,42,2,1,43,3,0,108,0.6912904395057108,cross_split_cross_seed
str,subject_embedding,42,2,1,43,3,1,111,0.3338547919832328,cross_split_cross_seed
str,subject_embedding,42,2,1,43,3,2,101,0.3844808196844388,cross_split_cross_seed
str,subject_embedding,42,2,1,43,4,0,103,0.592518130979171,cross_split_cross_seed
str,subject_embedding,42,2,1,43,4,1,103,0.29053034461840743,cross_split_cross_seed
str,subject_embedding,42,2,1,43,4,2,110,0.5417263818520647,cross_split_cross_seed
str,subject_embedding,42,2,1,44,0,0,103,0.4396051914914133,cross_split_cross_seed
str,subject_embedding,42,2,1,44,0,1,104,0.40039810854847924,cross_split_cross_seed
str,subject_embedding,42,2,1,44,0,2,103,0.4109602689283872,cross_split_cross_seed
str,subject_embedding,42,2,1,44,1,0,101,0.5918272257608795,cross_split_cross_seed
str,subject_embedding,42,2,1,44,1,1,107,0.6823934489102454,cross_split_cross_seed
str,subject_embedding,42,2,1,44,1,2,94,0.5564533643581596,cross_split_cross_seed
str,subject_embedding,42,2,1,44,2,0,103,0.41865232629098387,cross_split_cross_seed
str,subject_embedding,42,2,1,44,2,1,208,0.2917244679503745,same_split_cross_seed
str,subject_embedding,42,2,1,44,2,2,105,0.45124270733019467,cross_split_cross_seed
str,subject_embedding,42,2,1,44,3,0,108,0.6270111613012629,cross_split_cross_seed
str,subject_embedding,42,2,1,44,3,1,111,0.5956172909172277,cross_split_cross_seed
str,subject_embedding,42,2,1,44,3,2,101,0.5646825762695871,cross_split_cross_seed
str,subject_embedding,42,2,1,44,4,0,103,0.4603157633088758,cross_split_cross_seed
str,subject_embedding,42,2,1,44,4,1,103,0.5916751620790146,cross_split_cross_seed
str,subject_embedding,42,2,1,44,4,2,110,0.5787988452744013,cross_split_cross_seed
str,subject_embedding,42,2,2,42,3,0,103,0.826238224403747,cross_split_same_seed
str,subject_embedding,42,2,2,42,3,1,102,0.7220528798144629,cross_split_same_seed
str,subject_embedding,42,2,2,42,3,2,101,0.7818680466331628,cross_split_same_seed
str,subject_embedding,42,2,2,42,4,0,106,0.8156297285480968,cross_split_same_seed
str,subject_embedding,42,2,2,42,4,1,103,0.7747734497070361,cross_split_same_seed
str,subject_embedding,42,2,2,42,4,2,115,0.8286830893522009,cross_split_same_seed
str,subject_embedding,42,2,2,43,0,0,98,0.5499744161278616,cross_split_cross_seed
str,subject_embedding,42,2,2,43,0,1,98,0.3014534381009856,cross_split_cross_seed
str,subject_embedding,42,2,2,43,0,2,104,0.37738167407448586,cross_split_cross_seed
str,subject_embedding,42,2,2,43,1,0,105,0.2504416057571646,cross_split_cross_seed
str,subject_embedding,42,2,2,43,1,1,110,0.16251123889081417,cross_split_cross_seed
str,subject_embedding,42,2,2,43,1,2,109,0.24728478152843403,cross_split_cross_seed
str,subject_embedding,42,2,2,43,2,0,104,0.39855526252023693,cross_split_cross_seed
str,subject_embedding,42,2,2,43,2,1,105,0.557285837623074,cross_split_cross_seed
str,subject_embedding,42,2,2,43,2,2,209,0.4374539110024981,same_split_cross_seed
str,subject_embedding,42,2,2,43,3,0,103,0.6449842880668508,cross_split_cross_seed
str,subject_embedding,42,2,2,43,3,1,102,0.5120712372720396,cross_split_cross_seed
str,subject_embedding,42,2,2,43,3,2,101,0.5086599560858872,cross_split_cross_seed
str,subject_embedding,42,2,2,43,4,0,106,0.56689855921886,cross_split_cross_seed
str,subject_embedding,42,2,2,43,4,1,103,0.3121762447614108,cross_split_cross_seed
str,subject_embedding,42,2,2,43,4,2,115,0.5859646772759993,cross_split_cross_seed
str,subject_embedding,42,2,2,44,0,0,98,0.5825748327385322,cross_split_cross_seed
str,subject_embedding,42,2,2,44,0,1,98,0.47738452441108536,cross_split_cross_seed
str,subject_embedding,42,2,2,44,0,2,104,0.5275310059480912,cross_split_cross_seed
str,subject_embedding,42,2,2,44,1,0,105,0.5145008410140156,cross_split_cross_seed
str,subject_embedding,42,2,2,44,1,1,110,0.641447514392253,cross_split_cross_seed
str,subject_embedding,42,2,2,44,1,2,109,0.538740387441899,cross_split_cross_seed
str,subject_embedding,42,2,2,44,2,0,104,0.6424089455421746,cross_split_cross_seed
str,subject_embedding,42,2,2,44,2,1,105,0.46691729997546794,cross_split_cross_seed
str,subject_embedding,42,2,2,44,2,2,209,0.6660866231252944,same_split_cross_seed
str,subject_embedding,42,2,2,44,3,0,103,0.5341412289370578,cross_split_cross_seed
str,subject_embedding,42,2,2,44,3,1,102,0.7667500886940654,cross_split_cross_seed
str,subject_embedding,42,2,2,44,3,2,101,0.6478118842388304,cross_split_cross_seed
str,subject_embedding,42,2,2,44,4,0,106,0.6197381396489996,cross_split_cross_seed
str,subject_embedding,42,2,2,44,4,1,103,0.6005494578056736,cross_split_cross_seed
str,subject_embedding,42,2,2,44,4,2,115,0.6315476874771073,cross_split_cross_seed
str,subject_embedding,42,3,0,42,3,1,103,0.6562179145680419,cross_split_same_seed
str,subject_embedding,42,3,0,42,3,2,105,0.7954834122474244,cross_split_same_seed
str,subject_embedding,42,3,0,42,4,0,97,0.8410848869202338,cross_split_same_seed
str,subject_embedding,42,3,0,42,4,1,112,0.7875379097516928,cross_split_same_seed
str,subject_embedding,42,3,0,42,4,2,113,0.7898219532164071,cross_split_same_seed
str,subject_embedding,42,3,0,43,0,0,95,0.5632812203008166,cross_split_cross_seed
str,subject_embedding,42,3,0,43,0,1,100,0.22355038816438422,cross_split_cross_seed
str,subject_embedding,42,3,0,43,0,2,111,0.38954588469073703,cross_split_cross_seed
str,subject_embedding,42,3,0,43,1,0,104,0.26064064724128355,cross_split_cross_seed
str,subject_embedding,42,3,0,43,1,1,97,0.24815189760880757,cross_split_cross_seed
str,subject_embedding,42,3,0,43,1,2,105,0.22550669750627106,cross_split_cross_seed
str,subject_embedding,42,3,0,43,2,0,103,0.35627477733620316,cross_split_cross_seed
str,subject_embedding,42,3,0,43,2,1,108,0.5430545784356701,cross_split_cross_seed
str,subject_embedding,42,3,0,43,2,2,103,0.46889593245508915,cross_split_cross_seed
str,subject_embedding,42,3,0,43,3,0,208,0.665009870831101,same_split_cross_seed
str,subject_embedding,42,3,0,43,3,1,103,0.4111141923597874,cross_split_cross_seed
str,subject_embedding,42,3,0,43,3,2,105,0.4440201826197368,cross_split_cross_seed
str,subject_embedding,42,3,0,43,4,0,97,0.6177787594356576,cross_split_cross_seed
str,subject_embedding,42,3,0,43,4,1,112,0.31596067783979465,cross_split_cross_seed
str,subject_embedding,42,3,0,43,4,2,113,0.5701012863090018,cross_split_cross_seed
str,subject_embedding,42,3,0,44,0,0,95,0.5571495784050147,cross_split_cross_seed
str,subject_embedding,42,3,0,44,0,1,100,0.328372508929172,cross_split_cross_seed
str,subject_embedding,42,3,0,44,0,2,111,0.4980423254202111,cross_split_cross_seed
str,subject_embedding,42,3,0,44,1,0,104,0.5064178252567972,cross_split_cross_seed
str,subject_embedding,42,3,0,44,1,1,97,0.644063204828071,cross_split_cross_seed
str,subject_embedding,42,3,0,44,1,2,105,0.5024774332976832,cross_split_cross_seed
str,subject_embedding,42,3,0,44,2,0,103,0.4665570200938848,cross_split_cross_seed
str,subject_embedding,42,3,0,44,2,1,108,0.36206443063587623,cross_split_cross_seed
str,subject_embedding,42,3,0,44,2,2,103,0.5799992879013139,cross_split_cross_seed
str,subject_embedding,42,3,0,44,3,0,208,0.5276973260526654,same_split_cross_seed
str,subject_embedding,42,3,0,44,3,1,103,0.6426096030530887,cross_split_cross_seed
str,subject_embedding,42,3,0,44,3,2,105,0.6057135962839083,cross_split_cross_seed
str,subject_embedding,42,3,0,44,4,0,97,0.5168042512950044,cross_split_cross_seed
str,subject_embedding,42,3,0,44,4,1,112,0.5647763350887877,cross_split_cross_seed
str,subject_embedding,42,3,0,44,4,2,113,0.6101145306472281,cross_split_cross_seed
str,subject_embedding,42,3,1,42,3,2,105,0.5085807204304686,cross_split_same_seed
str,subject_embedding,42,3,1,42,4,0,105,0.6879401084842024,cross_split_same_seed
str,subject_embedding,42,3,1,42,4,1,106,0.6288703970283999,cross_split_same_seed
str,subject_embedding,42,3,1,42,4,2,99,0.5928612706123115,cross_split_same_seed
str,subject_embedding,42,3,1,43,0,0,106,0.5632358293717896,cross_split_cross_seed
str,subject_embedding,42,3,1,43,0,1,104,0.37739276023697793,cross_split_cross_seed
str,subject_embedding,42,3,1,43,0,2,98,0.6024284699114937,cross_split_cross_seed
str,subject_embedding,42,3,1,43,1,0,104,0.30578316871468014,cross_split_cross_seed
str,subject_embedding,42,3,1,43,1,1,101,0.22725971207886192,cross_split_cross_seed
str,subject_embedding,42,3,1,43,1,2,105,0.36421918481740345,cross_split_cross_seed
str,subject_embedding,42,3,1,43,2,0,107,0.5043875991260413,cross_split_cross_seed
str,subject_embedding,42,3,1,43,2,1,111,0.391526757777576,cross_split_cross_seed
str,subject_embedding,42,3,1,43,2,2,102,0.6086251703326723,cross_split_cross_seed
str,subject_embedding,42,3,1,43,3,0,103,0.4736890986732453,cross_split_cross_seed
str,subject_embedding,42,3,1,43,3,1,208,0.6963200405269678,same_split_cross_seed
str,subject_embedding,42,3,1,43,3,2,105,0.6030323205049418,cross_split_cross_seed
str,subject_embedding,42,3,1,43,4,0,105,0.5018691603190713,cross_split_cross_seed
str,subject_embedding,42,3,1,43,4,1,106,0.3422448794860018,cross_split_cross_seed
str,subject_embedding,42,3,1,43,4,2,99,0.585260672753799,cross_split_cross_seed
str,subject_embedding,42,3,1,44,0,0,106,0.4970323499170548,cross_split_cross_seed
str,subject_embedding,42,3,1,44,0,1,104,0.40324113644571363,cross_split_cross_seed
str,subject_embedding,42,3,1,44,0,2,98,0.7986556881500217,cross_split_cross_seed
str,subject_embedding,42,3,1,44,1,0,104,0.40257554797408174,cross_split_cross_seed
str,subject_embedding,42,3,1,44,1,1,101,0.5307972590211816,cross_split_cross_seed
str,subject_embedding,42,3,1,44,1,2,105,0.44976671875567537,cross_split_cross_seed
str,subject_embedding,42,3,1,44,2,0,107,0.8713569805496846,cross_split_cross_seed
str,subject_embedding,42,3,1,44,2,1,111,0.7684951897662827,cross_split_cross_seed
str,subject_embedding,42,3,1,44,2,2,102,0.8456215379632558,cross_split_cross_seed
str,subject_embedding,42,3,1,44,3,0,103,0.35628975282213393,cross_split_cross_seed
str,subject_embedding,42,3,1,44,3,1,208,0.6921793009601118,same_split_cross_seed
str,subject_embedding,42,3,1,44,3,2,105,0.5037122903966209,cross_split_cross_seed
str,subject_embedding,42,3,1,44,4,0,105,0.6235619870678029,cross_split_cross_seed
str,subject_embedding,42,3,1,44,4,1,106,0.5506977884360502,cross_split_cross_seed
str,subject_embedding,42,3,1,44,4,2,99,0.43727199193167987,cross_split_cross_seed
str,subject_embedding,42,3,2,42,4,0,96,0.7962238480034365,cross_split_same_seed
str,subject_embedding,42,3,2,42,4,1,108,0.8421621350337986,cross_split_same_seed
str,subject_embedding,42,3,2,42,4,2,108,0.7942578832456527,cross_split_same_seed
str,subject_embedding,42,3,2,43,0,0,103,0.4786149146701312,cross_split_cross_seed
str,subject_embedding,42,3,2,43,0,1,110,0.24947183152898603,cross_split_cross_seed
str,subject_embedding,42,3,2,43,0,2,105,0.3690720205959997,cross_split_cross_seed
str,subject_embedding,42,3,2,43,1,0,102,0.28212057223471093,cross_split_cross_seed
str,subject_embedding,42,3,2,43,1,1,106,0.19526112625103131,cross_split_cross_seed
str,subject_embedding,42,3,2,43,1,2,116,0.26425210294252055,cross_split_cross_seed
str,subject_embedding,42,3,2,43,2,0,104,0.40944034281150093,cross_split_cross_seed
str,subject_embedding,42,3,2,43,2,1,101,0.6033376001728794,cross_split_cross_seed
str,subject_embedding,42,3,2,43,2,2,101,0.4681013708835509,cross_split_cross_seed
str,subject_embedding,42,3,2,43,3,0,105,0.5749704989090136,cross_split_cross_seed
str,subject_embedding,42,3,2,43,3,1,105,0.44986501750342317,cross_split_cross_seed
str,subject_embedding,42,3,2,43,3,2,210,0.4042849327303312,same_split_cross_seed
str,subject_embedding,42,3,2,43,4,0,96,0.5626914038456213,cross_split_cross_seed
str,subject_embedding,42,3,2,43,4,1,108,0.3020842798695917,cross_split_cross_seed
str,subject_embedding,42,3,2,43,4,2,108,0.5672700475831847,cross_split_cross_seed
str,subject_embedding,42,3,2,44,0,0,103,0.4974361563189248,cross_split_cross_seed
str,subject_embedding,42,3,2,44,0,1,110,0.33442257313622953,cross_split_cross_seed
str,subject_embedding,42,3,2,44,0,2,105,0.4561516233049729,cross_split_cross_seed
str,subject_embedding,42,3,2,44,1,0,102,0.5286497926623711,cross_split_cross_seed
str,subject_embedding,42,3,2,44,1,1,106,0.5953958595415381,cross_split_cross_seed
str,subject_embedding,42,3,2,44,1,2,116,0.5562190910062845,cross_split_cross_seed
str,subject_embedding,42,3,2,44,2,0,104,0.49376193794710826,cross_split_cross_seed
str,subject_embedding,42,3,2,44,2,1,101,0.3290516988249155,cross_split_cross_seed
str,subject_embedding,42,3,2,44,2,2,101,0.5283723803176861,cross_split_cross_seed
str,subject_embedding,42,3,2,44,3,0,105,0.511545120657511,cross_split_cross_seed
str,subject_embedding,42,3,2,44,3,1,105,0.6154770086538347,cross_split_cross_seed
str,subject_embedding,42,3,2,44,3,2,210,0.5783839843841838,same_split_cross_seed
str,subject_embedding,42,3,2,44,4,0,96,0.5346400291864309,cross_split_cross_seed
str,subject_embedding,42,3,2,44,4,1,108,0.6129645964507403,cross_split_cross_seed
str,subject_embedding,42,3,2,44,4,2,108,0.5859240533023742,cross_split_cross_seed
str,subject_embedding,42,4,0,42,4,1,103,0.7925070042470249,cross_split_same_seed
str,subject_embedding,42,4,0,42,4,2,105,0.7913568341386951,cross_split_same_seed
str,subject_embedding,42,4,0,43,0,0,117,0.5346554548885575,cross_split_cross_seed
str,subject_embedding,42,4,0,43,0,1,106,0.2774140168180865,cross_split_cross_seed
str,subject_embedding,42,4,0,43,0,2,99,0.4816802556042292,cross_split_cross_seed
str,subject_embedding,42,4,0,43,1,0,109,0.32304609549782615,cross_split_cross_seed
str,subject_embedding,42,4,0,43,1,1,104,0.2606075938610849,cross_split_cross_seed
str,subject_embedding,42,4,0,43,1,2,101,0.2881754499864056,cross_split_cross_seed
str,subject_embedding,42,4,0,43,2,0,105,0.4637954845756802,cross_split_cross_seed
str,subject_embedding,42,4,0,43,2,1,103,0.5921869039895744,cross_split_cross_seed
str,subject_embedding,42,4,0,43,2,2,106,0.4600359969059028,cross_split_cross_seed
str,subject_embedding,42,4,0,43,3,0,97,0.6576697768203253,cross_split_cross_seed
str,subject_embedding,42,4,0,43,3,1,105,0.4471810713654921,cross_split_cross_seed
str,subject_embedding,42,4,0,43,3,2,96,0.5055478381837402,cross_split_cross_seed
str,subject_embedding,42,4,0,43,4,0,208,0.6141642699757811,same_split_cross_seed
str,subject_embedding,42,4,0,43,4,1,103,0.32533034854190307,cross_split_cross_seed
str,subject_embedding,42,4,0,43,4,2,105,0.5466741521499215,cross_split_cross_seed
str,subject_embedding,42,4,0,44,0,0,117,0.4791092571875245,cross_split_cross_seed
str,subject_embedding,42,4,0,44,0,1,106,0.3977458246417315,cross_split_cross_seed
str,subject_embedding,42,4,0,44,0,2,99,0.5491942227216721,cross_split_cross_seed
str,subject_embedding,42,4,0,44,1,0,109,0.4770212641429263,cross_split_cross_seed
str,subject_embedding,42,4,0,44,1,1,104,0.6082721506534302,cross_split_cross_seed
str,subject_embedding,42,4,0,44,1,2,101,0.6087491011684741,cross_split_cross_seed
str,subject_embedding,42,4,0,44,2,0,105,0.5968395704160223,cross_split_cross_seed
str,subject_embedding,42,4,0,44,2,1,103,0.45656586669543386,cross_split_cross_seed
str,subject_embedding,42,4,0,44,2,2,106,0.6191957075923907,cross_split_cross_seed
str,subject_embedding,42,4,0,44,3,0,97,0.5515081930894759,cross_split_cross_seed
str,subject_embedding,42,4,0,44,3,1,105,0.6816452664619219,cross_split_cross_seed
str,subject_embedding,42,4,0,44,3,2,96,0.5984214620157932,cross_split_cross_seed
str,subject_embedding,42,4,0,44,4,0,208,0.5498347504062694,same_split_cross_seed
str,subject_embedding,42,4,0,44,4,1,103,0.5956086944313848,cross_split_cross_seed
str,subject_embedding,42,4,0,44,4,2,105,0.533079926899218,cross_split_cross_seed
str,subject_embedding,42,4,1,42,4,2,105,0.7720217883093077,cross_split_same_seed
str,subject_embedding,42,4,1,43,0,0,93,0.5022413041468072,cross_split_cross_seed
str,subject_embedding,42,4,1,43,0,1,100,0.2649189583266588,cross_split_cross_seed
str,subject_embedding,42,4,1,43,0,2,105,0.4213477063809783,cross_split_cross_seed
str,subject_embedding,42,4,1,43,1,0,101,0.31023937278570074,cross_split_cross_seed
str,subject_embedding,42,4,1,43,1,1,109,0.2145682020187214,cross_split_cross_seed
str,subject_embedding,42,4,1,43,1,2,114,0.3013092124879328,cross_split_cross_seed
str,subject_embedding,42,4,1,43,2,0,94,0.4518812228746973,cross_split_cross_seed
str,subject_embedding,42,4,1,43,2,1,103,0.659301013312616,cross_split_cross_seed
str,subject_embedding,42,4,1,43,2,2,103,0.45136588398583777,cross_split_cross_seed
str,subject_embedding,42,4,1,43,3,0,112,0.6468055024238476,cross_split_cross_seed
str,subject_embedding,42,4,1,43,3,1,106,0.474784567817575,cross_split_cross_seed
str,subject_embedding,42,4,1,43,3,2,108,0.5033164463708312,cross_split_cross_seed
str,subject_embedding,42,4,1,43,4,0,103,0.6435571304876248,cross_split_cross_seed
str,subject_embedding,42,4,1,43,4,1,208,0.3335803780031804,same_split_cross_seed
str,subject_embedding,42,4,1,43,4,2,105,0.5402211499333225,cross_split_cross_seed
str,subject_embedding,42,4,1,44,0,0,93,0.5624422823708483,cross_split_cross_seed
str,subject_embedding,42,4,1,44,0,1,100,0.3152051372506598,cross_split_cross_seed
str,subject_embedding,42,4,1,44,0,2,105,0.5710851830942766,cross_split_cross_seed
str,subject_embedding,42,4,1,44,1,0,101,0.579653590688441,cross_split_cross_seed
str,subject_embedding,42,4,1,44,1,1,109,0.6571276119549797,cross_split_cross_seed
str,subject_embedding,42,4,1,44,1,2,114,0.6424390775139468,cross_split_cross_seed
str,subject_embedding,42,4,1,44,2,0,94,0.5623185371875868,cross_split_cross_seed
str,subject_embedding,42,4,1,44,2,1,103,0.4696930696509257,cross_split_cross_seed
str,subject_embedding,42,4,1,44,2,2,103,0.5690193815426369,cross_split_cross_seed
str,subject_embedding,42,4,1,44,3,0,112,0.5616663701133615,cross_split_cross_seed
str,subject_embedding,42,4,1,44,3,1,106,0.7486835333142589,cross_split_cross_seed
str,subject_embedding,42,4,1,44,3,2,108,0.6755116698754038,cross_split_cross_seed
str,subject_embedding,42,4,1,44,4,0,103,0.5783599714766331,cross_split_cross_seed
str,subject_embedding,42,4,1,44,4,1,208,0.6550529866423086,same_split_cross_seed
str,subject_embedding,42,4,1,44,4,2,105,0.6420230423635818,cross_split_cross_seed
str,subject_embedding,42,4,2,43,0,0,102,0.5490626005491642,cross_split_cross_seed
str,subject_embedding,42,4,2,43,0,1,102,0.2847973169621868,cross_split_cross_seed
str,subject_embedding,42,4,2,43,0,2,108,0.4888699473668218,cross_split_cross_seed
str,subject_embedding,42,4,2,43,1,0,104,0.29923933995011803,cross_split_cross_seed
str,subject_embedding,42,4,2,43,1,1,103,0.21204088691481465,cross_split_cross_seed
str,subject_embedding,42,4,2,43,1,2,95,0.263003123881255,cross_split_cross_seed
str,subject_embedding,42,4,2,43,2,0,101,0.31795760207054,cross_split_cross_seed
str,subject_embedding,42,4,2,43,2,1,110,0.5558513966908001,cross_split_cross_seed
str,subject_embedding,42,4,2,43,2,2,115,0.447555834584766,cross_split_cross_seed
str,subject_embedding,42,4,2,43,3,0,113,0.617445329589578,cross_split_cross_seed
str,subject_embedding,42,4,2,43,3,1,99,0.3933567642806452,cross_split_cross_seed
str,subject_embedding,42,4,2,43,3,2,108,0.5056623932109108,cross_split_cross_seed
str,subject_embedding,42,4,2,43,4,0,105,0.5041025190863161,cross_split_cross_seed
str,subject_embedding,42,4,2,43,4,1,105,0.3187937200465634,cross_split_cross_seed
str,subject_embedding,42,4,2,43,4,2,210,0.6026913524723572,same_split_cross_seed
str,subject_embedding,42,4,2,44,0,0,102,0.49565183363339155,cross_split_cross_seed
str,subject_embedding,42,4,2,44,0,1,102,0.3422095012427051,cross_split_cross_seed
str,subject_embedding,42,4,2,44,0,2,108,0.5631506735990659,cross_split_cross_seed
str,subject_embedding,42,4,2,44,1,0,104,0.5385543339916149,cross_split_cross_seed
str,subject_embedding,42,4,2,44,1,1,103,0.5410944058206195,cross_split_cross_seed
str,subject_embedding,42,4,2,44,1,2,95,0.4726810551481693,cross_split_cross_seed
str,subject_embedding,42,4,2,44,2,0,101,0.5299701731399356,cross_split_cross_seed
str,subject_embedding,42,4,2,44,2,1,110,0.42064422127017187,cross_split_cross_seed
str,subject_embedding,42,4,2,44,2,2,115,0.5453422253475344,cross_split_cross_seed
str,subject_embedding,42,4,2,44,3,0,113,0.5011121717557281,cross_split_cross_seed
str,subject_embedding,42,4,2,44,3,1,99,0.6591545413155019,cross_split_cross_seed
str,subject_embedding,42,4,2,44,3,2,108,0.6137362109575962,cross_split_cross_seed
str,subject_embedding,42,4,2,44,4,0,105,0.5345187172248675,cross_split_cross_seed
str,subject_embedding,42,4,2,44,4,1,105,0.5408545947125831,cross_split_cross_seed
str,subject_embedding,42,4,2,44,4,2,210,0.6006296873709905,same_split_cross_seed
str,subject_embedding,43,0,0,43,0,1,102,0.46020889782981167,cross_split_same_seed
str,subject_embedding,43,0,0,43,0,2,103,0.7535806572865408,cross_split_same_seed
str,subject_embedding,43,0,0,43,1,0,104,0.5062148324492702,cross_split_same_seed
str,subject_embedding,43,0,0,43,1,1,101,0.3968683713824776,cross_split_same_seed
str,subject_embedding,43,0,0,43,1,2,107,0.613537075783352,cross_split_same_seed
str,subject_embedding,43,0,0,43,2,0,101,0.5301416900517429,cross_split_same_seed
str,subject_embedding,43,0,0,43,2,1,103,0.5156678620317215,cross_split_same_seed
str,subject_embedding,43,0,0,43,2,2,98,0.7473501289619855,cross_split_same_seed
str,subject_embedding,43,0,0,43,3,0,95,0.5282747960717269,cross_split_same_seed
str,subject_embedding,43,0,0,43,3,1,106,0.7054934711390134,cross_split_same_seed
str,subject_embedding,43,0,0,43,3,2,103,0.7446374634215672,cross_split_same_seed
str,subject_embedding,43,0,0,43,4,0,117,0.6969985033748574,cross_split_same_seed
str,subject_embedding,43,0,0,43,4,1,93,0.5375255653237792,cross_split_same_seed
str,subject_embedding,43,0,0,43,4,2,102,0.7527505678688835,cross_split_same_seed
str,subject_embedding,43,0,0,44,0,0,205,0.5747306551737382,same_split_cross_seed
str,subject_embedding,43,0,0,44,0,1,102,0.3980400500652064,cross_split_cross_seed
str,subject_embedding,43,0,0,44,0,2,103,0.6186519431541755,cross_split_cross_seed
str,subject_embedding,43,0,0,44,1,0,104,0.4173960742160827,cross_split_cross_seed
str,subject_embedding,43,0,0,44,1,1,101,0.4094737235318557,cross_split_cross_seed
str,subject_embedding,43,0,0,44,1,2,107,0.48782696570285594,cross_split_cross_seed
str,subject_embedding,43,0,0,44,2,0,101,0.6479245731023437,cross_split_cross_seed
str,subject_embedding,43,0,0,44,2,1,103,0.5311309294180043,cross_split_cross_seed
str,subject_embedding,43,0,0,44,2,2,98,0.5966654971383225,cross_split_cross_seed
str,subject_embedding,43,0,0,44,3,0,95,0.39916457035814396,cross_split_cross_seed
str,subject_embedding,43,0,0,44,3,1,106,0.5576678070890166,cross_split_cross_seed
str,subject_embedding,43,0,0,44,3,2,103,0.6853962799503482,cross_split_cross_seed
str,subject_embedding,43,0,0,44,4,0,117,0.5549965777967795,cross_split_cross_seed
str,subject_embedding,43,0,0,44,4,1,93,0.41372636946637037,cross_split_cross_seed
str,subject_embedding,43,0,0,44,4,2,102,0.49932084565497986,cross_split_cross_seed
str,subject_embedding,43,0,1,43,0,2,105,0.5129676292787658,cross_split_same_seed
str,subject_embedding,43,0,1,43,1,0,105,0.4079124163927507,cross_split_same_seed
str,subject_embedding,43,0,1,43,1,1,107,0.4552724293675148,cross_split_same_seed
str,subject_embedding,43,0,1,43,1,2,98,0.675399358248198,cross_split_same_seed
str,subject_embedding,43,0,1,43,2,0,108,0.33531410998836797,cross_split_same_seed
str,subject_embedding,43,0,1,43,2,1,104,0.2540973613998245,cross_split_same_seed
str,subject_embedding,43,0,1,43,2,2,98,0.5487760520640383,cross_split_same_seed
str,subject_embedding,43,0,1,43,3,0,100,0.2081042661160139,cross_split_same_seed
str,subject_embedding,43,0,1,43,3,1,104,0.44938676731931865,cross_split_same_seed
str,subject_embedding,43,0,1,43,3,2,110,0.5905496659045496,cross_split_same_seed
str,subject_embedding,43,0,1,43,4,0,106,0.35448047820521156,cross_split_same_seed
str,subject_embedding,43,0,1,43,4,1,100,0.6038952096542874,cross_split_same_seed
str,subject_embedding,43,0,1,43,4,2,102,0.43797500395174843,cross_split_same_seed
str,subject_embedding,43,0,1,44,0,0,102,0.46624502307308024,cross_split_cross_seed
str,subject_embedding,43,0,1,44,0,1,207,0.33404904435024824,same_split_cross_seed
str,subject_embedding,43,0,1,44,0,2,105,0.3212345751653351,cross_split_cross_seed
str,subject_embedding,43,0,1,44,1,0,105,0.3560555078209632,cross_split_cross_seed
str,subject_embedding,43,0,1,44,1,1,107,0.2549364907705844,cross_split_cross_seed
str,subject_embedding,43,0,1,44,1,2,98,0.328067057979452,cross_split_cross_seed
str,subject_embedding,43,0,1,44,2,0,108,0.40414980415994833,cross_split_cross_seed
str,subject_embedding,43,0,1,44,2,1,104,0.43684726623790365,cross_split_cross_seed
str,subject_embedding,43,0,1,44,2,2,98,0.4162135480444607,cross_split_cross_seed
str,subject_embedding,43,0,1,44,3,0,100,0.23425465369557202,cross_split_cross_seed
str,subject_embedding,43,0,1,44,3,1,104,0.3213499027102511,cross_split_cross_seed
str,subject_embedding,43,0,1,44,3,2,110,0.447802615397831,cross_split_cross_seed
str,subject_embedding,43,0,1,44,4,0,106,0.42546825648532993,cross_split_cross_seed
str,subject_embedding,43,0,1,44,4,1,100,0.23982582874398042,cross_split_cross_seed
str,subject_embedding,43,0,1,44,4,2,102,0.2853857094379419,cross_split_cross_seed
str,subject_embedding,43,0,2,43,1,0,99,0.44405757889826325,cross_split_same_seed
str,subject_embedding,43,0,2,43,1,1,102,0.3952770663170892,cross_split_same_seed
str,subject_embedding,43,0,2,43,1,2,105,0.6434077701248683,cross_split_same_seed
str,subject_embedding,43,0,2,43,2,0,109,0.40213948773841746,cross_split_same_seed
str,subject_embedding,43,0,2,43,2,1,103,0.350292684874734,cross_split_same_seed
str,subject_embedding,43,0,2,43,2,2,104,0.6950912608356572,cross_split_same_seed
str,subject_embedding,43,0,2,43,3,0,111,0.3238194924152539,cross_split_same_seed
str,subject_embedding,43,0,2,43,3,1,98,0.6984573444315492,cross_split_same_seed
str,subject_embedding,43,0,2,43,3,2,105,0.801715835701513,cross_split_same_seed
str,subject_embedding,43,0,2,43,4,0,99,0.5822086312380986,cross_split_same_seed
str,subject_embedding,43,0,2,43,4,1,105,0.5077584357092536,cross_split_same_seed
str,subject_embedding,43,0,2,43,4,2,108,0.7349004475473984,cross_split_same_seed
str,subject_embedding,43,0,2,44,0,0,103,0.5017034322215156,cross_split_cross_seed
str,subject_embedding,43,0,2,44,0,1,105,0.3018571630837886,cross_split_cross_seed
str,subject_embedding,43,0,2,44,0,2,208,0.7105398594285356,same_split_cross_seed
str,subject_embedding,43,0,2,44,1,0,99,0.24879449426680825,cross_split_cross_seed
str,subject_embedding,43,0,2,44,1,1,102,0.34646772686449856,cross_split_cross_seed
str,subject_embedding,43,0,2,44,1,2,105,0.3517864367944167,cross_split_cross_seed
str,subject_embedding,43,0,2,44,2,0,109,0.7138689594752815,cross_split_cross_seed
str,subject_embedding,43,0,2,44,2,1,103,0.7003492116557849,cross_split_cross_seed
str,subject_embedding,43,0,2,44,2,2,104,0.599499997410068,cross_split_cross_seed
str,subject_embedding,43,0,2,44,3,0,111,0.2125275183607179,cross_split_cross_seed
str,subject_embedding,43,0,2,44,3,1,98,0.5433110918846001,cross_split_cross_seed
str,subject_embedding,43,0,2,44,3,2,105,0.5530392026826737,cross_split_cross_seed
str,subject_embedding,43,0,2,44,4,0,99,0.5546527047198188,cross_split_cross_seed
str,subject_embedding,43,0,2,44,4,1,105,0.30224525681310604,cross_split_cross_seed
str,subject_embedding,43,0,2,44,4,2,108,0.34699060016038114,cross_split_cross_seed
str,subject_embedding,43,1,0,43,1,1,103,0.5053801760809772,cross_split_same_seed
str,subject_embedding,43,1,0,43,1,2,104,0.5128129332125245,cross_split_same_seed
str,subject_embedding,43,1,0,43,2,0,104,0.4918485861656711,cross_split_same_seed
str,subject_embedding,43,1,0,43,2,1,101,0.2925518504405539,cross_split_same_seed
str,subject_embedding,43,1,0,43,2,2,105,0.5164720151768407,cross_split_same_seed
str,subject_embedding,43,1,0,43,3,0,104,0.2308330241286762,cross_split_same_seed
str,subject_embedding,43,1,0,43,3,1,104,0.5073373841992593,cross_split_same_seed
str,subject_embedding,43,1,0,43,3,2,102,0.5341563274040053,cross_split_same_seed
str,subject_embedding,43,1,0,43,4,0,109,0.3526862075608185,cross_split_same_seed
str,subject_embedding,43,1,0,43,4,1,101,0.3767364200014339,cross_split_same_seed
str,subject_embedding,43,1,0,43,4,2,104,0.35469283156435744,cross_split_same_seed
str,subject_embedding,43,1,0,44,0,0,104,0.3991354446871385,cross_split_cross_seed
str,subject_embedding,43,1,0,44,0,1,105,0.24409435998270237,cross_split_cross_seed
str,subject_embedding,43,1,0,44,0,2,99,0.2878660613974388,cross_split_cross_seed
str,subject_embedding,43,1,0,44,1,0,207,0.2817990587384114,same_split_cross_seed
str,subject_embedding,43,1,0,44,1,1,103,0.25159634135163916,cross_split_cross_seed
str,subject_embedding,43,1,0,44,1,2,104,0.33156937584534557,cross_split_cross_seed
str,subject_embedding,43,1,0,44,2,0,104,0.34999795579714005,cross_split_cross_seed
str,subject_embedding,43,1,0,44,2,1,101,0.40179342785862626,cross_split_cross_seed
str,subject_embedding,43,1,0,44,2,2,105,0.32037095534612137,cross_split_cross_seed
str,subject_embedding,43,1,0,44,3,0,104,0.23480077226275994,cross_split_cross_seed
str,subject_embedding,43,1,0,44,3,1,104,0.3479091150162769,cross_split_cross_seed
str,subject_embedding,43,1,0,44,3,2,102,0.43866430983067933,cross_split_cross_seed
str,subject_embedding,43,1,0,44,4,0,109,0.3920318523844188,cross_split_cross_seed
str,subject_embedding,43,1,0,44,4,1,101,0.3191212511448235,cross_split_cross_seed
str,subject_embedding,43,1,0,44,4,2,104,0.297368820374823,cross_split_cross_seed
str,subject_embedding,43,1,1,43,1,2,105,0.6256363151476853,cross_split_same_seed
str,subject_embedding,43,1,1,43,2,0,101,0.38661061454802376,cross_split_same_seed
str,subject_embedding,43,1,1,43,2,1,107,0.2778776404937234,cross_split_same_seed
str,subject_embedding,43,1,1,43,2,2,110,0.4799216427637066,cross_split_same_seed
str,subject_embedding,43,1,1,43,3,0,97,0.28447237667448133,cross_split_same_seed
str,subject_embedding,43,1,1,43,3,1,101,0.3839593385374604,cross_split_same_seed
str,subject_embedding,43,1,1,43,3,2,106,0.35425212425135433,cross_split_same_seed
str,subject_embedding,43,1,1,43,4,0,104,0.26670977481529695,cross_split_same_seed
str,subject_embedding,43,1,1,43,4,1,109,0.5589996756460668,cross_split_same_seed
str,subject_embedding,43,1,1,43,4,2,103,0.2979687250375963,cross_split_same_seed
str,subject_embedding,43,1,1,44,0,0,101,0.3199376774170054,cross_split_cross_seed
str,subject_embedding,43,1,1,44,0,1,107,0.20110664178567028,cross_split_cross_seed
str,subject_embedding,43,1,1,44,0,2,102,0.2236820638017529,cross_split_cross_seed
str,subject_embedding,43,1,1,44,1,0,103,0.26245812746598185,cross_split_cross_seed
str,subject_embedding,43,1,1,44,1,1,208,0.19899368746693516,same_split_cross_seed
str,subject_embedding,43,1,1,44,1,2,105,0.2990747237323542,cross_split_cross_seed
str,subject_embedding,43,1,1,44,2,0,101,0.27251278117610944,cross_split_cross_seed
str,subject_embedding,43,1,1,44,2,1,107,0.31408272145158717,cross_split_cross_seed
str,subject_embedding,43,1,1,44,2,2,110,0.243682906893668,cross_split_cross_seed
str,subject_embedding,43,1,1,44,3,0,97,0.29452711285119404,cross_split_cross_seed
str,subject_embedding,43,1,1,44,3,1,101,0.2558011418172138,cross_split_cross_seed
str,subject_embedding,43,1,1,44,3,2,106,0.26548307756440115,cross_split_cross_seed
str,subject_embedding,43,1,1,44,4,0,104,0.21208780413648406,cross_split_cross_seed
str,subject_embedding,43,1,1,44,4,1,109,0.16911655204682952,cross_split_cross_seed
str,subject_embedding,43,1,1,44,4,2,103,0.21418708834929578,cross_split_cross_seed
str,subject_embedding,43,1,2,43,2,0,105,0.34343304390269014,cross_split_same_seed
str,subject_embedding,43,1,2,43,2,1,94,0.2900836095571999,cross_split_same_seed
str,subject_embedding,43,1,2,43,2,2,109,0.597991939711117,cross_split_same_seed
str,subject_embedding,43,1,2,43,3,0,105,0.2382054422100806,cross_split_same_seed
str,subject_embedding,43,1,2,43,3,1,105,0.5167454057743239,cross_split_same_seed
str,subject_embedding,43,1,2,43,3,2,116,0.759868035826038,cross_split_same_seed
str,subject_embedding,43,1,2,43,4,0,101,0.39797160553219424,cross_split_same_seed
str,subject_embedding,43,1,2,43,4,1,114,0.6670731532174307,cross_split_same_seed
str,subject_embedding,43,1,2,43,4,2,95,0.5515528953594562,cross_split_same_seed
str,subject_embedding,43,1,2,44,0,0,107,0.5297990840529483,cross_split_cross_seed
str,subject_embedding,43,1,2,44,0,1,98,0.35398639263323933,cross_split_cross_seed
str,subject_embedding,43,1,2,44,0,2,105,0.429577346038475,cross_split_cross_seed
str,subject_embedding,43,1,2,44,1,0,104,0.330229919010255,cross_split_cross_seed
str,subject_embedding,43,1,2,44,1,1,105,0.2160336563021976,cross_split_cross_seed
str,subject_embedding,43,1,2,44,1,2,209,0.3146010393350943,same_split_cross_seed
str,subject_embedding,43,1,2,44,2,0,105,0.4584351410850548,cross_split_cross_seed
str,subject_embedding,43,1,2,44,2,1,94,0.5454494207390495,cross_split_cross_seed
str,subject_embedding,43,1,2,44,2,2,109,0.40291202764225603,cross_split_cross_seed
str,subject_embedding,43,1,2,44,3,0,105,0.2287189595912022,cross_split_cross_seed
str,subject_embedding,43,1,2,44,3,1,105,0.3483762546140964,cross_split_cross_seed
str,subject_embedding,43,1,2,44,3,2,116,0.6088941498987384,cross_split_cross_seed
str,subject_embedding,43,1,2,44,4,0,101,0.4401165866395441,cross_split_cross_seed
str,subject_embedding,43,1,2,44,4,1,114,0.28746661488447967,cross_split_cross_seed
str,subject_embedding,43,1,2,44,4,2,95,0.23092843161109478,cross_split_cross_seed
str,subject_embedding,43,2,0,43,2,1,103,0.3673203676758987,cross_split_same_seed
str,subject_embedding,43,2,0,43,2,2,104,0.688238695291736,cross_split_same_seed
str,subject_embedding,43,2,0,43,3,0,103,0.3637907701062077,cross_split_same_seed
str,subject_embedding,43,2,0,43,3,1,107,0.6769029976125285,cross_split_same_seed
str,subject_embedding,43,2,0,43,3,2,104,0.45749732317321135,cross_split_same_seed
str,subject_embedding,43,2,0,43,4,0,105,0.4905593826171517,cross_split_same_seed
str,subject_embedding,43,2,0,43,4,1,94,0.4609174980976781,cross_split_same_seed
str,subject_embedding,43,2,0,43,4,2,101,0.35391532104570195,cross_split_same_seed
str,subject_embedding,43,2,0,44,0,0,101,0.44339638091520406,cross_split_cross_seed
str,subject_embedding,43,2,0,44,0,1,108,0.3056383740304481,cross_split_cross_seed
str,subject_embedding,43,2,0,44,0,2,109,0.3468864125134083,cross_split_cross_seed
str,subject_embedding,43,2,0,44,1,0,104,0.5091586369705187,cross_split_cross_seed
str,subject_embedding,43,2,0,44,1,1,101,0.3950228133139447,cross_split_cross_seed
str,subject_embedding,43,2,0,44,1,2,105,0.5331293819014593,cross_split_cross_seed
str,subject_embedding,43,2,0,44,2,0,207,0.44823429610568977,same_split_cross_seed
str,subject_embedding,43,2,0,44,2,1,103,0.42021219391419423,cross_split_cross_seed
str,subject_embedding,43,2,0,44,2,2,104,0.44423840239775364,cross_split_cross_seed
str,subject_embedding,43,2,0,44,3,0,103,0.45901618109120107,cross_split_cross_seed
str,subject_embedding,43,2,0,44,3,1,107,0.4669648027636659,cross_split_cross_seed
str,subject_embedding,43,2,0,44,3,2,104,0.47747371569208213,cross_split_cross_seed
str,subject_embedding,43,2,0,44,4,0,105,0.4980829416224605,cross_split_cross_seed
str,subject_embedding,43,2,0,44,4,1,94,0.504895054852417,cross_split_cross_seed
str,subject_embedding,43,2,0,44,4,2,101,0.40825485855145155,cross_split_cross_seed
str,subject_embedding,43,2,1,43,2,2,105,0.4742712985038331,cross_split_same_seed
str,subject_embedding,43,2,1,43,3,0,108,0.7022690676341266,cross_split_same_seed
str,subject_embedding,43,2,1,43,3,1,111,0.3434900556638296,cross_split_same_seed
str,subject_embedding,43,2,1,43,3,2,101,0.3662945278287589,cross_split_same_seed
str,subject_embedding,43,2,1,43,4,0,103,0.6715374243453184,cross_split_same_seed
str,subject_embedding,43,2,1,43,4,1,103,0.35259447491948315,cross_split_same_seed
str,subject_embedding,43,2,1,43,4,2,110,0.5795695603209119,cross_split_same_seed
str,subject_embedding,43,2,1,44,0,0,103,0.501972455165545,cross_split_cross_seed
str,subject_embedding,43,2,1,44,0,1,104,0.3706546835658448,cross_split_cross_seed
str,subject_embedding,43,2,1,44,0,2,103,0.32917401048911793,cross_split_cross_seed
str,subject_embedding,43,2,1,44,1,0,101,0.5777936460183055,cross_split_cross_seed
str,subject_embedding,43,2,1,44,1,1,107,0.5651880562735768,cross_split_cross_seed
str,subject_embedding,43,2,1,44,1,2,94,0.569626369585815,cross_split_cross_seed
str,subject_embedding,43,2,1,44,2,0,103,0.30487551384379064,cross_split_cross_seed
str,subject_embedding,43,2,1,44,2,1,208,0.24408736377957188,same_split_cross_seed
str,subject_embedding,43,2,1,44,2,2,105,0.3970507761948077,cross_split_cross_seed
str,subject_embedding,43,2,1,44,3,0,108,0.6572936539759837,cross_split_cross_seed
str,subject_embedding,43,2,1,44,3,1,111,0.502994909285526,cross_split_cross_seed
str,subject_embedding,43,2,1,44,3,2,101,0.506698810988965,cross_split_cross_seed
str,subject_embedding,43,2,1,44,4,0,103,0.412973798990611,cross_split_cross_seed
str,subject_embedding,43,2,1,44,4,1,103,0.5861697265793886,cross_split_cross_seed
str,subject_embedding,43,2,1,44,4,2,110,0.5564073224626465,cross_split_cross_seed
str,subject_embedding,43,2,2,43,3,0,103,0.4247161057137898,cross_split_same_seed
str,subject_embedding,43,2,2,43,3,1,102,0.8026606034150795,cross_split_same_seed
str,subject_embedding,43,2,2,43,3,2,101,0.8167982663519463,cross_split_same_seed
str,subject_embedding,43,2,2,43,4,0,106,0.586849940672564,cross_split_same_seed
str,subject_embedding,43,2,2,43,4,1,103,0.5234463207041621,cross_split_same_seed
str,subject_embedding,43,2,2,43,4,2,115,0.7168029530458229,cross_split_same_seed
str,subject_embedding,43,2,2,44,0,0,98,0.5305637784954537,cross_split_cross_seed
str,subject_embedding,43,2,2,44,0,1,98,0.4634156534274048,cross_split_cross_seed
str,subject_embedding,43,2,2,44,0,2,104,0.4861472761283692,cross_split_cross_seed
str,subject_embedding,43,2,2,44,1,0,105,0.3774851898147453,cross_split_cross_seed
str,subject_embedding,43,2,2,44,1,1,110,0.3891931665325493,cross_split_cross_seed
str,subject_embedding,43,2,2,44,1,2,109,0.4676615044884754,cross_split_cross_seed
str,subject_embedding,43,2,2,44,2,0,104,0.60988306581156,cross_split_cross_seed
str,subject_embedding,43,2,2,44,2,1,105,0.6085924306273561,cross_split_cross_seed
str,subject_embedding,43,2,2,44,2,2,209,0.5517660086445679,same_split_cross_seed
str,subject_embedding,43,2,2,44,3,0,103,0.35634330292366434,cross_split_cross_seed
str,subject_embedding,43,2,2,44,3,1,102,0.5500616388731034,cross_split_cross_seed
str,subject_embedding,43,2,2,44,3,2,101,0.6434570769069368,cross_split_cross_seed
str,subject_embedding,43,2,2,44,4,0,106,0.535724641177446,cross_split_cross_seed
str,subject_embedding,43,2,2,44,4,1,103,0.38104036689409954,cross_split_cross_seed
str,subject_embedding,43,2,2,44,4,2,115,0.4307563120051429,cross_split_cross_seed
str,subject_embedding,43,3,0,43,3,1,103,0.3464291932262563,cross_split_same_seed
str,subject_embedding,43,3,0,43,3,2,105,0.36662621518197086,cross_split_same_seed
str,subject_embedding,43,3,0,43,4,0,97,0.632101172890217,cross_split_same_seed
str,subject_embedding,43,3,0,43,4,1,112,0.3549265559957346,cross_split_same_seed
str,subject_embedding,43,3,0,43,4,2,113,0.549814815713599,cross_split_same_seed
str,subject_embedding,43,3,0,44,0,0,95,0.5014416290262746,cross_split_cross_seed
str,subject_embedding,43,3,0,44,0,1,100,0.34303929070321176,cross_split_cross_seed
str,subject_embedding,43,3,0,44,0,2,111,0.38396502944179633,cross_split_cross_seed
str,subject_embedding,43,3,0,44,1,0,104,0.5161155694979702,cross_split_cross_seed
str,subject_embedding,43,3,0,44,1,1,97,0.5757979741459966,cross_split_cross_seed
str,subject_embedding,43,3,0,44,1,2,105,0.5119337810750462,cross_split_cross_seed
str,subject_embedding,43,3,0,44,2,0,103,0.35014432936001516,cross_split_cross_seed
str,subject_embedding,43,3,0,44,2,1,108,0.29298465361456655,cross_split_cross_seed
str,subject_embedding,43,3,0,44,2,2,103,0.5099905699976286,cross_split_cross_seed
str,subject_embedding,43,3,0,44,3,0,208,0.5712384161451403,same_split_cross_seed
str,subject_embedding,43,3,0,44,3,1,103,0.5726802820210867,cross_split_cross_seed
str,subject_embedding,43,3,0,44,3,2,105,0.5151927881317955,cross_split_cross_seed
str,subject_embedding,43,3,0,44,4,0,97,0.49209808312995135,cross_split_cross_seed
str,subject_embedding,43,3,0,44,4,1,112,0.5310118170323597,cross_split_cross_seed
str,subject_embedding,43,3,0,44,4,2,113,0.5995984641480803,cross_split_cross_seed
str,subject_embedding,43,3,1,43,3,2,105,0.6977059469485112,cross_split_same_seed
str,subject_embedding,43,3,1,43,4,0,105,0.5227358619737127,cross_split_same_seed
str,subject_embedding,43,3,1,43,4,1,106,0.433972619984852,cross_split_same_seed
str,subject_embedding,43,3,1,43,4,2,99,0.5809642796675324,cross_split_same_seed
str,subject_embedding,43,3,1,44,0,0,106,0.5123627369344164,cross_split_cross_seed
str,subject_embedding,43,3,1,44,0,1,104,0.33135624193272334,cross_split_cross_seed
str,subject_embedding,43,3,1,44,0,2,98,0.6422859913047704,cross_split_cross_seed
str,subject_embedding,43,3,1,44,1,0,104,0.36694768942368017,cross_split_cross_seed
str,subject_embedding,43,3,1,44,1,1,101,0.42732600112041336,cross_split_cross_seed
str,subject_embedding,43,3,1,44,1,2,105,0.4925336685130202,cross_split_cross_seed
str,subject_embedding,43,3,1,44,2,0,107,0.7483370375533314,cross_split_cross_seed
str,subject_embedding,43,3,1,44,2,1,111,0.680218392050824,cross_split_cross_seed
str,subject_embedding,43,3,1,44,2,2,102,0.7223570762402223,cross_split_cross_seed
str,subject_embedding,43,3,1,44,3,0,103,0.34236756796651446,cross_split_cross_seed
str,subject_embedding,43,3,1,44,3,1,208,0.5342359199847347,same_split_cross_seed
str,subject_embedding,43,3,1,44,3,2,105,0.5424763527064396,cross_split_cross_seed
str,subject_embedding,43,3,1,44,4,0,105,0.5216079078079717,cross_split_cross_seed
str,subject_embedding,43,3,1,44,4,1,106,0.4870512017250547,cross_split_cross_seed
str,subject_embedding,43,3,1,44,4,2,99,0.3805914742044286,cross_split_cross_seed
str,subject_embedding,43,3,2,43,4,0,96,0.5692735247023282,cross_split_same_seed
str,subject_embedding,43,3,2,43,4,1,108,0.4975789410626257,cross_split_same_seed
str,subject_embedding,43,3,2,43,4,2,108,0.7792518383981691,cross_split_same_seed
str,subject_embedding,43,3,2,44,0,0,103,0.5862060987903176,cross_split_cross_seed
str,subject_embedding,43,3,2,44,0,1,110,0.3511274138099163,cross_split_cross_seed
str,subject_embedding,43,3,2,44,0,2,105,0.5813069000890222,cross_split_cross_seed
str,subject_embedding,43,3,2,44,1,0,102,0.33950252598512365,cross_split_cross_seed
str,subject_embedding,43,3,2,44,1,1,106,0.3426409922383019,cross_split_cross_seed
str,subject_embedding,43,3,2,44,1,2,116,0.44681813086416605,cross_split_cross_seed
str,subject_embedding,43,3,2,44,2,0,104,0.7035794853058533,cross_split_cross_seed
str,subject_embedding,43,3,2,44,2,1,101,0.6802541766111364,cross_split_cross_seed
str,subject_embedding,43,3,2,44,2,2,101,0.6827953843135767,cross_split_cross_seed
str,subject_embedding,43,3,2,44,3,0,105,0.2457547047854435,cross_split_cross_seed
str,subject_embedding,43,3,2,44,3,1,105,0.5540119094545901,cross_split_cross_seed
str,subject_embedding,43,3,2,44,3,2,210,0.6742986682673162,same_split_cross_seed
str,subject_embedding,43,3,2,44,4,0,96,0.5733167435371496,cross_split_cross_seed
str,subject_embedding,43,3,2,44,4,1,108,0.4092432422450463,cross_split_cross_seed
str,subject_embedding,43,3,2,44,4,2,108,0.41020444771193254,cross_split_cross_seed
str,subject_embedding,43,4,0,43,4,1,103,0.38288375301879596,cross_split_same_seed
str,subject_embedding,43,4,0,43,4,2,105,0.7133025112401451,cross_split_same_seed
str,subject_embedding,43,4,0,44,0,0,117,0.4889092460609251,cross_split_cross_seed
str,subject_embedding,43,4,0,44,0,1,106,0.3639353486332859,cross_split_cross_seed
str,subject_embedding,43,4,0,44,0,2,99,0.4875589395688478,cross_split_cross_seed
str,subject_embedding,43,4,0,44,1,0,109,0.41155496122147944,cross_split_cross_seed
str,subject_embedding,43,4,0,44,1,1,104,0.4446915717922086,cross_split_cross_seed
str,subject_embedding,43,4,0,44,1,2,101,0.5362901226014112,cross_split_cross_seed
str,subject_embedding,43,4,0,44,2,0,105,0.5387374447768978,cross_split_cross_seed
str,subject_embedding,43,4,0,44,2,1,103,0.4816836156733496,cross_split_cross_seed
str,subject_embedding,43,4,0,44,2,2,106,0.5340933241106381,cross_split_cross_seed
str,subject_embedding,43,4,0,44,3,0,97,0.485727821310593,cross_split_cross_seed
str,subject_embedding,43,4,0,44,3,1,105,0.5601888304791459,cross_split_cross_seed
str,subject_embedding,43,4,0,44,3,2,96,0.5967096467403757,cross_split_cross_seed
str,subject_embedding,43,4,0,44,4,0,208,0.5141641252001838,same_split_cross_seed
str,subject_embedding,43,4,0,44,4,1,103,0.47234992293446637,cross_split_cross_seed
str,subject_embedding,43,4,0,44,4,2,105,0.4685632049245132,cross_split_cross_seed
str,subject_embedding,43,4,1,43,4,2,105,0.41996545996662865,cross_split_same_seed
str,subject_embedding,43,4,1,44,0,0,93,0.5744268408941269,cross_split_cross_seed
str,subject_embedding,43,4,1,44,0,1,100,0.36735607764426176,cross_split_cross_seed
str,subject_embedding,43,4,1,44,0,2,105,0.3215183139763476,cross_split_cross_seed
str,subject_embedding,43,4,1,44,1,0,101,0.3767158005339145,cross_split_cross_seed
str,subject_embedding,43,4,1,44,1,1,109,0.3481351826002137,cross_split_cross_seed
str,subject_embedding,43,4,1,44,1,2,114,0.4339112533334988,cross_split_cross_seed
str,subject_embedding,43,4,1,44,2,0,94,0.3851161319538443,cross_split_cross_seed
str,subject_embedding,43,4,1,44,2,1,103,0.3757856486205983,cross_split_cross_seed
str,subject_embedding,43,4,1,44,2,2,103,0.35366779017834926,cross_split_cross_seed
str,subject_embedding,43,4,1,44,3,0,112,0.4187262594764732,cross_split_cross_seed
str,subject_embedding,43,4,1,44,3,1,106,0.37136653852491003,cross_split_cross_seed
str,subject_embedding,43,4,1,44,3,2,108,0.4178684522130914,cross_split_cross_seed
str,subject_embedding,43,4,1,44,4,0,103,0.3225918214056646,cross_split_cross_seed
str,subject_embedding,43,4,1,44,4,1,208,0.32502373341984137,same_split_cross_seed
str,subject_embedding,43,4,1,44,4,2,105,0.3926192190823971,cross_split_cross_seed
str,subject_embedding,43,4,2,44,0,0,102,0.5442778799615289,cross_split_cross_seed
str,subject_embedding,43,4,2,44,0,1,102,0.35602048141343384,cross_split_cross_seed
str,subject_embedding,43,4,2,44,0,2,108,0.6000735566388149,cross_split_cross_seed
str,subject_embedding,43,4,2,44,1,0,104,0.3913057641506056,cross_split_cross_seed
str,subject_embedding,43,4,2,44,1,1,103,0.3977558620999947,cross_split_cross_seed
str,subject_embedding,43,4,2,44,1,2,95,0.45968395589220534,cross_split_cross_seed
str,subject_embedding,43,4,2,44,2,0,101,0.5892565555253995,cross_split_cross_seed
str,subject_embedding,43,4,2,44,2,1,110,0.5658877541834673,cross_split_cross_seed
str,subject_embedding,43,4,2,44,2,2,115,0.6126212086556787,cross_split_cross_seed
str,subject_embedding,43,4,2,44,3,0,113,0.37355237312831396,cross_split_cross_seed
str,subject_embedding,43,4,2,44,3,1,99,0.5691751464994792,cross_split_cross_seed
str,subject_embedding,43,4,2,44,3,2,108,0.6546281123418208,cross_split_cross_seed
str,subject_embedding,43,4,2,44,4,0,105,0.5955036760028772,cross_split_cross_seed
str,subject_embedding,43,4,2,44,4,1,105,0.43667747994462913,cross_split_cross_seed
str,subject_embedding,43,4,2,44,4,2,210,0.5041335833722584,same_split_cross_seed
str,subject_embedding,44,0,0,44,0,1,102,0.5518067394207405,cross_split_same_seed
str,subject_embedding,44,0,0,44,0,2,103,0.5797005914572501,cross_split_same_seed
str,subject_embedding,44,0,0,44,1,0,104,0.5036958178166938,cross_split_same_seed
str,subject_embedding,44,0,0,44,1,1,101,0.4843519803872865,cross_split_same_seed
str,subject_embedding,44,0,0,44,1,2,107,0.6109849473566976,cross_split_same_seed
str,subject_embedding,44,0,0,44,2,0,101,0.5804070504924623,cross_split_same_seed
str,subject_embedding,44,0,0,44,2,1,103,0.5074275226343473,cross_split_same_seed
str,subject_embedding,44,0,0,44,2,2,98,0.5912132583745356,cross_split_same_seed
str,subject_embedding,44,0,0,44,3,0,95,0.5502582654781589,cross_split_same_seed
str,subject_embedding,44,0,0,44,3,1,106,0.6742388385950585,cross_split_same_seed
str,subject_embedding,44,0,0,44,3,2,103,0.7185126041991996,cross_split_same_seed
str,subject_embedding,44,0,0,44,4,0,117,0.6828731132917772,cross_split_same_seed
str,subject_embedding,44,0,0,44,4,1,93,0.5458671080758231,cross_split_same_seed
str,subject_embedding,44,0,0,44,4,2,102,0.6344927975498509,cross_split_same_seed
str,subject_embedding,44,0,1,44,0,2,105,0.4249651982086833,cross_split_same_seed
str,subject_embedding,44,0,1,44,1,0,105,0.6087269020411841,cross_split_same_seed
str,subject_embedding,44,0,1,44,1,1,107,0.5265130886339792,cross_split_same_seed
str,subject_embedding,44,0,1,44,1,2,98,0.5096660855321483,cross_split_same_seed
str,subject_embedding,44,0,1,44,2,0,108,0.4774348839516009,cross_split_same_seed
str,subject_embedding,44,0,1,44,2,1,104,0.38090303336804915,cross_split_same_seed
str,subject_embedding,44,0,1,44,2,2,98,0.50391001337355,cross_split_same_seed
str,subject_embedding,44,0,1,44,3,0,100,0.41843662573457513,cross_split_same_seed
str,subject_embedding,44,0,1,44,3,1,104,0.5667874425738787,cross_split_same_seed
str,subject_embedding,44,0,1,44,3,2,110,0.45320774875918807,cross_split_same_seed
str,subject_embedding,44,0,1,44,4,0,106,0.6980303314826241,cross_split_same_seed
str,subject_embedding,44,0,1,44,4,1,100,0.37931996128314727,cross_split_same_seed
str,subject_embedding,44,0,1,44,4,2,102,0.4908983809252062,cross_split_same_seed
str,subject_embedding,44,0,2,44,1,0,99,0.31696837916390463,cross_split_same_seed
str,subject_embedding,44,0,2,44,1,1,102,0.41938365423735874,cross_split_same_seed
str,subject_embedding,44,0,2,44,1,2,105,0.4369044676385535,cross_split_same_seed
str,subject_embedding,44,0,2,44,2,0,109,0.9193553179091514,cross_split_same_seed
str,subject_embedding,44,0,2,44,2,1,103,0.8308030773571455,cross_split_same_seed
str,subject_embedding,44,0,2,44,2,2,104,0.8365400964008777,cross_split_same_seed
str,subject_embedding,44,0,2,44,3,0,111,0.29842828952836337,cross_split_same_seed
str,subject_embedding,44,0,2,44,3,1,98,0.7262633764020628,cross_split_same_seed
str,subject_embedding,44,0,2,44,3,2,105,0.5826910262943208,cross_split_same_seed
str,subject_embedding,44,0,2,44,4,0,99,0.7308331822283455,cross_split_same_seed
str,subject_embedding,44,0,2,44,4,1,105,0.5135970552693977,cross_split_same_seed
str,subject_embedding,44,0,2,44,4,2,108,0.44772342115626546,cross_split_same_seed
str,subject_embedding,44,1,0,44,1,1,103,0.5928575778455528,cross_split_same_seed
str,subject_embedding,44,1,0,44,1,2,104,0.7251254806388873,cross_split_same_seed
str,subject_embedding,44,1,0,44,2,0,104,0.4935540903203345,cross_split_same_seed
str,subject_embedding,44,1,0,44,2,1,101,0.23025398771457564,cross_split_same_seed
str,subject_embedding,44,1,0,44,2,2,105,0.40739506395835234,cross_split_same_seed
str,subject_embedding,44,1,0,44,3,0,104,0.7769178658584817,cross_split_same_seed
str,subject_embedding,44,1,0,44,3,1,104,0.5412145654797372,cross_split_same_seed
str,subject_embedding,44,1,0,44,3,2,102,0.5309661853091204,cross_split_same_seed
str,subject_embedding,44,1,0,44,4,0,109,0.5509234487559429,cross_split_same_seed
str,subject_embedding,44,1,0,44,4,1,101,0.6272085450891736,cross_split_same_seed
str,subject_embedding,44,1,0,44,4,2,104,0.6560446679904899,cross_split_same_seed
str,subject_embedding,44,1,1,44,1,2,105,0.6879533276504235,cross_split_same_seed
str,subject_embedding,44,1,1,44,2,0,101,0.4357101851356005,cross_split_same_seed
str,subject_embedding,44,1,1,44,2,1,107,0.3273441420023427,cross_split_same_seed
str,subject_embedding,44,1,1,44,2,2,110,0.5228370200663058,cross_split_same_seed
str,subject_embedding,44,1,1,44,3,0,97,0.6776725250404377,cross_split_same_seed
str,subject_embedding,44,1,1,44,3,1,101,0.65818242483827,cross_split_same_seed
str,subject_embedding,44,1,1,44,3,2,106,0.5862841094976111,cross_split_same_seed
str,subject_embedding,44,1,1,44,4,0,104,0.4989655924908523,cross_split_same_seed
str,subject_embedding,44,1,1,44,4,1,109,0.6885099546481683,cross_split_same_seed
str,subject_embedding,44,1,1,44,4,2,103,0.5726699833872141,cross_split_same_seed
str,subject_embedding,44,1,2,44,2,0,105,0.5271887745517809,cross_split_same_seed
str,subject_embedding,44,1,2,44,2,1,94,0.4532385987341928,cross_split_same_seed
str,subject_embedding,44,1,2,44,2,2,109,0.5234127819509709,cross_split_same_seed
str,subject_embedding,44,1,2,44,3,0,105,0.7002438049439637,cross_split_same_seed
str,subject_embedding,44,1,2,44,3,1,105,0.5883375986785466,cross_split_same_seed
str,subject_embedding,44,1,2,44,3,2,116,0.6156619496203564,cross_split_same_seed
str,subject_embedding,44,1,2,44,4,0,101,0.5856555181263129,cross_split_same_seed
str,subject_embedding,44,1,2,44,4,1,114,0.7440228740337211,cross_split_same_seed
str,subject_embedding,44,1,2,44,4,2,95,0.6773539524060568,cross_split_same_seed
str,subject_embedding,44,2,0,44,2,1,103,0.8638140474220769,cross_split_same_seed
str,subject_embedding,44,2,0,44,2,2,104,0.8904512675692472,cross_split_same_seed
str,subject_embedding,44,2,0,44,3,0,103,0.3174064937957096,cross_split_same_seed
str,subject_embedding,44,2,0,44,3,1,107,0.7687770985887035,cross_split_same_seed
str,subject_embedding,44,2,0,44,3,2,104,0.6708951007742446,cross_split_same_seed
str,subject_embedding,44,2,0,44,4,0,105,0.8447888336462659,cross_split_same_seed
str,subject_embedding,44,2,0,44,4,1,94,0.5688235629030888,cross_split_same_seed
str,subject_embedding,44,2,0,44,4,2,101,0.5165077182267922,cross_split_same_seed
str,subject_embedding,44,2,1,44,2,2,105,0.8275291920441917,cross_split_same_seed
str,subject_embedding,44,2,1,44,3,0,108,0.2742298265091916,cross_split_same_seed
str,subject_embedding,44,2,1,44,3,1,111,0.6380405549352803,cross_split_same_seed
str,subject_embedding,44,2,1,44,3,2,101,0.6063714564860153,cross_split_same_seed
str,subject_embedding,44,2,1,44,4,0,103,0.7222880698863349,cross_split_same_seed
str,subject_embedding,44,2,1,44,4,1,103,0.47150185246141774,cross_split_same_seed
str,subject_embedding,44,2,1,44,4,2,110,0.3984602841996177,cross_split_same_seed
str,subject_embedding,44,2,2,44,3,0,103,0.4318865101285873,cross_split_same_seed
str,subject_embedding,44,2,2,44,3,1,102,0.8419888693040954,cross_split_same_seed
str,subject_embedding,44,2,2,44,3,2,101,0.6708462768383635,cross_split_same_seed
str,subject_embedding,44,2,2,44,4,0,106,0.7910289346772301,cross_split_same_seed
str,subject_embedding,44,2,2,44,4,1,103,0.5602315389702761,cross_split_same_seed
str,subject_embedding,44,2,2,44,4,2,115,0.5610242084358154,cross_split_same_seed
str,subject_embedding,44,3,0,44,3,1,103,0.5606990845387712,cross_split_same_seed
str,subject_embedding,44,3,0,44,3,2,105,0.5181436048382201,cross_split_same_seed
str,subject_embedding,44,3,0,44,4,0,97,0.5006169919766479,cross_split_same_seed
str,subject_embedding,44,3,0,44,4,1,112,0.6068551691200749,cross_split_same_seed
str,subject_embedding,44,3,0,44,4,2,113,0.7195126145811916,cross_split_same_seed
str,subject_embedding,44,3,1,44,3,2,105,0.6552483937480545,cross_split_same_seed
str,subject_embedding,44,3,1,44,4,0,105,0.8228830589364773,cross_split_same_seed
str,subject_embedding,44,3,1,44,4,1,106,0.7493831536052282,cross_split_same_seed
str,subject_embedding,44,3,1,44,4,2,99,0.7295531461409134,cross_split_same_seed
str,subject_embedding,44,3,2,44,4,0,96,0.6202526137873614,cross_split_same_seed
str,subject_embedding,44,3,2,44,4,1,108,0.6167222347006283,cross_split_same_seed
str,subject_embedding,44,3,2,44,4,2,108,0.6223476173299524,cross_split_same_seed
str,subject_embedding,44,4,0,44,4,1,103,0.5753137557585501,cross_split_same_seed
str,subject_embedding,44,4,0,44,4,2,105,0.6382845524788359,cross_split_same_seed
str,subject_embedding,44,4,1,44,4,2,105,0.763606248995479,cross_split_same_seed
str,structured_embedding,42,0,0,42,0,1,102,0.58364948921188,cross_split_same_seed
str,structured_embedding,42,0,0,42,0,2,103,0.694810355109351,cross_split_same_seed
str,structured_embedding,42,0,0,42,1,0,104,0.8713712569534994,cross_split_same_seed
str,structured_embedding,42,0,0,42,1,1,101,0.7158412541373982,cross_split_same_seed
str,structured_embedding,42,0,0,42,1,2,107,0.8237569848334767,cross_split_same_seed
str,structured_embedding,42,0,0,42,2,0,101,0.7222585478893216,cross_split_same_seed
str,structured_embedding,42,0,0,42,2,1,103,0.8027066587706295,cross_split_same_seed
str,structured_embedding,42,0,0,42,2,2,98,0.8563290425789984,cross_split_same_seed
str,structured_embedding,42,0,0,42,3,0,95,0.7024040510712136,cross_split_same_seed
str,structured_embedding,42,0,0,42,3,1,106,0.8186357441435396,cross_split_same_seed
str,structured_embedding,42,0,0,42,3,2,103,0.5204740134686187,cross_split_same_seed
str,structured_embedding,42,0,0,42,4,0,117,0.7378900169012751,cross_split_same_seed
str,structured_embedding,42,0,0,42,4,1,93,0.6258806034824935,cross_split_same_seed
str,structured_embedding,42,0,0,42,4,2,102,0.6490213897643581,cross_split_same_seed
str,structured_embedding,42,0,0,43,0,0,205,0.8329658333880752,same_split_cross_seed
str,structured_embedding,42,0,0,43,0,1,102,0.6656851880004391,cross_split_cross_seed
str,structured_embedding,42,0,0,43,0,2,103,0.7612515009347312,cross_split_cross_seed
str,structured_embedding,42,0,0,43,1,0,104,0.7958954214875941,cross_split_cross_seed
str,structured_embedding,42,0,0,43,1,1,101,0.7245754224299749,cross_split_cross_seed
str,structured_embedding,42,0,0,43,1,2,107,0.8127207299647039,cross_split_cross_seed
str,structured_embedding,42,0,0,43,2,0,101,0.715216010167486,cross_split_cross_seed
str,structured_embedding,42,0,0,43,2,1,103,0.678409067742494,cross_split_cross_seed
str,structured_embedding,42,0,0,43,2,2,98,0.8091826265588665,cross_split_cross_seed
str,structured_embedding,42,0,0,43,3,0,95,0.6641023164070258,cross_split_cross_seed
str,structured_embedding,42,0,0,43,3,1,106,0.8235661282014842,cross_split_cross_seed
str,structured_embedding,42,0,0,43,3,2,103,0.758605793370693,cross_split_cross_seed
str,structured_embedding,42,0,0,43,4,0,117,0.7469566098805077,cross_split_cross_seed
str,structured_embedding,42,0,0,43,4,1,93,0.6527876195210358,cross_split_cross_seed
str,structured_embedding,42,0,0,43,4,2,102,0.7854890701141761,cross_split_cross_seed
str,structured_embedding,42,0,0,44,0,0,205,0.7625888417402257,same_split_cross_seed
str,structured_embedding,42,0,0,44,0,1,102,0.6858549082426063,cross_split_cross_seed
str,structured_embedding,42,0,0,44,0,2,103,0.7046256424232857,cross_split_cross_seed
str,structured_embedding,42,0,0,44,1,0,104,0.6773821899947124,cross_split_cross_seed
str,structured_embedding,42,0,0,44,1,1,101,0.6096955384554542,cross_split_cross_seed
str,structured_embedding,42,0,0,44,1,2,107,0.8082088918318666,cross_split_cross_seed
str,structured_embedding,42,0,0,44,2,0,101,0.7868366026023839,cross_split_cross_seed
str,structured_embedding,42,0,0,44,2,1,103,0.7029581226288126,cross_split_cross_seed
str,structured_embedding,42,0,0,44,2,2,98,0.6961386288037069,cross_split_cross_seed
str,structured_embedding,42,0,0,44,3,0,95,0.514568416063656,cross_split_cross_seed
str,structured_embedding,42,0,0,44,3,1,106,0.7484661307321636,cross_split_cross_seed
str,structured_embedding,42,0,0,44,3,2,103,0.7251953066512918,cross_split_cross_seed
str,structured_embedding,42,0,0,44,4,0,117,0.718923853214229,cross_split_cross_seed
str,structured_embedding,42,0,0,44,4,1,93,0.6171241700265127,cross_split_cross_seed
str,structured_embedding,42,0,0,44,4,2,102,0.6227163746373243,cross_split_cross_seed
str,structured_embedding,42,0,1,42,0,2,105,0.7061571995536402,cross_split_same_seed
str,structured_embedding,42,0,1,42,1,0,105,0.5967028738210923,cross_split_same_seed
str,structured_embedding,42,0,1,42,1,1,107,0.6070357346864195,cross_split_same_seed
str,structured_embedding,42,0,1,42,1,2,98,0.6329856445045583,cross_split_same_seed
str,structured_embedding,42,0,1,42,2,0,108,0.6345320261390859,cross_split_same_seed
str,structured_embedding,42,0,1,42,2,1,104,0.5258632415076382,cross_split_same_seed
str,structured_embedding,42,0,1,42,2,2,98,0.6505657381723243,cross_split_same_seed
str,structured_embedding,42,0,1,42,3,0,100,0.6149475467523651,cross_split_same_seed
str,structured_embedding,42,0,1,42,3,1,104,0.6365487878768289,cross_split_same_seed
str,structured_embedding,42,0,1,42,3,2,110,0.5781393872665939,cross_split_same_seed
str,structured_embedding,42,0,1,42,4,0,106,0.6298665294543582,cross_split_same_seed
str,structured_embedding,42,0,1,42,4,1,100,0.637284094157272,cross_split_same_seed
str,structured_embedding,42,0,1,42,4,2,102,0.6356469012006621,cross_split_same_seed
str,structured_embedding,42,0,1,43,0,0,102,0.5838781783543242,cross_split_cross_seed
str,structured_embedding,42,0,1,43,0,1,207,0.5823211800959784,same_split_cross_seed
str,structured_embedding,42,0,1,43,0,2,105,0.488934990051882,cross_split_cross_seed
str,structured_embedding,42,0,1,43,1,0,105,0.5554198250545389,cross_split_cross_seed
str,structured_embedding,42,0,1,43,1,1,107,0.48311106669791865,cross_split_cross_seed
str,structured_embedding,42,0,1,43,1,2,98,0.581595232683184,cross_split_cross_seed
str,structured_embedding,42,0,1,43,2,0,108,0.5852798329049816,cross_split_cross_seed
str,structured_embedding,42,0,1,43,2,1,104,0.5582177278299997,cross_split_cross_seed
str,structured_embedding,42,0,1,43,2,2,98,0.6305572200915461,cross_split_cross_seed
str,structured_embedding,42,0,1,43,3,0,100,0.5795506935876,cross_split_cross_seed
str,structured_embedding,42,0,1,43,3,1,104,0.6176695504211454,cross_split_cross_seed
str,structured_embedding,42,0,1,43,3,2,110,0.5262267435353555,cross_split_cross_seed
str,structured_embedding,42,0,1,43,4,0,106,0.580109212612215,cross_split_cross_seed
str,structured_embedding,42,0,1,43,4,1,100,0.5974151011492691,cross_split_cross_seed
str,structured_embedding,42,0,1,43,4,2,102,0.541738573265267,cross_split_cross_seed
str,structured_embedding,42,0,1,44,0,0,102,0.5590339574467877,cross_split_cross_seed
str,structured_embedding,42,0,1,44,0,1,207,0.5818994528079191,same_split_cross_seed
str,structured_embedding,42,0,1,44,0,2,105,0.427586852619802,cross_split_cross_seed
str,structured_embedding,42,0,1,44,1,0,105,0.6101118311104357,cross_split_cross_seed
str,structured_embedding,42,0,1,44,1,1,107,0.5173415908158219,cross_split_cross_seed
str,structured_embedding,42,0,1,44,1,2,98,0.6576665426266982,cross_split_cross_seed
str,structured_embedding,42,0,1,44,2,0,108,0.5473377335774817,cross_split_cross_seed
str,structured_embedding,42,0,1,44,2,1,104,0.46776302370277845,cross_split_cross_seed
str,structured_embedding,42,0,1,44,2,2,98,0.6158621426852736,cross_split_cross_seed
str,structured_embedding,42,0,1,44,3,0,100,0.5938427588893519,cross_split_cross_seed
str,structured_embedding,42,0,1,44,3,1,104,0.6026022681715155,cross_split_cross_seed
str,structured_embedding,42,0,1,44,3,2,110,0.5548158274146092,cross_split_cross_seed
str,structured_embedding,42,0,1,44,4,0,106,0.5684045784974315,cross_split_cross_seed
str,structured_embedding,42,0,1,44,4,1,100,0.5555160740922512,cross_split_cross_seed
str,structured_embedding,42,0,1,44,4,2,102,0.5352550419634673,cross_split_cross_seed
str,structured_embedding,42,0,2,42,1,0,99,0.6936485343219642,cross_split_same_seed
str,structured_embedding,42,0,2,42,1,1,102,0.6597038078968991,cross_split_same_seed
str,structured_embedding,42,0,2,42,1,2,105,0.6772771807827734,cross_split_same_seed
str,structured_embedding,42,0,2,42,2,0,109,0.6334173369194083,cross_split_same_seed
str,structured_embedding,42,0,2,42,2,1,103,0.6219585798072412,cross_split_same_seed
str,structured_embedding,42,0,2,42,2,2,104,0.74007081494587,cross_split_same_seed
str,structured_embedding,42,0,2,42,3,0,111,0.6950667193517612,cross_split_same_seed
str,structured_embedding,42,0,2,42,3,1,98,0.674057360890647,cross_split_same_seed
str,structured_embedding,42,0,2,42,3,2,105,0.5535412041174409,cross_split_same_seed
str,structured_embedding,42,0,2,42,4,0,99,0.7166646480026141,cross_split_same_seed
str,structured_embedding,42,0,2,42,4,1,105,0.6131142090476819,cross_split_same_seed
str,structured_embedding,42,0,2,42,4,2,108,0.6453625537095934,cross_split_same_seed
str,structured_embedding,42,0,2,43,0,0,103,0.6295402523796543,cross_split_cross_seed
str,structured_embedding,42,0,2,43,0,1,105,0.5533274411672826,cross_split_cross_seed
str,structured_embedding,42,0,2,43,0,2,208,0.5351030331005345,same_split_cross_seed
str,structured_embedding,42,0,2,43,1,0,99,0.6110262856943912,cross_split_cross_seed
str,structured_embedding,42,0,2,43,1,1,102,0.55961665778215,cross_split_cross_seed
str,structured_embedding,42,0,2,43,1,2,105,0.608866596218454,cross_split_cross_seed
str,structured_embedding,42,0,2,43,2,0,109,0.6341766335763591,cross_split_cross_seed
str,structured_embedding,42,0,2,43,2,1,103,0.5888085728557506,cross_split_cross_seed
str,structured_embedding,42,0,2,43,2,2,104,0.635072285597435,cross_split_cross_seed
str,structured_embedding,42,0,2,43,3,0,111,0.6208274550622954,cross_split_cross_seed
str,structured_embedding,42,0,2,43,3,1,98,0.6438703667412865,cross_split_cross_seed
str,structured_embedding,42,0,2,43,3,2,105,0.5245720790190983,cross_split_cross_seed
str,structured_embedding,42,0,2,43,4,0,99,0.6281265951752903,cross_split_cross_seed
str,structured_embedding,42,0,2,43,4,1,105,0.5570305870677903,cross_split_cross_seed
str,structured_embedding,42,0,2,43,4,2,108,0.6554098217938047,cross_split_cross_seed
str,structured_embedding,42,0,2,44,0,0,103,0.5403173718105821,cross_split_cross_seed
str,structured_embedding,42,0,2,44,0,1,105,0.5831085206382423,cross_split_cross_seed
str,structured_embedding,42,0,2,44,0,2,208,0.4710961481486676,same_split_cross_seed
str,structured_embedding,42,0,2,44,1,0,99,0.5028680130064396,cross_split_cross_seed
str,structured_embedding,42,0,2,44,1,1,102,0.5435958603848378,cross_split_cross_seed
str,structured_embedding,42,0,2,44,1,2,105,0.6348931823400619,cross_split_cross_seed
str,structured_embedding,42,0,2,44,2,0,109,0.5758507938662267,cross_split_cross_seed
str,structured_embedding,42,0,2,44,2,1,103,0.5546974337487139,cross_split_cross_seed
str,structured_embedding,42,0,2,44,2,2,104,0.5744808351439102,cross_split_cross_seed
str,structured_embedding,42,0,2,44,3,0,111,0.5244748779514293,cross_split_cross_seed
str,structured_embedding,42,0,2,44,3,1,98,0.6101993443680664,cross_split_cross_seed
str,structured_embedding,42,0,2,44,3,2,105,0.5276335490556081,cross_split_cross_seed
str,structured_embedding,42,0,2,44,4,0,99,0.5690460756562273,cross_split_cross_seed
str,structured_embedding,42,0,2,44,4,1,105,0.5192457086663427,cross_split_cross_seed
str,structured_embedding,42,0,2,44,4,2,108,0.5211547709462437,cross_split_cross_seed
str,structured_embedding,42,1,0,42,1,1,103,0.8042850581039503,cross_split_same_seed
str,structured_embedding,42,1,0,42,1,2,104,0.8369665474189103,cross_split_same_seed
str,structured_embedding,42,1,0,42,2,0,104,0.7072766973845909,cross_split_same_seed
str,structured_embedding,42,1,0,42,2,1,101,0.7693614551789133,cross_split_same_seed
str,structured_embedding,42,1,0,42,2,2,105,0.840263370126781,cross_split_same_seed
str,structured_embedding,42,1,0,42,3,0,104,0.7774092764551142,cross_split_same_seed
str,structured_embedding,42,1,0,42,3,1,104,0.9028486287427344,cross_split_same_seed
str,structured_embedding,42,1,0,42,3,2,102,0.561248528887642,cross_split_same_seed
str,structured_embedding,42,1,0,42,4,0,109,0.7944121392937187,cross_split_same_seed
str,structured_embedding,42,1,0,42,4,1,101,0.7924894998381218,cross_split_same_seed
str,structured_embedding,42,1,0,42,4,2,104,0.643408473452595,cross_split_same_seed
str,structured_embedding,42,1,0,43,0,0,104,0.8516668640720011,cross_split_cross_seed
str,structured_embedding,42,1,0,43,0,1,105,0.7118989673432238,cross_split_cross_seed
str,structured_embedding,42,1,0,43,0,2,99,0.7808457880392126,cross_split_cross_seed
str,structured_embedding,42,1,0,43,1,0,207,0.836595712017932,same_split_cross_seed
str,structured_embedding,42,1,0,43,1,1,103,0.6943808688564741,cross_split_cross_seed
str,structured_embedding,42,1,0,43,1,2,104,0.8308210712091577,cross_split_cross_seed
str,structured_embedding,42,1,0,43,2,0,104,0.686216397306986,cross_split_cross_seed
str,structured_embedding,42,1,0,43,2,1,101,0.5280461665822891,cross_split_cross_seed
str,structured_embedding,42,1,0,43,2,2,105,0.7914558542814758,cross_split_cross_seed
str,structured_embedding,42,1,0,43,3,0,104,0.6010740657241862,cross_split_cross_seed
str,structured_embedding,42,1,0,43,3,1,104,0.8286097767877416,cross_split_cross_seed
str,structured_embedding,42,1,0,43,3,2,102,0.8700256913654825,cross_split_cross_seed
str,structured_embedding,42,1,0,43,4,0,109,0.7791711541098663,cross_split_cross_seed
str,structured_embedding,42,1,0,43,4,1,101,0.7491581839622448,cross_split_cross_seed
str,structured_embedding,42,1,0,43,4,2,104,0.8289340253947718,cross_split_cross_seed
str,structured_embedding,42,1,0,44,0,0,104,0.829372975221956,cross_split_cross_seed
str,structured_embedding,42,1,0,44,0,1,105,0.7751340655811885,cross_split_cross_seed
str,structured_embedding,42,1,0,44,0,2,99,0.7302005472782753,cross_split_cross_seed
str,structured_embedding,42,1,0,44,1,0,207,0.620997532780791,same_split_cross_seed
str,structured_embedding,42,1,0,44,1,1,103,0.5551756607448792,cross_split_cross_seed
str,structured_embedding,42,1,0,44,1,2,104,0.8602339004794305,cross_split_cross_seed
str,structured_embedding,42,1,0,44,2,0,104,0.8773163757808091,cross_split_cross_seed
str,structured_embedding,42,1,0,44,2,1,101,0.7805900111259488,cross_split_cross_seed
str,structured_embedding,42,1,0,44,2,2,105,0.825540520404289,cross_split_cross_seed
str,structured_embedding,42,1,0,44,3,0,104,0.5627017899481981,cross_split_cross_seed
str,structured_embedding,42,1,0,44,3,1,104,0.8394814921328501,cross_split_cross_seed
str,structured_embedding,42,1,0,44,3,2,102,0.8355480872799507,cross_split_cross_seed
str,structured_embedding,42,1,0,44,4,0,109,0.85092636734672,cross_split_cross_seed
str,structured_embedding,42,1,0,44,4,1,101,0.7254286661239493,cross_split_cross_seed
str,structured_embedding,42,1,0,44,4,2,104,0.6605991552157435,cross_split_cross_seed
str,structured_embedding,42,1,1,42,1,2,105,0.7035116336520908,cross_split_same_seed
str,structured_embedding,42,1,1,42,2,0,101,0.7186300716675247,cross_split_same_seed
str,structured_embedding,42,1,1,42,2,1,107,0.7469519054570044,cross_split_same_seed
str,structured_embedding,42,1,1,42,2,2,110,0.7885085046098346,cross_split_same_seed
str,structured_embedding,42,1,1,42,3,0,97,0.6965792522737839,cross_split_same_seed
str,structured_embedding,42,1,1,42,3,1,101,0.8117039449304378,cross_split_same_seed
str,structured_embedding,42,1,1,42,3,2,106,0.49265674340845583,cross_split_same_seed
str,structured_embedding,42,1,1,42,4,0,104,0.7109340205875304,cross_split_same_seed
str,structured_embedding,42,1,1,42,4,1,109,0.5888304725942934,cross_split_same_seed
str,structured_embedding,42,1,1,42,4,2,103,0.5970736591869711,cross_split_same_seed
str,structured_embedding,42,1,1,43,0,0,101,0.6937330407788632,cross_split_cross_seed
str,structured_embedding,42,1,1,43,0,1,107,0.6899587240799256,cross_split_cross_seed
str,structured_embedding,42,1,1,43,0,2,102,0.6455972277072111,cross_split_cross_seed
str,structured_embedding,42,1,1,43,1,0,103,0.6371189425590212,cross_split_cross_seed
str,structured_embedding,42,1,1,43,1,1,208,0.5663381218017627,same_split_cross_seed
str,structured_embedding,42,1,1,43,1,2,105,0.6268542771956185,cross_split_cross_seed
str,structured_embedding,42,1,1,43,2,0,101,0.6544636882879383,cross_split_cross_seed
str,structured_embedding,42,1,1,43,2,1,107,0.5510730333862588,cross_split_cross_seed
str,structured_embedding,42,1,1,43,2,2,110,0.6385374283754969,cross_split_cross_seed
str,structured_embedding,42,1,1,43,3,0,97,0.5689058283169304,cross_split_cross_seed
str,structured_embedding,42,1,1,43,3,1,101,0.6981527596107977,cross_split_cross_seed
str,structured_embedding,42,1,1,43,3,2,106,0.6366128153132806,cross_split_cross_seed
str,structured_embedding,42,1,1,43,4,0,104,0.6539087547550008,cross_split_cross_seed
str,structured_embedding,42,1,1,43,4,1,109,0.5933129318337641,cross_split_cross_seed
str,structured_embedding,42,1,1,43,4,2,103,0.645709708357318,cross_split_cross_seed
str,structured_embedding,42,1,1,44,0,0,101,0.6162452763327559,cross_split_cross_seed
str,structured_embedding,42,1,1,44,0,1,107,0.6948648367087301,cross_split_cross_seed
str,structured_embedding,42,1,1,44,0,2,102,0.5800168570669041,cross_split_cross_seed
str,structured_embedding,42,1,1,44,1,0,103,0.524286890708541,cross_split_cross_seed
str,structured_embedding,42,1,1,44,1,1,208,0.5150858265836511,same_split_cross_seed
str,structured_embedding,42,1,1,44,1,2,105,0.7182633611007243,cross_split_cross_seed
str,structured_embedding,42,1,1,44,2,0,101,0.7100895330254156,cross_split_cross_seed
str,structured_embedding,42,1,1,44,2,1,107,0.6187631002904974,cross_split_cross_seed
str,structured_embedding,42,1,1,44,2,2,110,0.7334645331175688,cross_split_cross_seed
str,structured_embedding,42,1,1,44,3,0,97,0.5467175008245472,cross_split_cross_seed
str,structured_embedding,42,1,1,44,3,1,101,0.7170878118424513,cross_split_cross_seed
str,structured_embedding,42,1,1,44,3,2,106,0.5818799306415764,cross_split_cross_seed
str,structured_embedding,42,1,1,44,4,0,104,0.6777830645783187,cross_split_cross_seed
str,structured_embedding,42,1,1,44,4,1,109,0.6076667124428737,cross_split_cross_seed
str,structured_embedding,42,1,1,44,4,2,103,0.5608615629127399,cross_split_cross_seed
str,structured_embedding,42,1,2,42,2,0,105,0.6827320135460879,cross_split_same_seed
str,structured_embedding,42,1,2,42,2,1,94,0.7292386138746666,cross_split_same_seed
str,structured_embedding,42,1,2,42,2,2,109,0.8197576681284583,cross_split_same_seed
str,structured_embedding,42,1,2,42,3,0,105,0.6989087683642649,cross_split_same_seed
str,structured_embedding,42,1,2,42,3,1,105,0.8820773250507216,cross_split_same_seed
str,structured_embedding,42,1,2,42,3,2,116,0.5725640875867337,cross_split_same_seed
str,structured_embedding,42,1,2,42,4,0,101,0.76842916946308,cross_split_same_seed
str,structured_embedding,42,1,2,42,4,1,114,0.7610604832506876,cross_split_same_seed
str,structured_embedding,42,1,2,42,4,2,95,0.6699666839266668,cross_split_same_seed
str,structured_embedding,42,1,2,43,0,0,107,0.7449617148669165,cross_split_cross_seed
str,structured_embedding,42,1,2,43,0,1,98,0.7324985081728767,cross_split_cross_seed
str,structured_embedding,42,1,2,43,0,2,105,0.7305636536746143,cross_split_cross_seed
str,structured_embedding,42,1,2,43,1,0,104,0.7616918019426947,cross_split_cross_seed
str,structured_embedding,42,1,2,43,1,1,105,0.7208510274959274,cross_split_cross_seed
str,structured_embedding,42,1,2,43,1,2,209,0.8368620129575254,same_split_cross_seed
str,structured_embedding,42,1,2,43,2,0,105,0.7144506772183488,cross_split_cross_seed
str,structured_embedding,42,1,2,43,2,1,94,0.6456067642781071,cross_split_cross_seed
str,structured_embedding,42,1,2,43,2,2,109,0.7864960645800851,cross_split_cross_seed
str,structured_embedding,42,1,2,43,3,0,105,0.6910637627304214,cross_split_cross_seed
str,structured_embedding,42,1,2,43,3,1,105,0.8397878212603629,cross_split_cross_seed
str,structured_embedding,42,1,2,43,3,2,116,0.7728067268746454,cross_split_cross_seed
str,structured_embedding,42,1,2,43,4,0,101,0.7394274645474546,cross_split_cross_seed
str,structured_embedding,42,1,2,43,4,1,114,0.7232537359580693,cross_split_cross_seed
str,structured_embedding,42,1,2,43,4,2,95,0.7678324086970605,cross_split_cross_seed
str,structured_embedding,42,1,2,44,0,0,107,0.7168169313412612,cross_split_cross_seed
str,structured_embedding,42,1,2,44,0,1,98,0.7713032944093363,cross_split_cross_seed
str,structured_embedding,42,1,2,44,0,2,105,0.650003525109408,cross_split_cross_seed
str,structured_embedding,42,1,2,44,1,0,104,0.5648195014326913,cross_split_cross_seed
str,structured_embedding,42,1,2,44,1,1,105,0.5993757143037035,cross_split_cross_seed
str,structured_embedding,42,1,2,44,1,2,209,0.83747275376506,same_split_cross_seed
str,structured_embedding,42,1,2,44,2,0,105,0.8172111726969897,cross_split_cross_seed
str,structured_embedding,42,1,2,44,2,1,94,0.7758533391046454,cross_split_cross_seed
str,structured_embedding,42,1,2,44,2,2,109,0.7521925252075287,cross_split_cross_seed
str,structured_embedding,42,1,2,44,3,0,105,0.5551751241889099,cross_split_cross_seed
str,structured_embedding,42,1,2,44,3,1,105,0.8050125573640743,cross_split_cross_seed
str,structured_embedding,42,1,2,44,3,2,116,0.7335296496922773,cross_split_cross_seed
str,structured_embedding,42,1,2,44,4,0,101,0.7420008359814491,cross_split_cross_seed
str,structured_embedding,42,1,2,44,4,1,114,0.7130583476437159,cross_split_cross_seed
str,structured_embedding,42,1,2,44,4,2,95,0.5847001008016542,cross_split_cross_seed
str,structured_embedding,42,2,0,42,2,1,103,0.6998187274199957,cross_split_same_seed
str,structured_embedding,42,2,0,42,2,2,104,0.7476506116754753,cross_split_same_seed
str,structured_embedding,42,2,0,42,3,0,103,0.6086910187450334,cross_split_same_seed
str,structured_embedding,42,2,0,42,3,1,107,0.6807533265827455,cross_split_same_seed
str,structured_embedding,42,2,0,42,3,2,104,0.58607263662718,cross_split_same_seed
str,structured_embedding,42,2,0,42,4,0,105,0.7418450265641487,cross_split_same_seed
str,structured_embedding,42,2,0,42,4,1,94,0.6355597407168233,cross_split_same_seed
str,structured_embedding,42,2,0,42,4,2,101,0.6068063809411264,cross_split_same_seed
str,structured_embedding,42,2,0,43,0,0,101,0.7088242400849007,cross_split_cross_seed
str,structured_embedding,42,2,0,43,0,1,108,0.5859643497410818,cross_split_cross_seed
str,structured_embedding,42,2,0,43,0,2,109,0.5387711749479398,cross_split_cross_seed
str,structured_embedding,42,2,0,43,1,0,104,0.6428170841301825,cross_split_cross_seed
str,structured_embedding,42,2,0,43,1,1,101,0.6057023889036321,cross_split_cross_seed
str,structured_embedding,42,2,0,43,1,2,105,0.6752439689812954,cross_split_cross_seed
str,structured_embedding,42,2,0,43,2,0,207,0.6788259270112795,same_split_cross_seed
str,structured_embedding,42,2,0,43,2,1,103,0.569617225866164,cross_split_cross_seed
str,structured_embedding,42,2,0,43,2,2,104,0.7217497451430841,cross_split_cross_seed
str,structured_embedding,42,2,0,43,3,0,103,0.5716962410689974,cross_split_cross_seed
str,structured_embedding,42,2,0,43,3,1,107,0.688009860024285,cross_split_cross_seed
str,structured_embedding,42,2,0,43,3,2,104,0.686346852222973,cross_split_cross_seed
str,structured_embedding,42,2,0,43,4,0,105,0.6828710936593754,cross_split_cross_seed
str,structured_embedding,42,2,0,43,4,1,94,0.6860866459510537,cross_split_cross_seed
str,structured_embedding,42,2,0,43,4,2,101,0.6405610809799477,cross_split_cross_seed
str,structured_embedding,42,2,0,44,0,0,101,0.6150666171689587,cross_split_cross_seed
str,structured_embedding,42,2,0,44,0,1,108,0.5788609389300846,cross_split_cross_seed
str,structured_embedding,42,2,0,44,0,2,109,0.4365004419503033,cross_split_cross_seed
str,structured_embedding,42,2,0,44,1,0,104,0.6020389798235104,cross_split_cross_seed
str,structured_embedding,42,2,0,44,1,1,101,0.5440175766555894,cross_split_cross_seed
str,structured_embedding,42,2,0,44,1,2,105,0.707358611999725,cross_split_cross_seed
str,structured_embedding,42,2,0,44,2,0,207,0.6316639762980075,same_split_cross_seed
str,structured_embedding,42,2,0,44,2,1,103,0.532334701936581,cross_split_cross_seed
str,structured_embedding,42,2,0,44,2,2,104,0.6478079731809524,cross_split_cross_seed
str,structured_embedding,42,2,0,44,3,0,103,0.5343187705853191,cross_split_cross_seed
str,structured_embedding,42,2,0,44,3,1,107,0.6138020239487982,cross_split_cross_seed
str,structured_embedding,42,2,0,44,3,2,104,0.6501110006584163,cross_split_cross_seed
str,structured_embedding,42,2,0,44,4,0,105,0.6643449725294657,cross_split_cross_seed
str,structured_embedding,42,2,0,44,4,1,94,0.6377234262773046,cross_split_cross_seed
str,structured_embedding,42,2,0,44,4,2,101,0.5891079973979146,cross_split_cross_seed
str,structured_embedding,42,2,1,42,2,2,105,0.8315161078895884,cross_split_same_seed
str,structured_embedding,42,2,1,42,3,0,108,0.7378415054352262,cross_split_same_seed
str,structured_embedding,42,2,1,42,3,1,111,0.7139155078360294,cross_split_same_seed
str,structured_embedding,42,2,1,42,3,2,101,0.591251931937965,cross_split_same_seed
str,structured_embedding,42,2,1,42,4,0,103,0.7104286344824933,cross_split_same_seed
str,structured_embedding,42,2,1,42,4,1,103,0.5950010696781375,cross_split_same_seed
str,structured_embedding,42,2,1,42,4,2,110,0.6742507999330749,cross_split_same_seed
str,structured_embedding,42,2,1,43,0,0,103,0.7362079001654142,cross_split_cross_seed
str,structured_embedding,42,2,1,43,0,1,104,0.5536978274668143,cross_split_cross_seed
str,structured_embedding,42,2,1,43,0,2,103,0.6145665322373121,cross_split_cross_seed
str,structured_embedding,42,2,1,43,1,0,101,0.6037401431586228,cross_split_cross_seed
str,structured_embedding,42,2,1,43,1,1,107,0.6081061579026366,cross_split_cross_seed
str,structured_embedding,42,2,1,43,1,2,94,0.7270126745544737,cross_split_cross_seed
str,structured_embedding,42,2,1,43,2,0,103,0.653487635759482,cross_split_cross_seed
str,structured_embedding,42,2,1,43,2,1,208,0.5966432260160586,same_split_cross_seed
str,structured_embedding,42,2,1,43,2,2,105,0.6571900945563324,cross_split_cross_seed
str,structured_embedding,42,2,1,43,3,0,108,0.6065310374663497,cross_split_cross_seed
str,structured_embedding,42,2,1,43,3,1,111,0.6856129510365555,cross_split_cross_seed
str,structured_embedding,42,2,1,43,3,2,101,0.5755144970305354,cross_split_cross_seed
str,structured_embedding,42,2,1,43,4,0,103,0.6503369845238686,cross_split_cross_seed
str,structured_embedding,42,2,1,43,4,1,103,0.5391729208644737,cross_split_cross_seed
str,structured_embedding,42,2,1,43,4,2,110,0.6473267353583532,cross_split_cross_seed
str,structured_embedding,42,2,1,44,0,0,103,0.603784415664689,cross_split_cross_seed
str,structured_embedding,42,2,1,44,0,1,104,0.5363464320210025,cross_split_cross_seed
str,structured_embedding,42,2,1,44,0,2,103,0.548732783366071,cross_split_cross_seed
str,structured_embedding,42,2,1,44,1,0,101,0.5493036086275972,cross_split_cross_seed
str,structured_embedding,42,2,1,44,1,1,107,0.5245940532696223,cross_split_cross_seed
str,structured_embedding,42,2,1,44,1,2,94,0.7487748435481291,cross_split_cross_seed
str,structured_embedding,42,2,1,44,2,0,103,0.6437835001590112,cross_split_cross_seed
str,structured_embedding,42,2,1,44,2,1,208,0.5693379350055265,same_split_cross_seed
str,structured_embedding,42,2,1,44,2,2,105,0.6027417598903603,cross_split_cross_seed
str,structured_embedding,42,2,1,44,3,0,108,0.59417505841359,cross_split_cross_seed
str,structured_embedding,42,2,1,44,3,1,111,0.6172409467566428,cross_split_cross_seed
str,structured_embedding,42,2,1,44,3,2,101,0.5177434977019812,cross_split_cross_seed
str,structured_embedding,42,2,1,44,4,0,103,0.5861260302994588,cross_split_cross_seed
str,structured_embedding,42,2,1,44,4,1,103,0.5255104846994396,cross_split_cross_seed
str,structured_embedding,42,2,1,44,4,2,110,0.5607645747832456,cross_split_cross_seed
str,structured_embedding,42,2,2,42,3,0,103,0.788185978287124,cross_split_same_seed
str,structured_embedding,42,2,2,42,3,1,102,0.8448299589383507,cross_split_same_seed
str,structured_embedding,42,2,2,42,3,2,101,0.6671212800805053,cross_split_same_seed
str,structured_embedding,42,2,2,42,4,0,106,0.7706490187536963,cross_split_same_seed
str,structured_embedding,42,2,2,42,4,1,103,0.7469391828158675,cross_split_same_seed
str,structured_embedding,42,2,2,42,4,2,115,0.7501169074832993,cross_split_same_seed
str,structured_embedding,42,2,2,43,0,0,98,0.7836716069969311,cross_split_cross_seed
str,structured_embedding,42,2,2,43,0,1,98,0.7028080562417457,cross_split_cross_seed
str,structured_embedding,42,2,2,43,0,2,104,0.5898341388171942,cross_split_cross_seed
str,structured_embedding,42,2,2,43,1,0,105,0.6738739776350869,cross_split_cross_seed
str,structured_embedding,42,2,2,43,1,1,110,0.5965998277250607,cross_split_cross_seed
str,structured_embedding,42,2,2,43,1,2,109,0.7344469496764466,cross_split_cross_seed
str,structured_embedding,42,2,2,43,2,0,104,0.7146138841093904,cross_split_cross_seed
str,structured_embedding,42,2,2,43,2,1,105,0.6344379477798748,cross_split_cross_seed
str,structured_embedding,42,2,2,43,2,2,209,0.7383054345878093,same_split_cross_seed
str,structured_embedding,42,2,2,43,3,0,103,0.6452181615233836,cross_split_cross_seed
str,structured_embedding,42,2,2,43,3,1,102,0.7998571802209119,cross_split_cross_seed
str,structured_embedding,42,2,2,43,3,2,101,0.7241951131332751,cross_split_cross_seed
str,structured_embedding,42,2,2,43,4,0,106,0.7140664316832857,cross_split_cross_seed
str,structured_embedding,42,2,2,43,4,1,103,0.6513088473829913,cross_split_cross_seed
str,structured_embedding,42,2,2,43,4,2,115,0.7952896027806127,cross_split_cross_seed
str,structured_embedding,42,2,2,44,0,0,98,0.6551317140255508,cross_split_cross_seed
str,structured_embedding,42,2,2,44,0,1,98,0.7177802386410992,cross_split_cross_seed
str,structured_embedding,42,2,2,44,0,2,104,0.4895215318606835,cross_split_cross_seed
str,structured_embedding,42,2,2,44,1,0,105,0.5679722888692864,cross_split_cross_seed
str,structured_embedding,42,2,2,44,1,1,110,0.5424391286237747,cross_split_cross_seed
str,structured_embedding,42,2,2,44,1,2,109,0.7715965080010716,cross_split_cross_seed
str,structured_embedding,42,2,2,44,2,0,104,0.7811774691102822,cross_split_cross_seed
str,structured_embedding,42,2,2,44,2,1,105,0.5943568566986523,cross_split_cross_seed
str,structured_embedding,42,2,2,44,2,2,209,0.7292824924217772,same_split_cross_seed
str,structured_embedding,42,2,2,44,3,0,103,0.6058113093044478,cross_split_cross_seed
str,structured_embedding,42,2,2,44,3,1,102,0.7565193254676259,cross_split_cross_seed
str,structured_embedding,42,2,2,44,3,2,101,0.6785641299801518,cross_split_cross_seed
str,structured_embedding,42,2,2,44,4,0,106,0.6592656297541667,cross_split_cross_seed
str,structured_embedding,42,2,2,44,4,1,103,0.6486803971058528,cross_split_cross_seed
str,structured_embedding,42,2,2,44,4,2,115,0.6659475143357136,cross_split_cross_seed
str,structured_embedding,42,3,0,42,3,1,103,0.7178178542844701,cross_split_same_seed
str,structured_embedding,42,3,0,42,3,2,105,0.6618435684099931,cross_split_same_seed
str,structured_embedding,42,3,0,42,4,0,97,0.7825327850443545,cross_split_same_seed
str,structured_embedding,42,3,0,42,4,1,112,0.6854656162899968,cross_split_same_seed
str,structured_embedding,42,3,0,42,4,2,113,0.6998902514252647,cross_split_same_seed
str,structured_embedding,42,3,0,43,0,0,95,0.6861703905940221,cross_split_cross_seed
str,structured_embedding,42,3,0,43,0,1,100,0.5657458693002817,cross_split_cross_seed
str,structured_embedding,42,3,0,43,0,2,111,0.5969502893721003,cross_split_cross_seed
str,structured_embedding,42,3,0,43,1,0,104,0.6616287824814728,cross_split_cross_seed
str,structured_embedding,42,3,0,43,1,1,97,0.5638223632066025,cross_split_cross_seed
str,structured_embedding,42,3,0,43,1,2,105,0.5968787035961547,cross_split_cross_seed
str,structured_embedding,42,3,0,43,2,0,103,0.5554035194602646,cross_split_cross_seed
str,structured_embedding,42,3,0,43,2,1,108,0.5292239246373532,cross_split_cross_seed
str,structured_embedding,42,3,0,43,2,2,103,0.5864629739423024,cross_split_cross_seed
str,structured_embedding,42,3,0,43,3,0,208,0.5957927927355734,same_split_cross_seed
str,structured_embedding,42,3,0,43,3,1,103,0.6487213101430129,cross_split_cross_seed
str,structured_embedding,42,3,0,43,3,2,105,0.5798419427656202,cross_split_cross_seed
str,structured_embedding,42,3,0,43,4,0,97,0.62928540041927,cross_split_cross_seed
str,structured_embedding,42,3,0,43,4,1,112,0.582485652588234,cross_split_cross_seed
str,structured_embedding,42,3,0,43,4,2,113,0.6490719465173188,cross_split_cross_seed
str,structured_embedding,42,3,0,44,0,0,95,0.5708848684907434,cross_split_cross_seed
str,structured_embedding,42,3,0,44,0,1,100,0.6396453477161003,cross_split_cross_seed
str,structured_embedding,42,3,0,44,0,2,111,0.5222089152066306,cross_split_cross_seed
str,structured_embedding,42,3,0,44,1,0,104,0.5778447127976353,cross_split_cross_seed
str,structured_embedding,42,3,0,44,1,1,97,0.5694212370600014,cross_split_cross_seed
str,structured_embedding,42,3,0,44,1,2,105,0.6669594467936449,cross_split_cross_seed
str,structured_embedding,42,3,0,44,2,0,103,0.608964699424732,cross_split_cross_seed
str,structured_embedding,42,3,0,44,2,1,108,0.541104063320136,cross_split_cross_seed
str,structured_embedding,42,3,0,44,2,2,103,0.6393739402772758,cross_split_cross_seed
str,structured_embedding,42,3,0,44,3,0,208,0.6187986962715842,same_split_cross_seed
str,structured_embedding,42,3,0,44,3,1,103,0.6854298002271448,cross_split_cross_seed
str,structured_embedding,42,3,0,44,3,2,105,0.5655531929726907,cross_split_cross_seed
str,structured_embedding,42,3,0,44,4,0,97,0.6302868259074043,cross_split_cross_seed
str,structured_embedding,42,3,0,44,4,1,112,0.5029926555782186,cross_split_cross_seed
str,structured_embedding,42,3,0,44,4,2,113,0.6648234040179408,cross_split_cross_seed
str,structured_embedding,42,3,1,42,3,2,105,0.5120460678013014,cross_split_same_seed
str,structured_embedding,42,3,1,42,4,0,105,0.7317552242563663,cross_split_same_seed
str,structured_embedding,42,3,1,42,4,1,106,0.8111543417445104,cross_split_same_seed
str,structured_embedding,42,3,1,42,4,2,99,0.619715842522327,cross_split_same_seed
str,structured_embedding,42,3,1,43,0,0,106,0.7654620540983793,cross_split_cross_seed
str,structured_embedding,42,3,1,43,0,1,104,0.8389131456579321,cross_split_cross_seed
str,structured_embedding,42,3,1,43,0,2,98,0.7891563787440329,cross_split_cross_seed
str,structured_embedding,42,3,1,43,1,0,104,0.758979958511335,cross_split_cross_seed
str,structured_embedding,42,3,1,43,1,1,101,0.7406776857680055,cross_split_cross_seed
str,structured_embedding,42,3,1,43,1,2,105,0.8677564523648886,cross_split_cross_seed
str,structured_embedding,42,3,1,43,2,0,107,0.6951160576912373,cross_split_cross_seed
str,structured_embedding,42,3,1,43,2,1,111,0.5316238617998469,cross_split_cross_seed
str,structured_embedding,42,3,1,43,2,2,102,0.8101267638841662,cross_split_cross_seed
str,structured_embedding,42,3,1,43,3,0,103,0.6194781153622729,cross_split_cross_seed
str,structured_embedding,42,3,1,43,3,1,208,0.8686236986076146,same_split_cross_seed
str,structured_embedding,42,3,1,43,3,2,105,0.8516391859750596,cross_split_cross_seed
str,structured_embedding,42,3,1,43,4,0,105,0.7469371445511646,cross_split_cross_seed
str,structured_embedding,42,3,1,43,4,1,106,0.7964693830599372,cross_split_cross_seed
str,structured_embedding,42,3,1,43,4,2,99,0.8329161374844963,cross_split_cross_seed
str,structured_embedding,42,3,1,44,0,0,106,0.7620209692301663,cross_split_cross_seed
str,structured_embedding,42,3,1,44,0,1,104,0.8769380088451101,cross_split_cross_seed
str,structured_embedding,42,3,1,44,0,2,98,0.7429678356656731,cross_split_cross_seed
str,structured_embedding,42,3,1,44,1,0,104,0.5033141692015056,cross_split_cross_seed
str,structured_embedding,42,3,1,44,1,1,101,0.5932964657563368,cross_split_cross_seed
str,structured_embedding,42,3,1,44,1,2,105,0.8517852814999485,cross_split_cross_seed
str,structured_embedding,42,3,1,44,2,0,107,0.9197880274016915,cross_split_cross_seed
str,structured_embedding,42,3,1,44,2,1,111,0.7795597108858014,cross_split_cross_seed
str,structured_embedding,42,3,1,44,2,2,102,0.887836489056203,cross_split_cross_seed
str,structured_embedding,42,3,1,44,3,0,103,0.5376199715721457,cross_split_cross_seed
str,structured_embedding,42,3,1,44,3,1,208,0.8323020375570475,same_split_cross_seed
str,structured_embedding,42,3,1,44,3,2,105,0.7857844555806917,cross_split_cross_seed
str,structured_embedding,42,3,1,44,4,0,105,0.8127963716834781,cross_split_cross_seed
str,structured_embedding,42,3,1,44,4,1,106,0.7860359929579929,cross_split_cross_seed
str,structured_embedding,42,3,1,44,4,2,99,0.6304471862633638,cross_split_cross_seed
str,structured_embedding,42,3,2,42,4,0,96,0.6753681549909213,cross_split_same_seed
str,structured_embedding,42,3,2,42,4,1,108,0.5996259211662558,cross_split_same_seed
str,structured_embedding,42,3,2,42,4,2,108,0.6662681070469961,cross_split_same_seed
str,structured_embedding,42,3,2,43,0,0,103,0.5202868052814291,cross_split_cross_seed
str,structured_embedding,42,3,2,43,0,1,110,0.515823535644855,cross_split_cross_seed
str,structured_embedding,42,3,2,43,0,2,105,0.4315998537060544,cross_split_cross_seed
str,structured_embedding,42,3,2,43,1,0,102,0.4743975241276612,cross_split_cross_seed
str,structured_embedding,42,3,2,43,1,1,106,0.400459693908971,cross_split_cross_seed
str,structured_embedding,42,3,2,43,1,2,116,0.5319633367231229,cross_split_cross_seed
str,structured_embedding,42,3,2,43,2,0,104,0.5479697006043416,cross_split_cross_seed
str,structured_embedding,42,3,2,43,2,1,101,0.46194647445353826,cross_split_cross_seed
str,structured_embedding,42,3,2,43,2,2,101,0.5769302205889465,cross_split_cross_seed
str,structured_embedding,42,3,2,43,3,0,105,0.5025303597542956,cross_split_cross_seed
str,structured_embedding,42,3,2,43,3,1,105,0.5162258653340588,cross_split_cross_seed
str,structured_embedding,42,3,2,43,3,2,210,0.5084097490373113,same_split_cross_seed
str,structured_embedding,42,3,2,43,4,0,96,0.5850572367914498,cross_split_cross_seed
str,structured_embedding,42,3,2,43,4,1,108,0.5565808625919854,cross_split_cross_seed
str,structured_embedding,42,3,2,43,4,2,108,0.528905182576298,cross_split_cross_seed
str,structured_embedding,42,3,2,44,0,0,103,0.43238499593136615,cross_split_cross_seed
str,structured_embedding,42,3,2,44,0,1,110,0.4935484972729654,cross_split_cross_seed
str,structured_embedding,42,3,2,44,0,2,105,0.3406949532979726,cross_split_cross_seed
str,structured_embedding,42,3,2,44,1,0,102,0.5554921031478448,cross_split_cross_seed
str,structured_embedding,42,3,2,44,1,1,106,0.43651970579444793,cross_split_cross_seed
str,structured_embedding,42,3,2,44,1,2,116,0.6037346748444498,cross_split_cross_seed
str,structured_embedding,42,3,2,44,2,0,104,0.5173609985217176,cross_split_cross_seed
str,structured_embedding,42,3,2,44,2,1,101,0.42443037106025533,cross_split_cross_seed
str,structured_embedding,42,3,2,44,2,2,101,0.5744171093020273,cross_split_cross_seed
str,structured_embedding,42,3,2,44,3,0,105,0.6129853692553723,cross_split_cross_seed
str,structured_embedding,42,3,2,44,3,1,105,0.5212390325764364,cross_split_cross_seed
str,structured_embedding,42,3,2,44,3,2,210,0.5041765584084751,same_split_cross_seed
str,structured_embedding,42,3,2,44,4,0,96,0.5477810738813625,cross_split_cross_seed
str,structured_embedding,42,3,2,44,4,1,108,0.5125728058132192,cross_split_cross_seed
str,structured_embedding,42,3,2,44,4,2,108,0.5758457561161051,cross_split_cross_seed
str,structured_embedding,42,4,0,42,4,1,103,0.7218042919311014,cross_split_same_seed
str,structured_embedding,42,4,0,42,4,2,105,0.7168153455404301,cross_split_same_seed
str,structured_embedding,42,4,0,43,0,0,117,0.7769341945517284,cross_split_cross_seed
str,structured_embedding,42,4,0,43,0,1,106,0.7051802580111,cross_split_cross_seed
str,structured_embedding,42,4,0,43,0,2,99,0.7356995857937891,cross_split_cross_seed
str,structured_embedding,42,4,0,43,1,0,109,0.7664941984088646,cross_split_cross_seed
str,structured_embedding,42,4,0,43,1,1,104,0.6694685287425433,cross_split_cross_seed
str,structured_embedding,42,4,0,43,1,2,101,0.7633979163613471,cross_split_cross_seed
str,structured_embedding,42,4,0,43,2,0,105,0.7628952779997523,cross_split_cross_seed
str,structured_embedding,42,4,0,43,2,1,103,0.5715705303178227,cross_split_cross_seed
str,structured_embedding,42,4,0,43,2,2,106,0.7692803705089135,cross_split_cross_seed
str,structured_embedding,42,4,0,43,3,0,97,0.5725425813064534,cross_split_cross_seed
str,structured_embedding,42,4,0,43,3,1,105,0.7392452445506686,cross_split_cross_seed
str,structured_embedding,42,4,0,43,3,2,96,0.7444666394834487,cross_split_cross_seed
str,structured_embedding,42,4,0,43,4,0,208,0.7947337584257073,same_split_cross_seed
str,structured_embedding,42,4,0,43,4,1,103,0.7305837527758445,cross_split_cross_seed
str,structured_embedding,42,4,0,43,4,2,105,0.7742512833719833,cross_split_cross_seed
str,structured_embedding,42,4,0,44,0,0,117,0.7071488170289091,cross_split_cross_seed
str,structured_embedding,42,4,0,44,0,1,106,0.7124364210954098,cross_split_cross_seed
str,structured_embedding,42,4,0,44,0,2,99,0.6377273327634367,cross_split_cross_seed
str,structured_embedding,42,4,0,44,1,0,109,0.5871680254954074,cross_split_cross_seed
str,structured_embedding,42,4,0,44,1,1,104,0.49785853565686927,cross_split_cross_seed
str,structured_embedding,42,4,0,44,1,2,101,0.7882100801036256,cross_split_cross_seed
str,structured_embedding,42,4,0,44,2,0,105,0.7838431345321543,cross_split_cross_seed
str,structured_embedding,42,4,0,44,2,1,103,0.6576916812558402,cross_split_cross_seed
str,structured_embedding,42,4,0,44,2,2,106,0.6661232198113767,cross_split_cross_seed
str,structured_embedding,42,4,0,44,3,0,97,0.5972253061575057,cross_split_cross_seed
str,structured_embedding,42,4,0,44,3,1,105,0.7159416087165146,cross_split_cross_seed
str,structured_embedding,42,4,0,44,3,2,96,0.6703681191876,cross_split_cross_seed
str,structured_embedding,42,4,0,44,4,0,208,0.7198079742955008,same_split_cross_seed
str,structured_embedding,42,4,0,44,4,1,103,0.6663783915573209,cross_split_cross_seed
str,structured_embedding,42,4,0,44,4,2,105,0.638184649118934,cross_split_cross_seed
str,structured_embedding,42,4,1,42,4,2,105,0.6649846346669278,cross_split_same_seed
str,structured_embedding,42,4,1,43,0,0,93,0.5943133807482075,cross_split_cross_seed
str,structured_embedding,42,4,1,43,0,1,100,0.5918437805145843,cross_split_cross_seed
str,structured_embedding,42,4,1,43,0,2,105,0.6040313877941536,cross_split_cross_seed
str,structured_embedding,42,4,1,43,1,0,101,0.7362351542244713,cross_split_cross_seed
str,structured_embedding,42,4,1,43,1,1,109,0.5573644043115646,cross_split_cross_seed
str,structured_embedding,42,4,1,43,1,2,114,0.7342976137693199,cross_split_cross_seed
str,structured_embedding,42,4,1,43,2,0,94,0.655949100428746,cross_split_cross_seed
str,structured_embedding,42,4,1,43,2,1,103,0.49342741133564405,cross_split_cross_seed
str,structured_embedding,42,4,1,43,2,2,103,0.6714386698988977,cross_split_cross_seed
str,structured_embedding,42,4,1,43,3,0,112,0.5656188118328276,cross_split_cross_seed
str,structured_embedding,42,4,1,43,3,1,106,0.7455805011468928,cross_split_cross_seed
str,structured_embedding,42,4,1,43,3,2,108,0.7270449798687925,cross_split_cross_seed
str,structured_embedding,42,4,1,43,4,0,103,0.650785946716062,cross_split_cross_seed
str,structured_embedding,42,4,1,43,4,1,208,0.7254856623665258,same_split_cross_seed
str,structured_embedding,42,4,1,43,4,2,105,0.7156992332017237,cross_split_cross_seed
str,structured_embedding,42,4,1,44,0,0,93,0.597054011931522,cross_split_cross_seed
str,structured_embedding,42,4,1,44,0,1,100,0.6823707597462868,cross_split_cross_seed
str,structured_embedding,42,4,1,44,0,2,105,0.5705845043078511,cross_split_cross_seed
str,structured_embedding,42,4,1,44,1,0,101,0.6164304312170438,cross_split_cross_seed
str,structured_embedding,42,4,1,44,1,1,109,0.5027549157789433,cross_split_cross_seed
str,structured_embedding,42,4,1,44,1,2,114,0.7473529759752009,cross_split_cross_seed
str,structured_embedding,42,4,1,44,2,0,94,0.7380516343484104,cross_split_cross_seed
str,structured_embedding,42,4,1,44,2,1,103,0.6627631591662047,cross_split_cross_seed
str,structured_embedding,42,4,1,44,2,2,103,0.7050884107583103,cross_split_cross_seed
str,structured_embedding,42,4,1,44,3,0,112,0.5551677622236351,cross_split_cross_seed
str,structured_embedding,42,4,1,44,3,1,106,0.7427834886374831,cross_split_cross_seed
str,structured_embedding,42,4,1,44,3,2,108,0.7032745520740954,cross_split_cross_seed
str,structured_embedding,42,4,1,44,4,0,103,0.6697253545745586,cross_split_cross_seed
str,structured_embedding,42,4,1,44,4,1,208,0.7046018057074522,same_split_cross_seed
str,structured_embedding,42,4,1,44,4,2,105,0.6091681906982543,cross_split_cross_seed
str,structured_embedding,42,4,2,43,0,0,102,0.6231076530315062,cross_split_cross_seed
str,structured_embedding,42,4,2,43,0,1,102,0.5681968043427927,cross_split_cross_seed
str,structured_embedding,42,4,2,43,0,2,108,0.5467992394229544,cross_split_cross_seed
str,structured_embedding,42,4,2,43,1,0,104,0.5750581902968234,cross_split_cross_seed
str,structured_embedding,42,4,2,43,1,1,103,0.4528787495056155,cross_split_cross_seed
str,structured_embedding,42,4,2,43,1,2,95,0.5885002102410665,cross_split_cross_seed
str,structured_embedding,42,4,2,43,2,0,101,0.6181683154690274,cross_split_cross_seed
str,structured_embedding,42,4,2,43,2,1,110,0.5048114762815521,cross_split_cross_seed
str,structured_embedding,42,4,2,43,2,2,115,0.5627267487611249,cross_split_cross_seed
str,structured_embedding,42,4,2,43,3,0,113,0.6051653019878412,cross_split_cross_seed
str,structured_embedding,42,4,2,43,3,1,99,0.5914463446005512,cross_split_cross_seed
str,structured_embedding,42,4,2,43,3,2,108,0.549133612678926,cross_split_cross_seed
str,structured_embedding,42,4,2,43,4,0,105,0.628905108508566,cross_split_cross_seed
str,structured_embedding,42,4,2,43,4,1,105,0.5627995850604843,cross_split_cross_seed
str,structured_embedding,42,4,2,43,4,2,210,0.6310758418456692,same_split_cross_seed
str,structured_embedding,42,4,2,44,0,0,102,0.5165253274253232,cross_split_cross_seed
str,structured_embedding,42,4,2,44,0,1,102,0.5853829117398754,cross_split_cross_seed
str,structured_embedding,42,4,2,44,0,2,108,0.47753822539352336,cross_split_cross_seed
str,structured_embedding,42,4,2,44,1,0,104,0.5521832215709155,cross_split_cross_seed
str,structured_embedding,42,4,2,44,1,1,103,0.48011258170540766,cross_split_cross_seed
str,structured_embedding,42,4,2,44,1,2,95,0.6635143366324409,cross_split_cross_seed
str,structured_embedding,42,4,2,44,2,0,101,0.567076489048,cross_split_cross_seed
str,structured_embedding,42,4,2,44,2,1,110,0.4675170575786384,cross_split_cross_seed
str,structured_embedding,42,4,2,44,2,2,115,0.5949202976703146,cross_split_cross_seed
str,structured_embedding,42,4,2,44,3,0,113,0.6492133130436651,cross_split_cross_seed
str,structured_embedding,42,4,2,44,3,1,99,0.5946822884014383,cross_split_cross_seed
str,structured_embedding,42,4,2,44,3,2,108,0.5395282321187805,cross_split_cross_seed
str,structured_embedding,42,4,2,44,4,0,105,0.5444298847658334,cross_split_cross_seed
str,structured_embedding,42,4,2,44,4,1,105,0.5720837909340681,cross_split_cross_seed
str,structured_embedding,42,4,2,44,4,2,210,0.6658765380182593,same_split_cross_seed
str,structured_embedding,43,0,0,43,0,1,102,0.7604259217007866,cross_split_same_seed
str,structured_embedding,43,0,0,43,0,2,103,0.8433123572543497,cross_split_same_seed
str,structured_embedding,43,0,0,43,1,0,104,0.8845555062422807,cross_split_same_seed
str,structured_embedding,43,0,0,43,1,1,101,0.8409061365813401,cross_split_same_seed
str,structured_embedding,43,0,0,43,1,2,107,0.8470543313892058,cross_split_same_seed
str,structured_embedding,43,0,0,43,2,0,101,0.8131709487327133,cross_split_same_seed
str,structured_embedding,43,0,0,43,2,1,103,0.662844417650975,cross_split_same_seed
str,structured_embedding,43,0,0,43,2,2,98,0.9179379816729879,cross_split_same_seed
str,structured_embedding,43,0,0,43,3,0,95,0.6728295534424416,cross_split_same_seed
str,structured_embedding,43,0,0,43,3,1,106,0.8808995781469459,cross_split_same_seed
str,structured_embedding,43,0,0,43,3,2,103,0.8348230641157621,cross_split_same_seed
str,structured_embedding,43,0,0,43,4,0,117,0.8758071555328519,cross_split_same_seed
str,structured_embedding,43,0,0,43,4,1,93,0.7583704430773117,cross_split_same_seed
str,structured_embedding,43,0,0,43,4,2,102,0.8668544255700105,cross_split_same_seed
str,structured_embedding,43,0,0,44,0,0,205,0.7722604302764625,same_split_cross_seed
str,structured_embedding,43,0,0,44,0,1,102,0.7105279871874655,cross_split_cross_seed
str,structured_embedding,43,0,0,44,0,2,103,0.6939156200915697,cross_split_cross_seed
str,structured_embedding,43,0,0,44,1,0,104,0.6894786234335171,cross_split_cross_seed
str,structured_embedding,43,0,0,44,1,1,101,0.6121563683188489,cross_split_cross_seed
str,structured_embedding,43,0,0,44,1,2,107,0.7729108145972718,cross_split_cross_seed
str,structured_embedding,43,0,0,44,2,0,101,0.79288780284154,cross_split_cross_seed
str,structured_embedding,43,0,0,44,2,1,103,0.7170049825750965,cross_split_cross_seed
str,structured_embedding,43,0,0,44,2,2,98,0.6768096392226245,cross_split_cross_seed
str,structured_embedding,43,0,0,44,3,0,95,0.5011982515260305,cross_split_cross_seed
str,structured_embedding,43,0,0,44,3,1,106,0.7336595065769398,cross_split_cross_seed
str,structured_embedding,43,0,0,44,3,2,103,0.7341530697468875,cross_split_cross_seed
str,structured_embedding,43,0,0,44,4,0,117,0.7591003805237125,cross_split_cross_seed
str,structured_embedding,43,0,0,44,4,1,93,0.6400989565776406,cross_split_cross_seed
str,structured_embedding,43,0,0,44,4,2,102,0.6579198351440788,cross_split_cross_seed
str,structured_embedding,43,0,1,43,0,2,105,0.8567519560458757,cross_split_same_seed
str,structured_embedding,43,0,1,43,1,0,105,0.6818513953126667,cross_split_same_seed
str,structured_embedding,43,0,1,43,1,1,107,0.7898832501831696,cross_split_same_seed
str,structured_embedding,43,0,1,43,1,2,98,0.8346404897374109,cross_split_same_seed
str,structured_embedding,43,0,1,43,2,0,108,0.6754862644967616,cross_split_same_seed
str,structured_embedding,43,0,1,43,2,1,104,0.6235407648982669,cross_split_same_seed
str,structured_embedding,43,0,1,43,2,2,98,0.8684688375463271,cross_split_same_seed
str,structured_embedding,43,0,1,43,3,0,100,0.5551292914759449,cross_split_same_seed
str,structured_embedding,43,0,1,43,3,1,104,0.8690959053294776,cross_split_same_seed
str,structured_embedding,43,0,1,43,3,2,110,0.8923779335568325,cross_split_same_seed
str,structured_embedding,43,0,1,43,4,0,106,0.8060483619267359,cross_split_same_seed
str,structured_embedding,43,0,1,43,4,1,100,0.8079949711192606,cross_split_same_seed
str,structured_embedding,43,0,1,43,4,2,102,0.8445236317614402,cross_split_same_seed
str,structured_embedding,43,0,1,44,0,0,102,0.7759773744483679,cross_split_cross_seed
str,structured_embedding,43,0,1,44,0,1,207,0.8280977021989555,same_split_cross_seed
str,structured_embedding,43,0,1,44,0,2,105,0.7176174973286373,cross_split_cross_seed
str,structured_embedding,43,0,1,44,1,0,105,0.567544273852922,cross_split_cross_seed
str,structured_embedding,43,0,1,44,1,1,107,0.5083262340032326,cross_split_cross_seed
str,structured_embedding,43,0,1,44,1,2,98,0.7655057857510413,cross_split_cross_seed
str,structured_embedding,43,0,1,44,2,0,108,0.8504925601039721,cross_split_cross_seed
str,structured_embedding,43,0,1,44,2,1,104,0.7332030233592852,cross_split_cross_seed
str,structured_embedding,43,0,1,44,2,2,98,0.7973330441686928,cross_split_cross_seed
str,structured_embedding,43,0,1,44,3,0,100,0.48182970003567127,cross_split_cross_seed
str,structured_embedding,43,0,1,44,3,1,104,0.7443727104012995,cross_split_cross_seed
str,structured_embedding,43,0,1,44,3,2,110,0.7710255602477436,cross_split_cross_seed
str,structured_embedding,43,0,1,44,4,0,106,0.8469327399898499,cross_split_cross_seed
str,structured_embedding,43,0,1,44,4,1,100,0.643173420168348,cross_split_cross_seed
str,structured_embedding,43,0,1,44,4,2,102,0.6389594447479882,cross_split_cross_seed
str,structured_embedding,43,0,2,43,1,0,99,0.849165349396648,cross_split_same_seed
str,structured_embedding,43,0,2,43,1,1,102,0.9068950846880002,cross_split_same_seed
str,structured_embedding,43,0,2,43,1,2,105,0.9023262294793727,cross_split_same_seed
str,structured_embedding,43,0,2,43,2,0,109,0.6790867329574172,cross_split_same_seed
str,structured_embedding,43,0,2,43,2,1,103,0.556364934230367,cross_split_same_seed
str,structured_embedding,43,0,2,43,2,2,104,0.843922310774762,cross_split_same_seed
str,structured_embedding,43,0,2,43,3,0,111,0.5426059264975724,cross_split_same_seed
str,structured_embedding,43,0,2,43,3,1,98,0.8584709121495238,cross_split_same_seed
str,structured_embedding,43,0,2,43,3,2,105,0.8975066121518271,cross_split_same_seed
str,structured_embedding,43,0,2,43,4,0,99,0.8244545356388365,cross_split_same_seed
str,structured_embedding,43,0,2,43,4,1,105,0.8187821849939769,cross_split_same_seed
str,structured_embedding,43,0,2,43,4,2,108,0.8350296381437606,cross_split_same_seed
str,structured_embedding,43,0,2,44,0,0,103,0.8611538306502449,cross_split_cross_seed
str,structured_embedding,43,0,2,44,0,1,105,0.800225878376019,cross_split_cross_seed
str,structured_embedding,43,0,2,44,0,2,208,0.8274786950761036,same_split_cross_seed
str,structured_embedding,43,0,2,44,1,0,99,0.5865453013222436,cross_split_cross_seed
str,structured_embedding,43,0,2,44,1,1,102,0.5592163707050506,cross_split_cross_seed
str,structured_embedding,43,0,2,44,1,2,105,0.8080281790161815,cross_split_cross_seed
str,structured_embedding,43,0,2,44,2,0,109,0.874029468109244,cross_split_cross_seed
str,structured_embedding,43,0,2,44,2,1,103,0.838483816894093,cross_split_cross_seed
str,structured_embedding,43,0,2,44,2,2,104,0.6823456529181584,cross_split_cross_seed
str,structured_embedding,43,0,2,44,3,0,111,0.49365103365214497,cross_split_cross_seed
str,structured_embedding,43,0,2,44,3,1,98,0.7697756951565573,cross_split_cross_seed
str,structured_embedding,43,0,2,44,3,2,105,0.8110628282124007,cross_split_cross_seed
str,structured_embedding,43,0,2,44,4,0,99,0.8918396103149296,cross_split_cross_seed
str,structured_embedding,43,0,2,44,4,1,105,0.691315773437626,cross_split_cross_seed
str,structured_embedding,43,0,2,44,4,2,108,0.5978682101110337,cross_split_cross_seed
str,structured_embedding,43,1,0,43,1,1,103,0.8179655885102758,cross_split_same_seed
str,structured_embedding,43,1,0,43,1,2,104,0.8547529536052977,cross_split_same_seed
str,structured_embedding,43,1,0,43,2,0,104,0.7028509710162761,cross_split_same_seed
str,structured_embedding,43,1,0,43,2,1,101,0.5399114611361935,cross_split_same_seed
str,structured_embedding,43,1,0,43,2,2,105,0.8048313394057407,cross_split_same_seed
str,structured_embedding,43,1,0,43,3,0,104,0.5715113091622392,cross_split_same_seed
str,structured_embedding,43,1,0,43,3,1,104,0.8147639362524318,cross_split_same_seed
str,structured_embedding,43,1,0,43,3,2,102,0.8426382424642419,cross_split_same_seed
str,structured_embedding,43,1,0,43,4,0,109,0.8334272367633668,cross_split_same_seed
str,structured_embedding,43,1,0,43,4,1,101,0.7558496003155201,cross_split_same_seed
str,structured_embedding,43,1,0,43,4,2,104,0.808392481066767,cross_split_same_seed
str,structured_embedding,43,1,0,44,0,0,104,0.8600939997891566,cross_split_cross_seed
str,structured_embedding,43,1,0,44,0,1,105,0.7457502521937975,cross_split_cross_seed
str,structured_embedding,43,1,0,44,0,2,99,0.7779948952307523,cross_split_cross_seed
str,structured_embedding,43,1,0,44,1,0,207,0.6503360390056054,same_split_cross_seed
str,structured_embedding,43,1,0,44,1,1,103,0.6224330774798645,cross_split_cross_seed
str,structured_embedding,43,1,0,44,1,2,104,0.8242476212399923,cross_split_cross_seed
str,structured_embedding,43,1,0,44,2,0,104,0.8139595366855861,cross_split_cross_seed
str,structured_embedding,43,1,0,44,2,1,101,0.8080120310053887,cross_split_cross_seed
str,structured_embedding,43,1,0,44,2,2,105,0.7300039802658621,cross_split_cross_seed
str,structured_embedding,43,1,0,44,3,0,104,0.5073078275919121,cross_split_cross_seed
str,structured_embedding,43,1,0,44,3,1,104,0.7936618100445832,cross_split_cross_seed
str,structured_embedding,43,1,0,44,3,2,102,0.8360953220163122,cross_split_cross_seed
str,structured_embedding,43,1,0,44,4,0,109,0.8322235089178259,cross_split_cross_seed
str,structured_embedding,43,1,0,44,4,1,101,0.7138586391619447,cross_split_cross_seed
str,structured_embedding,43,1,0,44,4,2,104,0.5938881902017934,cross_split_cross_seed
str,structured_embedding,43,1,1,43,1,2,105,0.8724295057139313,cross_split_same_seed
str,structured_embedding,43,1,1,43,2,0,101,0.7255540848792588,cross_split_same_seed
str,structured_embedding,43,1,1,43,2,1,107,0.6016185525187213,cross_split_same_seed
str,structured_embedding,43,1,1,43,2,2,110,0.8207292653044498,cross_split_same_seed
str,structured_embedding,43,1,1,43,3,0,97,0.5716994747127875,cross_split_same_seed
str,structured_embedding,43,1,1,43,3,1,101,0.8293212408713339,cross_split_same_seed
str,structured_embedding,43,1,1,43,3,2,106,0.7920103781368897,cross_split_same_seed
str,structured_embedding,43,1,1,43,4,0,104,0.7788008804735934,cross_split_same_seed
str,structured_embedding,43,1,1,43,4,1,109,0.7592976744747614,cross_split_same_seed
str,structured_embedding,43,1,1,43,4,2,103,0.7546328363222702,cross_split_same_seed
str,structured_embedding,43,1,1,44,0,0,101,0.7896328476845296,cross_split_cross_seed
str,structured_embedding,43,1,1,44,0,1,107,0.7394947423519957,cross_split_cross_seed
str,structured_embedding,43,1,1,44,0,2,102,0.8007839200306811,cross_split_cross_seed
str,structured_embedding,43,1,1,44,1,0,103,0.5743471745952985,cross_split_cross_seed
str,structured_embedding,43,1,1,44,1,1,208,0.5854712917737407,same_split_cross_seed
str,structured_embedding,43,1,1,44,1,2,105,0.7568166854046288,cross_split_cross_seed
str,structured_embedding,43,1,1,44,2,0,101,0.8041578495889765,cross_split_cross_seed
str,structured_embedding,43,1,1,44,2,1,107,0.785127758779571,cross_split_cross_seed
str,structured_embedding,43,1,1,44,2,2,110,0.6545566737834437,cross_split_cross_seed
str,structured_embedding,43,1,1,44,3,0,97,0.4672828873846373,cross_split_cross_seed
str,structured_embedding,43,1,1,44,3,1,101,0.761293349200207,cross_split_cross_seed
str,structured_embedding,43,1,1,44,3,2,106,0.7341411567923076,cross_split_cross_seed
str,structured_embedding,43,1,1,44,4,0,104,0.8024165246061338,cross_split_cross_seed
str,structured_embedding,43,1,1,44,4,1,109,0.6438971756200376,cross_split_cross_seed
str,structured_embedding,43,1,1,44,4,2,103,0.46489603891537634,cross_split_cross_seed
str,structured_embedding,43,1,2,43,2,0,105,0.7542860682934239,cross_split_same_seed
str,structured_embedding,43,1,2,43,2,1,94,0.6468681134620075,cross_split_same_seed
str,structured_embedding,43,1,2,43,2,2,109,0.9054872373836858,cross_split_same_seed
str,structured_embedding,43,1,2,43,3,0,105,0.6695627671047688,cross_split_same_seed
str,structured_embedding,43,1,2,43,3,1,105,0.9266106959551075,cross_split_same_seed
str,structured_embedding,43,1,2,43,3,2,116,0.8932422288673197,cross_split_same_seed
str,structured_embedding,43,1,2,43,4,0,101,0.8376077307220203,cross_split_same_seed
str,structured_embedding,43,1,2,43,4,1,114,0.8391196958459421,cross_split_same_seed
str,structured_embedding,43,1,2,43,4,2,95,0.8580505051183411,cross_split_same_seed
str,structured_embedding,43,1,2,44,0,0,107,0.8389959240211884,cross_split_cross_seed
str,structured_embedding,43,1,2,44,0,1,98,0.8076816118568121,cross_split_cross_seed
str,structured_embedding,43,1,2,44,0,2,105,0.7819170186791147,cross_split_cross_seed
str,structured_embedding,43,1,2,44,1,0,104,0.5810515537736506,cross_split_cross_seed
str,structured_embedding,43,1,2,44,1,1,105,0.5822050371852356,cross_split_cross_seed
str,structured_embedding,43,1,2,44,1,2,209,0.8396603918056674,same_split_cross_seed
str,structured_embedding,43,1,2,44,2,0,105,0.8806004152528533,cross_split_cross_seed
str,structured_embedding,43,1,2,44,2,1,94,0.8664217241756201,cross_split_cross_seed
str,structured_embedding,43,1,2,44,2,2,109,0.7450800522819594,cross_split_cross_seed
str,structured_embedding,43,1,2,44,3,0,105,0.4681487068309052,cross_split_cross_seed
str,structured_embedding,43,1,2,44,3,1,105,0.81489981900709,cross_split_cross_seed
str,structured_embedding,43,1,2,44,3,2,116,0.8068503215722869,cross_split_cross_seed
str,structured_embedding,43,1,2,44,4,0,101,0.8398471328337741,cross_split_cross_seed
str,structured_embedding,43,1,2,44,4,1,114,0.7531705332195958,cross_split_cross_seed
str,structured_embedding,43,1,2,44,4,2,95,0.5702664401545045,cross_split_cross_seed
str,structured_embedding,43,2,0,43,2,1,103,0.6436402421342559,cross_split_same_seed
str,structured_embedding,43,2,0,43,2,2,104,0.8072243012872937,cross_split_same_seed
str,structured_embedding,43,2,0,43,3,0,103,0.7138739335189455,cross_split_same_seed
str,structured_embedding,43,2,0,43,3,1,107,0.8001283112675186,cross_split_same_seed
str,structured_embedding,43,2,0,43,3,2,104,0.7081819593608808,cross_split_same_seed
str,structured_embedding,43,2,0,43,4,0,105,0.8088620586283808,cross_split_same_seed
str,structured_embedding,43,2,0,43,4,1,94,0.7609182778245663,cross_split_same_seed
str,structured_embedding,43,2,0,43,4,2,101,0.7539409622391612,cross_split_same_seed
str,structured_embedding,43,2,0,44,0,0,101,0.5910295875600922,cross_split_cross_seed
str,structured_embedding,43,2,0,44,0,1,108,0.6203064661319302,cross_split_cross_seed
str,structured_embedding,43,2,0,44,0,2,109,0.5030802096542484,cross_split_cross_seed
str,structured_embedding,43,2,0,44,1,0,104,0.5481381443243692,cross_split_cross_seed
str,structured_embedding,43,2,0,44,1,1,101,0.5315773723273469,cross_split_cross_seed
str,structured_embedding,43,2,0,44,1,2,105,0.7197393200522789,cross_split_cross_seed
str,structured_embedding,43,2,0,44,2,0,207,0.6784954101094919,same_split_cross_seed
str,structured_embedding,43,2,0,44,2,1,103,0.5577105099761352,cross_split_cross_seed
str,structured_embedding,43,2,0,44,2,2,104,0.6695802800932908,cross_split_cross_seed
str,structured_embedding,43,2,0,44,3,0,103,0.46909018682206055,cross_split_cross_seed
str,structured_embedding,43,2,0,44,3,1,107,0.6334217099221949,cross_split_cross_seed
str,structured_embedding,43,2,0,44,3,2,104,0.6085961363269247,cross_split_cross_seed
str,structured_embedding,43,2,0,44,4,0,105,0.6991830431708694,cross_split_cross_seed
str,structured_embedding,43,2,0,44,4,1,94,0.6733956071553182,cross_split_cross_seed
str,structured_embedding,43,2,0,44,4,2,101,0.5992670543025783,cross_split_cross_seed
str,structured_embedding,43,2,1,43,2,2,105,0.6682620682003435,cross_split_same_seed
str,structured_embedding,43,2,1,43,3,0,108,0.6716137009346062,cross_split_same_seed
str,structured_embedding,43,2,1,43,3,1,111,0.6719815972571146,cross_split_same_seed
str,structured_embedding,43,2,1,43,3,2,101,0.48555440083692797,cross_split_same_seed
str,structured_embedding,43,2,1,43,4,0,103,0.6662389553818074,cross_split_same_seed
str,structured_embedding,43,2,1,43,4,1,103,0.5361052284849613,cross_split_same_seed
str,structured_embedding,43,2,1,43,4,2,110,0.6721603031560431,cross_split_same_seed
str,structured_embedding,43,2,1,44,0,0,103,0.47568646249374313,cross_split_cross_seed
str,structured_embedding,43,2,1,44,0,1,104,0.5106176861016246,cross_split_cross_seed
str,structured_embedding,43,2,1,44,0,2,103,0.47122567567679796,cross_split_cross_seed
str,structured_embedding,43,2,1,44,1,0,101,0.45971110728266457,cross_split_cross_seed
str,structured_embedding,43,2,1,44,1,1,107,0.48981348496828925,cross_split_cross_seed
str,structured_embedding,43,2,1,44,1,2,94,0.60564983251528,cross_split_cross_seed
str,structured_embedding,43,2,1,44,2,0,103,0.5087194773715147,cross_split_cross_seed
str,structured_embedding,43,2,1,44,2,1,208,0.4640513261084864,same_split_cross_seed
str,structured_embedding,43,2,1,44,2,2,105,0.47623994854618135,cross_split_cross_seed
str,structured_embedding,43,2,1,44,3,0,108,0.4453478510183615,cross_split_cross_seed
str,structured_embedding,43,2,1,44,3,1,111,0.4776509273708645,cross_split_cross_seed
str,structured_embedding,43,2,1,44,3,2,101,0.4287928010159865,cross_split_cross_seed
str,structured_embedding,43,2,1,44,4,0,103,0.4678864495875949,cross_split_cross_seed
str,structured_embedding,43,2,1,44,4,1,103,0.4998645738035338,cross_split_cross_seed
str,structured_embedding,43,2,1,44,4,2,110,0.405400802353788,cross_split_cross_seed
str,structured_embedding,43,2,2,43,3,0,103,0.636218386485096,cross_split_same_seed
str,structured_embedding,43,2,2,43,3,1,102,0.9330023550031995,cross_split_same_seed
str,structured_embedding,43,2,2,43,3,2,101,0.8864861320800308,cross_split_same_seed
str,structured_embedding,43,2,2,43,4,0,106,0.9062326110152824,cross_split_same_seed
str,structured_embedding,43,2,2,43,4,1,103,0.8088919944979912,cross_split_same_seed
str,structured_embedding,43,2,2,43,4,2,115,0.9248790512261884,cross_split_same_seed
str,structured_embedding,43,2,2,44,0,0,98,0.7903899700899061,cross_split_cross_seed
str,structured_embedding,43,2,2,44,0,1,98,0.7906044390808752,cross_split_cross_seed
str,structured_embedding,43,2,2,44,0,2,104,0.6656749698800445,cross_split_cross_seed
str,structured_embedding,43,2,2,44,1,0,105,0.5755722255590977,cross_split_cross_seed
str,structured_embedding,43,2,2,44,1,1,110,0.5371501481705232,cross_split_cross_seed
str,structured_embedding,43,2,2,44,1,2,109,0.8047393274576679,cross_split_cross_seed
str,structured_embedding,43,2,2,44,2,0,104,0.8428129895808646,cross_split_cross_seed
str,structured_embedding,43,2,2,44,2,1,105,0.7224839994287341,cross_split_cross_seed
str,structured_embedding,43,2,2,44,2,2,209,0.7080865535365414,same_split_cross_seed
str,structured_embedding,43,2,2,44,3,0,103,0.518278059401307,cross_split_cross_seed
str,structured_embedding,43,2,2,44,3,1,102,0.7737075513221494,cross_split_cross_seed
str,structured_embedding,43,2,2,44,3,2,101,0.7892411165399007,cross_split_cross_seed
str,structured_embedding,43,2,2,44,4,0,106,0.8119406714229747,cross_split_cross_seed
str,structured_embedding,43,2,2,44,4,1,103,0.7032617852062116,cross_split_cross_seed
str,structured_embedding,43,2,2,44,4,2,115,0.6275948576759875,cross_split_cross_seed
str,structured_embedding,43,3,0,43,3,1,103,0.7073875138747713,cross_split_same_seed
str,structured_embedding,43,3,0,43,3,2,105,0.5683764070414554,cross_split_same_seed
str,structured_embedding,43,3,0,43,4,0,97,0.677217310568731,cross_split_same_seed
str,structured_embedding,43,3,0,43,4,1,112,0.5594080517722886,cross_split_same_seed
str,structured_embedding,43,3,0,43,4,2,113,0.7161239617355237,cross_split_same_seed
str,structured_embedding,43,3,0,44,0,0,95,0.45402270542172357,cross_split_cross_seed
str,structured_embedding,43,3,0,44,0,1,100,0.5365745900585368,cross_split_cross_seed
str,structured_embedding,43,3,0,44,0,2,111,0.4430161975167709,cross_split_cross_seed
str,structured_embedding,43,3,0,44,1,0,104,0.4423978725971915,cross_split_cross_seed
str,structured_embedding,43,3,0,44,1,1,97,0.5234191826385486,cross_split_cross_seed
str,structured_embedding,43,3,0,44,1,2,105,0.6310495841260798,cross_split_cross_seed
str,structured_embedding,43,3,0,44,2,0,103,0.5466396089556509,cross_split_cross_seed
str,structured_embedding,43,3,0,44,2,1,108,0.44769593941769564,cross_split_cross_seed
str,structured_embedding,43,3,0,44,2,2,103,0.5477401521546604,cross_split_cross_seed
str,structured_embedding,43,3,0,44,3,0,208,0.4637729639552288,same_split_cross_seed
str,structured_embedding,43,3,0,44,3,1,103,0.5524648361218594,cross_split_cross_seed
str,structured_embedding,43,3,0,44,3,2,105,0.517117072516436,cross_split_cross_seed
str,structured_embedding,43,3,0,44,4,0,97,0.5179406204733417,cross_split_cross_seed
str,structured_embedding,43,3,0,44,4,1,112,0.49107563528416404,cross_split_cross_seed
str,structured_embedding,43,3,0,44,4,2,113,0.5402829897056137,cross_split_cross_seed
str,structured_embedding,43,3,1,43,3,2,105,0.888274261202742,cross_split_same_seed
str,structured_embedding,43,3,1,43,4,0,105,0.8642996071994786,cross_split_same_seed
str,structured_embedding,43,3,1,43,4,1,106,0.8405157696304533,cross_split_same_seed
str,structured_embedding,43,3,1,43,4,2,99,0.9249718608765488,cross_split_same_seed
str,structured_embedding,43,3,1,44,0,0,106,0.759941936461019,cross_split_cross_seed
str,structured_embedding,43,3,1,44,0,1,104,0.8097298279844148,cross_split_cross_seed
str,structured_embedding,43,3,1,44,0,2,98,0.7025805278876267,cross_split_cross_seed
str,structured_embedding,43,3,1,44,1,0,104,0.5207894333841375,cross_split_cross_seed
str,structured_embedding,43,3,1,44,1,1,101,0.5818586646174739,cross_split_cross_seed
str,structured_embedding,43,3,1,44,1,2,105,0.8395188047534369,cross_split_cross_seed
str,structured_embedding,43,3,1,44,2,0,107,0.8736844147149343,cross_split_cross_seed
str,structured_embedding,43,3,1,44,2,1,111,0.702926145521214,cross_split_cross_seed
str,structured_embedding,43,3,1,44,2,2,102,0.7907691345441337,cross_split_cross_seed
str,structured_embedding,43,3,1,44,3,0,103,0.5098336719714683,cross_split_cross_seed
str,structured_embedding,43,3,1,44,3,1,208,0.7855944079298884,same_split_cross_seed
str,structured_embedding,43,3,1,44,3,2,105,0.7926957277734537,cross_split_cross_seed
str,structured_embedding,43,3,1,44,4,0,105,0.7868252196835563,cross_split_cross_seed
str,structured_embedding,43,3,1,44,4,1,106,0.7586600393899602,cross_split_cross_seed
str,structured_embedding,43,3,1,44,4,2,99,0.6127590019843112,cross_split_cross_seed
str,structured_embedding,43,3,2,43,4,0,96,0.8316960559200326,cross_split_same_seed
str,structured_embedding,43,3,2,43,4,1,108,0.8529952728745147,cross_split_same_seed
str,structured_embedding,43,3,2,43,4,2,108,0.8581577290864462,cross_split_same_seed
str,structured_embedding,43,3,2,44,0,0,103,0.8409033985871393,cross_split_cross_seed
str,structured_embedding,43,3,2,44,0,1,110,0.8325260519814701,cross_split_cross_seed
str,structured_embedding,43,3,2,44,0,2,105,0.7338937471998767,cross_split_cross_seed
str,structured_embedding,43,3,2,44,1,0,102,0.5946490453385728,cross_split_cross_seed
str,structured_embedding,43,3,2,44,1,1,106,0.47029796907082627,cross_split_cross_seed
str,structured_embedding,43,3,2,44,1,2,116,0.8373503218243694,cross_split_cross_seed
str,structured_embedding,43,3,2,44,2,0,104,0.9179405226851769,cross_split_cross_seed
str,structured_embedding,43,3,2,44,2,1,101,0.8006604028950149,cross_split_cross_seed
str,structured_embedding,43,3,2,44,2,2,101,0.8200213841421,cross_split_cross_seed
str,structured_embedding,43,3,2,44,3,0,105,0.4940937830190185,cross_split_cross_seed
str,structured_embedding,43,3,2,44,3,1,105,0.8081291337551452,cross_split_cross_seed
str,structured_embedding,43,3,2,44,3,2,210,0.8547263554054344,same_split_cross_seed
str,structured_embedding,43,3,2,44,4,0,96,0.8961270626070339,cross_split_cross_seed
str,structured_embedding,43,3,2,44,4,1,108,0.7253647426829496,cross_split_cross_seed
str,structured_embedding,43,3,2,44,4,2,108,0.6024847383025999,cross_split_cross_seed
str,structured_embedding,43,4,0,43,4,1,103,0.7800604791679958,cross_split_same_seed
str,structured_embedding,43,4,0,43,4,2,105,0.9043073860080815,cross_split_same_seed
str,structured_embedding,43,4,0,44,0,0,117,0.7377404669035108,cross_split_cross_seed
str,structured_embedding,43,4,0,44,0,1,106,0.7143801835914132,cross_split_cross_seed
str,structured_embedding,43,4,0,44,0,2,99,0.6967696939241418,cross_split_cross_seed
str,structured_embedding,43,4,0,44,1,0,109,0.6034824515109645,cross_split_cross_seed
str,structured_embedding,43,4,0,44,1,1,104,0.4959937968148148,cross_split_cross_seed
str,structured_embedding,43,4,0,44,1,2,101,0.8004224571707742,cross_split_cross_seed
str,structured_embedding,43,4,0,44,2,0,105,0.8079896434067799,cross_split_cross_seed
str,structured_embedding,43,4,0,44,2,1,103,0.6779101056467596,cross_split_cross_seed
str,structured_embedding,43,4,0,44,2,2,106,0.6916028096171138,cross_split_cross_seed
str,structured_embedding,43,4,0,44,3,0,97,0.5587235436666198,cross_split_cross_seed
str,structured_embedding,43,4,0,44,3,1,105,0.7211588259089711,cross_split_cross_seed
str,structured_embedding,43,4,0,44,3,2,96,0.7266764201091612,cross_split_cross_seed
str,structured_embedding,43,4,0,44,4,0,208,0.7592241766937202,same_split_cross_seed
str,structured_embedding,43,4,0,44,4,1,103,0.6669215808006376,cross_split_cross_seed
str,structured_embedding,43,4,0,44,4,2,105,0.6344904944531227,cross_split_cross_seed
str,structured_embedding,43,4,1,43,4,2,105,0.7713527806149726,cross_split_same_seed
str,structured_embedding,43,4,1,44,0,0,93,0.7204369009074802,cross_split_cross_seed
str,structured_embedding,43,4,1,44,0,1,100,0.7271214036700466,cross_split_cross_seed
str,structured_embedding,43,4,1,44,0,2,105,0.6853417608768202,cross_split_cross_seed
str,structured_embedding,43,4,1,44,1,0,101,0.626616834653653,cross_split_cross_seed
str,structured_embedding,43,4,1,44,1,1,109,0.5196529079253739,cross_split_cross_seed
str,structured_embedding,43,4,1,44,1,2,114,0.7947985657616373,cross_split_cross_seed
str,structured_embedding,43,4,1,44,2,0,94,0.8166405964312902,cross_split_cross_seed
str,structured_embedding,43,4,1,44,2,1,103,0.712657925258535,cross_split_cross_seed
str,structured_embedding,43,4,1,44,2,2,103,0.6952627285264515,cross_split_cross_seed
str,structured_embedding,43,4,1,44,3,0,112,0.550716657713308,cross_split_cross_seed
str,structured_embedding,43,4,1,44,3,1,106,0.7293956452393159,cross_split_cross_seed
str,structured_embedding,43,4,1,44,3,2,108,0.748569240146585,cross_split_cross_seed
str,structured_embedding,43,4,1,44,4,0,103,0.7920129155268794,cross_split_cross_seed
str,structured_embedding,43,4,1,44,4,1,208,0.7658569005817887,same_split_cross_seed
str,structured_embedding,43,4,1,44,4,2,105,0.6166868604781864,cross_split_cross_seed
str,structured_embedding,43,4,2,44,0,0,102,0.7386029342434419,cross_split_cross_seed
str,structured_embedding,43,4,2,44,0,1,102,0.7873999914101772,cross_split_cross_seed
str,structured_embedding,43,4,2,44,0,2,108,0.7057480621431228,cross_split_cross_seed
str,structured_embedding,43,4,2,44,1,0,104,0.5636797824962332,cross_split_cross_seed
str,structured_embedding,43,4,2,44,1,1,103,0.45240471811083877,cross_split_cross_seed
str,structured_embedding,43,4,2,44,1,2,95,0.7804060051979946,cross_split_cross_seed
str,structured_embedding,43,4,2,44,2,0,101,0.8180711873758919,cross_split_cross_seed
str,structured_embedding,43,4,2,44,2,1,110,0.6888725616389648,cross_split_cross_seed
str,structured_embedding,43,4,2,44,2,2,115,0.7715135879360175,cross_split_cross_seed
str,structured_embedding,43,4,2,44,3,0,113,0.5464704514064226,cross_split_cross_seed
str,structured_embedding,43,4,2,44,3,1,99,0.7402348371711179,cross_split_cross_seed
str,structured_embedding,43,4,2,44,3,2,108,0.762113551722988,cross_split_cross_seed
str,structured_embedding,43,4,2,44,4,0,105,0.7822585967903092,cross_split_cross_seed
str,structured_embedding,43,4,2,44,4,1,105,0.6902947328982881,cross_split_cross_seed
str,structured_embedding,43,4,2,44,4,2,210,0.6373888836444205,same_split_cross_seed
str,structured_embedding,44,0,0,44,0,1,102,0.8554434599160038,cross_split_same_seed
str,structured_embedding,44,0,0,44,0,2,103,0.8757005310223108,cross_split_same_seed
str,structured_embedding,44,0,0,44,1,0,104,0.7243885444855256,cross_split_same_seed
str,structured_embedding,44,0,0,44,1,1,101,0.6231834224092482,cross_split_same_seed
str,structured_embedding,44,0,0,44,1,2,107,0.8479667725606348,cross_split_same_seed
str,structured_embedding,44,0,0,44,2,0,101,0.8739425649416123,cross_split_same_seed
str,structured_embedding,44,0,0,44,2,1,103,0.8952618437850635,cross_split_same_seed
str,structured_embedding,44,0,0,44,2,2,98,0.7558479466543142,cross_split_same_seed
str,structured_embedding,44,0,0,44,3,0,95,0.4638391194165918,cross_split_same_seed
str,structured_embedding,44,0,0,44,3,1,106,0.8319023778266065,cross_split_same_seed
str,structured_embedding,44,0,0,44,3,2,103,0.8663391861402899,cross_split_same_seed
str,structured_embedding,44,0,0,44,4,0,117,0.9217756565782583,cross_split_same_seed
str,structured_embedding,44,0,0,44,4,1,93,0.6714226930571086,cross_split_same_seed
str,structured_embedding,44,0,0,44,4,2,102,0.5893294304391054,cross_split_same_seed
str,structured_embedding,44,0,1,44,0,2,105,0.8187470013079857,cross_split_same_seed
str,structured_embedding,44,0,1,44,1,0,105,0.6095834807078465,cross_split_same_seed
str,structured_embedding,44,0,1,44,1,1,107,0.6034314550133643,cross_split_same_seed
str,structured_embedding,44,0,1,44,1,2,98,0.845918567196916,cross_split_same_seed
str,structured_embedding,44,0,1,44,2,0,108,0.9075542299382178,cross_split_same_seed
str,structured_embedding,44,0,1,44,2,1,104,0.8458539372916224,cross_split_same_seed
str,structured_embedding,44,0,1,44,2,2,98,0.880516584100345,cross_split_same_seed
str,structured_embedding,44,0,1,44,3,0,100,0.548651905989347,cross_split_same_seed
str,structured_embedding,44,0,1,44,3,1,104,0.8727746856346558,cross_split_same_seed
str,structured_embedding,44,0,1,44,3,2,110,0.8389030667345914,cross_split_same_seed
str,structured_embedding,44,0,1,44,4,0,106,0.8948450171256691,cross_split_same_seed
str,structured_embedding,44,0,1,44,4,1,100,0.6781530468175557,cross_split_same_seed
str,structured_embedding,44,0,1,44,4,2,102,0.6600748727835452,cross_split_same_seed
str,structured_embedding,44,0,2,44,1,0,99,0.6098376827580779,cross_split_same_seed
str,structured_embedding,44,0,2,44,1,1,102,0.672316314266944,cross_split_same_seed
str,structured_embedding,44,0,2,44,1,2,105,0.785061210079199,cross_split_same_seed
str,structured_embedding,44,0,2,44,2,0,109,0.8383393131301381,cross_split_same_seed
str,structured_embedding,44,0,2,44,2,1,103,0.93346568409612,cross_split_same_seed
str,structured_embedding,44,0,2,44,2,2,104,0.7889598972493029,cross_split_same_seed
str,structured_embedding,44,0,2,44,3,0,111,0.4860215532238361,cross_split_same_seed
str,structured_embedding,44,0,2,44,3,1,98,0.7973607717729337,cross_split_same_seed
str,structured_embedding,44,0,2,44,3,2,105,0.8171547796714036,cross_split_same_seed
str,structured_embedding,44,0,2,44,4,0,99,0.9128865589414846,cross_split_same_seed
str,structured_embedding,44,0,2,44,4,1,105,0.7333668277412215,cross_split_same_seed
str,structured_embedding,44,0,2,44,4,2,108,0.5480584715971163,cross_split_same_seed
str,structured_embedding,44,1,0,44,1,1,103,0.6548042238169202,cross_split_same_seed
str,structured_embedding,44,1,0,44,1,2,104,0.7036097202665601,cross_split_same_seed
str,structured_embedding,44,1,0,44,2,0,104,0.6111765235266194,cross_split_same_seed
str,structured_embedding,44,1,0,44,2,1,101,0.6003273486210249,cross_split_same_seed
str,structured_embedding,44,1,0,44,2,2,105,0.5936334633853195,cross_split_same_seed
str,structured_embedding,44,1,0,44,3,0,104,0.6961807569220445,cross_split_same_seed
str,structured_embedding,44,1,0,44,3,1,104,0.65972352405437,cross_split_same_seed
str,structured_embedding,44,1,0,44,3,2,102,0.7271913877424471,cross_split_same_seed
str,structured_embedding,44,1,0,44,4,0,109,0.6691246010790535,cross_split_same_seed
str,structured_embedding,44,1,0,44,4,1,101,0.704958719315778,cross_split_same_seed
str,structured_embedding,44,1,0,44,4,2,104,0.7179068449381885,cross_split_same_seed
str,structured_embedding,44,1,1,44,1,2,105,0.7123476777804546,cross_split_same_seed
str,structured_embedding,44,1,1,44,2,0,101,0.6024213074156597,cross_split_same_seed
str,structured_embedding,44,1,1,44,2,1,107,0.6964197899936053,cross_split_same_seed
str,structured_embedding,44,1,1,44,2,2,110,0.6741023190613983,cross_split_same_seed
str,structured_embedding,44,1,1,44,3,0,97,0.6038357176654322,cross_split_same_seed
str,structured_embedding,44,1,1,44,3,1,101,0.7250241327540016,cross_split_same_seed
str,structured_embedding,44,1,1,44,3,2,106,0.6031519525284191,cross_split_same_seed
str,structured_embedding,44,1,1,44,4,0,104,0.569513040372441,cross_split_same_seed
str,structured_embedding,44,1,1,44,4,1,109,0.652548453873687,cross_split_same_seed
str,structured_embedding,44,1,1,44,4,2,103,0.501912565310858,cross_split_same_seed
str,structured_embedding,44,1,2,44,2,0,105,0.8973001093452345,cross_split_same_seed
str,structured_embedding,44,1,2,44,2,1,94,0.8765215536500218,cross_split_same_seed
str,structured_embedding,44,1,2,44,2,2,109,0.8350696336109116,cross_split_same_seed
str,structured_embedding,44,1,2,44,3,0,105,0.662632419456476,cross_split_same_seed
str,structured_embedding,44,1,2,44,3,1,105,0.8817110324995536,cross_split_same_seed
str,structured_embedding,44,1,2,44,3,2,116,0.854610965282399,cross_split_same_seed
str,structured_embedding,44,1,2,44,4,0,101,0.8855696426461257,cross_split_same_seed
str,structured_embedding,44,1,2,44,4,1,114,0.818999471713203,cross_split_same_seed
str,structured_embedding,44,1,2,44,4,2,95,0.6828543082624566,cross_split_same_seed
str,structured_embedding,44,2,0,44,2,1,103,0.880337110064382,cross_split_same_seed
str,structured_embedding,44,2,0,44,2,2,104,0.8981405549350313,cross_split_same_seed
str,structured_embedding,44,2,0,44,3,0,103,0.5602068463770961,cross_split_same_seed
str,structured_embedding,44,2,0,44,3,1,107,0.9002728060638439,cross_split_same_seed
str,structured_embedding,44,2,0,44,3,2,104,0.8983785940569078,cross_split_same_seed
str,structured_embedding,44,2,0,44,4,0,105,0.953732143841789,cross_split_same_seed
str,structured_embedding,44,2,0,44,4,1,94,0.8236118457407187,cross_split_same_seed
str,structured_embedding,44,2,0,44,4,2,101,0.7184849238795781,cross_split_same_seed
str,structured_embedding,44,2,1,44,2,2,105,0.8422738426223184,cross_split_same_seed
str,structured_embedding,44,2,1,44,3,0,108,0.49490707189248695,cross_split_same_seed
str,structured_embedding,44,2,1,44,3,1,111,0.8679836013660681,cross_split_same_seed
str,structured_embedding,44,2,1,44,3,2,101,0.8376531537433473,cross_split_same_seed
str,structured_embedding,44,2,1,44,4,0,103,0.884970189214889,cross_split_same_seed
str,structured_embedding,44,2,1,44,4,1,103,0.7367542279898565,cross_split_same_seed
str,structured_embedding,44,2,1,44,4,2,110,0.5247557012024683,cross_split_same_seed
str,structured_embedding,44,2,2,44,3,0,103,0.6388054664314597,cross_split_same_seed
str,structured_embedding,44,2,2,44,3,1,102,0.8872250453229206,cross_split_same_seed
str,structured_embedding,44,2,2,44,3,2,101,0.8384551389283578,cross_split_same_seed
str,structured_embedding,44,2,2,44,4,0,106,0.8287112052502777,cross_split_same_seed
str,structured_embedding,44,2,2,44,4,1,103,0.7647950460673202,cross_split_same_seed
str,structured_embedding,44,2,2,44,4,2,115,0.6430506405021061,cross_split_same_seed
str,structured_embedding,44,3,0,44,3,1,103,0.657587493552894,cross_split_same_seed
str,structured_embedding,44,3,0,44,3,2,105,0.5851132600712424,cross_split_same_seed
str,structured_embedding,44,3,0,44,4,0,97,0.5931192639509372,cross_split_same_seed
str,structured_embedding,44,3,0,44,4,1,112,0.6193976880194016,cross_split_same_seed
str,structured_embedding,44,3,0,44,4,2,113,0.744824896224134,cross_split_same_seed
str,structured_embedding,44,3,1,44,3,2,105,0.8688357903204674,cross_split_same_seed
str,structured_embedding,44,3,1,44,4,0,105,0.8556581674132465,cross_split_same_seed
str,structured_embedding,44,3,1,44,4,1,106,0.808831166734226,cross_split_same_seed
str,structured_embedding,44,3,1,44,4,2,99,0.6992881382810582,cross_split_same_seed
str,structured_embedding,44,3,2,44,4,0,96,0.9226388559410736,cross_split_same_seed
str,structured_embedding,44,3,2,44,4,1,108,0.7946570182039271,cross_split_same_seed
str,structured_embedding,44,3,2,44,4,2,108,0.6499892887660585,cross_split_same_seed
str,structured_embedding,44,4,0,44,4,1,103,0.7857686862585845,cross_split_same_seed
str,structured_embedding,44,4,0,44,4,2,105,0.6559046968491246,cross_split_same_seed
str,structured_embedding,44,4,1,44,4,2,105,0.6901106074629012,cross_split_same_seed
str,decision_input,42,0,0,42,0,1,102,0.6329421532255496,cross_split_same_seed
str,decision_input,42,0,0,42,0,2,103,0.7028507379878326,cross_split_same_seed
str,decision_input,42,0,0,42,1,0,104,0.8638296338723458,cross_split_same_seed
str,decision_input,42,0,0,42,1,1,101,0.7495207428345315,cross_split_same_seed
str,decision_input,42,0,0,42,1,2,107,0.8236417696558972,cross_split_same_seed
str,decision_input,42,0,0,42,2,0,101,0.7113614453275856,cross_split_same_seed
str,decision_input,42,0,0,42,2,1,103,0.7696360239825075,cross_split_same_seed
str,decision_input,42,0,0,42,2,2,98,0.8574069355963376,cross_split_same_seed
str,decision_input,42,0,0,42,3,0,95,0.7317251411502468,cross_split_same_seed
str,decision_input,42,0,0,42,3,1,106,0.7880352569205251,cross_split_same_seed
str,decision_input,42,0,0,42,3,2,103,0.5658179535837786,cross_split_same_seed
str,decision_input,42,0,0,42,4,0,117,0.7381601968520006,cross_split_same_seed
str,decision_input,42,0,0,42,4,1,93,0.6636571777542559,cross_split_same_seed
str,decision_input,42,0,0,42,4,2,102,0.6877543974302137,cross_split_same_seed
str,decision_input,42,0,0,43,0,0,205,0.8292373031088408,same_split_cross_seed
str,decision_input,42,0,0,43,0,1,102,0.6875593230635042,cross_split_cross_seed
str,decision_input,42,0,0,43,0,2,103,0.7567317895575406,cross_split_cross_seed
str,decision_input,42,0,0,43,1,0,104,0.7630329285670568,cross_split_cross_seed
str,decision_input,42,0,0,43,1,1,101,0.6932877252005636,cross_split_cross_seed
str,decision_input,42,0,0,43,1,2,107,0.7912572541011627,cross_split_cross_seed
str,decision_input,42,0,0,43,2,0,101,0.7307563905645226,cross_split_cross_seed
str,decision_input,42,0,0,43,2,1,103,0.6665075111882254,cross_split_cross_seed
str,decision_input,42,0,0,43,2,2,98,0.7997621557437503,cross_split_cross_seed
str,decision_input,42,0,0,43,3,0,95,0.6808671027832032,cross_split_cross_seed
str,decision_input,42,0,0,43,3,1,106,0.8138463574893786,cross_split_cross_seed
str,decision_input,42,0,0,43,3,2,103,0.7789659168503558,cross_split_cross_seed
str,decision_input,42,0,0,43,4,0,117,0.7234197541187171,cross_split_cross_seed
str,decision_input,42,0,0,43,4,1,93,0.6909219205778437,cross_split_cross_seed
str,decision_input,42,0,0,43,4,2,102,0.7728593987548549,cross_split_cross_seed
str,decision_input,42,0,0,44,0,0,205,0.7788727521379811,same_split_cross_seed
str,decision_input,42,0,0,44,0,1,102,0.6520514684361315,cross_split_cross_seed
str,decision_input,42,0,0,44,0,2,103,0.7352451410917272,cross_split_cross_seed
str,decision_input,42,0,0,44,1,0,104,0.6359346917168877,cross_split_cross_seed
str,decision_input,42,0,0,44,1,1,101,0.5796780466445106,cross_split_cross_seed
str,decision_input,42,0,0,44,1,2,107,0.7176427901381914,cross_split_cross_seed
str,decision_input,42,0,0,44,2,0,101,0.7672355100234344,cross_split_cross_seed
str,decision_input,42,0,0,44,2,1,103,0.6709252311781059,cross_split_cross_seed
str,decision_input,42,0,0,44,2,2,98,0.7086871795771078,cross_split_cross_seed
str,decision_input,42,0,0,44,3,0,95,0.5360845187154325,cross_split_cross_seed
str,decision_input,42,0,0,44,3,1,106,0.7268712665942362,cross_split_cross_seed
str,decision_input,42,0,0,44,3,2,103,0.7802815135298614,cross_split_cross_seed
str,decision_input,42,0,0,44,4,0,117,0.7253435177473486,cross_split_cross_seed
str,decision_input,42,0,0,44,4,1,93,0.558590380587253,cross_split_cross_seed
str,decision_input,42,0,0,44,4,2,102,0.6552675901388392,cross_split_cross_seed
str,decision_input,42,0,1,42,0,2,105,0.7210274671744973,cross_split_same_seed
str,decision_input,42,0,1,42,1,0,105,0.5895013282075238,cross_split_same_seed
str,decision_input,42,0,1,42,1,1,107,0.6456006826141423,cross_split_same_seed
str,decision_input,42,0,1,42,1,2,98,0.651351307349348,cross_split_same_seed
str,decision_input,42,0,1,42,2,0,108,0.6501866193108762,cross_split_same_seed
str,decision_input,42,0,1,42,2,1,104,0.601181757602769,cross_split_same_seed
str,decision_input,42,0,1,42,2,2,98,0.6877159599128563,cross_split_same_seed
str,decision_input,42,0,1,42,3,0,100,0.6420568934138513,cross_split_same_seed
str,decision_input,42,0,1,42,3,1,104,0.6452995747347159,cross_split_same_seed
str,decision_input,42,0,1,42,3,2,110,0.6153250780291319,cross_split_same_seed
str,decision_input,42,0,1,42,4,0,106,0.6601300042665924,cross_split_same_seed
str,decision_input,42,0,1,42,4,1,100,0.6726521442036548,cross_split_same_seed
str,decision_input,42,0,1,42,4,2,102,0.6559908623728364,cross_split_same_seed
str,decision_input,42,0,1,43,0,0,102,0.6124941200843219,cross_split_cross_seed
str,decision_input,42,0,1,43,0,1,207,0.5890479819606952,same_split_cross_seed
str,decision_input,42,0,1,43,0,2,105,0.5045332717369823,cross_split_cross_seed
str,decision_input,42,0,1,43,1,0,105,0.5616227601233722,cross_split_cross_seed
str,decision_input,42,0,1,43,1,1,107,0.4837355767083342,cross_split_cross_seed
str,decision_input,42,0,1,43,1,2,98,0.5832046899408028,cross_split_cross_seed
str,decision_input,42,0,1,43,2,0,108,0.6116621291957556,cross_split_cross_seed
str,decision_input,42,0,1,43,2,1,104,0.6086560625694036,cross_split_cross_seed
str,decision_input,42,0,1,43,2,2,98,0.6519869512386354,cross_split_cross_seed
str,decision_input,42,0,1,43,3,0,100,0.6246712771803259,cross_split_cross_seed
str,decision_input,42,0,1,43,3,1,104,0.6373906987552922,cross_split_cross_seed
str,decision_input,42,0,1,43,3,2,110,0.5375163699067131,cross_split_cross_seed
str,decision_input,42,0,1,43,4,0,106,0.6120194438813487,cross_split_cross_seed
str,decision_input,42,0,1,43,4,1,100,0.6163786559061418,cross_split_cross_seed
str,decision_input,42,0,1,43,4,2,102,0.5624209323557425,cross_split_cross_seed
str,decision_input,42,0,1,44,0,0,102,0.6120456309883259,cross_split_cross_seed
str,decision_input,42,0,1,44,0,1,207,0.5681488705811055,same_split_cross_seed
str,decision_input,42,0,1,44,0,2,105,0.4550850638003168,cross_split_cross_seed
str,decision_input,42,0,1,44,1,0,105,0.658171888269158,cross_split_cross_seed
str,decision_input,42,0,1,44,1,1,107,0.5454862410616828,cross_split_cross_seed
str,decision_input,42,0,1,44,1,2,98,0.703542471897807,cross_split_cross_seed
str,decision_input,42,0,1,44,2,0,108,0.5591384321245227,cross_split_cross_seed
str,decision_input,42,0,1,44,2,1,104,0.48959666942853214,cross_split_cross_seed
str,decision_input,42,0,1,44,2,2,98,0.6048838290053733,cross_split_cross_seed
str,decision_input,42,0,1,44,3,0,100,0.6526903103358701,cross_split_cross_seed
str,decision_input,42,0,1,44,3,1,104,0.6136291447825172,cross_split_cross_seed
str,decision_input,42,0,1,44,3,2,110,0.6112281331247048,cross_split_cross_seed
str,decision_input,42,0,1,44,4,0,106,0.5948038035564785,cross_split_cross_seed
str,decision_input,42,0,1,44,4,1,100,0.5148602848261434,cross_split_cross_seed
str,decision_input,42,0,1,44,4,2,102,0.6039047507556693,cross_split_cross_seed
str,decision_input,42,0,2,42,1,0,99,0.7002306412500052,cross_split_same_seed
str,decision_input,42,0,2,42,1,1,102,0.6784452206964058,cross_split_same_seed
str,decision_input,42,0,2,42,1,2,105,0.6887912118370154,cross_split_same_seed
str,decision_input,42,0,2,42,2,0,109,0.6416509547182645,cross_split_same_seed
str,decision_input,42,0,2,42,2,1,103,0.653406799600109,cross_split_same_seed
str,decision_input,42,0,2,42,2,2,104,0.7655572195588045,cross_split_same_seed
str,decision_input,42,0,2,42,3,0,111,0.717662874382342,cross_split_same_seed
str,decision_input,42,0,2,42,3,1,98,0.6526752617763757,cross_split_same_seed
str,decision_input,42,0,2,42,3,2,105,0.5972658542038995,cross_split_same_seed
str,decision_input,42,0,2,42,4,0,99,0.7383238127234011,cross_split_same_seed
str,decision_input,42,0,2,42,4,1,105,0.6561098135114719,cross_split_same_seed
str,decision_input,42,0,2,42,4,2,108,0.679451993468512,cross_split_same_seed
str,decision_input,42,0,2,43,0,0,103,0.6558872169920422,cross_split_cross_seed
str,decision_input,42,0,2,43,0,1,105,0.561606428976029,cross_split_cross_seed
str,decision_input,42,0,2,43,0,2,208,0.5509936421154408,same_split_cross_seed
str,decision_input,42,0,2,43,1,0,99,0.5982936238337728,cross_split_cross_seed
str,decision_input,42,0,2,43,1,1,102,0.5444159401484211,cross_split_cross_seed
str,decision_input,42,0,2,43,1,2,105,0.6122091006885726,cross_split_cross_seed
str,decision_input,42,0,2,43,2,0,109,0.6527673966855674,cross_split_cross_seed
str,decision_input,42,0,2,43,2,1,103,0.6286105895231117,cross_split_cross_seed
str,decision_input,42,0,2,43,2,2,104,0.661164798516216,cross_split_cross_seed
str,decision_input,42,0,2,43,3,0,111,0.6550225418782457,cross_split_cross_seed
str,decision_input,42,0,2,43,3,1,98,0.6656466925851903,cross_split_cross_seed
str,decision_input,42,0,2,43,3,2,105,0.5541660139742017,cross_split_cross_seed
str,decision_input,42,0,2,43,4,0,99,0.6517675850523275,cross_split_cross_seed
str,decision_input,42,0,2,43,4,1,105,0.5709258605627596,cross_split_cross_seed
str,decision_input,42,0,2,43,4,2,108,0.6872384377789686,cross_split_cross_seed
str,decision_input,42,0,2,44,0,0,103,0.5889088443869639,cross_split_cross_seed
str,decision_input,42,0,2,44,0,1,105,0.5561390661396631,cross_split_cross_seed
str,decision_input,42,0,2,44,0,2,208,0.4972521544810935,same_split_cross_seed
str,decision_input,42,0,2,44,1,0,99,0.5070275280762955,cross_split_cross_seed
str,decision_input,42,0,2,44,1,1,102,0.5696560449152678,cross_split_cross_seed
str,decision_input,42,0,2,44,1,2,105,0.6220449284520024,cross_split_cross_seed
str,decision_input,42,0,2,44,2,0,109,0.5774227834279188,cross_split_cross_seed
str,decision_input,42,0,2,44,2,1,103,0.5455613023291381,cross_split_cross_seed
str,decision_input,42,0,2,44,2,2,104,0.5525996291008974,cross_split_cross_seed
str,decision_input,42,0,2,44,3,0,111,0.5710605493176897,cross_split_cross_seed
str,decision_input,42,0,2,44,3,1,98,0.5949043957392416,cross_split_cross_seed
str,decision_input,42,0,2,44,3,2,105,0.593352022429531,cross_split_cross_seed
str,decision_input,42,0,2,44,4,0,99,0.5777908284795745,cross_split_cross_seed
str,decision_input,42,0,2,44,4,1,105,0.49363233325862743,cross_split_cross_seed
str,decision_input,42,0,2,44,4,2,108,0.6004903480883552,cross_split_cross_seed
str,decision_input,42,1,0,42,1,1,103,0.80861452223274,cross_split_same_seed
str,decision_input,42,1,0,42,1,2,104,0.8231068992196616,cross_split_same_seed
str,decision_input,42,1,0,42,2,0,104,0.6732368662381365,cross_split_same_seed
str,decision_input,42,1,0,42,2,1,101,0.7514505049884392,cross_split_same_seed
str,decision_input,42,1,0,42,2,2,105,0.8455628624779793,cross_split_same_seed
str,decision_input,42,1,0,42,3,0,104,0.7897157357264295,cross_split_same_seed
str,decision_input,42,1,0,42,3,1,104,0.8696721853012246,cross_split_same_seed
str,decision_input,42,1,0,42,3,2,102,0.611734480012508,cross_split_same_seed
str,decision_input,42,1,0,42,4,0,109,0.7678085952961083,cross_split_same_seed
str,decision_input,42,1,0,42,4,1,101,0.7946898761659347,cross_split_same_seed
str,decision_input,42,1,0,42,4,2,104,0.6511168465501961,cross_split_same_seed
str,decision_input,42,1,0,43,0,0,104,0.8236980015920553,cross_split_cross_seed
str,decision_input,42,1,0,43,0,1,105,0.6249246587420306,cross_split_cross_seed
str,decision_input,42,1,0,43,0,2,99,0.7329993385493297,cross_split_cross_seed
str,decision_input,42,1,0,43,1,0,207,0.7372175292515727,same_split_cross_seed
str,decision_input,42,1,0,43,1,1,103,0.5650044609471807,cross_split_cross_seed
str,decision_input,42,1,0,43,1,2,104,0.7624163083057716,cross_split_cross_seed
str,decision_input,42,1,0,43,2,0,104,0.6679298319411511,cross_split_cross_seed
str,decision_input,42,1,0,43,2,1,101,0.5515629993799549,cross_split_cross_seed
str,decision_input,42,1,0,43,2,2,105,0.7284443467390228,cross_split_cross_seed
str,decision_input,42,1,0,43,3,0,104,0.6380645713188752,cross_split_cross_seed
str,decision_input,42,1,0,43,3,1,104,0.7532756658568307,cross_split_cross_seed
str,decision_input,42,1,0,43,3,2,102,0.8310418465800533,cross_split_cross_seed
str,decision_input,42,1,0,43,4,0,109,0.7153825285520244,cross_split_cross_seed
str,decision_input,42,1,0,43,4,1,101,0.698122480934007,cross_split_cross_seed
str,decision_input,42,1,0,43,4,2,104,0.7803772688965412,cross_split_cross_seed
str,decision_input,42,1,0,44,0,0,104,0.7623103804786031,cross_split_cross_seed
str,decision_input,42,1,0,44,0,1,105,0.6327231161112934,cross_split_cross_seed
str,decision_input,42,1,0,44,0,2,99,0.7333806102162249,cross_split_cross_seed
str,decision_input,42,1,0,44,1,0,207,0.5526619045093603,same_split_cross_seed
str,decision_input,42,1,0,44,1,1,103,0.6145780689839628,cross_split_cross_seed
str,decision_input,42,1,0,44,1,2,104,0.7747370275415705,cross_split_cross_seed
str,decision_input,42,1,0,44,2,0,104,0.8161741506962005,cross_split_cross_seed
str,decision_input,42,1,0,44,2,1,101,0.7258850599497565,cross_split_cross_seed
str,decision_input,42,1,0,44,2,2,105,0.8074247085824509,cross_split_cross_seed
str,decision_input,42,1,0,44,3,0,104,0.5551489289055017,cross_split_cross_seed
str,decision_input,42,1,0,44,3,1,104,0.8246109012948315,cross_split_cross_seed
str,decision_input,42,1,0,44,3,2,102,0.8170994693123483,cross_split_cross_seed
str,decision_input,42,1,0,44,4,0,109,0.7980208285580985,cross_split_cross_seed
str,decision_input,42,1,0,44,4,1,101,0.7093125032024776,cross_split_cross_seed
str,decision_input,42,1,0,44,4,2,104,0.6662720287257617,cross_split_cross_seed
str,decision_input,42,1,1,42,1,2,105,0.693746911189838,cross_split_same_seed
str,decision_input,42,1,1,42,2,0,101,0.7053241212267048,cross_split_same_seed
str,decision_input,42,1,1,42,2,1,107,0.7504393920764416,cross_split_same_seed
str,decision_input,42,1,1,42,2,2,110,0.8196379044910796,cross_split_same_seed
str,decision_input,42,1,1,42,3,0,97,0.7154620694959303,cross_split_same_seed
str,decision_input,42,1,1,42,3,1,101,0.8006886461510654,cross_split_same_seed
str,decision_input,42,1,1,42,3,2,106,0.5290397089063988,cross_split_same_seed
str,decision_input,42,1,1,42,4,0,104,0.7216652848170417,cross_split_same_seed
str,decision_input,42,1,1,42,4,1,109,0.6372712831531617,cross_split_same_seed
str,decision_input,42,1,1,42,4,2,103,0.6111534195602945,cross_split_same_seed
str,decision_input,42,1,1,43,0,0,101,0.7160933688266173,cross_split_cross_seed
str,decision_input,42,1,1,43,0,1,107,0.6874073779215372,cross_split_cross_seed
str,decision_input,42,1,1,43,0,2,102,0.6605597454733635,cross_split_cross_seed
str,decision_input,42,1,1,43,1,0,103,0.6059338647223794,cross_split_cross_seed
str,decision_input,42,1,1,43,1,1,208,0.5261547934684098,same_split_cross_seed
str,decision_input,42,1,1,43,1,2,105,0.6016090537615442,cross_split_cross_seed
str,decision_input,42,1,1,43,2,0,101,0.6620836523498461,cross_split_cross_seed
str,decision_input,42,1,1,43,2,1,107,0.5846252364605015,cross_split_cross_seed
str,decision_input,42,1,1,43,2,2,110,0.6241641711005491,cross_split_cross_seed
str,decision_input,42,1,1,43,3,0,97,0.6069243982561378,cross_split_cross_seed
str,decision_input,42,1,1,43,3,1,101,0.7025087183683832,cross_split_cross_seed
str,decision_input,42,1,1,43,3,2,106,0.6193681625257667,cross_split_cross_seed
str,decision_input,42,1,1,43,4,0,104,0.6611357064450676,cross_split_cross_seed
str,decision_input,42,1,1,43,4,1,109,0.584312414560027,cross_split_cross_seed
str,decision_input,42,1,1,43,4,2,103,0.6539057093572817,cross_split_cross_seed
str,decision_input,42,1,1,44,0,0,101,0.6146047366189813,cross_split_cross_seed
str,decision_input,42,1,1,44,0,1,107,0.6234541471622354,cross_split_cross_seed
str,decision_input,42,1,1,44,0,2,102,0.6022089425051247,cross_split_cross_seed
str,decision_input,42,1,1,44,1,0,103,0.5034124504122298,cross_split_cross_seed
str,decision_input,42,1,1,44,1,1,208,0.5621265788669259,same_split_cross_seed
str,decision_input,42,1,1,44,1,2,105,0.6361802891736027,cross_split_cross_seed
str,decision_input,42,1,1,44,2,0,101,0.6950814295991717,cross_split_cross_seed
str,decision_input,42,1,1,44,2,1,107,0.6030153507585977,cross_split_cross_seed
str,decision_input,42,1,1,44,2,2,110,0.7163962598249104,cross_split_cross_seed
str,decision_input,42,1,1,44,3,0,97,0.5272546261967682,cross_split_cross_seed
str,decision_input,42,1,1,44,3,1,101,0.7442351992811937,cross_split_cross_seed
str,decision_input,42,1,1,44,3,2,106,0.6057197596347245,cross_split_cross_seed
str,decision_input,42,1,1,44,4,0,104,0.6691953588700504,cross_split_cross_seed
str,decision_input,42,1,1,44,4,1,109,0.5982812463181906,cross_split_cross_seed
str,decision_input,42,1,1,44,4,2,103,0.5754153922565847,cross_split_cross_seed
str,decision_input,42,1,2,42,2,0,105,0.6816233418356018,cross_split_same_seed
str,decision_input,42,1,2,42,2,1,94,0.7151640167443222,cross_split_same_seed
str,decision_input,42,1,2,42,2,2,109,0.8074618696482939,cross_split_same_seed
str,decision_input,42,1,2,42,3,0,105,0.7000532694573631,cross_split_same_seed
str,decision_input,42,1,2,42,3,1,105,0.8378148991941055,cross_split_same_seed
str,decision_input,42,1,2,42,3,2,116,0.6025240903736301,cross_split_same_seed
str,decision_input,42,1,2,42,4,0,101,0.7881674573290147,cross_split_same_seed
str,decision_input,42,1,2,42,4,1,114,0.7640351747912505,cross_split_same_seed
str,decision_input,42,1,2,42,4,2,95,0.6864227281853906,cross_split_same_seed
str,decision_input,42,1,2,43,0,0,107,0.7659022919803953,cross_split_cross_seed
str,decision_input,42,1,2,43,0,1,98,0.7437709615349429,cross_split_cross_seed
str,decision_input,42,1,2,43,0,2,105,0.751386915643466,cross_split_cross_seed
str,decision_input,42,1,2,43,1,0,104,0.7507096549890186,cross_split_cross_seed
str,decision_input,42,1,2,43,1,1,105,0.7129907528713626,cross_split_cross_seed
str,decision_input,42,1,2,43,1,2,209,0.838082066066641,same_split_cross_seed
str,decision_input,42,1,2,43,2,0,105,0.7336054456221697,cross_split_cross_seed
str,decision_input,42,1,2,43,2,1,94,0.6509775046287347,cross_split_cross_seed
str,decision_input,42,1,2,43,2,2,109,0.800140865357732,cross_split_cross_seed
str,decision_input,42,1,2,43,3,0,105,0.6798662137485296,cross_split_cross_seed
str,decision_input,42,1,2,43,3,1,105,0.8495888853298854,cross_split_cross_seed
str,decision_input,42,1,2,43,3,2,116,0.8047054777790343,cross_split_cross_seed
str,decision_input,42,1,2,43,4,0,101,0.7583703633639421,cross_split_cross_seed
str,decision_input,42,1,2,43,4,1,114,0.7192125493086418,cross_split_cross_seed
str,decision_input,42,1,2,43,4,2,95,0.7834938573024114,cross_split_cross_seed
str,decision_input,42,1,2,44,0,0,107,0.7075598156881401,cross_split_cross_seed
str,decision_input,42,1,2,44,0,1,98,0.6783843143219704,cross_split_cross_seed
str,decision_input,42,1,2,44,0,2,105,0.6514818153170543,cross_split_cross_seed
str,decision_input,42,1,2,44,1,0,104,0.603822601116208,cross_split_cross_seed
str,decision_input,42,1,2,44,1,1,105,0.5386417878629837,cross_split_cross_seed
str,decision_input,42,1,2,44,1,2,209,0.7137280205489558,same_split_cross_seed
str,decision_input,42,1,2,44,2,0,105,0.814660334099049,cross_split_cross_seed
str,decision_input,42,1,2,44,2,1,94,0.7713116005667441,cross_split_cross_seed
str,decision_input,42,1,2,44,2,2,109,0.7014958149077203,cross_split_cross_seed
str,decision_input,42,1,2,44,3,0,105,0.5308688396971698,cross_split_cross_seed
str,decision_input,42,1,2,44,3,1,105,0.7551077678622062,cross_split_cross_seed
str,decision_input,42,1,2,44,3,2,116,0.7756846560510076,cross_split_cross_seed
str,decision_input,42,1,2,44,4,0,101,0.7588411175410623,cross_split_cross_seed
str,decision_input,42,1,2,44,4,1,114,0.6285886935966013,cross_split_cross_seed
str,decision_input,42,1,2,44,4,2,95,0.605795398781844,cross_split_cross_seed
str,decision_input,42,2,0,42,2,1,103,0.7144880695339473,cross_split_same_seed
str,decision_input,42,2,0,42,2,2,104,0.7401447715735087,cross_split_same_seed
str,decision_input,42,2,0,42,3,0,103,0.6304085961831964,cross_split_same_seed
str,decision_input,42,2,0,42,3,1,107,0.6573245535827004,cross_split_same_seed
str,decision_input,42,2,0,42,3,2,104,0.6153261949249631,cross_split_same_seed
str,decision_input,42,2,0,42,4,0,105,0.7556789357010205,cross_split_same_seed
str,decision_input,42,2,0,42,4,1,94,0.6691645891421123,cross_split_same_seed
str,decision_input,42,2,0,42,4,2,101,0.6243472926530563,cross_split_same_seed
str,decision_input,42,2,0,43,0,0,101,0.7129828542239653,cross_split_cross_seed
str,decision_input,42,2,0,43,0,1,108,0.5909528602638388,cross_split_cross_seed
str,decision_input,42,2,0,43,0,2,109,0.5345353111099688,cross_split_cross_seed
str,decision_input,42,2,0,43,1,0,104,0.6296649213029629,cross_split_cross_seed
str,decision_input,42,2,0,43,1,1,101,0.5920397844970998,cross_split_cross_seed
str,decision_input,42,2,0,43,1,2,105,0.6528070029772096,cross_split_cross_seed
str,decision_input,42,2,0,43,2,0,207,0.6958926810598453,same_split_cross_seed
str,decision_input,42,2,0,43,2,1,103,0.6063564622578214,cross_split_cross_seed
str,decision_input,42,2,0,43,2,2,104,0.7229747575233179,cross_split_cross_seed
str,decision_input,42,2,0,43,3,0,103,0.6049983503830211,cross_split_cross_seed
str,decision_input,42,2,0,43,3,1,107,0.6866197299128327,cross_split_cross_seed
str,decision_input,42,2,0,43,3,2,104,0.6766858531848049,cross_split_cross_seed
str,decision_input,42,2,0,43,4,0,105,0.6993831412549184,cross_split_cross_seed
str,decision_input,42,2,0,43,4,1,94,0.6857841907173512,cross_split_cross_seed
str,decision_input,42,2,0,43,4,2,101,0.643819483740952,cross_split_cross_seed
str,decision_input,42,2,0,44,0,0,101,0.6231387683786558,cross_split_cross_seed
str,decision_input,42,2,0,44,0,1,108,0.5179527181811403,cross_split_cross_seed
str,decision_input,42,2,0,44,0,2,109,0.4251419804607111,cross_split_cross_seed
str,decision_input,42,2,0,44,1,0,104,0.645910072658667,cross_split_cross_seed
str,decision_input,42,2,0,44,1,1,101,0.548612537329605,cross_split_cross_seed
str,decision_input,42,2,0,44,1,2,105,0.6971486584006695,cross_split_cross_seed
str,decision_input,42,2,0,44,2,0,207,0.6023986707244301,same_split_cross_seed
str,decision_input,42,2,0,44,2,1,103,0.48688707420038074,cross_split_cross_seed
str,decision_input,42,2,0,44,2,2,104,0.5721054494273727,cross_split_cross_seed
str,decision_input,42,2,0,44,3,0,103,0.580394073986456,cross_split_cross_seed
str,decision_input,42,2,0,44,3,1,107,0.6037581609661724,cross_split_cross_seed
str,decision_input,42,2,0,44,3,2,104,0.6694407382491661,cross_split_cross_seed
str,decision_input,42,2,0,44,4,0,105,0.6429888673532717,cross_split_cross_seed
str,decision_input,42,2,0,44,4,1,94,0.594811334433819,cross_split_cross_seed
str,decision_input,42,2,0,44,4,2,101,0.6299180990517701,cross_split_cross_seed
str,decision_input,42,2,1,42,2,2,105,0.8315168276697729,cross_split_same_seed
str,decision_input,42,2,1,42,3,0,108,0.7792875504133202,cross_split_same_seed
str,decision_input,42,2,1,42,3,1,111,0.6552795312185415,cross_split_same_seed
str,decision_input,42,2,1,42,3,2,101,0.6688968142897326,cross_split_same_seed
str,decision_input,42,2,1,42,4,0,103,0.7350278620028303,cross_split_same_seed
str,decision_input,42,2,1,42,4,1,103,0.6629964418455903,cross_split_same_seed
str,decision_input,42,2,1,42,4,2,110,0.6987021981488368,cross_split_same_seed
str,decision_input,42,2,1,43,0,0,103,0.7107995593340517,cross_split_cross_seed
str,decision_input,42,2,1,43,0,1,104,0.5455989291992801,cross_split_cross_seed
str,decision_input,42,2,1,43,0,2,103,0.5807015993574798,cross_split_cross_seed
str,decision_input,42,2,1,43,1,0,101,0.5705294512710516,cross_split_cross_seed
str,decision_input,42,2,1,43,1,1,107,0.588671224814446,cross_split_cross_seed
str,decision_input,42,2,1,43,1,2,94,0.6887252274711035,cross_split_cross_seed
str,decision_input,42,2,1,43,2,0,103,0.6651623973898433,cross_split_cross_seed
str,decision_input,42,2,1,43,2,1,208,0.639474507878348,same_split_cross_seed
str,decision_input,42,2,1,43,2,2,105,0.6277987772823271,cross_split_cross_seed
str,decision_input,42,2,1,43,3,0,108,0.6695991964320888,cross_split_cross_seed
str,decision_input,42,2,1,43,3,1,111,0.6319949819768571,cross_split_cross_seed
str,decision_input,42,2,1,43,3,2,101,0.5597333911109175,cross_split_cross_seed
str,decision_input,42,2,1,43,4,0,103,0.6445990990717335,cross_split_cross_seed
str,decision_input,42,2,1,43,4,1,103,0.5559395508976672,cross_split_cross_seed
str,decision_input,42,2,1,43,4,2,110,0.6344672608495808,cross_split_cross_seed
str,decision_input,42,2,1,44,0,0,103,0.5993712771896829,cross_split_cross_seed
str,decision_input,42,2,1,44,0,1,104,0.5277101479849827,cross_split_cross_seed
str,decision_input,42,2,1,44,0,2,103,0.5278858273531628,cross_split_cross_seed
str,decision_input,42,2,1,44,1,0,101,0.6399691330546001,cross_split_cross_seed
str,decision_input,42,2,1,44,1,1,107,0.6204934731483913,cross_split_cross_seed
str,decision_input,42,2,1,44,1,2,94,0.7290244888633907,cross_split_cross_seed
str,decision_input,42,2,1,44,2,0,103,0.5891288397333212,cross_split_cross_seed
str,decision_input,42,2,1,44,2,1,208,0.5123757443582713,same_split_cross_seed
str,decision_input,42,2,1,44,2,2,105,0.5546161892315961,cross_split_cross_seed
str,decision_input,42,2,1,44,3,0,108,0.6691051955805373,cross_split_cross_seed
str,decision_input,42,2,1,44,3,1,111,0.6198937600773622,cross_split_cross_seed
str,decision_input,42,2,1,44,3,2,101,0.5875398279949436,cross_split_cross_seed
str,decision_input,42,2,1,44,4,0,103,0.5759000095449228,cross_split_cross_seed
str,decision_input,42,2,1,44,4,1,103,0.5964520949326462,cross_split_cross_seed
str,decision_input,42,2,1,44,4,2,110,0.6353272827440302,cross_split_cross_seed
str,decision_input,42,2,2,42,3,0,103,0.824066442220187,cross_split_same_seed
str,decision_input,42,2,2,42,3,1,102,0.8184768462152966,cross_split_same_seed
str,decision_input,42,2,2,42,3,2,101,0.7130490792999897,cross_split_same_seed
str,decision_input,42,2,2,42,4,0,106,0.7849589139676797,cross_split_same_seed
str,decision_input,42,2,2,42,4,1,103,0.7759244548334828,cross_split_same_seed
str,decision_input,42,2,2,42,4,2,115,0.7689109764035709,cross_split_same_seed
str,decision_input,42,2,2,43,0,0,98,0.7755070178765864,cross_split_cross_seed
str,decision_input,42,2,2,43,0,1,98,0.6955479703596424,cross_split_cross_seed
str,decision_input,42,2,2,43,0,2,104,0.5857458172284048,cross_split_cross_seed
str,decision_input,42,2,2,43,1,0,105,0.6378638620511362,cross_split_cross_seed
str,decision_input,42,2,2,43,1,1,110,0.5318971218128754,cross_split_cross_seed
str,decision_input,42,2,2,43,1,2,109,0.6898463081795381,cross_split_cross_seed
str,decision_input,42,2,2,43,2,0,104,0.7091399070402438,cross_split_cross_seed
str,decision_input,42,2,2,43,2,1,105,0.6567555857386103,cross_split_cross_seed
str,decision_input,42,2,2,43,2,2,209,0.7194635901284376,same_split_cross_seed
str,decision_input,42,2,2,43,3,0,103,0.6832320900661062,cross_split_cross_seed
str,decision_input,42,2,2,43,3,1,102,0.7706830454312321,cross_split_cross_seed
str,decision_input,42,2,2,43,3,2,101,0.7203865766055131,cross_split_cross_seed
str,decision_input,42,2,2,43,4,0,106,0.710910499246475,cross_split_cross_seed
str,decision_input,42,2,2,43,4,1,103,0.6441124591996599,cross_split_cross_seed
str,decision_input,42,2,2,43,4,2,115,0.7888263033056463,cross_split_cross_seed
str,decision_input,42,2,2,44,0,0,98,0.6971876289664337,cross_split_cross_seed
str,decision_input,42,2,2,44,0,1,98,0.677393855134405,cross_split_cross_seed
str,decision_input,42,2,2,44,0,2,104,0.5552217204157947,cross_split_cross_seed
str,decision_input,42,2,2,44,1,0,105,0.5834919410246018,cross_split_cross_seed
str,decision_input,42,2,2,44,1,1,110,0.6074737536130066,cross_split_cross_seed
str,decision_input,42,2,2,44,1,2,109,0.7296480998497735,cross_split_cross_seed
str,decision_input,42,2,2,44,2,0,104,0.777938114516795,cross_split_cross_seed
str,decision_input,42,2,2,44,2,1,105,0.5935382903391683,cross_split_cross_seed
str,decision_input,42,2,2,44,2,2,209,0.6994327534606496,same_split_cross_seed
str,decision_input,42,2,2,44,3,0,103,0.6066556931348472,cross_split_cross_seed
str,decision_input,42,2,2,44,3,1,102,0.7734676161659498,cross_split_cross_seed
str,decision_input,42,2,2,44,3,2,101,0.717239528448641,cross_split_cross_seed
str,decision_input,42,2,2,44,4,0,106,0.6897638161355962,cross_split_cross_seed
str,decision_input,42,2,2,44,4,1,103,0.6458373962551551,cross_split_cross_seed
str,decision_input,42,2,2,44,4,2,115,0.710759772800853,cross_split_cross_seed
str,decision_input,42,3,0,42,3,1,103,0.7053553121346514,cross_split_same_seed
str,decision_input,42,3,0,42,3,2,105,0.7080262251928608,cross_split_same_seed
str,decision_input,42,3,0,42,4,0,97,0.799306496642616,cross_split_same_seed
str,decision_input,42,3,0,42,4,1,112,0.7321635151132185,cross_split_same_seed
str,decision_input,42,3,0,42,4,2,113,0.7408255636310334,cross_split_same_seed
str,decision_input,42,3,0,43,0,0,95,0.6950435319512327,cross_split_cross_seed
str,decision_input,42,3,0,43,0,1,100,0.5581686840718444,cross_split_cross_seed
str,decision_input,42,3,0,43,0,2,111,0.5909179949166747,cross_split_cross_seed
str,decision_input,42,3,0,43,1,0,104,0.6364858886663401,cross_split_cross_seed
str,decision_input,42,3,0,43,1,1,97,0.5637498687540455,cross_split_cross_seed
str,decision_input,42,3,0,43,1,2,105,0.5915180625510107,cross_split_cross_seed
str,decision_input,42,3,0,43,2,0,103,0.5806210632535809,cross_split_cross_seed
str,decision_input,42,3,0,43,2,1,108,0.5868340390797101,cross_split_cross_seed
str,decision_input,42,3,0,43,2,2,103,0.6041442878005234,cross_split_cross_seed
str,decision_input,42,3,0,43,3,0,208,0.6531794489249376,same_split_cross_seed
str,decision_input,42,3,0,43,3,1,103,0.6480574144045457,cross_split_cross_seed
str,decision_input,42,3,0,43,3,2,105,0.5887753988057434,cross_split_cross_seed
str,decision_input,42,3,0,43,4,0,97,0.6490280586950635,cross_split_cross_seed
str,decision_input,42,3,0,43,4,1,112,0.5998167792715599,cross_split_cross_seed
str,decision_input,42,3,0,43,4,2,113,0.6639180715654223,cross_split_cross_seed
str,decision_input,42,3,0,44,0,0,95,0.6301479330671047,cross_split_cross_seed
str,decision_input,42,3,0,44,0,1,100,0.5639997968843375,cross_split_cross_seed
str,decision_input,42,3,0,44,0,2,111,0.5611274987015785,cross_split_cross_seed
str,decision_input,42,3,0,44,1,0,104,0.599712001184051,cross_split_cross_seed
str,decision_input,42,3,0,44,1,1,97,0.6284145611441745,cross_split_cross_seed
str,decision_input,42,3,0,44,1,2,105,0.654434274583985,cross_split_cross_seed
str,decision_input,42,3,0,44,2,0,103,0.5892793324240974,cross_split_cross_seed
str,decision_input,42,3,0,44,2,1,108,0.5189429730230205,cross_split_cross_seed
str,decision_input,42,3,0,44,2,2,103,0.6265919378799425,cross_split_cross_seed
str,decision_input,42,3,0,44,3,0,208,0.6365000418825266,same_split_cross_seed
str,decision_input,42,3,0,44,3,1,103,0.6926582849804769,cross_split_cross_seed
str,decision_input,42,3,0,44,3,2,105,0.6258358391275084,cross_split_cross_seed
str,decision_input,42,3,0,44,4,0,97,0.6365364235171819,cross_split_cross_seed
str,decision_input,42,3,0,44,4,1,112,0.5543487806035559,cross_split_cross_seed
str,decision_input,42,3,0,44,4,2,113,0.7174549699385924,cross_split_cross_seed
str,decision_input,42,3,1,42,3,2,105,0.5242161861403466,cross_split_same_seed
str,decision_input,42,3,1,42,4,0,105,0.712039624205745,cross_split_same_seed
str,decision_input,42,3,1,42,4,1,106,0.7993674616080453,cross_split_same_seed
str,decision_input,42,3,1,42,4,2,99,0.6152694752011283,cross_split_same_seed
str,decision_input,42,3,1,43,0,0,106,0.7251631936266808,cross_split_cross_seed
str,decision_input,42,3,1,43,0,1,104,0.7852212817179739,cross_split_cross_seed
str,decision_input,42,3,1,43,0,2,98,0.7564010134437263,cross_split_cross_seed
str,decision_input,42,3,1,43,1,0,104,0.6686011779520323,cross_split_cross_seed
str,decision_input,42,3,1,43,1,1,101,0.6273439504490682,cross_split_cross_seed
str,decision_input,42,3,1,43,1,2,105,0.7806872996445473,cross_split_cross_seed
str,decision_input,42,3,1,43,2,0,107,0.6844591336049455,cross_split_cross_seed
str,decision_input,42,3,1,43,2,1,111,0.5207486860819572,cross_split_cross_seed
str,decision_input,42,3,1,43,2,2,102,0.7686946291819178,cross_split_cross_seed
str,decision_input,42,3,1,43,3,0,103,0.6105699943851779,cross_split_cross_seed
str,decision_input,42,3,1,43,3,1,208,0.8383233043843743,same_split_cross_seed
str,decision_input,42,3,1,43,3,2,105,0.8085837123658808,cross_split_cross_seed
str,decision_input,42,3,1,43,4,0,105,0.6872139666147817,cross_split_cross_seed
str,decision_input,42,3,1,43,4,1,106,0.7420295521806556,cross_split_cross_seed
str,decision_input,42,3,1,43,4,2,99,0.7977246115527618,cross_split_cross_seed
str,decision_input,42,3,1,44,0,0,106,0.7070569126989541,cross_split_cross_seed
str,decision_input,42,3,1,44,0,1,104,0.7377398955065956,cross_split_cross_seed
str,decision_input,42,3,1,44,0,2,98,0.8081464382409242,cross_split_cross_seed
str,decision_input,42,3,1,44,1,0,104,0.49297924723928355,cross_split_cross_seed
str,decision_input,42,3,1,44,1,1,101,0.5938208425210619,cross_split_cross_seed
str,decision_input,42,3,1,44,1,2,105,0.6931271715884386,cross_split_cross_seed
str,decision_input,42,3,1,44,2,0,107,0.9187986272049907,cross_split_cross_seed
str,decision_input,42,3,1,44,2,1,111,0.8368338534092357,cross_split_cross_seed
str,decision_input,42,3,1,44,2,2,102,0.8749132484534682,cross_split_cross_seed
str,decision_input,42,3,1,44,3,0,103,0.4844746773278154,cross_split_cross_seed
str,decision_input,42,3,1,44,3,1,208,0.7897806301352503,same_split_cross_seed
str,decision_input,42,3,1,44,3,2,105,0.7274484020942047,cross_split_cross_seed
str,decision_input,42,3,1,44,4,0,105,0.7853340673294655,cross_split_cross_seed
str,decision_input,42,3,1,44,4,1,106,0.7040370590124834,cross_split_cross_seed
str,decision_input,42,3,1,44,4,2,99,0.6006786692321217,cross_split_cross_seed
str,decision_input,42,3,2,42,4,0,96,0.7120306883377483,cross_split_same_seed
str,decision_input,42,3,2,42,4,1,108,0.6727076576448116,cross_split_same_seed
str,decision_input,42,3,2,42,4,2,108,0.7048407419001862,cross_split_same_seed
str,decision_input,42,3,2,43,0,0,103,0.551657745902355,cross_split_cross_seed
str,decision_input,42,3,2,43,0,1,110,0.537500448613326,cross_split_cross_seed
str,decision_input,42,3,2,43,0,2,105,0.4515670693368841,cross_split_cross_seed
str,decision_input,42,3,2,43,1,0,102,0.5054796409726986,cross_split_cross_seed
str,decision_input,42,3,2,43,1,1,106,0.42649161811626696,cross_split_cross_seed
str,decision_input,42,3,2,43,1,2,116,0.5626146588131857,cross_split_cross_seed
str,decision_input,42,3,2,43,2,0,104,0.5799223658867666,cross_split_cross_seed
str,decision_input,42,3,2,43,2,1,101,0.539261187279013,cross_split_cross_seed
str,decision_input,42,3,2,43,2,2,101,0.6055186030971986,cross_split_cross_seed
str,decision_input,42,3,2,43,3,0,105,0.5679457555719831,cross_split_cross_seed
str,decision_input,42,3,2,43,3,1,105,0.5481132405694148,cross_split_cross_seed
str,decision_input,42,3,2,43,3,2,210,0.5269728310262027,same_split_cross_seed
str,decision_input,42,3,2,43,4,0,96,0.617953839072076,cross_split_cross_seed
str,decision_input,42,3,2,43,4,1,108,0.5811577631685164,cross_split_cross_seed
str,decision_input,42,3,2,43,4,2,108,0.5704144526985145,cross_split_cross_seed
str,decision_input,42,3,2,44,0,0,103,0.5099987942143758,cross_split_cross_seed
str,decision_input,42,3,2,44,0,1,110,0.4899797163442275,cross_split_cross_seed
str,decision_input,42,3,2,44,0,2,105,0.3991618919746361,cross_split_cross_seed
str,decision_input,42,3,2,44,1,0,102,0.6220371449547569,cross_split_cross_seed
str,decision_input,42,3,2,44,1,1,106,0.5374919770470357,cross_split_cross_seed
str,decision_input,42,3,2,44,1,2,116,0.6460094185162075,cross_split_cross_seed
str,decision_input,42,3,2,44,2,0,104,0.5402544922781051,cross_split_cross_seed
str,decision_input,42,3,2,44,2,1,101,0.40810694545104814,cross_split_cross_seed
str,decision_input,42,3,2,44,2,2,101,0.5304875291085239,cross_split_cross_seed
str,decision_input,42,3,2,44,3,0,105,0.6494273880192136,cross_split_cross_seed
str,decision_input,42,3,2,44,3,1,105,0.5610396904135068,cross_split_cross_seed
str,decision_input,42,3,2,44,3,2,210,0.573311475389495,same_split_cross_seed
str,decision_input,42,3,2,44,4,0,96,0.5617819645968539,cross_split_cross_seed
str,decision_input,42,3,2,44,4,1,108,0.5707898598807671,cross_split_cross_seed
str,decision_input,42,3,2,44,4,2,108,0.6372152970060732,cross_split_cross_seed
str,decision_input,42,4,0,42,4,1,103,0.7602391080734032,cross_split_same_seed
str,decision_input,42,4,0,42,4,2,105,0.7426834271114364,cross_split_same_seed
str,decision_input,42,4,0,43,0,0,117,0.7818445969450658,cross_split_cross_seed
str,decision_input,42,4,0,43,0,1,106,0.7095916134056512,cross_split_cross_seed
str,decision_input,42,4,0,43,0,2,99,0.7441696491423901,cross_split_cross_seed
str,decision_input,42,4,0,43,1,0,109,0.7618797731174378,cross_split_cross_seed
str,decision_input,42,4,0,43,1,1,104,0.6627331048375621,cross_split_cross_seed
str,decision_input,42,4,0,43,1,2,101,0.7673427749892361,cross_split_cross_seed
str,decision_input,42,4,0,43,2,0,105,0.776560348177328,cross_split_cross_seed
str,decision_input,42,4,0,43,2,1,103,0.6023914085978055,cross_split_cross_seed
str,decision_input,42,4,0,43,2,2,106,0.7708061214635862,cross_split_cross_seed
str,decision_input,42,4,0,43,3,0,97,0.6135896057599847,cross_split_cross_seed
str,decision_input,42,4,0,43,3,1,105,0.745532813887658,cross_split_cross_seed
str,decision_input,42,4,0,43,3,2,96,0.7569358593957045,cross_split_cross_seed
str,decision_input,42,4,0,43,4,0,208,0.7957874328388167,same_split_cross_seed
str,decision_input,42,4,0,43,4,1,103,0.7387245803216104,cross_split_cross_seed
str,decision_input,42,4,0,43,4,2,105,0.7738037547763741,cross_split_cross_seed
str,decision_input,42,4,0,44,0,0,117,0.6776527332752155,cross_split_cross_seed
str,decision_input,42,4,0,44,0,1,106,0.6142068413292967,cross_split_cross_seed
str,decision_input,42,4,0,44,0,2,99,0.6176515207622417,cross_split_cross_seed
str,decision_input,42,4,0,44,1,0,109,0.5289601467560073,cross_split_cross_seed
str,decision_input,42,4,0,44,1,1,104,0.5137924752034883,cross_split_cross_seed
str,decision_input,42,4,0,44,1,2,101,0.7177914886466799,cross_split_cross_seed
str,decision_input,42,4,0,44,2,0,105,0.7627517329216371,cross_split_cross_seed
str,decision_input,42,4,0,44,2,1,103,0.634463546775532,cross_split_cross_seed
str,decision_input,42,4,0,44,2,2,106,0.6157838272632127,cross_split_cross_seed
str,decision_input,42,4,0,44,3,0,97,0.5865652053854723,cross_split_cross_seed
str,decision_input,42,4,0,44,3,1,105,0.6610440647830801,cross_split_cross_seed
str,decision_input,42,4,0,44,3,2,96,0.681151890470273,cross_split_cross_seed
str,decision_input,42,4,0,44,4,0,208,0.6982054318744305,same_split_cross_seed
str,decision_input,42,4,0,44,4,1,103,0.5835667767493641,cross_split_cross_seed
str,decision_input,42,4,0,44,4,2,105,0.6554578306642833,cross_split_cross_seed
str,decision_input,42,4,1,42,4,2,105,0.7038363788365627,cross_split_same_seed
str,decision_input,42,4,1,43,0,0,93,0.6163365076550814,cross_split_cross_seed
str,decision_input,42,4,1,43,0,1,100,0.5920317653051106,cross_split_cross_seed
str,decision_input,42,4,1,43,0,2,105,0.6114820446194884,cross_split_cross_seed
str,decision_input,42,4,1,43,1,0,101,0.7106547038819508,cross_split_cross_seed
str,decision_input,42,4,1,43,1,1,109,0.5298062854340825,cross_split_cross_seed
str,decision_input,42,4,1,43,1,2,114,0.6984562170631509,cross_split_cross_seed
str,decision_input,42,4,1,43,2,0,94,0.6838832056996351,cross_split_cross_seed
str,decision_input,42,4,1,43,2,1,103,0.5569043107409529,cross_split_cross_seed
str,decision_input,42,4,1,43,2,2,103,0.6734841695191656,cross_split_cross_seed
str,decision_input,42,4,1,43,3,0,112,0.6272716607143963,cross_split_cross_seed
str,decision_input,42,4,1,43,3,1,106,0.7578825923531483,cross_split_cross_seed
str,decision_input,42,4,1,43,3,2,108,0.7297695931904562,cross_split_cross_seed
str,decision_input,42,4,1,43,4,0,103,0.6802401326179117,cross_split_cross_seed
str,decision_input,42,4,1,43,4,1,208,0.7080804148576487,same_split_cross_seed
str,decision_input,42,4,1,43,4,2,105,0.7219838819167536,cross_split_cross_seed
str,decision_input,42,4,1,44,0,0,93,0.6316641923886421,cross_split_cross_seed
str,decision_input,42,4,1,44,0,1,100,0.6054050873731522,cross_split_cross_seed
str,decision_input,42,4,1,44,0,2,105,0.6208839413073298,cross_split_cross_seed
str,decision_input,42,4,1,44,1,0,101,0.6700648515351992,cross_split_cross_seed
str,decision_input,42,4,1,44,1,1,109,0.5847761249946178,cross_split_cross_seed
str,decision_input,42,4,1,44,1,2,114,0.7460065964956031,cross_split_cross_seed
str,decision_input,42,4,1,44,2,0,94,0.7542029164519931,cross_split_cross_seed
str,decision_input,42,4,1,44,2,1,103,0.7074817509015141,cross_split_cross_seed
str,decision_input,42,4,1,44,2,2,103,0.6857496118362656,cross_split_cross_seed
str,decision_input,42,4,1,44,3,0,112,0.6067692198596514,cross_split_cross_seed
str,decision_input,42,4,1,44,3,1,106,0.7655411382324793,cross_split_cross_seed
str,decision_input,42,4,1,44,3,2,108,0.7345087558192137,cross_split_cross_seed
str,decision_input,42,4,1,44,4,0,103,0.707633830650289,cross_split_cross_seed
str,decision_input,42,4,1,44,4,1,208,0.6842794936187522,same_split_cross_seed
str,decision_input,42,4,1,44,4,2,105,0.6904203238625092,cross_split_cross_seed
str,decision_input,42,4,2,43,0,0,102,0.6538358177453909,cross_split_cross_seed
str,decision_input,42,4,2,43,0,1,102,0.5792714359769471,cross_split_cross_seed
str,decision_input,42,4,2,43,0,2,108,0.5770633986577753,cross_split_cross_seed
str,decision_input,42,4,2,43,1,0,104,0.5853518727128992,cross_split_cross_seed
str,decision_input,42,4,2,43,1,1,103,0.4715182333523268,cross_split_cross_seed
str,decision_input,42,4,2,43,1,2,95,0.5879291586564783,cross_split_cross_seed
str,decision_input,42,4,2,43,2,0,101,0.6381172614352772,cross_split_cross_seed
str,decision_input,42,4,2,43,2,1,110,0.5579041046889117,cross_split_cross_seed
str,decision_input,42,4,2,43,2,2,115,0.5892673039379346,cross_split_cross_seed
str,decision_input,42,4,2,43,3,0,113,0.6470932644275582,cross_split_cross_seed
str,decision_input,42,4,2,43,3,1,99,0.611882055079544,cross_split_cross_seed
str,decision_input,42,4,2,43,3,2,108,0.580445559612451,cross_split_cross_seed
str,decision_input,42,4,2,43,4,0,105,0.6396244061865468,cross_split_cross_seed
str,decision_input,42,4,2,43,4,1,105,0.579858396138428,cross_split_cross_seed
str,decision_input,42,4,2,43,4,2,210,0.65513216457339,same_split_cross_seed
str,decision_input,42,4,2,44,0,0,102,0.5617425962506095,cross_split_cross_seed
str,decision_input,42,4,2,44,0,1,102,0.5349009394552785,cross_split_cross_seed
str,decision_input,42,4,2,44,0,2,108,0.5422999396320323,cross_split_cross_seed
str,decision_input,42,4,2,44,1,0,104,0.6017581695298035,cross_split_cross_seed
str,decision_input,42,4,2,44,1,1,103,0.5093933847817801,cross_split_cross_seed
str,decision_input,42,4,2,44,1,2,95,0.6184958402013458,cross_split_cross_seed
str,decision_input,42,4,2,44,2,0,101,0.5752833618066601,cross_split_cross_seed
str,decision_input,42,4,2,44,2,1,110,0.491941226848647,cross_split_cross_seed
str,decision_input,42,4,2,44,2,2,115,0.5248865857942981,cross_split_cross_seed
str,decision_input,42,4,2,44,3,0,113,0.6458181245670089,cross_split_cross_seed
str,decision_input,42,4,2,44,3,1,99,0.6099806585280013,cross_split_cross_seed
str,decision_input,42,4,2,44,3,2,108,0.5933794918550769,cross_split_cross_seed
str,decision_input,42,4,2,44,4,0,105,0.5637835406807247,cross_split_cross_seed
str,decision_input,42,4,2,44,4,1,105,0.5737227340103523,cross_split_cross_seed
str,decision_input,42,4,2,44,4,2,210,0.7035483473437001,same_split_cross_seed
str,decision_input,43,0,0,43,0,1,102,0.7596274051207247,cross_split_same_seed
str,decision_input,43,0,0,43,0,2,103,0.8474690232488767,cross_split_same_seed
str,decision_input,43,0,0,43,1,0,104,0.8634702754514213,cross_split_same_seed
str,decision_input,43,0,0,43,1,1,101,0.8033003360394791,cross_split_same_seed
str,decision_input,43,0,0,43,1,2,107,0.8521592158949991,cross_split_same_seed
str,decision_input,43,0,0,43,2,0,101,0.8191532658552608,cross_split_same_seed
str,decision_input,43,0,0,43,2,1,103,0.6658640588682232,cross_split_same_seed
str,decision_input,43,0,0,43,2,2,98,0.9161715949162518,cross_split_same_seed
str,decision_input,43,0,0,43,3,0,95,0.6625235375603966,cross_split_same_seed
str,decision_input,43,0,0,43,3,1,106,0.8757103105695899,cross_split_same_seed
str,decision_input,43,0,0,43,3,2,103,0.8425027511530211,cross_split_same_seed
str,decision_input,43,0,0,43,4,0,117,0.8729520228687049,cross_split_same_seed
str,decision_input,43,0,0,43,4,1,93,0.7717800015610511,cross_split_same_seed
str,decision_input,43,0,0,43,4,2,102,0.8661757499241418,cross_split_same_seed
str,decision_input,43,0,0,44,0,0,205,0.759354829315438,same_split_cross_seed
str,decision_input,43,0,0,44,0,1,102,0.6423854108503256,cross_split_cross_seed
str,decision_input,43,0,0,44,0,2,103,0.6657195794316165,cross_split_cross_seed
str,decision_input,43,0,0,44,1,0,104,0.6089868140350034,cross_split_cross_seed
str,decision_input,43,0,0,44,1,1,101,0.5485979841950989,cross_split_cross_seed
str,decision_input,43,0,0,44,1,2,107,0.6804401199866427,cross_split_cross_seed
str,decision_input,43,0,0,44,2,0,101,0.7736439950507896,cross_split_cross_seed
str,decision_input,43,0,0,44,2,1,103,0.6474120526452162,cross_split_cross_seed
str,decision_input,43,0,0,44,2,2,98,0.6515502404122994,cross_split_cross_seed
str,decision_input,43,0,0,44,3,0,95,0.47285689814818865,cross_split_cross_seed
str,decision_input,43,0,0,44,3,1,106,0.6731336313781415,cross_split_cross_seed
str,decision_input,43,0,0,44,3,2,103,0.7553609076685687,cross_split_cross_seed
str,decision_input,43,0,0,44,4,0,117,0.735417027399756,cross_split_cross_seed
str,decision_input,43,0,0,44,4,1,93,0.5431313259794485,cross_split_cross_seed
str,decision_input,43,0,0,44,4,2,102,0.673074251383504,cross_split_cross_seed
str,decision_input,43,0,1,43,0,2,105,0.8383385218276076,cross_split_same_seed
str,decision_input,43,0,1,43,1,0,105,0.6767608628055722,cross_split_same_seed
str,decision_input,43,0,1,43,1,1,107,0.7433455228658274,cross_split_same_seed
str,decision_input,43,0,1,43,1,2,98,0.8340092854413332,cross_split_same_seed
str,decision_input,43,0,1,43,2,0,108,0.6754884858996514,cross_split_same_seed
str,decision_input,43,0,1,43,2,1,104,0.625367103370179,cross_split_same_seed
str,decision_input,43,0,1,43,2,2,98,0.8613443611931665,cross_split_same_seed
str,decision_input,43,0,1,43,3,0,100,0.5225182978508113,cross_split_same_seed
str,decision_input,43,0,1,43,3,1,104,0.8337859282200175,cross_split_same_seed
str,decision_input,43,0,1,43,3,2,110,0.8761416881368844,cross_split_same_seed
str,decision_input,43,0,1,43,4,0,106,0.7937347040339537,cross_split_same_seed
str,decision_input,43,0,1,43,4,1,100,0.8010790667291766,cross_split_same_seed
str,decision_input,43,0,1,43,4,2,102,0.832286015016926,cross_split_same_seed
str,decision_input,43,0,1,44,0,0,102,0.7347197822776909,cross_split_cross_seed
str,decision_input,43,0,1,44,0,1,207,0.6846406993350862,same_split_cross_seed
str,decision_input,43,0,1,44,0,2,105,0.628248144798382,cross_split_cross_seed
str,decision_input,43,0,1,44,1,0,105,0.5213428409250357,cross_split_cross_seed
str,decision_input,43,0,1,44,1,1,107,0.46528427769383757,cross_split_cross_seed
str,decision_input,43,0,1,44,1,2,98,0.6391900716290705,cross_split_cross_seed
str,decision_input,43,0,1,44,2,0,108,0.7882955487809162,cross_split_cross_seed
str,decision_input,43,0,1,44,2,1,104,0.6961124888260083,cross_split_cross_seed
str,decision_input,43,0,1,44,2,2,98,0.7366435831743837,cross_split_cross_seed
str,decision_input,43,0,1,44,3,0,100,0.43113085308805266,cross_split_cross_seed
str,decision_input,43,0,1,44,3,1,104,0.656252562488124,cross_split_cross_seed
str,decision_input,43,0,1,44,3,2,110,0.7338170187222819,cross_split_cross_seed
str,decision_input,43,0,1,44,4,0,106,0.7873973043347365,cross_split_cross_seed
str,decision_input,43,0,1,44,4,1,100,0.4710676039786908,cross_split_cross_seed
str,decision_input,43,0,1,44,4,2,102,0.6291602878546612,cross_split_cross_seed
str,decision_input,43,0,2,43,1,0,99,0.8137735779253779,cross_split_same_seed
str,decision_input,43,0,2,43,1,1,102,0.8249770600347421,cross_split_same_seed
str,decision_input,43,0,2,43,1,2,105,0.8945675092070902,cross_split_same_seed
str,decision_input,43,0,2,43,2,0,109,0.6862503115050552,cross_split_same_seed
str,decision_input,43,0,2,43,2,1,103,0.5460394249036283,cross_split_same_seed
str,decision_input,43,0,2,43,2,2,104,0.8386090923881765,cross_split_same_seed
str,decision_input,43,0,2,43,3,0,111,0.5206790820458137,cross_split_same_seed
str,decision_input,43,0,2,43,3,1,98,0.8576120050747553,cross_split_same_seed
str,decision_input,43,0,2,43,3,2,105,0.8948496403155722,cross_split_same_seed
str,decision_input,43,0,2,43,4,0,99,0.8197729752144363,cross_split_same_seed
str,decision_input,43,0,2,43,4,1,105,0.8004559402652253,cross_split_same_seed
str,decision_input,43,0,2,43,4,2,108,0.8401674058199079,cross_split_same_seed
str,decision_input,43,0,2,44,0,0,103,0.7929119921656909,cross_split_cross_seed
str,decision_input,43,0,2,44,0,1,105,0.6662107136315575,cross_split_cross_seed
str,decision_input,43,0,2,44,0,2,208,0.7719549802898964,same_split_cross_seed
str,decision_input,43,0,2,44,1,0,99,0.45477311583578006,cross_split_cross_seed
str,decision_input,43,0,2,44,1,1,102,0.476280025616754,cross_split_cross_seed
str,decision_input,43,0,2,44,1,2,105,0.6378814186007721,cross_split_cross_seed
str,decision_input,43,0,2,44,2,0,109,0.8501437465062176,cross_split_cross_seed
str,decision_input,43,0,2,44,2,1,103,0.7915652922088222,cross_split_cross_seed
str,decision_input,43,0,2,44,2,2,104,0.6568285996742952,cross_split_cross_seed
str,decision_input,43,0,2,44,3,0,111,0.4152068627084078,cross_split_cross_seed
str,decision_input,43,0,2,44,3,1,98,0.7003534905727118,cross_split_cross_seed
str,decision_input,43,0,2,44,3,2,105,0.754521438657537,cross_split_cross_seed
str,decision_input,43,0,2,44,4,0,99,0.8326541345734901,cross_split_cross_seed
str,decision_input,43,0,2,44,4,1,105,0.4978820672049651,cross_split_cross_seed
str,decision_input,43,0,2,44,4,2,108,0.5980915566685299,cross_split_cross_seed
str,decision_input,43,1,0,43,1,1,103,0.7641056233955658,cross_split_same_seed
str,decision_input,43,1,0,43,1,2,104,0.8421837859141016,cross_split_same_seed
str,decision_input,43,1,0,43,2,0,104,0.6986887176657052,cross_split_same_seed
str,decision_input,43,1,0,43,2,1,101,0.5303056966796605,cross_split_same_seed
str,decision_input,43,1,0,43,2,2,105,0.7901233590180623,cross_split_same_seed
str,decision_input,43,1,0,43,3,0,104,0.5366106364600914,cross_split_same_seed
str,decision_input,43,1,0,43,3,1,104,0.7838912435105136,cross_split_same_seed
str,decision_input,43,1,0,43,3,2,102,0.8307527817821447,cross_split_same_seed
str,decision_input,43,1,0,43,4,0,109,0.814809707940056,cross_split_same_seed
str,decision_input,43,1,0,43,4,1,101,0.7262473773457749,cross_split_same_seed
str,decision_input,43,1,0,43,4,2,104,0.7706946802868879,cross_split_same_seed
str,decision_input,43,1,0,44,0,0,104,0.7918674544010044,cross_split_cross_seed
str,decision_input,43,1,0,44,0,1,105,0.6053988632556614,cross_split_cross_seed
str,decision_input,43,1,0,44,0,2,99,0.6611518742632992,cross_split_cross_seed
str,decision_input,43,1,0,44,1,0,207,0.5489700004052821,same_split_cross_seed
str,decision_input,43,1,0,44,1,1,103,0.5197176294512181,cross_split_cross_seed
str,decision_input,43,1,0,44,1,2,104,0.7028379351404177,cross_split_cross_seed
str,decision_input,43,1,0,44,2,0,104,0.7402415068691189,cross_split_cross_seed
str,decision_input,43,1,0,44,2,1,101,0.6997665730388625,cross_split_cross_seed
str,decision_input,43,1,0,44,2,2,105,0.6284001741051497,cross_split_cross_seed
str,decision_input,43,1,0,44,3,0,104,0.44886620183726333,cross_split_cross_seed
str,decision_input,43,1,0,44,3,1,104,0.6683448194393637,cross_split_cross_seed
str,decision_input,43,1,0,44,3,2,102,0.8011495325305555,cross_split_cross_seed
str,decision_input,43,1,0,44,4,0,109,0.7887023173547116,cross_split_cross_seed
str,decision_input,43,1,0,44,4,1,101,0.5890993176182501,cross_split_cross_seed
str,decision_input,43,1,0,44,4,2,104,0.6158473795440199,cross_split_cross_seed
str,decision_input,43,1,1,43,1,2,105,0.8506149543254138,cross_split_same_seed
str,decision_input,43,1,1,43,2,0,101,0.7075690259631046,cross_split_same_seed
str,decision_input,43,1,1,43,2,1,107,0.5807731229106503,cross_split_same_seed
str,decision_input,43,1,1,43,2,2,110,0.7954583082059923,cross_split_same_seed
str,decision_input,43,1,1,43,3,0,97,0.5618167971717799,cross_split_same_seed
str,decision_input,43,1,1,43,3,1,101,0.7567069565429027,cross_split_same_seed
str,decision_input,43,1,1,43,3,2,106,0.7261882059942724,cross_split_same_seed
str,decision_input,43,1,1,43,4,0,104,0.7554225821056558,cross_split_same_seed
str,decision_input,43,1,1,43,4,1,109,0.7408327121280704,cross_split_same_seed
str,decision_input,43,1,1,43,4,2,103,0.7219191275096933,cross_split_same_seed
str,decision_input,43,1,1,44,0,0,101,0.7130630850496269,cross_split_cross_seed
str,decision_input,43,1,1,44,0,1,107,0.5800286353642533,cross_split_cross_seed
str,decision_input,43,1,1,44,0,2,102,0.6254658760327503,cross_split_cross_seed
str,decision_input,43,1,1,44,1,0,103,0.48279817355199767,cross_split_cross_seed
str,decision_input,43,1,1,44,1,1,208,0.45770260789800166,same_split_cross_seed
str,decision_input,43,1,1,44,1,2,105,0.5992776568690996,cross_split_cross_seed
str,decision_input,43,1,1,44,2,0,101,0.6962436836261666,cross_split_cross_seed
str,decision_input,43,1,1,44,2,1,107,0.6643239129694075,cross_split_cross_seed
str,decision_input,43,1,1,44,2,2,110,0.5346417173744817,cross_split_cross_seed
str,decision_input,43,1,1,44,3,0,97,0.4450629426520893,cross_split_cross_seed
str,decision_input,43,1,1,44,3,1,101,0.6081311468382635,cross_split_cross_seed
str,decision_input,43,1,1,44,3,2,106,0.6332826848915346,cross_split_cross_seed
str,decision_input,43,1,1,44,4,0,104,0.6833427555041649,cross_split_cross_seed
str,decision_input,43,1,1,44,4,1,109,0.440319831640453,cross_split_cross_seed
str,decision_input,43,1,1,44,4,2,103,0.4888478793396366,cross_split_cross_seed
str,decision_input,43,1,2,43,2,0,105,0.7508661390980824,cross_split_same_seed
str,decision_input,43,1,2,43,2,1,94,0.6210335002850434,cross_split_same_seed
str,decision_input,43,1,2,43,2,2,109,0.8879270124882168,cross_split_same_seed
str,decision_input,43,1,2,43,3,0,105,0.6223935840590957,cross_split_same_seed
str,decision_input,43,1,2,43,3,1,105,0.8856123222389244,cross_split_same_seed
str,decision_input,43,1,2,43,3,2,116,0.89705087833081,cross_split_same_seed
str,decision_input,43,1,2,43,4,0,101,0.8329835591605514,cross_split_same_seed
str,decision_input,43,1,2,43,4,1,114,0.8209816217552258,cross_split_same_seed
str,decision_input,43,1,2,43,4,2,95,0.8337465370810361,cross_split_same_seed
str,decision_input,43,1,2,44,0,0,107,0.7718558059638567,cross_split_cross_seed
str,decision_input,43,1,2,44,0,1,98,0.6785177262331454,cross_split_cross_seed
str,decision_input,43,1,2,44,0,2,105,0.6937288227650396,cross_split_cross_seed
str,decision_input,43,1,2,44,1,0,104,0.5743099080299766,cross_split_cross_seed
str,decision_input,43,1,2,44,1,1,105,0.47153542431120365,cross_split_cross_seed
str,decision_input,43,1,2,44,1,2,209,0.6723476939141138,same_split_cross_seed
str,decision_input,43,1,2,44,2,0,105,0.8273511139147314,cross_split_cross_seed
str,decision_input,43,1,2,44,2,1,94,0.8269796678502082,cross_split_cross_seed
str,decision_input,43,1,2,44,2,2,109,0.6709335271645487,cross_split_cross_seed
str,decision_input,43,1,2,44,3,0,105,0.43998856264630165,cross_split_cross_seed
str,decision_input,43,1,2,44,3,1,105,0.7049072634138243,cross_split_cross_seed
str,decision_input,43,1,2,44,3,2,116,0.8006469334265001,cross_split_cross_seed
str,decision_input,43,1,2,44,4,0,101,0.788977312243152,cross_split_cross_seed
str,decision_input,43,1,2,44,4,1,114,0.5749956082335616,cross_split_cross_seed
str,decision_input,43,1,2,44,4,2,95,0.56532063448439,cross_split_cross_seed
str,decision_input,43,2,0,43,2,1,103,0.6612162414641947,cross_split_same_seed
str,decision_input,43,2,0,43,2,2,104,0.8179707882103862,cross_split_same_seed
str,decision_input,43,2,0,43,3,0,103,0.702709920789339,cross_split_same_seed
str,decision_input,43,2,0,43,3,1,107,0.8030251914097144,cross_split_same_seed
str,decision_input,43,2,0,43,3,2,104,0.7218616481715716,cross_split_same_seed
str,decision_input,43,2,0,43,4,0,105,0.8155130123661901,cross_split_same_seed
str,decision_input,43,2,0,43,4,1,94,0.7684623611979591,cross_split_same_seed
str,decision_input,43,2,0,43,4,2,101,0.7530779263212612,cross_split_same_seed
str,decision_input,43,2,0,44,0,0,101,0.6437215356882009,cross_split_cross_seed
str,decision_input,43,2,0,44,0,1,108,0.5678173516646251,cross_split_cross_seed
str,decision_input,43,2,0,44,0,2,109,0.5342963402726357,cross_split_cross_seed
str,decision_input,43,2,0,44,1,0,104,0.608420295162429,cross_split_cross_seed
str,decision_input,43,2,0,44,1,1,101,0.5131829860153765,cross_split_cross_seed
str,decision_input,43,2,0,44,1,2,105,0.6969626245536659,cross_split_cross_seed
str,decision_input,43,2,0,44,2,0,207,0.6656579871683662,same_split_cross_seed
str,decision_input,43,2,0,44,2,1,103,0.576633655436688,cross_split_cross_seed
str,decision_input,43,2,0,44,2,2,104,0.6265362940584754,cross_split_cross_seed
str,decision_input,43,2,0,44,3,0,103,0.4942332662786865,cross_split_cross_seed
str,decision_input,43,2,0,44,3,1,107,0.6225579451978087,cross_split_cross_seed
str,decision_input,43,2,0,44,3,2,104,0.6490975273262585,cross_split_cross_seed
str,decision_input,43,2,0,44,4,0,105,0.7073336065761384,cross_split_cross_seed
str,decision_input,43,2,0,44,4,1,94,0.6271454186277483,cross_split_cross_seed
str,decision_input,43,2,0,44,4,2,101,0.6320233523299505,cross_split_cross_seed
str,decision_input,43,2,1,43,2,2,105,0.672541863812037,cross_split_same_seed
str,decision_input,43,2,1,43,3,0,108,0.7140227511497328,cross_split_same_seed
str,decision_input,43,2,1,43,3,1,111,0.6472870542209092,cross_split_same_seed
str,decision_input,43,2,1,43,3,2,101,0.48672162311763784,cross_split_same_seed
str,decision_input,43,2,1,43,4,0,103,0.6871700790867611,cross_split_same_seed
str,decision_input,43,2,1,43,4,1,103,0.5621030862523366,cross_split_same_seed
str,decision_input,43,2,1,43,4,2,110,0.6739130852798874,cross_split_same_seed
str,decision_input,43,2,1,44,0,0,103,0.5354438289794898,cross_split_cross_seed
str,decision_input,43,2,1,44,0,1,104,0.5121687118875765,cross_split_cross_seed
str,decision_input,43,2,1,44,0,2,103,0.46450860989968545,cross_split_cross_seed
str,decision_input,43,2,1,44,1,0,101,0.5876837705843141,cross_split_cross_seed
str,decision_input,43,2,1,44,1,1,107,0.5195866255324896,cross_split_cross_seed
str,decision_input,43,2,1,44,1,2,94,0.6525415945007298,cross_split_cross_seed
str,decision_input,43,2,1,44,2,0,103,0.48678305449643794,cross_split_cross_seed
str,decision_input,43,2,1,44,2,1,208,0.44652980514489654,same_split_cross_seed
str,decision_input,43,2,1,44,2,2,105,0.46948843725890427,cross_split_cross_seed
str,decision_input,43,2,1,44,3,0,108,0.5746614901164743,cross_split_cross_seed
str,decision_input,43,2,1,44,3,1,111,0.5140457037088412,cross_split_cross_seed
str,decision_input,43,2,1,44,3,2,101,0.5016560865698056,cross_split_cross_seed
str,decision_input,43,2,1,44,4,0,103,0.48819833538958135,cross_split_cross_seed
str,decision_input,43,2,1,44,4,1,103,0.5323081504322436,cross_split_cross_seed
str,decision_input,43,2,1,44,4,2,110,0.5144316121981501,cross_split_cross_seed
str,decision_input,43,2,2,43,3,0,103,0.638107634582332,cross_split_same_seed
str,decision_input,43,2,2,43,3,1,102,0.9244570977758914,cross_split_same_seed
str,decision_input,43,2,2,43,3,2,101,0.8887365805293366,cross_split_same_seed
str,decision_input,43,2,2,43,4,0,106,0.9010345804012729,cross_split_same_seed
str,decision_input,43,2,2,43,4,1,103,0.8071842204335463,cross_split_same_seed
str,decision_input,43,2,2,43,4,2,115,0.915312746494229,cross_split_same_seed
str,decision_input,43,2,2,44,0,0,98,0.7627163725684937,cross_split_cross_seed
str,decision_input,43,2,2,44,0,1,98,0.7074140319418234,cross_split_cross_seed
str,decision_input,43,2,2,44,0,2,104,0.6221759484369492,cross_split_cross_seed
str,decision_input,43,2,2,44,1,0,105,0.5027332989075298,cross_split_cross_seed
str,decision_input,43,2,2,44,1,1,110,0.48910097206318787,cross_split_cross_seed
str,decision_input,43,2,2,44,1,2,109,0.6990605495627596,cross_split_cross_seed
str,decision_input,43,2,2,44,2,0,104,0.8012175627252387,cross_split_cross_seed
str,decision_input,43,2,2,44,2,1,105,0.6963102010197016,cross_split_cross_seed
str,decision_input,43,2,2,44,2,2,209,0.6444952482115377,same_split_cross_seed
str,decision_input,43,2,2,44,3,0,103,0.4729896782504087,cross_split_cross_seed
str,decision_input,43,2,2,44,3,1,102,0.6920804525971358,cross_split_cross_seed
str,decision_input,43,2,2,44,3,2,101,0.7838809583365328,cross_split_cross_seed
str,decision_input,43,2,2,44,4,0,106,0.773768598275261,cross_split_cross_seed
str,decision_input,43,2,2,44,4,1,103,0.5534265738155253,cross_split_cross_seed
str,decision_input,43,2,2,44,4,2,115,0.6364508351976611,cross_split_cross_seed
str,decision_input,43,3,0,43,3,1,103,0.6613061474660676,cross_split_same_seed
str,decision_input,43,3,0,43,3,2,105,0.5588523924182274,cross_split_same_seed
str,decision_input,43,3,0,43,4,0,97,0.6800126552322884,cross_split_same_seed
str,decision_input,43,3,0,43,4,1,112,0.5813929425048412,cross_split_same_seed
str,decision_input,43,3,0,43,4,2,113,0.6979680143667997,cross_split_same_seed
str,decision_input,43,3,0,44,0,0,95,0.5473571979496111,cross_split_cross_seed
str,decision_input,43,3,0,44,0,1,100,0.515281770611735,cross_split_cross_seed
str,decision_input,43,3,0,44,0,2,111,0.4943564892152043,cross_split_cross_seed
str,decision_input,43,3,0,44,1,0,104,0.5473071813949755,cross_split_cross_seed
str,decision_input,43,3,0,44,1,1,97,0.5935500697535052,cross_split_cross_seed
str,decision_input,43,3,0,44,1,2,105,0.6500666260783452,cross_split_cross_seed
str,decision_input,43,3,0,44,2,0,103,0.5251541058555824,cross_split_cross_seed
str,decision_input,43,3,0,44,2,1,108,0.46379655632437916,cross_split_cross_seed
str,decision_input,43,3,0,44,2,2,103,0.5813059712684281,cross_split_cross_seed
str,decision_input,43,3,0,44,3,0,208,0.5762878841085207,same_split_cross_seed
str,decision_input,43,3,0,44,3,1,103,0.619344445723454,cross_split_cross_seed
str,decision_input,43,3,0,44,3,2,105,0.5803633795775275,cross_split_cross_seed
str,decision_input,43,3,0,44,4,0,97,0.5534535838998036,cross_split_cross_seed
str,decision_input,43,3,0,44,4,1,112,0.5456410834732639,cross_split_cross_seed
str,decision_input,43,3,0,44,4,2,113,0.6266080185099774,cross_split_cross_seed
str,decision_input,43,3,1,43,3,2,105,0.8816843842440729,cross_split_same_seed
str,decision_input,43,3,1,43,4,0,105,0.8470174910584296,cross_split_same_seed
str,decision_input,43,3,1,43,4,1,106,0.8196885137562835,cross_split_same_seed
str,decision_input,43,3,1,43,4,2,99,0.9030556434786058,cross_split_same_seed
str,decision_input,43,3,1,44,0,0,106,0.7436266641341118,cross_split_cross_seed
str,decision_input,43,3,1,44,0,1,104,0.6831000071648612,cross_split_cross_seed
str,decision_input,43,3,1,44,0,2,98,0.7142189858549607,cross_split_cross_seed
str,decision_input,43,3,1,44,1,0,104,0.5055695025578882,cross_split_cross_seed
str,decision_input,43,3,1,44,1,1,101,0.5557595455868958,cross_split_cross_seed
str,decision_input,43,3,1,44,1,2,105,0.7297099065744826,cross_split_cross_seed
str,decision_input,43,3,1,44,2,0,107,0.8618882969445186,cross_split_cross_seed
str,decision_input,43,3,1,44,2,1,111,0.7290919850172326,cross_split_cross_seed
str,decision_input,43,3,1,44,2,2,102,0.7610978685239475,cross_split_cross_seed
str,decision_input,43,3,1,44,3,0,103,0.4745054770480394,cross_split_cross_seed
str,decision_input,43,3,1,44,3,1,208,0.7054112232017797,same_split_cross_seed
str,decision_input,43,3,1,44,3,2,105,0.7678965567190785,cross_split_cross_seed
str,decision_input,43,3,1,44,4,0,105,0.7554703926640269,cross_split_cross_seed
str,decision_input,43,3,1,44,4,1,106,0.6608405834776239,cross_split_cross_seed
str,decision_input,43,3,1,44,4,2,99,0.6082254770736133,cross_split_cross_seed
str,decision_input,43,3,2,43,4,0,96,0.8260659913991205,cross_split_same_seed
str,decision_input,43,3,2,43,4,1,108,0.8167318648668431,cross_split_same_seed
str,decision_input,43,3,2,43,4,2,108,0.8650697969412946,cross_split_same_seed
str,decision_input,43,3,2,44,0,0,103,0.8059398772072753,cross_split_cross_seed
str,decision_input,43,3,2,44,0,1,110,0.6967218029437757,cross_split_cross_seed
str,decision_input,43,3,2,44,0,2,105,0.6938388963661203,cross_split_cross_seed
str,decision_input,43,3,2,44,1,0,102,0.5492699076069872,cross_split_cross_seed
str,decision_input,43,3,2,44,1,1,106,0.4460557257211266,cross_split_cross_seed
str,decision_input,43,3,2,44,1,2,116,0.7174146019451367,cross_split_cross_seed
str,decision_input,43,3,2,44,2,0,104,0.8842372718313536,cross_split_cross_seed
str,decision_input,43,3,2,44,2,1,101,0.7946887839147228,cross_split_cross_seed
str,decision_input,43,3,2,44,2,2,101,0.7849419488877001,cross_split_cross_seed
str,decision_input,43,3,2,44,3,0,105,0.4230064474130037,cross_split_cross_seed
str,decision_input,43,3,2,44,3,1,105,0.7459875360287204,cross_split_cross_seed
str,decision_input,43,3,2,44,3,2,210,0.8278767642554262,same_split_cross_seed
str,decision_input,43,3,2,44,4,0,96,0.8408247992849928,cross_split_cross_seed
str,decision_input,43,3,2,44,4,1,108,0.5946942884249047,cross_split_cross_seed
str,decision_input,43,3,2,44,4,2,108,0.6126638971016448,cross_split_cross_seed
str,decision_input,43,4,0,43,4,1,103,0.7833650799489126,cross_split_same_seed
str,decision_input,43,4,0,43,4,2,105,0.8951010999406579,cross_split_same_seed
str,decision_input,43,4,0,44,0,0,117,0.7078703063041509,cross_split_cross_seed
str,decision_input,43,4,0,44,0,1,106,0.6146658057522667,cross_split_cross_seed
str,decision_input,43,4,0,44,0,2,99,0.6495492110371854,cross_split_cross_seed
str,decision_input,43,4,0,44,1,0,109,0.52994100455136,cross_split_cross_seed
str,decision_input,43,4,0,44,1,1,104,0.46019087146145643,cross_split_cross_seed
str,decision_input,43,4,0,44,1,2,101,0.7159627333387918,cross_split_cross_seed
str,decision_input,43,4,0,44,2,0,105,0.770094735828717,cross_split_cross_seed
str,decision_input,43,4,0,44,2,1,103,0.6488324780970184,cross_split_cross_seed
str,decision_input,43,4,0,44,2,2,106,0.6213308393597645,cross_split_cross_seed
str,decision_input,43,4,0,44,3,0,97,0.5317698988043716,cross_split_cross_seed
str,decision_input,43,4,0,44,3,1,105,0.6367647092189851,cross_split_cross_seed
str,decision_input,43,4,0,44,3,2,96,0.7226306787780389,cross_split_cross_seed
str,decision_input,43,4,0,44,4,0,208,0.7218604959931587,same_split_cross_seed
str,decision_input,43,4,0,44,4,1,103,0.5471903445675954,cross_split_cross_seed
str,decision_input,43,4,0,44,4,2,105,0.6436461838672691,cross_split_cross_seed
str,decision_input,43,4,1,43,4,2,105,0.7543695373637309,cross_split_same_seed
str,decision_input,43,4,1,44,0,0,93,0.7211221548063658,cross_split_cross_seed
str,decision_input,43,4,1,44,0,1,100,0.630149605412838,cross_split_cross_seed
str,decision_input,43,4,1,44,0,2,105,0.6134880516750987,cross_split_cross_seed
str,decision_input,43,4,1,44,1,0,101,0.6147131105775835,cross_split_cross_seed
str,decision_input,43,4,1,44,1,1,109,0.5103807073261735,cross_split_cross_seed
str,decision_input,43,4,1,44,1,2,114,0.7225464673566295,cross_split_cross_seed
str,decision_input,43,4,1,44,2,0,94,0.7730693003690459,cross_split_cross_seed
str,decision_input,43,4,1,44,2,1,103,0.7061837933687969,cross_split_cross_seed
str,decision_input,43,4,1,44,2,2,103,0.6333471378074031,cross_split_cross_seed
str,decision_input,43,4,1,44,3,0,112,0.5670106930248534,cross_split_cross_seed
str,decision_input,43,4,1,44,3,1,106,0.6715235658398008,cross_split_cross_seed
str,decision_input,43,4,1,44,3,2,108,0.7095546062998819,cross_split_cross_seed
str,decision_input,43,4,1,44,4,0,103,0.7347835740057087,cross_split_cross_seed
str,decision_input,43,4,1,44,4,1,208,0.6155421444420696,same_split_cross_seed
str,decision_input,43,4,1,44,4,2,105,0.646702210376892,cross_split_cross_seed
str,decision_input,43,4,2,44,0,0,102,0.7094892567365715,cross_split_cross_seed
str,decision_input,43,4,2,44,0,1,102,0.6604159707790865,cross_split_cross_seed
str,decision_input,43,4,2,44,0,2,108,0.7133974969437178,cross_split_cross_seed
str,decision_input,43,4,2,44,1,0,104,0.52875908125416,cross_split_cross_seed
str,decision_input,43,4,2,44,1,1,103,0.4169107088744408,cross_split_cross_seed
str,decision_input,43,4,2,44,1,2,95,0.6536065590446607,cross_split_cross_seed
str,decision_input,43,4,2,44,2,0,101,0.7813784744684771,cross_split_cross_seed
str,decision_input,43,4,2,44,2,1,110,0.7164541395949786,cross_split_cross_seed
str,decision_input,43,4,2,44,2,2,115,0.7200813856159209,cross_split_cross_seed
str,decision_input,43,4,2,44,3,0,113,0.507073135838336,cross_split_cross_seed
str,decision_input,43,4,2,44,3,1,99,0.6925440069380955,cross_split_cross_seed
str,decision_input,43,4,2,44,3,2,108,0.7633580187847588,cross_split_cross_seed
str,decision_input,43,4,2,44,4,0,105,0.7686343271838629,cross_split_cross_seed
str,decision_input,43,4,2,44,4,1,105,0.5833758305741066,cross_split_cross_seed
str,decision_input,43,4,2,44,4,2,210,0.6523473262953826,same_split_cross_seed
str,decision_input,44,0,0,44,0,1,102,0.773471350024317,cross_split_same_seed
str,decision_input,44,0,0,44,0,2,103,0.8009807099033855,cross_split_same_seed
str,decision_input,44,0,0,44,1,0,104,0.6743651384441095,cross_split_same_seed
str,decision_input,44,0,0,44,1,1,101,0.6027136183746794,cross_split_same_seed
str,decision_input,44,0,0,44,1,2,107,0.7615170612329365,cross_split_same_seed
str,decision_input,44,0,0,44,2,0,101,0.8133327726244997,cross_split_same_seed
str,decision_input,44,0,0,44,2,1,103,0.7738190069923959,cross_split_same_seed
str,decision_input,44,0,0,44,2,2,98,0.7490821980486037,cross_split_same_seed
str,decision_input,44,0,0,44,3,0,95,0.5317009912496548,cross_split_same_seed
str,decision_input,44,0,0,44,3,1,106,0.7976119825868723,cross_split_same_seed
str,decision_input,44,0,0,44,3,2,103,0.862620306002621,cross_split_same_seed
str,decision_input,44,0,0,44,4,0,117,0.8637535672756395,cross_split_same_seed
str,decision_input,44,0,0,44,4,1,93,0.6153363620316068,cross_split_same_seed
str,decision_input,44,0,0,44,4,2,102,0.6452913730928309,cross_split_same_seed
str,decision_input,44,0,1,44,0,2,105,0.7246317243164824,cross_split_same_seed
str,decision_input,44,0,1,44,1,0,105,0.6607782420362227,cross_split_same_seed
str,decision_input,44,0,1,44,1,1,107,0.6467284491422729,cross_split_same_seed
str,decision_input,44,0,1,44,1,2,98,0.7239703368870161,cross_split_same_seed
str,decision_input,44,0,1,44,2,0,108,0.7704746953400816,cross_split_same_seed
str,decision_input,44,0,1,44,2,1,104,0.7090642285475738,cross_split_same_seed
str,decision_input,44,0,1,44,2,2,98,0.772430023054611,cross_split_same_seed
str,decision_input,44,0,1,44,3,0,100,0.5149378417054934,cross_split_same_seed
str,decision_input,44,0,1,44,3,1,104,0.7815306475237995,cross_split_same_seed
str,decision_input,44,0,1,44,3,2,110,0.7486384550042706,cross_split_same_seed
str,decision_input,44,0,1,44,4,0,106,0.8411208477799771,cross_split_same_seed
str,decision_input,44,0,1,44,4,1,100,0.5621056889536735,cross_split_same_seed
str,decision_input,44,0,1,44,4,2,102,0.6183578335612876,cross_split_same_seed
str,decision_input,44,0,2,44,1,0,99,0.45996416080355507,cross_split_same_seed
str,decision_input,44,0,2,44,1,1,102,0.5549047349027048,cross_split_same_seed
str,decision_input,44,0,2,44,1,2,105,0.6487264832171674,cross_split_same_seed
str,decision_input,44,0,2,44,2,0,109,0.9018682895902858,cross_split_same_seed
str,decision_input,44,0,2,44,2,1,103,0.9026886596219011,cross_split_same_seed
str,decision_input,44,0,2,44,2,2,104,0.8638493983433586,cross_split_same_seed
str,decision_input,44,0,2,44,3,0,111,0.45297588265509797,cross_split_same_seed
str,decision_input,44,0,2,44,3,1,98,0.8140717346948486,cross_split_same_seed
str,decision_input,44,0,2,44,3,2,105,0.7449830685055211,cross_split_same_seed
str,decision_input,44,0,2,44,4,0,99,0.8721798532599184,cross_split_same_seed
str,decision_input,44,0,2,44,4,1,105,0.6356407847303538,cross_split_same_seed
str,decision_input,44,0,2,44,4,2,108,0.5636959420987554,cross_split_same_seed
str,decision_input,44,1,0,44,1,1,103,0.6820323425314369,cross_split_same_seed
str,decision_input,44,1,0,44,1,2,104,0.7728032408458525,cross_split_same_seed
str,decision_input,44,1,0,44,2,0,104,0.5885971025424096,cross_split_same_seed
str,decision_input,44,1,0,44,2,1,101,0.41203951476788836,cross_split_same_seed
str,decision_input,44,1,0,44,2,2,105,0.5159308480700175,cross_split_same_seed
str,decision_input,44,1,0,44,3,0,104,0.7870492262994254,cross_split_same_seed
str,decision_input,44,1,0,44,3,1,104,0.6338706990294012,cross_split_same_seed
str,decision_input,44,1,0,44,3,2,102,0.721892115754755,cross_split_same_seed
str,decision_input,44,1,0,44,4,0,109,0.6151024108736779,cross_split_same_seed
str,decision_input,44,1,0,44,4,1,101,0.7249433145486887,cross_split_same_seed
str,decision_input,44,1,0,44,4,2,104,0.7192237145448263,cross_split_same_seed
str,decision_input,44,1,1,44,1,2,105,0.7634200834026604,cross_split_same_seed
str,decision_input,44,1,1,44,2,0,101,0.543884414448217,cross_split_same_seed
str,decision_input,44,1,1,44,2,1,107,0.5403050924360888,cross_split_same_seed
str,decision_input,44,1,1,44,2,2,110,0.6330212391229607,cross_split_same_seed
str,decision_input,44,1,1,44,3,0,97,0.7000705776756357,cross_split_same_seed
str,decision_input,44,1,1,44,3,1,101,0.7241589339381462,cross_split_same_seed
str,decision_input,44,1,1,44,3,2,106,0.6521256484039454,cross_split_same_seed
str,decision_input,44,1,1,44,4,0,104,0.5613851432638486,cross_split_same_seed
str,decision_input,44,1,1,44,4,1,109,0.7135079546327598,cross_split_same_seed
str,decision_input,44,1,1,44,4,2,103,0.5709167718722267,cross_split_same_seed
str,decision_input,44,1,2,44,2,0,105,0.7426188906353494,cross_split_same_seed
str,decision_input,44,1,2,44,2,1,94,0.7205787584364062,cross_split_same_seed
str,decision_input,44,1,2,44,2,2,109,0.7118511522147811,cross_split_same_seed
str,decision_input,44,1,2,44,3,0,105,0.7345158972750445,cross_split_same_seed
str,decision_input,44,1,2,44,3,1,105,0.7599947184250833,cross_split_same_seed
str,decision_input,44,1,2,44,3,2,116,0.8006571963011755,cross_split_same_seed
str,decision_input,44,1,2,44,4,0,101,0.7888319012747587,cross_split_same_seed
str,decision_input,44,1,2,44,4,1,114,0.8047130449447362,cross_split_same_seed
str,decision_input,44,1,2,44,4,2,95,0.6914593427684929,cross_split_same_seed
str,decision_input,44,2,0,44,2,1,103,0.9181702756207898,cross_split_same_seed
str,decision_input,44,2,0,44,2,2,104,0.8981679468677839,cross_split_same_seed
str,decision_input,44,2,0,44,3,0,103,0.4674079151936378,cross_split_same_seed
str,decision_input,44,2,0,44,3,1,107,0.8533331561609222,cross_split_same_seed
str,decision_input,44,2,0,44,3,2,104,0.8623746369100299,cross_split_same_seed
str,decision_input,44,2,0,44,4,0,105,0.9368177822103114,cross_split_same_seed
str,decision_input,44,2,0,44,4,1,94,0.7143127652335622,cross_split_same_seed
str,decision_input,44,2,0,44,4,2,101,0.6817307316048087,cross_split_same_seed
str,decision_input,44,2,1,44,2,2,105,0.8601805297206764,cross_split_same_seed
str,decision_input,44,2,1,44,3,0,108,0.41025868977615465,cross_split_same_seed
str,decision_input,44,2,1,44,3,1,111,0.7797939256766458,cross_split_same_seed
str,decision_input,44,2,1,44,3,2,101,0.7963806379601575,cross_split_same_seed
str,decision_input,44,2,1,44,4,0,103,0.856376699425169,cross_split_same_seed
str,decision_input,44,2,1,44,4,1,103,0.64472376020908,cross_split_same_seed
str,decision_input,44,2,1,44,4,2,110,0.499467917308133,cross_split_same_seed
str,decision_input,44,2,2,44,3,0,103,0.5541949687211958,cross_split_same_seed
str,decision_input,44,2,2,44,3,1,102,0.8877911360189044,cross_split_same_seed
str,decision_input,44,2,2,44,3,2,101,0.8132700737671275,cross_split_same_seed
str,decision_input,44,2,2,44,4,0,106,0.8372216731535732,cross_split_same_seed
str,decision_input,44,2,2,44,4,1,103,0.6972775403495703,cross_split_same_seed
str,decision_input,44,2,2,44,4,2,115,0.5902273119670757,cross_split_same_seed
str,decision_input,44,3,0,44,3,1,103,0.6342198484442729,cross_split_same_seed
str,decision_input,44,3,0,44,3,2,105,0.5921400021286358,cross_split_same_seed
str,decision_input,44,3,0,44,4,0,97,0.5659283488291638,cross_split_same_seed
str,decision_input,44,3,0,44,4,1,112,0.651020022304948,cross_split_same_seed
str,decision_input,44,3,0,44,4,2,113,0.7487296457819368,cross_split_same_seed
str,decision_input,44,3,1,44,3,2,105,0.81850275917533,cross_split_same_seed
str,decision_input,44,3,1,44,4,0,105,0.8439368553364194,cross_split_same_seed
str,decision_input,44,3,1,44,4,1,106,0.8143961276087585,cross_split_same_seed
str,decision_input,44,3,1,44,4,2,99,0.7185580182512622,cross_split_same_seed
str,decision_input,44,3,2,44,4,0,96,0.85861381183959,cross_split_same_seed
str,decision_input,44,3,2,44,4,1,108,0.7231270607416953,cross_split_same_seed
str,decision_input,44,3,2,44,4,2,108,0.6931160558846029,cross_split_same_seed
str,decision_input,44,4,0,44,4,1,103,0.6871648372292086,cross_split_same_seed
str,decision_input,44,4,0,44,4,2,105,0.6670305782476379,cross_split_same_seed
str,decision_input,44,4,1,44,4,2,105,0.7215991369697159,cross_split_same_seed
